LNEC Test File eXtractor

File: TolmezzoReducedScale_3.DRV

Created in: 2026-04-27 15:48:52.449527

Number of channels: 3

Name:	DispT	DispL	DispV
Type:	Displacement	Displacement	Displacement
Unit:	m	m	m
No. of Samples:	8982	8982	8982
Time step [s]:	0.005	0.005	0.005
Trigger date:	1970-01-01	1970-01-01	1970-01-01
Trigger time:	00:00:00.000000	00:00:00.000000	00:00:00.000000
Duration [s]:	44.905	44.905	44.905
Data:
DispT	DispL	DispV
5.9243796384394e-07	0.0	0.0
4.6974262304674633e-07	0.0	0.0
2.2435194145235873e-07	0.0	0.0
-2.1038740142028844e-08	0.0	0.0
-2.6642942173641643e-07	0.0	0.0
-3.8912476253361016e-07	0.0	0.0
-5.118201033308039e-07	0.0	0.0
-5.118201033308039e-07	0.0	0.0
-3.8912476253361016e-07	0.0	0.0
-2.6642942173641643e-07	0.0	0.0
-1.4373408093922262e-07	0.0	0.0
2.2435194145235873e-07	0.0	0.0
4.6974262304674633e-07	0.0	0.0
4.6974262304674633e-07	0.0	0.0
5.9243796384394e-07	0.0	0.0
5.9243796384394e-07	0.0	0.0
3.4704728224955254e-07	0.0	0.0
2.2435194145235873e-07	0.0	0.0
-2.1038740142028844e-08	0.0	0.0
-2.6642942173641643e-07	0.0	0.0
-5.118201033308039e-07	0.0	0.0
-5.118201033308039e-07	0.0	0.0
-6.345154441279977e-07	0.0	0.0
-5.118201033308039e-07	0.0	0.0
-5.118201033308039e-07	0.0	0.0
-1.4373408093922262e-07	0.0	0.0
-1.4373408093922262e-07	0.0	0.0
2.2435194145235873e-07	0.0	0.0
2.2435194145235873e-07	0.0	0.0
3.4704728224955254e-07	0.0	0.0
3.4704728224955254e-07	0.0	0.0
3.4704728224955254e-07	0.0	0.0
1.0165660065516494e-07	0.0	0.0
-2.6642942173641643e-07	0.0	0.0
-3.8912476253361016e-07	0.0	0.0
-6.345154441279977e-07	0.0	0.0
-7.572107849251915e-07	0.0	0.0
-8.799061257223853e-07	0.0	0.0
-8.799061257223853e-07	0.0	0.0
-6.345154441279977e-07	0.0	0.0
-5.118201033308039e-07	0.0	0.0
-2.6642942173641643e-07	0.0	0.0
-1.4373408093922262e-07	0.0	0.0
-2.1038740142028844e-08	0.0	0.0
1.0165660065516494e-07	0.0	0.0
1.0165660065516494e-07	0.0	0.0
-1.4373408093922262e-07	0.0	0.0
-2.6642942173641643e-07	0.0	0.0
-5.118201033308039e-07	0.0	0.0
-7.572107849251915e-07	0.0	0.0
-1.002601466519579e-06	0.0	0.0
-1.2479921481139666e-06	0.0	0.0
-1.2479921481139666e-06	0.0	0.0
-1.2479921481139666e-06	0.0	0.0
-1.2479921481139666e-06	0.0	0.0
-1.002601466519579e-06	0.0	0.0
-1.002601466519579e-06	0.0	0.0
-6.345154441279977e-07	0.0	0.0
-5.118201033308039e-07	0.0	0.0
-5.118201033308039e-07	0.0	0.0
-5.118201033308039e-07	0.0	0.0
-6.345154441279977e-07	0.0	0.0
-8.799061257223853e-07	0.0	0.0
-1.125296807316773e-06	0.0	0.0
-1.3706874889111605e-06	0.0	0.0
-1.616078170505548e-06	0.0	0.0
-1.8614688520999357e-06	0.0	0.0
-1.9841641928971296e-06	0.0	0.0
-2.1068595336943232e-06	0.0	0.0
-1.9841641928971296e-06	0.0	0.0
-2.1068595336943232e-06	0.0	0.0
-1.7387735113027418e-06	0.0	0.0
-1.7387735113027418e-06	0.0	0.0
-1.616078170505548e-06	0.0	0.0
-1.4933828297083542e-06	0.0	0.0
-1.4933828297083542e-06	0.0	0.0
-1.7387735113027418e-06	0.0	0.0
-1.9841641928971296e-06	0.0	0.0
-2.229554874491517e-06	0.0	0.0
-2.5976408968830984e-06	0.0	0.0
-2.8430315784774857e-06	0.0	0.0
-3.0884222600718735e-06	0.0	0.0
-3.333812941666261e-06	0.0	0.0
-3.4565082824634545e-06	0.0	0.0
-3.5792036232606486e-06	0.0	0.0
-3.333812941666261e-06	0.0	0.0
-3.333812941666261e-06	0.0	0.0
-3.211117600869067e-06	0.0	0.0
-3.211117600869067e-06	0.0	0.0
-3.211117600869067e-06	0.0	0.0
-3.211117600869067e-06	0.0	0.0
-3.4565082824634545e-06	0.0	0.0
-3.7018989640578423e-06	0.0	0.0
-4.069984986449423e-06	0.0	0.0
-4.315375668043811e-06	0.0	0.0
-4.683461690435393e-06	0.0	0.0
-5.174243053624168e-06	0.0	0.0
-5.4196337352185555e-06	0.0	0.0
-5.665024416812943e-06	0.0	0.0
-5.7877197576101365e-06	0.0	0.0
-5.7877197576101365e-06	0.0	0.0
-5.7877197576101365e-06	0.0	0.0
-5.7877197576101365e-06	0.0	0.0
-5.542329076015749e-06	0.0	0.0
-5.665024416812943e-06	0.0	0.0
-5.665024416812943e-06	0.0	0.0
-5.91041509840733e-06	0.0	0.0
-6.033110439204524e-06	0.0	0.0
-6.401196461596106e-06	0.0	0.0
-6.8919778247848805e-06	0.0	0.0
-7.2600638471764615e-06	0.0	0.0
-7.750845210365237e-06	0.0	0.0
-8.118931232756818e-06	0.0	0.0
-8.364321914351205e-06	0.0	0.0
-8.609712595945593e-06	0.0	0.0
-8.732407936742787e-06	0.0	0.0
-8.732407936742787e-06	0.0	0.0
-8.732407936742787e-06	0.0	0.0
-8.732407936742787e-06	0.0	0.0
-8.732407936742787e-06	0.0	0.0
-8.977798618337176e-06	0.0	0.0
-8.977798618337176e-06	0.0	0.0
-9.223189299931563e-06	0.0	0.0
-9.713970663120338e-06	0.0	0.0
-9.959361344714725e-06	0.0	0.0
-1.0572838048700693e-05	0.0	0.0
-1.106361941188947e-05	0.0	0.0
-1.1309010093483857e-05	0.0	0.0
-1.1554400775078244e-05	0.0	0.0
-1.1799791456672634e-05	0.0	0.0
-1.1799791456672634e-05	0.0	0.0
-1.1799791456672634e-05	0.0	0.0
-1.1677096115875438e-05	0.0	0.0
-1.1554400775078244e-05	0.0	0.0
-1.1554400775078244e-05	0.0	0.0
-1.1554400775078244e-05	0.0	0.0
-1.1554400775078244e-05	0.0	0.0
-1.1922486797469826e-05	0.0	0.0
-1.2290572819861408e-05	0.0	0.0
-1.2658658842252988e-05	0.0	0.0
-1.302674486464457e-05	0.0	0.0
-1.3394830887036151e-05	0.0	0.0
-1.3762916909427732e-05	0.0	0.0
-1.4131002931819313e-05	0.0	0.0
-1.43763936134137e-05	0.0	0.0
-1.43763936134137e-05	0.0	0.0
-1.43763936134137e-05	0.0	0.0
-1.4131002931819313e-05	0.0	0.0
-1.3885612250224926e-05	0.0	0.0
-1.3640221568630539e-05	0.0	0.0
-1.3517526227833345e-05	0.0	0.0
-1.3517526227833345e-05	0.0	0.0
-1.3517526227833345e-05	0.0	0.0
-1.3762916909427732e-05	0.0	0.0
-1.3885612250224926e-05	0.0	0.0
-1.43763936134137e-05	0.0	0.0
-1.498987031739967e-05	0.0	0.0
-1.560334702138564e-05	0.0	0.0
-1.63395190661688e-05	0.0	0.0
-1.7075691110951963e-05	0.0	0.0
-1.7689167814937933e-05	0.0	0.0
-1.8302644518923904e-05	0.0	0.0
-1.8793425882112678e-05	0.0	0.0
-1.9161511904504258e-05	0.0	0.0
-1.9406902586098645e-05	0.0	0.0
-1.9652293267693032e-05	0.0	0.0
-1.9652293267693032e-05	0.0	0.0
-1.952959792689584e-05	0.0	0.0
-1.952959792689584e-05	0.0	0.0
-1.9161511904504258e-05	0.0	0.0
-1.8793425882112678e-05	0.0	0.0
-1.8302644518923904e-05	0.0	0.0
-1.7443777133343546e-05	0.0	0.0
-1.670760508856038e-05	0.0	0.0
-1.560334702138564e-05	0.0	0.0
-1.4744479635805283e-05	0.0	0.0
-1.3640221568630539e-05	0.0	0.0
-1.2413268160658602e-05	0.0	0.0
-1.1309010093483857e-05	0.0	0.0
-1.0082056685511919e-05	0.0	0.0
-8.85510327753998e-06	0.0	0.0
-7.750845210365237e-06	0.0	0.0
-6.8919778247848805e-06	0.0	0.0
-5.91041509840733e-06	0.0	0.0
-4.806157031232586e-06	0.0	0.0
-4.069984986449423e-06	0.0	0.0
-2.9657269192746794e-06	0.0	0.0
-2.1068595336943232e-06	0.0	0.0
-1.125296807316773e-06	0.0	0.0
-1.4373408093922262e-07	0.0	0.0
8.378286454383277e-07	0.0	0.0
1.9420867126130715e-06	0.0	0.0
2.9236494389906222e-06	0.0	0.0
4.027907506165365e-06	0.0	0.0
5.3775562549344975e-06	0.0	0.0
6.604509662906435e-06	0.0	0.0
7.954158411675567e-06	0.0	0.0
9.426502501241891e-06	0.0	0.0
1.1021541931605413e-05	0.0	0.0
1.2861972043563318e-05	0.0	0.0
1.482509749631842e-05	0.0	0.0
1.691091828987071e-05	0.0	0.0
1.9119434424220204e-05	0.0	0.0
2.1573341240164077e-05	0.0	0.0
2.4149943396905146e-05	0.0	0.0
2.6849240894443407e-05	0.0	0.0
2.979392907357606e-05	0.0	0.0
3.2738617252708714e-05	0.0	0.0
3.543791475024698e-05	0.0	0.0
3.8014516906988044e-05	0.0	0.0
4.0345728382134725e-05	0.0	0.0
4.2676939857281414e-05	0.0	0.0
4.47627606508337e-05	0.0	0.0
4.6848581444385995e-05	0.0	0.0
4.8811706897141094e-05	0.0	0.0
5.114291837228778e-05	0.0	0.0
5.3351434506637265e-05	0.0	0.0
5.592803666337833e-05	0.0	0.0
5.85046388201194e-05	0.0	0.0
6.108124097686048e-05	0.0	0.0
6.365784313360154e-05	0.0	0.0
6.611174994954541e-05	0.0	0.0
6.83202660838949e-05	0.0	0.0
7.003800085505562e-05	0.0	0.0
7.126495426302757e-05	0.0	0.0
7.187843096701353e-05	0.0	0.0
7.163304028541915e-05	0.0	0.0
7.05287822182444e-05	0.0	0.0
6.917913346947527e-05	0.0	0.0
6.746139869831455e-05	0.0	0.0
6.525288256396507e-05	0.0	0.0
6.353514779280436e-05	0.0	0.0
6.206280370323802e-05	0.0	0.0
6.108124097686048e-05	0.0	0.0
6.0958545636063284e-05	0.0	0.0
6.157202234004926e-05	0.0	0.0
6.316706177041277e-05	0.0	0.0
6.525288256396507e-05	0.0	0.0
6.83202660838949e-05	0.0	0.0
7.187843096701353e-05	0.0	0.0
7.568198653172653e-05	0.0	0.0
7.997632345962831e-05	0.0	0.0
8.451605106912448e-05	0.0	0.0
8.893308333782346e-05	0.0	0.0
9.347281094731963e-05	0.0	0.0
9.80125385568158e-05	0.0	0.0
0.00010267496150710917	0.0	0.0
0.00010746007979819974	0.0	0.0
0.00011236789343008748	0.0	0.0
0.00011752109774356961	0.0	0.0
0.00012304238807944333	0.0	0.0
0.00012905445977850582	0.0	0.0
0.00013543461749995992	0.0	0.0
0.00014218286124380555	0.0	0.0
0.00014942188635084	0.0	0.0
0.0001571516928210632	0.0	0.0
0.0001651268899728808	0.0	0.0
0.00017359286848788716	0.0	0.0
0.00018242693302528512	0.0	0.0
0.00019187447426666904	0.0	0.0
0.00020205818755283613	0.0	0.0
0.00021285537754298916	0.0	0.0
0.0002243887395779254	0.0	0.0
0.00023702635968003637	0.0	0.0
0.0002504001518269305	0.0	0.0
0.0002642647253370134	0.0	0.0
0.00027874277555108224	0.0	0.0
0.00029322082576515115	0.0	0.0
0.0003072080946160312	0.0	0.0
0.0003207045821037225	0.0	0.0
0.0003330968115242391	0.0	0.0
0.0003446301735591753	0.0	0.0
0.0003548138868453424	0.0	0.0
0.00036401603740513194	0.0	0.0
0.00037235932057934107	0.0	0.0
0.00037984373636796995	0.0	0.0
0.0003870827614750044	0.0	0.0
0.0003941990912412416	0.0	0.0
0.0004022969837338564	0.0	0.0
0.00041088565758965996	0.0	0.0
0.0004208239801942326	0.0	0.0
0.0004319892562067773	0.0	0.0
0.000444504180968091	0.0	0.0
0.00045849144981897113	0.0	0.0
0.0004739510627594176	0.0	0.0
0.0004902695430854443	0.0	0.0
0.0005074468907970514	0.0	0.0
0.000525483105894239	0.0	0.0
0.0005437647116730207	0.0	0.0
0.0005618009267702083	0.0	0.0
0.000579346360504207	0.0	0.0
0.0005957875361710309	0.0	0.0
0.000611001758429883	0.0	0.0
0.0006246209412583716	0.0	0.0
0.0006370131706788881	0.0	0.0
0.0006483011420322299	0.0	0.0
0.0006589756366815858	0.0	0.0
0.0006696501313309416	0.0	0.0
0.0006803246259802975	0.0	0.0
0.0006914899019928422	0.0	0.0
0.0007032686547093727	0.0	0.0
0.000715415493448295	0.0	0.0
0.0007279304182096087	0.0	0.0
0.0007406907336525168	0.0	0.0
0.0007535737444362222	0.0	0.0
0.0007662113645383332	0.0	0.0
0.0007789716799812413	0.0	0.0
0.0007912412140609607	0.0	0.0
0.0008033880527998828	0.0	0.0
0.0008150441101756163	0.0	0.0
0.0008262093861881609	0.0	0.0
0.0008365157948151252	0.0	0.0
0.0008454725546933202	0.0	0.0
0.0008535704471859351	0.0	0.0
0.000860441386270578	0.0	0.0
0.0008666988486512348	0.0	0.0
0.0008723428343279057	0.0	0.0
0.0008777414293229822	0.0	0.0
0.0008828946336364644	0.0	0.0
0.0008884159239723381	0.0	0.0
0.0008939372143082118	0.0	0.0
0.0009004400673704631	0.0	0.0
0.0009075563971367004	0.0	0.0
0.0009158996803109096	0.0	0.0
0.0009251018308706991	0.0	0.0
0.0009354082394976634	0.0	0.0
0.000947186992214194	0.0	0.0
0.0009601926983386965	0.0	0.0
0.0009745480532119681	0.0	0.0
0.000990375752174806	0.0	0.0
0.0010071850138640218	0.0	0.0
0.0010252212289612094	0.0	0.0
0.0010439936161031798	0.0	0.0
0.0010637475659715282	0.0	0.0
0.0010838696018622678	0.0	0.0
0.001104727809797791	0.0	0.0
0.0011255860177333138	0.0	0.0
0.0011469350070320255	0.0	0.0
0.0011680386056491427	0.0	0.0
0.0011887741182438686	0.0	0.0
0.0012091415448162027	0.0	0.0
0.0012287727993437537	0.0	0.0
0.001247913272508116	0.0	0.0
0.0012663175736276951	0.0	0.0
0.0012843537887248823	0.0	0.0
0.0013018992224588812	0.0	0.0
0.001319567351533677	0.0	0.0
0.001337235480608473	0.0	0.0
0.001354903609683269	0.0	0.0
0.0013731852154620508	0.0	0.0
0.0013915895165816298	0.0	0.0
0.001410729989745992	0.0	0.0
0.001429747767569557	0.0	0.0
0.0014491336314155136	0.0	0.0
0.0014682741045798759	0.0	0.0
0.0014870464917218467	0.0	0.0
0.0015050827068190341	0.0	0.0
0.0015225054452122355	0.0	0.0
0.0015390693162198568	0.0	0.0
0.0015548970151826947	0.0	0.0
0.0015699885421007495	0.0	0.0
0.0015843438969740213	0.0	0.0
0.0015982084704841042	0.0	0.0
0.0016115822626309984	0.0	0.0
0.0016245879687555008	0.0	0.0
0.0016377163702208006	0.0	0.0
0.001651212857708492	0.0	0.0
0.0016649547358777777	0.0	0.0
0.0016795554814326436	0.0	0.0
0.0016948923990322928	0.0	0.0
0.0017110881840175225	0.0	0.0
0.0017283882270699266	0.0	0.0
0.0017470379188711004	0.0	0.0
0.0017666691733986513	0.0	0.0
0.001786913904630188	0.0	0.0
0.0018071586358617252	0.0	0.0
0.0018270352810708706	0.0	0.0
0.0018460530588944356	0.0	0.0
0.001863475797287637	0.0	0.0
0.0018788127148872864	0.0	0.0
0.0018923092023749777	0.0	0.0
0.001903351783046725	0.0	0.0
0.0019119404569025286	0.0	0.0
0.0019185660053055772	0.0	0.0
0.0019233511235966676	0.0	0.0
0.0019269092884797864	0.0	0.0
0.0019296085859773248	0.0	0.0
0.0019316944067708768	0.0	0.0
0.0019339029229052263	0.0	0.0
0.0019358660483579815	0.0	0.0
0.0019379518691515336	0.0	0.0
0.001940528471308275	0.0	0.0
0.0019435958548282048	0.0	0.0
0.0019473994103929176	0.0	0.0
0.0019523072240248053	0.0	0.0
0.001958932772427854	0.0	0.0
0.0019673987509428604	0.0	0.0
0.0019777051595698245	0.0	0.0
0.001990097388990341	0.0	0.0
0.0020043300485228155	0.0	0.0
0.0020199123568040594	0.0	0.0
0.0020365989231524778	0.0	0.0
0.002053898966204882	0.0	0.0
0.002071567095279678	0.0	0.0
0.002089480615036068	0.0	0.0
0.0021077622208148503	0.0	0.0
0.0021264119126160235	0.0	0.0
0.002145306995098791	0.0	0.0
0.002164202077581559	0.0	0.0
0.0021828517693827324	0.0	0.0
0.002200765289139123	0.0	0.0
0.0022175745508283386	0.0	0.0
0.0022335249451319737	0.0	0.0
0.0022486164720500286	0.0	0.0
0.0022633399129456918	0.0	0.0
0.0022784314398637466	0.0	0.0
0.0022942591388265842	0.0	0.0
0.0023113137911973947	0.0	0.0
0.002329472701635379	0.0	0.0
0.002348981260822133	0.0	0.0
0.0023695940780760613	0.0	0.0
0.0023908203720339758	0.0	0.0
0.002412782838036674	0.0	0.0
0.0024348679993801687	0.0	0.0
0.002457198551405258	0.0	0.0
0.0024795291034303475	0.0	0.0
0.002502105046137031	0.0	0.0
0.0025245582935029174	0.0	0.0
0.0025470115408688034	0.0	0.0
0.0025695874835754877	0.0	0.0
0.002592163426282171	0.0	0.0
0.0026147393689888547	0.0	0.0
0.0026369472256731466	0.0	0.0
0.0026585416056534527	0.0	0.0
0.002679767899611367	0.0	0.0
0.0027000126308429043	0.0	0.0
0.002719521190029658	0.0	0.0
0.002738293577171629	0.0	0.0
0.0027560844015872216	0.0	0.0
0.0027728936632764375	0.0	0.0
0.002789089448261667	0.0	0.0
0.002804303670520519	0.0	0.0
0.0028190271114161823	0.0	0.0
0.0028335051616302513	0.0	0.0
0.00284798321184432	0.0	0.0
0.002862583957399186	0.0	0.0
0.0028780435703396326	0.0	0.0
0.002894852832028848	0.0	0.0
0.00291313443780763	0.0	0.0
0.002932765692335181	0.0	0.0
0.0029538692909522983	0.0	0.0
0.002975709061614199	0.0	0.0
0.0029981623089800854	0.0	0.0
0.003020860947027566	0.0	0.0
0.0030430688037118583	0.0	0.0
0.003065153965055353	0.0	0.0
0.0030868710403764562	0.0	0.0
0.00310858811569756	0.0	0.0
0.0031300598003370685	0.0	0.0
0.0031516541803173746	0.0	0.0
0.003173003169616086	0.0	0.0
0.003194229463574001	0.0	0.0
0.0032149649761687264	0.0	0.0
0.003235455098081858	0.0	0.0
0.003254963657268612	0.0	0.0
0.0032734906537289885	0.0	0.0
0.00329091339212219	0.0	0.0
0.0033071091771074194	0.0	0.0
0.0033218326180030826	0.0	0.0
0.003334592933445991	0.0	0.0
0.0033457582094585355	0.0	0.0
0.0033552057506999193	0.0	0.0
0.003362935557170143	0.0	0.0
0.0033694384102323943	0.0	0.0
0.0033752050912498623	0.0	0.0
0.0033806036862449387	0.0	0.0
0.003386615757944001	0.0	0.0
0.003393486697028644	0.0	0.0
0.0034015845895212587	0.0	0.0
0.003411277521444237	0.0	0.0
0.003422688188138376	0.0	0.0
0.0034355711989220816	0.0	0.0
0.003449926553795353	0.0	0.0
0.0034656315574173938	0.0	0.0
0.003482440819106609	0.0	0.0
0.003499863557499811	0.0	0.0
0.0035180224679377953	0.0	0.0
0.0035366721597389693	0.0	0.0
0.003555321851540143	0.0	0.0
0.0035744623247045046	0.0	0.0
0.0035942162745728526	0.0	0.0
0.003614829091826782	0.0	0.0
0.0036370369485110737	0.0	0.0
0.003660717149284932	0.0	0.0
0.0036868512568747343	0.0	0.0
0.0037151938805988862	0.0	0.0
0.003745499629775793	0.0	0.0
0.0037776458090646578	0.0	0.0
0.0038110189417614945	0.0	0.0
0.0038452509418439116	0.0	0.0
0.0038794829419263282	0.0	0.0
0.003913224160645557	0.0	0.0
0.003946106511979205	0.0	0.0
0.003977148433200895	0.0	0.0
0.0040063499243106265	0.0	0.0
0.00403334289928601	0.0	0.0
0.004058127358127043	0.0	0.0
0.004080825996174524	0.0	0.0
0.004101684204110047	0.0	0.0
0.004120579286592815	0.0	0.0
0.004137633938963625	0.0	0.0
0.00415309355190407	0.0	0.0
0.004167080820754951	0.0	0.0
0.004180331917561048	0.0	0.0
0.004193092233003956	0.0	0.0
0.004205852548446864	0.0	0.0
0.0042189809499121635	0.0	0.0
0.004232354742059058	0.0	0.0
0.004245728534205952	0.0	0.0
0.004259102326352846	0.0	0.0
0.00427161725111416	0.0	0.0
0.00428339600383069	0.0	0.0
0.004293825107798452	0.0	0.0
0.004302781867676648	0.0	0.0
0.0043100208927836815	0.0	0.0
0.00431578757380115	0.0	0.0
0.004319591129365863	0.0	0.0
0.0043216769501594155	0.0	0.0
0.0043216769501594155	0.0	0.0
0.00431971382470666	0.0	0.0
0.004314928706415569	0.0	0.0
0.0043070762046045485	0.0	0.0
0.0042959109285920045	0.0	0.0
0.004280819401673949	0.0	0.0
0.004262660491235964	0.0	0.0
0.004240698025233267	0.0	0.0
0.004215422785029045	0.0	0.0
0.004187080161304893	0.0	0.0
0.004156038240083204	0.0	0.0
0.004122542412045569	0.0	0.0
0.004086838067873586	0.0	0.0
0.004049293293589645	0.0	0.0
0.004009785393852949	0.0	0.0
0.003968314368663497	0.0	0.0
0.003924880218021291	0.0	0.0
0.0038789921605631396	0.0	0.0
0.0038306501962890455	0.0	0.0
0.0037793635438358184	0.0	0.0
0.0037251322032034588	0.0	0.0
0.0036675880883695745	0.0	0.0
0.003606976590015761	0.0	0.0
0.003542929622119626	0.0	0.0
0.0034760606613851554	0.0	0.0
0.0034063697078123493	0.0	0.0
0.003333979456742005	0.0	0.0
0.003258767212833325	0.0	0.0
0.003180855671427107	0.0	0.0
0.00309938596513777	0.0	0.0
0.0030139900079429235	0.0	0.0
0.002923931627797783	0.0	0.0
0.002828842738679958	0.0	0.0
0.002728355254567056	0.0	0.0
0.0026221010894366863	0.0	0.0
0.0025098348526072537	0.0	0.0
0.002392170020782745	0.0	0.0
0.002268738507940768	0.0	0.0
0.002140276486126106	0.0	0.0
0.002007029346020354	0.0	0.0
0.0018696105643274967	0.0	0.0
0.0017285109224107241	0.0	0.0
0.0015838531156108324	0.0	0.0
0.0014364960113134027	0.0	0.0
0.0012861942188368402	0.0	0.0
0.0011335612148851313	0.0	0.0
0.0009792104761622616	0.0	0.0
0.0008232646980090283	0.0	0.0
0.0006668281384926061	0.0	0.0
0.0005103915789761842	0.0	0.0
0.0003550592775269368	0.0	0.0
0.00020156740618964736	0.0	0.0
5.052944166830181e-05	0.0	0.0
-9.670496728833072e-05	0.0	0.0
-0.00023989042999865589	0.0	0.0
-0.00037792268839549885	0.0	0.0
-0.000510310961115671	0.0	0.0
-0.0006365644667959833	0.0	0.0
-0.0007565605100956389	0.0	0.0
-0.000870053700333043	0.0	0.0
-0.0009779029048937763	0.0	0.0
-0.0010804762098002305	0.0	0.0
-0.00117887787311958	0.0	0.0
-0.0012740894575782023	0.0	0.0
-0.001367092525902475	0.0	0.0
-0.0014589913361595732	0.0	0.0
-0.0015501539743718882	0.0	0.0
-0.001641071221902609	0.0	0.0
-0.001731743078751735	0.0	0.0
-0.0018211879821928895	0.0	0.0
-0.001908915150862883	0.0	0.0
-0.0019941884127169327	0.0	0.0
-0.002075658119006269	0.0	0.0
-0.0021527107930269067	0.0	0.0
-0.002224855653415657	0.0	0.0
-0.0022918473094909247	0.0	0.0
-0.0023538084565935076	0.0	0.0
-0.0024106163993826086	0.0	0.0
-0.0024626392238806184	0.0	0.0
-0.002510367711450727	0.0	0.0
-0.002554292643456122	0.0	0.0
-0.002594904801259993	0.0	0.0
-0.002632572270884732	0.0	0.0
-0.0026675404430119318	0.0	0.0
-0.0027004227943455803	0.0	0.0
-0.0027309739342040815	0.0	0.0
-0.002759316557928233	0.0	0.0
-0.0027854506655180353	0.0	0.0
-0.002809253561632691	0.0	0.0
-0.0028307252462721998	0.0	0.0
-0.0028499884147773595	0.0	0.0
-0.0028674111531705607	0.0	0.0
-0.0028833615474741963	0.0	0.0
-0.0028986984650738452	0.0	0.0
-0.0029136672966511025	0.0	0.0
-0.002928881518909955	0.0	0.0
-0.002944954608554387	0.0	0.0
-0.002962009260925197	0.0	0.0
-0.002979677389999993	0.0	0.0
-0.0029984497771419634	0.0	0.0
-0.0030173448596247316	0.0	0.0
-0.003036117246766702	0.0	0.0
-0.003053908071182295	0.0	0.0
-0.0030704719421899163	0.0	0.0
-0.003085686164448768	0.0	0.0
-0.003099550737958851	0.0	0.0
-0.0031124337487425566	0.0	0.0
-0.0031250713688446676	0.0	0.0
-0.003138567856332359	0.0	0.0
-0.0031542728599544	0.0	0.0
-0.003173167942437168	0.0	0.0
-0.003196725447870229	0.0	0.0
-0.003225558852957569	0.0	0.0
-0.0032605270250847694	0.0	0.0
-0.0033015072689110323	0.0	0.0
-0.0033481314984139658	0.0	0.0
-0.0033991727601855983	0.0	0.0
-0.0034527906241139717	0.0	0.0
-0.003507144660087129	0.0	0.0
-0.0035600263519707195	0.0	0.0
-0.003608736402267205	0.0	0.0
-0.0036513116855238312	0.0	0.0
-0.003685175599583857	0.0	0.0
-0.003708365018994527	0.0	0.0
-0.0037191622089846796	0.0	0.0
-0.0037167083021687358	0.0	0.0
-0.003700512517183506	0.0	0.0
-0.003670697549369788	0.0	0.0
-0.0036273860940683783	0.0	0.0
-0.003571559714005655	0.0	0.0
-0.003503463799863213	0.0	0.0
-0.003423834523685834	0.0	0.0
-0.0033337761435406938	0.0	0.0
-0.0032341475268133726	0.0	0.0
-0.0031264210175934366	0.0	0.0
-0.0030117008739480606	0.0	0.0
-0.002891091353944419	0.0	0.0
-0.002765205934286498	0.0	0.0
-0.0026352715683822703	0.0	0.0
-0.0025020244282765174	0.0	0.0
-0.0023663233813548215	0.0	0.0
-0.002229395381025153	0.0	0.0
-0.002092590076036282	0.0	0.0
-0.001957011724455383	0.0	0.0
-0.0018238872796904277	0.0	0.0
-0.0016941983044677937	0.0	0.0
-0.0015688036661730617	0.0	0.0
-0.0014485622321918118	0.0	0.0
-0.0013334740025240442	0.0	0.0
-0.0012242751492145417	0.0	0.0
-0.0011210883676041018	0.0	0.0
-0.0010235455716703327	0.0	0.0
-0.0009321375427764232	0.0	0.0
-0.0008471096716039679	0.0	0.0
-0.0007682165674713723	0.0	0.0
-0.0006960717070826223	0.0	0.0
-0.0006311658718009069	0.0	0.0
-0.0005743579290118061	0.0	0.0
-0.000526138660078509	0.0	0.0
-0.0004878577137497845	0.0	0.0
-0.0004598831760480243	0.0	0.0
-0.00044344200038120033	0.0	0.0
-0.00043841149140851543	0.0	0.0
-0.00044540512583395546	0.0	0.0
-0.0004640548176351289	0.0	0.0
-0.0004937470901080498	0.0	0.0
-0.000533745771207935	0.0	0.0
-0.0005825785168452181	0.0	0.0
-0.0006384048969079412	0.0	0.0
-0.000699629871965741	0.0	0.0
-0.0007644130119066593	0.0	0.0
-0.0008301777145739552	0.0	0.0
-0.0008958197219004538	0.0	0.0
-0.000959253213092603	0.0	0.0
-0.0010194966254240252	0.0	0.0
-0.0010760591775315317	0.0	0.0
-0.0011280820020295418	0.0	0.0
-0.0011753197082364612	0.0	0.0
-0.0012176496008114931	0.0	0.0
-0.001254826289073043	0.0	0.0
-0.001287340554384299	0.0	0.0
-0.001315069701404465	0.0	0.0
-0.0013383818161559317	0.0	0.0
-0.0013580130706834829	0.0	0.0
-0.001373840769646321	0.0	0.0
-0.001386601085089229	0.0	0.0
-0.0013964167123530044	0.0	0.0
-0.0014034103467784444	0.0	0.0
-0.0014085635510919265	0.0	0.0
-0.001412612497338234	0.0	0.0
-0.0014167841389253386	0.0	0.0
-0.0014221827339204152	0.0	0.0
-0.0014299125403906383	0.0	0.0
-0.0014407097303807915	0.0	0.0
-0.0014549423899132658	0.0	0.0
-0.0014724878236472645	0.0	0.0
-0.001492977945560396	0.0	0.0
-0.0015159219742894713	0.0	0.0
-0.0015413199098344903	0.0	0.0
-0.0015684355801506703	0.0	0.0
-0.0015973916805788078	0.0	0.0
-0.0016280655157781064	0.0	0.0
-0.001660211695066971	0.0	0.0
-0.0016940756091269966	0.0	0.0
-0.00172977995329898	0.0	0.0
-0.0017675701182645156	0.0	0.0
-0.001807078018001212	0.0	0.0
-0.0018485490431906636	0.0	0.0
-0.0018912470217880872	0.0	0.0
-0.0019343130864079019	0.0	0.0
-0.001976888369664528	0.0	0.0
-0.0020173778321276024	0.0	0.0
-0.0020544318250483545	0.0	0.0
-0.002086209918314828	0.0	0.0
-0.0021113624631782526	0.0	0.0
-0.002128049029526671	0.0	0.0
-0.002134919968611314	0.0	0.0
-0.0021316071944097893	0.0	0.0
-0.002116638362832532	0.0	0.0
-0.0020905042552427297	0.0	0.0
-0.0020529594809587885	0.0	0.0
-0.0020047402120254914	0.0	0.0
-0.0019465826204876214	0.0	0.0
-0.0018797136597531509	0.0	0.0
-0.0018054829785708484	0.0	0.0
-0.0017249948350078895	0.0	0.0
-0.0016394761824722454	0.0	0.0
-0.0015497858883494965	0.0	0.0
-0.00145739629672921	0.0	0.0
-0.0013632889703377622	0.0	0.0
-0.0012686908625831256	0.0	0.0
-0.0011750743175548669	0.0	0.0
-0.0010835435933201603	0.0	0.0
-0.000995202947946181	0.0	0.0
-0.0009104204674553199	0.0	0.0
-0.0008299323238923608	0.0	0.0
-0.0007536158219165062	0.0	0.0
-0.0006809801801645675	0.0	0.0
-0.0006112892265917614	0.0	0.0
-0.000543929484494102	0.0	0.0
-0.00047816478182680615	0.0	0.0
-0.00041436320461226545	0.0	0.0
-0.00035252475285047977	0.0	0.0
-0.00029412177063101554	0.0	0.0
-0.00024038121136184465	0.0	0.0
-0.0001924073331101419	0.0	0.0
-0.00015154978462467636	0.0	0.0
-0.00011780856590544805	0.0	0.0
-9.179715365644297e-05	0.0	0.0
-7.290207117367514e-05	0.0	0.0
-6.0877927775550145e-05	0.0	0.0
-5.4620465394893266e-05	0.0	0.0
-5.278003528293535e-05	0.0	0.0
-5.4375074713298875e-05	0.0	0.0
-5.805593493721468e-05	0.0	0.0
-6.259566254671086e-05	0.0	0.0
-6.725808549700422e-05	0.0	0.0
-7.192050844729759e-05	0.0	0.0
-7.609215003440217e-05	0.0	0.0
-7.96503149175208e-05	0.0	0.0
-8.308578445984221e-05	0.0	0.0
-8.676664468375803e-05	0.0	0.0
-9.1183676952457e-05	0.0	0.0
-9.682766262912793e-05	0.0	0.0
-0.00010406668773616236	0.0	0.0
-0.0001131461429551547	0.0	0.0
-0.00012369794226371338	0.0	0.0
-0.00013535399963944677	0.0	0.0
-0.00014737814303757176	0.0	0.0
-0.00015866611439091359	0.0	0.0
-0.0001684817416546891	0.0	0.0
-0.00017596615744331793	0.0	0.0
-0.0001805058850528141	0.0	0.0
-0.00018148744777919163	0.0	0.0
-0.00017866545494085617	0.0	0.0
-0.0001721626018786049	0.0	0.0
-0.00016234697461482939	0.0	0.0
-0.00015020013587590722	0.0	0.0
-0.0001363355623658243	0.0	0.0
-0.00012185751215175546	0.0	0.0
-0.00010750215727848378	0.0	0.0
-9.437375581318405e-05	0.0	0.0
-8.308578445984221e-05	0.0	0.0
-7.486519662643023e-05	0.0	0.0
-6.983468765374529e-05	0.0	0.0
-6.885312492736774e-05	0.0	0.0
-7.253398515128355e-05	0.0	0.0
-8.050918230310116e-05	0.0	0.0
-9.31468024052121e-05	0.0	0.0
-0.00010971067341283326	0.0	0.0
-0.00013032349066676184	0.0	0.0
-0.00015400369144062022	0.0	0.0
-0.0001803831897120169	0.0	0.0
-0.00020835772741377708	0.0	0.0
-0.0002373138278419148	0.0	0.0
-0.00026626992827005253	0.0	0.0
-0.00029436716131260994	0.0	0.0
-0.00032074665958400656	0.0	0.0
-0.0003441814696762706	0.0	0.0
-0.0003636900288630244	0.0	0.0
-0.00037792268839549885	0.0	0.0
-0.0003857751902065193	0.0	0.0
-0.00038626597156970804	0.0	0.0
-0.00037865886044028205	0.0	0.0
-0.00036258577079584963	0.0	0.0
-0.0003378013119548165	0.0	0.0
-0.000305164351302763	0.0	0.0
-0.00026565645156606657	0.0	0.0
-0.00022050456615269927	0.0	0.0
-0.00017093564847063297	0.0	0.0
-0.00011866743329102842	0.0	0.0
-6.492687402185754e-05	0.0	0.0
-1.0940924071092276e-05	0.0	0.0
4.2308853834889824e-05	0.0	0.0
9.40862876513056e-05	0.0	0.0
0.00014340981465177748	0.0	0.0
0.00019003404415471114	0.0	0.0
0.00023322280411532334	0.0	0.0
0.00027297609453361414	0.0	0.0
0.00030855774336480037	0.0	0.0
0.00033996775060888195	0.0	0.0
0.000366592639561873	0.0	0.0
0.0003878189335197875	0.0	0.0
0.00040291046043784234	0.0	0.0
0.00041100835293045714	0.0	0.0
0.00041125374361205153	0.0	0.0
0.0004025423744154508	0.0	0.0
0.0003840153779550745	0.0	0.0
0.00035542736354932835	0.0	0.0
0.0003164102451758207	0.0	0.0
0.00026708671817534887	0.0	0.0
0.000208315649933493	0.0	0.0
0.00014071051715423925	0.0	0.0
6.574366392715384e-05	0.0	0.0
-1.560334702138564e-05	0.0	0.0
-0.00010222625762420446	0.0	0.0
-0.00019289811447333066	0.0	0.0
-0.0002867600501831839	0.0	0.0
-0.0003822170253234006	0.0	0.0
-0.0004784101725084006	0.0	0.0
-0.0005738671476486173	0.0	0.0
-0.0006672383019952818	0.0	0.0
-0.000757296682140422	0.0	0.0
-0.0008425699439944717	0.0	0.0
-0.0009224446108534449	0.0	0.0
-0.0009949575572645863	0.0	0.0
-0.0010593726111831133	0.0	0.0
-0.0011140947331786616	0.0	0.0
-0.00115875583722884	0.0	0.0
-0.0011926197512888658	0.0	0.0
-0.0012154410846771436	0.0	0.0
-0.0012275879234160659	0.0	0.0
-0.0012293056581872267	0.0	0.0
-0.0012216985470578005	0.0	0.0
-0.0012055027620725709	0.0	0.0
-0.0011818225612987125	0.0	0.0
-0.0011516395074626028	0.0	0.0
-0.0011164259446538084	0.0	0.0
-0.001077040740257909	0.0	0.0
-0.001035324324386863	0.0	0.0
-0.0009920128690854538	0.0	0.0
-0.0009487014137840444	0.0	0.0
-0.0009063715212090125	0.0	0.0
-0.0008657593634051414	0.0	0.0
-0.0008277238077580112	0.0	0.0
-0.0007916513775636364	0.0	0.0
-0.0007576647681628136	0.0	0.0
-0.0007247824168291657	0.0	0.0
-0.0006914092841323289	0.0	0.0
-0.0006564411120051288	0.0	0.0
-0.0006185282516987959	0.0	0.0
-0.0005769345311685472	0.0	0.0
-0.0005314145597327882	0.0	0.0
-0.0004825818140955052	0.0	0.0
-0.00043129516164227817	0.0	0.0
-0.00037914964180347084	0.0	0.0
-0.00032724951264625785	0.0	0.0
-0.000276699032237814	0.0	0.0
-0.00022872515398611123	0.0	0.0
-0.00018381865925433833	0.0	0.0
-0.00014210224338329243	0.0	0.0
-0.00010394399239536516	0.0	0.0
-6.873042958657055e-05	0.0	0.0
-3.6584250297705773e-05	0.0	0.0
-6.401196461596106e-06	0.0	0.0
2.2432208625744435e-05	0.0	0.0
5.0284050986707425e-05	0.0	0.0
7.813589334767041e-05	0.0	0.0
0.00010635582173102499	0.0	0.0
0.00013604809420394588	0.0	0.0
0.0001673354061072303	0.0	0.0
0.0002011993201672558	0.0	0.0
0.0002381306177472111	0.0	0.0
0.0002788654708918794	0.0	0.0
0.0003236492702828552	0.0	0.0
0.00037260471126093547	0.0	0.0
0.0004258544891669176	0.0	0.0
0.0004829078226376127	0.0	0.0
0.0005433966256506292	0.0	0.0
0.0006064620308203868	0.0	0.0
0.0006719813428060884	0.0	0.0
0.0007389729988813562	0.0	0.0
0.0008070689130237987	0.0	0.0
0.0008761463898926188	0.0	0.0
0.0009455919527838305	0.0	0.0
0.0010154056016974339	0.0	0.0
0.00108509655527024	0.0	0.0
0.001153683250775871	0.0	0.0
0.0012210429928735304	0.0	0.0
0.0012861942188368402	0.0	0.0
0.001348646147302612	0.0	0.0
0.0014075399108852652	0.0	0.0
0.001462630118903205	0.0	0.0
0.0015141621620380263	0.0	0.0
0.001561399868244946	0.0	0.0
0.0016040978468423695	0.0	0.0
0.0016416426211263108	0.0	0.0
0.0016736661050743785	0.0	0.0
0.0016993094313009919	0.0	0.0
0.0017179591231021654	0.0	0.0
0.0017294924851371015	0.0	0.0
0.0017331733453610173	0.0	0.0
0.0017285109224107241	0.0	0.0
0.0017156279116270186	0.0	0.0
0.0016944016176691041	0.0	0.0
0.0016652001265593719	0.0	0.0
0.001628514219661011	0.0	0.0
0.0015852027643596016	0.0	0.0
0.0015358792373591297	0.0	0.0
0.0014814025060451758	0.0	0.0
0.0014225087424625227	0.0	0.0
0.0013606702907007372	0.0	0.0
0.0012958871507598186	0.0	0.0
0.0012292635807069426	0.0	0.0
0.0011614130572460944	0.0	0.0
0.001092212885036477	0.0	0.0
0.0010221538454412793	0.0	0.0
0.0009513586338012986	0.0	0.0
0.0008799499454573318	0.0	0.0
0.000807927780409379	0.0	0.0
0.0007356602246798319	0.0	0.0
0.0006633926689502848	0.0	0.0
0.0005916158945839264	0.0	0.0
0.0005209433782847428	0.0	0.0
0.00045211129209751707	0.0	0.0
0.00038511963602224925	0.0	0.0
0.00032107266812611405	0.0	0.0
0.0002603384744315032	0.0	0.0
0.00020365322698319966	0.0	0.0
0.0001515077071443923	0.0	0.0
0.00010500617298225584	0.0	0.0
6.451671051918189e-05	0.0	0.0
3.0652796459156416e-05	0.0	0.0
4.395993528556947e-06	0.0	0.0
-1.4253698272616509e-05	0.0	0.0
-2.5173583603566756e-05	0.0	0.0
-2.8118271782699405e-05	0.0	0.0
-2.2965067469217263e-05	0.0	0.0
-9.836666003917531e-06	0.0	0.0
1.1021541931605413e-05	0.0	0.0
3.899607963336559e-05	0.0	0.0
7.396425176056582e-05	0.0	0.0
0.00011457640956443697	0.0	0.0
0.00016058716236338463	0.0	0.0
0.0002104014707270453	0.0	0.0
0.00026328316261063585	0.0	0.0
0.00031788258926538704	0.0	0.0
0.0003734635786465159	0.0	0.0
0.00042892187268684745	0.0	0.0
0.0004836439946823958	0.0	0.0
0.0005371391632699724	0.0	0.0
0.0005891619877679825	0.0	0.0
0.0006397124681764264	0.0	0.0
0.0006886679091545067	0.0	0.0
0.0007359056153614263	0.0	0.0
0.0007816709774787796	0.0	0.0
0.0008262093861881609	0.0	0.0
0.000870011622852759	0.0	0.0
0.0009130776874725742	0.0	0.0
0.000955407580047606	0.0	0.0
0.0009976147772818406	0.0	0.0
0.0010392084978120893	0.0	0.0
0.0010805568276607436	0.0	0.0
0.0011221505481909923	0.0	0.0
0.0011642350500844299	0.0	0.0
0.0012070557240226503	0.0	0.0
0.0012513487420504372	0.0	0.0
0.0012974821901901824	0.0	0.0
0.0013461922404866683	0.0	0.0
0.0013978469789622868	0.0	0.0
0.0014528144916394294	0.0	0.0
0.0015108493878365022	0.0	0.0
0.001571583581531113	0.0	0.0
0.0016344035960192762	0.0	0.0
0.0016977143918706283	0.0	0.0
0.0017600436249956026	0.0	0.0
0.0018199189513046332	0.0	0.0
0.0018756226360265593	0.0	0.0
0.0019258050304126115	0.0	0.0
0.0019687483996916294	0.0	0.0
0.0020039619625004243	0.0	0.0
0.0020303414607718206	0.0	0.0
0.002048254980528211	0.0	0.0
0.0020578252171103923	0.0	0.0
0.00205966564722235	0.0	0.0
0.0020546351382496647	0.0	0.0
0.0020434698622371203	0.0	0.0
0.002027519467933485	0.0	0.0
0.00200764282272434	0.0	0.0
0.001984821489336062	0.0	0.0
0.0019593008584502455	0.0	0.0
0.0019312036254076881	0.0	0.0
0.001900775180889984	0.0	0.0
0.0018677701342155388	0.0	0.0
0.001831820399361961	0.0	0.0
0.0017928032809884536	0.0	0.0
0.0017504733884134217	0.0	0.0
0.0017045853309552712	0.0	0.0
0.0016547710225916106	0.0	0.0
0.0016011531586632368	0.0	0.0
0.0015437317391701502	0.0	0.0
0.0014826294594531475	0.0	0.0
0.0014184597962162153	0.0	0.0
0.0013519589215041363	0.0	0.0
0.001283372225998505	0.0	0.0
0.0012140493584480905	0.0	0.0
0.0011439903188528928	0.0	0.0
0.0010745447559616813	0.0	0.0
0.0010057126697744555	0.0	0.0
0.000938352927676796	0.0	0.0
0.0008730790063726889	0.0	0.0
0.0008100136012029313	0.0	0.0
0.0007501382748939007	0.0	0.0
0.0006935757227863945	0.0	0.0
0.0006409394215843983	0.0	0.0
0.0005927201526511011	0.0	0.0
0.0005486725253049086	0.0	0.0
0.0005089192348866177	0.0	0.0
0.00047321489071463444	0.0	0.0
0.00044119140676656684	0.0	0.0
0.0004123580016792263	0.0	0.0
0.00038696006613420716	0.0	0.0
0.0003643841234275235	0.0	0.0
0.0003442620875367837	0.0	0.0
0.00032647126312119063	0.0	0.0
0.00031064356415835267	0.0	0.0
0.0002966562953074725	0.0	0.0
0.00028438676122775317	0.0	0.0
0.00027444843862318047	0.0	0.0
0.00026696402283455165	0.0	0.0
0.0002621789045434611	0.0	0.0
0.0002603384744315032	0.0	0.0
0.0002614427324986779	0.0	0.0
0.0002654916787449853	0.0	0.0
0.0002721172271480338	0.0	0.0
0.00028107398702622893	0.0	0.0
0.00029223926303877356	0.0	0.0
0.00030536766450407326	0.0	0.0
0.0003207045821037225	0.0	0.0
0.00033800462515612683	0.0	0.0
0.0003576358796836778	0.0	0.0
0.00037984373636796995	0.0	0.0
0.0004051189765721918	0.0	0.0
0.0004334616002963436	0.0	0.0
0.0004652396935628168	0.0	0.0
0.000500207865690017	0.0	0.0
0.0005383661166779443	0.0	0.0
0.000579346360504207	0.0	0.0
0.0006226578158056164	0.0	0.0
0.0006675643105373893	0.0	0.0
0.0007132069773139455	0.0	0.0
0.0007588496440905016	0.0	0.0
0.0008032653574590857	0.0	0.0
0.0008460860313973063	0.0	0.0
0.0008862074078379887	0.0	0.0
0.0009233840960995383	0.0	0.0
0.0009576160961819554	0.0	0.0
0.0009892714941076314	0.0	0.0
0.001018718375898958	0.0	0.0
0.0010463248275783266	0.0	0.0
0.001073195107212912	0.0	0.0
0.0010996973008251059	0.0	0.0
0.0011261994944372997	0.0	0.0
0.0011530697740718852	0.0	0.0
0.0011804308350696594	0.0	0.0
0.0012075465053858392	0.0	0.0
0.0012339260036572357	0.0	0.0
0.001258096985794283	0.0	0.0
0.001278955193729806	0.0	0.0
0.001294905588033441	0.0	0.0
0.001304966605978811	0.0	0.0
0.0013076659034763495	0.0	0.0
0.0013025126991628672	0.0	0.0
0.0012887708209935816	0.0	0.0
0.0012661948782868976	0.0	0.0
0.001235275652406005	0.0	0.0
0.001196626620054889	0.0	0.0
0.00115110664861913	0.0	0.0
0.0010999426915067002	0.0	0.0
0.001044116311443977	0.0	0.0
0.000985222547861324	0.0	0.0
0.0009241202681443215	0.0	0.0
0.0008621591210417386	0.0	0.0
0.000800320669279953	0.0	0.0
0.0007392183895629505	0.0	0.0
0.0006794657585947172	0.0	0.0
0.0006214308623976445	0.0	0.0
0.0005652363963125298	0.0	0.0
0.0005106369696577785	0.0	0.0
0.00045775527777418794	0.0	0.0
0.0004065913206617582	0.0	0.0
0.0003568997076388947	0.0	0.0
0.00030868043870559754	0.0	0.0
0.0002621789045434611	0.0	0.0
0.00021727240981168815	0.0	0.0
0.0001748198218958591	0.0	0.0
0.00013445305477358235	0.0	0.0
9.739906185282983e-05	0.0	0.0
6.328975711120996e-05	0.0	0.0
3.2738617252708714e-05	0.0	0.0
5.868337618123273e-06	0.0	0.0
-1.756647247414074e-05	0.0	0.0
-3.744311768328614e-05	0.0	0.0
-5.400698869090729e-05	0.0	0.0
-6.713539015620702e-05	0.0	0.0
-7.731910344237412e-05	0.0	0.0
-8.443543320861136e-05	0.0	0.0
-8.897516081810752e-05	0.0	0.0
-9.1183676952457e-05	0.0	0.0
-9.093828627086262e-05	0.0	0.0
-8.836168411412156e-05	0.0	0.0
-8.333117514143661e-05	0.0	0.0
-7.584675935280778e-05	0.0	0.0
-6.56630460666407e-05	0.0	0.0
-5.253464460134097e-05	0.0	0.0
-3.62161642753142e-05	0.0	0.0
-1.6830300429357576e-05	0.0	0.0
5.745642277326079e-06	0.0	0.0
3.175705452633116e-05	0.0	0.0
6.0958545636063284e-05	0.0	0.0
9.298202958413087e-05	0.0	0.0
0.0001279502017113311	0.0	0.0
0.00016524958531367802	0.0	0.0
0.00020402131300559123	0.0	0.0
0.0002442653847870708	0.0	0.0
0.00028463215190934756	0.0	0.0
0.0003249989190316243	0.0	0.0
0.0003643841234275235	0.0	0.0
0.0004025423744154508	0.0	0.0
0.00043910558597301454	0.0	0.0
0.00047407375810021475	0.0	0.0
0.0005073241954562543	0.0	0.0
0.0005391022887227274	0.0	0.0
0.0005691626472180399	0.0	0.0
0.0005973825756013945	0.0	0.0
0.0006237620738727912	0.0	0.0
0.0006484238373730271	0.0	0.0
0.000671122475420508	0.0	0.0
0.0006918579880152337	0.0	0.0
0.00071038498447561	0.0	0.0
0.000726826160142434	0.0	0.0
0.0007411815150157056	0.0	0.0
0.0007532056584138306	0.0	0.0
0.0007628985903368089	0.0	0.0
0.0007701376154438433	0.0	0.0
0.0007746773430533395	0.0	0.0
0.0007765177731652974	0.0	0.0
0.0007754135150981227	0.0	0.0
0.0007714872641926125	0.0	0.0
0.0007644936297671724	0.0	0.0
0.0007548006978441941	0.0	0.0
0.0007421630777420832	0.0	0.0
0.0007269488554832311	0.0	0.0
0.0007092807264084352	0.0	0.0
0.000689526776540087	0.0	0.0
0.0006679323965597809	0.0	0.0
0.0006448656724899085	0.0	0.0
0.0006208173856936585	0.0	0.0
0.0005961556221934226	0.0	0.0
0.0005716165540339838	0.0	0.0
0.0005480590486009226	0.0	0.0
0.0005257284965758333	0.0	0.0
0.0005059745467074851	0.0	0.0
0.0004891652850182696	0.0	0.0
0.0004757914928713755	0.0	0.0
0.00046634395162999153	0.0	0.0
0.00046131344265730657	0.0	0.0
0.0004608226612941178	0.0	0.0
0.00046462621685883085	0.0	0.0
0.00047296950003304	0.0	0.0
0.00048560712013515095	0.0	0.0
0.0005022936864835693	0.0	0.0
0.0005229065037374979	0.0	0.0
0.0005470774858745451	0.0	0.0
0.0005746839375539137	0.0	0.0
0.0006051123820716177	0.0	0.0
0.00063824012408686	0.0	0.0
0.0006738217729180462	0.0	0.0
0.0007117346332243792	0.0	0.0
0.00075148792364267	0.0	0.0
0.000792713558150527	0.0	0.0
0.0008352888414071533	0.0	0.0
0.0008790910780717514	0.0	0.0
0.0009236294867811328	0.0	0.0
0.0009687813721945	0.0	0.0
0.001014301343630259	0.0	0.0
0.001059944010406815	0.0	0.0
0.0011050958958201825	0.0	0.0
0.0011495116091887665	0.0	0.0
0.0011928230644901758	0.0	0.0
0.0012345394803612217	0.0	0.0
0.0012745381614611068	0.0	0.0
0.0013122056310858454	0.0	0.0
0.0013476645845762346	0.0	0.0
0.0013804242405690852	0.0	0.0
0.0014104845990643977	0.0	0.0
0.0014374775740397803	0.0	0.0
0.0014615258608360303	0.0	0.0
0.0014826294594531475	0.0	0.0
0.0015009110652319296	0.0	0.0
0.0015162479828315788	0.0	0.0
0.0015294990796376757	0.0	0.0
0.0015400508789462344	0.0	0.0
0.0015485168574612407	0.0	0.0
0.0015548970151826947	0.0	0.0
0.0015593140474513937	0.0	0.0
0.0015618906496081349	0.0	0.0
0.0015622587356305265	0.0	0.0
0.0015606636962001627	0.0	0.0
0.001556982835976247	0.0	0.0
0.0015510934596179818	0.0	0.0
0.0015432409578069613	0.0	0.0
0.0015331799398615915	0.0	0.0
0.0015211557964634665	0.0	0.0
0.0015070458322717893	0.0	0.0
0.0014909727426273567	0.0	0.0
0.0014730592228709666	0.0	0.0
0.001453182577661821	0.0	0.0
0.0014313428069999206	0.0	0.0
0.0014076626062260623	0.0	0.0
0.0013823873660218403	0.0	0.0
0.0013555170863872549	0.0	0.0
0.0013269290719815088	0.0	0.0
0.0012971141041677907	0.0	0.0
0.001265704096923709	0.0	0.0
0.0012331898316124525	0.0	0.0
0.0011994486128932245	0.0	0.0
0.0011641123547436326	0.0	0.0
0.001127671838526866	0.0	0.0
0.0010893908921981415	0.0	0.0
0.0010496376017798507	0.0	0.0
0.0010081665765903994	0.0	0.0
0.0009651005119705842	0.0	0.0
0.0009204394079204057	0.0	0.0
0.0008741832644398636	0.0	0.0
0.0008270682535737412	0.0	0.0
0.0007790943753220386	0.0	0.0
0.000730629715707147	0.0	0.0
0.000682533142114647	0.0	0.0
0.0006346819592037414	0.0	0.0
0.0005878123390192134	0.0	0.0
0.0005418015862202658	0.0	0.0
0.0004971404821700871	0.0	0.0
0.00045358363618708334	0.0	0.0
0.00041125374361205153	0.0	0.0
0.0003702734997857888	0.0	0.0
0.00033039751402670083	0.0	0.0
0.00029174848167558477	0.0	0.0
0.0002540810120508463	0.0	0.0
0.00021739510515248533	0.0	0.0
0.00018181345632129918	0.0	0.0
0.0001474587608980849	0.0	0.0
0.00011445371422363977	0.0	0.0
8.292101163876096e-05	0.0	0.0
5.322873916584007e-05	0.0	0.0
2.549959214567428e-05	0.0	0.0
1.0165660065516494e-07	0.0	0.0
-2.2842372128420075e-05	0.0	0.0
-4.3087103359957043e-05	0.0	0.0
-6.0755232434752947e-05	0.0	0.0
-7.54786733304162e-05	0.0	0.0
-8.811629343252717e-05	0.0	0.0
-9.842270205949145e-05	0.0	0.0
-0.00010725676659688939	0.0	0.0
-0.00011510926840790979	0.0	0.0
-0.00012247098885574142	0.0	0.0
-0.00013007809998516741	0.0	0.0
-0.00013829868781857943	0.0	0.0
-0.00014725544769677456	0.0	0.0
-0.00015719377030134726	0.0	0.0
-0.0001682363509730947	0.0	0.0
-0.0001802604943712197	0.0	0.0
-0.00019302080981412783	0.0	0.0
-0.00020602651593863038	0.0	0.0
-0.00021890952672233574	0.0	0.0
-0.0002310563654612579	0.0	0.0
-0.00024234433681459975	0.0	0.0
-0.00025215996407837525	0.0	0.0
-0.00026025785657099004	0.0	0.0
-0.0002663926236108497	0.0	0.0
-0.00027093235122034587	0.0	0.0
-0.00027363164871788414	0.0	0.0
-0.0002747359067850589	0.0	0.0
-0.0002747359067850589	0.0	0.0
-0.00027350895337708696	0.0	0.0
-0.00027154582792433184	0.0	0.0
-0.0002687238350859964	0.0	0.0
-0.0002655337562252694	0.0	0.0
-0.00026173020066055637	0.0	0.0
-0.0002575585590734518	0.0	0.0
-0.0002527734407823612	0.0	0.0
-0.0002474975411280819	0.0	0.0
-0.0002416081647698166	0.0	0.0
-0.00023485992102597093	0.0	0.0
-0.0002274982005781393	0.0	0.0
-0.00021940030808552453	0.0	0.0
-0.00021056624354812657	0.0	0.0
-0.00020111870230674265	0.0	0.0
-0.00019142577038376433	0.0	0.0
-0.00018111936175680004	0.0	0.0
-0.00017069025778903858	0.0	0.0
-0.00016013845848047992	0.0	0.0
-0.00014909587780873246	0.0	0.0
-0.00013805329713698503	0.0	0.0
-0.0001265199351020488	0.0	0.0
-0.0001149865730671126	0.0	0.0
-0.0001030851250097848	0.0	0.0
-9.081559093006544e-05	0.0	0.0
-7.842336150954886e-05	0.0	0.0
-6.56630460666407e-05	0.0	0.0
-5.302542596452974e-05	0.0	0.0
-4.026511052162159e-05	0.0	0.0
-2.7995576441902213e-05	0.0	0.0
-1.572604236218283e-05	0.0	0.0
-4.192680327246618e-06	0.0	0.0
6.72720500370363e-06	0.0	0.0
1.691091828987071e-05	0.0	0.0
2.623576419045744e-05	0.0	0.0
3.470174270546381e-05	0.0	0.0
4.218615849409263e-05	0.0	0.0
4.9057097578735485e-05	0.0	0.0
5.5314559959392364e-05	0.0	0.0
6.0958545636063284e-05	0.0	0.0
6.63571406311398e-05	0.0	0.0
7.163304028541915e-05	0.0	0.0
7.678624459890128e-05	0.0	0.0
8.169405823078903e-05	0.0	0.0
8.647917652187959e-05	0.0	0.0
9.114159947217294e-05	0.0	0.0
9.543593640007473e-05	0.0	0.0
9.936218730558494e-05	0.0	0.0
0.00010292035218870355	0.0	0.0
0.00010611043104943059	0.0	0.0
0.00010880972854696886	0.0	0.0
0.00011126363536291274	0.0	0.0
0.00011334945615646502	0.0	0.0
0.00011506719092762575	0.0	0.0
0.00011666223035798926	0.0	0.0
0.00011837996512914998	0.0	0.0
0.00012022039524110788	0.0	0.0
0.00012267430205705176	0.0	0.0
0.00012537359955459002	0.0	0.0
0.00012856367841531706	0.0	0.0
0.00013261262466162443	0.0	0.0
0.00013727504761191782	0.0	0.0
0.00014242825192539995	0.0	0.0
0.00014819493294286807	0.0	0.0
0.00015408430930113337	0.0	0.0
0.00016021907634099306	0.0	0.0
0.00016659923406244713	0.0	0.0
0.00017248861042071242	0.0	0.0
0.00017813259609738332	0.0	0.0
0.0001830404097292711	0.0	0.0
0.0001870893559755785	0.0	0.0
0.0001901567394955083	0.0	0.0
0.00019187447426666904	0.0	0.0
0.0001922425602890606	0.0	0.0
0.00019138369290348027	0.0	0.0
0.0001888070907467392	0.0	0.0
0.000184880839841229	0.0	0.0
0.00017948224484615248	0.0	0.0
0.00017261130576150962	0.0	0.0
0.00016402263190570606	0.0	0.0
0.00015396161396033617	0.0	0.0
0.00014206016590300838	0.0	0.0
0.00012831828773372266	0.0	0.0
0.00011273597945247905	0.0	0.0
9.519054571848035e-05	0.0	0.0
7.568198653172653e-05	0.0	0.0
5.45783879146092e-05	0.0	0.0
3.200244520792555e-05	0.0	0.0
8.444939774864342e-06	0.0	0.0
-1.5848737702980027e-05	0.0	0.0
-4.01424151808244e-05	0.0	0.0
-6.419070197707438e-05	0.0	0.0
-8.750281672854119e-05	0.0	0.0
-0.00010934258739044169	0.0	0.0
-0.00012958731862197867	0.0	0.0
-0.00014799161974155773	0.0	0.0
-0.0001643101000675845	0.0	0.0
-0.00017891084562245054	0.0	0.0
-0.00019167116106535872	0.0	0.0
-0.00020344991378188932	0.0	0.0
-0.00021424710377204237	0.0	0.0
-0.00022479890308060103	0.0	0.0
-0.0002353507023891597	0.0	0.0
-0.0002465159784017043	0.0	0.0
-0.0002582947311182349	0.0	0.0
-0.00027093235122034587	0.0	0.0
-0.0002846742293896316	0.0	0.0
-0.0002989068889221061	0.0	0.0
-0.00031387572049936376	0.0	0.0
-0.00032884455207662135	0.0	0.0
-0.00034356799297228466	0.0	0.0
-0.0003574325664823675	0.0	0.0
-0.0003701928819252757	0.0	0.0
-0.0003814808532786175	0.0	0.0
-0.0003909283945200014	0.0	0.0
-0.00039853550564942743	0.0	0.0
-0.0004047929680300843	0.0	0.0
-0.0004095780863211749	0.0	0.0
-0.0004133816418858879	0.0	0.0
-0.0004169398067690065	0.0	0.0
-0.00042062066699292234	0.0	0.0
-0.0004246696132392297	0.0	0.0
-0.000429945512893509	0.0	0.0
-0.00043608027993336873	0.0	0.0
-0.00044331930504040316	0.0	0.0
-0.00045141719753301796	0.0	0.0
-0.0004600058713888215	0.0	0.0
-0.00046896263126701665	0.0	0.0
-0.0004779193911452118	0.0	0.0
-0.00048638536966021817	0.0	0.0
-0.0004942378714712386	0.0	0.0
-0.0005011088105558814	0.0	0.0
-0.0005068754915733496	0.0	0.0
-0.0005114152191828457	0.0	0.0
-0.0005146052980435727	0.0	0.0
-0.0005165684234963279	0.0	0.0
-0.0005171819002003138	0.0	0.0
-0.0005170592048595167	0.0	0.0
-0.0005158322514515446	0.0	0.0
-0.0005139918213395867	0.0	0.0
-0.00051166060986444	0.0	0.0
-0.0005093293983892933	0.0	0.0
-0.0005071208822549439	0.0	0.0
-0.0005051577568021887	0.0	0.0
-0.0005034400220310281	0.0	0.0
-0.0005022130686230562	0.0	0.0
-0.0005013542012374758	0.0	0.0
-0.0005008634198742871	0.0	0.0
-0.0005008634198742871	0.0	0.0
-0.0005013542012374758	0.0	0.0
-0.0005023357639638534	0.0	0.0
-0.0005036854127126225	0.0	0.0
-0.000505280452142986	0.0	0.0
-0.0005069981869141467	0.0	0.0
-0.0005082251403221187	0.0	0.0
-0.0005088386170261046	0.0	0.0
-0.0005082251403221187	0.0	0.0
-0.0005061393195285664	0.0	0.0
-0.0005022130686230562	0.0	0.0
-0.0004960783015831965	0.0	0.0
-0.00048748962772739293	0.0	0.0
-0.0004768151330780371	0.0	0.0
-0.00046368673161273734	0.0	0.0
-0.0004483498140130881	0.0	0.0
-0.000431172466301481	0.0	0.0
-0.0004121546884779159	0.0	0.0
-0.0003915418712239874	0.0	0.0
-0.0003693340145396953	0.0	0.0
-0.0003461445951290257	0.0	0.0
-0.0003217282223103841	0.0	0.0
-0.000296330286765365	0.0	0.0
-0.00026982809315317116	0.0	0.0
-0.00024222164147380255	0.0	0.0
-0.0002132655410456648	0.0	0.0
-0.00018345057323194673	0.0	0.0
-0.00015228595666945952	0.0	0.0
-0.00011989438669900035	0.0	0.0
-8.639855866136644e-05	0.0	0.0
-5.228925391974658e-05	0.0	0.0
-1.781186315573513e-05	0.0	0.0
1.678822294907352e-05	0.0	0.0
5.089752769069339e-05	0.0	0.0
8.42706603875301e-05	0.0	0.0
0.00011653953501719207	0.0	0.0
0.0001474587608980849	0.0	0.0
0.00017678294734861422	0.0	0.0
0.00020451209436878003	0.0	0.0
0.00023064620195858228	0.0	0.0
0.0002554306607996154	0.0	0.0
0.00027862008021028507	0.0	0.0
0.0003007052415537799	0.0	0.0
0.0003213180588077085	0.0	0.0
0.0003408266179944623	0.0	0.0
0.000358985528432447	0.0	0.0
0.00037579479012166253	0.0	0.0
0.00039113170772131175	0.0	0.0
0.00040487358589059747	0.0	0.0
0.00041640694792553366	0.0	0.0
0.0004259771845077148	0.0	0.0
0.00043370699097793796	0.0	0.0
0.0004392282813138117	0.0	0.0
0.00044290914153772757	0.0	0.0
0.0004447495716496854	0.0	0.0
0.00044511765767207704	0.0	0.0
0.0004440133996049023	0.0	0.0
0.0004421729694929444	0.0	0.0
0.0004398417580177977	0.0	0.0
0.00043677437449786785	0.0	0.0
0.0004335842956371408	0.0	0.0
0.0004300261307540222	0.0	0.0
0.0004262225751893092	0.0	0.0
0.0004219282382614074	0.0	0.0
0.0004175112059927084	0.0	0.0
0.0004123580016792263	0.0	0.0
0.0004065913206617582	0.0	0.0
0.0004003338582811013	0.0	0.0
0.00039321752851486405	0.0	0.0
0.000385610417385438	0.0	0.0
0.0003772671342112288	0.0	0.0
0.0003685557650146281	0.0	0.0
0.0003594763097956357	0.0	0.0
0.0003502741592358462	0.0	0.0
0.0003410720086760567	0.0	0.0
0.0003319925534570644	0.0	0.0
0.0003230357935788692	0.0	0.0
0.0003144471197230656	0.0	0.0
0.0003059811412080593	0.0	0.0
0.00029800594405624166	0.0	0.0
0.00029015344224522126	0.0	0.0
0.00028279172179738966	0.0	0.0
0.0002759207827127468	0.0	0.0
0.0002697860156728871	0.0	0.0
0.00026438742067781055	0.0	0.0
0.0002600930837499088	0.0	0.0
0.0002575164815931677	0.0	0.0
0.0002562895281851958	0.0	0.0
0.00025702570022997895	0.0	0.0
0.0002597249977275172	0.0	0.0
0.0002645101160186077	0.0	0.0
0.00027138105510325064	0.0	0.0
0.00028021511964064857	0.0	0.0
0.00029064422360841	0.0	0.0
0.0003023002809841435	0.0	0.0
0.00031518329176784883	0.0	0.0
0.0003289251699371345	0.0	0.0
0.000343157829469609	0.0	0.0
0.0003576358796836778	0.0	0.0
0.0003724820159201383	0.0	0.0
0.0003875735428381931	0.0	0.0
0.00040266506975624795	0.0	0.0
0.0004181246826966944	0.0	0.0
0.00043395238165953236	0.0	0.0
0.00045027086198555917	0.0	0.0
0.0004670801236747747	0.0	0.0
0.00048450286206797624	0.0	0.0
0.0005027844678467581	0.0	0.0
0.0005214341596479315	0.0	0.0
0.0005402065467899022	0.0	0.0
0.0005592243246134673	0.0	0.0
0.0005778740164146406	0.0	0.0
0.0005957875361710309	0.0	0.0
0.0006129648838826381	0.0	0.0
0.0006289152781862732	0.0	0.0
0.0006436387190819364	0.0	0.0
0.000656644425206439	0.0	0.0
0.0006680550919005782	0.0	0.0
0.0006777480238235563	0.0	0.0
0.0006858459163161712	0.0	0.0
0.0006924714647192197	0.0	0.0
0.0006976246690327018	0.0	0.0
0.0007017963106198064	0.0	0.0
0.0007044956081173448	0.0	0.0
0.0007060906475477082	0.0	0.0
0.0007065814289108969	0.0	0.0
0.0007057225615253166	0.0	0.0
0.0007036367407317643	0.0	0.0
0.0007005693572118345	0.0	0.0
0.0006960296296023383	0.0	0.0
0.0006908764252888562	0.0	0.0
0.0006846189629081993	0.0	0.0
0.0006776253284827593	0.0	0.0
0.0006703863033757249	0.0	0.0
0.0006625338015647045	0.0	0.0
0.0006545586044128869	0.0	0.0
0.000646460711920272	0.0	0.0
0.0006377493427236712	0.0	0.0
0.0006287925828454762	0.0	0.0
0.000619222346263295	0.0	0.0
0.000609038632977128	0.0	0.0
0.0005979960523053805	0.0	0.0
0.0005862172995888498	0.0	0.0
0.0005734569841459417	0.0	0.0
0.0005599604966582504	0.0	0.0
0.0005456051417849786	0.0	0.0
0.0005306363102077211	0.0	0.0
0.0005152993926080719	0.0	0.0
0.0004997170843268282	0.0	0.0
0.00048413477604558467	0.0	0.0
0.00046879785844593545	0.0	0.0
0.0004540744175502722	0.0	0.0
0.0004395963673362033	0.0	0.0
0.0004258544891669176	0.0	0.0
0.00041248069702002347	0.0	0.0
0.00039947499089552094	0.0	0.0
0.00038683737079341	0.0	0.0
0.00037395436000970463	0.0	0.0
0.00036119404456679645	0.0	0.0
0.00034782025241990235	0.0	0.0
0.00033407837425061663	0.0	0.0
0.00031984571471814217	0.0	0.0
0.0003048768831408845	0.0	0.0
0.0002894172702004381	0.0	0.0
0.00027334418055600577	0.0	0.0
0.00025678030954838456	0.0	0.0
0.0002398483525183718	0.0	0.0
0.00022242561412517029	0.0	0.0
0.0002048801803911716	0.0	0.0
0.00018733474665717288	0.0	0.0
0.00016954392224157976	0.0	0.0
0.00015199848850758107	0.0	0.0
0.00013408496875119078	0.0	0.0
0.0001158033629724089	0.0	0.0
9.727636651203265e-05	0.0	0.0
7.8503979370062e-05	0.0	0.0
5.924081086490257e-05	0.0	0.0
3.960955633735156e-05	0.0	0.0
1.9610215787408975e-05	0.0	0.0
-8.799061257223853e-07	0.0	0.0
-2.1615418720448135e-05	0.0	0.0
-4.2596321996768275e-05	0.0	0.0
-6.394531129547999e-05	0.0	0.0
-8.55396912757861e-05	0.0	0.0
-0.00010737946193768659	0.0	0.0
-0.00012971001396277584	0.0	0.0
-0.00015216326132866232	0.0	0.0
-0.00017510729005773757	0.0	0.0
-0.00019841940480920436	0.0	0.0
-0.00022234499626465714	0.0	0.0
-0.00024627058772011	0.0	0.0
-0.00027031887451635996	0.0	0.0
-0.0002944898566534071	0.0	0.0
-0.0003184154481088599	0.0	0.0
-0.0003419729535419211	0.0	0.0
-0.0003650396776117935	0.0	0.0
-0.00038749292497768003	0.0	0.0
-0.0004093326956395805	0.0	0.0
-0.0004303135989159006	0.0	0.0
-0.0004504356348066404	0.0	0.0
-0.00046994419399339424	0.0	0.0
-0.0004885938857945676	0.0	0.0
-0.000506507405550958	0.0	0.0
-0.0005240528392849566	0.0	0.0
-0.0005409847963149695	0.0	0.0
-0.0005575486673225906	0.0	0.0
-0.0005737444523078202	0.0	0.0
-0.0005895721512706581	0.0	0.0
-0.0006050317642111046	0.0	0.0
-0.0006200005957883622	0.0	0.0
-0.0006343559506616339	0.0	0.0
-0.000648343219512514	0.0	0.0
-0.0006618397070002052	0.0	0.0
-0.0006746000224431135	0.0	0.0
-0.0006867468611820356	0.0	0.0
-0.0006982802232169718	0.0	0.0
-0.0007089547178663277	0.0	0.0
-0.0007190157358116975	0.0	0.0
-0.0007283405817122843	0.0	0.0
-0.0007370519509088851	0.0	0.0
-0.0007449044527199055	0.0	0.0
-0.00075214347782694	0.0	0.0
-0.0007586463308891912	0.0	0.0
-0.0007645357072474565	0.0	0.0
-0.0007695662162201415	0.0	0.0
-0.0007738605531480432	0.0	0.0
-0.0007774187180311619	0.0	0.0
-0.0007801180155287001	0.0	0.0
-0.0007822038363222523	0.0	0.0
-0.0007834307897302244	0.0	0.0
-0.0007839215710934132	0.0	0.0
-0.0007840442664342103	0.0	0.0
-0.0007835534850710215	0.0	0.0
-0.0007825719223446439	0.0	0.0
-0.0007813449689366721	0.0	0.0
-0.0007797499295063086	0.0	0.0
-0.0007779094993943507	0.0	0.0
-0.0007759463739415955	0.0	0.0
-0.0007737378578072461	0.0	0.0
-0.0007712839509913021	0.0	0.0
-0.0007685846534937639	0.0	0.0
-0.0007652718792922396	0.0	0.0
-0.0007617137144091211	0.0	0.0
-0.0007571739867996249	0.0	0.0
-0.0007523888685085343	0.0	0.0
-0.0007466221874910661	0.0	0.0
-0.0007402420297696121	0.0	0.0
-0.0007333710906849692	0.0	0.0
-0.0007255185888739488	0.0	0.0
-0.0007172980010405369	0.0	0.0
-0.0007084639365031389	0.0	0.0
-0.0006991390906025523	0.0	0.0
-0.0006893234633387767	0.0	0.0
-0.0006790170547118124	0.0	0.0
-0.0006687106460848482	0.0	0.0
-0.0006580361514354924	0.0	0.0
-0.0006473616567861365	0.0	0.0
-0.0006366871621367806	0.0	0.0
-0.0006261353628282219	0.0	0.0
-0.000615460868178866	0.0	0.0
-0.0006050317642111046	0.0	0.0
-0.0005947253555841403	0.0	0.0
-0.000584418946957176	0.0	0.0
-0.0005743579290118061	0.0	0.0
-0.0005644196064072335	0.0	0.0
-0.0005548493698250523	0.0	0.0
-0.0005454018285836684	0.0	0.0
-0.0005359542873422845	0.0	0.0
-0.0005271202228048865	0.0	0.0
-0.0005182861582674886	0.0	0.0
-0.000509697484411685	0.0	0.0
-0.0005012315058966787	0.0	0.0
-0.0004930109180632667	0.0	0.0
-0.00048442224420746304	0.0	0.0
-0.00047620165637405113	0.0	0.0
-0.00046761298251824754	0.0	0.0
-0.000459024308662444	0.0	0.0
-0.000450190244125046	0.0	0.0
-0.0004413561795876481	0.0	0.0
-0.0004325221150502501	0.0	0.0
-0.00042381074585364935	0.0	0.0
-0.000415344767338643	0.0	0.0
-0.0004068787888236366	0.0	0.0
-0.00039878089633102183	0.0	0.0
-0.0003908056991792042	0.0	0.0
-0.00038295319736818387	0.0	0.0
-0.0003752233908979606	0.0	0.0
-0.00036761627976853465	0.0	0.0
-0.0003600091686391086	0.0	0.0
-0.000352647448191277	0.0	0.0
-0.0003451630324026481	0.0	0.0
-0.0003380467026364109	0.0	0.0
-0.0003312984588925652	0.0	0.0
-0.0003250409965119084	0.0	0.0
-0.00031951970617603463	0.0	0.0
-0.00031485728322574124	0.0	0.0
-0.0003111764230018255	0.0	0.0
-0.00030872251618588157	0.0	0.0
-0.00030774095345950404	0.0	0.0
-0.00030798634414109843	0.0	0.0
-0.00030958138357146194	0.0	0.0
-0.00031277146243218894	0.0	0.0
-0.00031718849470088793	0.0	0.0
-0.00032307787105915326	0.0	0.0
-0.0003300715054845933	0.0	0.0
-0.0003380467026364109	0.0	0.0
-0.00034700346251460607	0.0	0.0
-0.00035669639443758436	0.0	0.0
-0.0003668801077237514	0.0	0.0
-0.0003774319070323101	0.0	0.0
-0.00038810640168166594	0.0	0.0
-0.00039841281030863026	0.0	0.0
-0.0004085965235947973	0.0	0.0
-0.00041828945551777565	0.0	0.0
-0.000427368910736768	0.0	0.0
-0.00043558949857017994	0.0	0.0
-0.00044331930504040316	0.0	0.0
-0.00045006754878424885	0.0	0.0
-0.0004562023158241085	0.0	0.0
-0.00046135552013759065	0.0	0.0
-0.0004661406384286812	0.0	0.0
-0.00047018958467498863	0.0	0.0
-0.0004737477495581072	0.0	0.0
-0.00047730591444122584	0.0	0.0
-0.00048061868864275007	0.0	0.0
-0.00048380876750347713	0.0	0.0
-0.00048712154170500136	0.0	0.0
-0.0004903116205657284	0.0	0.0
-0.0004936243947672526	0.0	0.0
-0.0004966917782871825	0.0	0.0
-0.0004992683804439235	0.0	0.0
-0.0005013542012374758	0.0	0.0
-0.0005029492406678393	0.0	0.0
-0.0005038081080534197	0.0	0.0
-0.0005039308033942169	0.0	0.0
-0.0005034400220310281	0.0	0.0
-0.0005023357639638534	0.0	0.0
-0.0005011088105558814	0.0	0.0
-0.0004997591618071123	0.0	0.0
-0.0004984095130583431	0.0	0.0
-0.00049767334101356	0.0	0.0
-0.0004971825596503713	0.0	0.0
-0.0004973052549911684	0.0	0.0
-0.0004981641223767488	0.0	0.0
-0.0004993910757847207	0.0	0.0
-0.0005012315058966787	0.0	0.0
-0.0005033173266902309	0.0	0.0
-0.0005054031474837833	0.0	0.0
-0.0005074889682773354	0.0	0.0
-0.0005092067030484963	0.0	0.0
-0.0005105563517972654	0.0	0.0
-0.0005112925238420485	0.0	0.0
-0.00051166060986444	0.0	0.0
-0.000511537914523643	0.0	0.0
-0.0005111698285012513	0.0	0.0
-0.0005105563517972654	0.0	0.0
-0.0005100655704340766	0.0	0.0
-0.000509697484411685	0.0	0.0
-0.000509697484411685	0.0	0.0
-0.0005099428750932794	0.0	0.0
-0.0005105563517972654	0.0	0.0
-0.0005112925238420485	0.0	0.0
-0.0005123967819092233	0.0	0.0
-0.0005132556492948036	0.0	0.0
-0.0005139918213395867	0.0	0.0
-0.0005144826027027756	0.0	0.0
-0.0005144826027027756	0.0	0.0
-0.0005138691259987895	0.0	0.0
-0.0005126421725908177	0.0	0.0
-0.0005108017424788598	0.0	0.0
-0.0005082251403221187	0.0	0.0
-0.0005049123661205944	0.0	0.0
-0.0005011088105558814	0.0	0.0
-0.0004966917782871825	0.0	0.0
-0.0004917839646552946	0.0	0.0
-0.00048638536966021817	0.0	0.0
-0.0004807413839835473	0.0	0.0
-0.0004747293122844848	0.0	0.0
-0.0004684718499038279	0.0	0.0
-0.0004620916921823738	0.0	0.0
-0.00045558883912012255	0.0	0.0
-0.00044920868139866843	0.0	0.0
-0.00044282852367721437	0.0	0.0
-0.00043681645197815187	0.0	0.0
-0.00043129516164227817	0.0	0.0
-0.00042638734801039044	0.0	0.0
-0.00042209301108248867	0.0	0.0
-0.0004186575415401672	0.0	0.0
-0.0004163263300650205	0.0	0.0
-0.0004148539859754542	0.0	0.0
-0.000414731290634657	0.0	0.0
-0.000415344767338643	0.0	0.0
-0.00041706250210980366	0.0	0.0
-0.000419761799607342	0.0	0.0
-0.00042356535517205495	0.0	0.0
-0.0004282277781223483	0.0	0.0
-0.00043362637311742487	0.0	0.0
-0.0004401292261796761	0.0	0.0
-0.00044736825128671053	0.0	0.0
-0.00045558883912012255	0.0	0.0
-0.0004646682943391149	0.0	0.0
-0.00047460661694368757	0.0	0.0
-0.00048540380693384063	0.0	0.0
-0.0004969371689687768	0.0	0.0
-0.0005089613123669018	0.0	0.0
-0.0005215989324690128	0.0	0.0
-0.0005347273339343125	0.0	0.0
-0.0005477330400588151	0.0	0.0
-0.0005607387461833177	0.0	0.0
-0.000573621756967023	0.0	0.0
-0.0005860139863875396	0.0	0.0
-0.0005977927391040701	0.0	0.0
-0.0006085899290942232	0.0	0.0
-0.0006185282516987959	0.0	0.0
-0.000627485011576991	0.0	0.0
-0.0006354602087288086	0.0	0.0
-0.0006424538431542488	0.0	0.0
-0.0006485886101941083	0.0	0.0
-0.0006541099005299821	0.0	0.0
-0.0006592631048434642	0.0	0.0
-0.0006641709184753519	0.0	0.0
-0.0006688333414256453	0.0	0.0
-0.0006738638503983303	0.0	0.0
-0.0006790170547118124	0.0	0.0
-0.0006844156497068889	0.0	0.0
-0.0006901823307243571	0.0	0.0
-0.0006963170977642167	0.0	0.0
-0.0007026972554856709	0.0	0.0
-0.0007095681945703136	0.0	0.0
-0.0007166845243365509	0.0	0.0
-0.0007239235494435853	0.0	0.0
-0.0007316533559138086	0.0	0.0
-0.0007396285530656262	0.0	0.0
-0.0007478491408990381	0.0	0.0
-0.0007564378147548417	0.0	0.0
-0.0007658853559962257	0.0	0.0
-0.0007757009832600011	0.0	0.0
-0.0007863754779093569	0.0	0.0
-0.0007979088399442932	0.0	0.0
-0.0008103010693648097	0.0	0.0
-0.0008231840801485151	0.0	0.0
-0.0008368032629770036	0.0	0.0
-0.0008509132271686809	0.0	0.0
-0.0008655139727235469	0.0	0.0
-0.0008803601089600074	0.0	0.0
-0.0008954516358780622	0.0	0.0
-0.0009105431627961171	0.0	0.0
-0.000925634689714172	0.0	0.0
-0.0009410943026546183	0.0	0.0
-0.0009563085249134703	0.0	0.0
-0.0009716454425131196	0.0	0.0
-0.0009869823601127688	0.0	0.0
-0.0010024419730532152	0.0	0.0
-0.0010179015859936615	0.0	0.0
-0.0010334838942749052	0.0	0.0
-0.001049066202556149	0.0	0.0
-0.001064893901518987	0.0	0.0
-0.0010804762098002305	0.0	0.0
-0.0010964266041038658	0.0	0.0
-0.0011120089123851094	0.0	0.0
-0.0011274685253255556	0.0	0.0
-0.0011425600522436106	0.0	0.0
-0.0011570381024576795	0.0	0.0
-0.0011706572852861678	0.0	0.0
-0.0011836629914106704	0.0	0.0
-0.0011955644394679983	0.0	0.0
-0.001206238934117354	0.0	0.0
-0.001215686475358738	0.0	0.0
-0.0012237843678513528	0.0	0.0
-0.001230287220913604	0.0	0.0
-0.001235808511249478	0.0	0.0
-0.0012401028481773795	0.0	0.0
-0.001243538317719701	0.0	0.0
-0.0012461149198764422	0.0	0.0
-0.0012482007406699944	0.0	0.0
-0.0012501638661227494	0.0	0.0
-0.0012521269915755045	0.0	0.0
-0.0012539674216874627	0.0	0.0
-0.0012558078517994206	0.0	0.0
-0.0012577709772521755	0.0	0.0
-0.0012603475794089164	0.0	0.0
-0.0012626787908840633	0.0	0.0
-0.0012651326977000071	0.0	0.0
-0.0012679546905383426	0.0	0.0
-0.0012706539880358808	0.0	0.0
-0.001273353285533419	0.0	0.0
-0.0012760525830309572	0.0	0.0
-0.00127899727121009	0.0	0.0
-0.0012818192640484255	0.0	0.0
-0.0012850093429091524	0.0	0.0
-0.0012884448124514739	0.0	0.0
-0.001292371063356984	0.0	0.0
-0.001296665400284886	0.0	0.0
-0.001301818604598368	0.0	0.0
-0.001307462590275039	0.0	0.0
-0.0013139654433372903	0.0	0.0
-0.0013209590777627303	0.0	0.0
-0.0013284434935513592	0.0	0.0
-0.0013364186907031768	0.0	0.0
-0.0013445165831957916	0.0	0.0
-0.0013528598663700008	0.0	0.0
-0.001361325844885007	0.0	0.0
-0.0013699145187408106	0.0	0.0
-0.0013785031925966143	0.0	0.0
-0.0013872145617932151	0.0	0.0
-0.001396048626330613	0.0	0.0
-0.001404882690868011	0.0	0.0
-0.0014139621460870031	0.0	0.0
-0.00142328699198759	0.0	0.0
-0.0014329799239105683	0.0	0.0
-0.0014431636371967354	0.0	0.0
-0.0014535927411644966	0.0	0.0
-0.0014642672358138526	0.0	0.0
-0.0014753098164856	0.0	0.0
-0.0014868431785205363	0.0	0.0
-0.0014986219312370667	0.0	0.0
-0.0015105233792943947	0.0	0.0
-0.0015225475226925197	0.0	0.0
-0.001534817056772239	0.0	0.0
-0.00154745467687435	0.0	0.0
-0.0015600922969764611	0.0	0.0
-0.0015729753077601662	0.0	0.0
-0.0015862264045662633	0.0	0.0
-0.0015997228920539546	0.0	0.0
-0.001613342074882443	0.0	0.0
-0.0016273293437333231	0.0	0.0
-0.0016409485265618117	0.0	0.0
-0.0016545677093903002	0.0	0.0
-0.0016679415015371944	0.0	0.0
-0.0016807018169801024	0.0	0.0
-0.001693094046400619	0.0	0.0
-0.0017047501037763524	0.0	0.0
-0.0017156699891073028	0.0	0.0
-0.0017257310070526726	0.0	0.0
-0.001735423938975651	0.0	0.0
-0.0017440126128314545	0.0	0.0
-0.001751987809983272	0.0	0.0
-0.0017593495304311037	0.0	0.0
-0.0017659750788341522	0.0	0.0
-0.0017719871505332146	0.0	0.0
-0.0017771403548466967	0.0	0.0
-0.00178180277779699	0.0	0.0
-0.0017856063333617032	0.0	0.0
-0.0017885510215408357	0.0	0.0
-0.0017910049283567798	0.0	0.0
-0.001792477272446346	0.0	0.0
-0.0017932134444911291	0.0	0.0
-0.0017930907491503318	0.0	0.0
-0.0017923545771055488	0.0	0.0
-0.0017910049283567798	0.0	0.0
-0.001789164498244822	0.0	0.0
-0.0017869559821104722	0.0	0.0
-0.001784256684612934	0.0	0.0
-0.0017814346917745985	0.0	0.0
-0.0017782446129138714	0.0	0.0
-0.0017748091433715501	0.0	0.0
-0.0017711282831476343	0.0	0.0
-0.001767202032242124	0.0	0.0
-0.0017627849999734251	0.0	0.0
-0.0017577544910007401	0.0	0.0
-0.0017522332006648664	0.0	0.0
-0.0017462211289658038	0.0	0.0
-0.0017393501898811611	0.0	0.0
-0.0017321111647741266	0.0	0.0
-0.001724135967622309	0.0	0.0
-0.0017161607704704914	0.0	0.0
-0.0017078174872962825	0.0	0.0
-0.0016997195948036674	0.0	0.0
-0.0016918670929926471	0.0	0.0
-0.0016843826772040182	0.0	0.0
-0.0016773890427785783	0.0	0.0
-0.0016711315803979213	0.0	0.0
-0.0016654875947212505	0.0	0.0
-0.0016605797810893626	0.0	0.0
-0.0016559173581390694	0.0	0.0
-0.0016516230212111677	0.0	0.0
-0.0016475740749648602	0.0	0.0
-0.0016434024333777555	0.0	0.0
-0.0016391080964498538	0.0	0.0
-0.0016345683688403577	0.0	0.0
-0.0016296605552084697	0.0	0.0
-0.0016242619602133933	0.0	0.0
-0.001618372583855128	0.0	0.0
-0.0016123605121560656	0.0	0.0
-0.0016059803544346113	0.0	0.0
-0.0015996001967131573	0.0	0.0
-0.0015930973436509063	0.0	0.0
-0.0015870852719518437	0.0	0.0
-0.0015813185909343754	0.0	0.0
-0.0015761653866208933	0.0	0.0
-0.0015713802683298029	0.0	0.0
-0.0015672086267426982	0.0	0.0
-0.001563773157200377	0.0	0.0
-0.0015607057736804469	0.0	0.0
-0.0015580064761829087	0.0	0.0
-0.0015557979600485591	0.0	0.0
-0.001553712139255007	0.0	0.0
-0.0015521170998246433	0.0	0.0
-0.001550644755735077	0.0	0.0
-0.0015491724116455108	0.0	0.0
-0.0015480681535783361	0.0	0.0
-0.0015473319815335529	0.0	0.0
-0.001546841200170364	0.0	0.0
-0.001546718504829567	0.0	0.0
-0.001546963895511161	0.0	0.0
-0.0015475773722151472	0.0	0.0
-0.0015485589349415248	0.0	0.0
-0.0015495404976679024	0.0	0.0
-0.0015508901464166714	0.0	0.0
-0.0015521170998246433	0.0	0.0
-0.0015532213578918182	0.0	0.0
-0.0015540802252773985	0.0	0.0
-0.0015543256159589929	0.0	0.0
-0.0015543256159589929	0.0	0.0
-0.0015534667485734123	0.0	0.0
-0.001551994404483846	0.0	0.0
-0.001549908583690294	0.0	0.0
-0.001546841200170364	0.0	0.0
-0.0015432830352872452	0.0	0.0
-0.0015388660030185464	0.0	0.0
-0.0015338354940458614	0.0	0.0
-0.0015280688130283934	0.0	0.0
-0.0015216886553069393	0.0	0.0
-0.0015146950208814994	0.0	0.0
-0.001506965214411276	0.0	0.0
-0.0014984992358962697	0.0	0.0
-0.0014892970853364802	0.0	0.0
-0.0014792360673911104	0.0	0.0
-0.001468438877400957	0.0	0.0
-0.001456905515366021	0.0	0.0
-0.0014447586766270987	0.0	0.0
-0.0014319983611841907	0.0	0.0
-0.0014189926550596881	0.0	0.0
-0.0014058642535943885	0.0	0.0
-0.001392981242810683	0.0	0.0
-0.0013804663180493693	0.0	0.0
-0.001368319479310447	0.0	0.0
-0.0013571542032979026	0.0	0.0
-0.0013468477946709382	0.0	0.0
-0.0013375229487703516	0.0	0.0
-0.0013291796655961424	0.0	0.0
-0.0013223087265114995	0.0	0.0
-0.0013159285687900453	0.0	0.0
-0.0013107753644765632	0.0	0.0
-0.0013063583322078642	0.0	0.0
-0.0013021866906207595	0.0	0.0
-0.0012986285257376412	0.0	0.0
-0.0012951930561953195	0.0	0.0
-0.0012920029773345926	0.0	0.0
-0.0012885675077922711	0.0	0.0
-0.0012850093429091524	0.0	0.0
-0.0012809603966628452	0.0	0.0
-0.0012766660597349434	0.0	0.0
-0.0012716355507622584	0.0	0.0
-0.0012662369557671818	0.0	0.0
-0.0012597341027049305	0.0	0.0
-0.001252495077597896	0.0	0.0
-0.0012443971851052813	0.0	0.0
-0.0012355631205678834	0.0	0.0
-0.001225870188644905	0.0	0.0
-0.001215686475358738	0.0	0.0
-0.0012047665900277878	0.0	0.0
-0.0011931105326520545	0.0	0.0
-0.0011812090845947265	0.0	0.0
-0.0011685714644926156	0.0	0.0
-0.0011555657583681132	0.0	0.0
-0.0011420692708804217	0.0	0.0
-0.0011282046973703388	0.0	0.0
-0.0011139720378378643	0.0	0.0
-0.0010996166829645925	0.0	0.0
-0.0010847705467281323	0.0	0.0
-0.0010699244104916718	0.0	0.0
-0.001054832883573617	0.0	0.0
-0.0010396186613147649	0.0	0.0
-0.0010244044390559127	0.0	0.0
-0.0010091902167970609	0.0	0.0
-0.0009939759945382088	0.0	0.0
-0.0009786390769385596	0.0	0.0
-0.0009636702453613019	0.0	0.0
-0.0009488241091248416	0.0	0.0
-0.0009342233635699755	0.0	0.0
-0.0009199907040375009	0.0	0.0
-0.0009063715212090125	0.0	0.0
-0.0008931204244029155	0.0	0.0
-0.0008808508903231962	0.0	0.0
-0.0008693175282882599	0.0	0.0
-0.0008588884243204985	0.0	0.0
-0.0008493181877383174	0.0	0.0
-0.0008409749045641082	0.0	0.0
-0.0008336131841162767	0.0	0.0
-0.0008273557217356197	0.0	0.0
-0.0008219571267405431	0.0	0.0
-0.000817417399131047	0.0	0.0
-0.0008134911482255368	0.0	0.0
-0.0008100556786832154	0.0	0.0
-0.0008073563811856772	0.0	0.0
-0.000804779779028936	0.0	0.0
-0.0008026939582353837	0.0	0.0
-0.0008007308327826287	0.0	0.0
-0.000799013098011468	0.0	0.0
-0.0007974180585811044	0.0	0.0
-0.0007958230191507409	0.0	0.0
-0.0007948414564243634	0.0	0.0
-0.0007941052843795801	0.0	0.0
-0.0007937371983571886	0.0	0.0
-0.0007934918076755943	0.0	0.0
-0.000793982589038783	0.0	0.0
-0.0007943506750611746	0.0	0.0
-0.0007949641517651606	0.0	0.0
-0.0007954549331283492	0.0	0.0
-0.0007958230191507409	0.0	0.0
-0.000795945714491538	0.0	0.0
-0.0007958230191507409	0.0	0.0
-0.0007954549331283492	0.0	0.0
-0.0007948414564243634	0.0	0.0
-0.0007943506750611746	0.0	0.0
-0.0007938598936979858	0.0	0.0
-0.0007936145030163913	0.0	0.0
-0.0007936145030163913	0.0	0.0
-0.0007944733704019718	0.0	0.0
-0.0007958230191507409	0.0	0.0
-0.0007976634492626989	0.0	0.0
-0.0008001173560786426	0.0	0.0
-0.0008029393489169782	0.0	0.0
-0.0008062521231185024	0.0	0.0
-0.0008094422019792295	0.0	0.0
-0.0008125095854991592	0.0	0.0
-0.0008155769690190891	0.0	0.0
-0.0008181535711758301	0.0	0.0
-0.0008203620873101797	0.0	0.0
-0.0008219571267405431	0.0	0.0
-0.0008234294708301096	0.0	0.0
-0.0008244110335564871	0.0	0.0
-0.0008252699009420675	0.0	0.0
-0.0008257606823052562	0.0	0.0
-0.000826251463668445	0.0	0.0
-0.0008264968543500393	0.0	0.0
-0.0008267422450316338	0.0	0.0
-0.0008268649403724308	0.0	0.0
-0.0008267422450316338	0.0	0.0
-0.000826251463668445	0.0	0.0
-0.0008255152916236618	0.0	0.0
-0.0008240429475340954	0.0	0.0
-0.0008217117360589487	0.0	0.0
-0.0008187670478798162	0.0	0.0
-0.0008148407969743059	0.0	0.0
-0.0008101783740240127	0.0	0.0
-0.0008044116930065445	0.0	0.0
-0.0007980315352850904	0.0	0.0
-0.000790792510178056	0.0	0.0
-0.0007833080943894272	0.0	0.0
-0.0007752102018968123	0.0	0.0
-0.0007669896140634004	0.0	0.0
-0.0007586463308891912	0.0	0.0
-0.0007501803523741848	0.0	0.0
-0.0007420824598815699	0.0	0.0
-0.0007341072627297525	0.0	0.0
-0.0007263774562595292	0.0	0.0
-0.0007188930404709005	0.0	0.0
-0.0007115313200230688	0.0	0.0
-0.0007042922949160343	0.0	0.0
-0.0006968078791274056	0.0	0.0
-0.000689446158679574	0.0	0.0
-0.0006815936568685535	0.0	0.0
-0.0006736184597167359	0.0	0.0
-0.0006652751765425267	0.0	0.0
-0.0006570545887091147	0.0	0.0
-0.000648343219512514	0.0	0.0
-0.0006397545456567104	0.0	0.0
-0.0006309204811193125	0.0	0.0
-0.0006223318072635089	0.0	0.0
-0.0006136204380669081	0.0	0.0
-0.0006051544595519017	0.0	0.0
-0.0005965657856960982	0.0	0.0
-0.000588222502521889	0.0	0.0
-0.0005798792193476798	0.0	0.0
-0.0005715359361734706	0.0	0.0
-0.0005634380436808558	0.0	0.0
-0.0005550947605066466	0.0	0.0
-0.0005468741726732347	0.0	0.0
-0.00053877628018062	0.0	0.0
-0.0005308010830288024	0.0	0.0
-0.0005229485812177819	0.0	0.0
-0.0005153414700883559	0.0	0.0
-0.0005079797496405243	0.0	0.0
-0.0005011088105558814	0.0	0.0
-0.0004946059574936302	0.0	0.0
-0.0004884711904537705	0.0	0.0
-0.00048294990011789676	0.0	0.0
-0.0004777966958044146	0.0	0.0
-0.00047313427285412124	0.0	0.0
-0.0004690853266078138	0.0	0.0
-0.00046552716172469524	0.0	0.0
-0.00046245977820476536	0.0	0.0
-0.00045976048070722715	0.0	0.0
-0.000457797355254472	0.0	0.0
-0.0004560796204833113	0.0	0.0
-0.0004548526670753394	0.0	0.0
-0.0004538711043489618	0.0	0.0
-0.0004527668462817871	0.0	0.0
-0.00045153989287381513	0.0	0.0
-0.000450190244125046	0.0	0.0
-0.0004483498140130881	0.0	0.0
-0.00044589590719714426	0.0	0.0
-0.0004429512190180116	0.0	0.0
-0.00043939305413489297	0.0	0.0
-0.00043522141254778837	0.0	0.0
-0.00043055898959749503	0.0	0.0
-0.0004255284806248101	0.0	0.0
-0.0004202525809705307	0.0	0.0
-0.00041497668131625136	0.0	0.0
-0.0004095780863211749	0.0	0.0
-0.0004045475773484899	0.0	0.0
-0.00039988515439819654	0.0	0.0
-0.00039559081747029477	0.0	0.0
-0.00039190995724637897	0.0	0.0
-0.0003884744877040575	0.0	0.0
-0.0003855297995249249	0.0	0.0
-0.00038283050202738664	0.0	0.0
-0.0003801312045298483	0.0	0.0
-0.0003774319070323101	0.0	0.0
-0.00037448721885317745	0.0	0.0
-0.0003711744446516532	0.0	0.0
-0.00036761627976853465	0.0	0.0
-0.00036344463818143005	0.0	0.0
-0.00035902760591273106	0.0	0.0
-0.00035436518296243767	0.0	0.0
-0.0003497027600121443	0.0	0.0
-0.0003451630324026481	0.0	0.0
-0.0003407460001339492	0.0	0.0
-0.00033718783525083055	0.0	0.0
-0.0003341204517309007	0.0	0.0
-0.00033166654491495684	0.0	0.0
-0.00033019420082539046	0.0	0.0
-0.00032933533343981015	0.0	0.0
-0.00032933533343981015	0.0	0.0
-0.0003297034194622017	0.0	0.0
-0.00033043959150698486	0.0	0.0
-0.00033142115423336245	0.0	0.0
-0.00033240271695974	0.0	0.0
-0.00033326158434532035	0.0	0.0
-0.0003341204517309007	0.0	0.0
-0.00033461123309408945	0.0	0.0
-0.0003347339284348866	0.0	0.0
-0.0003348566237756839	0.0	0.0
-0.0003348566237756839	0.0	0.0
-0.0003349793191164811	0.0	0.0
-0.0003352247097980755	0.0	0.0
-0.00033583818650206144	0.0	0.0
-0.00033694244456923615	0.0	0.0
-0.0003384147886588025	0.0	0.0
-0.00034062330479315195	0.0	0.0
-0.0003434452976314874	0.0	0.0
-0.00034651268115141727	0.0	0.0
-0.0003498254553529415	0.0	0.0
-0.0003535063155768573	0.0	0.0
-0.00035718717580077316	0.0	0.0
-0.00036074534068389173	0.0	0.0
-0.00036430350556701036	0.0	0.0
-0.00036761627976853465	0.0	0.0
-0.0003706836632884644	0.0	0.0
-0.00037350565612679986	0.0	0.0
-0.00037583686760194656	0.0	0.0
-0.00037792268839549885	0.0	0.0
-0.0003795177278258624	0.0	0.0
-0.00038062198589303717	0.0	0.0
-0.00038123546259702314	0.0	0.0
-0.00038123546259702314	0.0	0.0
-0.00038074468123383434	0.0	0.0
-0.000379885813848254	0.0	0.0
-0.0003784134697586877	0.0	0.0
-0.000376695734987527	0.0	0.0
-0.0003743645235123803	0.0	0.0
-0.00037178792135563924	0.0	0.0
-0.0003689659285173037	0.0	0.0
-0.00036553045897498235	0.0	0.0
-0.0003618495987510665	0.0	0.0
-0.0003576779571639619	0.0	0.0
-0.00035301553421366856	0.0	0.0
-0.00034810772058178083	0.0	0.0
-0.00034283182092750147	0.0	0.0
-0.00033718783525083055	0.0	0.0
-0.0003310530682109709	0.0	0.0
-0.000324795605830314	0.0	0.0
-0.0003182927527680627	0.0	0.0
-0.00031166720436501423	0.0	0.0
-0.0003049189606211686	0.0	0.0
-0.00029829341221812014	0.0	0.0
-0.0002916678638150717	0.0	0.0
-0.0002851650107528204	0.0	0.0
-0.0002790302437129607	0.0	0.0
-0.00027301817201389817	0.0	0.0
-0.00026725149099643007	0.0	0.0
-0.00026173020066055637	0.0	0.0
-0.00025633160566547984	0.0	0.0
-0.0002510557060112005	0.0	0.0
-0.00024590250169771835	0.0	0.0
-0.00024074929738423622	0.0	0.0
-0.0002355960930707541	0.0	0.0
-0.00023032019341647476	0.0	0.0
-0.00022492159842139823	0.0	0.0
-0.0002195230034263217	0.0	0.0
-0.00021412440843124518	0.0	0.0
-0.00020872581343616865	0.0	0.0
-0.00020332721844109212	0.0	0.0
-0.0001979286234460156	0.0	0.0
-0.00019277541913253346	0.0	0.0
-0.0001879903008414429	0.0	0.0
-0.00018345057323194673	0.0	0.0
-0.00017915623630404497	0.0	0.0
-0.00017535268073933194	0.0	0.0
-0.0001721626018786049	0.0	0.0
-0.00016934060904026947	0.0	0.0
-0.00016676400688352838	0.0	0.0
-0.00016443279540838168	0.0	0.0
-0.00016222427927403221	0.0	0.0
-0.0001602611538212771	0.0	0.0
-0.000158298028368522	0.0	0.0
-0.0001562122075749697	0.0	0.0
-0.00015412638678141742	0.0	0.0
-0.00015216326132866232	0.0	0.0
-0.00015020013587590722	0.0	0.0
-0.0001483597057639493	0.0	0.0
-0.000146273884970397	0.0	0.0
-0.0001445561501992363	0.0	0.0
-0.0001428384154280756	0.0	0.0
-0.00014124337599771207	0.0	0.0
-0.00013977103190814574	0.0	0.0
-0.0001384213831593766	0.0	0.0
-0.00013719442975140467	0.0	0.0
-0.00013609017168422994	0.0	0.0
-0.000134863218276258	0.0	0.0
-0.00013351356952748887	0.0	0.0
-0.00013204122543792254	0.0	0.0
-0.00013032349066676184	0.0	0.0
-0.00012823766987320954	0.0	0.0
-0.00012578376305726565	0.0	0.0
-0.00012259368419653861	0.0	0.0
-0.0001187901286318256	0.0	0.0
-0.00011461848704472102	0.0	0.0
-0.00010971067341283326	0.0	0.0
-0.00010406668773616236	0.0	0.0
-9.780922535550547e-05	0.0	0.0
-9.093828627086262e-05	0.0	0.0
-8.3576565823031e-05	0.0	0.0
-7.535597798961902e-05	0.0	0.0
-6.664460879301826e-05	0.0	0.0
-5.7687848914823106e-05	0.0	0.0
-4.811761233264199e-05	0.0	0.0
-3.830198506886649e-05	0.0	0.0
-2.7995576441902213e-05	0.0	0.0
-1.732108179254635e-05	0.0	0.0
-6.5238918023932995e-06	0.0	0.0
4.518688869354141e-06	0.0	0.0
1.5438574200304387e-05	0.0	0.0
2.672654555364622e-05	0.0	0.0
3.8014516906988044e-05	0.0	0.0
4.917979291953268e-05	0.0	0.0
6.04677642728745e-05	0.0	0.0
7.175573562621633e-05	0.0	0.0
8.292101163876096e-05	0.0	0.0
9.42089829921028e-05	0.0	0.0
0.00010537425900464744	0.0	0.0
0.00011641683967639487	0.0	0.0
0.00012758211568893952	0.0	0.0
0.00013862469636068695	0.0	0.0
0.00014978997237323157	0.0	0.0
0.000160832553044979	0.0	0.0
0.00017199782905752366	0.0	0.0
0.00018316310507006828	0.0	0.0
0.00019420568574181574	0.0	0.0
0.00020549365709515756	0.0	0.0
0.0002167816284484994	0.0	0.0
0.00022819229514263838	0.0	0.0
0.0002397256571775746	0.0	0.0
0.0002512590192125108	0.0	0.0
0.00026303777192904145	0.0	0.0
0.0002746938293047748	0.0	0.0
0.00028647258202130546	0.0	0.0
0.00029825133473783606	0.0	0.0
0.0003101527827951638	0.0	0.0
0.00032168614483010007	0.0	0.0
0.00033321950686503627	0.0	0.0
0.0003443847828775809	0.0	0.0
0.00035542736354932835	0.0	0.0
0.0003662245535394814	0.0	0.0
0.0003766536575072429	0.0	0.0
0.0003865919801118156	0.0	0.0
0.0003960395213531995	0.0	0.0
0.0004051189765721918	0.0	0.0
0.00041358495508719823	0.0	0.0
0.0004215601522390158	0.0	0.0
0.0004290445680276446	0.0	0.0
0.0004356701164306931	0.0	0.0
0.00044180488347055275	0.0	0.0
0.00044720347846562933	0.0	0.0
0.0004519885967567199	0.0	0.0
0.0004559148476622301	0.0	0.0
0.0004591049265229571	0.0	0.0
0.00046131344265730657	0.0	0.0
0.0004629084820876701	0.0	0.0
0.00046389004481404766	0.0	0.0
0.00046389004481404766	0.0	0.0
0.0004631538727692645	0.0	0.0
0.00046168152867969814	0.0	0.0
0.0004593503172045515	0.0	0.0
0.0004561602383438245	0.0	0.0
0.00045211129209751707	0.0	0.0
0.00044708078312483216	0.0	0.0
0.00044119140676656684	0.0	0.0
0.000434320467681924	0.0	0.0
0.00042659066121170076	0.0	0.0
0.00041800198735589717	0.0	0.0
0.00040855444611451327	0.0	0.0
0.0003981253421467518	0.0	0.0
0.00038696006613420716	0.0	0.0
0.00037530400875847373	0.0	0.0
0.00036278908399716	0.0	0.0
0.0003502741592358462	0.0	0.0
0.00033714575777054646	0.0	0.0
0.0003238946609644496	0.0	0.0
0.00031052086881755544	0.0	0.0
0.0002972697720114585	0.0	0.0
0.00028414137054615877	0.0	0.0
0.0002711356644216562	0.0	0.0
0.00025862073966034246	0.0	0.0
0.00024610581489902867	0.0	0.0
0.0002340816715009037	0.0	0.0
0.00022242561412517029	0.0	0.0
0.00021138303345342286	0.0	0.0
0.000200708538804067	0.0	0.0
0.00019040213017710274	0.0	0.0
0.00018070919825412441	0.0	0.0
0.0001713843523535377	0.0	0.0
0.00016267298315693693	0.0	0.0
0.00015420700464193054	0.0	0.0
0.00014610911214931577	0.0	0.0
0.00013850200101988975	0.0	0.0
0.00013126297591285532	0.0	0.0
0.00012451473216900966	0.0	0.0
0.00011825726978835277	0.0	0.0
0.00011212250274849309	0.0	0.0
0.00010635582173102499	0.0	0.0
0.00010107992207674564	0.0	0.0
9.59267177632635e-05	0.0	0.0
9.089620879057857e-05	0.0	0.0
8.6111090499488e-05	0.0	0.0
8.144866754919464e-05	0.0	0.0
7.690893993969847e-05	0.0	0.0
7.24919076709995e-05	0.0	0.0
6.807487540230052e-05	0.0	0.0
6.402592915599314e-05	0.0	0.0
5.9854287568888535e-05	0.0	0.0
5.605073200417553e-05	0.0	0.0
5.2369871780259716e-05	0.0	0.0
4.9057097578735485e-05	0.0	0.0
4.5989714058805645e-05	0.0	0.0
4.329041656126738e-05	0.0	0.0
4.108190042691789e-05	0.0	0.0
3.9118774974162785e-05	0.0	0.0
3.8014516906988044e-05	0.0	0.0
3.752373554379927e-05	0.0	0.0
3.740104020300208e-05	0.0	0.0
3.825990758858243e-05	0.0	0.0
3.973225167814876e-05	0.0	0.0
4.2063463153295433e-05	0.0	0.0
4.549893269561686e-05	0.0	0.0
4.967057428272145e-05	0.0	0.0
5.45783879146092e-05	0.0	0.0
6.034506893207732e-05	0.0	0.0
6.6479835971937e-05	0.0	0.0
7.347347039737705e-05	0.0	0.0
8.083519084520868e-05	0.0	0.0
8.844230197463469e-05	0.0	0.0
9.62948037856551e-05	0.0	0.0
0.00010414730559667549	0.0	0.0
0.00011224519808929027	0.0	0.0
0.00012009769990031068	0.0	0.0
0.0001279502017113311	0.0	0.0
0.0001355573128407571	0.0	0.0
0.00014291903328858874	0.0	0.0
0.00014991266771402877	0.0	0.0
0.00015678360679867163	0.0	0.0
0.0001630410691793285	0.0	0.0
0.00016880775019679662	0.0	0.0
0.00017408364985107595	0.0	0.0
0.00017862337746057212	0.0	0.0
0.00018267232370687951	0.0	0.0
0.00018586240256760655	0.0	0.0
0.0001884390047243476	0.0	0.0
0.0001905248255178999	0.0	0.0
0.00019199716960746624	0.0	0.0
0.0001928560369930466	0.0	0.0
0.00019346951369703254	0.0	0.0
0.00019396029506022134	0.0	0.0
0.00019408299040101854	0.0	0.0
0.00019408299040101854	0.0	0.0
0.0001943283810826129	0.0	0.0
0.0001944510764234101	0.0	0.0
0.00019457377176420733	0.0	0.0
0.0001949418577865989	0.0	0.0
0.00019506455312739607	0.0	0.0
0.00019543263914978767	0.0	0.0
0.00019580072517217927	0.0	0.0
0.00019629150653536803	0.0	0.0
0.00019715037392094837	0.0	0.0
0.00019813193664732593	0.0	0.0
0.00019960428073689224	0.0	0.0
0.00020144471084885016	0.0	0.0
0.00020402131300559123	0.0	0.0
0.00020708869652552106	0.0	0.0
0.0002107695567494369	0.0	0.0
0.00021518658901813586	0.0	0.0
0.000220339793331618	0.0	0.0
0.00022573838832669452	0.0	0.0
0.00023138237400336544	0.0	0.0
0.00023739444570242794	0.0	0.0
0.00024365190808308483	0.0	0.0
0.00024954128444135013	0.0	0.0
0.0002554306607996154	0.0	0.0
0.00026095195113548915	0.0	0.0
0.0002659824601081741	0.0	0.0
0.00027064488305846745	0.0	0.0
0.0002746938293047748	0.0	0.0
0.00027849738486948784	0.0	0.0
0.0002818101590710121	0.0	0.0
0.00028463215190934756	0.0	0.0
0.00028733144940688583	0.0	0.0
0.0002897853562228297	0.0	0.0
0.00029199387235717916	0.0	0.0
0.00029407969315073146	0.0	0.0
0.0002960428186034866	0.0	0.0
0.00029800594405624166	0.0	0.0
0.0002998463741681996	0.0	0.0
0.0003016868042801575	0.0	0.0
0.0003034045390513182	0.0	0.0
0.0003052449691632761	0.0	0.0
0.000307085399275234	0.0	0.0
0.0003088031340463947	0.0	0.0
0.00031064356415835267	0.0	0.0
0.00031260668961110774	0.0	0.0
0.0003143244243822684	0.0	0.0
0.0003161648544942263	0.0	0.0
0.00031788258926538704	0.0	0.0
0.00031984571471814217	0.0	0.0
0.0003218088401708973	0.0	0.0
0.00032401735630524677	0.0	0.0
0.00032610317709879906	0.0	0.0
0.00032831169323314853	0.0	0.0
0.000330520209367498	0.0	0.0
0.0003329741161834419	0.0	0.0
0.0003350599369769942	0.0	0.0
0.00033739114845214086	0.0	0.0
0.000339354273904896	0.0	0.0
0.00034131739935765106	0.0	0.0
0.0003429124387880146	0.0	0.0
0.0003446301735591753	0.0	0.0
0.00034597982230794445	0.0	0.0
0.00034708408037511916	0.0	0.0
0.0003481883384422939	0.0	0.0
0.00034916990116867145	0.0	0.0
0.00034990607321345465	0.0	0.0
0.0003505195499174406	0.0	0.0
0.00035101033128062935	0.0	0.0
0.0003515011126438182	0.0	0.0
0.0003518691986662098	0.0	0.0
0.00035223728468860134	0.0	0.0
0.0003526053707109929	0.0	0.0
0.0003532188474149789	0.0	0.0
0.00035407771480055924	0.0	0.0
0.0003550592775269368	0.0	0.0
0.00035640892627570594	0.0	0.0
0.00035824935638766384	0.0	0.0
0.00036033517718121614	0.0	0.0
0.00036266638865636283	0.0	0.0
0.0003657337721762926	0.0	0.0
0.00036880115569622244	0.0	0.0
0.00037235932057934107	0.0	0.0
0.0003762855714848513	0.0	0.0
0.0003803345177311587	0.0	0.0
0.0003843834639774661	0.0	0.0
0.00038843241022377343	0.0	0.0
0.000392604051810878	0.0	0.0
0.0003967756933979826	0.0	0.0
0.00040082463964429005	0.0	0.0
0.0004051189765721918	0.0	0.0
0.0004092906181592964	0.0	0.0
0.00041333956440560383	0.0	0.0
0.00041726581531111403	0.0	0.0
0.00042106937087582706	0.0	0.0
0.00042462753575894563	0.0	0.0
0.0004278176146196727	0.0	0.0
0.00043076230279880535	0.0	0.0
0.0004334616002963436	0.0	0.0
0.0004356701164306931	0.0	0.0
0.000437510546542651	0.0	0.0
0.0004389828906322173	0.0	0.0
0.0004400871486993921	0.0	0.0
0.00044094601608497244	0.0	0.0
0.0004414367974481612	0.0	0.0
0.00044180488347055275	0.0	0.0
0.0004421729694929444	0.0	0.0
0.0004421729694929444	0.0	0.0
0.00044192757881135	0.0	0.0
0.0004415594927889584	0.0	0.0
0.0004410687114257696	0.0	0.0
0.0004400871486993921	0.0	0.0
0.00043910558597301454	0.0	0.0
0.000437510546542651	0.0	0.0
0.00043579281177149026	0.0	0.0
0.0004338296863187352	0.0	0.0
0.0004314984748435885	0.0	0.0
0.000429289958709239	0.0	0.0
0.0004269587472340923	0.0	0.0
0.00042475023109974286	0.0	0.0
0.0004230324963285821	0.0	0.0
0.000421682847579813	0.0	0.0
0.00042094667553502983	0.0	0.0
0.00042094667553502983	0.0	0.0
0.000421682847579813	0.0	0.0
0.0004235232776917709	0.0	0.0
0.0004258544891669176	0.0	0.0
0.00042892187268684745	0.0	0.0
0.00043260273291076325	0.0	0.0
0.000436897069838665	0.0	0.0
0.0004415594927889584	0.0	0.0
0.00044622191573925174	0.0	0.0
0.0004513751200527339	0.0	0.0
0.0004561602383438245	0.0	0.0
0.0004610680519757122	0.0	0.0
0.00046585317026680273	0.0	0.0
0.00047076098389869047	0.0	0.0
0.0004755461021897811	0.0	0.0
0.00048033122048087164	0.0	0.0
0.0004854844247943538	0.0	0.0
0.0004906376291078359	0.0	0.0
0.0004961589194437097	0.0	0.0
0.0005019256004611777	0.0	0.0
0.0005079376721602402	0.0	0.0
0.0005138270485185055	0.0	0.0
0.0005197164248767708	0.0	0.0
0.0005256058012350361	0.0	0.0
0.0005311270915709099	0.0	0.0
0.0005365256865659863	0.0	0.0
0.0005414335001978741	0.0	0.0
0.0005459732278073704	0.0	0.0
0.000550144869394475	0.0	0.0
0.0005540711202999851	0.0	0.0
0.0005577519805239009	0.0	0.0
0.0005613101454070195	0.0	0.0
0.000564745614949341	0.0	0.0
0.0005681810844916624	0.0	0.0
0.000571739249374781	0.0	0.0
0.0005752974142578996	0.0	0.0
0.0005791009698226127	0.0	0.0
0.0005829045253873256	0.0	0.0
0.0005868307762928359	0.0	0.0
0.000590757027198346	0.0	0.0
0.0005946832781038563	0.0	0.0
0.0005986095290093664	0.0	0.0
0.0006022903892332822	0.0	0.0
0.0006058485541164009	0.0	0.0
0.0006091613283179251	0.0	0.0
0.0006122287118378549	0.0	0.0
0.0006150507046761904	0.0	0.0
0.0006177500021737287	0.0	0.0
0.0006200812136488754	0.0	0.0
0.0006220443391016305	0.0	0.0
0.0006236393785319939	0.0	0.0
0.0006249890272807631	0.0	0.0
0.0006260932853479379	0.0	0.0
0.000626829457392721	0.0	0.0
0.0006271975434151126	0.0	0.0
0.000627442934096707	0.0	0.0
0.0006273202387559098	0.0	0.0
0.0006267067620519238	0.0	0.0
0.000626215980688735	0.0	0.0
0.0006253571133031547	0.0	0.0
0.0006243755505767771	0.0	0.0
0.0006233939878503995	0.0	0.0
0.0006226578158056164	0.0	0.0
0.0006220443391016305	0.0	0.0
0.0006216762530792389	0.0	0.0
0.0006219216437608333	0.0	0.0
0.0006221670344424276	0.0	0.0
0.0006229032064872107	0.0	0.0
0.0006241301598951828	0.0	0.0
0.0006254798086439518	0.0	0.0
0.0006273202387559098	0.0	0.0
0.000629406059549462	0.0	0.0
0.000631859966365406	0.0	0.0
0.0006345592638629441	0.0	0.0
0.0006378720380644685	0.0	0.0
0.0006415528982883843	0.0	0.0
0.0006458472352162861	0.0	0.0
0.0006505096581665794	0.0	0.0
0.0006560309485024532	0.0	0.0
0.0006619203248607184	0.0	0.0
0.0006684231779229697	0.0	0.0
0.0006755395076892069	0.0	0.0
0.0006826558374554441	0.0	0.0
0.0006901402532440731	0.0	0.0
0.0006978700597142962	0.0	0.0
0.0007054771708437222	0.0	0.0
0.0007128388912915538	0.0	0.0
0.0007199552210577911	0.0	0.0
0.0007265807694608396	0.0	0.0
0.0007327155365006992	0.0	0.0
0.0007383595221773701	0.0	0.0
0.0007435127264908523	0.0	0.0
0.0007480524541003485	0.0	0.0
0.0007524694863690474	0.0	0.0
0.0007565184326153548	0.0	0.0
0.0007601992928392707	0.0	0.0
0.000763634762381592	0.0	0.0
0.0007670702319239135	0.0	0.0
0.000769892224762249	0.0	0.0
0.0007728369129413816	0.0	0.0
0.0007752908197573255	0.0	0.0
0.000777499335891675	0.0	0.0
0.0007793397660036329	0.0	0.0
0.0007805667194116048	0.0	0.0
0.0007815482821379823	0.0	0.0
0.0007819163681603739	0.0	0.0
0.0007816709774787796	0.0	0.0
0.0007809348054339965	0.0	0.0
0.0007797078520260244	0.0	0.0
0.0007778674219140665	0.0	0.0
0.0007757816011205142	0.0	0.0
0.0007735730849861648	0.0	0.0
0.0007708737874886264	0.0	0.0
0.000768051794650291	0.0	0.0
0.0007652298018119556	0.0	0.0
0.0007621624182920257	0.0	0.0
0.0007588496440905016	0.0	0.0
0.0007555368698889773	0.0	0.0
0.0007523467910282503	0.0	0.0
0.0007489113214859288	0.0	0.0
0.0007453531566028102	0.0	0.0
0.0007415496010380972	0.0	0.0
0.0007377460454733842	0.0	0.0
0.0007339424899086712	0.0	0.0
0.0007295254576399722	0.0	0.0
0.0007251084253712732	0.0	0.0
0.0007203233070801827	0.0	0.0
0.000715415493448295	0.0	0.0
0.0007102622891348127	0.0	0.0
0.0007048636941397363	0.0	0.0
0.0006995877944854569	0.0	0.0
0.0006941891994903804	0.0	0.0
0.0006887906044953039	0.0	0.0
0.0006832693141594302	0.0	0.0
0.000678116109845948	0.0	0.0
0.0006727175148508715	0.0	0.0
0.0006673189198557949	0.0	0.0
0.000661674934179124	0.0	0.0
0.0006556628624800615	0.0	0.0
0.000649650790780999	0.0	0.0
0.0006433933284003421	0.0	0.0
0.0006363996939749021	0.0	0.0
0.0006292833642086649	0.0	0.0
0.0006215535577384416	0.0	0.0
0.0006135783605866241	0.0	0.0
0.0006048669913900234	0.0	0.0
0.0005960329268526254	0.0	0.0
0.0005867080809520386	0.0	0.0
0.0005771378443698575	0.0	0.0
0.0005674449124468792	0.0	0.0
0.0005576292851831037	0.0	0.0
0.0005480590486009226	0.0	0.0
0.0005382434213371471	0.0	0.0
0.0005289185754365605	0.0	0.0
0.0005195937295359736	0.0	0.0
0.0005106369696577785	0.0	0.0
0.0005016802097795834	0.0	0.0
0.0004928461452421854	0.0	0.0
0.00048425747138638184	0.0	0.0
0.0004755461021897811	0.0	0.0
0.0004668347329931803	0.0	0.0
0.00045812336379657956	0.0	0.0
0.00044928929925918163	0.0	0.0
0.0004403325393809864	0.0	0.0
0.0004312530841619941	0.0	0.0
0.00042241901962459616	0.0	0.0
0.000413462259746401	0.0	0.0
0.0004045054998682059	0.0	0.0
0.00039579413067160514	0.0	0.0
0.00038720545681580155	0.0	0.0
0.0003787394783007952	0.0	0.0
0.000370396195126586	0.0	0.0
0.00036242099797476843	0.0	0.0
0.0003544458008229508	0.0	0.0
0.0003464706036711332	0.0	0.0
0.00033861810186011285	0.0	0.0
0.000330520209367498	0.0	0.0
0.00032217692619328887	0.0	0.0
0.0003133428616558909	0.0	0.0
0.00030426340643689855	0.0	0.0
0.0002948158651955146	0.0	0.0
0.00028475484725014473	0.0	0.0
0.00027432574328238325	0.0	0.0
0.000263405857951433	0.0	0.0
0.0002524859726204828	0.0	0.0
0.00024095261058554657	0.0	0.0
0.00022966463923220474	0.0	0.0
0.0002182539725380657	0.0	0.0
0.00020708869652552106	0.0	0.0
0.0001964142018761652	0.0	0.0
0.00018573970722680935	0.0	0.0
0.00017555599394064228	0.0	0.0
0.00016574036667686676	0.0	0.0
0.00015653821611707723	0.0	0.0
0.0001474587608980849	0.0	0.0
0.00013850200101988975	0.0	0.0
0.000129790631823289	0.0	0.0
0.00012120195796748543	0.0	0.0
0.00011273597945247905	0.0	0.0
0.00010377921957428391	0.0	0.0
9.482245969608877e-05	0.0	0.0
8.537491845470484e-05	0.0	0.0
7.568198653172653e-05	0.0	0.0
6.586635926795104e-05	0.0	0.0
5.5559950640986755e-05	0.0	0.0
4.500815133242809e-05	0.0	0.0
3.457904736466662e-05	0.0	0.0
2.4149943396905146e-05	0.0	0.0
1.3966230110738063e-05	0.0	0.0
3.9052121653681725e-06	0.0	0.0
-5.4196337352185555e-06	0.0	0.0
-1.4499088954210894e-05	0.0	0.0
-2.3210458150811654e-05	0.0	0.0
-3.1308350643426444e-05	0.0	0.0
-3.9160852454446846e-05	0.0	0.0
-4.652257290227847e-05	0.0	0.0
-5.38842933501101e-05	0.0	0.0
-6.124601379794173e-05	0.0	0.0
-6.836234356417896e-05	0.0	0.0
-7.54786733304162e-05	0.0	0.0
-8.247230775585625e-05	0.0	0.0
-8.93432468404991e-05	0.0	0.0
-9.596879524354757e-05	0.0	0.0
-0.00010247164830579883	0.0	0.0
-0.00010836102466406414	0.0	0.0
-0.00011425040102232944	0.0	0.0
-0.00011964899601740597	0.0	0.0
-0.0001246795049900909	0.0	0.0
-0.0001290965372587899	0.0	0.0
-0.00013326817884589447	0.0	0.0
-0.0001370717344106075	0.0	0.0
-0.0001407525946345233	0.0	0.0
-0.0001441880641768447	0.0	0.0
-0.00014750083837836893	0.0	0.0
-0.0001509363079206904	0.0	0.0
-0.00015437177746301182	0.0	0.0
-0.00015756185632373885	0.0	0.0
-0.00016087463052526308	0.0	0.0
-0.00016381931870439574	0.0	0.0
-0.00016664131154273118	0.0	0.0
-0.00016934060904026947	0.0	0.0
-0.00017130373449302454	0.0	0.0
-0.00017302146926418527	0.0	0.0
-0.0001742484226721572	0.0	0.0
-0.00017486189937614317	0.0	0.0
-0.00017486189937614317	0.0	0.0
-0.00017437111801295438	0.0	0.0
-0.00017363494596817124	0.0	0.0
-0.00017240799256019928	0.0	0.0
-0.00017093564847063297	0.0	0.0
-0.00016921791369947225	0.0	0.0
-0.00016725478824671717	0.0	0.0
-0.00016529166279396205	0.0	0.0
-0.00016357392802280132	0.0	0.0
-0.00016173349791084345	0.0	0.0
-0.00015989306779888552	0.0	0.0
-0.00015817533302772482	0.0	0.0
-0.0001562122075749697	0.0	0.0
-0.00015437177746301182	0.0	0.0
-0.0001524086520102567	0.0	0.0
-0.00015032283121670442	0.0	0.0
-0.00014774622905996336	0.0	0.0
-0.00014516962690322226	0.0	0.0
-0.00014197954804249523	0.0	0.0
-0.0001385440785001738	0.0	0.0
-0.0001346178275946636	0.0	0.0
-0.00013044618600755904	0.0	0.0
-0.00012590645839806287	0.0	0.0
-0.0001209986447661751	0.0	0.0
-0.00011572274511189575	0.0	0.0
-0.00011032415011681923	0.0	0.0
-0.00010455746909935113	0.0	0.0
-9.854539740028863e-05	0.0	0.0
-9.228793501963175e-05	0.0	0.0
-8.578508195738048e-05	0.0	0.0
-7.891414287273763e-05	0.0	0.0
-7.1552422424906e-05	0.0	0.0
-6.394531129547999e-05	0.0	0.0
-5.597011414366239e-05	0.0	0.0
-4.750413562865602e-05	0.0	0.0
-3.854737575046088e-05	0.0	0.0
-2.922252984987415e-05	0.0	0.0
-1.9652293267693032e-05	0.0	0.0
-9.591275322323144e-06	0.0	0.0
7.151333046411338e-07	0.0	0.0
1.1512323294794187e-05	0.0	0.0
2.2432208625744435e-05	0.0	0.0
3.347478929749188e-05	0.0	0.0
4.4517369969239314e-05	0.0	0.0
5.568264598178395e-05	0.0	0.0
6.672522665353139e-05	0.0	0.0
7.764511198448164e-05	0.0	0.0
8.81969112930403e-05	0.0	0.0
9.838062457920738e-05	0.0	0.0
0.00010819625184298289	0.0	0.0
0.0001176437930843668	0.0	0.0
0.00012647785762176476	0.0	0.0
0.00013482114079597392	0.0	0.0
0.00014267364260699434	0.0	0.0
0.00014978997237323157	0.0	0.0
0.00015641552077628004	0.0	0.0
0.00016230489713454536	0.0	0.0
0.0001677034921296219	0.0	0.0
0.00017236591507991522	0.0	0.0
0.00017641486132622265	0.0	0.0
0.00017997302620934125	0.0	0.0
0.00018254962836608231	0.0	0.0
0.00018439005847804021	0.0	0.0
0.00018561701188601215	0.0	0.0
0.00018623048858999814	0.0	0.0
0.00018598509790840374	0.0	0.0
0.00018524892586362058	0.0	0.0
0.00018389927711485145	0.0	0.0
0.00018181345632129918	0.0	0.0
0.00017960494018694968	0.0	0.0
0.0001770283380302086	0.0	0.0
0.00017432904053267035	0.0	0.0
0.00017162974303513206	0.0	0.0
0.00016893044553759382	0.0	0.0
0.00016623114804005553	0.0	0.0
0.00016414532724650323	0.0	0.0
0.00016193681111215376	0.0	0.0
0.00015997368565939866	0.0	0.0
0.00015837864622903513	0.0	0.0
0.000157028997480266	0.0	0.0
0.0001555566533906997	0.0	0.0
0.00015432969998272774	0.0	0.0
0.0001529800512339586	0.0	0.0
0.00015163040248518947	0.0	0.0
0.00015015805839562317	0.0	0.0
0.00014856301896525964	0.0	0.0
0.00014696797953489614	0.0	0.0
0.00014549563544532978	0.0	0.0
0.00014402329135576348	0.0	0.0
0.00014242825192539995	0.0	0.0
0.00014095590783583362	0.0	0.0
0.00013985164976865888	0.0	0.0
0.00013837930567909258	0.0	0.0
0.00013727504761191782	0.0	0.0
0.00013592539886314866	0.0	0.0
0.00013457575011437955	0.0	0.0
0.00013273532000242165	0.0	0.0
0.00013077219454966655	0.0	0.0
0.00012819559239292546	0.0	0.0
0.00012537359955459002	0.0	0.0
0.0001218154346714714	0.0	0.0
0.0001178891837659612	0.0	0.0
0.00011334945615646502	0.0	0.0
0.00010831894718378007	0.0	0.0
0.00010292035218870355	0.0	0.0
9.715367117123545e-05	0.0	0.0
9.089620879057857e-05	0.0	0.0
8.451605106912448e-05	0.0	0.0
7.764511198448164e-05	0.0	0.0
7.05287822182444e-05	0.0	0.0
6.316706177041277e-05	0.0	0.0
5.5559950640986755e-05	0.0	0.0
4.746205814837196e-05	0.0	0.0
3.9241470314959984e-05	0.0	0.0
3.0530101118359224e-05	0.0	0.0
2.1573341240164077e-05	0.0	0.0
1.2125799998780156e-05	0.0	0.0
2.6782587573962344e-06	0.0	0.0
-7.137368506379269e-06	0.0	0.0
-1.695299577015477e-05	0.0	0.0
-2.7136709056321855e-05	0.0	0.0
-3.719772700169175e-05	0.0	0.0
-4.750413562865602e-05	0.0	0.0
-5.7565153574025914e-05	0.0	0.0
-6.750347617859861e-05	0.0	0.0
-7.768718946476568e-05	0.0	0.0
-8.774820741013559e-05	0.0	0.0
-9.780922535550547e-05	0.0	0.0
-0.00010799293864167256	0.0	0.0
-0.00011817665192783964	0.0	0.0
-0.00012823766987320954	0.0	0.0
-0.0001384213831593766	0.0	0.0
-0.0001484824011047465	0.0	0.0
-0.00015805263768692762	0.0	0.0
-0.00016750017892831154	0.0	0.0
-0.00017645693880650667	0.0	0.0
-0.00018516830800310743	0.0	0.0
-0.00019326620049572225	0.0	0.0
-0.00020099600696594545	0.0	0.0
-0.00020835772741377708	0.0	0.0
-0.00021522866649841994	0.0	0.0
-0.0002218542149014684	0.0	0.0
-0.00022811167728212527	0.0	0.0
-0.00023424644432198496	0.0	0.0
-0.00024013582068025026	0.0	0.0
-0.00024590250169771835	0.0	0.0
-0.00025166918271518645	0.0	0.0
-0.0002575585590734518	0.0	0.0
-0.00026332524009091993	0.0	0.0
-0.00026909192110838797	0.0	0.0
-0.0002746132114442617	0.0	0.0
-0.0002802571971209326	0.0	0.0
-0.0002854104014344148	0.0	0.0
-0.0002906863010886941	0.0	0.0
-0.0002953487240389874	0.0	0.0
-0.0002998884516484836	0.0	0.0
-0.0003043054839171826	0.0	0.0
-0.00030859982084508435	0.0	0.0
-0.0003125260717505946	0.0	0.0
-0.00031657501799690197	0.0	0.0
-0.0003205012689024122	0.0	0.0
-0.0003245502151487196	0.0	0.0
-0.00032884455207662135	0.0	0.0
-0.0003333842796861175	0.0	0.0
-0.0003384147886588025	0.0	0.0
-0.00034369068831308184	0.0	0.0
-0.0003493346739897527	0.0	0.0
-0.0003553467456888152	0.0	0.0
-0.0003618495987510665	0.0	0.0
-0.0003683524518133178	0.0	0.0
-0.0003751006955571634	0.0	0.0
-0.00038209432998260345	0.0	0.0
-0.00038933335508963793	0.0	0.0
-0.00039657238019667236	0.0	0.0
-0.00040405679598530113	0.0	0.0
-0.0004114185164331328	0.0	0.0
-0.0004192710182441532	0.0	0.0
-0.0004270008247143764	0.0	0.0
-0.0004348533265253968	0.0	0.0
-0.0004429512190180116	0.0	0.0
-0.00045129450219222073	0.0	0.0
-0.00045976048070722715	0.0	0.0
-0.0004685945452446251	0.0	0.0
-0.0004776740004636174	0.0	0.0
-0.0004869988463642042	0.0	0.0
-0.0004963236922647909	0.0	0.0
-0.0005060166241877692	0.0	0.0
-0.0005157095561107476	0.0	0.0
-0.000525525183374523	0.0	0.0
-0.0005352181152975013	0.0	0.0
-0.000544542961198088	0.0	0.0
-0.0005536224164170803	0.0	0.0
-0.000562211090272884	0.0	0.0
-0.0005704316781062959	0.0	0.0
-0.0005782841799173163	0.0	0.0
-0.0005855232050243507	0.0	0.0
-0.0005922714487681963	0.0	0.0
-0.0005982835204672588	0.0	0.0
-0.000604050201484727	0.0	0.0
-0.0006092034057982092	0.0	0.0
-0.0006138658287485024	0.0	0.0
-0.000618037470335607	0.0	0.0
-0.0006215956352187258	0.0	0.0
-0.0006246630187386556	0.0	0.0
-0.0006269942302138023	0.0	0.0
-0.0006289573556665573	0.0	0.0
-0.0006303070044153265	0.0	0.0
-0.0006309204811193125	0.0	0.0
-0.0006311658718009069	0.0	0.0
-0.0006311658718009069	0.0	0.0
-0.0006305523950969208	0.0	0.0
-0.000629938918392935	0.0	0.0
-0.0006292027463481518	0.0	0.0
-0.0006285892696441658	0.0	0.0
-0.0006280984882809771	0.0	0.0
-0.0006278530975993826	0.0	0.0
-0.0006279757929401798	0.0	0.0
-0.0006282211836217741	0.0	0.0
-0.0006289573556665573	0.0	0.0
-0.000630061613733732	0.0	0.0
-0.000631288567141704	0.0	0.0
-0.0006326382158904732	0.0	0.0
-0.0006342332553208366	0.0	0.0
-0.0006358282947512002	0.0	0.0
-0.0006375460295223609	0.0	0.0
-0.0006393864596343188	0.0	0.0
-0.0006411041944054795	0.0	0.0
-0.0006429446245174374	0.0	0.0
-0.0006447850546293954	0.0	0.0
-0.0006467481800821504	0.0	0.0
-0.0006485886101941083	0.0	0.0
-0.0006506744309876607	0.0	0.0
-0.0006527602517812129	0.0	0.0
-0.0006549687679155624	0.0	0.0
-0.0006570545887091147	0.0	0.0
-0.0006595084955250587	0.0	0.0
-0.0006614716209778136	0.0	0.0
-0.000663557441771366	0.0	0.0
-0.0006655205672241211	0.0	0.0
-0.000667360997336079	0.0	0.0
-0.0006688333414256453	0.0	0.0
-0.0006701829901744144	0.0	0.0
-0.0006712872482415893	0.0	0.0
-0.000672391506308764	0.0	0.0
-0.0006731276783535472	0.0	0.0
-0.0006739865457391274	0.0	0.0
-0.0006749681084655051	0.0	0.0
-0.0006760723665326798	0.0	0.0
-0.0006776674059630433	0.0	0.0
-0.0006797532267565956	0.0	0.0
-0.000682575219594931	0.0	0.0
-0.0006861333844780497	0.0	0.0
-0.0006904277214059514	0.0	0.0
-0.0006953355350378392	0.0	0.0
-0.0007009795207145102	0.0	0.0
-0.0007073596784359642	0.0	0.0
-0.0007142306175206071	0.0	0.0
-0.0007212242519460472	0.0	0.0
-0.0007285859723938787	0.0	0.0
-0.0007360703881825075	0.0	0.0
-0.0007434321086303391	0.0	0.0
-0.0007507938290781707	0.0	0.0
-0.0007581555495260024	0.0	0.0
-0.0007650264886106452	0.0	0.0
-0.0007718974276952882	0.0	0.0
-0.0007786456714391338	0.0	0.0
-0.0007850258291605878	0.0	0.0
-0.0007914059868820419	0.0	0.0
-0.0007977861446034959	0.0	0.0
-0.0008039209116433557	0.0	0.0
-0.0008100556786832154	0.0	0.0
-0.0008161904457230752	0.0	0.0
-0.000821834431399746	0.0	0.0
-0.0008274784170764169	0.0	0.0
-0.000832631621389899	0.0	0.0
-0.000837662130362584	0.0	0.0
-0.0008420791626312829	0.0	0.0
-0.0008462508042183875	0.0	0.0
-0.0008500543597831005	0.0	0.0
-0.0008532444386438276	0.0	0.0
-0.0008561891268229603	0.0	0.0
-0.0008590111196612958	0.0	0.0
-0.0008615877218180368	0.0	0.0
-0.0008641643239747778	0.0	0.0
-0.0008668636214723162	0.0	0.0
-0.0008695629189698544	0.0	0.0
-0.000872507607148987	0.0	0.0
-0.0008758203813505112	0.0	0.0
-0.000879501241574427	0.0	0.0
-0.0008834274924799373	0.0	0.0
-0.0008875991340670418	0.0	0.0
-0.0008921388616765381	0.0	0.0
-0.000897169370649223	0.0	0.0
-0.000902322574962705	0.0	0.0
-0.0009075984746169844	0.0	0.0
-0.0009131197649528582	0.0	0.0
-0.0009186410552887319	0.0	0.0
-0.0009241623456246055	0.0	0.0
-0.0009294382452788849	0.0	0.0
-0.0009347141449331643	0.0	0.0
-0.0009399900445874437	0.0	0.0
-0.0009451432489009258	0.0	0.0
-0.0009501737578736107	0.0	0.0
-0.0009550815715054985	0.0	0.0
-0.0009599893851373862	0.0	0.0
-0.000965019894110071	0.0	0.0
-0.000970050403082756	0.0	0.0
-0.0009752036073962382	0.0	0.0
-0.0009803568117097204	0.0	0.0
-0.0009856327113639998	0.0	0.0
-0.0009911540016998733	0.0	0.0
-0.0009966752920357472	0.0	0.0
-0.001002319277712418	0.0	0.0
-0.001008085958729886	0.0	0.0
-0.0010139753350881515	0.0	0.0
-0.0010198647114464169	0.0	0.0
-0.001025754087804682	0.0	0.0
-0.0010315207688221502	0.0	0.0
-0.0010372874498396183	0.0	0.0
-0.0010430541308570865	0.0	0.0
-0.0010485754211929602	0.0	0.0
-0.0010539740161880366	0.0	0.0
-0.0010591272205015187	0.0	0.0
-0.0010640350341334065	0.0	0.0
-0.0010685747617429028	0.0	0.0
-0.0010729917940116016	0.0	0.0
-0.001076918044917112	0.0	0.0
-0.0010809669911634192	0.0	0.0
-0.001084647851387335	0.0	0.0
-0.001088451406952048	0.0	0.0
-0.0010920095718351666	0.0	0.0
-0.0010958131273998797	0.0	0.0
-0.00109973937830539	0.0	0.0
-0.0011037883245516972	0.0	0.0
-0.0011082053568203963	0.0	0.0
-0.001112622389089095	0.0	0.0
-0.0011172848120393885	0.0	0.0
-0.0011218245396488848	0.0	0.0
-0.0011267323532807726	0.0	0.0
-0.0011312720808902689	0.0	0.0
-0.001135934503840562	0.0	0.0
-0.0011404742314500582	0.0	0.0
-0.0011450139590595543	0.0	0.0
-0.001149308295987456	0.0	0.0
-0.0011533572422337635	0.0	0.0
-0.001157406188480071	0.0	0.0
-0.001161209744044784	0.0	0.0
-0.0011646452135871054	0.0	0.0
-0.0011679579877886298	0.0	0.0
-0.0011709026759677624	0.0	0.0
-0.001173847364146895	0.0	0.0
-0.0011761785756220415	0.0	0.0
-0.001178264396415594	0.0	0.0
-0.0011801048265275519	0.0	0.0
-0.001181454475276321	0.0	0.0
-0.0011824360380026987	0.0	0.0
-0.0011830495147066844	0.0	0.0
-0.0011830495147066844	0.0	0.0
-0.00118280412402509	0.0	0.0
-0.0011823133426619012	0.0	0.0
-0.001181454475276321	0.0	0.0
-0.0011804729125499433	0.0	0.0
-0.0011792459591419716	0.0	0.0
-0.0011778963103932024	0.0	0.0
-0.0011765466616444331	0.0	0.0
-0.0011749516222140698	0.0	0.0
-0.0011733565827837062	0.0	0.0
-0.0011716388480125454	0.0	0.0
-0.0011696757225597902	0.0	0.0
-0.0011675899017662382	0.0	0.0
-0.0011653813856318887	0.0	0.0
-0.001163172869497539	0.0	0.0
-0.0011607189626815953	0.0	0.0
-0.0011582650558656514	0.0	0.0
-0.0011558111490497073	0.0	0.0
-0.0011533572422337635	0.0	0.0
-0.0011509033354178198	0.0	0.0
-0.0011488175146242674	0.0	0.0
-0.0011467316938307151	0.0	0.0
-0.0011451366544003516	0.0	0.0
-0.001143541614969988	0.0	0.0
-0.0011424373569028133	0.0	0.0
-0.001141578489517233	0.0	0.0
-0.0011408423174724498	0.0	0.0
-0.0011404742314500582	0.0	0.0
-0.0011401061454276668	0.0	0.0
-0.0011397380594052751	0.0	0.0
-0.0011394926687236806	0.0	0.0
-0.0011388791920196948	0.0	0.0
-0.0011382657153157089	0.0	0.0
-0.001137284152589331	0.0	0.0
-0.001135934503840562	0.0	0.0
-0.0011343394644101985	0.0	0.0
-0.0011322536436166463	0.0	0.0
-0.0011300451274822967	0.0	0.0
-0.0011275912206663529	0.0	0.0
-0.0011252600091912063	0.0	0.0
-0.001122560711693668	0.0	0.0
-0.0011201068048777242	0.0	0.0
-0.001117530202720983	0.0	0.0
-0.001114953600564242	0.0	0.0
-0.001112499693748298	0.0	0.0
-0.0011099230915915571	0.0	0.0
-0.001107346489434816	0.0	0.0
-0.0011045244965964805	0.0	0.0
-0.001101702503758145	0.0	0.0
-0.0010987578155790124	0.0	0.0
-0.0010959358227406767	0.0	0.0
-0.0010929911345615442	0.0	0.0
-0.0010900464463824116	0.0	0.0
-0.0010871017582032788	0.0	0.0
-0.0010842797653649434	0.0	0.0
-0.0010815804678674054	0.0	0.0
-0.0010790038657106642	0.0	0.0
-0.0010765499588947203	0.0	0.0
-0.0010739733567379792	0.0	0.0
-0.0010712740592404408	0.0	0.0
-0.0010684520664021055	0.0	0.0
-0.0010655073782229727	0.0	0.0
-0.0010621946040214486	0.0	0.0
-0.00105863643913833	0.0	0.0
-0.001054832883573617	0.0	0.0
-0.0010506612419865125	0.0	0.0
-0.0010462442097178132	0.0	0.0
-0.00104158178676752	0.0	0.0
-0.0010366739731356323	0.0	0.0
-0.0010318888548445418	0.0	0.0
-0.0010268583458718568	0.0	0.0
-0.0010217051415583748	0.0	0.0
-0.0010167973279264868	0.0	0.0
-0.0010116441236130047	0.0	0.0
-0.0010066136146403197	0.0	0.0
-0.0010013377149860406	0.0	0.0
-0.000995939119990964	0.0	0.0
-0.000990172438973496	0.0	0.0
-0.0009841603672744333	0.0	0.0
-0.000977657514212182	0.0	0.0
-0.0009707865751275392	0.0	0.0
-0.0009635475500205048	0.0	0.0
-0.0009559404388910787	0.0	0.0
-0.0009479652417392613	0.0	0.0
-0.0009399900445874437	0.0	0.0
-0.000932014847435626	0.0	0.0
-0.0009241623456246055	0.0	0.0
-0.0009164325391543824	0.0	0.0
-0.0009089481233657536	0.0	0.0
-0.0009018317935995163	0.0	0.0
-0.0008949608545148736	0.0	0.0
-0.000888335306111825	0.0	0.0
-0.0008820778437311681	0.0	0.0
-0.0008755749906689169	0.0	0.0
-0.0008693175282882599	0.0	0.0
-0.0008629373705668059	0.0	0.0
-0.0008561891268229603	0.0	0.0
-0.0008494408830791146	0.0	0.0
-0.000842692639335269	0.0	0.0
-0.0008356990049098289	0.0	0.0
-0.0008289507611659832	0.0	0.0
-0.0008220798220813404	0.0	0.0
-0.0008156996643598862	0.0	0.0
-0.0008095648973200266	0.0	0.0
-0.0008039209116433557	0.0	0.0
-0.000798399621307482	0.0	0.0
-0.000793369112334797	0.0	0.0
-0.0007887066893845036	0.0	0.0
-0.0007841669617750075	0.0	0.0
-0.0007798726248471057	0.0	0.0
-0.0007758236786007983	0.0	0.0
-0.0007716520370136937	0.0	0.0
-0.0007677257861081836	0.0	0.0
-0.0007637995352026733	0.0	0.0
-0.0007598732842971631	0.0	0.0
-0.0007563151194140445	0.0	0.0
-0.0007528796498717231	0.0	0.0
-0.000749689571010996	0.0	0.0
-0.0007469902735134578	0.0	0.0
-0.0007445363666975139	0.0	0.0
-0.000742695936585556	0.0	0.0
-0.0007412235924959897	0.0	0.0
-0.0007402420297696121	0.0	0.0
-0.0007395058577248289	0.0	0.0
-0.0007391377717024374	0.0	0.0
-0.0007385242949984514	0.0	0.0
-0.0007384015996576542	0.0	0.0
-0.0007377881229536683	0.0	0.0
-0.0007371746462496822	0.0	0.0
-0.0007361930835233047	0.0	0.0
-0.0007350888254561299	0.0	0.0
-0.0007336164813665637	0.0	0.0
-0.0007320214419362001	0.0	0.0
-0.0007301810118242422	0.0	0.0
-0.0007282178863714871	0.0	0.0
-0.000726254760918732	0.0	0.0
-0.0007241689401251797	0.0	0.0
-0.000722451205354019	0.0	0.0
-0.0007207334705828584	0.0	0.0
-0.000719261126493292	0.0	0.0
-0.00071803417308532	0.0	0.0
-0.0007170526103589426	0.0	0.0
-0.0007164391336549565	0.0	0.0
-0.0007160710476325649	0.0	0.0
-0.0007161937429733621	0.0	0.0
-0.0007165618289957538	0.0	0.0
-0.0007171753056997396	0.0	0.0
-0.0007182795637669144	0.0	0.0
-0.0007196292125156836	0.0	0.0
-0.0007212242519460472	0.0	0.0
-0.0007234327680803966	0.0	0.0
-0.0007256412842147461	0.0	0.0
-0.0007282178863714871	0.0	0.0
-0.0007309171838690253	0.0	0.0
-0.0007337391767073609	0.0	0.0
-0.0007368065602272907	0.0	0.0
-0.0007397512484064233	0.0	0.0
-0.0007429413272671503	0.0	0.0
-0.0007460087107870802	0.0	0.0
-0.0007490760943070101	0.0	0.0
-0.0007522661731677371	0.0	0.0
-0.0007554562520284641	0.0	0.0
-0.0007586463308891912	0.0	0.0
-0.0007618364097499182	0.0	0.0
-0.0007651491839514425	0.0	0.0
-0.0007684619581529667	0.0	0.0
-0.0007717747323544909	0.0	0.0
-0.0007752102018968123	0.0	0.0
-0.000778768366779931	0.0	0.0
-0.0007823265316630496	0.0	0.0
-0.0007860073918869654	0.0	0.0
-0.000789565556770084	0.0	0.0
-0.0007931237216532027	0.0	0.0
-0.0007965591911955241	0.0	0.0
-0.0007998719653970483	0.0	0.0
-0.0008031847395985726	0.0	0.0
-0.0008063748184592996	0.0	0.0
-0.0008093195066384322	0.0	0.0
-0.0008123868901583621	0.0	0.0
-0.0008154542736782919	0.0	0.0
-0.0008187670478798162	0.0	0.0
-0.0008220798220813404	0.0	0.0
-0.0008257606823052562	0.0	0.0
-0.0008296869332107664	0.0	0.0
-0.0008337358794570737	0.0	0.0
-0.0008377848257033813	0.0	0.0
-0.0008422018579720802	0.0	0.0
-0.0008461281088775903	0.0	0.0
-0.0008500543597831005	0.0	0.0
-0.0008536125246662192	0.0	0.0
-0.0008566799081861491	0.0	0.0
-0.0008593792056836874	0.0	0.0
-0.0008614650264772395	0.0	0.0
-0.0008633054565891974	0.0	0.0
-0.0008646551053379666	0.0	0.0
-0.0008657593634051414	0.0	0.0
-0.0008668636214723162	0.0	0.0
-0.0008678451841986936	0.0	0.0
-0.0008689494422658684	0.0	0.0
-0.000869931004992246	0.0	0.0
-0.0008712806537410151	0.0	0.0
-0.0008729983885121758	0.0	0.0
-0.0008747161232833365	0.0	0.0
-0.000876924639417686	0.0	0.0
-0.0008793785462336299	0.0	0.0
-0.000881955148390371	0.0	0.0
-0.0008846544458879092	0.0	0.0
-0.0008875991340670418	0.0	0.0
-0.0008905438222461745	0.0	0.0
-0.0008938565964476987	0.0	0.0
-0.0008970466753084258	0.0	0.0
-0.0009004821448507471	0.0	0.0
-0.0009040403097338659	0.0	0.0
-0.0009077211699577817	0.0	0.0
-0.0009114020301816974	0.0	0.0
-0.0009150828904056132	0.0	0.0
-0.0009188864459703263	0.0	0.0
-0.0009224446108534449	0.0	0.0
-0.0009258800803957663	0.0	0.0
-0.0009291928545972905	0.0	0.0
-0.0009321375427764232	0.0	0.0
-0.0009347141449331643	0.0	0.0
-0.0009370453564083109	0.0	0.0
-0.000939008481861066	0.0	0.0
-0.0009407262166322268	0.0	0.0
-0.0009420758653809959	0.0	0.0
-0.0009429347327665762	0.0	0.0
-0.0009436709048113594	0.0	0.0
-0.000944038990833751	0.0	0.0
-0.0009442843815153453	0.0	0.0
-0.0009442843815153453	0.0	0.0
-0.0009441616861745483	0.0	0.0
-0.0009439162954929537	0.0	0.0
-0.000943425514129765	0.0	0.0
-0.0009431801234481706	0.0	0.0
-0.0009426893420849818	0.0	0.0
-0.0009421985607217931	0.0	0.0
-0.0009418304746994015	0.0	0.0
-0.000941585084017807	0.0	0.0
-0.0009413396933362127	0.0	0.0
-0.0009412169979954155	0.0	0.0
-0.0009410943026546183	0.0	0.0
-0.0009412169979954155	0.0	0.0
-0.0009413396933362127	0.0	0.0
-0.0009413396933362127	0.0	0.0
-0.0009413396933362127	0.0	0.0
-0.0009413396933362127	0.0	0.0
-0.0009410943026546183	0.0	0.0
-0.0009404808259506324	0.0	0.0
-0.0009397446539058491	0.0	0.0
-0.0009385177004978772	0.0	0.0
-0.0009370453564083109	0.0	0.0
-0.0009349595356147587	0.0	0.0
-0.0009327510194804091	0.0	0.0
-0.0009299290266420737	0.0	0.0
-0.0009268616431221438	0.0	0.0
-0.0009235488689206196	0.0	0.0
-0.0009201133993782982	0.0	0.0
-0.0009165552344951797	0.0	0.0
-0.0009129970696120609	0.0	0.0
-0.0009093162093881451	0.0	0.0
-0.0009056353491642293	0.0	0.0
-0.0009018317935995163	0.0	0.0
-0.0008980282380348033	0.0	0.0
-0.0008938565964476987	0.0	0.0
-0.0008898076502013913	0.0	0.0
-0.0008853906179326923	0.0	0.0
-0.0008807281949823989	0.0	0.0
-0.0008759430766913085	0.0	0.0
-0.0008707898723778263	0.0	0.0
-0.0008657593634051414	0.0	0.0
-0.0008603607684100649	0.0	0.0
-0.0008549621734149882	0.0	0.0
-0.000849686273760709	0.0	0.0
-0.0008444103741064296	0.0	0.0
-0.0008392571697929475	0.0	0.0
-0.0008341039654794654	0.0	0.0
-0.0008291961518475776	0.0	0.0
-0.0008242883382156898	0.0	0.0
-0.000819380524583802	0.0	0.0
-0.0008144727109519143	0.0	0.0
-0.0008095648973200266	0.0	0.0
-0.0008046570836881388	0.0	0.0
-0.0007996265747154538	0.0	0.0
-0.0007943506750611746	0.0	0.0
-0.0007893201660884897	0.0	0.0
-0.0007840442664342103	0.0	0.0
-0.0007790137574615253	0.0	0.0
-0.0007737378578072461	0.0	0.0
-0.0007688300441753583	0.0	0.0
-0.0007640449258842677	0.0	0.0
-0.0007593825029339744	0.0	0.0
-0.0007548427753244782	0.0	0.0
-0.0007504257430557791	0.0	0.0
-0.0007460087107870802	0.0	0.0
-0.0007417143738591784	0.0	0.0
-0.0007374200369312766	0.0	0.0
-0.0007327576139809832	0.0	0.0
-0.0007279724956898928	0.0	0.0
-0.0007230646820580051	0.0	0.0
-0.0007176660870629284	0.0	0.0
-0.0007121447967270548	0.0	0.0
-0.0007062554203687894	0.0	0.0
-0.0007001206533289297	0.0	0.0
-0.0006937404956074756	0.0	0.0
-0.0006874830332268188	0.0	0.0
-0.0006808574848237703	0.0	0.0
-0.0006747227177839105	0.0	0.0
-0.0006683425600624565	0.0	0.0
-0.0006620850976817997	0.0	0.0
-0.00065595033064194	0.0	0.0
-0.0006500609542836747	0.0	0.0
-0.0006444169686070037	0.0	0.0
-0.0006387729829303328	0.0	0.0
-0.0006332516925944591	0.0	0.0
-0.0006279757929401798	0.0	0.0
-0.0006228225886266977	0.0	0.0
-0.0006177920796540127	0.0	0.0
-0.000612884266022125	0.0	0.0
-0.0006082218430718316	0.0	0.0
-0.0006034367247807411	0.0	0.0
-0.0005990196925120421	0.0	0.0
-0.0005944799649025459	0.0	0.0
-0.0005900629326338469	0.0	0.0
-0.0005855232050243507	0.0	0.0
-0.0005808607820740573	0.0	0.0
-0.0005760756637829669	0.0	0.0
-0.0005710451548102818	0.0	0.0
-0.0005658919504967998	0.0	0.0
-0.0005604933555017232	0.0	0.0
-0.0005548493698250523	0.0	0.0
-0.0005490826888075842	0.0	0.0
-0.0005429479217677245	0.0	0.0
-0.0005366904593870676	0.0	0.0
-0.0005303103016656136	0.0	0.0
-0.0005238074486033623	0.0	0.0
-0.0005170592048595167	0.0	0.0
-0.0005100655704340766	0.0	0.0
-0.0005030719360086365	0.0	0.0
-0.0004959556062423992	0.0	0.0
-0.0004884711904537705	0.0	0.0
-0.0004809867746651417	0.0	0.0
-0.00047337966353571564	0.0	0.0
-0.00046564985706549247	0.0	0.0
-0.00045767465991367485	0.0	0.0
-0.00044957676742106006	0.0	0.0
-0.00044172426561003966	0.0	0.0
-0.00043362637311742487	0.0	0.0
-0.0004257738713064044	0.0	0.0
-0.0004179213694953841	0.0	0.0
-0.00041019156302516085	0.0	0.0
-0.000402707147236532	0.0	0.0
-0.00039534542678870037	0.0	0.0
-0.00038810640168166594	0.0	0.0
-0.00038099007191542874	0.0	0.0
-0.0003736283514675971	0.0	0.0
-0.00036614393567896826	0.0	0.0
-0.00035853682454954226	0.0	0.0
-0.00035080701807931904	0.0	0.0
-0.00034283182092750147	0.0	0.0
-0.0003344885377532923	0.0	0.0
-0.0003257771685566915	0.0	0.0
-0.00031694310401929354	0.0	0.0
-0.00030774095345950404	0.0	0.0
-0.00029853880289971453	0.0	0.0
-0.0002890912616583306	0.0	0.0
-0.00027952102507614946	0.0	0.0
-0.00027007348383476556	0.0	0.0
-0.00026050324725258444	0.0	0.0
-0.0002510557060112005	0.0	0.0
-0.00024173086011061379	0.0	0.0
-0.00023240601421002706	0.0	0.0
-0.00022308116830944033	0.0	0.0
-0.0002138790177496508	0.0	0.0
-0.00020479956253065845	0.0	0.0
-0.0001959654979932605	0.0	0.0
-0.00018688604277426816	0.0	0.0
-0.0001781746735776674	0.0	0.0
-0.00016946330438106664	0.0	0.0
-0.00016087463052526308	0.0	0.0
-0.0001526540426918511	0.0	0.0
-0.0001446788455400335	0.0	0.0
-0.0001365809530474187	0.0	0.0
-0.0001290965372587899	0.0	0.0
-0.00012185751215175546	0.0	0.0
-0.0001148638777263154	0.0	0.0
-0.00010823832932326696	0.0	0.0
-0.00010173547626101568	0.0	0.0
-9.572340456195318e-05	0.0	0.0
-9.007941888528226e-05	0.0	0.0
-8.455812854940854e-05	0.0	0.0
-7.940492423592641e-05	0.0	0.0
-7.425171992244427e-05	0.0	0.0
-6.94666016313537e-05	0.0	0.0
-6.480417868106036e-05	0.0	0.0
-6.038714641236137e-05	0.0	0.0
-5.621550482525678e-05	0.0	0.0
-5.228925391974658e-05	0.0	0.0
-4.836300301423638e-05	0.0	0.0
-4.4436752108726176e-05	0.0	0.0
-4.100128256640475e-05	0.0	0.0
-3.744311768328614e-05	0.0	0.0
-3.41303434817619e-05	0.0	0.0
-3.094026462103486e-05	0.0	0.0
-2.7872881101105017e-05	0.0	0.0
-2.4928192921972366e-05	0.0	0.0
-2.2228895424434105e-05	0.0	0.0
-1.9774988608490228e-05	0.0	0.0
-1.756647247414074e-05	0.0	0.0
-1.5480651680588444e-05	0.0	0.0
-1.3640221568630539e-05	0.0	0.0
-1.2413268160658602e-05	0.0	0.0
-1.106361941188947e-05	0.0	0.0
-1.0082056685511919e-05	0.0	0.0
-9.345884640728755e-06	0.0	0.0
-8.609712595945593e-06	0.0	0.0
-7.996235891959624e-06	0.0	0.0
-7.628149869568043e-06	0.0	0.0
-7.137368506379269e-06	0.0	0.0
-6.8919778247848805e-06	0.0	0.0
-6.5238918023932995e-06	0.0	0.0
-6.5238918023932995e-06	0.0	0.0
-6.769282483987687e-06	0.0	0.0
-7.014673165582074e-06	0.0	0.0
-7.628149869568043e-06	0.0	0.0
-8.609712595945593e-06	0.0	0.0
-9.713970663120338e-06	0.0	0.0
-1.106361941188947e-05	0.0	0.0
-1.2781354183050183e-05	0.0	0.0
-1.4499088954210894e-05	0.0	0.0
-1.6462214406965997e-05	0.0	0.0
-1.854803520051829e-05	0.0	0.0
-2.0633855994070582e-05	0.0	0.0
-2.2965067469217263e-05	0.0	0.0
-2.5173583603566756e-05	0.0	0.0
-2.7872881101105017e-05	0.0	0.0
-3.044948325784609e-05	0.0	0.0
-3.314878075538435e-05	0.0	0.0
-3.6093468934517005e-05	0.0	0.0
-3.928354779524404e-05	0.0	0.0
-4.271901733756547e-05	0.0	0.0
-4.627718222068408e-05	0.0	0.0
-5.032612846699148e-05	0.0	0.0
-5.4129684031704485e-05	0.0	0.0
-5.817863027801188e-05	0.0	0.0
-6.247296720591366e-05	0.0	0.0
-6.664460879301826e-05	0.0	0.0
-7.081625038012284e-05	0.0	0.0
-7.511058730802463e-05	0.0	0.0
-7.95276195767236e-05	0.0	0.0
-8.369926116382818e-05	0.0	0.0
-8.799359809172996e-05	0.0	0.0
-9.241063036042895e-05	0.0	0.0
-9.670496728833072e-05	0.0	0.0
-0.00010149008557942128	0.0	0.0
-0.00010615250852971466	0.0	0.0
-0.00011081493148000801	0.0	0.0
-0.00011584544045269297	0.0	0.0
-0.0001209986447661751	0.0	0.0
-0.00012615184907965724	0.0	0.0
-0.00013142774873393657	0.0	0.0
-0.0001368263437290131	0.0	0.0
-0.00014222493872408963	0.0	0.0
-0.00014786892440076053	0.0	0.0
-0.00015339021473663426	0.0	0.0
-0.00015915689575410235	0.0	0.0
-0.00016492357677157048	0.0	0.0
-0.00017081295312983578	0.0	0.0
-0.00017707041551049267	0.0	0.0
-0.00018345057323194673	0.0	0.0
-0.0001901988169757924	0.0	0.0
-0.00019694706071963805	0.0	0.0
-0.0002040633904858753	0.0	0.0
-0.0002114251109337069	0.0	0.0
-0.0002190322220631329	0.0	0.0
-0.00022663933319255893	0.0	0.0
-0.00023412374898118776	0.0	0.0
-0.0002414854694290194	0.0	0.0
-0.0002486017991952566	0.0	0.0
-0.0002555954336206967	0.0	0.0
-0.00026209828668294794	0.0	0.0
-0.00026835574906360483	0.0	0.0
-0.00027424512542187016	0.0	0.0
-0.00027952102507614946	0.0	0.0
-0.0002846742293896316	0.0	0.0
-0.0002895820430215194	0.0	0.0
-0.0002942444659718127	0.0	0.0
-0.0002989068889221061	0.0	0.0
-0.00030344661653160227	0.0	0.0
-0.0003078636488003012	0.0	0.0
-0.0003122806810690002	0.0	0.0
-0.0003164523226561048	0.0	0.0
-0.0003208693549248038	0.0	0.0
-0.0003250409965119084	0.0	0.0
-0.00032884455207662135	0.0	0.0
-0.0003327708029821316	0.0	0.0
-0.0003363289678652502	0.0	0.0
-0.00033976443740757164	0.0	0.0
-0.00034295451626829864	0.0	0.0
-0.0003458992044474313	0.0	0.0
-0.00034896658796736114	0.0	0.0
-0.0003519112761464938	0.0	0.0
-0.00035485596432562646	0.0	0.0
-0.0003579233478455563	0.0	0.0
-0.0003612361220470805	0.0	0.0
-0.00036467159158940193	0.0	0.0
-0.00036822975647252056	0.0	0.0
-0.0003719106166964364	0.0	0.0
-0.0003757141722611494	0.0	0.0
-0.0003793950324850652	0.0	0.0
-0.0003834439787313726	0.0	0.0
-0.00038724753429608563	0.0	0.0
-0.00039068300383840704	0.0	0.0
-0.00039424116872152566	0.0	0.0
-0.00039743124758225267	0.0	0.0
-0.00040049863110218256	0.0	0.0
-0.0004031979285997208	0.0	0.0
-0.00040577453075646186	0.0	0.0
-0.0004082284375724057	0.0	0.0
-0.0004105596490475524	0.0	0.0
-0.0004126454698411047	0.0	0.0
-0.000414731290634657	0.0	0.0
-0.0004165717207466149	0.0	0.0
-0.0004184121508585728	0.0	0.0
-0.00041988449494813915	0.0	0.0
-0.00042123414369690825	0.0	0.0
-0.000422338401764083	0.0	0.0
-0.00042331996449046055	0.0	0.0
-0.00042381074585364935	0.0	0.0
-0.00042430152721683814	0.0	0.0
-0.00042454691789843254	0.0	0.0
-0.0004249150039208241	0.0	0.0
-0.0004251603946024185	0.0	0.0
-0.00042540578528401285	0.0	0.0
-0.00042589656664720164	0.0	0.0
-0.00042638734801039044	0.0	0.0
-0.0004268781293735792	0.0	0.0
-0.00042749160607756515	0.0	0.0
-0.00042798238744075394	0.0	0.0
-0.0004285958641447399	0.0	0.0
-0.0004290866455079287	0.0	0.0
-0.00042933203618952305	0.0	0.0
-0.00042945473153032027	0.0	0.0
-0.0004292093408487259	0.0	0.0
-0.0004289639501671315	0.0	0.0
-0.0004282277781223483	0.0	0.0
-0.0004272462153959708	0.0	0.0
-0.00042614195732879604	0.0	0.0
-0.0004247923085800269	0.0	0.0
-0.00042331996449046055	0.0	0.0
-0.0004218476204008943	0.0	0.0
-0.00042037527631132794	0.0	0.0
-0.0004187802368809644	0.0	0.0
-0.0004174305881321953	0.0	0.0
-0.00041620363472422335	0.0	0.0
-0.00041522207199784576	0.0	0.0
-0.0004144858999530626	0.0	0.0
-0.0004137497279082795	0.0	0.0
-0.0004132589465450907	0.0	0.0
-0.00041289086052269906	0.0	0.0
-0.00041289086052269906	0.0	0.0
-0.0004126454698411047	0.0	0.0
-0.0004127681651819019	0.0	0.0
-0.00041289086052269906	0.0	0.0
-0.0004131362512042935	0.0	0.0
-0.0004131362512042935	0.0	0.0
-0.0004132589465450907	0.0	0.0
-0.00041362703256748226	0.0	0.0
-0.0004137497279082795	0.0	0.0
-0.00041411781393067105	0.0	0.0
-0.00041436320461226545	0.0	0.0
-0.0004146085952938598	0.0	0.0
-0.0004150993766570486	0.0	0.0
-0.000415344767338643	0.0	0.0
-0.00041571285336103455	0.0	0.0
-0.0004160809393834262	0.0	0.0
-0.0004165717207466149	0.0	0.0
-0.00041706250210980366	0.0	0.0
-0.00041730789279139806	0.0	0.0
-0.0004176759788137897	0.0	0.0
-0.0004179213694953841	0.0	0.0
-0.00041828945551777565	0.0	0.0
-0.0004186575415401672	0.0	0.0
-0.0004190256275625588	0.0	0.0
-0.0004195164089257475	0.0	0.0
-0.00042012988562973355	0.0	0.0
-0.0004208660576745167	0.0	0.0
-0.0004216022297192998	0.0	0.0
-0.0004228291831272718	0.0	0.0
-0.00042405613653524374	0.0	0.0
-0.0004251603946024185	0.0	0.0
-0.00042638734801039044	0.0	0.0
-0.000427368910736768	0.0	0.0
-0.0004282277781223483	0.0	0.0
-0.0004288412548263343	0.0	0.0
-0.0004290866455079287	0.0	0.0
-0.0004289639501671315	0.0	0.0
-0.00042847316880394274	0.0	0.0
-0.000427368910736768	0.0	0.0
-0.00042589656664720164	0.0	0.0
-0.00042393344119444657	0.0	0.0
-0.0004218476204008943	0.0	0.0
-0.00041939371358495035	0.0	0.0
-0.0004166944160874121	0.0	0.0
-0.0004139951185898739	0.0	0.0
-0.0004112958210923356	0.0	0.0
-0.0004085965235947973	0.0	0.0
-0.00040601992143805626	0.0	0.0
-0.0004035660146221124	0.0	0.0
-0.0004012348031469657	0.0	0.0
-0.0003990262870126162	0.0	0.0
-0.00039694046621906393	0.0	0.0
-0.0003947319500847144	0.0	0.0
-0.0003926461292911621	0.0	0.0
-0.00039043761315681264	0.0	0.0
-0.00038810640168166594	0.0	0.0
-0.0003858978855473165	0.0	0.0
-0.000383689369412967	0.0	0.0
-0.0003816035486194147	0.0	0.0
-0.0003795177278258624	0.0	0.0
-0.0003775546023731073	0.0	0.0
-0.0003757141722611494	0.0	0.0
-0.0003741191328307859	0.0	0.0
-0.0003727694840820167	0.0	0.0
-0.00037178792135563924	0.0	0.0
-0.000371051749310856	0.0	0.0
-0.0003704382726068701	0.0	0.0
-0.0003704382726068701	0.0	0.0
-0.00037056096794766725	0.0	0.0
-0.0003709290539700588	0.0	0.0
-0.00037166522601484196	0.0	0.0
-0.0003725240934004224	0.0	0.0
-0.0003732602654452055	0.0	0.0
-0.0003742418281715831	0.0	0.0
-0.0003751006955571634	0.0	0.0
-0.00037608225828354095	0.0	0.0
-0.0003771865163507157	0.0	0.0
-0.0003782907744178904	0.0	0.0
-0.0003793950324850652	0.0	0.0
-0.00038049929055224	0.0	0.0
-0.00038184893930100905	0.0	0.0
-0.00038332128339057544	0.0	0.0
-0.0003847936274801417	0.0	0.0
-0.0003863886669105052	0.0	0.0
-0.00038798370634086877	0.0	0.0
-0.00038982413645282667	0.0	0.0
-0.0003917872619055818	0.0	0.0
-0.00039375038735833687	0.0	0.0
-0.0003959589034926864	0.0	0.0
-0.00039841281030863026	0.0	0.0
-0.0004008667171245741	0.0	0.0
-0.0004031979285997208	0.0	0.0
-0.00040601992143805626	0.0	0.0
-0.0004085965235947973	0.0	0.0
-0.0004114185164331328	0.0	0.0
-0.0004139951185898739	0.0	0.0
-0.0004168171114282093	0.0	0.0
-0.0004192710182441532	0.0	0.0
-0.00042172492506009705	0.0	0.0
-0.00042393344119444657	0.0	0.0
-0.0004260192619879988	0.0	0.0
-0.00042761430141836237	0.0	0.0
-0.0004292093408487259	0.0	0.0
-0.0004301909035751034	0.0	0.0
-0.0004309270756198866	0.0	0.0
-0.00043154055232387257	0.0	0.0
-0.00043178594300546697	0.0	0.0
-0.00043190863834626414	0.0	0.0
-0.00043190863834626414	0.0	0.0
-0.00043190863834626414	0.0	0.0
-0.00043166324766466974	0.0	0.0
-0.00043166324766466974	0.0	0.0
-0.00043141785698307534	0.0	0.0
-0.00043141785698307534	0.0	0.0
-0.00043129516164227817	0.0	0.0
-0.000431172466301481	0.0	0.0
-0.000431172466301481	0.0	0.0
-0.0004309270756198866	0.0	0.0
-0.00043080438027908943	0.0	0.0
-0.0004306816849382922	0.0	0.0
-0.0004303135989159006	0.0	0.0
-0.00043006820823430624	0.0	0.0
-0.000429945512893509	0.0	0.0
-0.00042957742687111744	0.0	0.0
-0.0004290866455079287	0.0	0.0
-0.0004285958641447399	0.0	0.0
-0.00042798238744075394	0.0	0.0
-0.0004272462153959708	0.0	0.0
-0.0004265100433511876	0.0	0.0
-0.00042565117596560725	0.0	0.0
-0.00042454691789843254	0.0	0.0
-0.0004234426598312578	0.0	0.0
-0.00042197031574169145	0.0	0.0
-0.00042037527631132794	0.0	0.0
-0.0004189029322217616	0.0	0.0
-0.00041730789279139806	0.0	0.0
-0.00041595824404262895	0.0	0.0
-0.00041436320461226545	0.0	0.0
-0.0004130135558634963	0.0	0.0
-0.00041154121177392996	0.0	0.0
-0.000410314258365958	0.0	0.0
-0.0004090873049579861	0.0	0.0
-0.00040798304689081133	0.0	0.0
-0.00040675609348283945	0.0	0.0
-0.0004054064447340703	0.0	0.0
-0.0004041794913260983	0.0	0.0
-0.00040282984257732925	0.0	0.0
-0.00040160288916935726	0.0	0.0
-0.00040049863110218256	0.0	0.0
-0.00039951706837580497	0.0	0.0
-0.00039865820099022466	0.0	0.0
-0.00039792202894544146	0.0	0.0
-0.00039767663826384707	0.0	0.0
-0.00039743124758225267	0.0	0.0
-0.0003973085522414555	0.0	0.0
-0.00039755394292304984	0.0	0.0
-0.00039767663826384707	0.0	0.0
-0.00039779933360464424	0.0	0.0
-0.00039779933360464424	0.0	0.0
-0.00039755394292304984	0.0	0.0
-0.00039718585690065827	0.0	0.0
-0.00039644968485587513	0.0	0.0
-0.000395100036107106	0.0	0.0
-0.0003936276920175397	0.0	0.0
-0.0003915418712239874	0.0	0.0
-0.0003892106597488407	0.0	0.0
-0.000386879448273694	0.0	0.0
-0.00038393476009456135	0.0	0.0
-0.00038086737657463157	0.0	0.0
-0.0003775546023731073	0.0	0.0
-0.0003743645235123803	0.0	0.0
-0.0003706836632884644	0.0	0.0
-0.0003670028030645486	0.0	0.0
-0.0003633219428406328	0.0	0.0
-0.0003593956919351226	0.0	0.0
-0.00035522405034801803	0.0	0.0
-0.00035092971342011626	0.0	0.0
-0.00034651268115141727	0.0	0.0
-0.0003419729535419211	0.0	0.0
-0.0003370651399100334	0.0	0.0
-0.0003321573262781456	0.0	0.0
-0.0003268814266238663	0.0	0.0
-0.0003214828316287897	0.0	0.0
-0.0003162069319745104	0.0	0.0
-0.00031068564163863664	0.0	0.0
-0.000305164351302763	0.0	0.0
-0.0002998884516484836	0.0	0.0
-0.0002944898566534071	0.0	0.0
-0.0002894593476807222	0.0	0.0
-0.0002844288387080372	0.0	0.0
-0.00027952102507614946	0.0	0.0
-0.0002749812974666533	0.0	0.0
-0.0002705642651979543	0.0	0.0
-0.00026651531895164693	0.0	0.0
-0.00026234367736454234	0.0	0.0
-0.0002586628171406265	0.0	0.0
-0.00025498195691671074	0.0	0.0
-0.0002514237920335921	0.0	0.0
-0.00024798832249127065	0.0	0.0
-0.00024479824363054365	0.0	0.0
-0.00024197625079220816	0.0	0.0
-0.00023915425795387272	0.0	0.0
-0.00023657765579713165	0.0	0.0
-0.00023424644432198496	0.0	0.0
-0.00023228331886922986	0.0	0.0
-0.00023044288875727196	0.0	0.0
-0.0002289705446677056	0.0	0.0
-0.0002276208959189365	0.0	0.0
-0.00022627124717016737	0.0	0.0
-0.00022516698910299263	0.0	0.0
-0.00022406273103581787	0.0	0.0
-0.00022295847296864313	0.0	0.0
-0.0002217315195606712	0.0	0.0
-0.00022050456615269927	0.0	0.0
-0.00021940030808552453	0.0	0.0
-0.00021792796399595818	0.0	0.0
-0.00021682370592878344	0.0	0.0
-0.0002155967525208115	0.0	0.0
-0.00021449249445363675	0.0	0.0
-0.0002132655410456648	0.0	0.0
-0.00021216128297849008	0.0	0.0
-0.0002113024155929097	0.0	0.0
-0.00021019815752573498	0.0	0.0
-0.00020946198548095184	0.0	0.0
-0.00020860311809537148	0.0	0.0
-0.0002076215553689939	0.0	0.0
-0.00020663999264261635	0.0	0.0
-0.00020553573457544162	0.0	0.0
-0.00020430878116746968	0.0	0.0
-0.00020283643707790335	0.0	0.0
-0.00020124139764753982	0.0	0.0
-0.00019940096753558192	0.0	0.0
-0.00019743784208282682	0.0	0.0
-0.00019522932594847733	0.0	0.0
-0.00019302080981412783	0.0	0.0
-0.00019056690299818396	0.0	0.0
-0.0001882356915230373	0.0	0.0
-0.0001860271753886878	0.0	0.0
-0.00018381865925433833	0.0	0.0
-0.00018161014311998883	0.0	0.0
-0.0001798924083488281	0.0	0.0
-0.0001781746735776674	0.0	0.0
-0.00017657963414730387	0.0	0.0
-0.00017535268073933194	0.0	0.0
-0.00017412572733136	0.0	0.0
-0.00017314416460498244	0.0	0.0
-0.0001725306879009965	0.0	0.0
-0.0001720399065378077	0.0	0.0
-0.00017179451585621334	0.0	0.0
-0.00017154912517461894	0.0	0.0
-0.00017167182051541614	0.0	0.0
-0.00017167182051541614	0.0	0.0
-0.0001719172111970105	0.0	0.0
-0.00017228529721940208	0.0	0.0
-0.00017240799256019928	0.0	0.0
-0.0001726533832417937	0.0	0.0
-0.00017289877392338807	0.0	0.0
-0.00017302146926418527	0.0	0.0
-0.00017289877392338807	0.0	0.0
-0.00017302146926418527	0.0	0.0
-0.00017277607858259087	0.0	0.0
-0.0001726533832417937	0.0	0.0
-0.00017240799256019928	0.0	0.0
-0.0001719172111970105	0.0	0.0
-0.00017167182051541614	0.0	0.0
-0.00017118103915222734	0.0	0.0
-0.00017069025778903858	0.0	0.0
-0.00017019947642584978	0.0	0.0
-0.00016970869506266104	0.0	0.0
-0.00016946330438106664	0.0	0.0
-0.00016934060904026947	0.0	0.0
-0.00016921791369947225	0.0	0.0
-0.00016921791369947225	0.0	0.0
-0.00016934060904026947	0.0	0.0
-0.00016970869506266104	0.0	0.0
-0.0001700767810850526	0.0	0.0
-0.0001705675624482414	0.0	0.0
-0.00017118103915222734	0.0	0.0
-0.00017167182051541614	0.0	0.0
-0.00017228529721940208	0.0	0.0
-0.00017277607858259087	0.0	0.0
-0.00017314416460498244	0.0	0.0
-0.00017326685994577964	0.0	0.0
-0.00017326685994577964	0.0	0.0
-0.00017302146926418527	0.0	0.0
-0.0001726533832417937	0.0	0.0
-0.0001719172111970105	0.0	0.0
-0.00017105834381143015	0.0	0.0
-0.00017032217176664698	0.0	0.0
-0.00016921791369947225	0.0	0.0
-0.0001682363509730947	0.0	0.0
-0.00016725478824671717	0.0	0.0
-0.0001661505301795424	0.0	0.0
-0.00016504627211236768	0.0	0.0
-0.00016406470938599011	0.0	0.0
-0.00016283775597801818	0.0	0.0
-0.00016161080257004622	0.0	0.0
-0.0001603838491620743	0.0	0.0
-0.00015891150507250798	0.0	0.0
-0.00015756185632373885	0.0	0.0
-0.00015584412155257812	0.0	0.0
-0.00015424908212221462	0.0	0.0
-0.0001525313473510539	0.0	0.0
-0.0001509363079206904	0.0	0.0
-0.00014934126849032686	0.0	0.0
-0.00014786892440076053	0.0	0.0
-0.0001463965803111942	0.0	0.0
-0.00014504693156242507	0.0	0.0
-0.00014394267349525033	0.0	0.0
-0.0001432065014504672	0.0	0.0
-0.00014234763406488683	0.0	0.0
-0.00014197954804249523	0.0	0.0
-0.00014161146202010366	0.0	0.0
-0.00014148876667930646	0.0	0.0
-0.00014161146202010366	0.0	0.0
-0.00014197954804249523	0.0	0.0
-0.00014234763406488683	0.0	0.0
-0.0001425930247464812	0.0	0.0
-0.00014308380610966997	0.0	0.0
-0.00014345189213206156	0.0	0.0
-0.00014394267349525033	0.0	0.0
-0.0001446788455400335	0.0	0.0
-0.00014516962690322226	0.0	0.0
-0.00014602849428880263	0.0	0.0
-0.0001470100570151802	0.0	0.0
-0.00014823701042315213	0.0	0.0
-0.00014970935451271846	0.0	0.0
-0.00015142708928387916	0.0	0.0
-0.00015339021473663426	0.0	0.0
-0.00015547603553018655	0.0	0.0
-0.00015780724700533322	0.0	0.0
-0.0001602611538212771	0.0	0.0
-0.00016296045131881538	0.0	0.0
-0.00016553705347555645	0.0	0.0
-0.0001679909602915003	0.0	0.0
-0.00017069025778903858	0.0	0.0
-0.00017314416460498244	0.0	0.0
-0.0001757207667617235	0.0	0.0
-0.0001784200642592618	0.0	0.0
-0.00018111936175680004	0.0	0.0
-0.00018369596391354113	0.0	0.0
-0.00018651795675187657	0.0	0.0
-0.00018921725424941483	0.0	0.0
-0.0001921619424285475	0.0	0.0
-0.00019522932594847733	0.0	0.0
-0.00019841940480920436	0.0	0.0
-0.00020160948366993142	0.0	0.0
-0.00020492225787145565	0.0	0.0
-0.00020835772741377708	0.0	0.0
-0.0002116705016153013	0.0	0.0
-0.00021498327581682554	0.0	0.0
-0.00021841874535914697	0.0	0.0
-0.0002214861288790768	0.0	0.0
-0.00022479890308060103	0.0	0.0
-0.0002276208959189365	0.0	0.0
-0.00023068827943886633	0.0	0.0
-0.0002335102722772018	0.0	0.0
-0.00023645496045633443	0.0	0.0
-0.0002395223439762643	0.0	0.0
-0.00024258972749619412	0.0	0.0
-0.0002457798063569212	0.0	0.0
-0.000249460666580837	0.0	0.0
-0.0002533869174863472	0.0	0.0
-0.00025768125441424895	0.0	0.0
-0.00026209828668294794	0.0	0.0
-0.0002670061003148357	0.0	0.0
-0.00027215930462831786	0.0	0.0
-0.0002773125089418	0.0	0.0
-0.00028271110393687646	0.0	0.0
-0.00028786430825035865	0.0	0.0
-0.0002930175125638408	0.0	0.0
-0.00029817071687732297	0.0	0.0
-0.00030271044448681913	0.0	0.0
-0.0003070047814147209	0.0	0.0
-0.00031093103232023104	0.0	0.0
-0.00031448919720334967	0.0	0.0
-0.00031755658072327956	0.0	0.0
-0.0003201331828800206	0.0	0.0
-0.0003224643943551673	0.0	0.0
-0.0003244275198079224	0.0	0.0
-0.0003261452545790831	0.0	0.0
-0.0003277402940094466	0.0	0.0
-0.00032908994275821575	0.0	0.0
-0.0003305622868477821	0.0	0.0
-0.0003321573262781456	0.0	0.0
-0.00033375236570850914	0.0	0.0
-0.00033534740513887265	0.0	0.0
-0.00033694244456923615	0.0	0.0
-0.00033853748399959965	0.0	0.0
-0.000340009828089166	0.0	0.0
-0.0003412367814971379	0.0	0.0
-0.0003422183442235155	0.0	0.0
-0.00034283182092750147	0.0	0.0
-0.0003433226022906902	0.0	0.0
-0.00034319990694989304	0.0	0.0
-0.00034295451626829864	0.0	0.0
-0.0003425864302459071	0.0	0.0
-0.0003422183442235155	0.0	0.0
-0.00034160486751952954	0.0	0.0
-0.00034148217217873237	0.0	0.0
-0.0003413594768379351	0.0	0.0
-0.00034185025820112394	0.0	0.0
-0.0003425864302459071	0.0	0.0
-0.00034369068831308184	0.0	0.0
-0.00034504033706185094	0.0	0.0
-0.00034651268115141727	0.0	0.0
-0.00034859850194496957	0.0	0.0
-0.00035068432273852187	0.0	0.0
-0.00035301553421366856	0.0	0.0
-0.0003555921363704096	0.0	0.0
-0.00035841412920874504	0.0	0.0
-0.0003614815127286749	0.0	0.0
-0.00036467159158940193	0.0	0.0
-0.0003681070611317234	0.0	0.0
-0.00037178792135563924	0.0	0.0
-0.0003757141722611494	0.0	0.0
-0.00038000850918905115	0.0	0.0
-0.0003845482367985473	0.0	0.0
-0.00038933335508963793	0.0	0.0
-0.00039448655940312006	0.0	0.0
-0.00039988515439819654	0.0	0.0
-0.0004054064447340703	0.0	0.0
-0.00041092773506994405	0.0	0.0
-0.0004165717207466149	0.0	0.0
-0.000422338401764083	0.0	0.0
-0.00042798238744075394	0.0	0.0
-0.00043338098243583047	0.0	0.0
-0.0004385341867493126	0.0	0.0
-0.00044356469572199756	0.0	0.0
-0.00044822711867229095	0.0	0.0
-0.0004526441509409899	0.0	0.0
-0.0004569384878688917	0.0	0.0
-0.0004607420434336047	0.0	0.0
-0.00046454559899831765	0.0	0.0
-0.0004682264592222335	0.0	0.0
-0.0004715392334237577	0.0	0.0
-0.00047485200762528197	0.0	0.0
-0.00047816478182680615	0.0	0.0
-0.00048135486068753326	0.0	0.0
-0.00048442224420746304	0.0	0.0
-0.00048748962772739293	0.0	0.0
-0.00049067970658812	0.0	0.0
-0.000493869785448847	0.0	0.0
-0.0004971825596503713	0.0	0.0
-0.0005004953338518955	0.0	0.0
-0.0005039308033942169	0.0	0.0
-0.0005073662729365384	0.0	0.0
-0.0005110471331604542	0.0	0.0
-0.0005150960794067615	0.0	0.0
-0.0005191450256530689	0.0	0.0
-0.000523684753262565	0.0	0.0
-0.0005285925668944529	0.0	0.0
-0.0005335003805263406	0.0	0.0
-0.0005385308894990255	0.0	0.0
-0.0005435613984717105	0.0	0.0
-0.0005487146027851926	0.0	0.0
-0.0005537451117578776	0.0	0.0
-0.0005582848393673737	0.0	0.0
-0.0005628245669768699	0.0	0.0
-0.0005669962085639745	0.0	0.0
-0.0005709224594694848	0.0	0.0
-0.0005748487103749948	0.0	0.0
-0.0005782841799173163	0.0	0.0
-0.000581842344800435	0.0	0.0
-0.0005852778143427564	0.0	0.0
-0.0005884678932034834	0.0	0.0
-0.0005916579720642105	0.0	0.0
-0.0005948480509249375	0.0	0.0
-0.0005979154344448673	0.0	0.0
-0.0006009828179647971	0.0	0.0
-0.0006038048108031326	0.0	0.0
-0.000606504108300671	0.0	0.0
-0.0006092034057982092	0.0	0.0
-0.000611657312614153	0.0	0.0
-0.0006138658287485024	0.0	0.0
-0.000616074344882852	0.0	0.0
-0.00061791477499481	0.0	0.0
-0.0006198779004475649	0.0	0.0
-0.0006214729398779285	0.0	0.0
-0.0006231906746490893	0.0	0.0
-0.00062490840942025	0.0	0.0
-0.0006265034488506135	0.0	0.0
-0.0006282211836217741	0.0	0.0
-0.0006298162230521377	0.0	0.0
-0.0006314112624825012	0.0	0.0
-0.0006327609112312704	0.0	0.0
-0.0006342332553208366	0.0	0.0
-0.0006353375133880114	0.0	0.0
-0.0006364417714551863	0.0	0.0
-0.0006373006388407665	0.0	0.0
-0.0006381595062263469	0.0	0.0
-0.00063889567827113	0.0	0.0
-0.0006393864596343188	0.0	0.0
-0.0006397545456567104	0.0	0.0
-0.0006401226316791021	0.0	0.0
-0.0006404907177014936	0.0	0.0
-0.0006408588037238852	0.0	0.0
-0.0006412268897462767	0.0	0.0
-0.0006417176711094655	0.0	0.0
-0.0006423311478134515	0.0	0.0
-0.0006429446245174374	0.0	0.0
-0.0006438034919030178	0.0	0.0
-0.0006446623592885982	0.0	0.0
-0.0006456439220149757	0.0	0.0
-0.0006467481800821504	0.0	0.0
-0.0006478524381493252	0.0	0.0
-0.0006488340008757028	0.0	0.0
-0.0006500609542836747	0.0	0.0
-0.0006512879076916466	0.0	0.0
-0.0006523921657588213	0.0	0.0
-0.000653373728485199	0.0	0.0
-0.000654723377233968	0.0	0.0
-0.00065595033064194	0.0	0.0
-0.000657299979390709	0.0	0.0
-0.0006588950188210726	0.0	0.0
-0.0006606127535922334	0.0	0.0
-0.0006624531837041913	0.0	0.0
-0.0006646616998385407	0.0	0.0
-0.0006669929113136874	0.0	0.0
-0.0006695695134704285	0.0	0.0
-0.0006725142016495611	0.0	0.0
-0.0006757042805102882	0.0	0.0
-0.0006787716640302181	0.0	0.0
-0.0006822071335725395	0.0	0.0
-0.000685765298455658	0.0	0.0
-0.000689446158679574	0.0	0.0
-0.0006930043235626925	0.0	0.0
-0.0006970532698089999	0.0	0.0
-0.0007009795207145102	0.0	0.0
-0.0007049057716200203	0.0	0.0
-0.0007090774132071249	0.0	0.0
-0.0007133717501350267	0.0	0.0
-0.0007175433917221313	0.0	0.0
-0.0007222058146724246	0.0	0.0
-0.0007265001516003264	0.0	0.0
-0.0007310398792098226	0.0	0.0
-0.0007357023021601159	0.0	0.0
-0.0007402420297696121	0.0	0.0
-0.0007446590620383112	0.0	0.0
-0.0007491987896478073	0.0	0.0
-0.0007536158219165062	0.0	0.0
-0.0007581555495260024	0.0	0.0
-0.0007626952771354986	0.0	0.0
-0.0007672350047449948	0.0	0.0
-0.0007720201230360852	0.0	0.0
-0.0007766825459863786	0.0	0.0
-0.0007814676642774692	0.0	0.0
-0.0007862527825685598	0.0	0.0
-0.0007911605962004476	0.0	0.0
-0.0007960684098323353	0.0	0.0
-0.0008007308327826287	0.0	0.0
-0.000805393255732922	0.0	0.0
-0.000809810288001621	0.0	0.0
-0.0008141046249295228	0.0	0.0
-0.0008182762665166274	0.0	0.0
-0.0008222025174221375	0.0	0.0
-0.0008258833776460533	0.0	0.0
-0.0008294415425291721	0.0	0.0
-0.0008328770120714934	0.0	0.0
-0.0008361897862730177	0.0	0.0
-0.0008395025604745419	0.0	0.0
-0.000842692639335269	0.0	0.0
-0.0008460054135367932	0.0	0.0
-0.0008493181877383174	0.0	0.0
-0.0008526309619398415	0.0	0.0
-0.0008559437361413659	0.0	0.0
-0.0008596245963652817	0.0	0.0
-0.0008631827612484004	0.0	0.0
-0.0008667409261315189	0.0	0.0
-0.0008702990910146376	0.0	0.0
-0.0008739799512385533	0.0	0.0
-0.0008774154207808748	0.0	0.0
-0.0008806054996416018	0.0	0.0
-0.000883918273843126	0.0	0.0
-0.0008868629620222587	0.0	0.0
-0.0008898076502013913	0.0	0.0
-0.0008922615570173352	0.0	0.0
-0.0008948381591740763	0.0	0.0
-0.000897169370649223	0.0	0.0
-0.0008993778867835725	0.0	0.0
-0.0009013410122363276	0.0	0.0
-0.0009033041376890827	0.0	0.0
-0.0009051445678010406	0.0	0.0
-0.0009064942165498096	0.0	0.0
-0.000907966560639376	0.0	0.0
-0.0009089481233657536	0.0	0.0
-0.0009098069907513339	0.0	0.0
-0.0009105431627961171	0.0	0.0
-0.0009109112488185086	0.0	0.0
-0.0009115247255224947	0.0	0.0
-0.0009116474208632918	0.0	0.0
-0.000911770116204089	0.0	0.0
-0.000911770116204089	0.0	0.0
-0.0009118928115448863	0.0	0.0
-0.0009120155068856835	0.0	0.0
-0.0009121382022264806	0.0	0.0
-0.0009121382022264806	0.0	0.0
-0.0009121382022264806	0.0	0.0
-0.0009121382022264806	0.0	0.0
-0.0009120155068856835	0.0	0.0
-0.000911770116204089	0.0	0.0
-0.0009114020301816974	0.0	0.0
-0.0009107885534777115	0.0	0.0
-0.0009100523814329284	0.0	0.0
-0.000909193514047348	0.0	0.0
-0.0009082119513209705	0.0	0.0
-0.0009071076932537956	0.0	0.0
-0.0009057580445050265	0.0	0.0
-0.0009046537864378517	0.0	0.0
-0.0009033041376890827	0.0	0.0
-0.0009021998796219079	0.0	0.0
-0.0009012183168955304	0.0	0.0
-0.0009002367541691528	0.0	0.0
-0.0008993778867835725	0.0	0.0
-0.0008987644100795865	0.0	0.0
-0.0008981509333756005	0.0	0.0
-0.0008977828473532089	0.0	0.0
-0.0008974147613308173	0.0	0.0
-0.0008972920659900201	0.0	0.0
-0.0008972920659900201	0.0	0.0
-0.0008975374566716146	0.0	0.0
-0.0008979055426940061	0.0	0.0
-0.0008982736287163977	0.0	0.0
-0.0008991324961019782	0.0	0.0
-0.0008996232774651668	0.0	0.0
-0.0009006048401915444	0.0	0.0
-0.0009013410122363276	0.0	0.0
-0.0009020771842811107	0.0	0.0
-0.0009028133563258938	0.0	0.0
-0.0009034268330298798	0.0	0.0
-0.0009040403097338659	0.0	0.0
-0.0009044083957562574	0.0	0.0
-0.000904776481778649	0.0	0.0
-0.0009051445678010406	0.0	0.0
-0.0009055126538234322	0.0	0.0
-0.0009057580445050265	0.0	0.0
-0.0009062488258682153	0.0	0.0
-0.0009066169118906069	0.0	0.0
-0.0009072303885945929	0.0	0.0
-0.000907966560639376	0.0	0.0
-0.0009088254280249563	0.0	0.0
-0.0009096842954105368	0.0	0.0
-0.0009106658581369142	0.0	0.0
-0.0009116474208632918	0.0	0.0
-0.0009126289835896694	0.0	0.0
-0.0009133651556344526	0.0	0.0
-0.0009139786323384385	0.0	0.0
-0.00091434671836083	0.0	0.0
-0.0009144694137016273	0.0	0.0
-0.0009141013276792357	0.0	0.0
-0.0009137332416568442	0.0	0.0
-0.0009131197649528582	0.0	0.0
-0.0009123835929080751	0.0	0.0
-0.0009114020301816974	0.0	0.0
-0.0009105431627961171	0.0	0.0
-0.0009096842954105368	0.0	0.0
-0.0009088254280249563	0.0	0.0
-0.000907966560639376	0.0	0.0
-0.0009073530839353901	0.0	0.0
-0.000906739607231404	0.0	0.0
-0.0009061261305274181	0.0	0.0
-0.0009056353491642293	0.0	0.0
-0.0009050218724602434	0.0	0.0
-0.0009044083957562574	0.0	0.0
-0.0009035495283706771	0.0	0.0
-0.0009028133563258938	0.0	0.0
-0.0009015864029179219	0.0	0.0
-0.0009004821448507471	0.0	0.0
-0.0008991324961019782	0.0	0.0
-0.0008977828473532089	0.0	0.0
-0.0008964331986044398	0.0	0.0
-0.0008949608545148736	0.0	0.0
-0.0008936112057661043	0.0	0.0
-0.0008923842523581324	0.0	0.0
-0.0008914026896317548	0.0	0.0
-0.0008906665175869717	0.0	0.0
-0.0008902984315645802	0.0	0.0
-0.0008900530408829858	0.0	0.0
-0.0008901757362237829	0.0	0.0
-0.0008905438222461745	0.0	0.0
-0.0008911572989501605	0.0	0.0
-0.0008920161663357408	0.0	0.0
-0.0008928750337213212	0.0	0.0
-0.0008937339011069015	0.0	0.0
-0.0008945927684924819	0.0	0.0
-0.0008955743312188594	0.0	0.0
-0.000896555893945237	0.0	0.0
-0.0008972920659900201	0.0	0.0
-0.0008981509333756005	0.0	0.0
-0.0008987644100795865	0.0	0.0
-0.0008992551914427752	0.0	0.0
-0.0008998686681467613	0.0	0.0
-0.0009001140588283556	0.0	0.0
-0.00090035944950995	0.0	0.0
-0.0009004821448507471	0.0	0.0
-0.00090035944950995	0.0	0.0
-0.0009002367541691528	0.0	0.0
-0.000899745972805964	0.0	0.0
-0.0008992551914427752	0.0	0.0
-0.0008985190193979921	0.0	0.0
-0.0008975374566716146	0.0	0.0
-0.000896555893945237	0.0	0.0
-0.0008955743312188594	0.0	0.0
-0.0008943473778108875	0.0	0.0
-0.0008931204244029155	0.0	0.0
-0.0008917707756541464	0.0	0.0
-0.0008902984315645802	0.0	0.0
-0.0008888260874750138	0.0	0.0
-0.0008872310480446502	0.0	0.0
-0.000885758703955084	0.0	0.0
-0.0008841636645247204	0.0	0.0
-0.0008825686250943568	0.0	0.0
-0.0008809735856639934	0.0	0.0
-0.0008793785462336299	0.0	0.0
-0.0008777835068032664	0.0	0.0
-0.0008763111627137	0.0	0.0
-0.0008750842093057281	0.0	0.0
-0.0008741026465793506	0.0	0.0
-0.0008729983885121758	0.0	0.0
-0.0008722622164673927	0.0	0.0
-0.0008716487397634066	0.0	0.0
-0.0008714033490818123	0.0	0.0
-0.0008709125677186235	0.0	0.0
-0.0008706671770370291	0.0	0.0
-0.000870544481696232	0.0	0.0
-0.0008701763956738403	0.0	0.0
-0.000870053700333043	0.0	0.0
-0.000869931004992246	0.0	0.0
-0.0008696856143106515	0.0	0.0
-0.0008696856143106515	0.0	0.0
-0.0008695629189698544	0.0	0.0
-0.0008695629189698544	0.0	0.0
-0.0008696856143106515	0.0	0.0
-0.000869931004992246	0.0	0.0
-0.0008702990910146376	0.0	0.0
-0.0008709125677186235	0.0	0.0
-0.0008715260444226094	0.0	0.0
-0.0008722622164673927	0.0	0.0
-0.0008729983885121758	0.0	0.0
-0.0008738572558977561	0.0	0.0
-0.0008745934279425393	0.0	0.0
-0.0008754522953281197	0.0	0.0
-0.0008761884673729028	0.0	0.0
-0.0008768019440768889	0.0	0.0
-0.000877538116121672	0.0	0.0
-0.0008781515928256579	0.0	0.0
-0.000878887764870441	0.0	0.0
-0.0008796239369152243	0.0	0.0
-0.0008804828043008046	0.0	0.0
-0.000881341671686385	0.0	0.0
-0.0008823232344127625	0.0	0.0
-0.00088330479713914	0.0	0.0
-0.000884531750547112	0.0	0.0
-0.0008855133132734896	0.0	0.0
-0.0008864948759998671	0.0	0.0
-0.0008872310480446502	0.0	0.0
-0.0008880899154302306	0.0	0.0
-0.0008885806967934193	0.0	0.0
-0.0008888260874750138	0.0	0.0
-0.0008887033921342166	0.0	0.0
-0.0008880899154302306	0.0	0.0
-0.0008874764387262446	0.0	0.0
-0.0008861267899774756	0.0	0.0
-0.0008846544458879092	0.0	0.0
-0.0008829367111167485	0.0	0.0
-0.0008808508903231962	0.0	0.0
-0.0008786423741888467	0.0	0.0
-0.0008760657720321055	0.0	0.0
-0.0008733664745345674	0.0	0.0
-0.0008701763956738403	0.0	0.0
-0.0008668636214723162	0.0	0.0
-0.0008633054565891974	0.0	0.0
-0.0008596245963652817	0.0	0.0
-0.0008553302594373798	0.0	0.0
-0.0008510359225094782	0.0	0.0
-0.0008466188902407791	0.0	0.0
-0.0008420791626312829	0.0	0.0
-0.0008371713489993952	0.0	0.0
-0.0008323862307083046	0.0	0.0
-0.0008271103310540254	0.0	0.0
-0.0008220798220813404	0.0	0.0
-0.0008169266177678583	0.0	0.0
-0.0008116507181135789	0.0	0.0
-0.0008064975138000967	0.0	0.0
-0.0008010989188050203	0.0	0.0
-0.0007960684098323353	0.0	0.0
-0.000790792510178056	0.0	0.0
-0.0007855166105237766	0.0	0.0
-0.0007804861015510917	0.0	0.0
-0.0007754555925784067	0.0	0.0
-0.0007703023882649246	0.0	0.0
-0.0007653945746330369	0.0	0.0
-0.0007603640656603519	0.0	0.0
-0.0007557016427100585	0.0	0.0
-0.000750916524418968	0.0	0.0
-0.0007463767968094718	0.0	0.0
-0.0007419597645407729	0.0	0.0
-0.000737665427612871	0.0	0.0
-0.0007336164813665637	0.0	0.0
-0.0007295675351202564	0.0	0.0
-0.0007258866748963404	0.0	0.0
-0.0007220831193316274	0.0	0.0
-0.0007184022591077117	0.0	0.0
-0.0007150894849061874	0.0	0.0
-0.0007115313200230688	0.0	0.0
-0.0007079731551399502	0.0	0.0
-0.0007045376855976288	0.0	0.0
-0.0007009795207145102	0.0	0.0
-0.0006975440511721887	0.0	0.0
-0.0006939858862890701	0.0	0.0
-0.0006906731120875458	0.0	0.0
-0.0006872376425452243	0.0	0.0
-0.000683802173002903	0.0	0.0
-0.0006807347894829731	0.0	0.0
-0.0006775447106222461	0.0	0.0
-0.000674354631761519	0.0	0.0
-0.000671164552900792	0.0	0.0
-0.0006682198647216594	0.0	0.0
-0.0006650297858609324	0.0	0.0
-0.0006620850976817997	0.0	0.0
-0.0006590177141618699	0.0	0.0
-0.0006557049399603457	0.0	0.0
-0.0006525148610996186	0.0	0.0
-0.0006490793915572971	0.0	0.0
-0.0006457666173557729	0.0	0.0
-0.0006423311478134515	0.0	0.0
-0.00063889567827113	0.0	0.0
-0.0006353375133880114	0.0	0.0
-0.0006315339578232985	0.0	0.0
-0.0006279757929401798	0.0	0.0
-0.0006244176280570612	0.0	0.0
-0.0006206140724923482	0.0	0.0
-0.0006170559076092296	0.0	0.0
-0.0006132523520445166	0.0	0.0
-0.0006095714918206008	0.0	0.0
-0.0006057679362558878	0.0	0.0
-0.0006018416853503776	0.0	0.0
-0.0005979154344448673	0.0	0.0
-0.0005938664881985599	0.0	0.0
-0.0005896948466114553	0.0	0.0
-0.0005852778143427564	0.0	0.0
-0.0005807380867332602	0.0	0.0
-0.0005759529684421696	0.0	0.0
-0.0005710451548102818	0.0	0.0
-0.0005656465598152054	0.0	0.0
-0.0005603706601609261	0.0	0.0
-0.0005546039791434579	0.0	0.0
-0.0005487146027851926	0.0	0.0
-0.000542579835745333	0.0	0.0
-0.0005363223733646761	0.0	0.0
-0.0005300649109840192	0.0	0.0
-0.000523562057921768	0.0	0.0
-0.0005175499862227055	0.0	0.0
-0.0005112925238420485	0.0	0.0
-0.000505280452142986	0.0	0.0
-0.0004993910757847207	0.0	0.0
-0.0004937470901080498	0.0	0.0
-0.0004881031044313789	0.0	0.0
-0.0004828272047770996	0.0	0.0
-0.0004776740004636174	0.0	0.0
-0.00047276618683172967	0.0	0.0
-0.00046785837319984194	0.0	0.0
-0.00046344134093114295	0.0	0.0
-0.0004589016133216468	0.0	0.0
-0.00045448458105294784	0.0	0.0
-0.00045031293946584325	0.0	0.0
-0.000446386688560333	0.0	0.0
-0.00044258313299561997	0.0	0.0
-0.00043902496811250134	0.0	0.0
-0.00043558949857017994	0.0	0.0
-0.0004323994197094529	0.0	0.0
-0.00042933203618952305	0.0	0.0
-0.00042663273869198484	0.0	0.0
-0.00042393344119444657	0.0	0.0
-0.00042147953437850265	0.0	0.0
-0.0004190256275625588	0.0	0.0
-0.0004166944160874121	0.0	0.0
-0.0004146085952938598	0.0	0.0
-0.0004124000791595103	0.0	0.0
-0.00041019156302516085	0.0	0.0
-0.00040786035155001416	0.0	0.0
-0.0004056518354156647	0.0	0.0
-0.0004031979285997208	0.0	0.0
-0.0004008667171245741	0.0	0.0
-0.00039841281030863026	0.0	0.0
-0.0003959589034926864	0.0	0.0
-0.00039375038735833687	0.0	0.0
-0.0003915418712239874	0.0	0.0
-0.00038957874577123233	0.0	0.0
-0.0003876156203184772	0.0	0.0
-0.00038614327622891087	0.0	0.0
-0.0003846709321393445	0.0	0.0
-0.0003834439787313726	0.0	0.0
-0.0003822170253234006	0.0	0.0
-0.00038123546259702314	0.0	0.0
-0.00038025389987064555	0.0	0.0
-0.000379272337144268	0.0	0.0
-0.00037816807907709325	0.0	0.0
-0.00037706382100991854	0.0	0.0
-0.0003757141722611494	0.0	0.0
-0.0003741191328307859	0.0	0.0
-0.0003721560073780308	0.0	0.0
-0.00037031557726607286	0.0	0.0
-0.0003681070611317234	0.0	0.0
-0.0003657758496565767	0.0	0.0
-0.00036344463818143005	0.0	0.0
-0.00036111342670628335	0.0	0.0
-0.00035853682454954226	0.0	0.0
-0.00035620561307439557	0.0	0.0
-0.00035387440159924887	0.0	0.0
-0.0003517885808056966	0.0	0.0
-0.0003497027600121443	0.0	0.0
-0.0003478623299001864	0.0	0.0
-0.0003462672904698229	0.0	0.0
-0.00034467225103945937	0.0	0.0
-0.0003434452976314874	0.0	0.0
-0.0003422183442235155	0.0	0.0
-0.0003409913908155435	0.0	0.0
-0.000340009828089166	0.0	0.0
-0.00033878287468119405	0.0	0.0
-0.0003375559212732221	0.0	0.0
-0.0003363289678652502	0.0	0.0
-0.00033510201445727825	0.0	0.0
-0.0003338750610493063	0.0	0.0
-0.00033252541230053715	0.0	0.0
-0.0003312984588925652	0.0	0.0
-0.00033019420082539046	0.0	0.0
-0.00032908994275821575	0.0	0.0
-0.0003282310753726354	0.0	0.0
-0.0003276175986686494	0.0	0.0
-0.0003271268173054607	0.0	0.0
-0.0003268814266238663	0.0	0.0
-0.0003268814266238663	0.0	0.0
-0.00032700412196466345	0.0	0.0
-0.00032749490332785225	0.0	0.0
-0.0003277402940094466	0.0	0.0
-0.00032810838003183816	0.0	0.0
-0.0003283537707134326	0.0	0.0
-0.000328599161395027	0.0	0.0
-0.0003284764660542298	0.0	0.0
-0.0003283537707134326	0.0	0.0
-0.000327985684691041	0.0	0.0
-0.00032749490332785225	0.0	0.0
-0.0003268814266238663	0.0	0.0
-0.0003263906452606775	0.0	0.0
-0.0003256544732158943	0.0	0.0
-0.00032516369185270555	0.0	0.0
-0.000324795605830314	0.0	0.0
-0.0003243048244671252	0.0	0.0
-0.00032393673844473357	0.0	0.0
-0.000323568652422342	0.0	0.0
-0.0003229551757183561	0.0	0.0
-0.0003224643943551673	0.0	0.0
-0.0003216055269695869	0.0	0.0
-0.0003205012689024122	0.0	0.0
-0.00031915162015364306	0.0	0.0
-0.00031767927606407673	0.0	0.0
-0.00031583884595211883	0.0	0.0
-0.00031375302515856653	0.0	0.0
-0.00031166720436501423	0.0	0.0
-0.00030945868823066476	0.0	0.0
-0.00030712747675551807	0.0	0.0
-0.00030479626528037143	0.0	0.0
-0.0003023423584644275	0.0	0.0
-0.0003000111469892808	0.0	0.0
-0.0002976799355141341	0.0	0.0
-0.00029547141937978465	0.0	0.0
-0.00029338559858623235	0.0	0.0
-0.0002914224731334772	0.0	0.0
-0.000289336652339925	0.0	0.0
-0.00028761891756876425	0.0	0.0
-0.00028577848745680635	0.0	0.0
-0.0002840607526856456	0.0	0.0
-0.00028283379927767374	0.0	0.0
-0.00028136145518810736	0.0	0.0
-0.000280502587802527	0.0	0.0
-0.00027976641575774386	0.0	0.0
-0.0002791529390537579	0.0	0.0
-0.0002787848530313663	0.0	0.0
-0.00027866215769056915	0.0	0.0
-0.00027866215769056915	0.0	0.0
-0.00027866215769056915	0.0	0.0
-0.0002785394623497719	0.0	0.0
-0.00027866215769056915	0.0	0.0
-0.0002785394623497719	0.0	0.0
-0.0002782940716681775	0.0	0.0
-0.00027792598564578596	0.0	0.0
-0.00027755789962339433	0.0	0.0
-0.0002770671182602056	0.0	0.0
-0.00027657633689701685	0.0	0.0
-0.00027584016485223366	0.0	0.0
-0.00027534938348904486	0.0	0.0
-0.0002747359067850589	0.0	0.0
-0.000274122430081073	0.0	0.0
-0.00027350895337708696	0.0	0.0
-0.0002727727813323038	0.0	0.0
-0.0002720366092875207	0.0	0.0
-0.00027117774190194027	0.0	0.0
-0.00027019617917556273	0.0	0.0
-0.0002688465304267936	0.0	0.0
-0.00026737418633722724	0.0	0.0
-0.00026590184224766097	0.0	0.0
-0.00026381602145410867	0.0	0.0
-0.00026197559134215077	0.0	0.0
-0.00025976707520780124	0.0	0.0
-0.0002575585590734518	0.0	0.0
-0.0002553500429391023	0.0	0.0
-0.0002531415268047528	0.0	0.0
-0.0002511784013519977	0.0	0.0
-0.0002490925805584454	0.0	0.0
-0.0002473748457872847	0.0	0.0
-0.0002455344156753268	0.0	0.0
-0.00024381668090416606	0.0	0.0
-0.00024209894613300538	0.0	0.0
-0.00024038121136184465	0.0	0.0
-0.00023829539056829236	0.0	0.0
-0.00023633226511553726	0.0	0.0
-0.0002338783582995934	0.0	0.0
-0.0002314244514836495	0.0	0.0
-0.00022872515398611123	0.0	0.0
-0.0002259031611477758	0.0	0.0
-0.00022295847296864313	0.0	0.0
-0.00021989108944871327	0.0	0.0
-0.0002169464012695806	0.0	0.0
-0.00021424710377204237	0.0	0.0
-0.00021154780627450408	0.0	0.0
-0.00020897120411776305	0.0	0.0
-0.00020663999264261635	0.0	0.0
-0.00020430878116746968	0.0	0.0
-0.00020234565571471458	0.0	0.0
-0.00020025983492116229	0.0	0.0
-0.00019854210015000156	0.0	0.0
-0.00019657897469724649	0.0	0.0
-0.00019473854458528856	0.0	0.0
-0.00019277541913253346	0.0	0.0
-0.00019081229367977836	0.0	0.0
-0.00018897186356782046	0.0	0.0
-0.00018700873811506536	0.0	0.0
-0.00018516830800310743	0.0	0.0
-0.00018345057323194673	0.0	0.0
-0.00018161014311998883	0.0	0.0
-0.0001801377990304225	0.0	0.0
-0.00017878815028165337	0.0	0.0
-0.00017756119687368144	0.0	0.0
-0.00017657963414730387	0.0	0.0
-0.00017584346210252074	0.0	0.0
-0.00017486189937614317	0.0	0.0
-0.00017437111801295438	0.0	0.0
-0.00017388033664976564	0.0	0.0
-0.00017326685994577964	0.0	0.0
-0.00017277607858259087	0.0	0.0
-0.0001720399065378077	0.0	0.0
-0.00017118103915222734	0.0	0.0
-0.00017032217176664698	0.0	0.0
-0.00016946330438106664	0.0	0.0
-0.0001683590463138919	0.0	0.0
-0.00016725478824671717	0.0	0.0
-0.0001663959208611368	0.0	0.0
-0.00016516896745316488	0.0	0.0
-0.00016418740472678731	0.0	0.0
-0.00016320584200040975	0.0	0.0
-0.00016197888859243782	0.0	0.0
-0.00016075193518446588	0.0	0.0
-0.00015952498177649395	0.0	0.0
-0.00015805263768692762	0.0	0.0
-0.00015645759825656412	0.0	0.0
-0.0001547398634854034	0.0	0.0
-0.0001527767380326483	0.0	0.0
-0.0001508136125798932	0.0	0.0
-0.0001487277917863409	0.0	0.0
-0.00014651927565199142	0.0	0.0
-0.0001441880641768447	0.0	0.0
-0.00014185685270169803	0.0	0.0
-0.00013940294588575417	0.0	0.0
-0.0001368263437290131	0.0	0.0
-0.0001343724369130692	0.0	0.0
-0.00013191853009712534	0.0	0.0
-0.00012958731862197867	0.0	0.0
-0.0001270107164652376	0.0	0.0
-0.0001245568096492937	0.0	0.0
-0.00012222559817414705	0.0	0.0
-0.00011977169135820316	0.0	0.0
-0.00011744047988305648	0.0	0.0
-0.0001149865730671126	0.0	0.0
-0.00011240997091037152	0.0	0.0
-0.00010983336875363047	0.0	0.0
-0.00010725676659688939	0.0	0.0
-0.00010455746909935113	0.0	0.0
-0.00010185817160181286	0.0	0.0
-9.879078808188302e-05	0.0	0.0
-9.584609990275037e-05	0.0	0.0
-9.253332570122614e-05	0.0	0.0
-8.93432468404991e-05	0.0	0.0
-8.603047263897487e-05	0.0	0.0
-8.259500309665344e-05	0.0	0.0
-7.928222889512921e-05	0.0	0.0
-7.596945469360498e-05	0.0	0.0
-7.265668049208075e-05	0.0	0.0
-6.94666016313537e-05	0.0	0.0
-6.615382742982948e-05	0.0	0.0
-6.320913925069683e-05	0.0	0.0
-6.026445107156418e-05	0.0	0.0
-5.719706755163433e-05	0.0	0.0
-5.4252379372501677e-05	0.0	0.0
-5.1184995852571836e-05	0.0	0.0
-4.824030767343918e-05	0.0	0.0
-4.505022881271215e-05	0.0	0.0
-4.19828452927823e-05	0.0	0.0
-3.867007109125807e-05	0.0	0.0
-3.535729688973384e-05	0.0	0.0
-3.204452268820961e-05	0.0	0.0
-2.860905314588818e-05	0.0	0.0
-2.5296278944363948e-05	0.0	0.0
-2.1983504742839714e-05	0.0	0.0
-1.8793425882112678e-05	0.0	0.0
-1.560334702138564e-05	0.0	0.0
-1.2781354183050183e-05	0.0	0.0
-9.959361344714725e-06	0.0	0.0
-7.137368506379269e-06	0.0	0.0
-4.315375668043811e-06	0.0	0.0
-1.616078170505548e-06	0.0	0.0
1.205914667829909e-06	0.0	0.0
3.9052121653681725e-06	0.0	0.0
6.72720500370363e-06	0.0	0.0
9.549197842039087e-06	0.0	0.0
1.2371190680374543e-05	0.0	0.0
1.5438574200304387e-05	0.0	0.0
1.8505957720234234e-05	0.0	0.0
2.169603658096127e-05	0.0	0.0
2.4763420100891116e-05	0.0	0.0
2.7953498961618155e-05	0.0	0.0
3.126627316314238e-05	0.0	0.0
3.457904736466662e-05	0.0	0.0
3.776912622539365e-05	0.0	0.0
4.108190042691789e-05	0.0	0.0
4.427197928764492e-05	0.0	0.0
4.758475348916916e-05	0.0	0.0
5.089752769069339e-05	0.0	0.0
5.4455692573812014e-05	0.0	0.0
5.764577143453905e-05	0.0	0.0
6.108124097686048e-05	0.0	0.0
6.46394058599791e-05	0.0	0.0
6.81975707430977e-05	0.0	0.0
7.175573562621633e-05	0.0	0.0
7.531390050933495e-05	0.0	0.0
7.911745607404796e-05	0.0	0.0
8.267562095716658e-05	0.0	0.0
8.63564811810824e-05	0.0	0.0
9.01600367457954e-05	0.0	0.0
9.371820162891402e-05	0.0	0.0
9.739906185282983e-05	0.0	0.0
0.00010071183605435406	0.0	0.0
0.00010414730559667549	0.0	0.0
0.00010746007979819974	0.0	0.0
0.00011065015865892676	0.0	0.0
0.00011359484683805942	0.0	0.0
0.00011629414433559768	0.0	0.0
0.00011899344183313595	0.0	0.0
0.00012157004398987701	0.0	0.0
0.0001239012554650237	0.0	0.0
0.00012610977159937316	0.0	0.0
0.00012831828773372266	0.0	0.0
0.00013040410852727496	0.0	0.0
0.00013236723398003005	0.0	0.0
0.00013420766409198798	0.0	0.0
0.00013592539886314866	0.0	0.0
0.00013764313363430938	0.0	0.0
0.00013923817306467291	0.0	0.0
0.00014071051715423925	0.0	0.0
0.00014230555658460275	0.0	0.0
0.0001436552053333719	0.0	0.0
0.000145004854082141	0.0	0.0
0.00014635450283091014	0.0	0.0
0.00014758145623888208	0.0	0.0
0.000148808409646854	0.0	0.0
0.00015003536305482594	0.0	0.0
0.0001510169257812035	0.0	0.0
0.00015199848850758107	0.0	0.0
0.0001531027465747558	0.0	0.0
0.00015420700464193054	0.0	0.0
0.0001551885673683081	0.0	0.0
0.00015629282543548284	0.0	0.0
0.0001572743881618604	0.0	0.0
0.00015837864622903513	0.0	0.0
0.00015960559963700707	0.0	0.0
0.00016070985770418183	0.0	0.0
0.00016193681111215376	0.0	0.0
0.00016316376452012572	0.0	0.0
0.00016439071792809766	0.0	0.0
0.0001656176713360696	0.0	0.0
0.00016672192940324433	0.0	0.0
0.00016794888281121626	0.0	0.0
0.00016893044553759382	0.0	0.0
0.00017015739894556576	0.0	0.0
0.0001711389616719433	0.0	0.0
0.00017199782905752366	0.0	0.0
0.000172856696443104	0.0	0.0
0.00017371556382868436	0.0	0.0
0.00017445173587346752	0.0	0.0
0.0001749425172366563	0.0	0.0
0.00017555599394064228	0.0	0.0
0.00017604677530383102	0.0	0.0
0.00017653755666701982	0.0	0.0
0.0001769056426894114	0.0	0.0
0.00017739642405260018	0.0	0.0
0.00017788720541578895	0.0	0.0
0.00017837798677897775	0.0	0.0
0.00017899146348296369	0.0	0.0
0.00017948224484615248	0.0	0.0
0.00018021841689093562	0.0	0.0
0.0001808318935949216	0.0	0.0
0.00018132267495811038	0.0	0.0
0.00018193615166209635	0.0	0.0
0.00018242693302528512	0.0	0.0
0.0001827950190476767	0.0	0.0
0.0001830404097292711	0.0	0.0
0.00018328580041086548	0.0	0.0
0.00018328580041086548	0.0	0.0
0.00018328580041086548	0.0	0.0
0.00018328580041086548	0.0	0.0
0.00018340849575166268	0.0	0.0
0.00018365388643325705	0.0	0.0
0.00018402197245564865	0.0	0.0
0.00018426736313724304	0.0	0.0
0.000184880839841229	0.0	0.0
0.00018573970722680935	0.0	0.0
0.0001867212699531869	0.0	0.0
0.00018770283267956445	0.0	0.0
0.00018905248142833358	0.0	0.0
0.00019027943483630554	0.0	0.0
0.00019150638824427747	0.0	0.0
0.0001927333416522494	0.0	0.0
0.00019371490437862697	0.0	0.0
0.0001948191624458017	0.0	0.0
0.00019555533449058484	0.0	0.0
0.00019616881119457084	0.0	0.0
0.0001966595925577596	0.0	0.0
0.0001970276785801512	0.0	0.0
0.00019715037392094837	0.0	0.0
0.00019727306926174557	0.0	0.0
0.00019727306926174557	0.0	0.0
0.00019739576460254277	0.0	0.0
0.00019751845994333997	0.0	0.0
0.00019800924130652874	0.0	0.0
0.0001983773273289203	0.0	0.0
0.0001991134993737035	0.0	0.0
0.00019984967141848664	0.0	0.0
0.000200708538804067	0.0	0.0
0.00020169010153044454	0.0	0.0
0.0002026716642568221	0.0	0.0
0.00020377592232399683	0.0	0.0
0.0002046347897095772	0.0	0.0
0.00020561635243595476	0.0	0.0
0.0002064752198215351	0.0	0.0
0.00020721139186631826	0.0	0.0
0.00020819295459269583	0.0	0.0
0.00020917451731907336	0.0	0.0
0.00020991068936385655	0.0	0.0
0.0002111376427718285	0.0	0.0
0.00021199651015740885	0.0	0.0
0.00021322346356538079	0.0	0.0
0.00021432772163255552	0.0	0.0
0.00021555467504052745	0.0	0.0
0.0002167816284484994	0.0	0.0
0.00021788588651567412	0.0	0.0
0.00021911283992364605	0.0	0.0
0.00022009440265002362	0.0	0.0
0.00022095327003560398	0.0	0.0
0.00022168944208038712	0.0	0.0
0.00022242561412517029	0.0	0.0
0.00022279370014756185	0.0	0.0
0.00022340717685154785	0.0	0.0
0.00022389795821473662	0.0	0.0
0.00022451143491872258	0.0	0.0
0.00022512491162270858	0.0	0.0
0.00022598377900828891	0.0	0.0
0.00022721073241626087	0.0	0.0
0.00022856038116502998	0.0	0.0
0.0002300327252545963	0.0	0.0
0.0002318731553665542	0.0	0.0
0.00023371358547851214	0.0	0.0
0.00023592210161286163	0.0	0.0
0.0002382533130880083	0.0	0.0
0.00024070721990395217	0.0	0.0
0.00024340651740149043	0.0	0.0
0.00024610581489902867	0.0	0.0
0.00024917319841895856	0.0	0.0
0.00025236327727968556	0.0	0.0
0.0002556760514812098	0.0	0.0
0.00025935691170512565	0.0	0.0
0.0002631604672698386	0.0	0.0
0.0002673321088569432	0.0	0.0
0.0002715037504440478	0.0	0.0
0.00027579808737194963	0.0	0.0
0.00028021511964064857	0.0	0.0
0.00028487754259094196	0.0	0.0
0.0002894172702004381	0.0	0.0
0.0002937116071283399	0.0	0.0
0.0002981286393970389	0.0	0.0
0.0003023002809841435	0.0	0.0
0.00030634922723045085	0.0	0.0
0.0003103981734767583	0.0	0.0
0.00031420172904147124	0.0	0.0
0.00031812797994698144	0.0	0.0
0.00032205423085249164	0.0	0.0
0.00032610317709879906	0.0	0.0
0.00033015212334510643	0.0	0.0
0.00033432376493221103	0.0	0.0
0.00033849540651931557	0.0	0.0
0.0003427897434472174	0.0	0.0
0.0003472067757159164	0.0	0.0
0.0003516238079846154	0.0	0.0
0.00035604084025331437	0.0	0.0
0.00036033517718121614	0.0	0.0
0.0003646295141091179	0.0	0.0
0.0003685557650146281	0.0	0.0
0.00037272740660173264	0.0	0.0
0.00037677635284804006	0.0	0.0
0.0003803345177311587	0.0	0.0
0.0003840153779550745	0.0	0.0
0.0003875735428381931	0.0	0.0
0.0003908863170397174	0.0	0.0
0.0003940763959004444	0.0	0.0
0.0003971437794203742	0.0	0.0
0.0004002111629403041	0.0	0.0
0.0004030331557786395	0.0	0.0
0.000405855148616975	0.0	0.0
0.00040855444611451327	0.0	0.0
0.00041125374361205153	0.0	0.0
0.0004137076504279954	0.0	0.0
0.00041616155724393927	0.0	0.0
0.00041849276871908596	0.0	0.0
0.00042070128485343543	0.0	0.0
0.0004231551916693793	0.0	0.0
0.00042536370780372877	0.0	0.0
0.0004276949192788755	0.0	0.0
0.00043027152143561656	0.0	0.0
0.00043284812359235765	0.0	0.0
0.0004355474210898959	0.0	0.0
0.00043836941392823135	0.0	0.0
0.000441314102107364	0.0	0.0
0.00044425879028649667	0.0	0.0
0.00044720347846562933	0.0	0.0
0.00045002547130396477	0.0	0.0
0.0004526020734607058	0.0	0.0
0.00045530137095824407	0.0	0.0
0.00045775527777418794	0.0	0.0
0.00046008648924933463	0.0	0.0
0.00046266309140607573	0.0	0.0
0.0004649943028812224	0.0	0.0
0.00046757090503796346	0.0	0.0
0.00047002481185390733	0.0	0.0
0.00047284680469224276	0.0	0.0
0.0004754234068489839	0.0	0.0
0.0004787361810505081	0.0	0.0
0.00048192625991123515	0.0	0.0
0.0004851163387719622	0.0	0.0
0.000488797198995878	0.0	0.0
0.0004923553638789966	0.0	0.0
0.0004961589194437097	0.0	0.0
0.0004997170843268282	0.0	0.0
0.0005035206398915413	0.0	0.0
0.0005073241954562543	0.0	0.0
0.0005112504463617645	0.0	0.0
0.0005151766972672746	0.0	0.0
0.000519225643513582	0.0	0.0
0.0005233972851006866	0.0	0.0
0.0005278143173693857	0.0	0.0
0.000532476740319679	0.0	0.0
0.0005370164679291751	0.0	0.0
0.0005419242815610629	0.0	0.0
0.0005468320951929507	0.0	0.0
0.0005518626041656356	0.0	0.0
0.0005567704177975233	0.0	0.0
0.0005618009267702083	0.0	0.0
0.0005668314357428932	0.0	0.0
0.000571739249374781	0.0	0.0
0.000576769758347466	0.0	0.0
0.0005815548766385565	0.0	0.0
0.0005863399949296471	0.0	0.0
0.000591370503902332	0.0	0.0
0.0005964010128750169	0.0	0.0
0.0006014315218477019	0.0	0.0
0.0006067074215019812	0.0	0.0
0.0006121060164970578	0.0	0.0
0.0006177500021737287	0.0	0.0
0.0006237620738727912	0.0	0.0
0.0006297741455718537	0.0	0.0
0.0006357862172709162	0.0	0.0
0.0006420436796515731	0.0	0.0
0.0006484238373730271	0.0	0.0
0.0006549266904352784	0.0	0.0
0.000661061457475138	0.0	0.0
0.0006674416151965922	0.0	0.0
0.000673699077577249	0.0	0.0
0.0006797111492763115	0.0	0.0
0.000685723220975374	0.0	0.0
0.0006916125973336393	0.0	0.0
0.0006973792783511075	0.0	0.0
0.0007030232640277784	0.0	0.0
0.0007082991636820577	0.0	0.0
0.0007136977586771341	0.0	0.0
0.0007189736583314135	0.0	0.0
0.0007240041673040984	0.0	0.0
0.0007290346762767834	0.0	0.0
0.0007340651852494684	0.0	0.0
0.0007390956942221532	0.0	0.0
0.0007437581171724467	0.0	0.0
0.0007486659308043345	0.0	0.0
0.0007535737444362222	0.0	0.0
0.0007582361673865156	0.0	0.0
0.000763021285677606	0.0	0.0
0.0007679290993094939	0.0	0.0
0.0007729596082821788	0.0	0.0
0.0007779901172548638	0.0	0.0
0.0007830206262275487	0.0	0.0
0.0007881738305410309	0.0	0.0
0.0007935724255361073	0.0	0.0
0.0007988483251903867	0.0	0.0
0.0008042469201854632	0.0	0.0
0.0008096455151805397	0.0	0.0
0.0008151668055164134	0.0	0.0
0.0008206880958522872	0.0	0.0
0.0008262093861881609	0.0	0.0
0.000831976067205629	0.0	0.0
0.0008377427482230971	0.0	0.0
0.0008435094292405652	0.0	0.0
0.0008495215009396278	0.0	0.0
0.0008552881819570958	0.0	0.0
0.000861054862974564	0.0	0.0
0.0008669442393328293	0.0	0.0
0.000872465529668703	0.0	0.0
0.0008782322106861711	0.0	0.0
0.0008836308056812476	0.0	0.0
0.0008889067053355269	0.0	0.0
0.0008940599096490091	0.0	0.0
0.0008992131139624912	0.0	0.0
0.0009043663182759734	0.0	0.0
0.0009093968272486583	0.0	0.0
0.0009144273362213432	0.0	0.0
0.0009193351498532309	0.0	0.0
0.0009242429634851188	0.0	0.0
0.0009291507771170065	0.0	0.0
0.0009340585907488942	0.0	0.0
0.0009388437090399848	0.0	0.0
0.0009436288273310754	0.0	0.0
0.0009486593363037604	0.0	0.0
0.0009534444545948508	0.0	0.0
0.0009582295728859414	0.0	0.0
0.0009631373865178291	0.0	0.0
0.0009679225048089198	0.0	0.0
0.0009727076231000102	0.0	0.0
0.000977615436731898	0.0	0.0
0.0009824005550229885	0.0	0.0
0.0009875537593364708	0.0	0.0
0.0009925842683091556	0.0	0.0
0.0009976147772818406	0.0	0.0
0.0010027679815953227	0.0	0.0
0.001008043881249602	0.0	0.0
0.0010131970855630844	0.0	0.0
0.0010184729852173635	0.0	0.0
0.001023748884871643	0.0	0.0
0.0010291474798667193	0.0	0.0
0.001034546074861796	0.0	0.0
0.0010396992791752782	0.0	0.0
0.0010450978741703544	0.0	0.0
0.001050373773824634	0.0	0.0
0.001055526978138116	0.0	0.0
0.0010608028777923954	0.0	0.0
0.0010658333867650804	0.0	0.0
0.0010711092864193596	0.0	0.0
0.0010762624907328419	0.0	0.0
0.0010815383903871212	0.0	0.0
0.0010868142900414004	0.0	0.0
0.0010918447990140854	0.0	0.0
0.0010971206986683647	0.0	0.0
0.001102273902981847	0.0	0.0
0.0011073044119545318	0.0	0.0
0.001112457616268014	0.0	0.0
0.001117488125240699	0.0	0.0
0.0011223959388725867	0.0	0.0
0.0011273037525044744	0.0	0.0
0.0011323342614771594	0.0	0.0
0.0011374874657906415	0.0	0.0
0.0011426406701041236	0.0	0.0
0.0011479165697584031	0.0	0.0
0.0011534378600942768	0.0	0.0
0.0011590818457709476	0.0	0.0
0.0011649712221292131	0.0	0.0
0.0011708605984874782	0.0	0.0
0.001176995365527338	0.0	0.0
0.0011831301325671978	0.0	0.0
0.0011895102902886516	0.0	0.0
0.0011957677526693085	0.0	0.0
0.0012021479103907628	0.0	0.0
0.0012082826774306224	0.0	0.0
0.001214417444470482	0.0	0.0
0.0012206749068511388	0.0	0.0
0.0012268096738909987	0.0	0.0
0.0012329444409308584	0.0	0.0
0.001239079207970718	0.0	0.0
0.0012450912796697804	0.0	0.0
0.00125122604670964	0.0	0.0
0.0012571154230679054	0.0	0.0
0.001263250190107765	0.0	0.0
0.0012691395664660304	0.0	0.0
0.001275151638165093	0.0	0.0
0.0012810410145233581	0.0	0.0
0.0012869303908816234	0.0	0.0
0.0012925743765582944	0.0	0.0
0.0012980956668941681	0.0	0.0
0.0013036169572300418	0.0	0.0
0.0013090155522251185	0.0	0.0
0.0013141687565386005	0.0	0.0
0.0013193219608520828	0.0	0.0
0.0013242297744839703	0.0	0.0
0.001329014892775061	0.0	0.0
0.0013335546203845571	0.0	0.0
0.0013380943479940532	0.0	0.0
0.001342388684921955	0.0	0.0
0.0013465603265090597	0.0	0.0
0.00135048657741457	0.0	0.0
0.001354290132979283	0.0	0.0
0.0013577256025216042	0.0	0.0
0.0013611610720639258	0.0	0.0
0.0013642284555838555	0.0	0.0
0.0013671731437629882	0.0	0.0
0.0013697497459197294	0.0	0.0
0.0013723263480764705	0.0	0.0
0.0013746575595516171	0.0	0.0
0.0013767433803451694	0.0	0.0
0.0013787065057979245	0.0	0.0
0.0013804242405690852	0.0	0.0
0.001382141975340246	0.0	0.0
0.0013838597101114066	0.0	0.0
0.0013850866635193785	0.0	0.0
0.001386559007608945	0.0	0.0
0.0013877859610169168	0.0	0.0
0.001389012914424889	0.0	0.0
0.0013902398678328606	0.0	0.0
0.0013912214305592384	0.0	0.0
0.0013922029932856158	0.0	0.0
0.0013933072513527905	0.0	0.0
0.001394166118738371	0.0	0.0
0.001395393072146343	0.0	0.0
0.001396742720895112	0.0	0.0
0.0013980923696438811	0.0	0.0
0.0013995647137334476	0.0	0.0
0.0014014051438454053	0.0	0.0
0.0014032455739573632	0.0	0.0
0.0014054540900917127	0.0	0.0
0.0014076626062260623	0.0	0.0
0.0014099938177012088	0.0	0.0
0.0014124477245171527	0.0	0.0
0.0014149016313330968	0.0	0.0
0.0014174782334898377	0.0	0.0
0.001420177530987376	0.0	0.0
0.001422754133144117	0.0	0.0
0.001425208039960061	0.0	0.0
0.0014276619467760048	0.0	0.0
0.0014299931582511514	0.0	0.0
0.0014322016743855011	0.0	0.0
0.001434164799838256	0.0	0.0
0.0014362506206318083	0.0	0.0
0.0014382137460845635	0.0	0.0
0.0014400541761965214	0.0	0.0
0.001441771910967682	0.0	0.0
0.00144361234107964	0.0	0.0
0.0014452073805100035	0.0	0.0
0.001446802419940367	0.0	0.0
0.0014483974593707306	0.0	0.0
0.0014499924988010942	0.0	0.0
0.0014513421475498632	0.0	0.0
0.0014525691009578353	0.0	0.0
0.0014540414450474016	0.0	0.0
0.0014552683984553733	0.0	0.0
0.0014564953518633452	0.0	0.0
0.0014578450006121145	0.0	0.0
0.0014590719540200866	0.0	0.0
0.0014605442981096529	0.0	0.0
0.0014618939468584219	0.0	0.0
0.0014633662909479882	0.0	0.0
0.0014647159396967574	0.0	0.0
0.0014660655884455266	0.0	0.0
0.0014672925418534983	0.0	0.0
0.0014683967999206732	0.0	0.0
0.0014695010579878478	0.0	0.0
0.001470237230032631	0.0	0.0
0.001470850706736617	0.0	0.0
0.0014710960974182114	0.0	0.0
0.0014712187927590087	0.0	0.0
0.0014710960974182114	0.0	0.0
0.00147072801139582	0.0	0.0
0.001470237230032631	0.0	0.0
0.001469623753328645	0.0	0.0
0.001468887581283862	0.0	0.0
0.0014679060185574845	0.0	0.0
0.0014670471511719042	0.0	0.0
0.001465820197763932	0.0	0.0
0.0014647159396967574	0.0	0.0
0.0014634889862887854	0.0	0.0
0.0014622620328808133	0.0	0.0
0.0014609123841320445	0.0	0.0
0.0014598081260648696	0.0	0.0
0.0014584584773161004	0.0	0.0
0.0014572315239081287	0.0	0.0
0.0014561272658409536	0.0	0.0
0.0014551457031145762	0.0	0.0
0.0014542868357289957	0.0	0.0
0.0014534279683434154	0.0	0.0
0.0014529371869802267	0.0	0.0
0.0014524464056170378	0.0	0.0
0.0014522010149354437	0.0	0.0
0.0014519556242538491	0.0	0.0
0.0014519556242538491	0.0	0.0
0.0014520783195946464	0.0	0.0
0.0014520783195946464	0.0	0.0
0.0014522010149354437	0.0	0.0
0.0014523237102762408	0.0	0.0
0.0014525691009578353	0.0	0.0
0.0014526917962986324	0.0	0.0
0.0014528144916394294	0.0	0.0
0.0014529371869802267	0.0	0.0
0.001453059882321024	0.0	0.0
0.001453182577661821	0.0	0.0
0.0014533052730026183	0.0	0.0
0.0014534279683434154	0.0	0.0
0.0014534279683434154	0.0	0.0
0.0014535506636842127	0.0	0.0
0.0014535506636842127	0.0	0.0
0.0014535506636842127	0.0	0.0
0.00145367335902501	0.0	0.0
0.00145367335902501	0.0	0.0
0.001453918749706604	0.0	0.0
0.001453918749706604	0.0	0.0
0.0014540414450474016	0.0	0.0
0.0014541641403881987	0.0	0.0
0.0014542868357289957	0.0	0.0
0.0014544095310697932	0.0	0.0
0.0014545322264105903	0.0	0.0
0.0014547776170921846	0.0	0.0
0.001454900312432982	0.0	0.0
0.0014551457031145762	0.0	0.0
0.0014553910937961706	0.0	0.0
0.001455636484477765	0.0	0.0
0.0014558818751593595	0.0	0.0
0.0014560045705001566	0.0	0.0
0.0014560045705001566	0.0	0.0
0.0014558818751593595	0.0	0.0
0.0014558818751593595	0.0	0.0
0.0014555137891369679	0.0	0.0
0.001455023007773779	0.0	0.0
0.0014545322264105903	0.0	0.0
0.001453796054365807	0.0	0.0
0.001453059882321024	0.0	0.0
0.0014522010149354437	0.0	0.0
0.0014513421475498632	0.0	0.0
0.0014507286708458774	0.0	0.0
0.0014501151941418912	0.0	0.0
0.0014495017174379053	0.0	0.0
0.0014491336314155136	0.0	0.0
0.0014488882407339195	0.0	0.0
0.001448765545393122	0.0	0.0
0.001448765545393122	0.0	0.0
0.001448765545393122	0.0	0.0
0.0014488882407339195	0.0	0.0
0.0014490109360747166	0.0	0.0
0.0014491336314155136	0.0	0.0
0.0014493790220971082	0.0	0.0
0.0014496244127787025	0.0	0.0
0.0014497471081194998	0.0	0.0
0.0014499924988010942	0.0	0.0
0.0014502378894826885	0.0	0.0
0.0014504832801642829	0.0	0.0
0.0014507286708458774	0.0	0.0
0.0014509740615274715	0.0	0.0
0.0014513421475498632	0.0	0.0
0.0014515875382314575	0.0	0.0
0.0014517102335722548	0.0	0.0
0.001451832928913052	0.0	0.0
0.0014517102335722548	0.0	0.0
0.0014515875382314575	0.0	0.0
0.001451219452209066	0.0	0.0
0.0014509740615274715	0.0	0.0
0.0014504832801642829	0.0	0.0
0.0014498698034602969	0.0	0.0
0.001449256326756311	0.0	0.0
0.001448642850052325	0.0	0.0
0.001447906678007542	0.0	0.0
0.0014470478106219614	0.0	0.0
0.0014465570292587727	0.0	0.0
0.0014458208572139895	0.0	0.0
0.0014450846851692062	0.0	0.0
0.0014444712084652203	0.0	0.0
0.0014437350364204372	0.0	0.0
0.0014427534736940596	0.0	0.0
0.0014420173016492766	0.0	0.0
0.001441035738922899	0.0	0.0
0.001439808785514927	0.0	0.0
0.001438581832106955	0.0	0.0
0.0014371094880173887	0.0	0.0
0.0014356371439278224	0.0	0.0
0.0014335513231342701	0.0	0.0
0.0014314655023407179	0.0	0.0
0.0014292569862063681	0.0	0.0
0.0014268030793904245	0.0	0.0
0.0014242264772336836	0.0	0.0
0.001421404484395348	0.0	0.0
0.001418337100875418	0.0	0.0
0.0014153924126962855	0.0	0.0
0.0014124477245171527	0.0	0.0
0.0014091349503156285	0.0	0.0
0.0014058221761141044	0.0	0.0
0.0014027547925941743	0.0	0.0
0.0013994420183926501	0.0	0.0
0.001396129244191126	0.0	0.0
0.0013930618606711963	0.0	0.0
0.001389749086469672	0.0	0.0
0.0013864363122681478	0.0	0.0
0.0013832462334074206	0.0	0.0
0.0013801788498874908	0.0	0.0
0.001377111466367561	0.0	0.0
0.0013737986921660368	0.0	0.0
0.0013708540039869042	0.0	0.0
0.0013676639251261771	0.0	0.0
0.0013647192369470444	0.0	0.0
0.0013617745487679118	0.0	0.0
0.001358829860588779	0.0	0.0
0.0013558851724096463	0.0	0.0
0.0013531858749121083	0.0	0.0
0.0013503638820737728	0.0	0.0
0.0013477872799170316	0.0	0.0
0.0013449652870786962	0.0	0.0
0.001342265989581158	0.0	0.0
0.0013394439967428225	0.0	0.0
0.00133649930856369	0.0	0.0
0.0013333092297029628	0.0	0.0
0.0013299964555014386	0.0	0.0
0.0013264382906183199	0.0	0.0
0.001322757430394404	0.0	0.0
0.001318831179488894	0.0	0.0
0.0013145368425609922	0.0	0.0
0.0013102425056330904	0.0	0.0
0.001305702778023594	0.0	0.0
0.0013010403550733007	0.0	0.0
0.0012963779321230073	0.0	0.0
0.0012917155091727141	0.0	0.0
0.0012870530862224207	0.0	0.0
0.0012826360539537219	0.0	0.0
0.0012780963263442256	0.0	0.0
0.0012736792940755267	0.0	0.0
0.0012691395664660304	0.0	0.0
0.0012647225341973314	0.0	0.0
0.0012604281972694296	0.0	0.0
0.0012557657743191364	0.0	0.0
0.00125122604670964	0.0	0.0
0.0012465636237593467	0.0	0.0
0.0012416558101274592	0.0	0.0
0.0012369933871771658	0.0	0.0
0.0012320855735452778	0.0	0.0
0.0012274231505949847	0.0	0.0
0.0012228834229854883	0.0	0.0
0.001218221000035195	0.0	0.0
0.0012138039677664961	0.0	0.0
0.0012096323261793916	0.0	0.0
0.001205460684592287	0.0	0.0
0.0012014117383459795	0.0	0.0
0.001197362792099672	0.0	0.0
0.0011931911505125674	0.0	0.0
0.001189019508925463	0.0	0.0
0.0011847251719975611	0.0	0.0
0.0011803081397288623	0.0	0.0
0.001175768412119366	0.0	0.0
0.0011711059891690726	0.0	0.0
0.001166320870877982	0.0	0.0
0.0011612903619052971	0.0	0.0
0.0011562598529326123	0.0	0.0
0.0011509839532783327	0.0	0.0
0.0011458307489648507	0.0	0.0
0.0011405548493105713	0.0	0.0
0.0011352789496562922	0.0	0.0
0.0011298803546612155	0.0	0.0
0.0011242363689845446	0.0	0.0
0.0011187150786486709	0.0	0.0
0.0011129483976312028	0.0	0.0
0.0011070590212729375	0.0	0.0
0.0011009242542330778	0.0	0.0
0.0010945440965116238	0.0	0.0
0.0010882866341309666	0.0	0.0
0.0010817837810687154	0.0	0.0
0.001075158232665667	0.0	0.0
0.0010686553796034157	0.0	0.0
0.0010621525265411644	0.0	0.0
0.0010556496734789131	0.0	0.0
0.0010493922110982564	0.0	0.0
0.0010431347487175995	0.0	0.0
0.0010371226770185368	0.0	0.0
0.001031355996001069	0.0	0.0
0.001025834705665195	0.0	0.0
0.0010203134153293214	0.0	0.0
0.0010149148203342448	0.0	0.0
0.0010096389206799656	0.0	0.0
0.0010044857163664836	0.0	0.0
0.0009995779027345956	0.0	0.0
0.0009946700891027079	0.0	0.0
0.0009897622754708201	0.0	0.0
0.0009847317664981353	0.0	0.0
0.000980069343547842	0.0	0.0
0.0009751615299159542	0.0	0.0
0.0009702537162840665	0.0	0.0
0.0009654685979929758	0.0	0.0
0.0009604380890202909	0.0	0.0
0.0009552848847068087	0.0	0.0
0.0009501316803933266	0.0	0.0
0.0009448557807390473	0.0	0.0
0.0009393344904031736	0.0	0.0
0.0009338132000672999	0.0	0.0
0.0009281692143906289	0.0	0.0
0.0009224025333731609	0.0	0.0
0.0009163904616740984	0.0	0.0
0.0009105010853158329	0.0	0.0
0.0009044890136167705	0.0	0.0
0.0008987223325993025	0.0	0.0
0.0008928329562410371	0.0	0.0
0.0008868208845419746	0.0	0.0
0.0008811768988653037	0.0	0.0
0.0008754102178478356	0.0	0.0
0.0008696435368303675	0.0	0.0
0.0008639995511536965	0.0	0.0
0.0008584782608178228	0.0	0.0
0.0008532023611635436	0.0	0.0
0.0008476810708276698	0.0	0.0
0.0008422824758325933	0.0	0.0
0.0008371292715191112	0.0	0.0
0.000831976067205629	0.0	0.0
0.0008268228628921469	0.0	0.0
0.000821792353919462	0.0	0.0
0.0008166391496059797	0.0	0.0
0.0008116086406332949	0.0	0.0
0.0008067008270014072	0.0	0.0
0.0008016703180287222	0.0	0.0
0.0007965171137152401	0.0	0.0
0.0007913639094017578	0.0	0.0
0.000786333400429073	0.0	0.0
0.0007811801961155908	0.0	0.0
0.0007759042964613114	0.0	0.0
0.0007706283968070321	0.0	0.0
0.0007653524971527528	0.0	0.0
0.0007598312068168791	0.0	0.0
0.0007544326118218026	0.0	0.0
0.0007487886261451316	0.0	0.0
0.0007430219451276635	0.0	0.0
0.0007373779594509926	0.0	0.0
0.0007313658877519301	0.0	0.0
0.000725599206734462	0.0	0.0
0.0007195871350353995	0.0	0.0
0.0007138204540179314	0.0	0.0
0.0007078083823188689	0.0	0.0
0.0007020417013014008	0.0	0.0
0.0006962750202839326	0.0	0.0
0.0006905083392664646	0.0	0.0
0.0006849870489305909	0.0	0.0
0.0006792203679131227	0.0	0.0
0.000673699077577249	0.0	0.0
0.0006681777872413753	0.0	0.0
0.0006627791922462988	0.0	0.0
0.0006571352065696279	0.0	0.0
0.0006517366115745513	0.0	0.0
0.0006462153212386777	0.0	0.0
0.0006406940309028039	0.0	0.0
0.0006354181312485245	0.0	0.0
0.0006301422315942452	0.0	0.0
0.0006247436365991686	0.0	0.0
0.0006193450416040922	0.0	0.0
0.0006140691419498129	0.0	0.0
0.0006086705469547363	0.0	0.0
0.0006035173426412542	0.0	0.0
0.0005982414429869748	0.0	0.0
0.0005929655433326954	0.0	0.0
0.0005876896436784162	0.0	0.0
0.000582536439364934	0.0	0.0
0.0005772605397106548	0.0	0.0
0.0005721073353971726	0.0	0.0
0.0005669541310836904	0.0	0.0
0.0005619236221110055	0.0	0.0
0.0005567704177975233	0.0	0.0
0.0005518626041656356	0.0	0.0
0.0005469547905337478	0.0	0.0
0.0005420469769018601	0.0	0.0
0.0005372618586107696	0.0	0.0
0.000532476740319679	0.0	0.0
0.0005276916220285884	0.0	0.0
0.000523029199078295	0.0	0.0
0.0005182440807872046	0.0	0.0
0.0005135816578369112	0.0	0.0
0.0005089192348866177	0.0	0.0
0.0005041341165955272	0.0	0.0
0.0004994716936452338	0.0	0.0
0.0004946865753541433	0.0	0.0
0.0004899014570630527	0.0	0.0
0.0004852390341127594	0.0	0.0
0.0004804539158216688	0.0	0.0
0.0004757914928713755	0.0	0.0
0.00047112906992108214	0.0	0.0
0.00046634395162999153	0.0	0.0
0.00046168152867969814	0.0	0.0
0.0004570191057294048	0.0	0.0
0.00045235668277911146	0.0	0.0
0.00044744886914722373	0.0	0.0
0.0004426637508561331	0.0	0.0
0.0004380013279058398	0.0	0.0
0.0004332162096147492	0.0	0.0
0.0004283083959828615	0.0	0.0
0.0004235232776917709	0.0	0.0
0.0004188608547414776	0.0	0.0
0.00041419843179118414	0.0	0.0
0.00040941331350009363	0.0	0.0
0.00040475089054980024	0.0	0.0
0.00039996577225870974	0.0	0.0
0.00039530334930841635	0.0	0.0
0.0003907636216989202	0.0	0.0
0.0003861011987486268	0.0	0.0
0.0003815614711391306	0.0	0.0
0.00037689904818883724	0.0	0.0
0.0003722366252385439	0.0	0.0
0.00036769689762904774	0.0	0.0
0.00036315717001955157	0.0	0.0
0.00035849474706925824	0.0	0.0
0.00035395501945976207	0.0	0.0
0.0003495379871910631	0.0	0.0
0.0003449982595815669	0.0	0.0
0.00034058122731286787	0.0	0.0
0.00033616419504416893	0.0	0.0
0.0003318698581162671	0.0	0.0
0.00032757552118836534	0.0	0.0
0.00032328118426046363	0.0	0.0
0.0003189868473325618	0.0	0.0
0.0003148152057454572	0.0	0.0
0.00031052086881755544	0.0	0.0
0.00030634922723045085	0.0	0.0
0.00030217758564334625	0.0	0.0
0.0002978832487154445	0.0	0.0
0.0002937116071283399	0.0	0.0
0.0002894172702004381	0.0	0.0
0.0002853683239541307	0.0	0.0
0.0002813193777078233	0.0	0.0
0.00027714773612071874	0.0	0.0
0.0002732214852152085	0.0	0.0
0.00026917253896890117	0.0	0.0
0.0002652462880633909	0.0	0.0
0.0002613200371578807	0.0	0.0
0.0002573937862523705	0.0	0.0
0.0002534675353468603	0.0	0.0
0.00024954128444135013	0.0	0.0
0.00024561503353583993	0.0	0.0
0.00024168878263032973	0.0	0.0
0.0002377625317248195	0.0	0.0
0.0002339589761601065	0.0	0.0
0.0002300327252545963	0.0	0.0
0.0002262291696898833	0.0	0.0
0.00022254830946596748	0.0	0.0
0.00021886744924205168	0.0	0.0
0.00021518658901813586	0.0	0.0
0.00021150572879422006	0.0	0.0
0.00020807025925189863	0.0	0.0
0.00020451209436878003	0.0	0.0
0.00020095392948566137	0.0	0.0
0.00019739576460254277	0.0	0.0
0.00019396029506022134	0.0	0.0
0.00019040213017710274	0.0	0.0
0.0001870893559755785	0.0	0.0
0.00018365388643325705	0.0	0.0
0.00018021841689093562	0.0	0.0
0.00017678294734861422	0.0	0.0
0.00017347017314708999	0.0	0.0
0.00017015739894556576	0.0	0.0
0.0001669673200848387	0.0	0.0
0.00016377724122411166	0.0	0.0
0.00016058716236338463	0.0	0.0
0.0001573970835026576	0.0	0.0
0.00015445239532352496	0.0	0.0
0.0001513850118035951	0.0	0.0
0.00014844032362446244	0.0	0.0
0.00014549563544532978	0.0	0.0
0.00014242825192539995	0.0	0.0
0.0001393608684054701	0.0	0.0
0.00013653887556713465	0.0	0.0
0.0001337168827287992	0.0	0.0
0.00013077219454966655	0.0	0.0
0.0001278275063705339	0.0	0.0
0.00012500551353219843	0.0	0.0
0.00012218352069386296	0.0	0.0
0.00011936152785552751	0.0	0.0
0.00011678492569878645	0.0	0.0
0.00011420832354204538	0.0	0.0
0.0001116317213853043	0.0	0.0
0.00010893242388776604	0.0	0.0
0.00010635582173102499	0.0	0.0
0.00010390191491508111	0.0	0.0
0.00010144800809913723	0.0	0.0
9.899410128319335e-05	0.0	0.0
9.641749912645228e-05	0.0	0.0
9.396359231050842e-05	0.0	0.0
9.150968549456453e-05	0.0	0.0
8.893308333782346e-05	0.0	0.0
8.672456720347397e-05	0.0	0.0
8.42706603875301e-05	0.0	0.0
8.193944891238342e-05	0.0	0.0
7.985362811883113e-05	0.0	0.0
7.752241664368443e-05	0.0	0.0
7.543659585013215e-05	0.0	0.0
7.322807971578266e-05	0.0	0.0
7.114225892223037e-05	0.0	0.0
6.905643812867807e-05	0.0	0.0
6.697061733512577e-05	0.0	0.0
6.500749188237067e-05	0.0	0.0
6.292167108881839e-05	0.0	0.0
6.0835850295266085e-05	0.0	0.0
5.8750029501713794e-05	0.0	0.0
5.690959938975589e-05	0.0	0.0
5.494647393700079e-05	0.0	0.0
5.298334848424568e-05	0.0	0.0
5.114291837228778e-05	0.0	0.0
4.942518360112706e-05	0.0	0.0
4.758475348916916e-05	0.0	0.0
4.611240939960283e-05	0.0	0.0
4.439467462844212e-05	0.0	0.0
4.27996351980786e-05	0.0	0.0
4.108190042691789e-05	0.0	0.0
3.9364165655757176e-05	0.0	0.0
3.789182156619085e-05	0.0	0.0
3.629678213582733e-05	0.0	0.0
3.470174270546381e-05	0.0	0.0
3.310670327510029e-05	0.0	0.0
3.175705452633116e-05	0.0	0.0
3.0284710436764837e-05	0.0	0.0
2.8689671006401317e-05	0.0	0.0
2.721732691683499e-05	0.0	0.0
2.5990373508863053e-05	0.0	0.0
2.464072476009392e-05	0.0	0.0
2.365916203371637e-05	0.0	0.0
2.230951328494724e-05	0.0	0.0
2.1205255217772495e-05	0.0	0.0
1.9978301809800558e-05	0.0	0.0
1.8874043742625813e-05	0.0	0.0
1.789248101624826e-05	0.0	0.0
1.6665527608276323e-05	0.0	0.0
1.5683964881898774e-05	0.0	0.0
1.4579706814724031e-05	0.0	0.0
1.3475448747549288e-05	0.0	0.0
1.2493886021171737e-05	0.0	0.0
1.1512323294794187e-05	0.0	0.0
1.065345590921383e-05	0.0	0.0
1.0039979205227861e-05	0.0	0.0
9.058416478850312e-06	0.0	0.0
8.322244434067148e-06	0.0	0.0
7.70876773008118e-06	0.0	0.0
6.972595685298017e-06	0.0	0.0
6.359118981312048e-06	0.0	0.0
5.622946936528885e-06	0.0	0.0
5.009470232542916e-06	0.0	0.0
4.395993528556947e-06	0.0	0.0
3.9052121653681725e-06	0.0	0.0
3.2917354613822032e-06	0.0	0.0
2.800954098193428e-06	0.0	0.0
2.3101727350046534e-06	0.0	0.0
1.9420867126130715e-06	0.0	0.0
1.5740006902214903e-06	0.0	0.0
1.205914667829909e-06	0.0	0.0
8.378286454383277e-07	0.0	0.0
5.9243796384394e-07	0.0	0.0
4.6974262304674633e-07	0.0	0.0
3.4704728224955254e-07	0.0	0.0
3.4704728224955254e-07	0.0	0.0
1.0165660065516494e-07	0.0	0.0
2.2435194145235873e-07	0.0	0.0
1.0165660065516494e-07	0.0	0.0
-2.1038740142028844e-08	0.0	0.0
-2.1038740142028844e-08	0.0	0.0
-1.4373408093922262e-07	0.0	0.0
-1.4373408093922262e-07	0.0	0.0
-2.6642942173641643e-07	0.0	0.0
-2.6642942173641643e-07	0.0	0.0
-1.4373408093922262e-07	0.0	0.0
-1.4373408093922262e-07	0.0	0.0
-1.4373408093922262e-07	0.0	0.0
-1.4373408093922262e-07	0.0	0.0
-2.1038740142028844e-08	0.0	0.0
-2.1038740142028844e-08	0.0	0.0
-2.1038740142028844e-08	0.0	0.0
-1.4373408093922262e-07	0.0	0.0
-1.4373408093922262e-07	0.0	0.0
-1.4373408093922262e-07	0.0	0.0
-1.4373408093922262e-07	0.0	0.0
-1.4373408093922262e-07	0.0	0.0
-1.4373408093922262e-07	0.0	0.0
-2.6642942173641643e-07	0.0	0.0
-2.6642942173641643e-07	0.0	0.0
-2.6642942173641643e-07	0.0	0.0
-2.6642942173641643e-07	0.0	0.0
-2.6642942173641643e-07	0.0	0.0
-2.6642942173641643e-07	0.0	0.0
-1.4373408093922262e-07	0.0	0.0
-2.1038740142028844e-08	0.0	0.0
-2.1038740142028844e-08	0.0	0.0
-2.1038740142028844e-08	0.0	0.0
-2.1038740142028844e-08	0.0	0.0
-2.1038740142028844e-08	0.0	0.0
-1.4373408093922262e-07	0.0	0.0
-1.4373408093922262e-07	0.0	0.0
-1.4373408093922262e-07	0.0	0.0
-1.4373408093922262e-07	0.0	0.0
-2.6642942173641643e-07	0.0	0.0
-2.6642942173641643e-07	0.0	0.0
-2.6642942173641643e-07	0.0	0.0
-2.6642942173641643e-07	0.0	0.0
-2.6642942173641643e-07	0.0	0.0
-1.4373408093922262e-07	0.0	0.0
-2.1038740142028844e-08	0.0	0.0
-2.1038740142028844e-08	0.0	0.0
-2.1038740142028844e-08	0.0	0.0
-2.1038740142028844e-08	0.0	0.0
-2.1038740142028844e-08	0.0	0.0
-1.4373408093922262e-07	0.0	0.0
-1.4373408093922262e-07	0.0	0.0
-1.4373408093922262e-07	0.0	0.0
-1.4373408093922262e-07	0.0	0.0
-2.6642942173641643e-07	0.0	0.0
-2.6642942173641643e-07	0.0	0.0
-2.6642942173641643e-07	0.0	0.0
-1.4373408093922262e-07	0.0	0.0
-1.4373408093922262e-07	0.0	0.0
-1.4373408093922262e-07	0.0	0.0
-1.4373408093922262e-07	0.0	0.0
-2.1038740142028844e-08	0.0	0.0
-2.1038740142028844e-08	0.0	0.0
-2.1038740142028844e-08	0.0	0.0
-2.1038740142028844e-08	0.0	0.0
-2.1038740142028844e-08	0.0	0.0
-2.1038740142028844e-08	0.0	0.0
-2.1038740142028844e-08	0.0	0.0
-1.4373408093922262e-07	0.0	0.0
-2.6642942173641643e-07	0.0	0.0
-2.6642942173641643e-07	0.0	0.0
-2.6642942173641643e-07	0.0	0.0
-2.6642942173641643e-07	0.0	0.0
-2.6642942173641643e-07	0.0	0.0
-1.4373408093922262e-07	0.0	0.0
-2.1038740142028844e-08	0.0	0.0
-2.1038740142028844e-08	0.0	0.0
-2.1038740142028844e-08	0.0	0.0
1.0165660065516494e-07	0.0	0.0
1.0165660065516494e-07	0.0	0.0
1.0165660065516494e-07	0.0	0.0
-2.1038740142028844e-08	0.0	0.0
-2.1038740142028844e-08	0.0	0.0
-1.4373408093922262e-07	0.0	0.0
-1.4373408093922262e-07	0.0	0.0
-2.6642942173641643e-07	0.0	0.0
-2.6642942173641643e-07	0.0	0.0
-2.6642942173641643e-07	0.0	0.0
-1.4373408093922262e-07	0.0	0.0
-2.1038740142028844e-08	0.0	0.0
-2.1038740142028844e-08	0.0	0.0
-2.1038740142028844e-08	0.0	0.0
-2.1038740142028844e-08	0.0	0.0
-2.1038740142028844e-08	0.0	0.0
-2.1038740142028844e-08	0.0	0.0
-2.1038740142028844e-08	0.0	0.0
-2.1038740142028844e-08	0.0	0.0
-2.1038740142028844e-08	0.0	0.0
-1.4373408093922262e-07	0.0	0.0
-2.6642942173641643e-07	0.0	0.0
-2.6642942173641643e-07	0.0	0.0
-2.6642942173641643e-07	0.0	0.0
-1.4373408093922262e-07	0.0	0.0
-1.4373408093922262e-07	0.0	0.0
-2.1038740142028844e-08	0.0	0.0
-2.1038740142028844e-08	0.0	0.0
-2.1038740142028844e-08	0.0	0.0
1.0165660065516494e-07	0.0	0.0
-2.1038740142028844e-08	0.0	0.0
1.0165660065516494e-07	0.0	0.0
1.0165660065516494e-07	0.0	0.0
1.0165660065516494e-07	0.0	0.0
-2.1038740142028844e-08	0.0	0.0
-1.4373408093922262e-07	0.0	0.0
-1.4373408093922262e-07	0.0	0.0
-1.4373408093922262e-07	0.0	0.0
-1.4373408093922262e-07	0.0	0.0
-1.4373408093922262e-07	0.0	0.0
-2.6642942173641643e-07	0.0	0.0
-1.4373408093922262e-07	0.0	0.0
-1.4373408093922262e-07	0.0	0.0
1.0165660065516494e-07	0.0	0.0
1.0165660065516494e-07	0.0	0.0
1.0165660065516494e-07	0.0	0.0
1.0165660065516494e-07	0.0	0.0
-2.1038740142028844e-08	0.0	0.0
-2.1038740142028844e-08	0.0	0.0
-2.1038740142028844e-08	0.0	0.0
-1.4373408093922262e-07	0.0	0.0
-1.4373408093922262e-07	0.0	0.0
-1.4373408093922262e-07	0.0	0.0
-1.4373408093922262e-07	0.0	0.0
-1.4373408093922262e-07	0.0	0.0
-1.4373408093922262e-07	0.0	0.0
-1.4373408093922262e-07	0.0	0.0
-1.4373408093922262e-07	0.0	0.0
-2.1038740142028844e-08	0.0	0.0
1.0165660065516494e-07	0.0	0.0
1.0165660065516494e-07	0.0	0.0
1.0165660065516494e-07	0.0	0.0
1.0165660065516494e-07	0.0	0.0
-2.1038740142028844e-08	0.0	0.0
-2.1038740142028844e-08	0.0	0.0
-1.4373408093922262e-07	0.0	0.0
-1.4373408093922262e-07	0.0	0.0
-1.4373408093922262e-07	0.0	0.0
-1.4373408093922262e-07	0.0	0.0
-1.4373408093922262e-07	0.0	0.0
-2.6642942173641643e-07	0.0	0.0
-2.6642942173641643e-07	0.0	0.0
-1.4373408093922262e-07	0.0	0.0
-2.1038740142028844e-08	0.0	0.0
1.0165660065516494e-07	0.0	0.0
1.0165660065516494e-07	0.0	0.0
1.0165660065516494e-07	0.0	0.0
1.0165660065516494e-07	0.0	0.0
-2.1038740142028844e-08	0.0	0.0
-2.1038740142028844e-08	0.0	0.0
-2.1038740142028844e-08	0.0	0.0
-1.4373408093922262e-07	0.0	0.0
-1.4373408093922262e-07	0.0	0.0
-1.4373408093922262e-07	0.0	0.0
-1.4373408093922262e-07	0.0	0.0
-2.6642942173641643e-07	0.0	0.0
-2.6642942173641643e-07	0.0	0.0
-1.4373408093922262e-07	0.0	0.0
-2.1038740142028844e-08	0.0	0.0
1.0165660065516494e-07	0.0	0.0
1.0165660065516494e-07	0.0	0.0
1.0165660065516494e-07	0.0	0.0
1.0165660065516494e-07	0.0	0.0
1.0165660065516494e-07	0.0	0.0
-2.1038740142028844e-08	0.0	0.0
-1.4373408093922262e-07	0.0	0.0
-1.4373408093922262e-07	0.0	0.0
-1.4373408093922262e-07	0.0	0.0
-1.4373408093922262e-07	0.0	0.0
-1.4373408093922262e-07	0.0	0.0
-1.4373408093922262e-07	0.0	0.0
-1.4373408093922262e-07	0.0	0.0
-2.1038740142028844e-08	0.0	0.0
-2.1038740142028844e-08	0.0	0.0
-2.1038740142028844e-08	0.0	0.0
1.0165660065516494e-07	0.0	0.0
1.0165660065516494e-07	0.0	0.0
1.0165660065516494e-07	0.0	0.0
1.0165660065516494e-07	0.0	0.0
-2.1038740142028844e-08	0.0	0.0
-2.1038740142028844e-08	0.0	0.0
-1.4373408093922262e-07	0.0	0.0
-1.4373408093922262e-07	0.0	0.0
-1.4373408093922262e-07	0.0	0.0
-1.4373408093922262e-07	0.0	0.0
-1.4373408093922262e-07	0.0	0.0
-1.4373408093922262e-07	0.0	0.0
-1.4373408093922262e-07	0.0	0.0
-2.1038740142028844e-08	0.0	0.0
-2.1038740142028844e-08	0.0	0.0
1.0165660065516494e-07	0.0	0.0
1.0165660065516494e-07	0.0	0.0
1.0165660065516494e-07	0.0	0.0
1.0165660065516494e-07	0.0	0.0
-2.1038740142028844e-08	0.0	0.0
-2.1038740142028844e-08	0.0	0.0
-1.4373408093922262e-07	0.0	0.0
-1.4373408093922262e-07	0.0	0.0
-1.4373408093922262e-07	0.0	0.0
-1.4373408093922262e-07	0.0	0.0
-1.4373408093922262e-07	0.0	0.0
-1.4373408093922262e-07	0.0	0.0
-1.4373408093922262e-07	0.0	0.0
-2.1038740142028844e-08	0.0	0.0
-2.1038740142028844e-08	0.0	0.0
1.0165660065516494e-07	0.0	0.0
1.0165660065516494e-07	0.0	0.0
1.0165660065516494e-07	0.0	0.0
1.0165660065516494e-07	0.0	0.0
1.0165660065516494e-07	0.0	0.0
-2.1038740142028844e-08	0.0	0.0
-1.4373408093922262e-07	0.0	0.0
-1.4373408093922262e-07	0.0	0.0
-1.4373408093922262e-07	0.0	0.0
-1.4373408093922262e-07	0.0	0.0
-1.4373408093922262e-07	0.0	0.0
-1.4373408093922262e-07	0.0	0.0
-1.4373408093922262e-07	0.0	0.0
-2.1038740142028844e-08	0.0	0.0
-2.1038740142028844e-08	0.0	0.0
1.0165660065516494e-07	0.0	0.0
1.0165660065516494e-07	0.0	0.0
1.0165660065516494e-07	0.0	0.0
1.0165660065516494e-07	0.0	0.0
1.0165660065516494e-07	0.0	0.0
-2.1038740142028844e-08	0.0	0.0
-2.1038740142028844e-08	0.0	0.0
-1.4373408093922262e-07	0.0	0.0
-1.4373408093922262e-07	0.0	0.0
-1.4373408093922262e-07	0.0	0.0
-1.4373408093922262e-07	0.0	0.0
-1.4373408093922262e-07	0.0	0.0
-1.4373408093922262e-07	0.0	0.0
-1.4373408093922262e-07	0.0	0.0
-2.1038740142028844e-08	0.0	0.0
1.0165660065516494e-07	0.0	0.0
1.0165660065516494e-07	0.0	0.0
1.0165660065516494e-07	0.0	0.0
1.0165660065516494e-07	0.0	0.0
1.0165660065516494e-07	0.0	0.0
1.0165660065516494e-07	0.0	0.0
-2.1038740142028844e-08	0.0	0.0
-1.4373408093922262e-07	0.0	0.0
-1.4373408093922262e-07	0.0	0.0
-1.4373408093922262e-07	0.0	0.0
-1.4373408093922262e-07	0.0	0.0
-1.4373408093922262e-07	0.0	0.0
-2.1038740142028844e-08	0.0	0.0
-2.1038740142028844e-08	0.0	0.0
-2.1038740142028844e-08	0.0	0.0
1.0165660065516494e-07	0.0	0.0
1.0165660065516494e-07	0.0	0.0
1.0165660065516494e-07	0.0	0.0
1.0165660065516494e-07	0.0	0.0
1.0165660065516494e-07	0.0	0.0
1.0165660065516494e-07	0.0	0.0
-2.1038740142028844e-08	0.0	0.0
-1.4373408093922262e-07	0.0	0.0
-1.4373408093922262e-07	0.0	0.0
-1.4373408093922262e-07	0.0	0.0
-1.4373408093922262e-07	0.0	0.0
-1.4373408093922262e-07	0.0	0.0
-1.4373408093922262e-07	0.0	0.0
-1.4373408093922262e-07	0.0	0.0
-1.4373408093922262e-07	0.0	0.0
-2.1038740142028844e-08	0.0	0.0
1.0165660065516494e-07	0.0	0.0
1.0165660065516494e-07	0.0	0.0
1.0165660065516494e-07	0.0	0.0
1.0165660065516494e-07	0.0	0.0
1.0165660065516494e-07	0.0	0.0
-2.1038740142028844e-08	0.0	0.0
-2.1038740142028844e-08	0.0	0.0
-2.1038740142028844e-08	0.0	0.0
-1.4373408093922262e-07	0.0	0.0
-1.4373408093922262e-07	0.0	0.0
-1.4373408093922262e-07	0.0	0.0
-1.4373408093922262e-07	0.0	0.0
-1.4373408093922262e-07	0.0	0.0
-1.4373408093922262e-07	0.0	0.0
-2.1038740142028844e-08	0.0	0.0
1.0165660065516494e-07	0.0	0.0
1.0165660065516494e-07	0.0	0.0
2.2435194145235873e-07	0.0	0.0
1.0165660065516494e-07	0.0	0.0
1.0165660065516494e-07	0.0	0.0
-2.1038740142028844e-08	0.0	0.0
-2.1038740142028844e-08	0.0	0.0
-2.1038740142028844e-08	0.0	0.0
-1.4373408093922262e-07	0.0	0.0
-1.4373408093922262e-07	0.0	0.0
-1.4373408093922262e-07	0.0	0.0
-1.4373408093922262e-07	0.0	0.0
-1.4373408093922262e-07	0.0	0.0
-1.4373408093922262e-07	0.0	0.0
-2.1038740142028844e-08	0.0	0.0
1.0165660065516494e-07	0.0	0.0
1.0165660065516494e-07	0.0	0.0
2.2435194145235873e-07	0.0	0.0
1.0165660065516494e-07	0.0	0.0
1.0165660065516494e-07	0.0	0.0
-2.1038740142028844e-08	0.0	0.0
-2.1038740142028844e-08	0.0	0.0
-2.1038740142028844e-08	0.0	0.0
-2.1038740142028844e-08	0.0	0.0
-2.1038740142028844e-08	0.0	0.0
-1.4373408093922262e-07	0.0	0.0
-1.4373408093922262e-07	0.0	0.0
-1.4373408093922262e-07	0.0	0.0
-1.4373408093922262e-07	0.0	0.0
-1.4373408093922262e-07	0.0	0.0
1.0165660065516494e-07	0.0	0.0
1.0165660065516494e-07	0.0	0.0
2.2435194145235873e-07	0.0	0.0
1.0165660065516494e-07	0.0	0.0
1.0165660065516494e-07	0.0	0.0
-2.1038740142028844e-08	0.0	0.0
-2.1038740142028844e-08	0.0	0.0
-2.1038740142028844e-08	0.0	0.0
-2.1038740142028844e-08	0.0	0.0
-1.4373408093922262e-07	0.0	0.0
-1.4373408093922262e-07	0.0	0.0
-1.4373408093922262e-07	0.0	0.0
-1.4373408093922262e-07	0.0	0.0
-1.4373408093922262e-07	0.0	0.0
-2.1038740142028844e-08	0.0	0.0
-2.1038740142028844e-08	0.0	0.0
1.0165660065516494e-07	0.0	0.0
1.0165660065516494e-07	0.0	0.0
2.2435194145235873e-07	0.0	0.0
1.0165660065516494e-07	0.0	0.0
-2.1038740142028844e-08	0.0	0.0
-2.1038740142028844e-08	0.0	0.0
-2.1038740142028844e-08	0.0	0.0
-2.1038740142028844e-08	0.0	0.0
-1.4373408093922262e-07	0.0	0.0
-1.4373408093922262e-07	0.0	0.0
-1.4373408093922262e-07	0.0	0.0
-1.4373408093922262e-07	0.0	0.0
-1.4373408093922262e-07	0.0	0.0
-1.4373408093922262e-07	0.0	0.0
-2.1038740142028844e-08	0.0	0.0
1.0165660065516494e-07	0.0	0.0
1.0165660065516494e-07	0.0	0.0
2.2435194145235873e-07	0.0	0.0
1.0165660065516494e-07	0.0	0.0
1.0165660065516494e-07	0.0	0.0
-2.1038740142028844e-08	0.0	0.0
-2.1038740142028844e-08	0.0	0.0
-2.1038740142028844e-08	0.0	0.0
-1.4373408093922262e-07	0.0	0.0
-2.6642942173641643e-07	0.0	0.0
-1.4373408093922262e-07	0.0	0.0
-1.4373408093922262e-07	0.0	0.0
-1.4373408093922262e-07	0.0	0.0
-1.4373408093922262e-07	0.0	0.0
-2.1038740142028844e-08	0.0	0.0
1.0165660065516494e-07	0.0	0.0
1.0165660065516494e-07	0.0	0.0
2.2435194145235873e-07	0.0	0.0
1.0165660065516494e-07	0.0	0.0
1.0165660065516494e-07	0.0	0.0
-2.1038740142028844e-08	0.0	0.0
-2.1038740142028844e-08	0.0	0.0
-2.1038740142028844e-08	0.0	0.0
-2.1038740142028844e-08	0.0	0.0
-2.6642942173641643e-07	0.0	0.0
-1.4373408093922262e-07	0.0	0.0
-1.4373408093922262e-07	0.0	0.0
-1.4373408093922262e-07	0.0	0.0
-1.4373408093922262e-07	0.0	0.0
-2.1038740142028844e-08	0.0	0.0
1.0165660065516494e-07	0.0	0.0
1.0165660065516494e-07	0.0	0.0
1.0165660065516494e-07	0.0	0.0
1.0165660065516494e-07	0.0	0.0
1.0165660065516494e-07	0.0	0.0
-2.1038740142028844e-08	0.0	0.0
-2.1038740142028844e-08	0.0	0.0
-2.1038740142028844e-08	0.0	0.0
-2.1038740142028844e-08	0.0	0.0
-1.4373408093922262e-07	0.0	0.0
-1.4373408093922262e-07	0.0	0.0
-1.4373408093922262e-07	0.0	0.0
-1.4373408093922262e-07	0.0	0.0
-1.4373408093922262e-07	0.0	0.0
-1.4373408093922262e-07	0.0	0.0
1.0165660065516494e-07	0.0	0.0
1.0165660065516494e-07	0.0	0.0
1.0165660065516494e-07	0.0	0.0
2.2435194145235873e-07	0.0	0.0
1.0165660065516494e-07	0.0	0.0
-2.1038740142028844e-08	0.0	0.0
-2.1038740142028844e-08	0.0	0.0
-2.1038740142028844e-08	0.0	0.0
-2.1038740142028844e-08	0.0	0.0
-1.4373408093922262e-07	0.0	0.0
-1.4373408093922262e-07	0.0	0.0
-1.4373408093922262e-07	0.0	0.0
-1.4373408093922262e-07	0.0	0.0
-1.4373408093922262e-07	0.0	0.0
-1.4373408093922262e-07	0.0	0.0
1.0165660065516494e-07	0.0	0.0
1.0165660065516494e-07	0.0	0.0
1.0165660065516494e-07	0.0	0.0
2.2435194145235873e-07	0.0	0.0
1.0165660065516494e-07	0.0	0.0
1.0165660065516494e-07	0.0	0.0
-2.1038740142028844e-08	0.0	0.0
-2.1038740142028844e-08	0.0	0.0
-2.1038740142028844e-08	0.0	0.0
-1.4373408093922262e-07	0.0	0.0
-1.4373408093922262e-07	0.0	0.0
-1.4373408093922262e-07	0.0	0.0
-1.4373408093922262e-07	0.0	0.0
-1.4373408093922262e-07	0.0	0.0
-1.4373408093922262e-07	0.0	0.0
-2.1038740142028844e-08	0.0	0.0
1.0165660065516494e-07	0.0	0.0
1.0165660065516494e-07	0.0	0.0
1.0165660065516494e-07	0.0	0.0
2.2435194145235873e-07	0.0	0.0
1.0165660065516494e-07	0.0	0.0
-2.1038740142028844e-08	0.0	0.0
-2.1038740142028844e-08	0.0	0.0
-2.1038740142028844e-08	0.0	0.0
-2.1038740142028844e-08	0.0	0.0
-1.4373408093922262e-07	0.0	0.0
-1.4373408093922262e-07	0.0	0.0
-1.4373408093922262e-07	0.0	0.0
-1.4373408093922262e-07	0.0	0.0
-1.4373408093922262e-07	0.0	0.0
-2.1038740142028844e-08	0.0	0.0
1.0165660065516494e-07	0.0	0.0
1.0165660065516494e-07	0.0	0.0
2.2435194145235873e-07	0.0	0.0
2.2435194145235873e-07	0.0	0.0
1.0165660065516494e-07	0.0	0.0
-2.1038740142028844e-08	0.0	0.0
-2.1038740142028844e-08	0.0	0.0
-2.1038740142028844e-08	0.0	0.0
-2.1038740142028844e-08	0.0	0.0
-1.4373408093922262e-07	0.0	0.0
-1.4373408093922262e-07	0.0	0.0
-1.4373408093922262e-07	0.0	0.0
-1.4373408093922262e-07	0.0	0.0
-1.4373408093922262e-07	0.0	0.0
-2.1038740142028844e-08	0.0	0.0
1.0165660065516494e-07	0.0	0.0
1.0165660065516494e-07	0.0	0.0
1.0165660065516494e-07	0.0	0.0
2.2435194145235873e-07	0.0	0.0
1.0165660065516494e-07	0.0	0.0
-2.1038740142028844e-08	0.0	0.0
-2.1038740142028844e-08	0.0	0.0
-2.1038740142028844e-08	0.0	0.0
-2.1038740142028844e-08	0.0	0.0
-2.1038740142028844e-08	0.0	0.0
-1.4373408093922262e-07	0.0	0.0
-1.4373408093922262e-07	0.0	0.0
-1.4373408093922262e-07	0.0	0.0
-1.4373408093922262e-07	0.0	0.0
-2.1038740142028844e-08	0.0	0.0
1.0165660065516494e-07	0.0	0.0
1.0165660065516494e-07	0.0	0.0
1.0165660065516494e-07	0.0	0.0
1.0165660065516494e-07	0.0	0.0
1.0165660065516494e-07	0.0	0.0
1.0165660065516494e-07	0.0	0.0
-2.1038740142028844e-08	0.0	0.0
-2.1038740142028844e-08	0.0	0.0
-2.1038740142028844e-08	0.0	0.0
-2.1038740142028844e-08	0.0	0.0
-1.4373408093922262e-07	0.0	0.0
-1.4373408093922262e-07	0.0	0.0
-1.4373408093922262e-07	0.0	0.0
-1.4373408093922262e-07	0.0	0.0
-2.1038740142028844e-08	0.0	0.0
1.0165660065516494e-07	0.0	0.0
1.0165660065516494e-07	0.0	0.0
1.0165660065516494e-07	0.0	0.0
1.0165660065516494e-07	0.0	0.0
2.2435194145235873e-07	0.0	0.0
1.0165660065516494e-07	0.0	0.0
-2.1038740142028844e-08	0.0	0.0
-2.1038740142028844e-08	0.0	0.0
-2.1038740142028844e-08	0.0	0.0
-2.1038740142028844e-08	0.0	0.0
-1.4373408093922262e-07	0.0	0.0
-1.4373408093922262e-07	0.0	0.0
-1.4373408093922262e-07	0.0	0.0
-1.4373408093922262e-07	0.0	0.0
-2.1038740142028844e-08	0.0	0.0
-2.1038740142028844e-08	0.0	0.0
1.0165660065516494e-07	0.0	0.0
1.0165660065516494e-07	0.0	0.0
1.0165660065516494e-07	0.0	0.0
2.2435194145235873e-07	0.0	0.0
1.0165660065516494e-07	0.0	0.0
-2.1038740142028844e-08	0.0	0.0
-2.1038740142028844e-08	0.0	0.0
-2.1038740142028844e-08	0.0	0.0
-2.1038740142028844e-08	0.0	0.0
-1.4373408093922262e-07	0.0	0.0
-1.4373408093922262e-07	0.0	0.0
-1.4373408093922262e-07	0.0	0.0
-1.4373408093922262e-07	0.0	0.0
-1.4373408093922262e-07	0.0	0.0
-2.1038740142028844e-08	0.0	0.0
1.0165660065516494e-07	0.0	0.0
1.0165660065516494e-07	0.0	0.0
1.0165660065516494e-07	0.0	0.0
2.2435194145235873e-07	0.0	0.0
1.0165660065516494e-07	0.0	0.0
-2.1038740142028844e-08	0.0	0.0
-2.1038740142028844e-08	0.0	0.0
-2.1038740142028844e-08	0.0	0.0
-2.1038740142028844e-08	0.0	0.0
-1.4373408093922262e-07	0.0	0.0
-1.4373408093922262e-07	0.0	0.0
-1.4373408093922262e-07	0.0	0.0
-1.4373408093922262e-07	0.0	0.0
-1.4373408093922262e-07	0.0	0.0
-2.1038740142028844e-08	0.0	0.0
-2.1038740142028844e-08	0.0	0.0
1.0165660065516494e-07	0.0	0.0
1.0165660065516494e-07	0.0	0.0
2.2435194145235873e-07	0.0	0.0
2.2435194145235873e-07	0.0	0.0
1.0165660065516494e-07	0.0	0.0
-2.1038740142028844e-08	0.0	0.0
-2.1038740142028844e-08	0.0	0.0
-2.1038740142028844e-08	0.0	0.0
-2.1038740142028844e-08	0.0	0.0
-1.4373408093922262e-07	0.0	0.0
-1.4373408093922262e-07	0.0	0.0
-1.4373408093922262e-07	0.0	0.0
-1.4373408093922262e-07	0.0	0.0
-2.1038740142028844e-08	0.0	0.0
1.0165660065516494e-07	0.0	0.0
1.0165660065516494e-07	0.0	0.0
1.0165660065516494e-07	0.0	0.0
1.0165660065516494e-07	0.0	0.0
1.0165660065516494e-07	0.0	0.0
1.0165660065516494e-07	0.0	0.0
-2.1038740142028844e-08	0.0	0.0
-2.1038740142028844e-08	0.0	0.0
-2.1038740142028844e-08	0.0	0.0
-2.1038740142028844e-08	0.0	0.0
-1.4373408093922262e-07	0.0	0.0
-1.4373408093922262e-07	0.0	0.0
-1.4373408093922262e-07	0.0	0.0
-1.4373408093922262e-07	0.0	0.0
-1.4373408093922262e-07	0.0	0.0
-2.1038740142028844e-08	0.0	0.0
1.0165660065516494e-07	0.0	0.0
1.0165660065516494e-07	0.0	0.0
1.0165660065516494e-07	0.0	0.0
1.0165660065516494e-07	0.0	0.0
1.0165660065516494e-07	0.0	0.0
-2.1038740142028844e-08	0.0	0.0
-2.1038740142028844e-08	0.0	0.0
-2.1038740142028844e-08	0.0	0.0
-2.1038740142028844e-08	0.0	0.0
-1.4373408093922262e-07	0.0	0.0
-1.4373408093922262e-07	0.0	0.0
-1.4373408093922262e-07	0.0	0.0
-1.4373408093922262e-07	0.0	0.0
-1.4373408093922262e-07	0.0	0.0
-2.1038740142028844e-08	0.0	0.0
1.0165660065516494e-07	0.0	0.0
1.0165660065516494e-07	0.0	0.0
1.0165660065516494e-07	0.0	0.0
2.2435194145235873e-07	0.0	0.0
1.0165660065516494e-07	0.0	0.0
-2.1038740142028844e-08	0.0	0.0
-2.1038740142028844e-08	0.0	0.0
-2.1038740142028844e-08	0.0	0.0
-2.1038740142028844e-08	0.0	0.0
-1.4373408093922262e-07	0.0	0.0
-1.4373408093922262e-07	0.0	0.0
-1.4373408093922262e-07	0.0	0.0
-1.4373408093922262e-07	0.0	0.0
-1.4373408093922262e-07	0.0	0.0
-2.1038740142028844e-08	0.0	0.0
-2.1038740142028844e-08	0.0	0.0
1.0165660065516494e-07	0.0	0.0
1.0165660065516494e-07	0.0	0.0
2.2435194145235873e-07	0.0	0.0
2.2435194145235873e-07	0.0	0.0
1.0165660065516494e-07	0.0	0.0
-2.1038740142028844e-08	0.0	0.0
-2.1038740142028844e-08	0.0	0.0
-2.1038740142028844e-08	0.0	0.0
-2.1038740142028844e-08	0.0	0.0
-1.4373408093922262e-07	0.0	0.0
-1.4373408093922262e-07	0.0	0.0
-1.4373408093922262e-07	0.0	0.0
-1.4373408093922262e-07	0.0	0.0
-2.1038740142028844e-08	0.0	0.0
1.0165660065516494e-07	0.0	0.0
1.0165660065516494e-07	0.0	0.0
1.0165660065516494e-07	0.0	0.0
1.0165660065516494e-07	0.0	0.0
1.0165660065516494e-07	0.0	0.0
1.0165660065516494e-07	0.0	0.0
-2.1038740142028844e-08	0.0	0.0
-2.1038740142028844e-08	0.0	0.0
-2.1038740142028844e-08	0.0	0.0
-2.1038740142028844e-08	0.0	0.0
-1.4373408093922262e-07	0.0	0.0
-1.4373408093922262e-07	0.0	0.0
-1.4373408093922262e-07	0.0	0.0
-1.4373408093922262e-07	0.0	0.0
-2.1038740142028844e-08	0.0	0.0
-2.1038740142028844e-08	0.0	0.0
1.0165660065516494e-07	0.0	0.0
1.0165660065516494e-07	0.0	0.0
1.0165660065516494e-07	0.0	0.0
2.2435194145235873e-07	0.0	0.0
1.0165660065516494e-07	0.0	0.0
-2.1038740142028844e-08	0.0	0.0
-2.1038740142028844e-08	0.0	0.0
-2.1038740142028844e-08	0.0	0.0
-2.1038740142028844e-08	0.0	0.0
-1.4373408093922262e-07	0.0	0.0
-1.4373408093922262e-07	0.0	0.0
-1.4373408093922262e-07	0.0	0.0
-1.4373408093922262e-07	0.0	0.0
-2.1038740142028844e-08	0.0	0.0
-2.1038740142028844e-08	0.0	0.0
1.0165660065516494e-07	0.0	0.0
1.0165660065516494e-07	0.0	0.0
1.0165660065516494e-07	0.0	0.0
1.0165660065516494e-07	0.0	0.0
1.0165660065516494e-07	0.0	0.0
1.0165660065516494e-07	0.0	0.0
-2.1038740142028844e-08	0.0	0.0
-2.1038740142028844e-08	0.0	0.0
-2.1038740142028844e-08	0.0	0.0
-1.4373408093922262e-07	0.0	0.0
-1.4373408093922262e-07	0.0	0.0
-1.4373408093922262e-07	0.0	0.0
-1.4373408093922262e-07	0.0	0.0
-2.1038740142028844e-08	0.0	0.0
-2.1038740142028844e-08	0.0	0.0
1.0165660065516494e-07	0.0	0.0
1.0165660065516494e-07	0.0	0.0
1.0165660065516494e-07	0.0	0.0
2.2435194145235873e-07	0.0	0.0
1.0165660065516494e-07	0.0	0.0
1.0165660065516494e-07	0.0	0.0
-2.1038740142028844e-08	0.0	0.0
-2.1038740142028844e-08	0.0	0.0
-2.1038740142028844e-08	0.0	0.0
-1.4373408093922262e-07	0.0	0.0
-1.4373408093922262e-07	0.0	0.0
-1.4373408093922262e-07	0.0	0.0
-1.4373408093922262e-07	0.0	0.0
-2.1038740142028844e-08	0.0	0.0
-2.1038740142028844e-08	0.0	0.0
-2.1038740142028844e-08	0.0	0.0
1.0165660065516494e-07	0.0	0.0
1.0165660065516494e-07	0.0	0.0
1.0165660065516494e-07	0.0	0.0
1.0165660065516494e-07	0.0	0.0
1.0165660065516494e-07	0.0	0.0
1.0165660065516494e-07	0.0	0.0
-2.1038740142028844e-08	0.0	0.0
-2.1038740142028844e-08	0.0	0.0
-1.4373408093922262e-07	0.0	0.0
-1.4373408093922262e-07	0.0	0.0
-1.4373408093922262e-07	0.0	0.0
-1.4373408093922262e-07	0.0	0.0
-2.1038740142028844e-08	0.0	0.0
-2.1038740142028844e-08	0.0	0.0
-2.1038740142028844e-08	0.0	0.0
1.0165660065516494e-07	0.0	0.0
1.0165660065516494e-07	0.0	0.0
1.0165660065516494e-07	0.0	0.0
1.0165660065516494e-07	0.0	0.0
1.0165660065516494e-07	0.0	0.0
1.0165660065516494e-07	0.0	0.0
-2.1038740142028844e-08	0.0	0.0
-2.1038740142028844e-08	0.0	0.0
-2.1038740142028844e-08	0.0	0.0
-1.4373408093922262e-07	0.0	0.0
-1.4373408093922262e-07	0.0	0.0
-1.4373408093922262e-07	0.0	0.0
-1.4373408093922262e-07	0.0	0.0
-2.1038740142028844e-08	0.0	0.0
-2.1038740142028844e-08	0.0	0.0
1.0165660065516494e-07	0.0	0.0
1.0165660065516494e-07	0.0	0.0
1.0165660065516494e-07	0.0	0.0
2.2435194145235873e-07	0.0	0.0
1.0165660065516494e-07	0.0	0.0
1.0165660065516494e-07	0.0	0.0
-2.1038740142028844e-08	0.0	0.0
-2.1038740142028844e-08	0.0	0.0
-2.1038740142028844e-08	0.0	0.0
-1.4373408093922262e-07	0.0	0.0
-1.4373408093922262e-07	0.0	0.0
-1.4373408093922262e-07	0.0	0.0
-1.4373408093922262e-07	0.0	0.0
-2.1038740142028844e-08	0.0	0.0
-2.1038740142028844e-08	0.0	0.0
1.0165660065516494e-07	0.0	0.0
1.0165660065516494e-07	0.0	0.0
1.0165660065516494e-07	0.0	0.0
2.2435194145235873e-07	0.0	0.0
1.0165660065516494e-07	0.0	0.0
1.0165660065516494e-07	0.0	0.0
-2.1038740142028844e-08	0.0	0.0
-2.1038740142028844e-08	0.0	0.0
-2.1038740142028844e-08	0.0	0.0
-1.4373408093922262e-07	0.0	0.0
-1.4373408093922262e-07	0.0	0.0
-1.4373408093922262e-07	0.0	0.0
-1.4373408093922262e-07	0.0	0.0
-2.1038740142028844e-08	0.0	0.0
-2.1038740142028844e-08	0.0	0.0
-2.1038740142028844e-08	0.0	0.0
1.0165660065516494e-07	0.0	0.0
1.0165660065516494e-07	0.0	0.0
2.2435194145235873e-07	0.0	0.0
2.2435194145235873e-07	0.0	0.0
1.0165660065516494e-07	0.0	0.0
-2.1038740142028844e-08	0.0	0.0
-2.1038740142028844e-08	0.0	0.0
-2.1038740142028844e-08	0.0	0.0
-1.4373408093922262e-07	0.0	0.0
-1.4373408093922262e-07	0.0	0.0
-1.4373408093922262e-07	0.0	0.0
-1.4373408093922262e-07	0.0	0.0
-1.4373408093922262e-07	0.0	0.0
-2.1038740142028844e-08	0.0	0.0
-2.1038740142028844e-08	0.0	0.0
1.0165660065516494e-07	0.0	0.0
1.0165660065516494e-07	0.0	0.0
2.2435194145235873e-07	0.0	0.0
2.2435194145235873e-07	0.0	0.0
1.0165660065516494e-07	0.0	0.0
-2.1038740142028844e-08	0.0	0.0
-2.1038740142028844e-08	0.0	0.0
-2.1038740142028844e-08	0.0	0.0
-1.4373408093922262e-07	0.0	0.0
-1.4373408093922262e-07	0.0	0.0
-1.4373408093922262e-07	0.0	0.0
-1.4373408093922262e-07	0.0	0.0
-1.4373408093922262e-07	0.0	0.0
-2.1038740142028844e-08	0.0	0.0
-2.1038740142028844e-08	0.0	0.0
1.0165660065516494e-07	0.0	0.0
1.0165660065516494e-07	0.0	0.0
2.2435194145235873e-07	0.0	0.0
2.2435194145235873e-07	0.0	0.0
1.0165660065516494e-07	0.0	0.0
-2.1038740142028844e-08	0.0	0.0
-2.1038740142028844e-08	0.0	0.0
-2.1038740142028844e-08	0.0	0.0
-2.1038740142028844e-08	0.0	0.0
-1.4373408093922262e-07	0.0	0.0
-1.4373408093922262e-07	0.0	0.0
-1.4373408093922262e-07	0.0	0.0
-1.4373408093922262e-07	0.0	0.0
-2.1038740142028844e-08	0.0	0.0
-2.1038740142028844e-08	0.0	0.0
1.0165660065516494e-07	0.0	0.0
1.0165660065516494e-07	0.0	0.0
1.0165660065516494e-07	0.0	0.0
2.2435194145235873e-07	0.0	0.0
1.0165660065516494e-07	0.0	0.0
1.0165660065516494e-07	0.0	0.0
-2.1038740142028844e-08	0.0	0.0
-2.1038740142028844e-08	0.0	0.0
-2.1038740142028844e-08	0.0	0.0
-1.4373408093922262e-07	0.0	0.0
-1.4373408093922262e-07	0.0	0.0
-2.6642942173641643e-07	0.0	0.0
-1.4373408093922262e-07	0.0	0.0
-2.1038740142028844e-08	0.0	0.0
-2.1038740142028844e-08	0.0	0.0
-2.1038740142028844e-08	0.0	0.0
1.0165660065516494e-07	0.0	0.0
1.0165660065516494e-07	0.0	0.0
2.2435194145235873e-07	0.0	0.0
2.2435194145235873e-07	0.0	0.0
1.0165660065516494e-07	0.0	0.0
-2.1038740142028844e-08	0.0	0.0
-2.1038740142028844e-08	0.0	0.0
-2.1038740142028844e-08	0.0	0.0
-1.4373408093922262e-07	0.0	0.0
-1.4373408093922262e-07	0.0	0.0
-1.4373408093922262e-07	0.0	0.0
-1.4373408093922262e-07	0.0	0.0
-1.4373408093922262e-07	0.0	0.0
-2.1038740142028844e-08	0.0	0.0
-2.1038740142028844e-08	0.0	0.0
1.0165660065516494e-07	0.0	0.0
1.0165660065516494e-07	0.0	0.0
2.2435194145235873e-07	0.0	0.0
2.2435194145235873e-07	0.0	0.0
1.0165660065516494e-07	0.0	0.0
-2.1038740142028844e-08	0.0	0.0
-2.1038740142028844e-08	0.0	0.0
-2.1038740142028844e-08	0.0	0.0
-2.1038740142028844e-08	0.0	0.0
-1.4373408093922262e-07	0.0	0.0
-1.4373408093922262e-07	0.0	0.0
-1.4373408093922262e-07	0.0	0.0
-1.4373408093922262e-07	0.0	0.0
-2.1038740142028844e-08	0.0	0.0
-2.1038740142028844e-08	0.0	0.0
1.0165660065516494e-07	0.0	0.0
1.0165660065516494e-07	0.0	0.0
1.0165660065516494e-07	0.0	0.0
2.2435194145235873e-07	0.0	0.0
1.0165660065516494e-07	0.0	0.0
1.0165660065516494e-07	0.0	0.0
-2.1038740142028844e-08	0.0	0.0
-2.1038740142028844e-08	0.0	0.0
-2.1038740142028844e-08	0.0	0.0
-1.4373408093922262e-07	0.0	0.0
-1.4373408093922262e-07	0.0	0.0
-1.4373408093922262e-07	0.0	0.0
-1.4373408093922262e-07	0.0	0.0
-2.1038740142028844e-08	0.0	0.0
-2.1038740142028844e-08	0.0	0.0
-2.1038740142028844e-08	0.0	0.0
1.0165660065516494e-07	0.0	0.0
1.0165660065516494e-07	0.0	0.0
2.2435194145235873e-07	0.0	0.0
2.2435194145235873e-07	0.0	0.0
1.0165660065516494e-07	0.0	0.0
-2.1038740142028844e-08	0.0	0.0
-2.1038740142028844e-08	0.0	0.0
-2.1038740142028844e-08	0.0	0.0
-1.4373408093922262e-07	0.0	0.0
-1.4373408093922262e-07	0.0	0.0
-1.4373408093922262e-07	0.0	0.0
-1.4373408093922262e-07	0.0	0.0
-2.1038740142028844e-08	0.0	0.0
-2.1038740142028844e-08	0.0	0.0
-2.1038740142028844e-08	0.0	0.0
1.0165660065516494e-07	0.0	0.0
1.0165660065516494e-07	0.0	0.0
2.2435194145235873e-07	0.0	0.0
2.2435194145235873e-07	0.0	0.0
1.0165660065516494e-07	0.0	0.0
1.0165660065516494e-07	0.0	0.0
-2.1038740142028844e-08	0.0	0.0
-2.1038740142028844e-08	0.0	0.0
-1.4373408093922262e-07	0.0	0.0
-1.4373408093922262e-07	0.0	0.0
-1.4373408093922262e-07	0.0	0.0
-1.4373408093922262e-07	0.0	0.0
-2.1038740142028844e-08	0.0	0.0
-2.1038740142028844e-08	0.0	0.0
-2.1038740142028844e-08	0.0	0.0
1.0165660065516494e-07	0.0	0.0
1.0165660065516494e-07	0.0	0.0
2.2435194145235873e-07	0.0	0.0
2.2435194145235873e-07	0.0	0.0
1.0165660065516494e-07	0.0	0.0
1.0165660065516494e-07	0.0	0.0
-2.1038740142028844e-08	0.0	0.0
-2.1038740142028844e-08	0.0	0.0
-1.4373408093922262e-07	0.0	0.0
-1.4373408093922262e-07	0.0	0.0
-1.4373408093922262e-07	0.0	0.0
-1.4373408093922262e-07	0.0	0.0
-2.1038740142028844e-08	0.0	0.0
-2.1038740142028844e-08	0.0	0.0
-2.1038740142028844e-08	0.0	0.0
-2.1038740142028844e-08	0.0	0.0
1.0165660065516494e-07	0.0	0.0
2.2435194145235873e-07	0.0	0.0
2.2435194145235873e-07	0.0	0.0
1.0165660065516494e-07	0.0	0.0
1.0165660065516494e-07	0.0	0.0
-2.1038740142028844e-08	0.0	0.0
-2.1038740142028844e-08	0.0	0.0
-1.4373408093922262e-07	0.0	0.0
-1.4373408093922262e-07	0.0	0.0
-1.4373408093922262e-07	0.0	0.0
-1.4373408093922262e-07	0.0	0.0
-2.1038740142028844e-08	0.0	0.0
-2.1038740142028844e-08	0.0	0.0
-2.1038740142028844e-08	0.0	0.0
-2.1038740142028844e-08	0.0	0.0
1.0165660065516494e-07	0.0	0.0
2.2435194145235873e-07	0.0	0.0
2.2435194145235873e-07	0.0	0.0
2.2435194145235873e-07	0.0	0.0
1.0165660065516494e-07	0.0	0.0
-2.1038740142028844e-08	0.0	0.0
-2.1038740142028844e-08	0.0	0.0
-2.1038740142028844e-08	0.0	0.0
-1.4373408093922262e-07	0.0	0.0
-1.4373408093922262e-07	0.0	0.0
-1.4373408093922262e-07	0.0	0.0
-1.4373408093922262e-07	0.0	0.0
-2.1038740142028844e-08	0.0	0.0
-2.1038740142028844e-08	0.0	0.0
-2.1038740142028844e-08	0.0	0.0
-2.1038740142028844e-08	0.0	0.0
2.2435194145235873e-07	0.0	0.0
2.2435194145235873e-07	0.0	0.0
2.2435194145235873e-07	0.0	0.0
1.0165660065516494e-07	0.0	0.0
-2.1038740142028844e-08	0.0	0.0
-2.1038740142028844e-08	0.0	0.0
-2.1038740142028844e-08	0.0	0.0
-1.4373408093922262e-07	0.0	0.0
-1.4373408093922262e-07	0.0	0.0
-2.6642942173641643e-07	0.0	0.0
-1.4373408093922262e-07	0.0	0.0
-2.1038740142028844e-08	0.0	0.0
-2.1038740142028844e-08	0.0	0.0
-2.1038740142028844e-08	0.0	0.0
1.0165660065516494e-07	0.0	0.0
1.0165660065516494e-07	0.0	0.0
2.2435194145235873e-07	0.0	0.0
2.2435194145235873e-07	0.0	0.0
1.0165660065516494e-07	0.0	0.0
-2.1038740142028844e-08	0.0	0.0
-2.1038740142028844e-08	0.0	0.0
-2.1038740142028844e-08	0.0	0.0
-2.1038740142028844e-08	0.0	0.0
-1.4373408093922262e-07	0.0	0.0
-1.4373408093922262e-07	0.0	0.0
-1.4373408093922262e-07	0.0	0.0
-1.4373408093922262e-07	0.0	0.0
-2.1038740142028844e-08	0.0	0.0
-2.1038740142028844e-08	0.0	0.0
1.0165660065516494e-07	0.0	0.0
1.0165660065516494e-07	0.0	0.0
1.0165660065516494e-07	0.0	0.0
2.2435194145235873e-07	0.0	0.0
1.0165660065516494e-07	0.0	0.0
1.0165660065516494e-07	0.0	0.0
-2.1038740142028844e-08	0.0	0.0
-2.1038740142028844e-08	0.0	0.0
-2.1038740142028844e-08	0.0	0.0
-1.4373408093922262e-07	0.0	0.0
-1.4373408093922262e-07	0.0	0.0
-1.4373408093922262e-07	0.0	0.0
-1.4373408093922262e-07	0.0	0.0
-2.1038740142028844e-08	0.0	0.0
-2.1038740142028844e-08	0.0	0.0
1.0165660065516494e-07	0.0	0.0
1.0165660065516494e-07	0.0	0.0
1.0165660065516494e-07	0.0	0.0
2.2435194145235873e-07	0.0	0.0
1.0165660065516494e-07	0.0	0.0
1.0165660065516494e-07	0.0	0.0
-2.1038740142028844e-08	0.0	0.0
-2.1038740142028844e-08	0.0	0.0
-2.1038740142028844e-08	0.0	0.0
-1.4373408093922262e-07	0.0	0.0
-1.4373408093922262e-07	0.0	0.0
-1.4373408093922262e-07	0.0	0.0
-1.4373408093922262e-07	0.0	0.0
-2.1038740142028844e-08	0.0	0.0
-2.1038740142028844e-08	0.0	0.0
-2.1038740142028844e-08	0.0	0.0
1.0165660065516494e-07	0.0	0.0
1.0165660065516494e-07	0.0	0.0
2.2435194145235873e-07	0.0	0.0
2.2435194145235873e-07	0.0	0.0
1.0165660065516494e-07	0.0	0.0
-2.1038740142028844e-08	0.0	0.0
-2.1038740142028844e-08	0.0	0.0
-2.1038740142028844e-08	0.0	0.0
-1.4373408093922262e-07	0.0	0.0
-1.4373408093922262e-07	0.0	0.0
-1.4373408093922262e-07	0.0	0.0
-1.4373408093922262e-07	0.0	0.0
-2.1038740142028844e-08	0.0	0.0
-2.1038740142028844e-08	0.0	0.0
-2.1038740142028844e-08	0.0	0.0
1.0165660065516494e-07	0.0	0.0
1.0165660065516494e-07	0.0	0.0
2.2435194145235873e-07	0.0	0.0
2.2435194145235873e-07	0.0	0.0
1.0165660065516494e-07	0.0	0.0
-2.1038740142028844e-08	0.0	0.0
-2.1038740142028844e-08	0.0	0.0
-2.1038740142028844e-08	0.0	0.0
-1.4373408093922262e-07	0.0	0.0
-1.4373408093922262e-07	0.0	0.0
-2.6642942173641643e-07	0.0	0.0
-1.4373408093922262e-07	0.0	0.0
-2.1038740142028844e-08	0.0	0.0
-2.1038740142028844e-08	0.0	0.0
-2.1038740142028844e-08	0.0	0.0
-2.1038740142028844e-08	0.0	0.0
1.0165660065516494e-07	0.0	0.0
2.2435194145235873e-07	0.0	0.0
2.2435194145235873e-07	0.0	0.0
1.0165660065516494e-07	0.0	0.0
1.0165660065516494e-07	0.0	0.0
-2.1038740142028844e-08	0.0	0.0
-2.1038740142028844e-08	0.0	0.0
-2.1038740142028844e-08	0.0	0.0
-1.4373408093922262e-07	0.0	0.0
-1.4373408093922262e-07	0.0	0.0
-1.4373408093922262e-07	0.0	0.0
-1.4373408093922262e-07	0.0	0.0
-2.1038740142028844e-08	0.0	0.0
-2.1038740142028844e-08	0.0	0.0
-2.1038740142028844e-08	0.0	0.0
1.0165660065516494e-07	0.0	0.0
2.2435194145235873e-07	0.0	0.0
2.2435194145235873e-07	0.0	0.0
2.2435194145235873e-07	0.0	0.0
1.0165660065516494e-07	0.0	0.0
-2.1038740142028844e-08	0.0	0.0
-2.1038740142028844e-08	0.0	0.0
-2.1038740142028844e-08	0.0	0.0
-1.4373408093922262e-07	0.0	0.0
-1.4373408093922262e-07	0.0	0.0
-1.4373408093922262e-07	0.0	0.0
-1.4373408093922262e-07	0.0	0.0
-2.1038740142028844e-08	0.0	0.0
-2.1038740142028844e-08	0.0	0.0
-2.1038740142028844e-08	0.0	0.0
1.0165660065516494e-07	0.0	0.0
1.0165660065516494e-07	0.0	0.0
2.2435194145235873e-07	0.0	0.0
2.2435194145235873e-07	0.0	0.0
1.0165660065516494e-07	0.0	0.0
1.0165660065516494e-07	0.0	0.0
-2.1038740142028844e-08	0.0	0.0
-2.1038740142028844e-08	0.0	0.0
-1.4373408093922262e-07	0.0	0.0
-1.4373408093922262e-07	0.0	0.0
-1.4373408093922262e-07	0.0	0.0
-1.4373408093922262e-07	0.0	0.0
-2.1038740142028844e-08	0.0	0.0
-2.1038740142028844e-08	0.0	0.0
-2.1038740142028844e-08	0.0	0.0
1.0165660065516494e-07	0.0	0.0
1.0165660065516494e-07	0.0	0.0
2.2435194145235873e-07	0.0	0.0
2.2435194145235873e-07	0.0	0.0
1.0165660065516494e-07	0.0	0.0
1.0165660065516494e-07	0.0	0.0
-2.1038740142028844e-08	0.0	0.0
-2.1038740142028844e-08	0.0	0.0
-1.4373408093922262e-07	0.0	0.0
-1.4373408093922262e-07	0.0	0.0
-1.4373408093922262e-07	0.0	0.0
-1.4373408093922262e-07	0.0	0.0
-2.1038740142028844e-08	0.0	0.0
-2.1038740142028844e-08	0.0	0.0
-2.1038740142028844e-08	0.0	0.0
-2.1038740142028844e-08	0.0	0.0
2.2435194145235873e-07	0.0	0.0
2.2435194145235873e-07	0.0	0.0
2.2435194145235873e-07	0.0	0.0
1.0165660065516494e-07	0.0	0.0
1.0165660065516494e-07	0.0	0.0
-2.1038740142028844e-08	0.0	0.0
-2.1038740142028844e-08	0.0	0.0
-1.4373408093922262e-07	0.0	0.0
-1.4373408093922262e-07	0.0	0.0
-1.4373408093922262e-07	0.0	0.0
-1.4373408093922262e-07	0.0	0.0
-2.1038740142028844e-08	0.0	0.0
-2.1038740142028844e-08	0.0	0.0
-2.1038740142028844e-08	0.0	0.0
-2.1038740142028844e-08	0.0	0.0
1.0165660065516494e-07	0.0	0.0
2.2435194145235873e-07	0.0	0.0
2.2435194145235873e-07	0.0	0.0
2.2435194145235873e-07	0.0	0.0
1.0165660065516494e-07	0.0	0.0
-2.1038740142028844e-08	0.0	0.0
-2.1038740142028844e-08	0.0	0.0
-1.4373408093922262e-07	0.0	0.0
-1.4373408093922262e-07	0.0	0.0
-1.4373408093922262e-07	0.0	0.0
-1.4373408093922262e-07	0.0	0.0
-2.1038740142028844e-08	0.0	0.0
-2.1038740142028844e-08	0.0	0.0
-2.1038740142028844e-08	0.0	0.0
-2.1038740142028844e-08	0.0	0.0
1.0165660065516494e-07	0.0	0.0
2.2435194145235873e-07	0.0	0.0
2.2435194145235873e-07	0.0	0.0
2.2435194145235873e-07	0.0	0.0
1.0165660065516494e-07	0.0	0.0
-2.1038740142028844e-08	0.0	0.0
-2.1038740142028844e-08	0.0	0.0
-2.1038740142028844e-08	0.0	0.0
-1.4373408093922262e-07	0.0	0.0
-1.4373408093922262e-07	0.0	0.0
-1.4373408093922262e-07	0.0	0.0
-1.4373408093922262e-07	0.0	0.0
-2.1038740142028844e-08	0.0	0.0
-2.1038740142028844e-08	0.0	0.0
-2.1038740142028844e-08	0.0	0.0
1.0165660065516494e-07	0.0	0.0
2.2435194145235873e-07	0.0	0.0
2.2435194145235873e-07	0.0	0.0
2.2435194145235873e-07	0.0	0.0
1.0165660065516494e-07	0.0	0.0
-2.1038740142028844e-08	0.0	0.0
-2.1038740142028844e-08	0.0	0.0
-2.1038740142028844e-08	0.0	0.0
-1.4373408093922262e-07	0.0	0.0
-1.4373408093922262e-07	0.0	0.0
-2.6642942173641643e-07	0.0	0.0
-1.4373408093922262e-07	0.0	0.0
-2.1038740142028844e-08	0.0	0.0
-2.1038740142028844e-08	0.0	0.0
-2.1038740142028844e-08	0.0	0.0
-2.1038740142028844e-08	0.0	0.0
2.2435194145235873e-07	0.0	0.0
2.2435194145235873e-07	0.0	0.0
2.2435194145235873e-07	0.0	0.0
2.2435194145235873e-07	0.0	0.0
-2.1038740142028844e-08	0.0	0.0
-2.1038740142028844e-08	0.0	0.0
-2.1038740142028844e-08	0.0	0.0
-1.4373408093922262e-07	0.0	0.0
-1.4373408093922262e-07	0.0	0.0
-1.4373408093922262e-07	0.0	0.0
-1.4373408093922262e-07	0.0	0.0
-1.4373408093922262e-07	0.0	0.0
-2.1038740142028844e-08	0.0	0.0
-2.1038740142028844e-08	0.0	0.0
-2.1038740142028844e-08	0.0	0.0
1.0165660065516494e-07	0.0	0.0
2.2435194145235873e-07	0.0	0.0
2.2435194145235873e-07	0.0	0.0
1.0165660065516494e-07	0.0	0.0
1.0165660065516494e-07	0.0	0.0
-2.1038740142028844e-08	0.0	0.0
-2.1038740142028844e-08	0.0	0.0
-2.1038740142028844e-08	0.0	0.0
-1.4373408093922262e-07	0.0	0.0
-1.4373408093922262e-07	0.0	0.0
-1.4373408093922262e-07	0.0	0.0
-1.4373408093922262e-07	0.0	0.0
-2.1038740142028844e-08	0.0	0.0
-2.1038740142028844e-08	0.0	0.0
-2.1038740142028844e-08	0.0	0.0
1.0165660065516494e-07	0.0	0.0
2.2435194145235873e-07	0.0	0.0
2.2435194145235873e-07	0.0	0.0
2.2435194145235873e-07	0.0	0.0
1.0165660065516494e-07	0.0	0.0
-2.1038740142028844e-08	0.0	0.0
-2.1038740142028844e-08	0.0	0.0
-2.1038740142028844e-08	0.0	0.0
-1.4373408093922262e-07	0.0	0.0
-2.6642942173641643e-07	0.0	0.0
-2.6642942173641643e-07	0.0	0.0
-1.4373408093922262e-07	0.0	0.0
-2.1038740142028844e-08	0.0	0.0
-2.1038740142028844e-08	0.0	0.0
-2.1038740142028844e-08	0.0	0.0
1.0165660065516494e-07	0.0	0.0
2.2435194145235873e-07	0.0	0.0
2.2435194145235873e-07	0.0	0.0
2.2435194145235873e-07	0.0	0.0
1.0165660065516494e-07	0.0	0.0
-2.1038740142028844e-08	0.0	0.0
-2.1038740142028844e-08	0.0	0.0
-2.1038740142028844e-08	0.0	0.0
-1.4373408093922262e-07	0.0	0.0
-1.4373408093922262e-07	0.0	0.0
-2.6642942173641643e-07	0.0	0.0
-1.4373408093922262e-07	0.0	0.0
-2.1038740142028844e-08	0.0	0.0
-2.1038740142028844e-08	0.0	0.0
-2.1038740142028844e-08	0.0	0.0
-2.1038740142028844e-08	0.0	0.0
1.0165660065516494e-07	0.0	0.0
2.2435194145235873e-07	0.0	0.0
2.2435194145235873e-07	0.0	0.0
1.0165660065516494e-07	0.0	0.0
1.0165660065516494e-07	0.0	0.0
-2.1038740142028844e-08	0.0	0.0
-2.1038740142028844e-08	0.0	0.0
-1.4373408093922262e-07	0.0	0.0
-1.4373408093922262e-07	0.0	0.0
-1.4373408093922262e-07	0.0	0.0
-1.4373408093922262e-07	0.0	0.0
-2.1038740142028844e-08	0.0	0.0
-2.1038740142028844e-08	0.0	0.0
-2.1038740142028844e-08	0.0	0.0
-2.1038740142028844e-08	0.0	0.0
1.0165660065516494e-07	0.0	0.0
2.2435194145235873e-07	0.0	0.0
2.2435194145235873e-07	0.0	0.0
2.2435194145235873e-07	0.0	0.0
1.0165660065516494e-07	0.0	0.0
-2.1038740142028844e-08	0.0	0.0
-2.1038740142028844e-08	0.0	0.0
-1.4373408093922262e-07	0.0	0.0
-1.4373408093922262e-07	0.0	0.0
-1.4373408093922262e-07	0.0	0.0
-1.4373408093922262e-07	0.0	0.0
-2.1038740142028844e-08	0.0	0.0
-2.1038740142028844e-08	0.0	0.0
-2.1038740142028844e-08	0.0	0.0
-2.1038740142028844e-08	0.0	0.0
1.0165660065516494e-07	0.0	0.0
2.2435194145235873e-07	0.0	0.0
2.2435194145235873e-07	0.0	0.0
2.2435194145235873e-07	0.0	0.0
1.0165660065516494e-07	0.0	0.0
-2.1038740142028844e-08	0.0	0.0
-2.1038740142028844e-08	0.0	0.0
-2.1038740142028844e-08	0.0	0.0
-1.4373408093922262e-07	0.0	0.0
-1.4373408093922262e-07	0.0	0.0
-1.4373408093922262e-07	0.0	0.0
-1.4373408093922262e-07	0.0	0.0
-2.1038740142028844e-08	0.0	0.0
-2.1038740142028844e-08	0.0	0.0
-2.1038740142028844e-08	0.0	0.0
-2.1038740142028844e-08	0.0	0.0
2.2435194145235873e-07	0.0	0.0
2.2435194145235873e-07	0.0	0.0
2.2435194145235873e-07	0.0	0.0
1.0165660065516494e-07	0.0	0.0
1.0165660065516494e-07	0.0	0.0
-2.1038740142028844e-08	0.0	0.0
-2.1038740142028844e-08	0.0	0.0
-1.4373408093922262e-07	0.0	0.0
-1.4373408093922262e-07	0.0	0.0
-1.4373408093922262e-07	0.0	0.0
-1.4373408093922262e-07	0.0	0.0
-2.1038740142028844e-08	0.0	0.0
-2.1038740142028844e-08	0.0	0.0
-2.1038740142028844e-08	0.0	0.0
-2.1038740142028844e-08	0.0	0.0
2.2435194145235873e-07	0.0	0.0
2.2435194145235873e-07	0.0	0.0
2.2435194145235873e-07	0.0	0.0
1.0165660065516494e-07	0.0	0.0
1.0165660065516494e-07	0.0	0.0
-2.1038740142028844e-08	0.0	0.0
-2.1038740142028844e-08	0.0	0.0
-1.4373408093922262e-07	0.0	0.0
-1.4373408093922262e-07	0.0	0.0
-1.4373408093922262e-07	0.0	0.0
-1.4373408093922262e-07	0.0	0.0
-2.1038740142028844e-08	0.0	0.0
-2.1038740142028844e-08	0.0	0.0
-2.1038740142028844e-08	0.0	0.0
-2.1038740142028844e-08	0.0	0.0
2.2435194145235873e-07	0.0	0.0
2.2435194145235873e-07	0.0	0.0
2.2435194145235873e-07	0.0	0.0
2.2435194145235873e-07	0.0	0.0
1.0165660065516494e-07	0.0	0.0
1.0165660065516494e-07	0.0	0.0
-2.1038740142028844e-08	0.0	0.0
-1.4373408093922262e-07	0.0	0.0
-1.4373408093922262e-07	0.0	0.0
-1.4373408093922262e-07	0.0	0.0
-1.4373408093922262e-07	0.0	0.0
-2.1038740142028844e-08	0.0	0.0
-2.1038740142028844e-08	0.0	0.0
-2.1038740142028844e-08	0.0	0.0
-2.1038740142028844e-08	0.0	0.0
1.0165660065516494e-07	0.0	0.0
2.2435194145235873e-07	0.0	0.0
2.2435194145235873e-07	0.0	0.0
2.2435194145235873e-07	0.0	0.0
1.0165660065516494e-07	0.0	0.0
1.0165660065516494e-07	0.0	0.0
-2.1038740142028844e-08	0.0	0.0
-1.4373408093922262e-07	0.0	0.0
-1.4373408093922262e-07	0.0	0.0
-1.4373408093922262e-07	0.0	0.0
-1.4373408093922262e-07	0.0	0.0
-2.1038740142028844e-08	0.0	0.0
-2.1038740142028844e-08	0.0	0.0
-2.1038740142028844e-08	0.0	0.0
-2.1038740142028844e-08	0.0	0.0
1.0165660065516494e-07	0.0	0.0
2.2435194145235873e-07	0.0	0.0
2.2435194145235873e-07	0.0	0.0
2.2435194145235873e-07	0.0	0.0
1.0165660065516494e-07	0.0	0.0
1.0165660065516494e-07	0.0	0.0
-2.1038740142028844e-08	0.0	0.0
-2.1038740142028844e-08	0.0	0.0
-1.4373408093922262e-07	0.0	0.0
-1.4373408093922262e-07	0.0	0.0
-1.4373408093922262e-07	0.0	0.0
-1.4373408093922262e-07	0.0	0.0
-2.1038740142028844e-08	0.0	0.0
-2.1038740142028844e-08	0.0	0.0
-2.1038740142028844e-08	0.0	0.0
-2.1038740142028844e-08	0.0	0.0
2.2435194145235873e-07	0.0	0.0
2.2435194145235873e-07	0.0	0.0
2.2435194145235873e-07	0.0	0.0
1.0165660065516494e-07	0.0	0.0
1.0165660065516494e-07	0.0	0.0
-2.1038740142028844e-08	0.0	0.0
-2.1038740142028844e-08	0.0	0.0
-1.4373408093922262e-07	0.0	0.0
-1.4373408093922262e-07	0.0	0.0
-2.6642942173641643e-07	0.0	0.0
-1.4373408093922262e-07	0.0	0.0
-2.1038740142028844e-08	0.0	0.0
-2.1038740142028844e-08	0.0	0.0
-2.1038740142028844e-08	0.0	0.0
-2.1038740142028844e-08	0.0	0.0
2.2435194145235873e-07	0.0	0.0
2.2435194145235873e-07	0.0	0.0
2.2435194145235873e-07	0.0	0.0
1.0165660065516494e-07	0.0	0.0
1.0165660065516494e-07	0.0	0.0
-2.1038740142028844e-08	0.0	0.0
-2.1038740142028844e-08	0.0	0.0
-1.4373408093922262e-07	0.0	0.0
-1.4373408093922262e-07	0.0	0.0
-2.6642942173641643e-07	0.0	0.0
-1.4373408093922262e-07	0.0	0.0
-1.4373408093922262e-07	0.0	0.0
-2.1038740142028844e-08	0.0	0.0
-2.1038740142028844e-08	0.0	0.0
-2.1038740142028844e-08	0.0	0.0
1.0165660065516494e-07	0.0	0.0
2.2435194145235873e-07	0.0	0.0
2.2435194145235873e-07	0.0	0.0
2.2435194145235873e-07	0.0	0.0
1.0165660065516494e-07	0.0	0.0
-2.1038740142028844e-08	0.0	0.0
-2.1038740142028844e-08	0.0	0.0
-2.1038740142028844e-08	0.0	0.0
-1.4373408093922262e-07	0.0	0.0
-2.6642942173641643e-07	0.0	0.0
-2.6642942173641643e-07	0.0	0.0
-1.4373408093922262e-07	0.0	0.0
-2.1038740142028844e-08	0.0	0.0
-2.1038740142028844e-08	0.0	0.0
-2.1038740142028844e-08	0.0	0.0
1.0165660065516494e-07	0.0	0.0
2.2435194145235873e-07	0.0	0.0
2.2435194145235873e-07	0.0	0.0
2.2435194145235873e-07	0.0	0.0
1.0165660065516494e-07	0.0	0.0
-2.1038740142028844e-08	0.0	0.0
-2.1038740142028844e-08	0.0	0.0
-2.1038740142028844e-08	0.0	0.0
-1.4373408093922262e-07	0.0	0.0
-2.6642942173641643e-07	0.0	0.0
-2.6642942173641643e-07	0.0	0.0
-1.4373408093922262e-07	0.0	0.0
-2.1038740142028844e-08	0.0	0.0
-2.1038740142028844e-08	0.0	0.0
-2.1038740142028844e-08	0.0	0.0
1.0165660065516494e-07	0.0	0.0
2.2435194145235873e-07	0.0	0.0
2.2435194145235873e-07	0.0	0.0
2.2435194145235873e-07	0.0	0.0
1.0165660065516494e-07	0.0	0.0
-2.1038740142028844e-08	0.0	0.0
-2.1038740142028844e-08	0.0	0.0
-2.1038740142028844e-08	0.0	0.0
-1.4373408093922262e-07	0.0	0.0
-2.6642942173641643e-07	0.0	0.0
-2.6642942173641643e-07	0.0	0.0
-2.6642942173641643e-07	0.0	0.0
-2.1038740142028844e-08	0.0	0.0
-2.1038740142028844e-08	0.0	0.0
-2.1038740142028844e-08	0.0	0.0
-2.1038740142028844e-08	0.0	0.0
2.2435194145235873e-07	0.0	0.0
2.2435194145235873e-07	0.0	0.0
2.2435194145235873e-07	0.0	0.0
2.2435194145235873e-07	0.0	0.0
1.0165660065516494e-07	0.0	0.0
-2.1038740142028844e-08	0.0	0.0
-2.1038740142028844e-08	0.0	0.0
-1.4373408093922262e-07	0.0	0.0
-1.4373408093922262e-07	0.0	0.0
-2.6642942173641643e-07	0.0	0.0
-1.4373408093922262e-07	0.0	0.0
-2.1038740142028844e-08	0.0	0.0
-2.1038740142028844e-08	0.0	0.0
-2.1038740142028844e-08	0.0	0.0
-2.1038740142028844e-08	0.0	0.0
2.2435194145235873e-07	0.0	0.0
2.2435194145235873e-07	0.0	0.0
2.2435194145235873e-07	0.0	0.0
2.2435194145235873e-07	0.0	0.0
1.0165660065516494e-07	0.0	0.0
-2.1038740142028844e-08	0.0	0.0
-2.1038740142028844e-08	0.0	0.0
-1.4373408093922262e-07	0.0	0.0
-1.4373408093922262e-07	0.0	0.0
-2.6642942173641643e-07	0.0	0.0
-2.6642942173641643e-07	0.0	0.0
-2.1038740142028844e-08	0.0	0.0
-2.1038740142028844e-08	0.0	0.0
-2.1038740142028844e-08	0.0	0.0
-2.1038740142028844e-08	0.0	0.0
1.0165660065516494e-07	0.0	0.0
2.2435194145235873e-07	0.0	0.0
2.2435194145235873e-07	0.0	0.0
2.2435194145235873e-07	0.0	0.0
1.0165660065516494e-07	0.0	0.0
-2.1038740142028844e-08	0.0	0.0
-2.1038740142028844e-08	0.0	0.0
-2.1038740142028844e-08	0.0	0.0
-1.4373408093922262e-07	0.0	0.0
-2.6642942173641643e-07	0.0	0.0
-2.6642942173641643e-07	0.0	0.0
-1.4373408093922262e-07	0.0	0.0
-2.1038740142028844e-08	0.0	0.0
-2.1038740142028844e-08	0.0	0.0
-2.1038740142028844e-08	0.0	0.0
-2.1038740142028844e-08	0.0	0.0
2.2435194145235873e-07	0.0	0.0
2.2435194145235873e-07	0.0	0.0
2.2435194145235873e-07	0.0	0.0
2.2435194145235873e-07	0.0	0.0
1.0165660065516494e-07	0.0	0.0
-2.1038740142028844e-08	0.0	0.0
-2.1038740142028844e-08	0.0	0.0
-2.1038740142028844e-08	0.0	0.0
-2.6642942173641643e-07	0.0	0.0
-2.6642942173641643e-07	0.0	0.0
-2.6642942173641643e-07	0.0	0.0
-1.4373408093922262e-07	0.0	0.0
-2.1038740142028844e-08	0.0	0.0
-2.1038740142028844e-08	0.0	0.0
1.0165660065516494e-07	0.0	0.0
2.2435194145235873e-07	0.0	0.0
2.2435194145235873e-07	0.0	0.0
2.2435194145235873e-07	0.0	0.0
2.2435194145235873e-07	0.0	0.0
1.0165660065516494e-07	0.0	0.0
-2.1038740142028844e-08	0.0	0.0
-2.1038740142028844e-08	0.0	0.0
-1.4373408093922262e-07	0.0	0.0
-2.6642942173641643e-07	0.0	0.0
-2.6642942173641643e-07	0.0	0.0
-1.4373408093922262e-07	0.0	0.0
-1.4373408093922262e-07	0.0	0.0
-1.4373408093922262e-07	0.0	0.0
-2.1038740142028844e-08	0.0	0.0
1.0165660065516494e-07	0.0	0.0
2.2435194145235873e-07	0.0	0.0
2.2435194145235873e-07	0.0	0.0
2.2435194145235873e-07	0.0	0.0
1.0165660065516494e-07	0.0	0.0
1.0165660065516494e-07	0.0	0.0
1.0165660065516494e-07	0.0	0.0
-2.1038740142028844e-08	0.0	0.0
-2.1038740142028844e-08	0.0	0.0
-1.4373408093922262e-07	0.0	0.0
-2.6642942173641643e-07	0.0	0.0
-2.6642942173641643e-07	0.0	0.0
-1.4373408093922262e-07	0.0	0.0
-2.1038740142028844e-08	0.0	0.0
-2.1038740142028844e-08	0.0	0.0
-2.1038740142028844e-08	0.0	0.0
2.2435194145235873e-07	0.0	0.0
2.2435194145235873e-07	0.0	0.0
1.0165660065516494e-07	0.0	0.0
1.0165660065516494e-07	0.0	0.0
1.0165660065516494e-07	0.0	0.0
1.0165660065516494e-07	0.0	0.0
-2.1038740142028844e-08	0.0	0.0
-1.4373408093922262e-07	0.0	0.0
-1.4373408093922262e-07	0.0	0.0
-1.4373408093922262e-07	0.0	0.0
-1.4373408093922262e-07	0.0	0.0
-2.1038740142028844e-08	0.0	0.0
-2.1038740142028844e-08	0.0	0.0
-2.1038740142028844e-08	0.0	0.0
-2.1038740142028844e-08	0.0	0.0
1.0165660065516494e-07	0.0	0.0
2.2435194145235873e-07	0.0	0.0
2.2435194145235873e-07	0.0	0.0
2.2435194145235873e-07	0.0	0.0
1.0165660065516494e-07	0.0	0.0
1.0165660065516494e-07	0.0	0.0
-2.1038740142028844e-08	0.0	0.0
-2.1038740142028844e-08	0.0	0.0
-1.4373408093922262e-07	0.0	0.0
-1.4373408093922262e-07	0.0	0.0
-1.4373408093922262e-07	0.0	0.0
-1.4373408093922262e-07	0.0	0.0
-2.1038740142028844e-08	0.0	0.0
-2.1038740142028844e-08	0.0	0.0
-2.1038740142028844e-08	0.0	0.0
-2.1038740142028844e-08	0.0	0.0
2.2435194145235873e-07	0.0	0.0
2.2435194145235873e-07	0.0	0.0
2.2435194145235873e-07	0.0	0.0
1.0165660065516494e-07	0.0	0.0
1.0165660065516494e-07	0.0	0.0
-2.1038740142028844e-08	0.0	0.0
-2.1038740142028844e-08	0.0	0.0
-1.4373408093922262e-07	0.0	0.0
-1.4373408093922262e-07	0.0	0.0
-2.6642942173641643e-07	0.0	0.0
-1.4373408093922262e-07	0.0	0.0
-2.1038740142028844e-08	0.0	0.0
-2.1038740142028844e-08	0.0	0.0
-2.1038740142028844e-08	0.0	0.0
-2.1038740142028844e-08	0.0	0.0
2.2435194145235873e-07	0.0	0.0
2.2435194145235873e-07	0.0	0.0
2.2435194145235873e-07	0.0	0.0
1.0165660065516494e-07	0.0	0.0
1.0165660065516494e-07	0.0	0.0
-2.1038740142028844e-08	0.0	0.0
-2.1038740142028844e-08	0.0	0.0
-2.1038740142028844e-08	0.0	0.0
-2.6642942173641643e-07	0.0	0.0
-2.6642942173641643e-07	0.0	0.0
-2.6642942173641643e-07	0.0	0.0
-1.4373408093922262e-07	0.0	0.0
-2.1038740142028844e-08	0.0	0.0
-2.1038740142028844e-08	0.0	0.0
-2.1038740142028844e-08	0.0	0.0
1.0165660065516494e-07	0.0	0.0
2.2435194145235873e-07	0.0	0.0
2.2435194145235873e-07	0.0	0.0
2.2435194145235873e-07	0.0	0.0
1.0165660065516494e-07	0.0	0.0
-2.1038740142028844e-08	0.0	0.0
-2.1038740142028844e-08	0.0	0.0
-2.1038740142028844e-08	0.0	0.0
-2.6642942173641643e-07	0.0	0.0
-2.6642942173641643e-07	0.0	0.0
-2.6642942173641643e-07	0.0	0.0
-1.4373408093922262e-07	0.0	0.0
-2.1038740142028844e-08	0.0	0.0
-2.1038740142028844e-08	0.0	0.0
-2.1038740142028844e-08	0.0	0.0
1.0165660065516494e-07	0.0	0.0
2.2435194145235873e-07	0.0	0.0
2.2435194145235873e-07	0.0	0.0
2.2435194145235873e-07	0.0	0.0
1.0165660065516494e-07	0.0	0.0
-2.1038740142028844e-08	0.0	0.0
-2.1038740142028844e-08	0.0	0.0
-2.1038740142028844e-08	0.0	0.0
-1.4373408093922262e-07	0.0	0.0
-2.6642942173641643e-07	0.0	0.0
-2.6642942173641643e-07	0.0	0.0
-2.6642942173641643e-07	0.0	0.0
-2.1038740142028844e-08	0.0	0.0
-2.1038740142028844e-08	0.0	0.0
-2.1038740142028844e-08	0.0	0.0
-2.1038740142028844e-08	0.0	0.0
2.2435194145235873e-07	0.0	0.0
2.2435194145235873e-07	0.0	0.0
2.2435194145235873e-07	0.0	0.0
2.2435194145235873e-07	0.0	0.0
-2.1038740142028844e-08	0.0	0.0
-2.1038740142028844e-08	0.0	0.0
-2.1038740142028844e-08	0.0	0.0
-1.4373408093922262e-07	0.0	0.0
-2.6642942173641643e-07	0.0	0.0
-2.6642942173641643e-07	0.0	0.0
-2.6642942173641643e-07	0.0	0.0
-2.1038740142028844e-08	0.0	0.0
-2.1038740142028844e-08	0.0	0.0
-2.1038740142028844e-08	0.0	0.0
-2.1038740142028844e-08	0.0	0.0
2.2435194145235873e-07	0.0	0.0
2.2435194145235873e-07	0.0	0.0
2.2435194145235873e-07	0.0	0.0
2.2435194145235873e-07	0.0	0.0
1.0165660065516494e-07	0.0	0.0
-2.1038740142028844e-08	0.0	0.0
-2.1038740142028844e-08	0.0	0.0
-2.1038740142028844e-08	0.0	0.0
-2.6642942173641643e-07	0.0	0.0
-2.6642942173641643e-07	0.0	0.0
-2.6642942173641643e-07	0.0	0.0
-1.4373408093922262e-07	0.0	0.0
-2.1038740142028844e-08	0.0	0.0
-2.1038740142028844e-08	0.0	0.0
-2.1038740142028844e-08	0.0	0.0
2.2435194145235873e-07	0.0	0.0
2.2435194145235873e-07	0.0	0.0
2.2435194145235873e-07	0.0	0.0
2.2435194145235873e-07	0.0	0.0
1.0165660065516494e-07	0.0	0.0
-2.1038740142028844e-08	0.0	0.0
-2.1038740142028844e-08	0.0	0.0
-2.1038740142028844e-08	0.0	0.0
-2.6642942173641643e-07	0.0	0.0
-2.6642942173641643e-07	0.0	0.0
-2.6642942173641643e-07	0.0	0.0
-1.4373408093922262e-07	0.0	0.0
-2.1038740142028844e-08	0.0	0.0
-2.1038740142028844e-08	0.0	0.0
-2.1038740142028844e-08	0.0	0.0
1.0165660065516494e-07	0.0	0.0
2.2435194145235873e-07	0.0	0.0
2.2435194145235873e-07	0.0	0.0
2.2435194145235873e-07	0.0	0.0
2.2435194145235873e-07	0.0	0.0
1.0165660065516494e-07	0.0	0.0
-2.1038740142028844e-08	0.0	0.0
-2.1038740142028844e-08	0.0	0.0
-1.4373408093922262e-07	0.0	0.0
-2.6642942173641643e-07	0.0	0.0
-2.6642942173641643e-07	0.0	0.0
-2.6642942173641643e-07	0.0	0.0
-1.4373408093922262e-07	0.0	0.0
-2.1038740142028844e-08	0.0	0.0
-2.1038740142028844e-08	0.0	0.0
1.0165660065516494e-07	0.0	0.0
2.2435194145235873e-07	0.0	0.0
2.2435194145235873e-07	0.0	0.0
2.2435194145235873e-07	0.0	0.0
2.2435194145235873e-07	0.0	0.0
1.0165660065516494e-07	0.0	0.0
-2.1038740142028844e-08	0.0	0.0
-2.1038740142028844e-08	0.0	0.0
-2.1038740142028844e-08	0.0	0.0
-2.6642942173641643e-07	0.0	0.0
-2.6642942173641643e-07	0.0	0.0
-2.6642942173641643e-07	0.0	0.0
-1.4373408093922262e-07	0.0	0.0
-2.1038740142028844e-08	0.0	0.0
-2.1038740142028844e-08	0.0	0.0
1.0165660065516494e-07	0.0	0.0
2.2435194145235873e-07	0.0	0.0
2.2435194145235873e-07	0.0	0.0
2.2435194145235873e-07	0.0	0.0
1.0165660065516494e-07	0.0	0.0
1.0165660065516494e-07	0.0	0.0
1.0165660065516494e-07	0.0	0.0
-2.1038740142028844e-08	0.0	0.0
-1.4373408093922262e-07	0.0	0.0
-2.6642942173641643e-07	0.0	0.0
-2.6642942173641643e-07	0.0	0.0
-1.4373408093922262e-07	0.0	0.0
-1.4373408093922262e-07	0.0	0.0
-1.4373408093922262e-07	0.0	0.0
-2.1038740142028844e-08	0.0	0.0
1.0165660065516494e-07	0.0	0.0
2.2435194145235873e-07	0.0	0.0
2.2435194145235873e-07	0.0	0.0
2.2435194145235873e-07	0.0	0.0
1.0165660065516494e-07	0.0	0.0
1.0165660065516494e-07	0.0	0.0
1.0165660065516494e-07	0.0	0.0
-2.1038740142028844e-08	0.0	0.0
-2.1038740142028844e-08	0.0	0.0
-2.6642942173641643e-07	0.0	0.0
-2.6642942173641643e-07	0.0	0.0
-2.6642942173641643e-07	0.0	0.0
-1.4373408093922262e-07	0.0	0.0
-2.1038740142028844e-08	0.0	0.0
-2.1038740142028844e-08	0.0	0.0
1.0165660065516494e-07	0.0	0.0
2.2435194145235873e-07	0.0	0.0
2.2435194145235873e-07	0.0	0.0
2.2435194145235873e-07	0.0	0.0
2.2435194145235873e-07	0.0	0.0
1.0165660065516494e-07	0.0	0.0
1.0165660065516494e-07	0.0	0.0
-2.1038740142028844e-08	0.0	0.0
-2.1038740142028844e-08	0.0	0.0
-1.4373408093922262e-07	0.0	0.0
-2.6642942173641643e-07	0.0	0.0
-2.6642942173641643e-07	0.0	0.0
-1.4373408093922262e-07	0.0	0.0
-1.4373408093922262e-07	0.0	0.0
-2.1038740142028844e-08	0.0	0.0
-2.1038740142028844e-08	0.0	0.0
1.0165660065516494e-07	0.0	0.0
2.2435194145235873e-07	0.0	0.0
1.0165660065516494e-07	0.0	0.0
2.2435194145235873e-07	0.0	0.0
1.0165660065516494e-07	0.0	0.0
1.0165660065516494e-07	0.0	0.0
-2.1038740142028844e-08	0.0	0.0
-2.1038740142028844e-08	0.0	0.0
-1.4373408093922262e-07	0.0	0.0
-1.4373408093922262e-07	0.0	0.0
-1.4373408093922262e-07	0.0	0.0
-1.4373408093922262e-07	0.0	0.0
-2.1038740142028844e-08	0.0	0.0
-2.1038740142028844e-08	0.0	0.0
-2.1038740142028844e-08	0.0	0.0
-2.1038740142028844e-08	0.0	0.0
2.2435194145235873e-07	0.0	0.0
2.2435194145235873e-07	0.0	0.0
2.2435194145235873e-07	0.0	0.0
1.0165660065516494e-07	0.0	0.0
1.0165660065516494e-07	0.0	0.0
-2.1038740142028844e-08	0.0	0.0
-2.1038740142028844e-08	0.0	0.0
-2.1038740142028844e-08	0.0	0.0
-2.6642942173641643e-07	0.0	0.0
-2.6642942173641643e-07	0.0	0.0
-2.6642942173641643e-07	0.0	0.0
-1.4373408093922262e-07	0.0	0.0
-2.1038740142028844e-08	0.0	0.0
-2.1038740142028844e-08	0.0	0.0
-2.1038740142028844e-08	0.0	0.0
2.2435194145235873e-07	0.0	0.0
2.2435194145235873e-07	0.0	0.0
2.2435194145235873e-07	0.0	0.0
2.2435194145235873e-07	0.0	0.0
-2.1038740142028844e-08	0.0	0.0
-2.1038740142028844e-08	0.0	0.0
-2.1038740142028844e-08	0.0	0.0
-2.1038740142028844e-08	0.0	0.0
-2.6642942173641643e-07	0.0	0.0
-2.6642942173641643e-07	0.0	0.0
-2.6642942173641643e-07	0.0	0.0
-1.4373408093922262e-07	0.0	0.0
-2.1038740142028844e-08	0.0	0.0
-2.1038740142028844e-08	0.0	0.0
-2.1038740142028844e-08	0.0	0.0
1.0165660065516494e-07	0.0	0.0
2.2435194145235873e-07	0.0	0.0
2.2435194145235873e-07	0.0	0.0
2.2435194145235873e-07	0.0	0.0
1.0165660065516494e-07	0.0	0.0
-2.1038740142028844e-08	0.0	0.0
-2.1038740142028844e-08	0.0	0.0
-2.1038740142028844e-08	0.0	0.0
-1.4373408093922262e-07	0.0	0.0
-2.6642942173641643e-07	0.0	0.0
-2.6642942173641643e-07	0.0	0.0
-2.6642942173641643e-07	0.0	0.0
-2.1038740142028844e-08	0.0	0.0
-2.1038740142028844e-08	0.0	0.0
-2.1038740142028844e-08	0.0	0.0
1.0165660065516494e-07	0.0	0.0
2.2435194145235873e-07	0.0	0.0
2.2435194145235873e-07	0.0	0.0
2.2435194145235873e-07	0.0	0.0
1.0165660065516494e-07	0.0	0.0
-2.1038740142028844e-08	0.0	0.0
-2.1038740142028844e-08	0.0	0.0
-2.1038740142028844e-08	0.0	0.0
-2.1038740142028844e-08	0.0	0.0
-2.6642942173641643e-07	0.0	0.0
-2.6642942173641643e-07	0.0	0.0
-2.6642942173641643e-07	0.0	0.0
-1.4373408093922262e-07	0.0	0.0
-2.1038740142028844e-08	0.0	0.0
-2.1038740142028844e-08	0.0	0.0
1.0165660065516494e-07	0.0	0.0
2.2435194145235873e-07	0.0	0.0
2.2435194145235873e-07	0.0	0.0
2.2435194145235873e-07	0.0	0.0
2.2435194145235873e-07	0.0	0.0
-2.1038740142028844e-08	0.0	0.0
-2.1038740142028844e-08	0.0	0.0
-2.1038740142028844e-08	0.0	0.0
-2.1038740142028844e-08	0.0	0.0
-2.6642942173641643e-07	0.0	0.0
-2.6642942173641643e-07	0.0	0.0
-2.6642942173641643e-07	0.0	0.0
-1.4373408093922262e-07	0.0	0.0
-2.1038740142028844e-08	0.0	0.0
-2.1038740142028844e-08	0.0	0.0
-2.1038740142028844e-08	0.0	0.0
2.2435194145235873e-07	0.0	0.0
2.2435194145235873e-07	0.0	0.0
2.2435194145235873e-07	0.0	0.0
2.2435194145235873e-07	0.0	0.0
1.0165660065516494e-07	0.0	0.0
-2.1038740142028844e-08	0.0	0.0
-2.1038740142028844e-08	0.0	0.0
-2.1038740142028844e-08	0.0	0.0
-2.6642942173641643e-07	0.0	0.0
-2.6642942173641643e-07	0.0	0.0
-2.6642942173641643e-07	0.0	0.0
-1.4373408093922262e-07	0.0	0.0
-2.1038740142028844e-08	0.0	0.0
-2.1038740142028844e-08	0.0	0.0
-2.1038740142028844e-08	0.0	0.0
2.2435194145235873e-07	0.0	0.0
2.2435194145235873e-07	0.0	0.0
2.2435194145235873e-07	0.0	0.0
2.2435194145235873e-07	0.0	0.0
2.2435194145235873e-07	0.0	0.0
-2.1038740142028844e-08	0.0	0.0
-2.1038740142028844e-08	0.0	0.0
-2.1038740142028844e-08	0.0	0.0
-1.4373408093922262e-07	0.0	0.0
-2.6642942173641643e-07	0.0	0.0
-2.6642942173641643e-07	0.0	0.0
-2.6642942173641643e-07	0.0	0.0
-1.4373408093922262e-07	0.0	0.0
-2.1038740142028844e-08	0.0	0.0
-2.1038740142028844e-08	0.0	0.0
1.0165660065516494e-07	0.0	0.0
3.4704728224955254e-07	0.0	0.0
2.2435194145235873e-07	0.0	0.0
2.2435194145235873e-07	0.0	0.0
2.2435194145235873e-07	0.0	0.0
1.0165660065516494e-07	0.0	0.0
-2.1038740142028844e-08	0.0	0.0
-2.1038740142028844e-08	0.0	0.0
-2.6642942173641643e-07	0.0	0.0
-2.6642942173641643e-07	0.0	0.0
-2.6642942173641643e-07	0.0	0.0
-2.6642942173641643e-07	0.0	0.0
-1.4373408093922262e-07	0.0	0.0
-2.1038740142028844e-08	0.0	0.0
-2.1038740142028844e-08	0.0	0.0
1.0165660065516494e-07	0.0	0.0
2.2435194145235873e-07	0.0	0.0
3.4704728224955254e-07	0.0	0.0
2.2435194145235873e-07	0.0	0.0
2.2435194145235873e-07	0.0	0.0
1.0165660065516494e-07	0.0	0.0
-2.1038740142028844e-08	0.0	0.0
-2.1038740142028844e-08	0.0	0.0
-1.4373408093922262e-07	0.0	0.0
-2.6642942173641643e-07	0.0	0.0
-2.6642942173641643e-07	0.0	0.0
-2.6642942173641643e-07	0.0	0.0
-1.4373408093922262e-07	0.0	0.0
-2.1038740142028844e-08	0.0	0.0
-2.1038740142028844e-08	0.0	0.0
1.0165660065516494e-07	0.0	0.0
2.2435194145235873e-07	0.0	0.0
2.2435194145235873e-07	0.0	0.0
2.2435194145235873e-07	0.0	0.0
1.0165660065516494e-07	0.0	0.0
1.0165660065516494e-07	0.0	0.0
1.0165660065516494e-07	0.0	0.0
-2.1038740142028844e-08	0.0	0.0
-1.4373408093922262e-07	0.0	0.0
-2.6642942173641643e-07	0.0	0.0
-2.6642942173641643e-07	0.0	0.0
-1.4373408093922262e-07	0.0	0.0
-1.4373408093922262e-07	0.0	0.0
-1.4373408093922262e-07	0.0	0.0
1.0165660065516494e-07	0.0	0.0
1.0165660065516494e-07	0.0	0.0
2.2435194145235873e-07	0.0	0.0
2.2435194145235873e-07	0.0	0.0
2.2435194145235873e-07	0.0	0.0
2.2435194145235873e-07	0.0	0.0
1.0165660065516494e-07	0.0	0.0
1.0165660065516494e-07	0.0	0.0
-2.1038740142028844e-08	0.0	0.0
-2.1038740142028844e-08	0.0	0.0
-2.6642942173641643e-07	0.0	0.0
-2.6642942173641643e-07	0.0	0.0
-2.6642942173641643e-07	0.0	0.0
-1.4373408093922262e-07	0.0	0.0
-1.4373408093922262e-07	0.0	0.0
-2.1038740142028844e-08	0.0	0.0
1.0165660065516494e-07	0.0	0.0
2.2435194145235873e-07	0.0	0.0
2.2435194145235873e-07	0.0	0.0
2.2435194145235873e-07	0.0	0.0
2.2435194145235873e-07	0.0	0.0
1.0165660065516494e-07	0.0	0.0
1.0165660065516494e-07	0.0	0.0
-2.1038740142028844e-08	0.0	0.0
-2.1038740142028844e-08	0.0	0.0
-1.4373408093922262e-07	0.0	0.0
-2.6642942173641643e-07	0.0	0.0
-2.6642942173641643e-07	0.0	0.0
-1.4373408093922262e-07	0.0	0.0
-1.4373408093922262e-07	0.0	0.0
-2.1038740142028844e-08	0.0	0.0
-2.1038740142028844e-08	0.0	0.0
1.0165660065516494e-07	0.0	0.0
2.2435194145235873e-07	0.0	0.0
2.2435194145235873e-07	0.0	0.0
1.0165660065516494e-07	0.0	0.0
1.0165660065516494e-07	0.0	0.0
1.0165660065516494e-07	0.0	0.0
-2.1038740142028844e-08	0.0	0.0
-2.1038740142028844e-08	0.0	0.0
-1.4373408093922262e-07	0.0	0.0
-1.4373408093922262e-07	0.0	0.0
-1.4373408093922262e-07	0.0	0.0
-1.4373408093922262e-07	0.0	0.0
-2.1038740142028844e-08	0.0	0.0
-2.1038740142028844e-08	0.0	0.0
-2.1038740142028844e-08	0.0	0.0
-2.1038740142028844e-08	0.0	0.0
2.2435194145235873e-07	0.0	0.0
2.2435194145235873e-07	0.0	0.0
2.2435194145235873e-07	0.0	0.0
2.2435194145235873e-07	0.0	0.0
-2.1038740142028844e-08	0.0	0.0
-2.1038740142028844e-08	0.0	0.0
-2.1038740142028844e-08	0.0	0.0
-2.1038740142028844e-08	0.0	0.0
-2.6642942173641643e-07	0.0	0.0
-2.6642942173641643e-07	0.0	0.0
-2.6642942173641643e-07	0.0	0.0
-1.4373408093922262e-07	0.0	0.0
-2.1038740142028844e-08	0.0	0.0
-2.1038740142028844e-08	0.0	0.0
-2.1038740142028844e-08	0.0	0.0
2.2435194145235873e-07	0.0	0.0
2.2435194145235873e-07	0.0	0.0
2.2435194145235873e-07	0.0	0.0
2.2435194145235873e-07	0.0	0.0
-2.1038740142028844e-08	0.0	0.0
-2.1038740142028844e-08	0.0	0.0
-2.1038740142028844e-08	0.0	0.0
-2.1038740142028844e-08	0.0	0.0
-2.6642942173641643e-07	0.0	0.0
-2.6642942173641643e-07	0.0	0.0
-2.6642942173641643e-07	0.0	0.0
-2.6642942173641643e-07	0.0	0.0
-2.1038740142028844e-08	0.0	0.0
-2.1038740142028844e-08	0.0	0.0
-2.1038740142028844e-08	0.0	0.0
2.2435194145235873e-07	0.0	0.0
2.2435194145235873e-07	0.0	0.0
2.2435194145235873e-07	0.0	0.0
2.2435194145235873e-07	0.0	0.0
1.0165660065516494e-07	0.0	0.0
-2.1038740142028844e-08	0.0	0.0
-2.1038740142028844e-08	0.0	0.0
-2.1038740142028844e-08	0.0	0.0
-1.4373408093922262e-07	0.0	0.0
-2.6642942173641643e-07	0.0	0.0
-2.6642942173641643e-07	0.0	0.0
-2.6642942173641643e-07	0.0	0.0
-1.4373408093922262e-07	0.0	0.0
-2.1038740142028844e-08	0.0	0.0
-2.1038740142028844e-08	0.0	0.0
1.0165660065516494e-07	0.0	0.0
2.2435194145235873e-07	0.0	0.0
2.2435194145235873e-07	0.0	0.0
2.2435194145235873e-07	0.0	0.0
2.2435194145235873e-07	0.0	0.0
-2.1038740142028844e-08	0.0	0.0
-2.1038740142028844e-08	0.0	0.0
-2.1038740142028844e-08	0.0	0.0
-1.4373408093922262e-07	0.0	0.0
-2.6642942173641643e-07	0.0	0.0
-2.6642942173641643e-07	0.0	0.0
-2.6642942173641643e-07	0.0	0.0
-1.4373408093922262e-07	0.0	0.0
-2.1038740142028844e-08	0.0	0.0
-2.1038740142028844e-08	0.0	0.0
1.0165660065516494e-07	0.0	0.0
2.2435194145235873e-07	0.0	0.0
2.2435194145235873e-07	0.0	0.0
2.2435194145235873e-07	0.0	0.0
2.2435194145235873e-07	0.0	0.0
-2.1038740142028844e-08	0.0	0.0
-2.1038740142028844e-08	0.0	0.0
-2.1038740142028844e-08	0.0	0.0
-2.1038740142028844e-08	0.0	0.0
-2.6642942173641643e-07	0.0	0.0
-2.6642942173641643e-07	0.0	0.0
-2.6642942173641643e-07	0.0	0.0
-1.4373408093922262e-07	0.0	0.0
-2.1038740142028844e-08	0.0	0.0
-2.1038740142028844e-08	0.0	0.0
-2.1038740142028844e-08	0.0	0.0
2.2435194145235873e-07	0.0	0.0
2.2435194145235873e-07	0.0	0.0
2.2435194145235873e-07	0.0	0.0
2.2435194145235873e-07	0.0	0.0
1.0165660065516494e-07	0.0	0.0
-2.1038740142028844e-08	0.0	0.0
-2.1038740142028844e-08	0.0	0.0
-2.1038740142028844e-08	0.0	0.0
-2.6642942173641643e-07	0.0	0.0
-2.6642942173641643e-07	0.0	0.0
-2.6642942173641643e-07	0.0	0.0
-1.4373408093922262e-07	0.0	0.0
-2.1038740142028844e-08	0.0	0.0
-2.1038740142028844e-08	0.0	0.0
-2.1038740142028844e-08	0.0	0.0
2.2435194145235873e-07	0.0	0.0
2.2435194145235873e-07	0.0	0.0
2.2435194145235873e-07	0.0	0.0
2.2435194145235873e-07	0.0	0.0
2.2435194145235873e-07	0.0	0.0
-2.1038740142028844e-08	0.0	0.0
-2.1038740142028844e-08	0.0	0.0
-2.1038740142028844e-08	0.0	0.0
-1.4373408093922262e-07	0.0	0.0
-2.6642942173641643e-07	0.0	0.0
-2.6642942173641643e-07	0.0	0.0
-2.6642942173641643e-07	0.0	0.0
-1.4373408093922262e-07	0.0	0.0
-2.1038740142028844e-08	0.0	0.0
-2.1038740142028844e-08	0.0	0.0
1.0165660065516494e-07	0.0	0.0
3.4704728224955254e-07	0.0	0.0
2.2435194145235873e-07	0.0	0.0
2.2435194145235873e-07	0.0	0.0
2.2435194145235873e-07	0.0	0.0
1.0165660065516494e-07	0.0	0.0
-2.1038740142028844e-08	0.0	0.0
-2.1038740142028844e-08	0.0	0.0
-2.6642942173641643e-07	0.0	0.0
-2.6642942173641643e-07	0.0	0.0
-2.6642942173641643e-07	0.0	0.0
-2.6642942173641643e-07	0.0	0.0
-1.4373408093922262e-07	0.0	0.0
-2.1038740142028844e-08	0.0	0.0
-2.1038740142028844e-08	0.0	0.0
1.0165660065516494e-07	0.0	0.0
2.2435194145235873e-07	0.0	0.0
3.4704728224955254e-07	0.0	0.0
2.2435194145235873e-07	0.0	0.0
2.2435194145235873e-07	0.0	0.0
1.0165660065516494e-07	0.0	0.0
-2.1038740142028844e-08	0.0	0.0
-2.1038740142028844e-08	0.0	0.0
-1.4373408093922262e-07	0.0	0.0
-2.6642942173641643e-07	0.0	0.0
-2.6642942173641643e-07	0.0	0.0
-2.6642942173641643e-07	0.0	0.0
-1.4373408093922262e-07	0.0	0.0
-1.4373408093922262e-07	0.0	0.0
1.0165660065516494e-07	0.0	0.0
1.0165660065516494e-07	0.0	0.0
2.2435194145235873e-07	0.0	0.0
2.2435194145235873e-07	0.0	0.0
3.4704728224955254e-07	0.0	0.0
2.2435194145235873e-07	0.0	0.0
1.0165660065516494e-07	0.0	0.0
1.0165660065516494e-07	0.0	0.0
-2.1038740142028844e-08	0.0	0.0
-1.4373408093922262e-07	0.0	0.0
-2.6642942173641643e-07	0.0	0.0
-2.6642942173641643e-07	0.0	0.0
-1.4373408093922262e-07	0.0	0.0
-1.4373408093922262e-07	0.0	0.0
-1.4373408093922262e-07	0.0	0.0
1.0165660065516494e-07	0.0	0.0
1.0165660065516494e-07	0.0	0.0
2.2435194145235873e-07	0.0	0.0
2.2435194145235873e-07	0.0	0.0
3.4704728224955254e-07	0.0	0.0
2.2435194145235873e-07	0.0	0.0
1.0165660065516494e-07	0.0	0.0
1.0165660065516494e-07	0.0	0.0
-2.1038740142028844e-08	0.0	0.0
-2.1038740142028844e-08	0.0	0.0
-2.6642942173641643e-07	0.0	0.0
-2.6642942173641643e-07	0.0	0.0
-2.6642942173641643e-07	0.0	0.0
-1.4373408093922262e-07	0.0	0.0
-1.4373408093922262e-07	0.0	0.0
-2.1038740142028844e-08	0.0	0.0
1.0165660065516494e-07	0.0	0.0
2.2435194145235873e-07	0.0	0.0
2.2435194145235873e-07	0.0	0.0
3.4704728224955254e-07	0.0	0.0
2.2435194145235873e-07	0.0	0.0
1.0165660065516494e-07	0.0	0.0
1.0165660065516494e-07	0.0	0.0
-2.1038740142028844e-08	0.0	0.0
-2.1038740142028844e-08	0.0	0.0
-1.4373408093922262e-07	0.0	0.0
-2.6642942173641643e-07	0.0	0.0
-2.6642942173641643e-07	0.0	0.0
-2.6642942173641643e-07	0.0	0.0
-1.4373408093922262e-07	0.0	0.0
-2.1038740142028844e-08	0.0	0.0
-2.1038740142028844e-08	0.0	0.0
1.0165660065516494e-07	0.0	0.0
2.2435194145235873e-07	0.0	0.0
2.2435194145235873e-07	0.0	0.0
2.2435194145235873e-07	0.0	0.0
1.0165660065516494e-07	0.0	0.0
1.0165660065516494e-07	0.0	0.0
-2.1038740142028844e-08	0.0	0.0
-2.1038740142028844e-08	0.0	0.0
-1.4373408093922262e-07	0.0	0.0
-2.6642942173641643e-07	0.0	0.0
-2.6642942173641643e-07	0.0	0.0
-1.4373408093922262e-07	0.0	0.0
-2.1038740142028844e-08	0.0	0.0
-2.1038740142028844e-08	0.0	0.0
-2.1038740142028844e-08	0.0	0.0
1.0165660065516494e-07	0.0	0.0
2.2435194145235873e-07	0.0	0.0
2.2435194145235873e-07	0.0	0.0
2.2435194145235873e-07	0.0	0.0
3.4704728224955254e-07	0.0	0.0
1.0165660065516494e-07	0.0	0.0
-2.1038740142028844e-08	0.0	0.0
-2.1038740142028844e-08	0.0	0.0
-1.4373408093922262e-07	0.0	0.0
-2.6642942173641643e-07	0.0	0.0
-2.6642942173641643e-07	0.0	0.0
-2.6642942173641643e-07	0.0	0.0
-1.4373408093922262e-07	0.0	0.0
-2.1038740142028844e-08	0.0	0.0
-2.1038740142028844e-08	0.0	0.0
-2.1038740142028844e-08	0.0	0.0
2.2435194145235873e-07	0.0	0.0
2.2435194145235873e-07	0.0	0.0
2.2435194145235873e-07	0.0	0.0
3.4704728224955254e-07	0.0	0.0
2.2435194145235873e-07	0.0	0.0
-2.1038740142028844e-08	0.0	0.0
-2.1038740142028844e-08	0.0	0.0
-1.4373408093922262e-07	0.0	0.0
-2.6642942173641643e-07	0.0	0.0
-3.8912476253361016e-07	0.0	0.0
-2.6642942173641643e-07	0.0	0.0
-2.6642942173641643e-07	0.0	0.0
-1.4373408093922262e-07	0.0	0.0
-2.1038740142028844e-08	0.0	0.0
-2.1038740142028844e-08	0.0	0.0
2.2435194145235873e-07	0.0	0.0
2.2435194145235873e-07	0.0	0.0
2.2435194145235873e-07	0.0	0.0
2.2435194145235873e-07	0.0	0.0
2.2435194145235873e-07	0.0	0.0
-2.1038740142028844e-08	0.0	0.0
-2.1038740142028844e-08	0.0	0.0
-1.4373408093922262e-07	0.0	0.0
-1.4373408093922262e-07	0.0	0.0
-3.8912476253361016e-07	0.0	0.0
-2.6642942173641643e-07	0.0	0.0
-2.6642942173641643e-07	0.0	0.0
-1.4373408093922262e-07	0.0	0.0
-2.1038740142028844e-08	0.0	0.0
-2.1038740142028844e-08	0.0	0.0
2.2435194145235873e-07	0.0	0.0
2.2435194145235873e-07	0.0	0.0
2.2435194145235873e-07	0.0	0.0
3.4704728224955254e-07	0.0	0.0
2.2435194145235873e-07	0.0	0.0
1.0165660065516494e-07	0.0	0.0
-2.1038740142028844e-08	0.0	0.0
-1.4373408093922262e-07	0.0	0.0
-1.4373408093922262e-07	0.0	0.0
-3.8912476253361016e-07	0.0	0.0
-2.6642942173641643e-07	0.0	0.0
-2.6642942173641643e-07	0.0	0.0
-1.4373408093922262e-07	0.0	0.0
-2.1038740142028844e-08	0.0	0.0
-2.1038740142028844e-08	0.0	0.0
1.0165660065516494e-07	0.0	0.0
2.2435194145235873e-07	0.0	0.0
2.2435194145235873e-07	0.0	0.0
2.2435194145235873e-07	0.0	0.0
3.4704728224955254e-07	0.0	0.0
1.0165660065516494e-07	0.0	0.0
-2.1038740142028844e-08	0.0	0.0
-2.1038740142028844e-08	0.0	0.0
-1.4373408093922262e-07	0.0	0.0
-3.8912476253361016e-07	0.0	0.0
-2.6642942173641643e-07	0.0	0.0
-2.6642942173641643e-07	0.0	0.0
-1.4373408093922262e-07	0.0	0.0
-2.1038740142028844e-08	0.0	0.0
-2.1038740142028844e-08	0.0	0.0
-2.1038740142028844e-08	0.0	0.0
2.2435194145235873e-07	0.0	0.0
2.2435194145235873e-07	0.0	0.0
2.2435194145235873e-07	0.0	0.0
2.2435194145235873e-07	0.0	0.0
1.0165660065516494e-07	0.0	0.0
-2.1038740142028844e-08	0.0	0.0
-2.1038740142028844e-08	0.0	0.0
-2.1038740142028844e-08	0.0	0.0
-3.8912476253361016e-07	0.0	0.0
-2.6642942173641643e-07	0.0	0.0
-2.6642942173641643e-07	0.0	0.0
-1.4373408093922262e-07	0.0	0.0
-2.1038740142028844e-08	0.0	0.0
-2.1038740142028844e-08	0.0	0.0
-2.1038740142028844e-08	0.0	0.0
3.4704728224955254e-07	0.0	0.0
2.2435194145235873e-07	0.0	0.0
2.2435194145235873e-07	0.0	0.0
2.2435194145235873e-07	0.0	0.0
2.2435194145235873e-07	0.0	0.0
-2.1038740142028844e-08	0.0	0.0
-2.1038740142028844e-08	0.0	0.0
-1.4373408093922262e-07	0.0	0.0
-2.6642942173641643e-07	0.0	0.0
-2.6642942173641643e-07	0.0	0.0
-2.6642942173641643e-07	0.0	0.0
-2.6642942173641643e-07	0.0	0.0
-1.4373408093922262e-07	0.0	0.0
-2.1038740142028844e-08	0.0	0.0
-2.1038740142028844e-08	0.0	0.0
1.0165660065516494e-07	0.0	0.0
3.4704728224955254e-07	0.0	0.0
3.4704728224955254e-07	0.0	0.0
2.2435194145235873e-07	0.0	0.0
2.2435194145235873e-07	0.0	0.0
1.0165660065516494e-07	0.0	0.0
-2.1038740142028844e-08	0.0	0.0
-2.1038740142028844e-08	0.0	0.0
-2.6642942173641643e-07	0.0	0.0
-2.6642942173641643e-07	0.0	0.0
-2.6642942173641643e-07	0.0	0.0
-2.6642942173641643e-07	0.0	0.0
-1.4373408093922262e-07	0.0	0.0
-2.1038740142028844e-08	0.0	0.0
1.0165660065516494e-07	0.0	0.0
1.0165660065516494e-07	0.0	0.0
3.4704728224955254e-07	0.0	0.0
3.4704728224955254e-07	0.0	0.0
2.2435194145235873e-07	0.0	0.0
2.2435194145235873e-07	0.0	0.0
1.0165660065516494e-07	0.0	0.0
-2.1038740142028844e-08	0.0	0.0
-2.1038740142028844e-08	0.0	0.0
-1.4373408093922262e-07	0.0	0.0
-2.6642942173641643e-07	0.0	0.0
-2.6642942173641643e-07	0.0	0.0
-2.6642942173641643e-07	0.0	0.0
-1.4373408093922262e-07	0.0	0.0
-1.4373408093922262e-07	0.0	0.0
1.0165660065516494e-07	0.0	0.0
1.0165660065516494e-07	0.0	0.0
2.2435194145235873e-07	0.0	0.0
3.4704728224955254e-07	0.0	0.0
3.4704728224955254e-07	0.0	0.0
2.2435194145235873e-07	0.0	0.0
1.0165660065516494e-07	0.0	0.0
1.0165660065516494e-07	0.0	0.0
-2.1038740142028844e-08	0.0	0.0
-1.4373408093922262e-07	0.0	0.0
-2.6642942173641643e-07	0.0	0.0
-2.6642942173641643e-07	0.0	0.0
-1.4373408093922262e-07	0.0	0.0
-1.4373408093922262e-07	0.0	0.0
-1.4373408093922262e-07	0.0	0.0
1.0165660065516494e-07	0.0	0.0
1.0165660065516494e-07	0.0	0.0
1.0165660065516494e-07	0.0	0.0
3.4704728224955254e-07	0.0	0.0
3.4704728224955254e-07	0.0	0.0
3.4704728224955254e-07	0.0	0.0
2.2435194145235873e-07	0.0	0.0
1.0165660065516494e-07	0.0	0.0
-2.1038740142028844e-08	0.0	0.0
-2.1038740142028844e-08	0.0	0.0
-2.6642942173641643e-07	0.0	0.0
-2.6642942173641643e-07	0.0	0.0
-2.6642942173641643e-07	0.0	0.0
-2.6642942173641643e-07	0.0	0.0
-1.4373408093922262e-07	0.0	0.0
1.0165660065516494e-07	0.0	0.0
1.0165660065516494e-07	0.0	0.0
1.0165660065516494e-07	0.0	0.0
3.4704728224955254e-07	0.0	0.0
3.4704728224955254e-07	0.0	0.0
3.4704728224955254e-07	0.0	0.0
2.2435194145235873e-07	0.0	0.0
1.0165660065516494e-07	0.0	0.0
-2.1038740142028844e-08	0.0	0.0
-2.1038740142028844e-08	0.0	0.0
-1.4373408093922262e-07	0.0	0.0
-2.6642942173641643e-07	0.0	0.0
-2.6642942173641643e-07	0.0	0.0
-2.6642942173641643e-07	0.0	0.0
-1.4373408093922262e-07	0.0	0.0
-2.1038740142028844e-08	0.0	0.0
1.0165660065516494e-07	0.0	0.0
1.0165660065516494e-07	0.0	0.0
2.2435194145235873e-07	0.0	0.0
3.4704728224955254e-07	0.0	0.0
2.2435194145235873e-07	0.0	0.0
2.2435194145235873e-07	0.0	0.0
1.0165660065516494e-07	0.0	0.0
-2.1038740142028844e-08	0.0	0.0
-2.1038740142028844e-08	0.0	0.0
-1.4373408093922262e-07	0.0	0.0
-2.6642942173641643e-07	0.0	0.0
-2.6642942173641643e-07	0.0	0.0
-2.6642942173641643e-07	0.0	0.0
-1.4373408093922262e-07	0.0	0.0
-2.1038740142028844e-08	0.0	0.0
-2.1038740142028844e-08	0.0	0.0
-2.1038740142028844e-08	0.0	0.0
2.2435194145235873e-07	0.0	0.0
2.2435194145235873e-07	0.0	0.0
2.2435194145235873e-07	0.0	0.0
2.2435194145235873e-07	0.0	0.0
1.0165660065516494e-07	0.0	0.0
-2.1038740142028844e-08	0.0	0.0
-2.1038740142028844e-08	0.0	0.0
-1.4373408093922262e-07	0.0	0.0
-3.8912476253361016e-07	0.0	0.0
-3.8912476253361016e-07	0.0	0.0
-2.6642942173641643e-07	0.0	0.0
-2.6642942173641643e-07	0.0	0.0
-1.4373408093922262e-07	0.0	0.0
-2.1038740142028844e-08	0.0	0.0
1.0165660065516494e-07	0.0	0.0
2.2435194145235873e-07	0.0	0.0
2.2435194145235873e-07	0.0	0.0
2.2435194145235873e-07	0.0	0.0
2.2435194145235873e-07	0.0	0.0
1.0165660065516494e-07	0.0	0.0
1.0165660065516494e-07	0.0	0.0
-1.4373408093922262e-07	0.0	0.0
-1.4373408093922262e-07	0.0	0.0
-2.6642942173641643e-07	0.0	0.0
-3.8912476253361016e-07	0.0	0.0
-3.8912476253361016e-07	0.0	0.0
-2.6642942173641643e-07	0.0	0.0
-1.4373408093922262e-07	0.0	0.0
-2.1038740142028844e-08	0.0	0.0
-2.1038740142028844e-08	0.0	0.0
2.2435194145235873e-07	0.0	0.0
2.2435194145235873e-07	0.0	0.0
2.2435194145235873e-07	0.0	0.0
2.2435194145235873e-07	0.0	0.0
2.2435194145235873e-07	0.0	0.0
1.0165660065516494e-07	0.0	0.0
-1.4373408093922262e-07	0.0	0.0
-1.4373408093922262e-07	0.0	0.0
-1.4373408093922262e-07	0.0	0.0
-3.8912476253361016e-07	0.0	0.0
-3.8912476253361016e-07	0.0	0.0
-2.6642942173641643e-07	0.0	0.0
-1.4373408093922262e-07	0.0	0.0
-1.4373408093922262e-07	0.0	0.0
-2.1038740142028844e-08	0.0	0.0
2.2435194145235873e-07	0.0	0.0
2.2435194145235873e-07	0.0	0.0
2.2435194145235873e-07	0.0	0.0
3.4704728224955254e-07	0.0	0.0
2.2435194145235873e-07	0.0	0.0
1.0165660065516494e-07	0.0	0.0
-1.4373408093922262e-07	0.0	0.0
-1.4373408093922262e-07	0.0	0.0
-1.4373408093922262e-07	0.0	0.0
-3.8912476253361016e-07	0.0	0.0
-3.8912476253361016e-07	0.0	0.0
-2.6642942173641643e-07	0.0	0.0
-1.4373408093922262e-07	0.0	0.0
-1.4373408093922262e-07	0.0	0.0
-2.1038740142028844e-08	0.0	0.0
2.2435194145235873e-07	0.0	0.0
2.2435194145235873e-07	0.0	0.0
2.2435194145235873e-07	0.0	0.0
3.4704728224955254e-07	0.0	0.0
2.2435194145235873e-07	0.0	0.0
2.2435194145235873e-07	0.0	0.0
-2.1038740142028844e-08	0.0	0.0
-1.4373408093922262e-07	0.0	0.0
-1.4373408093922262e-07	0.0	0.0
-2.6642942173641643e-07	0.0	0.0
-3.8912476253361016e-07	0.0	0.0
-2.6642942173641643e-07	0.0	0.0
-1.4373408093922262e-07	0.0	0.0
-1.4373408093922262e-07	0.0	0.0
-2.1038740142028844e-08	0.0	0.0
1.0165660065516494e-07	0.0	0.0
2.2435194145235873e-07	0.0	0.0
2.2435194145235873e-07	0.0	0.0
2.2435194145235873e-07	0.0	0.0
3.4704728224955254e-07	0.0	0.0
2.2435194145235873e-07	0.0	0.0
-2.1038740142028844e-08	0.0	0.0
-2.1038740142028844e-08	0.0	0.0
-1.4373408093922262e-07	0.0	0.0
-3.8912476253361016e-07	0.0	0.0
-3.8912476253361016e-07	0.0	0.0
-2.6642942173641643e-07	0.0	0.0
-2.6642942173641643e-07	0.0	0.0
-1.4373408093922262e-07	0.0	0.0
-2.1038740142028844e-08	0.0	0.0
-2.1038740142028844e-08	0.0	0.0
2.2435194145235873e-07	0.0	0.0
3.4704728224955254e-07	0.0	0.0
2.2435194145235873e-07	0.0	0.0
3.4704728224955254e-07	0.0	0.0
3.4704728224955254e-07	0.0	0.0
-2.1038740142028844e-08	0.0	0.0
-2.1038740142028844e-08	0.0	0.0
-1.4373408093922262e-07	0.0	0.0
-3.8912476253361016e-07	0.0	0.0
-2.6642942173641643e-07	0.0	0.0
-2.6642942173641643e-07	0.0	0.0
-2.6642942173641643e-07	0.0	0.0
-1.4373408093922262e-07	0.0	0.0
-2.1038740142028844e-08	0.0	0.0
1.0165660065516494e-07	0.0	0.0
1.0165660065516494e-07	0.0	0.0
3.4704728224955254e-07	0.0	0.0
3.4704728224955254e-07	0.0	0.0
2.2435194145235873e-07	0.0	0.0
3.4704728224955254e-07	0.0	0.0
-2.1038740142028844e-08	0.0	0.0
-2.1038740142028844e-08	0.0	0.0
-2.1038740142028844e-08	0.0	0.0
-2.6642942173641643e-07	0.0	0.0
-2.6642942173641643e-07	0.0	0.0
-2.6642942173641643e-07	0.0	0.0
-3.8912476253361016e-07	0.0	0.0
-2.6642942173641643e-07	0.0	0.0
-2.1038740142028844e-08	0.0	0.0
1.0165660065516494e-07	0.0	0.0
1.0165660065516494e-07	0.0	0.0
3.4704728224955254e-07	0.0	0.0
3.4704728224955254e-07	0.0	0.0
3.4704728224955254e-07	0.0	0.0
2.2435194145235873e-07	0.0	0.0
1.0165660065516494e-07	0.0	0.0
-2.1038740142028844e-08	0.0	0.0
-2.1038740142028844e-08	0.0	0.0
-1.4373408093922262e-07	0.0	0.0
-2.6642942173641643e-07	0.0	0.0
-2.6642942173641643e-07	0.0	0.0
-2.6642942173641643e-07	0.0	0.0
-1.4373408093922262e-07	0.0	0.0
-1.4373408093922262e-07	0.0	0.0
1.0165660065516494e-07	0.0	0.0
1.0165660065516494e-07	0.0	0.0
2.2435194145235873e-07	0.0	0.0
3.4704728224955254e-07	0.0	0.0
3.4704728224955254e-07	0.0	0.0
3.4704728224955254e-07	0.0	0.0
1.0165660065516494e-07	0.0	0.0
1.0165660065516494e-07	0.0	0.0
-2.1038740142028844e-08	0.0	0.0
-2.6642942173641643e-07	0.0	0.0
-2.6642942173641643e-07	0.0	0.0
-2.6642942173641643e-07	0.0	0.0
-2.6642942173641643e-07	0.0	0.0
-2.6642942173641643e-07	0.0	0.0
-2.6642942173641643e-07	0.0	0.0
1.0165660065516494e-07	0.0	0.0
1.0165660065516494e-07	0.0	0.0
2.2435194145235873e-07	0.0	0.0
3.4704728224955254e-07	0.0	0.0
3.4704728224955254e-07	0.0	0.0
3.4704728224955254e-07	0.0	0.0
2.2435194145235873e-07	0.0	0.0
1.0165660065516494e-07	0.0	0.0
-2.1038740142028844e-08	0.0	0.0
-1.4373408093922262e-07	0.0	0.0
-2.6642942173641643e-07	0.0	0.0
-2.6642942173641643e-07	0.0	0.0
-2.6642942173641643e-07	0.0	0.0
-2.6642942173641643e-07	0.0	0.0
-2.6642942173641643e-07	0.0	0.0
1.0165660065516494e-07	0.0	0.0
1.0165660065516494e-07	0.0	0.0
1.0165660065516494e-07	0.0	0.0
3.4704728224955254e-07	0.0	0.0
3.4704728224955254e-07	0.0	0.0
3.4704728224955254e-07	0.0	0.0
2.2435194145235873e-07	0.0	0.0
1.0165660065516494e-07	0.0	0.0
-2.1038740142028844e-08	0.0	0.0
-2.1038740142028844e-08	0.0	0.0
-2.6642942173641643e-07	0.0	0.0
-2.6642942173641643e-07	0.0	0.0
-2.6642942173641643e-07	0.0	0.0
-2.6642942173641643e-07	0.0	0.0
-2.6642942173641643e-07	0.0	0.0
-2.1038740142028844e-08	0.0	0.0
1.0165660065516494e-07	0.0	0.0
1.0165660065516494e-07	0.0	0.0
3.4704728224955254e-07	0.0	0.0
3.4704728224955254e-07	0.0	0.0
2.2435194145235873e-07	0.0	0.0
2.2435194145235873e-07	0.0	0.0
1.0165660065516494e-07	0.0	0.0
-2.1038740142028844e-08	0.0	0.0
-2.1038740142028844e-08	0.0	0.0
-1.4373408093922262e-07	0.0	0.0
-3.8912476253361016e-07	0.0	0.0
-3.8912476253361016e-07	0.0	0.0
-2.6642942173641643e-07	0.0	0.0
-1.4373408093922262e-07	0.0	0.0
-2.1038740142028844e-08	0.0	0.0
-2.1038740142028844e-08	0.0	0.0
1.0165660065516494e-07	0.0	0.0
2.2435194145235873e-07	0.0	0.0
2.2435194145235873e-07	0.0	0.0
3.4704728224955254e-07	0.0	0.0
3.4704728224955254e-07	0.0	0.0
2.2435194145235873e-07	0.0	0.0
-2.1038740142028844e-08	0.0	0.0
-1.4373408093922262e-07	0.0	0.0
-1.4373408093922262e-07	0.0	0.0
-3.8912476253361016e-07	0.0	0.0
-3.8912476253361016e-07	0.0	0.0
-3.8912476253361016e-07	0.0	0.0
-2.6642942173641643e-07	0.0	0.0
-1.4373408093922262e-07	0.0	0.0
-2.1038740142028844e-08	0.0	0.0
1.0165660065516494e-07	0.0	0.0
2.2435194145235873e-07	0.0	0.0
2.2435194145235873e-07	0.0	0.0
3.4704728224955254e-07	0.0	0.0
2.2435194145235873e-07	0.0	0.0
2.2435194145235873e-07	0.0	0.0
1.0165660065516494e-07	0.0	0.0
-1.4373408093922262e-07	0.0	0.0
-1.4373408093922262e-07	0.0	0.0
-2.6642942173641643e-07	0.0	0.0
-3.8912476253361016e-07	0.0	0.0
-3.8912476253361016e-07	0.0	0.0
-3.8912476253361016e-07	0.0	0.0
-1.4373408093922262e-07	0.0	0.0
-1.4373408093922262e-07	0.0	0.0
-2.1038740142028844e-08	0.0	0.0
2.2435194145235873e-07	0.0	0.0
2.2435194145235873e-07	0.0	0.0
3.4704728224955254e-07	0.0	0.0
2.2435194145235873e-07	0.0	0.0
2.2435194145235873e-07	0.0	0.0
1.0165660065516494e-07	0.0	0.0
-2.1038740142028844e-08	0.0	0.0
-1.4373408093922262e-07	0.0	0.0
-2.6642942173641643e-07	0.0	0.0
-3.8912476253361016e-07	0.0	0.0
-3.8912476253361016e-07	0.0	0.0
-3.8912476253361016e-07	0.0	0.0
-1.4373408093922262e-07	0.0	0.0
-1.4373408093922262e-07	0.0	0.0
-2.1038740142028844e-08	0.0	0.0
2.2435194145235873e-07	0.0	0.0
2.2435194145235873e-07	0.0	0.0
3.4704728224955254e-07	0.0	0.0
2.2435194145235873e-07	0.0	0.0
2.2435194145235873e-07	0.0	0.0
1.0165660065516494e-07	0.0	0.0
-2.1038740142028844e-08	0.0	0.0
-1.4373408093922262e-07	0.0	0.0
-2.6642942173641643e-07	0.0	0.0
-3.8912476253361016e-07	0.0	0.0
-3.8912476253361016e-07	0.0	0.0
-3.8912476253361016e-07	0.0	0.0
-2.6642942173641643e-07	0.0	0.0
-1.4373408093922262e-07	0.0	0.0
-2.1038740142028844e-08	0.0	0.0
2.2435194145235873e-07	0.0	0.0
2.2435194145235873e-07	0.0	0.0
2.2435194145235873e-07	0.0	0.0
3.4704728224955254e-07	0.0	0.0
2.2435194145235873e-07	0.0	0.0
2.2435194145235873e-07	0.0	0.0
-2.1038740142028844e-08	0.0	0.0
-1.4373408093922262e-07	0.0	0.0
-1.4373408093922262e-07	0.0	0.0
-2.6642942173641643e-07	0.0	0.0
-3.8912476253361016e-07	0.0	0.0
-3.8912476253361016e-07	0.0	0.0
-2.6642942173641643e-07	0.0	0.0
-1.4373408093922262e-07	0.0	0.0
-2.1038740142028844e-08	0.0	0.0
1.0165660065516494e-07	0.0	0.0
2.2435194145235873e-07	0.0	0.0
2.2435194145235873e-07	0.0	0.0
2.2435194145235873e-07	0.0	0.0
3.4704728224955254e-07	0.0	0.0
2.2435194145235873e-07	0.0	0.0
1.0165660065516494e-07	0.0	0.0
-1.4373408093922262e-07	0.0	0.0
-1.4373408093922262e-07	0.0	0.0
-3.8912476253361016e-07	0.0	0.0
-3.8912476253361016e-07	0.0	0.0
-3.8912476253361016e-07	0.0	0.0
-2.6642942173641643e-07	0.0	0.0
-1.4373408093922262e-07	0.0	0.0
-2.1038740142028844e-08	0.0	0.0
1.0165660065516494e-07	0.0	0.0
2.2435194145235873e-07	0.0	0.0
2.2435194145235873e-07	0.0	0.0
3.4704728224955254e-07	0.0	0.0
3.4704728224955254e-07	0.0	0.0
2.2435194145235873e-07	0.0	0.0
1.0165660065516494e-07	0.0	0.0
-2.1038740142028844e-08	0.0	0.0
-1.4373408093922262e-07	0.0	0.0
-3.8912476253361016e-07	0.0	0.0
-3.8912476253361016e-07	0.0	0.0
-2.6642942173641643e-07	0.0	0.0
-3.8912476253361016e-07	0.0	0.0
-1.4373408093922262e-07	0.0	0.0
-2.1038740142028844e-08	0.0	0.0
1.0165660065516494e-07	0.0	0.0
2.2435194145235873e-07	0.0	0.0
3.4704728224955254e-07	0.0	0.0
3.4704728224955254e-07	0.0	0.0
3.4704728224955254e-07	0.0	0.0
3.4704728224955254e-07	0.0	0.0
2.2435194145235873e-07	0.0	0.0
-2.1038740142028844e-08	0.0	0.0
-2.1038740142028844e-08	0.0	0.0
-3.8912476253361016e-07	0.0	0.0
-3.8912476253361016e-07	0.0	0.0
-2.6642942173641643e-07	0.0	0.0
-3.8912476253361016e-07	0.0	0.0
-2.6642942173641643e-07	0.0	0.0
-2.1038740142028844e-08	0.0	0.0
1.0165660065516494e-07	0.0	0.0
1.0165660065516494e-07	0.0	0.0
3.4704728224955254e-07	0.0	0.0
3.4704728224955254e-07	0.0	0.0
3.4704728224955254e-07	0.0	0.0
3.4704728224955254e-07	0.0	0.0
2.2435194145235873e-07	0.0	0.0
-2.1038740142028844e-08	0.0	0.0
-2.1038740142028844e-08	0.0	0.0
-1.4373408093922262e-07	0.0	0.0
-2.6642942173641643e-07	0.0	0.0
-2.6642942173641643e-07	0.0	0.0
-3.8912476253361016e-07	0.0	0.0
-2.6642942173641643e-07	0.0	0.0
-2.6642942173641643e-07	0.0	0.0
1.0165660065516494e-07	0.0	0.0
1.0165660065516494e-07	0.0	0.0
3.4704728224955254e-07	0.0	0.0
3.4704728224955254e-07	0.0	0.0
3.4704728224955254e-07	0.0	0.0
3.4704728224955254e-07	0.0	0.0
2.2435194145235873e-07	0.0	0.0
1.0165660065516494e-07	0.0	0.0
-2.1038740142028844e-08	0.0	0.0
-1.4373408093922262e-07	0.0	0.0
-2.6642942173641643e-07	0.0	0.0
-2.6642942173641643e-07	0.0	0.0
-3.8912476253361016e-07	0.0	0.0
-2.6642942173641643e-07	0.0	0.0
-1.4373408093922262e-07	0.0	0.0
-2.1038740142028844e-08	0.0	0.0
2.2435194145235873e-07	0.0	0.0
2.2435194145235873e-07	0.0	0.0
4.6974262304674633e-07	0.0	0.0
3.4704728224955254e-07	0.0	0.0
3.4704728224955254e-07	0.0	0.0
3.4704728224955254e-07	0.0	0.0
1.0165660065516494e-07	0.0	0.0
-2.1038740142028844e-08	0.0	0.0
-1.4373408093922262e-07	0.0	0.0
-2.6642942173641643e-07	0.0	0.0
-2.6642942173641643e-07	0.0	0.0
-3.8912476253361016e-07	0.0	0.0
-2.6642942173641643e-07	0.0	0.0
-2.6642942173641643e-07	0.0	0.0
1.0165660065516494e-07	0.0	0.0
1.0165660065516494e-07	0.0	0.0
2.2435194145235873e-07	0.0	0.0
3.4704728224955254e-07	0.0	0.0
3.4704728224955254e-07	0.0	0.0
3.4704728224955254e-07	0.0	0.0
3.4704728224955254e-07	0.0	0.0
1.0165660065516494e-07	0.0	0.0
-2.1038740142028844e-08	0.0	0.0
-1.4373408093922262e-07	0.0	0.0
-2.6642942173641643e-07	0.0	0.0
-2.6642942173641643e-07	0.0	0.0
-2.6642942173641643e-07	0.0	0.0
-3.8912476253361016e-07	0.0	0.0
-2.6642942173641643e-07	0.0	0.0
-1.4373408093922262e-07	0.0	0.0
1.0165660065516494e-07	0.0	0.0
1.0165660065516494e-07	0.0	0.0
3.4704728224955254e-07	0.0	0.0
3.4704728224955254e-07	0.0	0.0
3.4704728224955254e-07	0.0	0.0
3.4704728224955254e-07	0.0	0.0
2.2435194145235873e-07	0.0	0.0
1.0165660065516494e-07	0.0	0.0
-1.4373408093922262e-07	0.0	0.0
-1.4373408093922262e-07	0.0	0.0
-3.8912476253361016e-07	0.0	0.0
-3.8912476253361016e-07	0.0	0.0
-3.8912476253361016e-07	0.0	0.0
-2.6642942173641643e-07	0.0	0.0
-1.4373408093922262e-07	0.0	0.0
-2.1038740142028844e-08	0.0	0.0
2.2435194145235873e-07	0.0	0.0
2.2435194145235873e-07	0.0	0.0
2.2435194145235873e-07	0.0	0.0
3.4704728224955254e-07	0.0	0.0
2.2435194145235873e-07	0.0	0.0
2.2435194145235873e-07	0.0	0.0
1.0165660065516494e-07	0.0	0.0
-1.4373408093922262e-07	0.0	0.0
-2.6642942173641643e-07	0.0	0.0
-3.8912476253361016e-07	0.0	0.0
-5.118201033308039e-07	0.0	0.0
-3.8912476253361016e-07	0.0	0.0
-3.8912476253361016e-07	0.0	0.0
-1.4373408093922262e-07	0.0	0.0
-1.4373408093922262e-07	0.0	0.0
2.2435194145235873e-07	0.0	0.0
2.2435194145235873e-07	0.0	0.0
3.4704728224955254e-07	0.0	0.0
2.2435194145235873e-07	0.0	0.0
2.2435194145235873e-07	0.0	0.0
1.0165660065516494e-07	0.0	0.0
1.0165660065516494e-07	0.0	0.0
-1.4373408093922262e-07	0.0	0.0
-2.6642942173641643e-07	0.0	0.0
-2.6642942173641643e-07	0.0	0.0
-3.8912476253361016e-07	0.0	0.0
-3.8912476253361016e-07	0.0	0.0
-2.6642942173641643e-07	0.0	0.0
-2.6642942173641643e-07	0.0	0.0
-1.4373408093922262e-07	0.0	0.0
-2.1038740142028844e-08	0.0	0.0
1.0165660065516494e-07	0.0	0.0
2.2435194145235873e-07	0.0	0.0
3.4704728224955254e-07	0.0	0.0
3.4704728224955254e-07	0.0	0.0
1.0165660065516494e-07	0.0	0.0
1.0165660065516494e-07	0.0	0.0
-2.1038740142028844e-08	0.0	0.0
-2.6642942173641643e-07	0.0	0.0
-2.6642942173641643e-07	0.0	0.0
-5.118201033308039e-07	0.0	0.0
-5.118201033308039e-07	0.0	0.0
-3.8912476253361016e-07	0.0	0.0
-2.6642942173641643e-07	0.0	0.0
-2.6642942173641643e-07	0.0	0.0
-2.1038740142028844e-08	0.0	0.0
1.0165660065516494e-07	0.0	0.0
2.2435194145235873e-07	0.0	0.0
3.4704728224955254e-07	0.0	0.0
3.4704728224955254e-07	0.0	0.0
2.2435194145235873e-07	0.0	0.0
1.0165660065516494e-07	0.0	0.0
-2.1038740142028844e-08	0.0	0.0
-1.4373408093922262e-07	0.0	0.0
-3.8912476253361016e-07	0.0	0.0
-3.8912476253361016e-07	0.0	0.0
-5.118201033308039e-07	0.0	0.0
-3.8912476253361016e-07	0.0	0.0
-2.6642942173641643e-07	0.0	0.0
-2.6642942173641643e-07	0.0	0.0
-2.1038740142028844e-08	0.0	0.0
1.0165660065516494e-07	0.0	0.0
2.2435194145235873e-07	0.0	0.0
3.4704728224955254e-07	0.0	0.0
3.4704728224955254e-07	0.0	0.0
3.4704728224955254e-07	0.0	0.0
1.0165660065516494e-07	0.0	0.0
-2.1038740142028844e-08	0.0	0.0
-1.4373408093922262e-07	0.0	0.0
-2.6642942173641643e-07	0.0	0.0
-3.8912476253361016e-07	0.0	0.0
-5.118201033308039e-07	0.0	0.0
-5.118201033308039e-07	0.0	0.0
-3.8912476253361016e-07	0.0	0.0
-1.4373408093922262e-07	0.0	0.0
-1.4373408093922262e-07	0.0	0.0
2.2435194145235873e-07	0.0	0.0
2.2435194145235873e-07	0.0	0.0
3.4704728224955254e-07	0.0	0.0
3.4704728224955254e-07	0.0	0.0
2.2435194145235873e-07	0.0	0.0
2.2435194145235873e-07	0.0	0.0
1.0165660065516494e-07	0.0	0.0
-1.4373408093922262e-07	0.0	0.0
-2.6642942173641643e-07	0.0	0.0
-3.8912476253361016e-07	0.0	0.0
-5.118201033308039e-07	0.0	0.0
-3.8912476253361016e-07	0.0	0.0
-3.8912476253361016e-07	0.0	0.0
-1.4373408093922262e-07	0.0	0.0
-2.1038740142028844e-08	0.0	0.0
1.0165660065516494e-07	0.0	0.0
2.2435194145235873e-07	0.0	0.0
2.2435194145235873e-07	0.0	0.0
3.4704728224955254e-07	0.0	0.0
3.4704728224955254e-07	0.0	0.0
2.2435194145235873e-07	0.0	0.0
2.2435194145235873e-07	0.0	0.0
-1.4373408093922262e-07	0.0	0.0
-1.4373408093922262e-07	0.0	0.0
-3.8912476253361016e-07	0.0	0.0
-3.8912476253361016e-07	0.0	0.0
-3.8912476253361016e-07	0.0	0.0
-3.8912476253361016e-07	0.0	0.0
-2.6642942173641643e-07	0.0	0.0
-2.1038740142028844e-08	0.0	0.0
-2.1038740142028844e-08	0.0	0.0
3.4704728224955254e-07	0.0	0.0
3.4704728224955254e-07	0.0	0.0
3.4704728224955254e-07	0.0	0.0
3.4704728224955254e-07	0.0	0.0
3.4704728224955254e-07	0.0	0.0
2.2435194145235873e-07	0.0	0.0
-2.1038740142028844e-08	0.0	0.0
-1.4373408093922262e-07	0.0	0.0
-3.8912476253361016e-07	0.0	0.0
-3.8912476253361016e-07	0.0	0.0
-3.8912476253361016e-07	0.0	0.0
-3.8912476253361016e-07	0.0	0.0
-2.6642942173641643e-07	0.0	0.0
-1.4373408093922262e-07	0.0	0.0
1.0165660065516494e-07	0.0	0.0
2.2435194145235873e-07	0.0	0.0
3.4704728224955254e-07	0.0	0.0
3.4704728224955254e-07	0.0	0.0
3.4704728224955254e-07	0.0	0.0
3.4704728224955254e-07	0.0	0.0
3.4704728224955254e-07	0.0	0.0
-2.1038740142028844e-08	0.0	0.0
-1.4373408093922262e-07	0.0	0.0
-2.6642942173641643e-07	0.0	0.0
-2.6642942173641643e-07	0.0	0.0
-5.118201033308039e-07	0.0	0.0
-5.118201033308039e-07	0.0	0.0
-2.6642942173641643e-07	0.0	0.0
-1.4373408093922262e-07	0.0	0.0
-2.1038740142028844e-08	0.0	0.0
2.2435194145235873e-07	0.0	0.0
2.2435194145235873e-07	0.0	0.0
4.6974262304674633e-07	0.0	0.0
4.6974262304674633e-07	0.0	0.0
3.4704728224955254e-07	0.0	0.0
2.2435194145235873e-07	0.0	0.0
1.0165660065516494e-07	0.0	0.0
-2.1038740142028844e-08	0.0	0.0
-2.6642942173641643e-07	0.0	0.0
-2.6642942173641643e-07	0.0	0.0
-5.118201033308039e-07	0.0	0.0
-3.8912476253361016e-07	0.0	0.0
-2.6642942173641643e-07	0.0	0.0
-1.4373408093922262e-07	0.0	0.0
-2.1038740142028844e-08	0.0	0.0
2.2435194145235873e-07	0.0	0.0
2.2435194145235873e-07	0.0	0.0
4.6974262304674633e-07	0.0	0.0
4.6974262304674633e-07	0.0	0.0
3.4704728224955254e-07	0.0	0.0
3.4704728224955254e-07	0.0	0.0
1.0165660065516494e-07	0.0	0.0
1.0165660065516494e-07	0.0	0.0
-1.4373408093922262e-07	0.0	0.0
-2.6642942173641643e-07	0.0	0.0
-2.6642942173641643e-07	0.0	0.0
-3.8912476253361016e-07	0.0	0.0
-2.6642942173641643e-07	0.0	0.0
-2.6642942173641643e-07	0.0	0.0
-1.4373408093922262e-07	0.0	0.0
1.0165660065516494e-07	0.0	0.0
2.2435194145235873e-07	0.0	0.0
4.6974262304674633e-07	0.0	0.0
3.4704728224955254e-07	0.0	0.0
4.6974262304674633e-07	0.0	0.0
3.4704728224955254e-07	0.0	0.0
2.2435194145235873e-07	0.0	0.0
-2.1038740142028844e-08	0.0	0.0
-1.4373408093922262e-07	0.0	0.0
-3.8912476253361016e-07	0.0	0.0
-3.8912476253361016e-07	0.0	0.0
-5.118201033308039e-07	0.0	0.0
-3.8912476253361016e-07	0.0	0.0
-3.8912476253361016e-07	0.0	0.0
-2.1038740142028844e-08	0.0	0.0
1.0165660065516494e-07	0.0	0.0
2.2435194145235873e-07	0.0	0.0
3.4704728224955254e-07	0.0	0.0
3.4704728224955254e-07	0.0	0.0
3.4704728224955254e-07	0.0	0.0
2.2435194145235873e-07	0.0	0.0
2.2435194145235873e-07	0.0	0.0
-2.1038740142028844e-08	0.0	0.0
-1.4373408093922262e-07	0.0	0.0
-2.6642942173641643e-07	0.0	0.0
-5.118201033308039e-07	0.0	0.0
-5.118201033308039e-07	0.0	0.0
-3.8912476253361016e-07	0.0	0.0
-3.8912476253361016e-07	0.0	0.0
-1.4373408093922262e-07	0.0	0.0
-1.4373408093922262e-07	0.0	0.0
2.2435194145235873e-07	0.0	0.0
2.2435194145235873e-07	0.0	0.0
4.6974262304674633e-07	0.0	0.0
3.4704728224955254e-07	0.0	0.0
3.4704728224955254e-07	0.0	0.0
1.0165660065516494e-07	0.0	0.0
-2.1038740142028844e-08	0.0	0.0
-1.4373408093922262e-07	0.0	0.0
-3.8912476253361016e-07	0.0	0.0
-3.8912476253361016e-07	0.0	0.0
-6.345154441279977e-07	0.0	0.0
-5.118201033308039e-07	0.0	0.0
-3.8912476253361016e-07	0.0	0.0
-2.6642942173641643e-07	0.0	0.0
-1.4373408093922262e-07	0.0	0.0
1.0165660065516494e-07	0.0	0.0
2.2435194145235873e-07	0.0	0.0
3.4704728224955254e-07	0.0	0.0
2.2435194145235873e-07	0.0	0.0
3.4704728224955254e-07	0.0	0.0
2.2435194145235873e-07	0.0	0.0
-2.1038740142028844e-08	0.0	0.0
-1.4373408093922262e-07	0.0	0.0
-3.8912476253361016e-07	0.0	0.0
-5.118201033308039e-07	0.0	0.0
-5.118201033308039e-07	0.0	0.0
-5.118201033308039e-07	0.0	0.0
-5.118201033308039e-07	0.0	0.0
-3.8912476253361016e-07	0.0	0.0
-1.4373408093922262e-07	0.0	0.0
-2.1038740142028844e-08	0.0	0.0
1.0165660065516494e-07	0.0	0.0
2.2435194145235873e-07	0.0	0.0
2.2435194145235873e-07	0.0	0.0
2.2435194145235873e-07	0.0	0.0
2.2435194145235873e-07	0.0	0.0
1.0165660065516494e-07	0.0	0.0
-2.6642942173641643e-07	0.0	0.0
-2.6642942173641643e-07	0.0	0.0
-5.118201033308039e-07	0.0	0.0
-5.118201033308039e-07	0.0	0.0
-6.345154441279977e-07	0.0	0.0
-5.118201033308039e-07	0.0	0.0
-5.118201033308039e-07	0.0	0.0
-1.4373408093922262e-07	0.0	0.0
-1.4373408093922262e-07	0.0	0.0
1.0165660065516494e-07	0.0	0.0
2.2435194145235873e-07	0.0	0.0
3.4704728224955254e-07	0.0	0.0
3.4704728224955254e-07	0.0	0.0
1.0165660065516494e-07	0.0	0.0
1.0165660065516494e-07	0.0	0.0
-1.4373408093922262e-07	0.0	0.0
-2.6642942173641643e-07	0.0	0.0
-5.118201033308039e-07	0.0	0.0
-6.345154441279977e-07	0.0	0.0
-5.118201033308039e-07	0.0	0.0
-6.345154441279977e-07	0.0	0.0
-5.118201033308039e-07	0.0	0.0
-1.4373408093922262e-07	0.0	0.0
-1.4373408093922262e-07	0.0	0.0
1.0165660065516494e-07	0.0	0.0
2.2435194145235873e-07	0.0	0.0
2.2435194145235873e-07	0.0	0.0
3.4704728224955254e-07	0.0	0.0
2.2435194145235873e-07	0.0	0.0
1.0165660065516494e-07	0.0	0.0
-2.1038740142028844e-08	0.0	0.0
-2.6642942173641643e-07	0.0	0.0
-3.8912476253361016e-07	0.0	0.0
-5.118201033308039e-07	0.0	0.0
-5.118201033308039e-07	0.0	0.0
-5.118201033308039e-07	0.0	0.0
-5.118201033308039e-07	0.0	0.0
-3.8912476253361016e-07	0.0	0.0
-2.1038740142028844e-08	0.0	0.0
-2.1038740142028844e-08	0.0	0.0
3.4704728224955254e-07	0.0	0.0
3.4704728224955254e-07	0.0	0.0
3.4704728224955254e-07	0.0	0.0
3.4704728224955254e-07	0.0	0.0
2.2435194145235873e-07	0.0	0.0
-2.1038740142028844e-08	0.0	0.0
-1.4373408093922262e-07	0.0	0.0
-3.8912476253361016e-07	0.0	0.0
-3.8912476253361016e-07	0.0	0.0
-6.345154441279977e-07	0.0	0.0
-5.118201033308039e-07	0.0	0.0
-3.8912476253361016e-07	0.0	0.0
-2.6642942173641643e-07	0.0	0.0
-1.4373408093922262e-07	0.0	0.0
1.0165660065516494e-07	0.0	0.0
2.2435194145235873e-07	0.0	0.0
4.6974262304674633e-07	0.0	0.0
3.4704728224955254e-07	0.0	0.0
3.4704728224955254e-07	0.0	0.0
2.2435194145235873e-07	0.0	0.0
1.0165660065516494e-07	0.0	0.0
-1.4373408093922262e-07	0.0	0.0
-2.6642942173641643e-07	0.0	0.0
-3.8912476253361016e-07	0.0	0.0
-5.118201033308039e-07	0.0	0.0
-5.118201033308039e-07	0.0	0.0
-3.8912476253361016e-07	0.0	0.0
-2.6642942173641643e-07	0.0	0.0
-2.1038740142028844e-08	0.0	0.0
-2.1038740142028844e-08	0.0	0.0
3.4704728224955254e-07	0.0	0.0
3.4704728224955254e-07	0.0	0.0
5.9243796384394e-07	0.0	0.0
4.6974262304674633e-07	0.0	0.0
2.2435194145235873e-07	0.0	0.0
2.2435194145235873e-07	0.0	0.0
-2.1038740142028844e-08	0.0	0.0
-1.4373408093922262e-07	0.0	0.0
-5.118201033308039e-07	0.0	0.0
-3.8912476253361016e-07	0.0	0.0
-5.118201033308039e-07	0.0	0.0
-3.8912476253361016e-07	0.0	0.0
-3.8912476253361016e-07	0.0	0.0
-1.4373408093922262e-07	0.0	0.0
1.0165660065516494e-07	0.0	0.0
2.2435194145235873e-07	0.0	0.0
3.4704728224955254e-07	0.0	0.0
3.4704728224955254e-07	0.0	0.0
4.6974262304674633e-07	0.0	0.0
3.4704728224955254e-07	0.0	0.0
3.4704728224955254e-07	0.0	0.0
1.0165660065516494e-07	0.0	0.0
-1.4373408093922262e-07	0.0	0.0
-2.6642942173641643e-07	0.0	0.0
-3.8912476253361016e-07	0.0	0.0
-5.118201033308039e-07	0.0	0.0
-5.118201033308039e-07	0.0	0.0
-2.6642942173641643e-07	0.0	0.0
-1.4373408093922262e-07	0.0	0.0
-2.1038740142028844e-08	0.0	0.0
2.2435194145235873e-07	0.0	0.0
2.2435194145235873e-07	0.0	0.0
4.6974262304674633e-07	0.0	0.0
4.6974262304674633e-07	0.0	0.0
3.4704728224955254e-07	0.0	0.0
2.2435194145235873e-07	0.0	0.0
1.0165660065516494e-07	0.0	0.0
-2.1038740142028844e-08	0.0	0.0
-2.6642942173641643e-07	0.0	0.0
-2.6642942173641643e-07	0.0	0.0
-3.8912476253361016e-07	0.0	0.0
-2.6642942173641643e-07	0.0	0.0
-1.4373408093922262e-07	0.0	0.0
1.0165660065516494e-07	0.0	0.0
2.2435194145235873e-07	0.0	0.0
5.9243796384394e-07	0.0	0.0
5.9243796384394e-07	0.0	0.0
7.151333046411338e-07	0.0	0.0
7.151333046411338e-07	0.0	0.0
