LNEC Test File eXtractor

File: LAquilaReducedScale_1.DRV

Created in: 2026-05-25 13:21:26.573712

Number of channels: 3

Name:	DispT	DispL	DispV
Type:	Displacement	Displacement	Displacement
Unit:	m	m	m
No. of Samples:	8982	8982	8982
Time step [s]:	0.005	0.005	0.005
Trigger date:	1970-01-01	1970-01-01	1970-01-01
Trigger time:	00:00:00.000000	00:00:00.000000	00:00:00.000000
Duration [s]:	44.905	44.905	44.905
Data:
DispT	DispL	DispV
1.0864813770018133e-09	0.0	0.0
1.0864813770018133e-09	0.0	0.0
1.0864813770018133e-09	0.0	0.0
1.0864813770018133e-09	0.0	0.0
1.0864813770018133e-09	0.0	0.0
1.0864813770018133e-09	0.0	0.0
1.0864813770018133e-09	0.0	0.0
1.0864813770018133e-09	0.0	0.0
1.0864813770018133e-09	0.0	0.0
1.0864813770018133e-09	0.0	0.0
1.0864813770018133e-09	0.0	0.0
1.0864813770018133e-09	0.0	0.0
1.0864813770018133e-09	0.0	0.0
-9.615152137340592e-08	0.0	0.0
-9.615152137340592e-08	0.0	0.0
-9.615152137340592e-08	0.0	0.0
-9.615152137340592e-08	0.0	0.0
1.0864813770018133e-09	0.0	0.0
1.0864813770018133e-09	0.0	0.0
1.0864813770018133e-09	0.0	0.0
1.0864813770018133e-09	0.0	0.0
1.0864813770018133e-09	0.0	0.0
1.0864813770018133e-09	0.0	0.0
1.0864813770018133e-09	0.0	0.0
1.0864813770018133e-09	0.0	0.0
1.0864813770018133e-09	0.0	0.0
1.0864813770018133e-09	0.0	0.0
1.0864813770018133e-09	0.0	0.0
-9.615152137340592e-08	0.0	0.0
-9.615152137340592e-08	0.0	0.0
-9.615152137340592e-08	0.0	0.0
-9.615152137340592e-08	0.0	0.0
-9.615152137340592e-08	0.0	0.0
-9.615152137340592e-08	0.0	0.0
-9.615152137340592e-08	0.0	0.0
-9.615152137340592e-08	0.0	0.0
-9.615152137340592e-08	0.0	0.0
-9.615152137340592e-08	0.0	0.0
-9.615152137340592e-08	0.0	0.0
-9.615152137340592e-08	0.0	0.0
-9.615152137340592e-08	0.0	0.0
-1.9338952412381367e-07	0.0	0.0
-1.9338952412381367e-07	0.0	0.0
-1.9338952412381367e-07	0.0	0.0
-1.9338952412381367e-07	0.0	0.0
-1.9338952412381367e-07	0.0	0.0
-1.9338952412381367e-07	0.0	0.0
-1.9338952412381367e-07	0.0	0.0
-1.9338952412381367e-07	0.0	0.0
-1.9338952412381367e-07	0.0	0.0
-1.9338952412381367e-07	0.0	0.0
-1.9338952412381367e-07	0.0	0.0
-1.9338952412381367e-07	0.0	0.0
-1.9338952412381367e-07	0.0	0.0
-2.906275268742214e-07	0.0	0.0
-2.906275268742214e-07	0.0	0.0
-3.878655296246291e-07	0.0	0.0
-3.878655296246291e-07	0.0	0.0
-2.906275268742214e-07	0.0	0.0
-2.906275268742214e-07	0.0	0.0
-2.906275268742214e-07	0.0	0.0
-1.9338952412381367e-07	0.0	0.0
-2.906275268742214e-07	0.0	0.0
-3.878655296246291e-07	0.0	0.0
-3.878655296246291e-07	0.0	0.0
-4.851035323750368e-07	0.0	0.0
-4.851035323750368e-07	0.0	0.0
-3.878655296246291e-07	0.0	0.0
-3.878655296246291e-07	0.0	0.0
-3.878655296246291e-07	0.0	0.0
-2.906275268742214e-07	0.0	0.0
-3.878655296246291e-07	0.0	0.0
-4.851035323750368e-07	0.0	0.0
-4.851035323750368e-07	0.0	0.0
-4.851035323750368e-07	0.0	0.0
-4.851035323750368e-07	0.0	0.0
-4.851035323750368e-07	0.0	0.0
-4.851035323750368e-07	0.0	0.0
-4.851035323750368e-07	0.0	0.0
-4.851035323750368e-07	0.0	0.0
-4.851035323750368e-07	0.0	0.0
-5.823415351254446e-07	0.0	0.0
-5.823415351254446e-07	0.0	0.0
-5.823415351254446e-07	0.0	0.0
-5.823415351254446e-07	0.0	0.0
-5.823415351254446e-07	0.0	0.0
-5.823415351254446e-07	0.0	0.0
-5.823415351254446e-07	0.0	0.0
-5.823415351254446e-07	0.0	0.0
-6.795795378758523e-07	0.0	0.0
-6.795795378758523e-07	0.0	0.0
-6.795795378758523e-07	0.0	0.0
-6.795795378758523e-07	0.0	0.0
-6.795795378758523e-07	0.0	0.0
-6.795795378758523e-07	0.0	0.0
-6.795795378758523e-07	0.0	0.0
-7.768175406262601e-07	0.0	0.0
-7.768175406262601e-07	0.0	0.0
-7.768175406262601e-07	0.0	0.0
-7.768175406262601e-07	0.0	0.0
-7.768175406262601e-07	0.0	0.0
-7.768175406262601e-07	0.0	0.0
-7.768175406262601e-07	0.0	0.0
-8.740555433766678e-07	0.0	0.0
-8.740555433766678e-07	0.0	0.0
-8.740555433766678e-07	0.0	0.0
-8.740555433766678e-07	0.0	0.0
-8.740555433766678e-07	0.0	0.0
-9.712935461270755e-07	0.0	0.0
-9.712935461270755e-07	0.0	0.0
-9.712935461270755e-07	0.0	0.0
-9.712935461270755e-07	0.0	0.0
-9.712935461270755e-07	0.0	0.0
-9.712935461270755e-07	0.0	0.0
-9.712935461270755e-07	0.0	0.0
-9.712935461270755e-07	0.0	0.0
-1.0685315488774833e-06	0.0	0.0
-1.0685315488774833e-06	0.0	0.0
-1.0685315488774833e-06	0.0	0.0
-1.0685315488774833e-06	0.0	0.0
-1.0685315488774833e-06	0.0	0.0
-1.0685315488774833e-06	0.0	0.0
-1.165769551627891e-06	0.0	0.0
-1.165769551627891e-06	0.0	0.0
-1.165769551627891e-06	0.0	0.0
-1.165769551627891e-06	0.0	0.0
-1.165769551627891e-06	0.0	0.0
-1.165769551627891e-06	0.0	0.0
-1.2630075543782988e-06	0.0	0.0
-1.2630075543782988e-06	0.0	0.0
-1.2630075543782988e-06	0.0	0.0
-1.2630075543782988e-06	0.0	0.0
-1.2630075543782988e-06	0.0	0.0
-1.2630075543782988e-06	0.0	0.0
-1.3602455571287063e-06	0.0	0.0
-1.3602455571287063e-06	0.0	0.0
-1.3602455571287063e-06	0.0	0.0
-1.3602455571287063e-06	0.0	0.0
-1.3602455571287063e-06	0.0	0.0
-1.3602455571287063e-06	0.0	0.0
-1.457483559879114e-06	0.0	0.0
-1.457483559879114e-06	0.0	0.0
-1.457483559879114e-06	0.0	0.0
-1.457483559879114e-06	0.0	0.0
-1.457483559879114e-06	0.0	0.0
-1.554721562629522e-06	0.0	0.0
-1.554721562629522e-06	0.0	0.0
-1.554721562629522e-06	0.0	0.0
-1.554721562629522e-06	0.0	0.0
-1.6519595653799296e-06	0.0	0.0
-1.6519595653799296e-06	0.0	0.0
-1.6519595653799296e-06	0.0	0.0
-1.6519595653799296e-06	0.0	0.0
-1.6519595653799296e-06	0.0	0.0
-1.6519595653799296e-06	0.0	0.0
-1.6519595653799296e-06	0.0	0.0
-1.7491975681303374e-06	0.0	0.0
-1.7491975681303374e-06	0.0	0.0
-1.8464355708807452e-06	0.0	0.0
-1.8464355708807452e-06	0.0	0.0
-1.7491975681303374e-06	0.0	0.0
-1.8464355708807452e-06	0.0	0.0
-1.8464355708807452e-06	0.0	0.0
-1.8464355708807452e-06	0.0	0.0
-1.8464355708807452e-06	0.0	0.0
-1.8464355708807452e-06	0.0	0.0
-1.943673573631153e-06	0.0	0.0
-1.943673573631153e-06	0.0	0.0
-1.943673573631153e-06	0.0	0.0
-1.943673573631153e-06	0.0	0.0
-1.943673573631153e-06	0.0	0.0
-1.943673573631153e-06	0.0	0.0
-2.0409115763815603e-06	0.0	0.0
-2.0409115763815603e-06	0.0	0.0
-2.0409115763815603e-06	0.0	0.0
-2.1381495791319684e-06	0.0	0.0
-2.1381495791319684e-06	0.0	0.0
-2.1381495791319684e-06	0.0	0.0
-2.1381495791319684e-06	0.0	0.0
-2.1381495791319684e-06	0.0	0.0
-2.1381495791319684e-06	0.0	0.0
-2.235387581882376e-06	0.0	0.0
-2.235387581882376e-06	0.0	0.0
-2.235387581882376e-06	0.0	0.0
-2.235387581882376e-06	0.0	0.0
-2.235387581882376e-06	0.0	0.0
-2.235387581882376e-06	0.0	0.0
-2.3326255846327836e-06	0.0	0.0
-2.3326255846327836e-06	0.0	0.0
-2.4298635873831917e-06	0.0	0.0
-2.4298635873831917e-06	0.0	0.0
-2.4298635873831917e-06	0.0	0.0
-2.4298635873831917e-06	0.0	0.0
-2.4298635873831917e-06	0.0	0.0
-2.4298635873831917e-06	0.0	0.0
-2.4298635873831917e-06	0.0	0.0
-2.4298635873831917e-06	0.0	0.0
-2.527101590133599e-06	0.0	0.0
-2.527101590133599e-06	0.0	0.0
-2.624339592884007e-06	0.0	0.0
-2.624339592884007e-06	0.0	0.0
-2.624339592884007e-06	0.0	0.0
-2.527101590133599e-06	0.0	0.0
-2.624339592884007e-06	0.0	0.0
-2.624339592884007e-06	0.0	0.0
-2.624339592884007e-06	0.0	0.0
-2.624339592884007e-06	0.0	0.0
-2.721577595634415e-06	0.0	0.0
-2.721577595634415e-06	0.0	0.0
-2.8188155983848224e-06	0.0	0.0
-2.8188155983848224e-06	0.0	0.0
-2.8188155983848224e-06	0.0	0.0
-2.721577595634415e-06	0.0	0.0
-2.8188155983848224e-06	0.0	0.0
-2.8188155983848224e-06	0.0	0.0
-2.8188155983848224e-06	0.0	0.0
-2.8188155983848224e-06	0.0	0.0
-2.8188155983848224e-06	0.0	0.0
-2.91605360113523e-06	0.0	0.0
-2.91605360113523e-06	0.0	0.0
-3.013291603885638e-06	0.0	0.0
-3.013291603885638e-06	0.0	0.0
-3.013291603885638e-06	0.0	0.0
-3.013291603885638e-06	0.0	0.0
-3.013291603885638e-06	0.0	0.0
-3.013291603885638e-06	0.0	0.0
-3.013291603885638e-06	0.0	0.0
-3.013291603885638e-06	0.0	0.0
-3.013291603885638e-06	0.0	0.0
-3.1105296066360457e-06	0.0	0.0
-3.2077676093864534e-06	0.0	0.0
-3.2077676093864534e-06	0.0	0.0
-3.2077676093864534e-06	0.0	0.0
-3.2077676093864534e-06	0.0	0.0
-3.2077676093864534e-06	0.0	0.0
-3.2077676093864534e-06	0.0	0.0
-3.2077676093864534e-06	0.0	0.0
-3.2077676093864534e-06	0.0	0.0
-3.2077676093864534e-06	0.0	0.0
-3.305005612136861e-06	0.0	0.0
-3.402243614887269e-06	0.0	0.0
-3.402243614887269e-06	0.0	0.0
-3.402243614887269e-06	0.0	0.0
-3.305005612136861e-06	0.0	0.0
-3.305005612136861e-06	0.0	0.0
-3.305005612136861e-06	0.0	0.0
-3.402243614887269e-06	0.0	0.0
-3.402243614887269e-06	0.0	0.0
-3.4994816176376763e-06	0.0	0.0
-3.4994816176376763e-06	0.0	0.0
-3.402243614887269e-06	0.0	0.0
-3.402243614887269e-06	0.0	0.0
-3.4994816176376763e-06	0.0	0.0
-3.4994816176376763e-06	0.0	0.0
-3.4994816176376763e-06	0.0	0.0
-3.596719620388084e-06	0.0	0.0
-3.596719620388084e-06	0.0	0.0
-3.596719620388084e-06	0.0	0.0
-3.596719620388084e-06	0.0	0.0
-3.596719620388084e-06	0.0	0.0
-3.596719620388084e-06	0.0	0.0
-3.596719620388084e-06	0.0	0.0
-3.596719620388084e-06	0.0	0.0
-3.596719620388084e-06	0.0	0.0
-3.596719620388084e-06	0.0	0.0
-3.6939576231384922e-06	0.0	0.0
-3.7911956258888996e-06	0.0	0.0
-3.6939576231384922e-06	0.0	0.0
-3.6939576231384922e-06	0.0	0.0
-3.6939576231384922e-06	0.0	0.0
-3.6939576231384922e-06	0.0	0.0
-3.6939576231384922e-06	0.0	0.0
-3.7911956258888996e-06	0.0	0.0
-3.888433628639308e-06	0.0	0.0
-3.888433628639308e-06	0.0	0.0
-3.888433628639308e-06	0.0	0.0
-3.7911956258888996e-06	0.0	0.0
-3.7911956258888996e-06	0.0	0.0
-3.7911956258888996e-06	0.0	0.0
-3.7911956258888996e-06	0.0	0.0
-3.888433628639308e-06	0.0	0.0
-3.888433628639308e-06	0.0	0.0
-3.9856716313897155e-06	0.0	0.0
-3.9856716313897155e-06	0.0	0.0
-3.9856716313897155e-06	0.0	0.0
-3.888433628639308e-06	0.0	0.0
-3.888433628639308e-06	0.0	0.0
-3.888433628639308e-06	0.0	0.0
-3.888433628639308e-06	0.0	0.0
-3.9856716313897155e-06	0.0	0.0
-3.9856716313897155e-06	0.0	0.0
-3.9856716313897155e-06	0.0	0.0
-4.082909634140123e-06	0.0	0.0
-4.082909634140123e-06	0.0	0.0
-4.082909634140123e-06	0.0	0.0
-3.9856716313897155e-06	0.0	0.0
-3.9856716313897155e-06	0.0	0.0
-3.9856716313897155e-06	0.0	0.0
-3.9856716313897155e-06	0.0	0.0
-4.082909634140123e-06	0.0	0.0
-4.082909634140123e-06	0.0	0.0
-4.082909634140123e-06	0.0	0.0
-4.082909634140123e-06	0.0	0.0
-4.082909634140123e-06	0.0	0.0
-4.082909634140123e-06	0.0	0.0
-4.082909634140123e-06	0.0	0.0
-4.082909634140123e-06	0.0	0.0
-4.18014763689053e-06	0.0	0.0
-4.18014763689053e-06	0.0	0.0
-4.082909634140123e-06	0.0	0.0
-4.082909634140123e-06	0.0	0.0
-4.082909634140123e-06	0.0	0.0
-4.082909634140123e-06	0.0	0.0
-4.18014763689053e-06	0.0	0.0
-4.18014763689053e-06	0.0	0.0
-4.18014763689053e-06	0.0	0.0
-4.18014763689053e-06	0.0	0.0
-4.18014763689053e-06	0.0	0.0
-4.18014763689053e-06	0.0	0.0
-4.18014763689053e-06	0.0	0.0
-4.18014763689053e-06	0.0	0.0
-4.18014763689053e-06	0.0	0.0
-4.18014763689053e-06	0.0	0.0
-4.18014763689053e-06	0.0	0.0
-4.18014763689053e-06	0.0	0.0
-4.18014763689053e-06	0.0	0.0
-4.18014763689053e-06	0.0	0.0
-4.18014763689053e-06	0.0	0.0
-4.18014763689053e-06	0.0	0.0
-4.18014763689053e-06	0.0	0.0
-4.18014763689053e-06	0.0	0.0
-4.18014763689053e-06	0.0	0.0
-4.18014763689053e-06	0.0	0.0
-4.18014763689053e-06	0.0	0.0
-4.18014763689053e-06	0.0	0.0
-4.18014763689053e-06	0.0	0.0
-4.18014763689053e-06	0.0	0.0
-4.18014763689053e-06	0.0	0.0
-4.18014763689053e-06	0.0	0.0
-4.18014763689053e-06	0.0	0.0
-4.18014763689053e-06	0.0	0.0
-4.18014763689053e-06	0.0	0.0
-4.18014763689053e-06	0.0	0.0
-4.18014763689053e-06	0.0	0.0
-4.18014763689053e-06	0.0	0.0
-4.18014763689053e-06	0.0	0.0
-4.18014763689053e-06	0.0	0.0
-4.18014763689053e-06	0.0	0.0
-4.18014763689053e-06	0.0	0.0
-4.18014763689053e-06	0.0	0.0
-4.082909634140123e-06	0.0	0.0
-4.082909634140123e-06	0.0	0.0
-4.082909634140123e-06	0.0	0.0
-4.082909634140123e-06	0.0	0.0
-4.082909634140123e-06	0.0	0.0
-4.082909634140123e-06	0.0	0.0
-4.18014763689053e-06	0.0	0.0
-4.18014763689053e-06	0.0	0.0
-4.082909634140123e-06	0.0	0.0
-4.082909634140123e-06	0.0	0.0
-4.082909634140123e-06	0.0	0.0
-3.9856716313897155e-06	0.0	0.0
-3.9856716313897155e-06	0.0	0.0
-3.9856716313897155e-06	0.0	0.0
-3.9856716313897155e-06	0.0	0.0
-3.9856716313897155e-06	0.0	0.0
-4.082909634140123e-06	0.0	0.0
-4.082909634140123e-06	0.0	0.0
-3.9856716313897155e-06	0.0	0.0
-3.9856716313897155e-06	0.0	0.0
-3.888433628639308e-06	0.0	0.0
-3.888433628639308e-06	0.0	0.0
-3.888433628639308e-06	0.0	0.0
-3.888433628639308e-06	0.0	0.0
-3.888433628639308e-06	0.0	0.0
-3.888433628639308e-06	0.0	0.0
-3.888433628639308e-06	0.0	0.0
-3.888433628639308e-06	0.0	0.0
-3.7911956258888996e-06	0.0	0.0
-3.7911956258888996e-06	0.0	0.0
-3.7911956258888996e-06	0.0	0.0
-3.7911956258888996e-06	0.0	0.0
-3.7911956258888996e-06	0.0	0.0
-3.7911956258888996e-06	0.0	0.0
-3.7911956258888996e-06	0.0	0.0
-3.6939576231384922e-06	0.0	0.0
-3.6939576231384922e-06	0.0	0.0
-3.6939576231384922e-06	0.0	0.0
-3.6939576231384922e-06	0.0	0.0
-3.6939576231384922e-06	0.0	0.0
-3.6939576231384922e-06	0.0	0.0
-3.596719620388084e-06	0.0	0.0
-3.596719620388084e-06	0.0	0.0
-3.596719620388084e-06	0.0	0.0
-3.596719620388084e-06	0.0	0.0
-3.596719620388084e-06	0.0	0.0
-3.4994816176376763e-06	0.0	0.0
-3.4994816176376763e-06	0.0	0.0
-3.4994816176376763e-06	0.0	0.0
-3.4994816176376763e-06	0.0	0.0
-3.4994816176376763e-06	0.0	0.0
-3.402243614887269e-06	0.0	0.0
-3.402243614887269e-06	0.0	0.0
-3.402243614887269e-06	0.0	0.0
-3.402243614887269e-06	0.0	0.0
-3.305005612136861e-06	0.0	0.0
-3.305005612136861e-06	0.0	0.0
-3.305005612136861e-06	0.0	0.0
-3.305005612136861e-06	0.0	0.0
-3.2077676093864534e-06	0.0	0.0
-3.2077676093864534e-06	0.0	0.0
-3.2077676093864534e-06	0.0	0.0
-3.2077676093864534e-06	0.0	0.0
-3.1105296066360457e-06	0.0	0.0
-3.1105296066360457e-06	0.0	0.0
-3.1105296066360457e-06	0.0	0.0
-3.1105296066360457e-06	0.0	0.0
-3.013291603885638e-06	0.0	0.0
-3.013291603885638e-06	0.0	0.0
-3.013291603885638e-06	0.0	0.0
-2.91605360113523e-06	0.0	0.0
-2.91605360113523e-06	0.0	0.0
-2.8188155983848224e-06	0.0	0.0
-2.8188155983848224e-06	0.0	0.0
-2.8188155983848224e-06	0.0	0.0
-2.8188155983848224e-06	0.0	0.0
-2.721577595634415e-06	0.0	0.0
-2.721577595634415e-06	0.0	0.0
-2.721577595634415e-06	0.0	0.0
-2.624339592884007e-06	0.0	0.0
-2.624339592884007e-06	0.0	0.0
-2.527101590133599e-06	0.0	0.0
-2.527101590133599e-06	0.0	0.0
-2.527101590133599e-06	0.0	0.0
-2.4298635873831917e-06	0.0	0.0
-2.4298635873831917e-06	0.0	0.0
-2.3326255846327836e-06	0.0	0.0
-2.3326255846327836e-06	0.0	0.0
-2.235387581882376e-06	0.0	0.0
-2.235387581882376e-06	0.0	0.0
-2.1381495791319684e-06	0.0	0.0
-2.1381495791319684e-06	0.0	0.0
-2.1381495791319684e-06	0.0	0.0
-2.1381495791319684e-06	0.0	0.0
-2.0409115763815603e-06	0.0	0.0
-1.943673573631153e-06	0.0	0.0
-1.943673573631153e-06	0.0	0.0
-1.8464355708807452e-06	0.0	0.0
-1.8464355708807452e-06	0.0	0.0
-1.8464355708807452e-06	0.0	0.0
-1.7491975681303374e-06	0.0	0.0
-1.7491975681303374e-06	0.0	0.0
-1.6519595653799296e-06	0.0	0.0
-1.6519595653799296e-06	0.0	0.0
-1.554721562629522e-06	0.0	0.0
-1.554721562629522e-06	0.0	0.0
-1.457483559879114e-06	0.0	0.0
-1.457483559879114e-06	0.0	0.0
-1.3602455571287063e-06	0.0	0.0
-1.3602455571287063e-06	0.0	0.0
-1.2630075543782988e-06	0.0	0.0
-1.2630075543782988e-06	0.0	0.0
-1.165769551627891e-06	0.0	0.0
-1.165769551627891e-06	0.0	0.0
-1.0685315488774833e-06	0.0	0.0
-1.0685315488774833e-06	0.0	0.0
-9.712935461270755e-07	0.0	0.0
-9.712935461270755e-07	0.0	0.0
-8.740555433766678e-07	0.0	0.0
-8.740555433766678e-07	0.0	0.0
-7.768175406262601e-07	0.0	0.0
-7.768175406262601e-07	0.0	0.0
-6.795795378758523e-07	0.0	0.0
-5.823415351254446e-07	0.0	0.0
-5.823415351254446e-07	0.0	0.0
-4.851035323750368e-07	0.0	0.0
-4.851035323750368e-07	0.0	0.0
-3.878655296246291e-07	0.0	0.0
-3.878655296246291e-07	0.0	0.0
-2.906275268742214e-07	0.0	0.0
-1.9338952412381367e-07	0.0	0.0
-9.615152137340592e-08	0.0	0.0
1.0864813770018133e-09	0.0	0.0
1.0864813770018133e-09	0.0	0.0
9.832448412740954e-08	0.0	0.0
9.832448412740954e-08	0.0	0.0
1.9556248687781725e-07	0.0	0.0
1.9556248687781725e-07	0.0	0.0
2.92800489628225e-07	0.0	0.0
3.9003849237863273e-07	0.0	0.0
4.872764951290404e-07	0.0	0.0
5.845144978794482e-07	0.0	0.0
5.845144978794482e-07	0.0	0.0
6.81752500629856e-07	0.0	0.0
7.789905033802636e-07	0.0	0.0
7.789905033802636e-07	0.0	0.0
8.762285061306714e-07	0.0	0.0
9.734665088810792e-07	0.0	0.0
9.734665088810792e-07	0.0	0.0
1.0707045116314867e-06	0.0	0.0
1.1679425143818947e-06	0.0	0.0
1.2651805171323024e-06	0.0	0.0
1.2651805171323024e-06	0.0	0.0
1.36241851988271e-06	0.0	0.0
1.4596565226331178e-06	0.0	0.0
1.4596565226331178e-06	0.0	0.0
1.5568945253835255e-06	0.0	0.0
1.6541325281339333e-06	0.0	0.0
1.751370530884341e-06	0.0	0.0
1.751370530884341e-06	0.0	0.0
1.8486085336347486e-06	0.0	0.0
1.9458465363851564e-06	0.0	0.0
2.043084539135564e-06	0.0	0.0
2.140322541885972e-06	0.0	0.0
2.2375605446363797e-06	0.0	0.0
2.3347985473867874e-06	0.0	0.0
2.432036550137195e-06	0.0	0.0
2.5292745528876025e-06	0.0	0.0
2.5292745528876025e-06	0.0	0.0
2.5292745528876025e-06	0.0	0.0
2.6265125556380107e-06	0.0	0.0
2.7237505583884185e-06	0.0	0.0
2.820988561138826e-06	0.0	0.0
3.0154645666396413e-06	0.0	0.0
3.112702569390049e-06	0.0	0.0
3.2099405721404573e-06	0.0	0.0
3.2099405721404573e-06	0.0	0.0
3.3071785748908646e-06	0.0	0.0
3.3071785748908646e-06	0.0	0.0
3.4044165776412724e-06	0.0	0.0
3.50165458039168e-06	0.0	0.0
3.598892583142088e-06	0.0	0.0
3.6961305858924957e-06	0.0	0.0
3.890606591393311e-06	0.0	0.0
3.9878445941437186e-06	0.0	0.0
4.085082596894126e-06	0.0	0.0
4.085082596894126e-06	0.0	0.0
4.182320599644534e-06	0.0	0.0
4.279558602394943e-06	0.0	0.0
4.37679660514535e-06	0.0	0.0
4.474034607895757e-06	0.0	0.0
4.571272610646165e-06	0.0	0.0
4.668510613396573e-06	0.0	0.0
4.765748616146981e-06	0.0	0.0
4.862986618897388e-06	0.0	0.0
4.960224621647796e-06	0.0	0.0
5.057462624398204e-06	0.0	0.0
5.057462624398204e-06	0.0	0.0
5.2519386298990195e-06	0.0	0.0
5.349176632649427e-06	0.0	0.0
5.446414635399834e-06	0.0	0.0
5.6408906409006506e-06	0.0	0.0
5.738128643651058e-06	0.0	0.0
5.835366646401466e-06	0.0	0.0
5.932604649151873e-06	0.0	0.0
5.932604649151873e-06	0.0	0.0
6.029842651902281e-06	0.0	0.0
6.127080654652689e-06	0.0	0.0
6.224318657403097e-06	0.0	0.0
6.418794662903912e-06	0.0	0.0
6.613270668404727e-06	0.0	0.0
6.710508671155135e-06	0.0	0.0
6.807746673905544e-06	0.0	0.0
6.904984676655951e-06	0.0	0.0
6.904984676655951e-06	0.0	0.0
7.002222679406358e-06	0.0	0.0
7.099460682156766e-06	0.0	0.0
7.196698684907174e-06	0.0	0.0
7.3911746904079895e-06	0.0	0.0
7.585650695908805e-06	0.0	0.0
7.682888698659214e-06	0.0	0.0
7.780126701409621e-06	0.0	0.0
7.877364704160029e-06	0.0	0.0
7.974602706910435e-06	0.0	0.0
8.071840709660845e-06	0.0	0.0
8.16907871241125e-06	0.0	0.0
8.266316715161658e-06	0.0	0.0
8.460792720662474e-06	0.0	0.0
8.558030723412883e-06	0.0	0.0
8.65526872616329e-06	0.0	0.0
8.849744731664105e-06	0.0	0.0
8.946982734414513e-06	0.0	0.0
9.044220737164922e-06	0.0	0.0
9.141458739915328e-06	0.0	0.0
9.238696742665736e-06	0.0	0.0
9.433172748166552e-06	0.0	0.0
9.530410750916961e-06	0.0	0.0
9.627648753667367e-06	0.0	0.0
9.724886756417775e-06	0.0	0.0
9.91936276191859e-06	0.0	0.0
1.0016600764668998e-05	0.0	0.0
1.0113838767419406e-05	0.0	0.0
1.0308314772920222e-05	0.0	0.0
1.040555277567063e-05	0.0	0.0
1.0502790778421037e-05	0.0	0.0
1.0697266783921851e-05	0.0	0.0
1.079450478667226e-05	0.0	0.0
1.0891742789422668e-05	0.0	0.0
1.0988980792173076e-05	0.0	0.0
1.118345679767389e-05	0.0	0.0
1.12806948004243e-05	0.0	0.0
1.1377932803174707e-05	0.0	0.0
1.1572408808675522e-05	0.0	0.0
1.1669646811425929e-05	0.0	0.0
1.1864122816926744e-05	0.0	0.0
1.1961360819677154e-05	0.0	0.0
1.2155836825177967e-05	0.0	0.0
1.2253074827928377e-05	0.0	0.0
1.2350312830678783e-05	0.0	0.0
1.2544788836179598e-05	0.0	0.0
1.2642026838930006e-05	0.0	0.0
1.2739264841680416e-05	0.0	0.0
1.2933740847181231e-05	0.0	0.0
1.3128216852682045e-05	0.0	0.0
1.332269285818286e-05	0.0	0.0
1.341993086093327e-05	0.0	0.0
1.3517168863683676e-05	0.0	0.0
1.3614406866434084e-05	0.0	0.0
1.38088828719349e-05	0.0	0.0
1.3906120874685309e-05	0.0	0.0
1.4100596880186123e-05	0.0	0.0
1.4295072885686938e-05	0.0	0.0
1.4392310888437346e-05	0.0	0.0
1.4586786893938161e-05	0.0	0.0
1.468402489668857e-05	0.0	0.0
1.4878500902189385e-05	0.0	0.0
1.4975738904939793e-05	0.0	0.0
1.5170214910440608e-05	0.0	0.0
1.5267452913191016e-05	0.0	0.0
1.546192891869183e-05	0.0	0.0
1.555916692144224e-05	0.0	0.0
1.5753642926943055e-05	0.0	0.0
1.594811893244387e-05	0.0	0.0
1.6045356935194278e-05	0.0	0.0
1.6239832940695093e-05	0.0	0.0
1.63370709434455e-05	0.0	0.0
1.6531546948946317e-05	0.0	0.0
1.662878495169672e-05	0.0	0.0
1.682326095719754e-05	0.0	0.0
1.7017736962698356e-05	0.0	0.0
1.711497496544876e-05	0.0	0.0
1.730945097094958e-05	0.0	0.0
1.7406688973699987e-05	0.0	0.0
1.76011649792008e-05	0.0	0.0
1.7795640984701618e-05	0.0	0.0
1.7892878987452025e-05	0.0	0.0
1.8087354992952838e-05	0.0	0.0
1.8281830998453656e-05	0.0	0.0
1.8379069001204064e-05	0.0	0.0
1.8573545006704876e-05	0.0	0.0
1.8768021012205695e-05	0.0	0.0
1.8865259014956103e-05	0.0	0.0
1.9059735020456915e-05	0.0	0.0
1.9254211025957734e-05	0.0	0.0
1.9448687031458546e-05	0.0	0.0
1.9643163036959365e-05	0.0	0.0
1.9740401039709773e-05	0.0	0.0
1.9934877045210585e-05	0.0	0.0
2.0129353050711404e-05	0.0	0.0
2.0226591053461812e-05	0.0	0.0
2.0421067058962624e-05	0.0	0.0
2.0615543064463443e-05	0.0	0.0
2.0810019069964255e-05	0.0	0.0
2.1004495075465074e-05	0.0	0.0
2.1198971080965886e-05	0.0	0.0
2.1296209083716294e-05	0.0	0.0
2.1490685089217113e-05	0.0	0.0
2.1685161094717925e-05	0.0	0.0
2.187963710021874e-05	0.0	0.0
2.197687510296915e-05	0.0	0.0
2.2171351108469964e-05	0.0	0.0
2.236582711397078e-05	0.0	0.0
2.2560303119471598e-05	0.0	0.0
2.275477912497241e-05	0.0	0.0
2.294925513047323e-05	0.0	0.0
2.3046493133223637e-05	0.0	0.0
2.324096913872445e-05	0.0	0.0
2.3435445144225268e-05	0.0	0.0
2.362992114972608e-05	0.0	0.0
2.3921635157977307e-05	0.0	0.0
2.411611116347812e-05	0.0	0.0
2.4213349166228527e-05	0.0	0.0
2.4310587168978934e-05	0.0	0.0
2.450506317447975e-05	0.0	0.0
2.4699539179980566e-05	0.0	0.0
2.4894015185481384e-05	0.0	0.0
2.5088491190982197e-05	0.0	0.0
2.5282967196483012e-05	0.0	0.0
2.5477443201983828e-05	0.0	0.0
2.576915721023505e-05	0.0	0.0
2.5963633215735866e-05	0.0	0.0
2.6060871218486274e-05	0.0	0.0
2.625534722398709e-05	0.0	0.0
2.6449823229487905e-05	0.0	0.0
2.6547061232238313e-05	0.0	0.0
2.6741537237739125e-05	0.0	0.0
2.7033251245990352e-05	0.0	0.0
2.7227727251491164e-05	0.0	0.0
2.7422203256991983e-05	0.0	0.0
2.76166792624928e-05	0.0	0.0
2.7811155267993614e-05	0.0	0.0
2.800563127349443e-05	0.0	0.0
2.820010727899524e-05	0.0	0.0
2.8297345281745653e-05	0.0	0.0
2.8491821287246468e-05	0.0	0.0
2.878353529549769e-05	0.0	0.0
2.8978011300998507e-05	0.0	0.0
2.917248730649932e-05	0.0	0.0
2.9464201314750546e-05	0.0	0.0
2.9658677320251358e-05	0.0	0.0
2.9853153325752177e-05	0.0	0.0
2.9950391328502585e-05	0.0	0.0
3.0144867334003397e-05	0.0	0.0
3.0339343339504216e-05	0.0	0.0
3.053381934500503e-05	0.0	0.0
3.072829535050585e-05	0.0	0.0
3.102000935875707e-05	0.0	0.0
3.121448536425788e-05	0.0	0.0
3.1408961369758705e-05	0.0	0.0
3.170067537800992e-05	0.0	0.0
3.189515138351074e-05	0.0	0.0
3.2089627389011556e-05	0.0	0.0
3.228410339451237e-05	0.0	0.0
3.247857940001319e-05	0.0	0.0
3.2673055405513995e-05	0.0	0.0
3.286753141101482e-05	0.0	0.0
3.306200741651563e-05	0.0	0.0
3.325648342201645e-05	0.0	0.0
3.345095942751726e-05	0.0	0.0
3.3742673435768484e-05	0.0	0.0
3.39371494412693e-05	0.0	0.0
3.4131625446770115e-05	0.0	0.0
3.432610145227094e-05	0.0	0.0
3.461781546052215e-05	0.0	0.0
3.481229146602297e-05	0.0	0.0
3.500676747152379e-05	0.0	0.0
3.5201243477024604e-05	0.0	0.0
3.539571948252541e-05	0.0	0.0
3.568743349077664e-05	0.0	0.0
3.5881909496277455e-05	0.0	0.0
3.607638550177827e-05	0.0	0.0
3.6270861507279086e-05	0.0	0.0
3.64653375127799e-05	0.0	0.0
3.675705152103113e-05	0.0	0.0
3.6951527526531944e-05	0.0	0.0
3.714600353203275e-05	0.0	0.0
3.734047953753357e-05	0.0	0.0
3.7632193545784795e-05	0.0	0.0
3.782666955128561e-05	0.0	0.0
3.8021145556786426e-05	0.0	0.0
3.821562156228724e-05	0.0	0.0
3.850733557053846e-05	0.0	0.0
3.8701811576039284e-05	0.0	0.0
3.88962875815401e-05	0.0	0.0
3.909076358704091e-05	0.0	0.0
3.9382477595292134e-05	0.0	0.0
3.957695360079295e-05	0.0	0.0
3.9771429606293766e-05	0.0	0.0
4.0063143614544985e-05	0.0	0.0
4.02576196200458e-05	0.0	0.0
4.0452095625546616e-05	0.0	0.0
4.064657163104744e-05	0.0	0.0
4.093828563929865e-05	0.0	0.0
4.1132761644799474e-05	0.0	0.0
4.132723765030029e-05	0.0	0.0
4.1618951658551516e-05	0.0	0.0
4.1813427664052325e-05	0.0	0.0
4.200790366955314e-05	0.0	0.0
4.229961767780437e-05	0.0	0.0
4.249409368330518e-05	0.0	0.0
4.268856968880599e-05	0.0	0.0
4.298028369705722e-05	0.0	0.0
4.3174759702558034e-05	0.0	0.0
4.346647371080926e-05	0.0	0.0
4.366094971631007e-05	0.0	0.0
4.3855425721810885e-05	0.0	0.0
4.414713973006211e-05	0.0	0.0
4.434161573556293e-05	0.0	0.0
4.463332974381415e-05	0.0	0.0
4.482780574931496e-05	0.0	0.0
4.5022281754815785e-05	0.0	0.0
4.5313995763067005e-05	0.0	0.0
4.550847176856782e-05	0.0	0.0
4.580018577681904e-05	0.0	0.0
4.599466178231986e-05	0.0	0.0
4.628637579057108e-05	0.0	0.0
4.65780897988223e-05	0.0	0.0
4.677256580432312e-05	0.0	0.0
4.696704180982394e-05	0.0	0.0
4.725875581807516e-05	0.0	0.0
4.7453231823575975e-05	0.0	0.0
4.764770782907679e-05	0.0	0.0
4.7842183834577607e-05	0.0	0.0
4.813389784282883e-05	0.0	0.0
4.832837384832964e-05	0.0	0.0
4.862008785658087e-05	0.0	0.0
4.8911801864832095e-05	0.0	0.0
4.920351587308331e-05	0.0	0.0
4.939799187858413e-05	0.0	0.0
4.9592467884084946e-05	0.0	0.0
4.988418189233617e-05	0.0	0.0
5.007865789783698e-05	0.0	0.0
5.037037190608821e-05	0.0	0.0
5.0564847911589024e-05	0.0	0.0
5.085656191984025e-05	0.0	0.0
5.105103792534106e-05	0.0	0.0
5.1342751933592286e-05	0.0	0.0
5.15372279390931e-05	0.0	0.0
5.182894194734433e-05	0.0	0.0
5.202341795284514e-05	0.0	0.0
5.2315131961096364e-05	0.0	0.0
5.250960796659718e-05	0.0	0.0
5.2801321974848406e-05	0.0	0.0
5.2995797980349215e-05	0.0	0.0
5.328751198860044e-05	0.0	0.0
5.348198799410126e-05	0.0	0.0
5.377370200235248e-05	0.0	0.0
5.396817800785329e-05	0.0	0.0
5.425989201610452e-05	0.0	0.0
5.455160602435574e-05	0.0	0.0
5.4746082029856554e-05	0.0	0.0
5.5037796038107774e-05	0.0	0.0
5.52322720436086e-05	0.0	0.0
5.5523986051859817e-05	0.0	0.0
5.571846205736063e-05	0.0	0.0
5.601017606561185e-05	0.0	0.0
5.6204652071112674e-05	0.0	0.0
5.6496366079363894e-05	0.0	0.0
5.669084208486471e-05	0.0	0.0
5.698255609311593e-05	0.0	0.0
5.7274270101367156e-05	0.0	0.0
5.7468746106867965e-05	0.0	0.0
5.776046011511919e-05	0.0	0.0
5.795493612062001e-05	0.0	0.0
5.8246650128871234e-05	0.0	0.0
5.844112613437204e-05	0.0	0.0
5.873284014262327e-05	0.0	0.0
5.9024554150874496e-05	0.0	0.0
5.921903015637531e-05	0.0	0.0
5.951074416462653e-05	0.0	0.0
5.970522017012735e-05	0.0	0.0
5.9996934178378574e-05	0.0	0.0
6.0288648186629794e-05	0.0	0.0
6.048312419213061e-05	0.0	0.0
6.0774838200381836e-05	0.0	0.0
6.096931420588265e-05	0.0	0.0
6.126102821413388e-05	0.0	0.0
6.145550421963469e-05	0.0	0.0
6.17472182278859e-05	0.0	0.0
6.203893223613714e-05	0.0	0.0
6.223340824163795e-05	0.0	0.0
6.252512224988917e-05	0.0	0.0
6.28168362581404e-05	0.0	0.0
6.301131226364121e-05	0.0	0.0
6.330302627189244e-05	0.0	0.0
6.349750227739324e-05	0.0	0.0
6.378921628564447e-05	0.0	0.0
6.408093029389569e-05	0.0	0.0
6.427540629939652e-05	0.0	0.0
6.456712030764774e-05	0.0	0.0
6.476159631314856e-05	0.0	0.0
6.505331032139978e-05	0.0	0.0
6.5345024329651e-05	0.0	0.0
6.55395003351518e-05	0.0	0.0
6.583121434340304e-05	0.0	0.0
6.612292835165426e-05	0.0	0.0
6.631740435715508e-05	0.0	0.0
6.66091183654063e-05	0.0	0.0
6.680359437090712e-05	0.0	0.0
6.709530837915834e-05	0.0	0.0
6.738702238740955e-05	0.0	0.0
6.758149839291037e-05	0.0	0.0
6.787321240116159e-05	0.0	0.0
6.816492640941283e-05	0.0	0.0
6.835940241491363e-05	0.0	0.0
6.865111642316487e-05	0.0	0.0
6.894283043141609e-05	0.0	0.0
6.91373064369169e-05	0.0	0.0
6.942902044516812e-05	0.0	0.0
6.972073445341935e-05	0.0	0.0
6.991521045892016e-05	0.0	0.0
7.020692446717139e-05	0.0	0.0
7.049863847542261e-05	0.0	0.0
7.069311448092343e-05	0.0	0.0
7.098482848917464e-05	0.0	0.0
7.117930449467546e-05	0.0	0.0
7.147101850292668e-05	0.0	0.0
7.17627325111779e-05	0.0	0.0
7.195720851667873e-05	0.0	0.0
7.224892252492995e-05	0.0	0.0
7.254063653318118e-05	0.0	0.0
7.283235054143238e-05	0.0	0.0
7.302682654693321e-05	0.0	0.0
7.331854055518443e-05	0.0	0.0
7.351301656068525e-05	0.0	0.0
7.380473056893647e-05	0.0	0.0
7.40964445771877e-05	0.0	0.0
7.429092058268851e-05	0.0	0.0
7.458263459093973e-05	0.0	0.0
7.487434859919095e-05	0.0	0.0
7.516606260744217e-05	0.0	0.0
7.5360538612943e-05	0.0	0.0
7.565225262119421e-05	0.0	0.0
7.584672862669504e-05	0.0	0.0
7.613844263494626e-05	0.0	0.0
7.643015664319748e-05	0.0	0.0
7.67218706514487e-05	0.0	0.0
7.701358465969993e-05	0.0	0.0
7.720806066520074e-05	0.0	0.0
7.749977467345197e-05	0.0	0.0
7.779148868170319e-05	0.0	0.0
7.798596468720401e-05	0.0	0.0
7.827767869545522e-05	0.0	0.0
7.856939270370644e-05	0.0	0.0
7.876386870920726e-05	0.0	0.0
7.905558271745848e-05	0.0	0.0
7.934729672570972e-05	0.0	0.0
7.963901073396094e-05	0.0	0.0
7.983348673946176e-05	0.0	0.0
8.012520074771296e-05	0.0	0.0
8.04169147559642e-05	0.0	0.0
8.070862876421542e-05	0.0	0.0
8.090310476971624e-05	0.0	0.0
8.119481877796746e-05	0.0	0.0
8.148653278621868e-05	0.0	0.0
8.177824679446991e-05	0.0	0.0
8.197272279997071e-05	0.0	0.0
8.226443680822194e-05	0.0	0.0
8.255615081647316e-05	0.0	0.0
8.28478648247244e-05	0.0	0.0
8.30423408302252e-05	0.0	0.0
8.333405483847644e-05	0.0	0.0
8.362576884672766e-05	0.0	0.0
8.391748285497886e-05	0.0	0.0
8.42091968632301e-05	0.0	0.0
8.44036728687309e-05	0.0	0.0
8.469538687698214e-05	0.0	0.0
8.498710088523336e-05	0.0	0.0
8.527881489348459e-05	0.0	0.0
8.557052890173581e-05	0.0	0.0
8.586224290998702e-05	0.0	0.0
8.615395691823825e-05	0.0	0.0
8.644567092648947e-05	0.0	0.0
8.67373849347407e-05	0.0	0.0
8.693186094024151e-05	0.0	0.0
8.722357494849275e-05	0.0	0.0
8.741805095399356e-05	0.0	0.0
8.770976496224478e-05	0.0	0.0
8.8001478970496e-05	0.0	0.0
8.839043098149763e-05	0.0	0.0
8.868214498974886e-05	0.0	0.0
8.897385899800008e-05	0.0	0.0
8.92655730062513e-05	0.0	0.0
8.946004901175211e-05	0.0	0.0
8.975176302000333e-05	0.0	0.0
9.004347702825456e-05	0.0	0.0
9.023795303375537e-05	0.0	0.0
9.05296670420066e-05	0.0	0.0
9.082138105025782e-05	0.0	0.0
9.111309505850906e-05	0.0	0.0
9.150204706951068e-05	0.0	0.0
9.17937610777619e-05	0.0	0.0
9.198823708326272e-05	0.0	0.0
9.227995109151394e-05	0.0	0.0
9.257166509976517e-05	0.0	0.0
9.286337910801639e-05	0.0	0.0
9.31550931162676e-05	0.0	0.0
9.344680712451883e-05	0.0	0.0
9.373852113277005e-05	0.0	0.0
9.403023514102128e-05	0.0	0.0
9.43219491492725e-05	0.0	0.0
9.461366315752372e-05	0.0	0.0
9.490537716577494e-05	0.0	0.0
9.519709117402616e-05	0.0	0.0
9.54888051822774e-05	0.0	0.0
9.578051919052862e-05	0.0	0.0
9.607223319877984e-05	0.0	0.0
9.636394720703107e-05	0.0	0.0
9.665566121528229e-05	0.0	0.0
9.694737522353351e-05	0.0	0.0
9.714185122903432e-05	0.0	0.0
9.743356523728555e-05	0.0	0.0
9.782251724828718e-05	0.0	0.0
9.81142312565384e-05	0.0	0.0
9.840594526478964e-05	0.0	0.0
9.869765927304084e-05	0.0	0.0
9.898937328129206e-05	0.0	0.0
9.92810872895433e-05	0.0	0.0
9.94755632950441e-05	0.0	0.0
9.976727730329534e-05	0.0	0.0
0.00010005899131154656	0.0	0.0
0.00010044794332254818	0.0	0.0
0.00010073965733079941	0.0	0.0
0.00010103137133905063	0.0	0.0
0.00010132308534730186	0.0	0.0
0.00010161479935555308	0.0	0.0
0.0001019065133638043	0.0	0.0
0.00010219822737205554	0.0	0.0
0.00010248994138030674	0.0	0.0
0.00010278165538855798	0.0	0.0
0.0001030733693968092	0.0	0.0
0.00010346232140781083	0.0	0.0
0.00010375403541606206	0.0	0.0
0.00010404574942431328	0.0	0.0
0.00010433746343256449	0.0	0.0
0.00010462917744081572	0.0	0.0
0.00010492089144906694	0.0	0.0
0.00010521260545731817	0.0	0.0
0.0001055043194655694	0.0	0.0
0.00010579603347382061	0.0	0.0
0.00010618498548482224	0.0	0.0
0.00010647669949307346	0.0	0.0
0.00010676841350132468	0.0	0.0
0.00010706012750957592	0.0	0.0
0.00010735184151782714	0.0	0.0
0.00010764355552607837	0.0	0.0
0.00010803250753707999	0.0	0.0
0.00010832422154533121	0.0	0.0
0.00010861593555358244	0.0	0.0
0.00010900488756458407	0.0	0.0
0.00010929660157283529	0.0	0.0
0.00010958831558108653	0.0	0.0
0.00010988002958933773	0.0	0.0
0.00011017174359758895	0.0	0.0
0.00011046345760584019	0.0	0.0
0.0001107551716140914	0.0	0.0
0.00011114412362509305	0.0	0.0
0.00011143583763334427	0.0	0.0
0.00011182478964434589	0.0	0.0
0.00011211650365259712	0.0	0.0
0.00011240821766084834	0.0	0.0
0.00011269993166909956	0.0	0.0
0.0001129916456773508	0.0	0.0
0.00011338059768835241	0.0	0.0
0.00011367231169660363	0.0	0.0
0.00011396402570485487	0.0	0.0
0.00011425573971310609	0.0	0.0
0.00011464469172410772	0.0	0.0
0.00011493640573235895	0.0	0.0
0.00011522811974061016	0.0	0.0
0.00011551983374886139	0.0	0.0
0.00011590878575986302	0.0	0.0
0.00011620049976811424	0.0	0.0
0.00011649221377636547	0.0	0.0
0.0001167839277846167	0.0	0.0
0.00011717287979561831	0.0	0.0
0.00011746459380386955	0.0	0.0
0.00011775630781212077	0.0	0.0
0.0001181452598231224	0.0	0.0
0.00011843697383137363	0.0	0.0
0.00011872868783962485	0.0	0.0
0.00011911763985062647	0.0	0.0
0.0001194093538588777	0.0	0.0
0.00011970106786712892	0.0	0.0
0.00012009001987813055	0.0	0.0
0.00012038173388638178	0.0	0.0
0.000120673447894633	0.0	0.0
0.00012096516190288421	0.0	0.0
0.00012135411391388586	0.0	0.0
0.00012164582792213708	0.0	0.0
0.0001220347799331387	0.0	0.0
0.00012232649394138993	0.0	0.0
0.00012261820794964116	0.0	0.0
0.00012300715996064278	0.0	0.0
0.000123298873968894	0.0	0.0
0.00012359058797714522	0.0	0.0
0.00012397953998814686	0.0	0.0
0.0001242712539963981	0.0	0.0
0.0001246602060073997	0.0	0.0
0.00012495192001565095	0.0	0.0
0.00012534087202665256	0.0	0.0
0.0001256325860349038	0.0	0.0
0.00012592430004315503	0.0	0.0
0.00012631325205415665	0.0	0.0
0.00012660496606240788	0.0	0.0
0.0001269939180734095	0.0	0.0
0.0001272856320816607	0.0	0.0
0.00012767458409266235	0.0	0.0
0.00012806353610366397	0.0	0.0
0.0001283552501119152	0.0	0.0
0.00012864696412016643	0.0	0.0
0.00012903591613116805	0.0	0.0
0.00012932763013941929	0.0	0.0
0.00012971658215042093	0.0	0.0
0.00013000829615867214	0.0	0.0
0.00013039724816967378	0.0	0.0
0.00013068896217792501	0.0	0.0
0.0001310779141889266	0.0	0.0
0.00013136962819717784	0.0	0.0
0.00013175858020817948	0.0	0.0
0.0001320502942164307	0.0	0.0
0.00013243924622743233	0.0	0.0
0.00013273096023568357	0.0	0.0
0.00013311991224668519	0.0	0.0
0.00013341162625493642	0.0	0.0
0.00013380057826593804	0.0	0.0
0.00013409229227418927	0.0	0.0
0.00013448124428519091	0.0	0.0
0.0001347729582934421	0.0	0.0
0.00013516191030444374	0.0	0.0
0.00013545362431269497	0.0	0.0
0.0001358425763236966	0.0	0.0
0.00013613429033194782	0.0	0.0
0.00013652324234294947	0.0	0.0
0.00013681495635120067	0.0	0.0
0.00013720390836220232	0.0	0.0
0.00013749562237045355	0.0	0.0
0.00013788457438145517	0.0	0.0
0.0001381762883897064	0.0	0.0
0.00013856524040070802	0.0	0.0
0.00013895419241170964	0.0	0.0
0.00013934314442271128	0.0	0.0
0.0001397320964337129	0.0	0.0
0.00014002381044196413	0.0	0.0
0.00014041276245296578	0.0	0.0
0.00014070447646121698	0.0	0.0
0.00014109342847221863	0.0	0.0
0.00014148238048322027	0.0	0.0
0.00014177409449147148	0.0	0.0
0.0001421630465024731	0.0	0.0
0.00014255199851347471	0.0	0.0
0.00014284371252172595	0.0	0.0
0.0001432326645327276	0.0	0.0
0.0001435243785409788	0.0	0.0
0.00014391333055198044	0.0	0.0
0.0001443022825629821	0.0	0.0
0.0001445939965712333	0.0	0.0
0.00014498294858223494	0.0	0.0
0.00014537190059323658	0.0	0.0
0.00014566361460148776	0.0	0.0
0.0001460525666124894	0.0	0.0
0.00014644151862349105	0.0	0.0
0.00014673323263174226	0.0	0.0
0.0001471221846427439	0.0	0.0
0.00014751113665374552	0.0	0.0
0.00014780285066199675	0.0	0.0
0.0001481918026729984	0.0	0.0
0.00014858075468400002	0.0	0.0
0.00014887246869225125	0.0	0.0
0.0001492614207032529	0.0	0.0
0.00014965037271425448	0.0	0.0
0.00014994208672250572	0.0	0.0
0.00015033103873350736	0.0	0.0
0.00015071999074450898	0.0	0.0
0.00015110894275551062	0.0	0.0
0.00015140065676376183	0.0	0.0
0.00015178960877476348	0.0	0.0
0.00015217856078576512	0.0	0.0
0.00015247027479401633	0.0	0.0
0.00015285922680501797	0.0	0.0
0.0001532481788160196	0.0	0.0
0.0001536371308270212	0.0	0.0
0.00015402608283802285	0.0	0.0
0.00015431779684627406	0.0	0.0
0.0001547067488572757	0.0	0.0
0.00015509570086827735	0.0	0.0
0.00015548465287927896	0.0	0.0
0.0001558736048902806	0.0	0.0
0.00015626255690128223	0.0	0.0
0.00015665150891228387	0.0	0.0
0.00015694322292053508	0.0	0.0
0.0001573321749315367	0.0	0.0
0.00015762388893978793	0.0	0.0
0.00015801284095078957	0.0	0.0
0.0001584017929617912	0.0	0.0
0.00015888798297554325	0.0	0.0
0.00015917969698379445	0.0	0.0
0.0001595686489947961	0.0	0.0
0.00015995760100579774	0.0	0.0
0.00016024931501404895	0.0	0.0
0.00016063826702505057	0.0	0.0
0.0001610272190360522	0.0	0.0
0.00016131893304430342	0.0	0.0
0.00016180512305805547	0.0	0.0
0.0001621940750690571	0.0	0.0
0.00016258302708005873	0.0	0.0
0.00016297197909106038	0.0	0.0
0.000163360931102062	0.0	0.0
0.00016365264511031323	0.0	0.0
0.00016404159712131485	0.0	0.0
0.00016433331112956605	0.0	0.0
0.0001647222631405677	0.0	0.0
0.00016511121515156932	0.0	0.0
0.00016559740516532137	0.0	0.0
0.000165986357176323	0.0	0.0
0.00016637530918732463	0.0	0.0
0.00016676426119832628	0.0	0.0
0.00016705597520657748	0.0	0.0
0.00016744492721757913	0.0	0.0
0.00016783387922858077	0.0	0.0
0.00016822283123958236	0.0	0.0
0.000168611783250584	0.0	0.0
0.00016900073526158563	0.0	0.0
0.00016938968727258727	0.0	0.0
0.00016977863928358892	0.0	0.0
0.00017007035329184012	0.0	0.0
0.00017045930530284177	0.0	0.0
0.00017084825731384338	0.0	0.0
0.00017123720932484503	0.0	0.0
0.00017172339933859706	0.0	0.0
0.00017211235134959867	0.0	0.0
0.00017250130336060032	0.0	0.0
0.00017279301736885153	0.0	0.0
0.00017318196937985317	0.0	0.0
0.00017357092139085481	0.0	0.0
0.00017395987340185643	0.0	0.0
0.00017434882541285808	0.0	0.0
0.0001747377774238597	0.0	0.0
0.00017512672943486134	0.0	0.0
0.00017551568144586296	0.0	0.0
0.00017600187145961499	0.0	0.0
0.00017639082347061663	0.0	0.0
0.00017677977548161825	0.0	0.0
0.0001771687274926199	0.0	0.0
0.00017755767950362154	0.0	0.0
0.00017784939351187274	0.0	0.0
0.0001782383455228744	0.0	0.0
0.000178627297533876	0.0	0.0
0.00017901624954487762	0.0	0.0
0.00017950243955862968	0.0	0.0
0.0001798913915696313	0.0	0.0
0.00018028034358063294	0.0	0.0
0.00018066929559163456	0.0	0.0
0.0001810582476026362	0.0	0.0
0.00018144719961363785	0.0	0.0
0.00018183615162463946	0.0	0.0
0.00018232234163839152	0.0	0.0
0.0001827112936493931	0.0	0.0
0.00018310024566039476	0.0	0.0
0.00018348919767139637	0.0	0.0
0.0001837809116796476	0.0	0.0
0.00018416986369064925	0.0	0.0
0.00018455881570165087	0.0	0.0
0.0001849477677126525	0.0	0.0
0.00018543395772640454	0.0	0.0
0.0001859201477401566	0.0	0.0
0.00018630909975115824	0.0	0.0
0.00018669805176215983	0.0	0.0
0.00018708700377316148	0.0	0.0
0.0001874759557841631	0.0	0.0
0.00018776766979241433	0.0	0.0
0.00018815662180341597	0.0	0.0
0.000188642811817168	0.0	0.0
0.00018903176382816965	0.0	0.0
0.00018951795384192167	0.0	0.0
0.00018990690585292332	0.0	0.0
0.0001902958578639249	0.0	0.0
0.00019068480987492655	0.0	0.0
0.0001910737618859282	0.0	0.0
0.00019146271389692982	0.0	0.0
0.00019185166590793146	0.0	0.0
0.0001923378559216835	0.0	0.0
0.00019272680793268513	0.0	0.0
0.00019311575994368678	0.0	0.0
0.0001935047119546884	0.0	0.0
0.00019389366396569001	0.0	0.0
0.00019437985397944204	0.0	0.0
0.0001947688059904437	0.0	0.0
0.0001951577580014453	0.0	0.0
0.00019554671001244695	0.0	0.0
0.0001959356620234486	0.0	0.0
0.00019642185203720062	0.0	0.0
0.00019681080404820227	0.0	0.0
0.00019719975605920388	0.0	0.0
0.0001975887080702055	0.0	0.0
0.00019797766008120715	0.0	0.0
0.00019846385009495918	0.0	0.0
0.00019885280210596082	0.0	0.0
0.00019924175411696244	0.0	0.0
0.00019963070612796408	0.0	0.0
0.0002001168961417161	0.0	0.0
0.00020050584815271776	0.0	0.0
0.0002008948001637194	0.0	0.0
0.000201283752174721	0.0	0.0
0.00020176994218847305	0.0	0.0
0.00020215889419947466	0.0	0.0
0.0002025478462104763	0.0	0.0
0.00020303403622422834	0.0	0.0
0.00020342298823522998	0.0	0.0
0.00020381194024623163	0.0	0.0
0.00020420089225723324	0.0	0.0
0.0002045898442682349	0.0	0.0
0.0002050760342819869	0.0	0.0
0.00020546498629298853	0.0	0.0
0.00020595117630674056	0.0	0.0
0.00020643736632049262	0.0	0.0
0.00020682631833149424	0.0	0.0
0.00020721527034249588	0.0	0.0
0.00020760422235349753	0.0	0.0
0.00020809041236724955	0.0	0.0
0.00020847936437825117	0.0	0.0
0.0002088683163892528	0.0	0.0
0.00020935450640300484	0.0	0.0
0.00020974345841400646	0.0	0.0
0.0002101324104250081	0.0	0.0
0.00021061860043876016	0.0	0.0
0.00021100755244976178	0.0	0.0
0.00021139650446076342	0.0	0.0
0.00021188269447451545	0.0	0.0
0.00021227164648551707	0.0	0.0
0.00021266059849651872	0.0	0.0
0.00021314678851027074	0.0	0.0
0.0002135357405212724	0.0	0.0
0.000213924692532274	0.0	0.0
0.00021441088254602606	0.0	0.0
0.00021479983455702768	0.0	0.0
0.00021528602457077974	0.0	0.0
0.00021567497658178135	0.0	0.0
0.00021616116659553338	0.0	0.0
0.00021655011860653503	0.0	0.0
0.00021693907061753664	0.0	0.0
0.0002173280226285383	0.0	0.0
0.00021781421264229032	0.0	0.0
0.00021820316465329196	0.0	0.0
0.000218689354667044	0.0	0.0
0.00021917554468079605	0.0	0.0
0.00021956449669179764	0.0	0.0
0.0002200506867055497	0.0	0.0
0.00022043963871655134	0.0	0.0
0.00022092582873030337	0.0	0.0
0.000221314780741305	0.0	0.0
0.00022170373275230663	0.0	0.0
0.00022218992276605868	0.0	0.0
0.0002225788747770603	0.0	0.0
0.00022306506479081236	0.0	0.0
0.00022345401680181395	0.0	0.0
0.000223940206815566	0.0	0.0
0.00022432915882656765	0.0	0.0
0.00022471811083756926	0.0	0.0
0.00022520430085132132	0.0	0.0
0.00022559325286232294	0.0	0.0
0.00022598220487332458	0.0	0.0
0.0002264683948870766	0.0	0.0
0.00022695458490082864	0.0	0.0
0.00022734353691183026	0.0	0.0
0.0002278297269255823	0.0	0.0
0.00022821867893658396	0.0	0.0
0.00022860763094758558	0.0	0.0
0.00022909382096133763	0.0	0.0
0.00022948277297233925	0.0	0.0
0.0002299689629860913	0.0	0.0
0.00023035791499709292	0.0	0.0
0.00023084410501084495	0.0	0.0
0.00023123305702184657	0.0	0.0
0.00023171924703559862	0.0	0.0
0.00023210819904660027	0.0	0.0
0.0002325943890603523	0.0	0.0
0.00023298334107135394	0.0	0.0
0.00023346953108510597	0.0	0.0
0.00023385848309610761	0.0	0.0
0.00023434467310985962	0.0	0.0
0.00023473362512086126	0.0	0.0
0.0002353170531373637	0.0	0.0
0.00023570600514836535	0.0	0.0
0.00023619219516211737	0.0	0.0
0.00023658114717311902	0.0	0.0
0.00023697009918412066	0.0	0.0
0.0002374562891978727	0.0	0.0
0.00023784524120887434	0.0	0.0
0.00023823419321987593	0.0	0.0
0.00023872038323362798	0.0	0.0
0.00023920657324738	0.0	0.0
0.00023959552525838166	0.0	0.0
0.00024008171527213368	0.0	0.0
0.00024047066728313533	0.0	0.0
0.00024095685729688736	0.0	0.0
0.000241345809307889	0.0	0.0
0.00024183199932164103	0.0	0.0
0.00024222095133264265	0.0	0.0
0.0002427071413463947	0.0	0.0
0.00024309609335739632	0.0	0.0
0.00024358228337114838	0.0	0.0
0.00024397123538215	0.0	0.0
0.00024445742539590205	0.0	0.0
0.00024484637740690364	0.0	0.0
0.0002453325674206557	0.0	0.0
0.00024572151943165737	0.0	0.0
0.0002462077094454094	0.0	0.0
0.00024659666145641104	0.0	0.0
0.00024708285147016307	0.0	0.0
0.00024747180348116466	0.0	0.0
0.0002479579934949167	0.0	0.0
0.00024834694550591833	0.0	0.0
0.00024883313551967036	0.0	0.0
0.000249222087530672	0.0	0.0
0.00024970827754442404	0.0	0.0
0.0002500972295554257	0.0	0.0
0.00025058341956917776	0.0	0.0
0.0002509723715801794	0.0	0.0
0.0002514585615939314	0.0	0.0
0.00025184751360493303	0.0	0.0
0.00025233370361868506	0.0	0.0
0.0002527226556296867	0.0	0.0
0.00025320884564343873	0.0	0.0
0.0002535977976544404	0.0	0.0
0.0002540839876681924	0.0	0.0
0.00025447293967919405	0.0	0.0
0.0002549591296929461	0.0	0.0
0.00025534808170394767	0.0	0.0
0.00025583427171769975	0.0	0.0
0.0002562232237287014	0.0	0.0
0.0002567094137424534	0.0	0.0
0.00025719560375620545	0.0	0.0
0.0002575845557672071	0.0	0.0
0.00025797350777820874	0.0	0.0
0.00025845969779196077	0.0	0.0
0.0002588486498029624	0.0	0.0
0.0002593348398167144	0.0	0.0
0.00025982102983046647	0.0	0.0
0.0002602099818414681	0.0	0.0
0.00026069617185522014	0.0	0.0
0.00026108512386622173	0.0	0.0
0.0002615713138799738	0.0	0.0
0.00026205750389372585	0.0	0.0
0.0002624464559047275	0.0	0.0
0.00026293264591847947	0.0	0.0
0.0002633215979294811	0.0	0.0
0.0002638077879432332	0.0	0.0
0.00026419673995423484	0.0	0.0
0.00026468292996798687	0.0	0.0
0.0002651691199817389	0.0	0.0
0.00026555807199274054	0.0	0.0
0.00026604426200649257	0.0	0.0
0.0002664332140174942	0.0	0.0
0.0002669194040312462	0.0	0.0
0.00026730835604224783	0.0	0.0
0.0002677945460559999	0.0	0.0
0.00026818349806700156	0.0	0.0
0.00026866968808075353	0.0	0.0
0.0002690586400917552	0.0	0.0
0.0002695448301055072	0.0	0.0
0.00026993378211650885	0.0	0.0
0.00027041997213026093	0.0	0.0
0.0002708089241412625	0.0	0.0
0.00027129511415501455	0.0	0.0
0.0002716840661660162	0.0	0.0
0.0002721702561797683	0.0	0.0
0.00027265644619352026	0.0	0.0
0.0002730453982045219	0.0	0.0
0.00027353158821827393	0.0	0.0
0.0002739205402292756	0.0	0.0
0.00027440673024302766	0.0	0.0
0.00027489292025677963	0.0	0.0
0.0002752818722677813	0.0	0.0
0.0002756708242787829	0.0	0.0
0.000276157014292535	0.0	0.0
0.0002765459663035366	0.0	0.0
0.0002770321563172886	0.0	0.0
0.00027742110832829027	0.0	0.0
0.0002779072983420423	0.0	0.0
0.0002783934883557944	0.0	0.0
0.00027878244036679597	0.0	0.0
0.0002791713923777976	0.0	0.0
0.00027965758239154964	0.0	0.0
0.0002800465344025513	0.0	0.0
0.0002804354864135529	0.0	0.0
0.0002809216764273049	0.0	0.0
0.00028131062843830655	0.0	0.0
0.00028179681845205863	0.0	0.0
0.0002821857704630603	0.0	0.0
0.00028257472247406187	0.0	0.0
0.0002830609124878139	0.0	0.0
0.00028344986449881554	0.0	0.0
0.0002838388165098172	0.0	0.0
0.00028422776852081883	0.0	0.0
0.0002847139585345708	0.0	0.0
0.0002852001485483229	0.0	0.0
0.00028558910055932453	0.0	0.0
0.00028607529057307656	0.0	0.0
0.00028646424258407815	0.0	0.0
0.0002868531945950798	0.0	0.0
0.00028724214660608144	0.0	0.0
0.0002877283366198335	0.0	0.0
0.0002881172886308351	0.0	0.0
0.0002885062406418367	0.0	0.0
0.0002889924306555888	0.0	0.0
0.00028938138266659043	0.0	0.0
0.0002897703346775921	0.0	0.0
0.00029025652469134405	0.0	0.0
0.0002906454767023457	0.0	0.0
0.00029103442871334734	0.0	0.0
0.0002915206187270994	0.0	0.0
0.000291909570738101	0.0	0.0
0.00029239576075185304	0.0	0.0
0.0002927847127628547	0.0	0.0
0.0002930764267711059	0.0	0.0
0.00029346537878210754	0.0	0.0
0.0002938543307931092	0.0	0.0
0.0002941460448013604	0.0	0.0
0.0002946322348151124	0.0	0.0
0.00029502118682611406	0.0	0.0
0.0002954101388371157	0.0	0.0
0.00029579909084811735	0.0	0.0
0.0002960908048563685	0.0	0.0
0.00029638251886461976	0.0	0.0
0.00029667423287287097	0.0	0.0
0.00029696594688112223	0.0	0.0
0.00029725766088937344	0.0	0.0
0.0002975493748976247	0.0	0.0
0.0002979383269086263	0.0	0.0
0.0002982300409168775	0.0	0.0
0.0002984245169223783	0.0	0.0
0.0002987162309306296	0.0	0.0
0.0002989107069361304	0.0	0.0
0.00029910518294163117	0.0	0.0
0.000299299658947132	0.0	0.0
0.0002994941349526328	0.0	0.0
0.00029968861095813363	0.0	0.0
0.0002998830869636344	0.0	0.0
0.0003000775629691352	0.0	0.0
0.00030027203897463605	0.0	0.0
0.0003003692769773865	0.0	0.0
0.0003005637529828873	0.0	0.0
0.0003005637529828873	0.0	0.0
0.0003006609909856377	0.0	0.0
0.00030075822898838813	0.0	0.0
0.0003008554669911385	0.0	0.0
0.00030095270499388895	0.0	0.0
0.00030104994299663934	0.0	0.0
0.00030104994299663934	0.0	0.0
0.00030104994299663934	0.0	0.0
0.00030104994299663934	0.0	0.0
0.00030104994299663934	0.0	0.0
0.00030095270499388895	0.0	0.0
0.00030104994299663934	0.0	0.0
0.00030095270499388895	0.0	0.0
0.00030095270499388895	0.0	0.0
0.0003008554669911385	0.0	0.0
0.00030075822898838813	0.0	0.0
0.0003006609909856377	0.0	0.0
0.00030046651498013687	0.0	0.0
0.0003003692769773865	0.0	0.0
0.00030027203897463605	0.0	0.0
0.00030017480097188566	0.0	0.0
0.0003000775629691352	0.0	0.0
0.0002998830869636344	0.0	0.0
0.00029968861095813363	0.0	0.0
0.0002994941349526328	0.0	0.0
0.000299299658947132	0.0	0.0
0.00029910518294163117	0.0	0.0
0.0002989107069361304	0.0	0.0
0.0002987162309306296	0.0	0.0
0.00029861899292787914	0.0	0.0
0.0002984245169223783	0.0	0.0
0.00029832727891962793	0.0	0.0
0.0002981328029141271	0.0	0.0
0.00029803556491137667	0.0	0.0
0.0002978410889058759	0.0	0.0
0.0002976466129003751	0.0	0.0
0.0002975493748976247	0.0	0.0
0.0002973548988921239	0.0	0.0
0.00029725766088937344	0.0	0.0
0.00029716042288662305	0.0	0.0
0.0002970631848838726	0.0	0.0
0.00029696594688112223	0.0	0.0
0.0002968687088783718	0.0	0.0
0.0002967714708756214	0.0	0.0
0.00029667423287287097	0.0	0.0
0.0002965769948701206	0.0	0.0
0.0002965769948701206	0.0	0.0
0.00029647975686737015	0.0	0.0
0.00029638251886461976	0.0	0.0
0.0002962852808618693	0.0	0.0
0.00029638251886461976	0.0	0.0
0.0002962852808618693	0.0	0.0
0.00029618804285911894	0.0	0.0
0.0002962852808618693	0.0	0.0
0.00029618804285911894	0.0	0.0
0.00029618804285911894	0.0	0.0
0.0002962852808618693	0.0	0.0
0.0002962852808618693	0.0	0.0
0.0002962852808618693	0.0	0.0
0.0002962852808618693	0.0	0.0
0.00029638251886461976	0.0	0.0
0.00029638251886461976	0.0	0.0
0.00029647975686737015	0.0	0.0
0.00029647975686737015	0.0	0.0
0.0002965769948701206	0.0	0.0
0.0002965769948701206	0.0	0.0
0.00029667423287287097	0.0	0.0
0.0002967714708756214	0.0	0.0
0.0002967714708756214	0.0	0.0
0.0002968687088783718	0.0	0.0
0.0002968687088783718	0.0	0.0
0.00029696594688112223	0.0	0.0
0.00029696594688112223	0.0	0.0
0.0002970631848838726	0.0	0.0
0.0002970631848838726	0.0	0.0
0.00029716042288662305	0.0	0.0
0.0002970631848838726	0.0	0.0
0.0002970631848838726	0.0	0.0
0.0002970631848838726	0.0	0.0
0.0002970631848838726	0.0	0.0
0.00029696594688112223	0.0	0.0
0.00029696594688112223	0.0	0.0
0.00029696594688112223	0.0	0.0
0.00029696594688112223	0.0	0.0
0.0002967714708756214	0.0	0.0
0.0002967714708756214	0.0	0.0
0.0002965769948701206	0.0	0.0
0.00029647975686737015	0.0	0.0
0.0002962852808618693	0.0	0.0
0.00029618804285911894	0.0	0.0
0.0002959935668536181	0.0	0.0
0.00029579909084811735	0.0	0.0
0.0002957018528453669	0.0	0.0
0.0002954101388371157	0.0	0.0
0.0002952156628316149	0.0	0.0
0.00029502118682611406	0.0	0.0
0.00029472947281786285	0.0	0.0
0.0002944377588096116	0.0	0.0
0.00029404880679860995	0.0	0.0
0.0002937570927903588	0.0	0.0
0.00029346537878210754	0.0	0.0
0.00029317366477385633	0.0	0.0
0.0002927847127628547	0.0	0.0
0.0002924929987546034	0.0	0.0
0.00029200680874085145	0.0	0.0
0.0002916178567298498	0.0	0.0
0.0002911316667160978	0.0	0.0
0.0002908399527078465	0.0	0.0
0.0002903537626940945	0.0	0.0
0.0002899648106830929	0.0	0.0
0.0002894786206693408	0.0	0.0
0.0002889924306555888	0.0	0.0
0.0002885062406418367	0.0	0.0
0.00028802005062808473	0.0	0.0
0.0002875338606143327	0.0	0.0
0.0002870476706005806	0.0	0.0
0.0002865614805868286	0.0	0.0
0.00028607529057307656	0.0	0.0
0.00028558910055932453	0.0	0.0
0.00028510291054557245	0.0	0.0
0.00028451948252907	0.0	0.0
0.000284033292515318	0.0	0.0
0.000283547102501566	0.0	0.0
0.0002830609124878139	0.0	0.0
0.00028247748447131143	0.0	0.0
0.00028199129445755945	0.0	0.0
0.0002816023424465578	0.0	0.0
0.00028111615243280573	0.0	0.0
0.0002806299624190537	0.0	0.0
0.0002802410104080521	0.0	0.0
0.0002797548203943001	0.0	0.0
0.0002791713923777976	0.0	0.0
0.00027868520236404553	0.0	0.0
0.00027819901235029356	0.0	0.0
0.00027771282233654147	0.0	0.0
0.00027722663232278944	0.0	0.0
0.00027674044230903736	0.0	0.0
0.0002762542522952854	0.0	0.0
0.0002756708242787829	0.0	0.0
0.0002751846342650309	0.0	0.0
0.0002746012062485284	0.0	0.0
0.0002741150162347764	0.0	0.0
0.00027362882622102437	0.0	0.0
0.0002730453982045219	0.0	0.0
0.0002724619701880195	0.0	0.0
0.000271878542171517	0.0	0.0
0.00027129511415501455	0.0	0.0
0.0002708089241412625	0.0	0.0
0.0002702254961247601	0.0	0.0
0.00026973930611100803	0.0	0.0
0.000269253116097256	0.0	0.0
0.00026876692608350397	0.0	0.0
0.0002683779740725024	0.0	0.0
0.0002678917840587503	0.0	0.0
0.00026730835604224783	0.0	0.0
0.00026672492802574536	0.0	0.0
0.0002662387380119934	0.0	0.0
0.0002657525479982413	0.0	0.0
0.0002652663579844893	0.0	0.0
0.00026478016797073725	0.0	0.0
0.00026439121595973566	0.0	0.0
0.0002639050259459836	0.0	0.0
0.00026341883593223155	0.0	0.0
0.0002628354079157291	0.0	0.0
0.00026225197989922667	0.0	0.0
0.0002616685518827242	0.0	0.0
0.00026108512386622173	0.0	0.0
0.00026040445784696894	0.0	0.0
0.00025972379182771603	0.0	0.0
0.0002590431258084632	0.0	0.0
0.00025845969779196077	0.0	0.0
0.0002576817937699575	0.0	0.0
0.00025690388974795424	0.0	0.0
0.00025602874772320057	0.0	0.0
0.0002552508437011973	0.0	0.0
0.00025447293967919405	0.0	0.0
0.0002535977976544404	0.0	0.0
0.00025281989363243714	0.0	0.0
0.0002519447516076834	0.0	0.0
0.0002510696095829298	0.0	0.0
0.0002500972295554257	0.0	0.0
0.0002491248495279216	0.0	0.0
0.0002481524695004175	0.0	0.0
0.00024708285147016307	0.0	0.0
0.0002460132334399086	0.0	0.0
0.0002449436154096541	0.0	0.0
0.00024397123538215	0.0	0.0
0.0002429016173518955	0.0	0.0
0.00024192923732439142	0.0	0.0
0.00024076238129138656	0.0	0.0
0.00023959552525838166	0.0	0.0
0.00023852590722812716	0.0	0.0
0.0002374562891978727	0.0	0.0
0.00023628943316486779	0.0	0.0
0.0002352198151346133	0.0	0.0
0.00023405295910160844	0.0	0.0
0.00023298334107135394	0.0	0.0
0.00023191372304109945	0.0	0.0
0.00023074686700809454	0.0	0.0
0.00022967724897784007	0.0	0.0
0.00022851039294483516	0.0	0.0
0.00022744077491458067	0.0	0.0
0.0002264683948870766	0.0	0.0
0.00022539877685682212	0.0	0.0
0.00022423192082381724	0.0	0.0
0.00022316230279356277	0.0	0.0
0.00022199544676055786	0.0	0.0
0.00022082859072755295	0.0	0.0
0.00021975897269729846	0.0	0.0
0.00021859211666429358	0.0	0.0
0.0002175224986340391	0.0	0.0
0.0002163556426010342	0.0	0.0
0.0002150915485652789	0.0	0.0
0.000213924692532274	0.0	0.0
0.00021266059849651872	0.0	0.0
0.00021139650446076342	0.0	0.0
0.0002101324104250081	0.0	0.0
0.0002088683163892528	0.0	0.0
0.00020770146035624794	0.0	0.0
0.00020643736632049262	0.0	0.0
0.0002052705102874877	0.0	0.0
0.000203909178248982	0.0	0.0
0.00020274232221597713	0.0	0.0
0.0002014782281802218	0.0	0.0
0.0002001168961417161	0.0	0.0
0.00019885280210596082	0.0	0.0
0.0001976859460729559	0.0	0.0
0.00019642185203720062	0.0	0.0
0.00019525499600419572	0.0	0.0
0.00019418537797394122	0.0	0.0
0.00019301852194093637	0.0	0.0
0.00019194890391068187	0.0	0.0
0.00019087928588042738	0.0	0.0
0.0001898096678501729	0.0	0.0
0.00018883728782266882	0.0	0.0
0.00018786490779516474	0.0	0.0
0.00018689252776766065	0.0	0.0
0.000186017385742907	0.0	0.0
0.00018504500571540292	0.0	0.0
0.00018416986369064925	0.0	0.0
0.00018329472166589558	0.0	0.0
0.00018241957964114193	0.0	0.0
0.00018164167561913864	0.0	0.0
0.00018076653359438497	0.0	0.0
0.00018008586757513212	0.0	0.0
0.00017921072555037844	0.0	0.0
0.00017853005953112562	0.0	0.0
0.00017775215550912233	0.0	0.0
0.00017687701348436866	0.0	0.0
0.0001760991094623654	0.0	0.0
0.00017532120544036213	0.0	0.0
0.0001745433014183589	0.0	0.0
0.0001737653973963556	0.0	0.0
0.00017298749337435235	0.0	0.0
0.00017220958935234909	0.0	0.0
0.00017143168533034585	0.0	0.0
0.000170751019311093	0.0	0.0
0.0001699731152890897	0.0	0.0
0.00016909797326433604	0.0	0.0
0.00016832006924233278	0.0	0.0
0.00016763940322307995	0.0	0.0
0.00016695873720382707	0.0	0.0
0.00016637530918732463	0.0	0.0
0.00016569464316807178	0.0	0.0
0.0001650139771488189	0.0	0.0
0.00016433331112956605	0.0	0.0
0.00016374988311306364	0.0	0.0
0.00016306921709381076	0.0	0.0
0.00016248578907730832	0.0	0.0
0.0001619995990635563	0.0	0.0
0.00016141617104705383	0.0	0.0
0.0001610272190360522	0.0	0.0
0.00016054102902230015	0.0	0.0
0.00016015207701129854	0.0	0.0
0.00015976312500029692	0.0	0.0
0.00015937417298929527	0.0	0.0
0.00015908245898104407	0.0	0.0
0.00015869350697004242	0.0	0.0
0.0001584017929617912	0.0	0.0
0.00015811007895353998	0.0	0.0
0.00015772112694253834	0.0	0.0
0.0001574294129342871	0.0	0.0
0.00015694322292053508	0.0	0.0
0.00015655427090953346	0.0	0.0
0.00015616531889853184	0.0	0.0
0.0001557763668875302	0.0	0.0
0.00015548465287927896	0.0	0.0
0.00015519293887102776	0.0	0.0
0.0001547067488572757	0.0	0.0
0.00015431779684627406	0.0	0.0
0.00015383160683252203	0.0	0.0
0.0001532481788160196	0.0	0.0
0.00015266475079951715	0.0	0.0
0.0001520813227830147	0.0	0.0
0.00015140065676376183	0.0	0.0
0.0001508172287472594	0.0	0.0
0.00015013656272800654	0.0	0.0
0.0001493586587060033	0.0	0.0
0.00014867799268675043	0.0	0.0
0.00014780285066199675	0.0	0.0
0.0001470249466399935	0.0	0.0
0.00014614980461523982	0.0	0.0
0.00014527466259048617	0.0	0.0
0.0001443995205657325	0.0	0.0
0.00014342714053822841	0.0	0.0
0.00014245476051072433	0.0	0.0
0.00014148238048322027	0.0	0.0
0.0001405100004557162	0.0	0.0
0.0001395376204282121	0.0	0.0
0.0001384680023979576	0.0	0.0
0.00013749562237045355	0.0	0.0
0.00013642600434019906	0.0	0.0
0.00013545362431269497	0.0	0.0
0.00013448124428519091	0.0	0.0
0.00013350886425768683	0.0	0.0
0.00013243924622743233	0.0	0.0
0.00013136962819717784	0.0	0.0
0.00013039724816967378	0.0	0.0
0.00012923039213666887	0.0	0.0
0.00012806353610366397	0.0	0.0
0.00012689668007065912	0.0	0.0
0.0001256325860349038	0.0	0.0
0.0001244657300018989	0.0	0.0
0.0001231043979633932	0.0	0.0
0.00012164582792213708	0.0	0.0
0.00012018725788088096	0.0	0.0
0.00011863144983687444	0.0	0.0
0.00011697840379011752	0.0	0.0
0.00011532535774336057	0.0	0.0
0.00011357507369385323	0.0	0.0
0.00011172755164159548	0.0	0.0
0.00010988002958933773	0.0	0.0
0.00010783803153157917	0.0	0.0
0.00010579603347382061	0.0	0.0
0.00010365679741331165	0.0	0.0
0.00010151756135280267	0.0	0.0
9.937832529229371e-05	0.0	0.0
9.714185122903432e-05	0.0	0.0
9.480813916302455e-05	0.0	0.0
9.266890310251557e-05	0.0	0.0
9.023795303375537e-05	0.0	0.0
8.8001478970496e-05	0.0	0.0
8.566776690448621e-05	0.0	0.0
8.323681683572603e-05	0.0	0.0
8.080586676696583e-05	0.0	0.0
7.847215470095604e-05	0.0	0.0
7.613844263494626e-05	0.0	0.0
7.370749256618606e-05	0.0	0.0
7.137378050017627e-05	0.0	0.0
6.904006843416649e-05	0.0	0.0
6.66091183654063e-05	0.0	0.0
6.41781682966461e-05	0.0	0.0
6.16499802251355e-05	0.0	0.0
5.912179215362491e-05	0.0	0.0
5.65936040821143e-05	0.0	0.0
5.396817800785329e-05	0.0	0.0
5.1245513930841875e-05	0.0	0.0
4.842561185108005e-05	0.0	0.0
4.5605709771318225e-05	0.0	0.0
4.268856968880599e-05	0.0	0.0
3.967419160354336e-05	0.0	0.0
3.64653375127799e-05	0.0	0.0
3.335372142476686e-05	0.0	0.0
3.004762933125299e-05	0.0	0.0
2.6838775240489536e-05	0.0	0.0
2.3435445144225268e-05	0.0	0.0
2.0032115047960996e-05	0.0	0.0
1.6531546948946317e-05	0.0	0.0
1.3128216852682045e-05	0.0	0.0
9.627648753667367e-06	0.0	0.0
6.127080654652689e-06	0.0	0.0
2.5292745528876025e-06	0.0	0.0
-9.712935461270755e-07	0.0	0.0
-4.471861645141754e-06	0.0	0.0
-7.777953738655617e-06	0.0	0.0
-1.1181283834919888e-05	0.0	0.0
-1.448737592843375e-05	0.0	0.0
-1.7793468021947614e-05	0.0	0.0
-2.1002322112711067e-05	0.0	0.0
-2.4211176203474523e-05	0.0	0.0
-2.7322792291487568e-05	0.0	0.0
-3.0531646382251024e-05	0.0	0.0
-3.354602446751367e-05	0.0	0.0
-3.6560402552776305e-05	0.0	0.0
-3.957478063803894e-05	0.0	0.0
-4.2491920720551176e-05	0.0	0.0
-4.5311822800313e-05	0.0	0.0
-4.8131724880074826e-05	0.0	0.0
-5.085438895708624e-05	0.0	0.0
-5.347981503134725e-05	0.0	0.0
-5.610524110560826e-05	0.0	0.0
-5.873066717986927e-05	0.0	0.0
-6.135609325413028e-05	0.0	0.0
-6.388428132564088e-05	0.0	0.0
-6.641246939715148e-05	0.0	0.0
-6.884341946591168e-05	0.0	0.0
-7.137160753742228e-05	0.0	0.0
-7.370531960343206e-05	0.0	0.0
-7.613626967219226e-05	0.0	0.0
-7.846998173820204e-05	0.0	0.0
-8.080369380421181e-05	0.0	0.0
-8.323464387297201e-05	0.0	0.0
-8.54711179362314e-05	0.0	0.0
-8.780483000224119e-05	0.0	0.0
-9.013854206825096e-05	0.0	0.0
-9.237501613151035e-05	0.0	0.0
-9.461149019476972e-05	0.0	0.0
-9.68479642580291e-05	0.0	0.0
-9.898720031853808e-05	0.0	0.0
-0.00010112643637904704	0.0	0.0
-0.0001031684344368056	0.0	0.0
-0.00010521043249456416	0.0	0.0
-0.00010725243055232273	0.0	0.0
-0.00010929442861008129	0.0	0.0
-0.00011114195066233904	0.0	0.0
-0.00011289223471184637	0.0	0.0
-0.00011464251876135372	0.0	0.0
-0.00011639280281086105	0.0	0.0
-0.0001181430868603684	0.0	0.0
-0.00011979613290712532	0.0	0.0
-0.00012144917895388225	0.0	0.0
-0.00012319946300338959	0.0	0.0
-0.00012494974705289693	0.0	0.0
-0.00012670003110240428	0.0	0.0
-0.0001283530771491612	0.0	0.0
-0.00013010336119866856	0.0	0.0
-0.00013185364524817588	0.0	0.0
-0.00013370116730043364	0.0	0.0
-0.00013554868935269137	0.0	0.0
-0.00013739621140494913	0.0	0.0
-0.00013934097145995727	0.0	0.0
-0.00014148020752046626	0.0	0.0
-0.0001435222055782248	0.0	0.0
-0.0001457586796414842	0.0	0.0
-0.00014799515370474356	0.0	0.0
-0.00015023162776800294	0.0	0.0
-0.00015256533983401272	0.0	0.0
-0.00015499628990277292	0.0	0.0
-0.0001575244779742835	0.0	0.0
-0.00016014990404854455	0.0	0.0
-0.00016287256812555595	0.0	0.0
-0.00016559523220256736	0.0	0.0
-0.00016860961028783	0.0	0.0
-0.00017152675037034225	0.0	0.0
-0.0001746383664583553	0.0	0.0
-0.00017784722054911873	0.0	0.0
-0.0001810560746398822	0.0	0.0
-0.00018445940473614647	0.0	0.0
-0.00018786273483241073	0.0	0.0
-0.00019136330293142542	0.0	0.0
-0.00019486387103044008	0.0	0.0
-0.00019836443912945475	0.0	0.0
-0.00020196224523121985	0.0	0.0
-0.00020556005133298493	0.0	0.0
-0.00020925509543750042	0.0	0.0
-0.0002129501395420159	0.0	0.0
-0.00021674242164928183	0.0	0.0
-0.00022053470375654773	0.0	0.0
-0.00022422974786106322	0.0	0.0
-0.0002279247919655787	0.0	0.0
-0.0002316198360700942	0.0	0.0
-0.0002352176421718593	0.0	0.0
-0.00023881544827362438	0.0	0.0
-0.00024231601637263905	0.0	0.0
-0.00024601106047715456	0.0	0.0
-0.00024951162857616925	0.0	0.0
-0.00025320667268068477	0.0	0.0
-0.00025690171678520023	0.0	0.0
-0.0002604995228869653	0.0	0.0
-0.0002641945669914808	0.0	0.0
-0.0002679868490987467	0.0	0.0
-0.0002716818932032622	0.0	0.0
-0.0002753769373077777	0.0	0.0
-0.0002791692194150436	0.0	0.0
-0.0002830587395250599	0.0	0.0
-0.0002868510216323258	0.0	0.0
-0.0002907405417423421	0.0	0.0
-0.0002946300618523584	0.0	0.0
-0.0002986168199651251	0.0	0.0
-0.00030250634007514146	0.0	0.0
-0.0003064930981879082	0.0	0.0
-0.0003105770943034253	0.0	0.0
-0.0003146610904189424	0.0	0.0
-0.0003186478485317091	0.0	0.0
-0.0003227318446472263	0.0	0.0
-0.000326718602759993	0.0	0.0
-0.0003307053608727597	0.0	0.0
-0.000334594880982776	0.0	0.0
-0.0003382899250872915	0.0	0.0
-0.000341984969191807	0.0	0.0
-0.0003456800132963225	0.0	0.0
-0.00034927781939808757	0.0	0.0
-0.0003527783874971022	0.0	0.0
-0.0003561817175933665	0.0	0.0
-0.0003594878096868804	0.0	0.0
-0.0003626966637776438	0.0	0.0
-0.0003658082798656569	0.0	0.0
-0.00036882265795091954	0.0	0.0
-0.0003719342740389326	0.0	0.0
-0.00037504589012694563	0.0	0.0
-0.0003779630302094578	0.0	0.0
-0.00038097740829472047	0.0	0.0
-0.0003838945483772327	0.0	0.0
-0.000386811688459745	0.0	0.0
-0.0003896315905395068	0.0	0.0
-0.0003924514926192686	0.0	0.0
-0.00039527139469903045	0.0	0.0
-0.00039828577278429306	0.0	0.0
-0.00040120291286680534	0.0	0.0
-0.00040431452895481833	0.0	0.0
-0.0004074261450428314	0.0	0.0
-0.00041063499913359487	0.0	0.0
-0.0004138438532243583	0.0	0.0
-0.00041724718332062256	0.0	0.0
-0.00042084498942238763	0.0	0.0
-0.00042444279552415276	0.0	0.0
-0.0004281378396286683	0.0	0.0
-0.00043183288373318374	0.0	0.0
-0.00043581964184595046	0.0	0.0
-0.0004399036379614676	0.0	0.0
-0.00044398763407698473	0.0	0.0
-0.00044836334420075304	0.0	0.0
-0.0004528362923272718	0.0	0.0
-0.000457406478456541	0.0	0.0
-0.0004622683785940613	0.0	0.0
-0.00046703304072883133	0.0	0.0
-0.0004719921788691021	0.0	0.0
-0.00047685407900662256	0.0	0.0
-0.0004818132171468933	0.0	0.0
-0.00048686959328991456	0.0	0.0
-0.0004919259694329357	0.0	0.0
-0.0004970795835787073	0.0	0.0
-0.000502233197724479	0.0	0.0
-0.0005074840498730009	0.0	0.0
-0.000512734902021523	0.0	0.0
-0.000517985754170045	0.0	0.0
-0.0005232366063185669	0.0	0.0
-0.0005286819344725898	0.0	0.0
-0.0005341272626266127	0.0	0.0
-0.0005395725907806354	0.0	0.0
-0.0005453096329429096	0.0	0.0
-0.0005510466751051836	0.0	0.0
-0.0005570754312757089	0.0	0.0
-0.0005631041874462341	0.0	0.0
-0.0005693274196222603	0.0	0.0
-0.0005757451278037872	0.0	0.0
-0.0005822600739880645	0.0	0.0
-0.0005888722581750922	0.0	0.0
-0.0005956789183676208	0.0	0.0
-0.0006024855785601493	0.0	0.0
-0.0006094867147581787	0.0	0.0
-0.0006166823269617088	0.0	0.0
-0.0006239751771679895	0.0	0.0
-0.00063126802737427	0.0	0.0
-0.0006387553535860515	0.0	0.0
-0.0006463399178005833	0.0	0.0
-0.0006539244820151151	0.0	0.0
-0.0006617035222351476	0.0	0.0
-0.0006694825624551802	0.0	0.0
-0.0006773588406779633	0.0	0.0
-0.0006854295949062471	0.0	0.0
-0.0006934031111317805	0.0	0.0
-0.0007015711033628148	0.0	0.0
-0.0007099335715993499	0.0	0.0
-0.000718101563830384	0.0	0.0
-0.0007264640320669191	0.0	0.0
-0.0007348265003034542	0.0	0.0
-0.0007431889685399893	0.0	0.0
-0.0007515514367765244	0.0	0.0
-0.0007599139050130595	0.0	0.0
-0.0007682763732495946	0.0	0.0
-0.0007767360794888799	0.0	0.0
-0.000785098547725415	0.0	0.0
-0.0007936554919674509	0.0	0.0
-0.000802017960203986	0.0	0.0
-0.0008104776664432714	0.0	0.0
-0.000818937372682557	0.0	0.0
-0.0008272998409190919	0.0	0.0
-0.0008355650711528766	0.0	0.0
-0.0008439275393894117	0.0	0.0
-0.000852095531620446	0.0	0.0
-0.0008603607618542306	0.0	0.0
-0.0008684315160825145	0.0	0.0
-0.0008765995083135487	0.0	0.0
-0.0008846702625418326	0.0	0.0
-0.0008926437787673661	0.0	0.0
-0.0009006172949928995	0.0	0.0
-0.0009084935732156825	0.0	0.0
-0.0009162726134357151	0.0	0.0
-0.0009237599396474965	0.0	0.0
-0.000931052789853777	0.0	0.0
-0.0009382484020573072	0.0	0.0
-0.0009452495382553366	0.0	0.0
-0.0009520561984478651	0.0	0.0
-0.0009585711446321425	0.0	0.0
-0.0009649888528136694	0.0	0.0
-0.000971114846986945	0.0	0.0
-0.00097704636515472	0.0	0.0
-0.0009826861693142436	0.0	0.0
-0.0009881314974682664	0.0	0.0
-0.0009932851116140381	0.0	0.0
-0.0009983414877570592	0.0	0.0
-0.0010031061498918293	0.0	0.0
-0.0010077735740238486	0.0	0.0
-0.001012149284147617	0.0	0.0
-0.001016427756268635	0.0	0.0
-0.0010204145143814017	0.0	0.0
-0.0010243040344914182	0.0	0.0
-0.0010279990785959335	0.0	0.0
-0.0010314996466949482	0.0	0.0
-0.0010349029767912127	0.0	0.0
-0.0010382090688847263	0.0	0.0
-0.0010414179229754899	0.0	0.0
-0.0010447240150690037	0.0	0.0
-0.001047932869159767	0.0	0.0
-0.0010512389612532809	0.0	0.0
-0.001054545053346795	0.0	0.0
-0.0010577539074375583	0.0	0.0
-0.0010611572375338225	0.0	0.0
-0.0010645605676300868	0.0	0.0
-0.001067963897726351	0.0	0.0
-0.0010713672278226155	0.0	0.0
-0.0010749650339243804	0.0	0.0
-0.0010785628400261456	0.0	0.0
-0.001082257884130661	0.0	0.0
-0.0010861474042406774	0.0	0.0
-0.0010900369243506936	0.0	0.0
-0.0010940236824634605	0.0	0.0
-0.001098010440576227	0.0	0.0
-0.0011020944366917443	0.0	0.0
-0.0011059839568017605	0.0	0.0
-0.001109873476911777	0.0	0.0
-0.0011137629970217932	0.0	0.0
-0.0011175552791290592	0.0	0.0
-0.001121347561236325	0.0	0.0
-0.00112494536733809	0.0	0.0
-0.0011284459354371048	0.0	0.0
-0.001131849265533369	0.0	0.0
-0.0011349608816213822	0.0	0.0
-0.0011379752597066447	0.0	0.0
-0.001140697923783656	0.0	0.0
-0.0011433233498579173	0.0	0.0
-0.0011457542999266772	0.0	0.0
-0.0011481852499954375	0.0	0.0
-0.0011503244860559465	0.0	0.0
-0.0011524637221164554	0.0	0.0
-0.001154505720174214	0.0	0.0
-0.0011562560042237215	0.0	0.0
-0.0011579090502704783	0.0	0.0
-0.0011593676203117344	0.0	0.0
-0.0011608261903529903	0.0	0.0
-0.0011621875223914962	0.0	0.0
-0.0011636460924327524	0.0	0.0
-0.0011649101864685076	0.0	0.0
-0.0011663687565097638	0.0	0.0
-0.0011678273265510197	0.0	0.0
-0.0011692858965922758	0.0	0.0
-0.0011708417046362824	0.0	0.0
-0.001172397512680289	0.0	0.0
-0.001174050558727046	0.0	0.0
-0.0011757036047738028	0.0	0.0
-0.0011775511268260605	0.0	0.0
-0.0011794958868810688	0.0	0.0
-0.0011815378849388274	0.0	0.0
-0.0011836771209993362	0.0	0.0
-0.001186010833065346	0.0	0.0
-0.0011883445451313559	0.0	0.0
-0.0011907754952001162	0.0	0.0
-0.0011933036832716267	0.0	0.0
-0.0011959291093458877	0.0	0.0
-0.0011985545354201489	0.0	0.0
-0.0012013744374999105	0.0	0.0
-0.001204097101576922	0.0	0.0
-0.0012069170036566837	0.0	0.0
-0.0012097369057364456	0.0	0.0
-0.001212459569813457	0.0	0.0
-0.0012152794718932188	0.0	0.0
-0.0012180993739729807	0.0	0.0
-0.0012209192760527425	0.0	0.0
-0.0012237391781325041	0.0	0.0
-0.0012264618422095158	0.0	0.0
-0.0012292817442892776	0.0	0.0
-0.0012321016463690392	0.0	0.0
-0.0012348243104460508	0.0	0.0
-0.0012374497365203118	0.0	0.0
-0.0012399779245918223	0.0	0.0
-0.001242506112663333	0.0	0.0
-0.001244839824729343	0.0	0.0
-0.0012471735367953526	0.0	0.0
-0.0012493127728558616	0.0	0.0
-0.001251549246919121	0.0	0.0
-0.0012536884829796298	0.0	0.0
-0.0012558277190401388	0.0	0.0
-0.0012578697170978973	0.0	0.0
-0.0012600089531584065	0.0	0.0
-0.0012621481892189153	0.0	0.0
-0.0012643846632821748	0.0	0.0
-0.0012665238993426837	0.0	0.0
-0.0012686631354031927	0.0	0.0
-0.0012707051334609513	0.0	0.0
-0.0012729416075242107	0.0	0.0
-0.0012751780815874701	0.0	0.0
-0.0012774145556507294	0.0	0.0
-0.0012797482677167392	0.0	0.0
-0.0012821792177854993	0.0	0.0
-0.0012847074058570098	0.0	0.0
-0.0012872355939285206	0.0	0.0
-0.0012897637820000311	0.0	0.0
-0.001292389208074292	0.0	0.0
-0.001295014634148553	0.0	0.0
-0.0012977372982255647	0.0	0.0
-0.0013003627242998254	0.0	0.0
-0.0013031826263795875	0.0	0.0
-0.0013059052904565989	0.0	0.0
-0.0013087251925363605	0.0	0.0
-0.001311642332618873	0.0	0.0
-0.0013144622346986348	0.0	0.0
-0.0013172821367783965	0.0	0.0
-0.0013201020388581583	0.0	0.0
-0.0013230191789406708	0.0	0.0
-0.0013258390810204324	0.0	0.0
-0.0013286589831001943	0.0	0.0
-0.001331478885179956	0.0	0.0
-0.0013343960252624682	0.0	0.0
-0.0013372159273422302	0.0	0.0
-0.0013402303054274927	0.0	0.0
-0.001343147445510005	0.0	0.0
-0.0013460645855925173	0.0	0.0
-0.0013489817256750294	0.0	0.0
-0.0013518988657575416	0.0	0.0
-0.0013546215298345533	0.0	0.0
-0.001357246955908814	0.0	0.0
-0.0013597751439803248	0.0	0.0
-0.0013621088560463346	0.0	0.0
-0.0013643453301095938	0.0	0.0
-0.0013664845661701028	0.0	0.0
-0.0013685265642278614	0.0	0.0
-0.001370374086280119	0.0	0.0
-0.001372027132326876	0.0	0.0
-0.0013734857023681322	0.0	0.0
-0.0013745553203983866	0.0	0.0
-0.0013754304624231403	0.0	0.0
-0.001376013890439643	0.0	0.0
-0.001376305604447894	0.0	0.0
-0.0013764028424506445	0.0	0.0
-0.001376305604447894	0.0	0.0
-0.0013761111284423932	0.0	0.0
-0.0013757221764313916	0.0	0.0
-0.0013751387484148892	0.0	0.0
-0.0013745553203983866	0.0	0.0
-0.0013737774163763835	0.0	0.0
-0.0013729995123543802	0.0	0.0
-0.001372221608332377	0.0	0.0
-0.0013714437043103737	0.0	0.0
-0.00137056856228562	0.0	0.0
-0.0013696934202608664	0.0	0.0
-0.0013689155162388631	0.0	0.0
-0.0013681376122168598	0.0	0.0
-0.0013673597081948566	0.0	0.0
-0.0013668735181811046	0.0	0.0
-0.0013663873281673524	0.0	0.0
-0.001366290090164602	0.0	0.0
-0.0013661928521618517	0.0	0.0
-0.0013661928521618517	0.0	0.0
-0.001366290090164602	0.0	0.0
-0.0013664845661701028	0.0	0.0
-0.0013666790421756037	0.0	0.0
-0.0013668735181811046	0.0	0.0
-0.0013670679941866052	0.0	0.0
-0.0013673597081948566	0.0	0.0
-0.0013675541842003574	0.0	0.0
-0.001367748660205858	0.0	0.0
-0.001367943136211359	0.0	0.0
-0.001367943136211359	0.0	0.0
-0.0013680403742141094	0.0	0.0
-0.001367943136211359	0.0	0.0
-0.0013676514222031079	0.0	0.0
-0.0013672624701921061	0.0	0.0
-0.0013667762801783541	0.0	0.0
-0.0013660956141591013	0.0	0.0
-0.0013652204721343476	0.0	0.0
-0.0013640536161013425	0.0	0.0
-0.0013626922840628368	0.0	0.0
-0.0013611364760188305	0.0	0.0
-0.0013592889539665728	0.0	0.0
-0.0013571497179060636	0.0	0.0
-0.0013547187678373035	0.0	0.0
-0.0013520933417630425	0.0	0.0
-0.0013489817256750294	0.0	0.0
-0.0013454811575760149	0.0	0.0
-0.0013415916374659984	0.0	0.0
-0.0013372159273422302	0.0	0.0
-0.0013322567892019592	0.0	0.0
-0.0013269086990506868	0.0	0.0
-0.0013210744188856625	0.0	0.0
-0.0013148511867096364	0.0	0.0
-0.001308141764519858	0.0	0.0
-0.001300946152316328	0.0	0.0
-0.0012932643500990458	0.0	0.0
-0.0012851935958707618	0.0	0.0
-0.0012766366516287263	0.0	0.0
-0.0012676907553756886	0.0	0.0
-0.0012583559071116495	0.0	0.0
-0.0012487293448393592	0.0	0.0
-0.0012389083065615677	0.0	0.0
-0.0012286983162727752	0.0	0.0
-0.0012182938499784815	0.0	0.0
-0.001207694907678687	0.0	0.0
-0.0011968042513706414	0.0	0.0
-0.0011856218810543445	0.0	0.0
-0.001174245034732547	0.0	0.0
-0.0011627709504079986	0.0	0.0
-0.0011511996280807002	0.0	0.0
-0.0011396283057534015	0.0	0.0
-0.0011279597454233528	0.0	0.0
-0.0011162911850933037	0.0	0.0
-0.0011045253867605046	0.0	0.0
-0.0010928568264304554	0.0	0.0
-0.0010811882661004068	0.0	0.0
-0.0010695197057703576	0.0	0.0
-0.0010580456214458096	0.0	0.0
-0.0010465715371212614	0.0	0.0
-0.0010351946907994638	0.0	0.0
-0.0010239150824804164	0.0	0.0
-0.001012635474161369	0.0	0.0
-0.0010013558658423219	0.0	0.0
-0.0009900762575232745	0.0	0.0
-0.0009787966492042271	0.0	0.0
-0.0009676142788879303	0.0	0.0
-0.0009565291465743838	0.0	0.0
-0.0009455412522635878	0.0	0.0
-0.0009345533579527917	0.0	0.0
-0.0009237599396474965	0.0	0.0
-0.0009130637593449516	0.0	0.0
-0.0009023675790424067	0.0	0.0
-0.0008918658747453628	0.0	0.0
-0.000881461408451069	0.0	0.0
-0.0008712514181622763	0.0	0.0
-0.0008612359038789843	0.0	0.0
-0.000851414865601193	0.0	0.0
-0.0008418855413316532	0.0	0.0
-0.000832550693067614	0.0	0.0
-0.000823507558811826	0.0	0.0
-0.0008147561385642894	0.0	0.0
-0.0008063936703277543	0.0	0.0
-0.0007983229160994704	0.0	0.0
-0.0007905438758794379	0.0	0.0
-0.0007830565496676565	0.0	0.0
-0.0007758609374641264	0.0	0.0
-0.0007688598012660969	0.0	0.0
-0.0007620531410735684	0.0	0.0
-0.0007554409568865407	0.0	0.0
-0.0007490232487050138	0.0	0.0
-0.0007428000165289877	0.0	0.0
-0.0007367712603584624	0.0	0.0
-0.0007310342181961883	0.0	0.0
-0.0007253944140366647	0.0	0.0
-0.0007198518478798915	0.0	0.0
-0.0007144065197258686	0.0	0.0
-0.0007090584295745962	0.0	0.0
-0.0007036131014205733	0.0	0.0
-0.0006981677732665506	0.0	0.0
-0.0006928196831152781	0.0	0.0
-0.0006874715929640056	0.0	0.0
-0.0006821235028127333	0.0	0.0
-0.0006767754126614608	0.0	0.0
-0.000671330084507438	0.0	0.0
-0.0006657875183506647	0.0	0.0
-0.000660147714191141	0.0	0.0
-0.0006543134340261166	0.0	0.0
-0.0006483819158583417	0.0	0.0
-0.0006421586836823157	0.0	0.0
-0.0006359354515062896	0.0	0.0
-0.0006294205053220122	0.0	0.0
-0.0006228083211349846	0.0	0.0
-0.0006160016609424561	0.0	0.0
-0.000609097762747177	0.0	0.0
-0.0006020966265491476	0.0	0.0
-0.0005949982523483679	0.0	0.0
-0.0005877054021420873	0.0	0.0
-0.0005804125519358067	0.0	0.0
-0.0005730224637267758	0.0	0.0
-0.0005656323755177449	0.0	0.0
-0.0005581450493059633	0.0	0.0
-0.0005507549610969324	0.0	0.0
-0.0005431703968824006	0.0	0.0
-0.0005356830706706192	0.0	0.0
-0.0005281957444588377	0.0	0.0
-0.0005207084182470564	0.0	0.0
-0.0005133183300380255	0.0	0.0
-0.0005059282418289944	0.0	0.0
-0.0004988298676282146	0.0	0.0
-0.0004916342554246845	0.0	0.0
-0.0004846331192266551	0.0	0.0
-0.0004774375070231249	0.0	0.0
-0.00047024189481959476	0.0	0.0
-0.0004630462826160646	0.0	0.0
-0.00045575343240978407	0.0	0.0
-0.00044855782020625386	0.0	0.0
-0.0004413622080027237	0.0	0.0
-0.0004340693577964431	0.0	0.0
-0.00042697098359566335	0.0	0.0
-0.0004197753713921332	0.0	0.0
-0.00041277423519410386	0.0	0.0
-0.00040567586099332404	0.0	0.0
-0.00039877196279804514	0.0	0.0
-0.00039186806460276614	0.0	0.0
-0.000385158642412988	0.0	0.0
-0.00037854645822596027	0.0	0.0
-0.00037212875004443335	0.0	0.0
-0.00036600275587115775	0.0	0.0
-0.0003599739997006324	0.0	0.0
-0.00035413971953560797	0.0	0.0
-0.00034869439138158516	0.0	0.0
-0.0003433463012303127	0.0	0.0
-0.00033848440109279234	0.0	0.0
-0.00033371973895802233	0.0	0.0
-0.0003291495528287532	0.0	0.0
-0.00032467660470223445	0.0	0.0
-0.00032039813258121646	0.0	0.0
-0.00031611966046019854	0.0	0.0
-0.0003121329023474318	0.0	0.0
-0.0003081461442346651	0.0	0.0
-0.00030425662412464875	0.0	0.0
-0.0003005615800201333	0.0	0.0
-0.0002968665359156178	0.0	0.0
-0.00029336596781660314	0.0	0.0
-0.00028957368570933724	0.0	0.0
-0.00028597587960757216	0.0	0.0
-0.0002820863594975558	0.0	0.0
-0.00027819683938753954	0.0	0.0
-0.0002741128432720224	0.0	0.0
-0.0002699316091537549	0.0	0.0
-0.0002655558990299865	0.0	0.0
-0.00026118018890621816	0.0	0.0
-0.0002565127647741986	0.0	0.0
-0.0002519425786449294	0.0	0.0
-0.0002469834405046586	0.0	0.0
-0.00024182982635888704	0.0	0.0
-0.000236578974210365	0.0	0.0
-0.00023093917005084137	0.0	0.0
-0.0002251048898858169	0.0	0.0
-0.0002188816577097908	0.0	0.0
-0.00021265842553376473	0.0	0.0
-0.00020614347934948737	0.0	0.0
-0.00019962853316521007	0.0	0.0
-0.00019301634897818235	0.0	0.0
-0.00018640416479115464	0.0	0.0
-0.0001796947426013765	0.0	0.0
-0.00017298532041159833	0.0	0.0
-0.0001661786602190698	0.0	0.0
-0.00015946923802929167	0.0	0.0
-0.00015266257783676313	0.0	0.0
-0.0001458559176442346	0.0	0.0
-0.00013904925745170603	0.0	0.0
-0.0001322425972591775	0.0	0.0
-0.00012563041307214978	0.0	0.0
-0.00011892099088237166	0.0	0.0
-0.00011230880669534393	0.0	0.0
-0.00010559938450556579	0.0	0.0
-9.908443832128849e-05	0.0	0.0
-9.247225413426075e-05	0.0	0.0
-8.586006994723303e-05	0.0	0.0
-7.915064775745489e-05	0.0	0.0
-7.253846357042716e-05	0.0	0.0
-6.582904138064904e-05	0.0	0.0
-5.91196191908709e-05	0.0	0.0
-5.250743500384317e-05	0.0	0.0
-4.608972682231626e-05	0.0	0.0
-3.976925664353976e-05	0.0	0.0
-3.354602446751367e-05	0.0	0.0
-2.7517268296988387e-05	0.0	0.0
-2.1682988131963924e-05	0.0	0.0
-1.5945945969689866e-05	0.0	0.0
-1.0403379812916625e-05	0.0	0.0
-5.152527664394608e-06	0.0	0.0
-2.906275268742214e-07	0.0	0.0
4.182320599644534e-06	0.0	0.0
8.266316715161658e-06	0.0	0.0
1.1766884814176338e-05	0.0	0.0
1.4878500902189385e-05	0.0	0.0
1.750392697645039e-05	0.0	0.0
1.9643163036959365e-05	0.0	0.0
2.158792309196752e-05	0.0	0.0
2.294925513047323e-05	0.0	0.0
2.401887316072771e-05	0.0	0.0
2.450506317447975e-05	0.0	0.0
2.4796777182730973e-05	0.0	0.0
2.450506317447975e-05	0.0	0.0
2.3921635157977307e-05	0.0	0.0
2.314373113597404e-05	0.0	0.0
2.207411310571956e-05	0.0	0.0
2.0810019069964255e-05	0.0	0.0
1.935144902870814e-05	0.0	0.0
1.769840298195121e-05	0.0	0.0
1.5753642926943055e-05	0.0	0.0
1.3711644869184492e-05	0.0	0.0
1.1475170805925115e-05	0.0	0.0
8.946982734414513e-06	0.0	0.0
6.321556660153505e-06	0.0	0.0
3.50165458039168e-06	0.0	0.0
4.872764951290404e-07	0.0	0.0
-2.8188155983848224e-06	0.0	0.0
-6.124907691898685e-06	0.0	0.0
-9.722713793663771e-06	0.0	0.0
-1.3514995900929674e-05	0.0	0.0
-1.750175401369639e-05	0.0	0.0
-2.178022613471433e-05	0.0	0.0
-2.6253174261233086e-05	0.0	0.0
-3.0920598393252655e-05	0.0	0.0
-3.578249853077304e-05	0.0	0.0
-4.103335067929506e-05	0.0	0.0
-4.65759168360683e-05	0.0	0.0
-5.221572099559195e-05	0.0	0.0
-5.814723916336682e-05	0.0	0.0
-6.407875733114169e-05	0.0	0.0
-6.991303749616616e-05	0.0	0.0
-7.584455566394102e-05	0.0	0.0
-8.17760738317159e-05	0.0	0.0
-8.780483000224119e-05	0.0	0.0
-9.393082417551686e-05	0.0	0.0
-0.00010015405635154297	0.0	0.0
-0.00010647452653031948	0.0	0.0
-0.00011289223471184637	0.0	0.0
-0.0001194071808961237	0.0	0.0
-0.0001258248890776506	0.0	0.0
-0.0001322425972591775	0.0	0.0
-0.00013875754344345486	0.0	0.0
-0.00014536972763048257	0.0	0.0
-0.0001520791498202607	0.0	0.0
-0.00015898304801553964	0.0	0.0
-0.0001660814222163194	0.0	0.0
-0.00017327703441984957	0.0	0.0
-0.00018076436063163096	0.0	0.0
-0.00018834892484616278	0.0	0.0
-0.000196030727063445	0.0	0.0
-0.00020400424328897843	0.0	0.0
-0.00021197775951451185	0.0	0.0
-0.0002200485137427957	0.0	0.0
-0.00022821650597382994	0.0	0.0
-0.00023628726020211377	0.0	0.0
-0.0002443580144303976	0.0	0.0
-0.0002521370546504302	0.0	0.0
-0.000259721618864962	0.0	0.0
-0.0002669172310684922	0.0	0.0
-0.0002738211292637712	0.0	0.0
-0.0002804333134507989	0.0	0.0
-0.00028665654562682496	0.0	0.0
-0.00029239358778909903	0.0	0.0
-0.0002977416779403715	0.0	0.0
-0.00030250634007514146	0.0	0.0
-0.0003067848121961594	0.0	0.0
-0.0003104798563006749	0.0	0.0
-0.00031368871039143834	0.0	0.0
-0.00031641137446844974	0.0	0.0
-0.00031855061052895873	0.0	0.0
-0.00032010641857296526	0.0	0.0
-0.0003212732746059702	0.0	0.0
-0.00032205117862797337	0.0	0.0
-0.00032234289263622463	0.0	0.0
-0.000322440130638975	0.0	0.0
-0.0003222456546334742	0.0	0.0
-0.00032185670262247255	0.0	0.0
-0.000321467750611471	0.0	0.0
-0.00032088432259496855	0.0	0.0
-0.0003203008945784661	0.0	0.0
-0.0003197174665619636	0.0	0.0
-0.00031903680054271076	0.0	0.0
-0.0003184533725262083	0.0	0.0
-0.0003178699445097059	0.0	0.0
-0.00031728651649320347	0.0	0.0
-0.0003168003264794514	0.0	0.0
-0.00031641137446844974	0.0	0.0
-0.0003160224224574481	0.0	0.0
-0.0003157307084491969	0.0	0.0
-0.00031563347044644645	0.0	0.0
-0.0003154389944409457	0.0	0.0
-0.0003153417564381953	0.0	0.0
-0.0003153417564381953	0.0	0.0
-0.00031524451843544486	0.0	0.0
-0.0003151472804326945	0.0	0.0
-0.00031495280442719366	0.0	0.0
-0.0003146610904189424	0.0	0.0
-0.00031417490040519037	0.0	0.0
-0.00031359147238868795	0.0	0.0
-0.00031281356836668466	0.0	0.0
-0.000311938426341931	0.0	0.0
-0.0003110632843171773	0.0	0.0
-0.0003099936662869228	0.0	0.0
-0.00030882681025391794	0.0	0.0
-0.00030765995422091306	0.0	0.0
-0.00030629862218240736	0.0	0.0
-0.00030493729014390166	0.0	0.0
-0.00030338148209989514	0.0	0.0
-0.0003017284360531382	0.0	0.0
-0.00029988091400088044	0.0	0.0
-0.0002977416779403715	0.0	0.0
-0.0002954079658743617	0.0	0.0
-0.00029287977780285106	0.0	0.0
-0.0002901571137258397	0.0	0.0
-0.0002872399736433274	0.0	0.0
-0.000284031119552564	0.0	0.0
-0.0002807250274590501	0.0	0.0
-0.0002773216973627858	0.0	0.0
-0.00027372389126102074	0.0	0.0
-0.0002700288471565053	0.0	0.0
-0.0002662365650492394	0.0	0.0
-0.0002623470449392231	0.0	0.0
-0.00025845752482920676	0.0	0.0
-0.00025447076671644003	0.0	0.0
-0.0002504840086036733	0.0	0.0
-0.0002464972504909066	0.0	0.0
-0.0002427049683836407	0.0	0.0
-0.0002391071622818756	0.0	0.0
-0.00023570383218561133	0.0	0.0
-0.00023259221609759828	0.0	0.0
-0.00022977231401783647	0.0	0.0
-0.0002272441259463259	0.0	0.0
-0.0002251048898858169	0.0	0.0
-0.00022325736783355916	0.0	0.0
-0.00022160432178680223	0.0	0.0
-0.0002203402277510469	0.0	0.0
-0.00021936784772354285	0.0	0.0
-0.0002185899437015396	0.0	0.0
-0.00021800651568503713	0.0	0.0
-0.0002175203256712851	0.0	0.0
-0.00021732584966578427	0.0	0.0
-0.00021722861166303386	0.0	0.0
-0.00021732584966578427	0.0	0.0
-0.0002176175636740355	0.0	0.0
-0.00021810375368778754	0.0	0.0
-0.0002185899437015396	0.0	0.0
-0.00021927060972079244	0.0	0.0
-0.00021985403773729488	0.0	0.0
-0.00022053470375654773	0.0	0.0
-0.00022102089377029976	0.0	0.0
-0.000221312607778551	0.0	0.0
-0.00022160432178680223	0.0	0.0
-0.0002217015597895526	0.0	0.0
-0.00022179879779230302	0.0	0.0
-0.0002217015597895526	0.0	0.0
-0.00022150708378405182	0.0	0.0
-0.00022111813177305017	0.0	0.0
-0.00022063194175929815	0.0	0.0
-0.0002199512757400453	0.0	0.0
-0.0002189788957125412	0.0	0.0
-0.0002176175636740355	0.0	0.0
-0.00021606175563002898	0.0	0.0
-0.0002140197575722704	0.0	0.0
-0.00021168604550626064	0.0	0.0
-0.00020896338142924924	0.0	0.0
-0.00020585176534123616	0.0	0.0
-0.00020215672123672068	0.0	0.0
-0.00019816996312395395	0.0	0.0
-0.0001935997769946848	0.0	0.0
-0.0001884461628489132	0.0	0.0
-0.00018280635868938954	0.0	0.0
-0.00017668036451611385	0.0	0.0
-0.00016997094232633572	0.0	0.0
-0.00016277533012280554	0.0	0.0
-0.00015519076590827374	0.0	0.0
-0.0001471200116799899	0.0	0.0
-0.00013875754344345486	0.0	0.0
-0.00013000612319591815	0.0	0.0
-0.00012096298894013022	0.0	0.0
-0.00011162814067609108	0.0	0.0
-0.00010209881640655112	0.0	0.0
-9.237501613151035e-05	0.0	0.0
-8.265121585646956e-05	0.0	0.0
-7.29274155814288e-05	0.0	0.0
-6.320361530638802e-05	0.0	0.0
-5.3771529039598476e-05	0.0	0.0
-4.453391877830974e-05	0.0	0.0
-3.5296308517021e-05	0.0	0.0
-2.6253174261233086e-05	0.0	0.0
-1.7404516010945983e-05	0.0	0.0
-8.653095763409287e-06	0.0	0.0
-9.615152137340592e-08	0.0	0.0
8.266316715161658e-06	0.0	0.0
1.643430894619591e-05	0.0	0.0
2.4407825171729346e-05	0.0	0.0
3.238134139726278e-05	0.0	0.0
4.02576196200458e-05	0.0	0.0
4.803665984007842e-05	0.0	0.0
5.591293806286145e-05	0.0	0.0
6.378921628564447e-05	0.0	0.0
7.195720851667873e-05	0.0	0.0
8.012520074771296e-05	0.0	0.0
8.868214498974886e-05	0.0	0.0
9.753080324003595e-05	0.0	0.0
0.00010676841350132468	0.0	0.0
0.00011639497577361506	0.0	0.0
0.00012631325205415665	0.0	0.0
0.00013662048034569988	0.0	0.0
0.00014731666064824473	0.0	0.0
0.00015820731695629037	0.0	0.0
0.00016938968727258727	0.0	0.0
0.00018066929559163456	0.0	0.0
0.0001924350939244339	0.0	0.0
0.00020429813025998365	0.0	0.0
0.0002166473566092854	0.0	0.0
0.00022919105896408804	0.0	0.0
0.00024222095133264265	0.0	0.0
0.0002554453197066981	0.0	0.0
0.0002690586400917552	0.0	0.0
0.0002827691984795627	0.0	0.0
0.0002965769948701206	0.0	0.0
0.0003103847912606785	0.0	0.0
0.000324095349648486	0.0	0.0
0.00033780590803629345	0.0	0.0
0.00035132199041860014	0.0	0.0
0.0003647408347981564	0.0	0.0
0.0003779652031722118	0.0	0.0
0.0003908978575380161	0.0	0.0
0.00040353879789556906	0.0	0.0
0.0004159852622476213	0.0	0.0
0.00042794553658592147	0.0	0.0
0.00043941962091046955	0.0	0.0
0.00045060199122676643	0.0	0.0
0.0004613954095320617	0.0	0.0
0.0004717998758263553	0.0	0.0
0.00048191262811239774	0.0	0.0
0.0004918309043929393	0.0	0.0
0.0005015547046679801	0.0	0.0
0.0005112785049430209	0.0	0.0
0.0005209050672153111	0.0	0.0
0.0005305316294876016	0.0	0.0
0.0005402554297626424	0.0	0.0
0.0005498819920349327	0.0	0.0
0.0005596057923099735	0.0	0.0
0.0005693295925850143	0.0	0.0
0.0005794423448710566	0.0	0.0
0.0005896523351598495	0.0	0.0
0.0006002512774596439	0.0	0.0
0.00061123917177044	0.0	0.0
0.0006225187800894872	0.0	0.0
0.0006341873404195362	0.0	0.0
0.0006460503767550859	0.0	0.0
0.0006582051270988869	0.0	0.0
0.0006703598774426879	0.0	0.0
0.0006828063417947401	0.0	0.0
0.0006952528061467923	0.0	0.0
0.0007077965085015949	0.0	0.0
0.0007203402108563974	0.0	0.0
0.0007328839132112001	0.0	0.0
0.0007453303775632523	0.0	0.0
0.0007576796039125541	0.0	0.0
0.0007698343542563551	0.0	0.0
0.0007817946285946552	0.0	0.0
0.0007934631889247041	0.0	0.0
0.0008049372732492523	0.0	0.0
0.0008161196435655492	0.0	0.0
0.0008269130618708444	0.0	0.0
0.0008374147661678883	0.0	0.0
0.0008475275184539309	0.0	0.0
0.0008571540807262211	0.0	0.0
0.0008665861669930107	0.0	0.0
0.000875726539251549	0.0	0.0
0.0008845751975018361	0.0	0.0
0.0008934238557521233	0.0	0.0
0.0009020780379969096	0.0	0.0
0.0009108294582444462	0.0	0.0
0.0009197753544974837	0.0	0.0
0.0009287212507505212	0.0	0.0
0.0009379588610118099	0.0	0.0
0.0009470992332703483	0.0	0.0
0.0009564340815343875	0.0	0.0
0.0009657689297984266	0.0	0.0
0.000975395492070717	0.0	0.0
0.0009850220543430072	0.0	0.0
0.0009950375686262993	0.0	0.0
0.0010053447969178427	0.0	0.0
0.001015943739217637	0.0	0.0
0.001026931633528433	0.0	0.0
0.0010383084798502307	0.0	0.0
0.0010500742781830302	0.0	0.0
0.0010622290285268311	0.0	0.0
0.0010747727308816337	0.0	0.0
0.001087510909241937	0.0	0.0
0.001100638039613242	0.0	0.0
0.001113959645990048	0.0	0.0
0.001127767442380606	0.0	0.0
0.0011417697147766647	0.0	0.0
0.001156160939183725	0.0	0.0
0.0011711355916072877	0.0	0.0
0.0011864019580391017	0.0	0.0
0.0012021545144846677	0.0	0.0
0.0012182960229412355	0.0	0.0
0.001234632007403304	0.0	0.0
0.001251356943876374	0.0	0.0
0.0012682763563549452	0.0	0.0
0.0012852930068362664	0.0	0.0
0.0013025041333230886	0.0	0.0
0.0013198124978126612	0.0	0.0
0.0013370236242994833	0.0	0.0
0.0013540402747808048	0.0	0.0
0.0013709596872593756	0.0	0.0
0.001387781861735196	0.0	0.0
0.001404215084200015	0.0	0.0
0.0014202593546538322	0.0	0.0
0.0014361091491021487	0.0	0.0
0.0014515699915394636	0.0	0.0
0.0014665446439630263	0.0	0.0
0.0014811303443755875	0.0	0.0
0.0014952298547743967	0.0	0.0
0.0015088431751594537	0.0	0.0
0.0015219703055307588	0.0	0.0
0.0015345140078855614	0.0	0.0
0.0015464742822238616	0.0	0.0
0.0015579483665484099	0.0	0.0
0.0015688390228564553	0.0	0.0
0.0015790490131452482	0.0	0.0
0.0015886755754175386	0.0	0.0
0.0015977187096733265	0.0	0.0
0.0016062756539153623	0.0	0.0
0.0016142491701408956	0.0	0.0
0.001621736496352677	0.0	0.0
0.0016286403945479561	0.0	0.0
0.0016350581027294831	0.0	0.0
0.001640795144891757	0.0	0.0
0.0016458515210347783	0.0	0.0
0.0016501299931557963	0.0	0.0
0.0016538250372603116	0.0	0.0
0.001656547701337323	0.0	0.0
0.001658881413403333	0.0	0.0
0.0016605344594500897	0.0	0.0
0.0016618957914885954	0.0	0.0
0.00166296540951885	0.0	0.0
0.0016637433135408533	0.0	0.0
0.0016644239795601062	0.0	0.0
0.0016650074075766086	0.0	0.0
0.0016653963595876103	0.0	0.0
0.0016657853115986119	0.0	0.0
0.0016660770256068632	0.0	0.0
0.0016665632156206151	0.0	0.0
0.001667243881639868	0.0	0.0
0.0016683134996701224	0.0	0.0
0.0016700637837196298	0.0	0.0
0.0016723974957856397	0.0	0.0
0.0016755091118736526	0.0	0.0
0.0016796903459919202	0.0	0.0
0.0016848439601376917	0.0	0.0
0.0016911644303164684	0.0	0.0
0.0016985545185254994	0.0	0.0
0.0017070142247647847	0.0	0.0
0.0017164463110315741	0.0	0.0
0.0017267535393231176	0.0	0.0
0.001737838671636664	0.0	0.0
0.0017498961839777145	0.0	0.0
0.0017626343623380178	0.0	0.0
0.0017763449207258255	0.0	0.0
0.0017907361451328858	0.0	0.0
0.0018060025115646998	0.0	0.0
0.0018220467820185171	0.0	0.0
0.0018386744804888369	0.0	0.0
0.0018559828449784092	0.0	0.0
0.0018735829234762331	0.0	0.0
0.001891377477979558	0.0	0.0
0.0019091720324828825	0.0	0.0
0.001926966586986207	0.0	0.0
0.0019445666654840307	0.0	0.0
0.0019620695059791044	0.0	0.0
0.001979183394463176	0.0	0.0
0.0019960055689389965	0.0	0.0
0.0020122443153983145	0.0	0.0
0.0020279968718438807	0.0	0.0
0.002043068762270194	0.0	0.0
0.0020572655106717535	0.0	0.0
0.0020705871170485592	0.0	0.0
0.002082936343397861	0.0	0.0
0.002094410427722409	0.0	0.0
0.002104912132019453	0.0	0.0
0.002114344218286243	0.0	0.0
0.0021226094485200277	0.0	0.0
0.002129902298726308	0.0	0.0
0.002136028292899584	0.0	0.0
0.0021409874310398544	0.0	0.0
0.002144974189152621	0.0	0.0
0.0021478913292351334	0.0	0.0
0.0021499333272928917	0.0	0.0
0.002150905707320396	0.0	0.0
0.0021511001833258965	0.0	0.0
0.0021505167553093943	0.0	0.0
0.002149058185268138	0.0	0.0
0.0021467244732021286	0.0	0.0
0.002143710095116866	0.0	0.0
0.0021398205750068496	0.0	0.0
0.00213515315087483	0.0	0.0
0.0021297078227208075	0.0	0.0
0.0021232901145392803	0.0	0.0
0.00211609450233575	0.0	0.0
0.0021081209861102167	0.0	0.0
0.0020991750898571794	0.0	0.0
0.002089645765587639	0.0	0.0
0.002079144061290595	0.0	0.0
0.0020679616909742983	0.0	0.0
0.0020561958926414987	0.0	0.0
0.0020435549522839457	0.0	0.0
0.0020301361079043895	0.0	0.0
0.0020160365975055803	0.0	0.0
0.0020010619450820176	0.0	0.0
0.001985114912630951	0.0	0.0
0.001968487214160631	0.0	0.0
0.0019508871356628073	0.0	0.0
0.0019325091531429803	0.0	0.0
0.0019135477426066507	0.0	0.0
0.0018939056660510684	0.0	0.0
0.001873777399481734	0.0	0.0
0.0018530657048958972	0.0	0.0
0.001832062296301809	0.0	0.0
0.0018105726976939689	0.0	0.0
0.0017884996710696263	0.0	0.0
0.0017662321684397831	0.0	0.0
0.0017436729518016884	0.0	0.0
0.0017209192591580932	0.0	0.0
0.001698262804517248	0.0	0.0
0.0016757035878791535	0.0	0.0
0.00165343608524931	0.0	0.0
0.001631752010635969	0.0	0.0
0.0016107486020418811	0.0	0.0
0.0015903286214642954	0.0	0.0
0.0015707837829114636	0.0	0.0
0.001552114086383385	0.0	0.0
0.0015345140078855614	0.0	0.0
0.0015180807854207425	0.0	0.0
0.0015030088949944294	0.0	0.0
0.0014892983366066217	0.0	0.0
0.0014773380622683217	0.0	0.0
0.0014673225479850296	0.0	0.0
0.0014592517937567458	0.0	0.0
0.001453320275588971	0.0	0.0
0.0014495279934817053	0.0	0.0
0.0014477777094321978	0.0	0.0
0.0014481666614431993	0.0	0.0
0.001450500373509209	0.0	0.0
0.0014549733216357278	0.0	0.0
0.0014615855058227557	0.0	0.0
0.0014703369260702923	0.0	0.0
0.0014811303443755875	0.0	0.0
0.0014940629987413919	0.0	0.0
0.0015092321271704555	0.0	0.0
0.0015264432536572776	0.0	0.0
0.0015457936162046088	0.0	0.0
0.0015671859768096983	0.0	0.0
0.0015905230974697963	0.0	0.0
0.0016157077401821518	0.0	0.0
0.0016425454289412645	0.0	0.0
0.0016711334017498842	0.0	0.0
0.0017010827065970099	0.0	0.0
0.0017322961054798906	0.0	0.0
0.0017646763603957766	0.0	0.0
0.001797931757336416	0.0	0.0
0.0018321595343045595	0.0	0.0
0.001866873501286455	0.0	0.0
0.0019021708962848529	0.0	0.0
0.0019378572432942527	0.0	0.0
0.001973738066309153	0.0	0.0
0.002009716127326804	0.0	0.0
0.002045694188344455	0.0	0.0
0.0020813805353538544	0.0	0.0
0.002116775168355003	0.0	0.0
0.00215178084934515	0.0	0.0
0.0021861058643160435	0.0	0.0
0.002219847451270435	0.0	0.0
0.0022528111342028233	0.0	0.0
0.0022849969131132084	0.0	0.0
0.0023162103119960895	0.0	0.0
0.002346451330851466	0.0	0.0
0.0023754282556710873	0.0	0.0
0.0024030438484522036	0.0	0.0
0.0024292981091948132	0.0	0.0
0.0024540937998961676	0.0	0.0
0.002477430920556265	0.0	0.0
0.0024992122331723566	0.0	0.0
0.0025194377377444417	0.0	0.0
0.0025382046722752702	0.0	0.0
0.0025552213227565913	0.0	0.0
0.0025706821651939058	0.0	0.0
0.0025843927235817137	0.0	0.0
0.002596450235922764	0.0	0.0
0.0026066602262115567	0.0	0.0
0.002615119932450842	0.0	0.0
0.0026218293546406203	0.0	0.0
0.0026267884927808913	0.0	0.0
0.0026299001088689045	0.0	0.0
0.00263135867891016	0.0	0.0
0.00263135867891016	0.0	0.0
0.002630094584874405	0.0	0.0
0.0026272746827946435	0.0	0.0
0.002623385162684627	0.0	0.0
0.002617939834530604	0.0	0.0
0.0026116193643518277	0.0	0.0
0.002604132038140046	0.0	0.0
0.0025955750938980106	0.0	0.0
0.0025860457696284703	0.0	0.0
0.0025758357793396773	0.0	0.0
0.0025651395990371325	0.0	0.0
0.0025542489427290874	0.0	0.0
0.0025433582864210417	0.0	0.0
0.002532662106118497	0.0	0.0
0.002522257639824203	0.0	0.0
0.002512436601546412	0.0	0.0
0.0025031989912851233	0.0	0.0
0.0024946420470430873	0.0	0.0
0.0024869602448258053	0.0	0.0
0.0024801535846332764	0.0	0.0
0.0024744165424710027	0.0	0.0
0.002469749118338983	0.0	0.0
0.0024662485502399685	0.0	0.0
0.002464012076176709	0.0	0.0
0.0024629424581464545	0.0	0.0
0.0024631369341519553	0.0	0.0
0.002464498266190461	0.0	0.0
0.0024670264542619716	0.0	0.0
0.002470624260363737	0.0	0.0
0.002475291684495756	0.0	0.0
0.0024808342506525295	0.0	0.0
0.002487154720831306	0.0	0.0
0.002494155857029335	0.0	0.0
0.0025013514692328654	0.0	0.0
0.002508936033447397	0.0	0.0
0.002516520597661929	0.0	0.0
0.00252391068587096	0.0	0.0
0.0025311062980744904	0.0	0.0
0.0025380101962697694	0.0	0.0
0.0025445251424540466	0.0	0.0
0.0025502621846163202	0.0	0.0
0.0025552213227565913	0.0	0.0
0.002559305318872108	0.0	0.0
0.002562416934960121	0.0	0.0
0.002564264457012379	0.0	0.0
0.0025650423610343825	0.0	0.0
0.00256445893301788	0.0	0.0
0.002562805886971123	0.0	0.0
0.0025598887468886106	0.0	0.0
0.002555707512770343	0.0	0.0
0.00255016494661357	0.0	0.0
0.0025432610484182913	0.0	0.0
0.0025349958181845066	0.0	0.0
0.002525563731917717	0.0	0.0
0.0025149647896179224	0.0	0.0
0.002503101753282373	0.0	0.0
0.0024901690989165685	0.0	0.0
0.0024760695885177593	0.0	0.0
0.0024609004600886957	0.0	0.0
0.002444467237623877	0.0	0.0
0.0024269643971288036	0.0	0.0
0.002408100224595224	0.0	0.0
0.00238797195802589	0.0	0.0
0.0023665795974208	0.0	0.0
0.0023439231427799553	0.0	0.0
0.0023200998321061053	0.0	0.0
0.00229491518939375	0.0	0.0
0.0022683692146428886	0.0	0.0
0.0022402674318480207	0.0	0.0
0.002210707079011897	0.0	0.0
0.002179299204123515	0.0	0.0
0.002146335521191127	0.0	0.0
0.0021116215542092316	0.0	0.0
0.0020753517791833294	0.0	0.0
0.00203742895811067	0.0	0.0
0.001997950328994005	0.0	0.0
0.001957013129836083	0.0	0.0
0.0019146173606369053	0.0	0.0
0.0018708602593992217	0.0	0.0
0.0018257418261230325	0.0	0.0
0.001779359298811088	0.0	0.0
0.0017318099154661386	0.0	0.0
0.0016831909140909349	0.0	0.0
0.001633599532688227	0.0	0.0
0.0015834247232690165	0.0	0.0
0.0015326664858333037	0.0	0.0
0.001481519296386589	0.0	0.0
0.0014300803929316235	0.0	0.0
0.0013785442514739074	0.0	0.0
0.001327202586021692	0.0	0.0
0.001275860920569477	0.0	0.0
0.0012248109691255127	0.0	0.0
0.0011742472076953009	0.0	0.0
0.0011239751602733399	0.0	0.0
0.0010743837788706322	0.0	0.0
0.001025278587481676	0.0	0.0
0.0009769513001147234	0.0	0.0
0.0009293046787670238	0.0	0.0
0.0008825331994440776	0.0	0.0
0.0008364423861403843	0.0	0.0
0.0007914211908669456	0.0	0.0
0.0007471778996155099	0.0	0.0
0.0007039069883915787	0.0	0.0
0.0006616084571951511	0.0	0.0
0.0006201850680234776	0.0	0.0
0.0005797340588793078	0.0	0.0
0.0005402554297626424	0.0	0.0
0.0005016519426707304	0.0	0.0
0.0004639235976035723	0.0	0.0
0.00042707039456116774	0.0	0.0
0.00039099509554076653	0.0	0.0
0.0003556977005423685	0.0	0.0
0.00032117820956597377	0.0	0.0
0.00028724214660608144	0.0	0.0
0.000253986749665442	0.0	0.0
0.000221314780741305	0.0	0.0
0.00018932347783642085	0.0	0.0
0.00015801284095078957	0.0	0.0
0.00012738287008441112	0.0	0.0
9.753080324003595e-05	0.0	0.0
6.826216441216324e-05	0.0	0.0
3.986866760904418e-05	0.0	0.0
1.1961360819677154e-05	0.0	0.0
-1.5265279950437012e-05	0.0	0.0
-4.200573070679914e-05	0.0	0.0
-6.835722945215963e-05	0.0	0.0
-9.422253818376809e-05	0.0	0.0
-0.00011960165690162451	0.0	0.0
-0.0001444945856057289	0.0	0.0
-0.00016880408629333082	0.0	0.0
-0.0001926273969671807	0.0	0.0
-0.00021596451762727857	0.0	0.0
-0.0002389126862763748	0.0	0.0
-0.00026147190291446937	0.0	0.0
-0.0002837394055443128	0.0	0.0
-0.00030571519416590495	0.0	0.0
-0.00032769098278749706	0.0	0.0
-0.0003495695334063388	0.0	0.0
-0.0003713508460224301	0.0	0.0
-0.0003930349206357711	0.0	0.0
-0.000414718995249112	0.0	0.0
-0.0004363058318597025	0.0	0.0
-0.00045769819246479224	0.0	0.0
-0.0004788960770643811	0.0	0.0
-0.0004998994856584691	0.0	0.0
-0.000520611180244306	0.0	0.0
-0.0005413228748301429	0.0	0.0
-0.000561840093410479	0.0	0.0
-0.0005821628359853141	0.0	0.0
-0.0006023883405573988	0.0	0.0
-0.0006224193691239829	0.0	0.0
-0.0006419642076768148	0.0	0.0
-0.000661314570224146	0.0	0.0
-0.0006802759807604755	0.0	0.0
-0.0006988484392858033	0.0	0.0
-0.0007170319458001296	0.0	0.0
-0.0007348265003034542	0.0	0.0
-0.0007523293407985277	0.0	0.0
-0.0007695404672853497	0.0	0.0
-0.0007864598797639208	0.0	0.0
-0.0008029903402314901	0.0	0.0
-0.0008192290866908081	0.0	0.0
-0.0008349816431363742	0.0	0.0
-0.0008505397235764394	0.0	0.0
-0.0008658060900082535	0.0	0.0
-0.0008807807424318163	0.0	0.0
-0.0008956581568526287	0.0	0.0
-0.0009106328092761914	0.0	0.0
-0.0009255102236970038	0.0	0.0
-0.0009404848761205665	0.0	0.0
-0.0009551678145358782	0.0	0.0
-0.0009697535149484393	0.0	0.0
-0.0009841447393554997	0.0	0.0
-0.000998049773748808	0.0	0.0
-0.0010115658561311146	0.0	0.0
-0.0010246929865024197	0.0	0.0
-0.0010373339268599725	0.0	0.0
-0.0010493914392010234	0.0	0.0
-0.0010606710475200706	0.0	0.0
-0.0010710755138143642	0.0	0.0
-0.0010805076000811537	0.0	0.0
-0.0010886755923121881	0.0	0.0
-0.0010954822525047166	0.0	0.0
-0.0011007331046532386	0.0	0.0
-0.0011044281487577541	0.0	0.0
-0.0011062756708100116	0.0	0.0
-0.0011061784328072614	0.0	0.0
-0.0011043309107550037	0.0	0.0
-0.0011004413906449872	0.0	0.0
-0.001094607110479963	0.0	0.0
-0.0010866335942544293	0.0	0.0
-0.0010767153179738877	0.0	0.0
-0.0010647550436355877	0.0	0.0
-0.0010506555332367787	0.0	0.0
-0.0010346112627829614	0.0	0.0
-0.001016622232274136	0.0	0.0
-0.0009964939657048015	0.0	0.0
-0.0009747126530887101	0.0	0.0
-0.000951083818420361	0.0	0.0
-0.0009259964137107559	0.0	0.0
-0.0008994504389598946	0.0	0.0
-0.0008716403701732779	0.0	0.0
-0.0008429551593619076	0.0	0.0
-0.0008133948065257837	0.0	0.0
-0.0007829593116649061	0.0	0.0
-0.0007518431507847756	0.0	0.0
-0.0007202407998908931	0.0	0.0
-0.0006881522589832585	0.0	0.0
-0.0006554802900591215	0.0	0.0
-0.0006226138451294837	0.0	0.0
-0.000589552924194345	0.0	0.0
-0.0005565892412619568	0.0	0.0
-0.0005236255583295686	0.0	0.0
-0.0004909535894054316	0.0	0.0
-0.0004584760964867954	0.0	0.0
-0.0004264847935819113	0.0	0.0
-0.0003947852046852784	0.0	0.0
-0.0003637662818078983	0.0	0.0
-0.00033323354894427025	0.0	0.0
-0.00030338148209989514	0.0	0.0
-0.0002742100812747728	0.0	0.0
-0.0002459138224744042	0.0	0.0
-0.00021839546769603877	0.0	0.0
-0.00019204396895067827	0.0	0.0
-0.00016676208823557226	0.0	0.0
-0.00014254982555072073	0.0	0.0
-0.0001196988949043749	0.0	0.0
-9.820929629653481e-05	0.0	0.0
-7.817826772995082e-05	0.0	0.0
-5.9703047207373346e-05	0.0	0.0
-4.297811073430322e-05	0.0	0.0
-2.7808982305239607e-05	0.0	0.0
-1.4390137925683342e-05	0.0	0.0
-2.624339592884007e-06	0.0	0.0
7.3911746904079895e-06	0.0	0.0
1.5753642926943055e-05	0.0	0.0
2.2560303119471598e-05	0.0	0.0
2.7811155267993614e-05	0.0	0.0
3.150619937250911e-05	0.0	0.0
3.364543543301807e-05	0.0	0.0
3.432610145227094e-05	0.0	0.0
3.354819743026767e-05	0.0	0.0
3.121448536425788e-05	0.0	0.0
2.76166792624928e-05	0.0	0.0
2.2560303119471598e-05	0.0	0.0
1.63370709434455e-05	0.0	0.0
8.849744731664105e-06	0.0	0.0
1.9556248687781725e-07	0.0	0.0
-9.722713793663771e-06	0.0	0.0
-2.0710608104459847e-05	0.0	0.0
-3.296259645101122e-05	0.0	0.0
-4.667315483881871e-05	0.0	0.0
-6.16478072623815e-05	0.0	0.0
-7.808102972720041e-05	0.0	0.0
-9.597282223327543e-05	0.0	0.0
-0.00011542042278335698	0.0	0.0
-0.00013622935537194422	0.0	0.0
-0.0001584968580017876	0.0	0.0
-0.00018202845466738627	0.0	0.0
-0.00020692138337149066	0.0	0.0
-0.00023317564411410075	0.0	0.0
-0.00026079123689521657	0.0	0.0
-0.0002899626377203389	0.0	0.0
-0.0003205926085867173	0.0	0.0
-0.00035268114949435183	0.0	0.0
-0.00038613102244049207	0.0	0.0
-0.0004211367034306389	0.0	0.0
-0.0004573092404537906	0.0	0.0
-0.0004948431095154479	0.0	0.0
-0.0005334465966073598	0.0	0.0
-0.0005732169397322766	0.0	0.0
-0.0006142513768929486	0.0	0.0
-0.0006564526700866256	0.0	0.0
-0.0006999180573160578	0.0	0.0
-0.000744550300578495	0.0	0.0
-0.0007903493998739371	0.0	0.0
-0.000837315355202384	0.0	0.0
-0.0008853509285610854	0.0	0.0
-0.0009342616439445405	0.0	0.0
-0.0009841447393554997	0.0	0.0
-0.0010348057387884622	0.0	0.0
-0.0010862446422434278	0.0	0.0
-0.0011382669737148958	0.0	0.0
-0.0011908727332028666	0.0	0.0
-0.0012438674447018388	0.0	0.0
-0.0012971538702090623	0.0	0.0
-0.001350537533719036	0.0	0.0
-0.0014039211972290098	0.0	0.0
-0.001457207622736233	0.0	0.0
-0.0015101050962324552	0.0	0.0
-0.0015627108557204256	0.0	0.0
-0.001614830425194644	0.0	0.0
-0.0016664638046551105	0.0	0.0
-0.001717319280093574	0.0	0.0
-0.0017674940895127844	0.0	0.0
-0.0018168909949099915	0.0	0.0
-0.0018653155202796945	0.0	0.0
-0.0019128649036246439	0.0	0.0
-0.0019594419069420893	0.0	0.0
-0.002005143768234781	0.0	0.0
-0.0020500677255054695	0.0	0.0
-0.0020942137787541546	0.0	0.0
-0.0021376791659835862	0.0	0.0
-0.002180463887193766	0.0	0.0
-0.002222567942384693	0.0	0.0
-0.0022640885695591165	0.0	0.0
-0.002305025768717038	0.0	0.0
-0.0023453795398584573	0.0	0.0
-0.002385247120986125	0.0	0.0
-0.0024245312740972893	0.0	0.0
-0.0024636209512029533	0.0	0.0
-0.002502224438294865	0.0	0.0
-0.0025406334493812766	0.0	0.0
-0.0025787507464594362	0.0	0.0
-0.002616576329529345	0.0	0.0
-0.002654012960588252	0.0	0.0
-0.0026911578776389077	0.0	0.0
-0.002727719366673061	0.0	0.0
-0.002763989141698963	0.0	0.0
-0.002799869964713864	0.0	0.0
-0.0028351673597122617	0.0	0.0
-0.0028700758026996578	0.0	0.0
-0.0029045952936760525	0.0	0.0
-0.002938628594638695	0.0	0.0
-0.0029722729435903363	0.0	0.0
-0.003005333864525475	0.0	0.0
-0.003038005833449612	0.0	0.0
-0.003070094374357247	0.0	0.0
-0.0031015022492456284	0.0	0.0
-0.003132229458114757	0.0	0.0
-0.0031620815249591323	0.0	0.0
-0.0031911556877815043	0.0	0.0
-0.0032193547085791227	0.0	0.0
-0.003246484111346486	0.0	0.0
-0.0032725438960835955	0.0	0.0
-0.0032976313007932008	0.0	0.0
-0.003321551849469801	0.0	0.0
-0.003344402780116147	0.0	0.0
-0.003366184092732238	0.0	0.0
-0.0033869930253208253	0.0	0.0
-0.003406926815884659	0.0	0.0
-0.0034256937504154876	0.0	0.0
-0.0034433910669160617	0.0	0.0
-0.0034602132413918824	0.0	0.0
-0.0034759657978374486	0.0	0.0
-0.0034909404502610113	0.0	0.0
-0.00350494272265707	0.0	0.0
-0.0035183615670366262	0.0	0.0
-0.0035313914594051806	0.0	0.0
-0.0035440323997627337	0.0	0.0
-0.0035563816261120354	0.0	0.0
-0.0035687308524613376	0.0	0.0
-0.0035808856028051385	0.0	0.0
-0.0035930403531489394	0.0	0.0
-0.0036050006274872394	0.0	0.0
-0.00361696090182554	0.0	0.0
-0.003628726700158339	0.0	0.0
-0.003640395260488388	0.0	0.0
-0.0036517721068101854	0.0	0.0
-0.0036628572391237324	0.0	0.0
-0.0036736506574290275	0.0	0.0
-0.0036837634097150697	0.0	0.0
-0.003693584447992861	0.0	0.0
-0.0037025303442458986	0.0	0.0
-0.0037108928124824337	0.0	0.0
-0.0037184773766969653	0.0	0.0
-0.0037249923228812425	0.0	0.0
-0.0037306321270407666	0.0	0.0
-0.0037352023131700354	0.0	0.0
-0.0037384111672607986	0.0	0.0
-0.003740550403321308	0.0	0.0
-0.0037411338313378104	0.0	0.0
-0.003740355927315807	0.0	0.0
-0.0037381194532525477	0.0	0.0
-0.0037342299331425315	0.0	0.0
-0.0037289790809940096	0.0	0.0
-0.0037218807067932293	0.0	0.0
-0.0037133237625511938	0.0	0.0
-0.00370282205825415	0.0	0.0
-0.003690570069907598	0.0	0.0
-0.0036763733215060385	0.0	0.0
-0.003660426289054972	0.0	0.0
-0.0036425344965488973	0.0	0.0
-0.003622795181990564	0.0	0.0
-0.0036012083453799736	0.0	0.0
-0.0035777739867171253	0.0	0.0
-0.003552492106002019	0.0	0.0
-0.003525459941237406	0.0	0.0
-0.0034965802544205346	0.0	0.0
-0.003465853045551406	0.0	0.0
-0.0034333755526327696	0.0	0.0
-0.0033990505376618758	0.0	0.0
-0.0033631697146469753	0.0	0.0
-0.003325441369579817	0.0	0.0
-0.003286254454471403	0.0	0.0
-0.0032456089693217323	0.0	0.0
-0.0032034076761280556	0.0	0.0
-0.003159845050895873	0.0	0.0
-0.0031149210936251845	0.0	0.0
-0.003068830280321491	0.0	0.0
-0.003021280896976542	0.0	0.0
-0.002972467419595837	0.0	0.0
-0.0029223898481793775	0.0	0.0
-0.0028711454207299126	0.0	0.0
-0.0028186368992446924	0.0	0.0
-0.0027650587597292174	0.0	0.0
-0.0027104110021834884	0.0	0.0
-0.002654790864610255	0.0	0.0
-0.0025981011090067674	0.0	0.0
-0.0025405362113785257	0.0	0.0
-0.0024820961717255305	0.0	0.0
-0.002422683752045032	0.0	0.0
-0.0023625906663452797	0.0	0.0
-0.0023017196766235244	0.0	0.0
-0.0022401680208825165	0.0	0.0
-0.0021779356991222555	0.0	0.0
-0.002115314425350993	0.0	0.0
-0.002052206961565978	0.0	0.0
-0.0019889050217754625	0.0	0.0
-0.001925311367976696	0.0	0.0
-0.0018617177141779294	0.0	0.0
-0.001797929584373662	0.0	0.0
-0.001734044216566644	0.0	0.0
-0.001670158848759626	0.0	0.0
-0.0016062734809526083	0.0	0.0
-0.0015423881131455903	0.0	0.0
-0.0014786972213440734	0.0	0.0
-0.0014151035675453068	0.0	0.0
-0.001351704389752041	0.0	0.0
-0.0012884996879642758	0.0	0.0
-0.001225586700184762	0.0	0.0
-0.0011626737124052482	0.0	0.0
-0.0011000524386339857	0.0	0.0
-0.0010373339268599725	0.0	0.0
-0.0009745181770832094	0.0	0.0
-0.0009117024273064459	0.0	0.0
-0.0008485949635214313	0.0	0.0
-0.0007851957857281654	0.0	0.0
-0.000721407655923898	0.0	0.0
-0.0006571333361058784	0.0	0.0
-0.0005921783502686061	0.0	0.0
-0.0005266399364148313	0.0	0.0
-0.00046022638053630277	0.0	0.0
-0.00039313215863852146	0.0	0.0
-0.0003252600327187369	0.0	0.0
-0.0002564155267714482	0.0	0.0
-0.00018679311680215626	0.0	0.0
-0.00011629556480811064	0.0	0.0
-4.482563278656096e-05	0.0	0.0
2.76166792624928e-05	0.0	0.0
0.00010073965733079941	0.0	0.0
0.0001746405394211093	0.0	0.0
0.0002491248495279216	0.0	0.0
0.0003241925876512364	0.0	0.0
0.00039926032577455113	0.0	0.0
0.00047452253990336676	0.0	0.0
0.000549687516029432	0.0	0.0
0.0006245607781472459	0.0	0.0
0.0006990450882540582	0.0	0.0
0.0007730432083471185	0.0	0.0
0.0008462634244181755	0.0	0.0
0.0009185112604617284	0.0	0.0
0.000989689478475027	0.0	0.0
0.0010596036024525701	0.0	0.0
0.0011280591563888572	0.0	0.0
0.001195056140283888	0.0	0.0
0.0012604973161349125	0.0	0.0
0.00132428544593918	0.0	0.0
0.0013863232916939401	0.0	0.0
0.0014467080914019432	0.0	0.0
0.0015052453690576886	0.0	0.0
0.0015618378866584259	0.0	0.0
0.0016165828822069055	0.0	0.0
0.0016692858796976265	0.0	0.0
0.0017200441171333395	0.0	0.0
0.001768565880505793	0.0	0.0
0.0018150456458204877	0.0	0.0
0.0018593861750746737	0.0	0.0
0.0019013929922628498	0.0	0.0
0.0019411633353877665	0.0	0.0
0.001978405490441173	0.0	0.0
0.0020133139334285693	0.0	0.0
0.002045694188344455	0.0	0.0
0.0020755462551888303	0.0	0.0
0.002102967371964445	0.0	0.0
0.0021276658246630483	0.0	0.0
0.0021499333272928917	0.0	0.0
0.002169575403848474	0.0	0.0
0.002186786530335296	0.0	0.0
0.002201469468750608	0.0	0.0
0.0022136242190944093	0.0	0.0
0.0022236397333777014	0.0	0.0
0.002231224297592233	0.0	0.0
0.0022366696257462557	0.0	0.0
0.00224007295584252	0.0	0.0
0.0022414342878810255	0.0	0.0
0.002241045335870024	0.0	0.0
0.002238711623804014	0.0	0.0
0.002234822103693998	0.0	0.0
0.002229182299534474	0.0	0.0
0.0022220839253336948	0.0	0.0
0.0022136242190944093	0.0	0.0
0.002203803180816618	0.0	0.0
0.0021928152865058215	0.0	0.0
0.0021808550121675215	0.0	0.0
0.0021678251197989667	0.0	0.0
0.0021540173234084093	0.0	0.0
0.002139431622995848	0.0	0.0
0.0021240680185612834	0.0	0.0
0.0021080237481074663	0.0	0.0
0.002091298811634396	0.0	0.0
0.002073795971139323	0.0	0.0
0.002055806940630497	0.0	0.0
0.0020371372441024193	0.0	0.0
0.002018078595563339	0.0	0.0
0.0019984365190077566	0.0	0.0
0.0019785027284439233	0.0	0.0
0.0019581799858690878	0.0	0.0
0.0019374682912832511	0.0	0.0
0.0019161731686809119	0.0	0.0
0.001894586332070321	0.0	0.0
0.0018725133054459785	0.0	0.0
0.001849954088807884	0.0	0.0
0.0018269086821560375	0.0	0.0
0.0018035715614959395	0.0	0.0
0.0017798454888248401	0.0	0.0
0.001755730464142739	0.0	0.0
0.0017311292494468858	0.0	0.0
0.0017062363207427816	0.0	0.0
0.001680857202024925	0.0	0.0
0.0016549918932933165	0.0	0.0
0.0016286403945479561	0.0	0.0
0.001601899943791594	0.0	0.0
0.0015745760650187294	0.0	0.0
0.0015468632342348632	0.0	0.0
0.0015184697374317443	0.0	0.0
0.0014896872886176235	0.0	0.0
0.0014601269357814996	0.0	0.0
0.0014298859169261226	0.0	0.0
0.001398964232051493	0.0	0.0
0.0013673618811576105	0.0	0.0
0.0013349816262417248	0.0	0.0
0.0013018234673038357	0.0	0.0
0.0012679846423466938	0.0	0.0
0.001233465151370299	0.0	0.0
0.0011980705183691506	0.0	0.0
0.0011618979813459989	0.0	0.0
0.001124947540300844	0.0	0.0
0.001087024719228185	0.0	0.0
0.0010483239941335228	0.0	0.0
0.0010087481270141068	0.0	0.0
0.0009683943558726877	0.0	0.0
0.0009271654427065147	0.0	0.0
0.0008850613875155882	0.0	0.0
0.0008423739043081592	0.0	0.0
0.0007989085170787269	0.0	0.0
0.0007546652258272914	0.0	0.0
0.0007099357445621039	0.0	0.0
0.0006644283592749131	0.0	0.0
0.0006184347839739701	0.0	0.0
0.0005718577806565248	0.0	0.0
0.0005247945873253275	0.0	0.0
0.0004772452039803781	0.0	0.0
0.00042920963062167673	0.0	0.0
0.0003809795812574745	0.0	0.0
0.000332457817885021	0.0	0.0
0.00028364434050431636	0.0	0.0
0.00023483086312361167	0.0	0.0
0.0001859201477401566	0.0	0.0
0.00013691219435395108	0.0	0.0
8.770976496224478e-05	0.0	0.0
3.860457357328887e-05	0.0	0.0
-1.0500617815667033e-05	0.0	0.0
-5.9703047207373346e-05	0.0	0.0
-0.00010871100059357884	0.0	0.0
-0.00015762171597703391	0.0	0.0
-0.0002064351933577386	0.0	0.0
-0.0002548597187274417	0.0	0.0
-0.0003031870060943943	0.0	0.0
-0.0003511253414503453	0.0	0.0
-0.00039877196279804514	0.0	0.0
-0.00044612687013749366	0.0	0.0
-0.0004930928254659406	0.0	0.0
-0.0005394753527778851	0.0	0.0
-0.0005855661660815783	0.0	0.0
-0.0006308790753632683	0.0	0.0
-0.0006756085566284559	0.0	0.0
-0.0007193656578661394	0.0	0.0
-0.0007622476170790692	0.0	0.0
-0.0008039627202589941	0.0	0.0
-0.0008442192533976629	0.0	0.0
-0.000883114454497826	0.0	0.0
-0.0009204538475539825	0.0	0.0
-0.0009561401945633822	0.0	0.0
-0.0009900762575232745	0.0	0.0
-0.0010220675604281587	0.0	0.0
-0.0010520168652752842	0.0	0.0
-0.0010798269340619008	0.0	0.0
-0.0011055950047907587	0.0	0.0
-0.001129029363453607	0.0	0.0
-0.001150227248053196	0.0	0.0
-0.0011690914205867752	0.0	0.0
-0.001185719119057095	0.0	0.0
-0.0012000131054614048	0.0	0.0
-0.0012121678558052059	0.0	0.0
-0.001222183370088498	0.0	0.0
-0.0012301568863140311	0.0	0.0
-0.0012359911664790557	0.0	0.0
-0.0012399779245918223	0.0	0.0
-0.0012421171606523313	0.0	0.0
-0.001242506112663333	0.0	0.0
-0.001241339256630328	0.0	0.0
-0.0012386165925533166	0.0	0.0
-0.00123462983444055	0.0	0.0
-0.0012294762202947785	0.0	0.0
-0.0012233502261215026	0.0	0.0
-0.0012163490899234732	0.0	0.0
-0.0012083755736979399	0.0	0.0
-0.0011997213914531535	0.0	0.0
-0.0011903865431891144	0.0	0.0
-0.0011802737909030721	0.0	0.0
-0.0011696748486032776	0.0	0.0
-0.0011583952402842304	0.0	0.0
-0.0011466294419514309	0.0	0.0
-0.00113447469160763	0.0	0.0
-0.001121639275244576	0.0	0.0
-0.0011083176688677704	0.0	0.0
-0.001094412634474462	0.0	0.0
-0.0010799241720646513	0.0	0.0
-0.0010648522816383381	0.0	0.0
-0.001049099725192772	0.0	0.0
-0.001032860978733454	0.0	0.0
-0.0010157470902493822	0.0	0.0
-0.0009979525357460576	0.0	0.0
-0.0009792828392179791	0.0	0.0
-0.0009598352386678976	0.0	0.0
-0.0009394152580903121	0.0	0.0
-0.0009181201354879728	0.0	0.0
-0.0008959498708608799	0.0	0.0
-0.0008729044642090333	0.0	0.0
-0.0008488866775296825	0.0	0.0
-0.0008240909868283285	0.0	0.0
-0.0007985173921049713	0.0	0.0
-0.0007722631313623612	0.0	0.0
-0.0007454254426032486	0.0	0.0
-0.000718101563830384	0.0	0.0
-0.0006902914950437676	0.0	0.0
-0.0006621897122488997	0.0	0.0
-0.0006337962154457806	0.0	0.0
-0.0006053054806399111	0.0	0.0
-0.0005768147458340417	0.0	0.0
-0.0005483240110281722	0.0	0.0
-0.0005200277522278035	0.0	0.0
-0.0004920232074356861	0.0	0.0
-0.0004642131386490695	0.0	0.0
-0.0004367920218734545	0.0	0.0
-0.000409954333114342	0.0	0.0
-0.0003834083583634807	0.0	0.0
-0.00035744581162912184	0.0	0.0
-0.000331969454908515	0.0	0.0
-0.0003069792882016602	0.0	0.0
-0.00028247531150855747	0.0	0.0
-0.00025836028682645637	0.0	0.0
-0.00023482869016085769	0.0	0.0
-0.00021158880750351023	0.0	0.0
-0.000188640638854414	0.0	0.0
-0.0001661786602190698	0.0	0.0
-0.00014381391958647602	0.0	0.0
-0.00012164365495938306	0.0	0.0
-9.966786633779093e-05	0.0	0.0
-7.769207771619878e-05	0.0	0.0
-5.571628909460663e-05	0.0	0.0
-3.383773847576489e-05	0.0	0.0
-1.1764711851422334e-05	0.0	0.0
1.0211076770169814e-05	0.0	0.0
3.238134139726278e-05	0.0	0.0
5.455160602435574e-05	0.0	0.0
7.691634665694952e-05	0.0	0.0
9.937832529229371e-05	0.0	0.0
0.0001219375419303883	0.0	0.0
0.0001446912345739837	0.0	0.0
0.00016754216522032954	0.0	0.0
0.00019058757187217614	0.0	0.0
0.00021373021652677318	0.0	0.0
0.00023706733718687105	0.0	0.0
0.00026069617185522014	0.0	0.0
0.0002844222445263196	0.0	0.0
0.00030834279320291993	0.0	0.0
0.00033255505588777146	0.0	0.0
0.00035725350858637503	0.0	0.0
0.00038214643729047936	0.0	0.0
0.0004075255560083358	0.0	0.0
0.00043348810274269466	0.0	0.0
0.00045974236348530475	0.0	0.0
0.00048667729024716775	0.0	0.0
0.0005140984070227826	0.0	0.0
0.0005420057138121497	0.0	0.0
0.0005704964486180192	0.0	0.0
0.0005996678494431415	0.0	0.0
0.0006293254402820158	0.0	0.0
0.000659663697140143	0.0	0.0
0.0006903909060092719	0.0	0.0
0.0007214098288866519	0.0	0.0
0.0007528177037750337	0.0	0.0
0.0007843228166661657	0.0	0.0
0.0008158279295572979	0.0	0.0
0.0008472358044456796	0.0	0.0
0.00087835196532581	0.0	0.0
0.0009091764121976893	0.0	0.0
0.0009394174310530661	0.0	0.0
0.0009688805458864395	0.0	0.0
0.0009973712806923092	0.0	0.0
0.001024986873473425	0.0	0.0
0.0010513383722187855	0.0	0.0
0.0010764257769283905	0.0	0.0
0.00110015184959949	0.0	0.0
0.0011226138282348344	0.0	0.0
0.001143519998826172	0.0	0.0
0.001163064837379004	0.0	0.0
0.001180956629885079	0.0	0.0
0.001197195376344397	0.0	0.0
0.0012116838387542077	0.0	0.0
0.0012245192551172614	0.0	0.0
0.001235604387430808	0.0	0.0
0.0012449392356948471	0.0	0.0
0.001252523799909379	0.0	0.0
0.001258455318077154	0.0	0.0
0.001262539314192671	0.0	0.0
0.0012649702642614311	0.0	0.0
0.001265650930280684	0.0	0.0
0.0012645813122504296	0.0	0.0
0.0012614696961624166	0.0	0.0
0.0012567050340276465	0.0	0.0
0.0012500928498406188	0.0	0.0
0.0012418276196068342	0.0	0.0
0.0012317148673207919	0.0	0.0
0.0012200463069907427	0.0	0.0
0.0012066274626111866	0.0	0.0
0.0011915555721848734	0.0	0.0
0.0011749278737145537	0.0	0.0
0.001156647129197477	0.0	0.0
0.0011369078146391443	0.0	0.0
0.0011156126920368048	0.0	0.0
0.0010929562373959598	0.0	0.0
0.0010689384507166092	0.0	0.0
0.0010436565700015033	0.0	0.0
0.0010172078332533923	0.0	0.0
0.000989689478475027	0.0	0.0
0.0009611987436691574	0.0	0.0
0.0009317356288357838	0.0	0.0
0.0009015918479831575	0.0	0.0
0.0008706701631085279	0.0	0.0
0.0008392622882201461	0.0	0.0
0.0008073682233180125	0.0	0.0
0.000775085206404877	0.0	0.0
0.0007426077134862408	0.0	0.0
0.000709741268556603	0.0	0.0
0.0006766803476214644	0.0	0.0
0.0006436194266863258	0.0	0.0
0.000610266791742936	0.0	0.0
0.0005770113948022964	0.0	0.0
0.0005435615218561563	0.0	0.0
0.0005100144109072655	0.0	0.0
0.0004764672999583749	0.0	0.0
0.0004427257130039834	0.0	0.0
0.0004088868880468415	0.0	0.0
0.0003749508250869492	0.0	0.0
0.00034082028612155606	0.0	0.0
0.00030649527115066214	0.0	0.0
0.00027197578017426746	0.0	0.0
0.00023735905119512228	0.0	0.0
0.0002024506082077259	0.0	0.0
0.00016734768921482872	0.0	0.0
0.0001321475322191811	0.0	0.0
9.675289921803269e-05	0.0	0.0
6.135826621688429e-05	0.0	0.0
2.6060871218486274e-05	0.0	0.0
-9.139285777161326e-06	0.0	0.0
-4.4242204770058515e-05	0.0	0.0
-7.885893374920366e-05	0.0	0.0
-0.0001131839487200976	0.0	0.0
-0.00014702277367723948	0.0	0.0
-0.00018018093261512852	0.0	0.0
-0.00021265842553376473	0.0	0.0
-0.0002443580144303976	0.0	0.0
-0.00027508522329952644	0.0	0.0
-0.00030503452814665204	0.0	0.0
-0.00033401145296627354	0.0	0.0
-0.0003621132357611414	0.0	0.0
-0.0003892426385285052	0.0	0.0
-0.0004153996612683648	0.0	0.0
-0.0004406815419834708	0.0	0.0
-0.0004649910426710728	0.0	0.0
-0.0004886198773394218	0.0	0.0
-0.0005112763319802669	0.0	0.0
-0.000533252120601859	0.0	0.0
-0.0005546444812069486	0.0	0.0
-0.0005755506517982863	0.0	0.0
-0.0005958733943731216	0.0	0.0
-0.0006159044229397056	0.0	0.0
-0.0006352547854870368	0.0	0.0
-0.0006543134340261166	0.0	0.0
-0.0006729831305541949	0.0	0.0
-0.0006911666370685211	0.0	0.0
-0.0007090584295745962	0.0	0.0
-0.0007265612700696696	0.0	0.0
-0.0007437723965564917	0.0	0.0
-0.0007606918090350627	0.0	0.0
-0.0007771250314998815	0.0	0.0
-0.0007932665399564493	0.0	0.0
-0.0008090190964020153	0.0	0.0
-0.0008241882248310789	0.0	0.0
-0.0008389684012491408	0.0	0.0
-0.0008531651496507005	0.0	0.0
-0.0008667784700357575	0.0	0.0
-0.0008798083624043121	0.0	0.0
-0.000892157588753614	0.0	0.0
-0.0009039233870864133	0.0	0.0
-0.0009151057574027101	0.0	0.0
-0.0009256074616997542	0.0	0.0
-0.0009354284999775455	0.0	0.0
-0.0009447633482415845	0.0	0.0
-0.0009536120064918717	0.0	0.0
-0.0009619744747284067	0.0	0.0
-0.0009697535149484393	0.0	0.0
-0.0009772408411602208	0.0	0.0
-0.00098424197735825	0.0	0.0
-0.0009908541615452778	0.0	0.0
-0.000997077393721304	0.0	0.0
-0.001003008911889079	0.0	0.0
-0.001008551478045852	0.0	0.0
-0.0010136078541888732	0.0	0.0
-0.0010184697543263936	0.0	0.0
-0.0010229427024529122	0.0	0.0
-0.0010270266985684296	0.0	0.0
-0.001030721742672945	0.0	0.0
-0.0010341250727692094	0.0	0.0
-0.0010370422128517214	0.0	0.0
-0.0010396676389259824	0.0	0.0
-0.0010418068749864916	0.0	0.0
-0.0010435571590359986	0.0	0.0
-0.0010449184910745043	0.0	0.0
-0.0010456963950965076	0.0	0.0
-0.001045988109104759	0.0	0.0
-0.0010458908711020085	0.0	0.0
-0.0010451129670800052	0.0	0.0
-0.0010439461110470004	0.0	0.0
-0.0010422930650002436	0.0	0.0
-0.001040251066942485	0.0	0.0
-0.0010378201168737247	0.0	0.0
-0.0010350974527967133	0.0	0.0
-0.00103188859870595	0.0	0.0
-0.001028582506612436	0.0	0.0
-0.0010248874625079206	0.0	0.0
-0.0010209979423979041	0.0	0.0
-0.0010170111842851375	0.0	0.0
-0.00101282995016687	0.0	0.0
-0.001008551478045852	0.0	0.0
-0.0010041757679220835	0.0	0.0
-0.0009998000577983153	0.0	0.0
-0.0009954243476745469	0.0	0.0
-0.0009910486375507785	0.0	0.0
-0.000986867403432511	0.0	0.0
-0.0009826861693142436	0.0	0.0
-0.0009787966492042271	0.0	0.0
-0.0009749071290942109	0.0	0.0
-0.0009712120849896953	0.0	0.0
-0.0009674198028824294	0.0	0.0
-0.0009636275207751635	0.0	0.0
-0.0009598352386678976	0.0	0.0
-0.000955848480555131	0.0	0.0
-0.0009517644844396139	0.0	0.0
-0.000947486012318596	0.0	0.0
-0.0009428185881865764	0.0	0.0
-0.000937956688049056	0.0	0.0
-0.0009325113598950331	0.0	0.0
-0.0009266770797300087	0.0	0.0
-0.000920064895542981	0.0	0.0
-0.0009127720453367003	0.0	0.0
-0.0009045068151029157	0.0	0.0
-0.0008954636808471278	0.0	0.0
-0.000885253690558335	0.0	0.0
-0.0008739740822392877	0.0	0.0
-0.0008616248558899859	0.0	0.0
-0.0008481087735076792	0.0	0.0
-0.0008334258350923677	0.0	0.0
-0.0008173815646385504	0.0	0.0
-0.0008002676761544786	0.0	0.0
-0.0007818896936346516	0.0	0.0
-0.00076244209308457	0.0	0.0
-0.0007419248745042339	0.0	0.0
-0.0007203380378936435	0.0	0.0
-0.0006976815832527985	0.0	0.0
-0.0006742472245899503	0.0	0.0
-0.0006499377239023483	0.0	0.0
-0.0006250447951982439	0.0	0.0
-0.0005995684384776371	0.0	0.0
-0.0005736058917432782	0.0	0.0
-0.0005473516310006681	0.0	0.0
-0.0005209028942525573	0.0	0.0
-0.000494356919501696	0.0	0.0
-0.0004677137067480842	0.0	0.0
-0.0004411677319972229	0.0	0.0
-0.0004146217572463616	0.0	0.0
-0.0003884647345065019	0.0	0.0
-0.0003625994257748934	0.0	0.0
-0.0003370258310515362	0.0	0.0
-0.0003120356643446814	0.0	0.0
-0.00028743444964882825	0.0	0.0
-0.0002635139009722279	0.0	0.0
-0.0002400795423093797	0.0	0.0
-0.00021732584966578427	0.0	0.0
-0.0001950583470359409	0.0	0.0
-0.0001735687484281008	0.0	0.0
-0.00015275981583951355	0.0	0.0
-0.00013253431126742873	0.0	0.0
-0.00011308671071734719	0.0	0.0
-9.412530018101768e-05	0.0	0.0
-7.574731766119062e-05	0.0	0.0
-5.805000116061641e-05	0.0	0.0
-4.083887467379425e-05	0.0	0.0
-2.4113938200724115e-05	0.0	0.0
-7.875191741406024e-06	0.0	0.0
7.877364704160029e-06	0.0	0.0
2.3046493133223637e-05	0.0	0.0
3.782666955128561e-05	0.0	0.0
5.202341795284514e-05	0.0	0.0
6.592845234615344e-05	0.0	0.0
7.92500587229593e-05	0.0	0.0
9.247442709701476e-05	0.0	0.0
0.00010521260545731817	0.0	0.0
0.00011756183180661994	0.0	0.0
0.00012971658215042093	0.0	0.0
0.00014157961848597066	0.0	0.0
0.00015315094081326918	0.0	0.0
0.00016443054913231646	0.0	0.0
0.00017551568144586296	0.0	0.0
0.0001864063377539086	0.0	0.0
0.00019710251805645347	0.0	0.0
0.00020770146035624794	0.0	0.0
0.00021820316465329196	0.0	0.0
0.00022860763094758558	0.0	0.0
0.0002389148592391288	0.0	0.0
0.000249222087530672	0.0	0.0
0.00025962655382496565	0.0	0.0
0.0002700310201192593	0.0	0.0
0.00028053272441630326	0.0	0.0
0.0002911316667160978	0.0	0.0
0.000301925085021393	0.0	0.0
0.0003129129793321891	0.0	0.0
0.00032399811164573555	0.0	0.0
0.00033537495796753325	0.0	0.0
0.0003468490422920814	0.0	0.0
0.0003586148406248807	0.0	0.0
0.00037047787696043046	0.0	0.0
0.00038272986530698183	0.0	0.0
0.00039498185365353326	0.0	0.0
0.0004076227940110862	0.0	0.0
0.00042026373436863923	0.0	0.0
0.00043319638873444346	0.0	0.0
0.00044622628110299806	0.0	0.0
0.00045935341147430316	0.0	0.0
0.0004725777798483586	0.0	0.0
0.00048570491021966364	0.0	0.0
0.000498929278593719	0.0	0.0
0.0005120564089650242	0.0	0.0
0.0005251835393363291	0.0	0.0
0.0005381161937021334	0.0	0.0
0.0005508543720624368	0.0	0.0
0.0005634953124199898	0.0	0.0
0.0005759417767720419	0.0	0.0
0.0005879992891130925	0.0	0.0
0.0005997650874458918	0.0	0.0
0.0006111419337676895	0.0	0.0
0.0006221298280784857	0.0	0.0
0.0006327287703782801	0.0	0.0
0.0006428415226643225	0.0	0.0
0.0006526625609421138	0.0	0.0
0.0006619001712034024	0.0	0.0
0.0006707488294536895	0.0	0.0
0.000679208535692975	0.0	0.0
0.0006871820519185085	0.0	0.0
0.0006946693781302899	0.0	0.0
0.0007016705143283191	0.0	0.0
0.0007082826985153469	0.0	0.0
0.0007145059306913731	0.0	0.0
0.000720242972853647	0.0	0.0
0.0007253965869994187	0.0	0.0
0.0007300640111314383	0.0	0.0
0.0007342452452497059	0.0	0.0
0.0007377458133487205	0.0	0.0
0.0007407601914339831	0.0	0.0
0.0007429966654972424	0.0	0.0
0.0007446497115439994	0.0	0.0
0.0007454276155660027	0.0	0.0
0.0007456220915715036	0.0	0.0
0.0007449414255522506	0.0	0.0
0.000743385617508244	0.0	0.0
0.0007410519054422344	0.0	0.0
0.0007376485753459701	0.0	0.0
0.0007332728652222017	0.0	0.0
0.0007279247750709292	0.0	0.0
0.0007214098288866519	0.0	0.0
0.0007139225026748706	0.0	0.0
0.0007052683204300843	0.0	0.0
0.0006954472821522931	0.0	0.0
0.0006845566258442474	0.0	0.0
0.0006724991135031969	0.0	0.0
0.0006591775071263911	0.0	0.0
0.0006445918067138299	0.0	0.0
0.000628644774262763	0.0	0.0
0.0006114336477759408	0.0	0.0
0.000592861189250613	0.0	0.0
0.0005730246366895298	0.0	0.0
0.0005518267520899409	0.0	0.0
0.0005293647734545966	0.0	0.0
0.0005056387007834972	0.0	0.0
0.0004809402480848937	0.0	0.0
0.0004550749393532852	0.0	0.0
0.0004283344885969231	0.0	0.0
0.0004008161338185577	0.0	0.0
0.00037242263701543863	0.0	0.0
0.00034373742620406834	0.0	0.0
0.000314566025378946	0.0	0.0
0.00028510291054557245	0.0	0.0
0.0002555425577094485	0.0	0.0
0.0002261766808788254	0.0	0.0
0.00019690804205095268	0.0	0.0
0.00016822283123958236	0.0	0.0
0.00014002381044196413	0.0	0.0
0.00011250545566359875	0.0	0.0
8.586224290998702e-05	0.0	0.0
6.0288648186629794e-05	0.0	0.0
3.568743349077664e-05	0.0	0.0
1.2350312830678783e-05	0.0	0.0
-9.81995179641418e-06	0.0	0.0
-3.082336039050225e-05	0.0	0.0
-5.046543694608461e-05	0.0	0.0
-6.894065746866209e-05	0.0	0.0
-8.605454595273384e-05	0.0	0.0
-0.00010200157840380071	0.0	0.0
-0.00011678175482186268	0.0	0.0
-0.00013029783720416936	0.0	0.0
-0.00014274430155622155	0.0	0.0
-0.00015421838588076966	0.0	0.0
-0.00016472009017781368	0.0	0.0
-0.00017424941444735365	0.0	0.0
-0.00018300083469489036	0.0	0.0
-0.00019087711291767336	0.0	0.0
-0.00019797548711845313	0.0	0.0
-0.00020439319529998005	0.0	0.0
-0.0002102274754650045	0.0	0.0
-0.00021538108961077613	0.0	0.0
-0.0002199512757400453	0.0	0.0
-0.00022422974786106322	0.0	0.0
-0.00022802202996832912	0.0	0.0
-0.00023142536006459338	0.0	0.0
-0.00023463421415535686	0.0	0.0
-0.0002375513542378691	0.0	0.0
-0.00024017678031213008	0.0	0.0
-0.0002427049683836407	0.0	0.0
-0.0002448442044441497	0.0	0.0
-0.00024678896449915785	0.0	0.0
-0.00024853924854866514	0.0	0.0
-0.00025009505659267167	0.0	0.0
-0.00025145638863117737	0.0	0.0
-0.00025252600666143186	0.0	0.0
-0.0002534983866889359	0.0	0.0
-0.0002541790527081888	0.0	0.0
-0.0002547624807246913	0.0	0.0
-0.0002549569567301921	0.0	0.0
-0.0002550541947329425	0.0	0.0
-0.00025466524272194086	0.0	0.0
-0.0002540818147054384	0.0	0.0
-0.00025310943467793433	0.0	0.0
-0.0002516508646366782	0.0	0.0
-0.00024990058058717084	0.0	0.0
-0.0002477613445266619	0.0	0.0
-0.0002451359184524009	0.0	0.0
-0.00024212154036713825	0.0	0.0
-0.00023871821027087397	0.0	0.0
-0.00023492592816360807	0.0	0.0
-0.00023055021803983973	0.0	0.0
-0.00022568831790231934	0.0	0.0
-0.00022043746575379732	0.0	0.0
-0.00021450594758602246	0.0	0.0
-0.00020808823940449554	0.0	0.0
-0.0002009898652037158	0.0	0.0
-0.000193405300989184	0.0	0.0
-0.0001850428327526489	0.0	0.0
-0.00017609693649961138	0.0	0.0
-0.00016647037422732103	0.0	0.0
-0.00015606590793302742	0.0	0.0
-0.00014488353761673051	0.0	0.0
-0.00013292326327843038	0.0	0.0
-0.00012008784691537655	0.0	0.0
-0.00010628005052481866	0.0	0.0
-9.16943501122575e-05	0.0	0.0
-7.603903166944184e-05	0.0	0.0
-5.950857120187253e-05	0.0	0.0
-4.210296870954955e-05	0.0	0.0
-2.3724986189722484e-05	0.0	0.0
-4.569099647892162e-06	0.0	0.0
1.555916692144224e-05	0.0	0.0
3.64653375127799e-05	0.0	0.0
5.805217412337042e-05	0.0	0.0
8.04169147559642e-05	0.0	0.0
0.00010346232140781083	0.0	0.0
0.00012689668007065912	0.0	0.0
0.0001509144667500098	0.0	0.0
0.00017532120544036213	0.0	0.0
0.0001998251821334649	0.0	0.0
0.00022452363483206844	0.0	0.0
0.0002491248495279216	0.0	0.0
0.00027362882622102437	0.0	0.0
0.00029803556491137667	0.0	0.0
0.0003220533515907274	0.0	0.0
0.0003456821862590765	0.0	0.0
0.00036882483091367355	0.0	0.0
0.00039138404755176807	0.0	0.0
0.00041316536016785946	0.0	0.0
0.00043416876876194757	0.0	0.0
0.0004541997973285315	0.0	0.0
0.0004732584458676114	0.0	0.0
0.0004912474763764369	0.0	0.0
0.0005081668888550078	0.0	0.0
0.0005239194453005739	0.0	0.0
0.000538505145713135	0.0	0.0
0.0005519239900926914	0.0	0.0
0.0005641759784392426	0.0	0.0
0.0005752611107527892	0.0	0.0
0.0005849849110278299	0.0	0.0
0.0005935418552698658	0.0	0.0
0.0006009319434788968	0.0	0.0
0.0006070579376521724	0.0	0.0
0.0006120170757924432	0.0	0.0
0.0006158093578997091	0.0	0.0
0.0006184347839739701	0.0	0.0
0.0006197961160124759	0.0	0.0
0.0006201850680234776	0.0	0.0
0.0006193099259987238	0.0	0.0
0.0006173651659437157	0.0	0.0
0.0006143507878584531	0.0	0.0
0.0006101695537401856	0.0	0.0
0.0006049187015916635	0.0	0.0
0.000598598231412887	0.0	0.0
0.0005913053812066064	0.0	0.0
0.0005829429129700714	0.0	0.0
0.0005736080647060322	0.0	0.0
0.0005633008364144891	0.0	0.0
0.0005520212280954417	0.0	0.0
0.0005398664777516407	0.0	0.0
0.0005267393473803357	0.0	0.0
0.0005128343129870275	0.0	0.0
0.0004981513745717158	0.0	0.0
0.000482690532134401	0.0	0.0
0.0004665490236778333	0.0	0.0
0.0004497268492020128	0.0	0.0
0.00043232124670968973	0.0	0.0
0.00041423497819811396	0.0	0.0
0.00039566251967278605	0.0	0.0
0.0003766038711337061	0.0	0.0
0.00035696179457812377	0.0	0.0
0.0003369307660115398	0.0	0.0
0.00031641354743120376	0.0	0.0
0.0002955073768398661	0.0	0.0
0.0002743094922402772	0.0	0.0
0.00025281989363243714	0.0	0.0
0.00023103858101634577	0.0	0.0
0.0002089655543920032	0.0	0.0
0.00018669805176215983	0.0	0.0
0.00016433331112956605	0.0	0.0
0.00014177409449147148	0.0	0.0
0.00011921487785337688	0.0	0.0
9.665566121528229e-05	0.0	0.0
7.40964445771877e-05	0.0	0.0
5.173170394459392e-05	0.0	0.0
2.956143931750095e-05	0.0	0.0
7.682888698659214e-06	0.0	0.0
-1.3806709909180895e-05	0.0	0.0
-3.500459450876978e-05	0.0	0.0
-5.561905109185622e-05	0.0	0.0
-7.584455566394102e-05	0.0	0.0
-9.538939421677297e-05	0.0	0.0
-0.00011415632874760167	0.0	0.0
-0.0001323398352619279	0.0	0.0
-0.0001496481997515005	0.0	0.0
-0.0001662758982218202	0.0	0.0
-0.00018212569267013668	0.0	0.0
-0.00019700310709094908	0.0	0.0
-0.0002111998554925086	0.0	0.0
-0.00022452146186931446	0.0	0.0
-0.00023706516422411706	0.0	0.0
-0.00024873372455416597	0.0	0.0
-0.00025962438086221163	0.0	0.0
-0.00026973713314825407	0.0	0.0
-0.00027887750540679234	0.0	0.0
-0.00028743444964882825	0.0	0.0
-0.0002951162518661105	0.0	0.0
-0.0003021173880641398	0.0	0.0
-0.0003083406202401659	0.0	0.0
-0.0003137859483941887	0.0	0.0
-0.00031855061052895873	0.0	0.0
-0.000322440130638975	0.0	0.0
-0.00032555174672698806	0.0	0.0
-0.0003278854587929979	0.0	0.0
-0.00032963574284250517	0.0	0.0
-0.0003305108848672589	0.0	0.0
-0.0003307053608727597	0.0	0.0
-0.00033021917085900764	0.0	0.0
-0.0003292467908315036	0.0	0.0
-0.00032749650678199623	0.0	0.0
-0.0003253572707214873	0.0	0.0
-0.00032253736864172545	0.0	0.0
-0.0003194257525537124	0.0	0.0
-0.0003159251844546977	0.0	0.0
-0.0003121329023474318	0.0	0.0
-0.0003081461442346651	0.0	0.0
-0.00030396491011639755	0.0	0.0
-0.0002996864379953796	0.0	0.0
-0.00029550520387711213	0.0	0.0
-0.0002913239697588446	0.0	0.0
-0.0002872399736433274	0.0	0.0
-0.0002834476915360615	0.0	0.0
-0.00027984988543429645	0.0	0.0
-0.00027654379334078263	0.0	0.0
-0.00027372389126102074	0.0	0.0
-0.0002710984651867597	0.0	0.0
-0.00026876475312075	0.0	0.0
-0.00026681999306574184	0.0	0.0
-0.00026526418502173526	0.0	0.0
-0.00026390285298322956	0.0	0.0
-0.0002628332349529751	0.0	0.0
-0.00026215256893372227	0.0	0.0
-0.0002616663789199702	0.0	0.0
-0.000261374664911719	0.0	0.0
-0.000261374664911719	0.0	0.0
-0.000261374664911719	0.0	0.0
-0.0002616663789199702	0.0	0.0
-0.00026195809292822145	0.0	0.0
-0.0002623470449392231	0.0	0.0
-0.0002628332349529751	0.0	0.0
-0.0002632221869639767	0.0	0.0
-0.00026370837697772874	0.0	0.0
-0.0002640973289887304	0.0	0.0
-0.00026448628099973203	0.0	0.0
-0.00026458351900248247	0.0	0.0
-0.00026468075700523285	0.0	0.0
-0.00026448628099973203	0.0	0.0
-0.0002640973289887304	0.0	0.0
-0.0002635139009722279	0.0	0.0
-0.0002626387589474743	0.0	0.0
-0.00026147190291446937	0.0	0.0
-0.00025991609487046284	0.0	0.0
-0.0002580685728182051	0.0	0.0
-0.0002557348607521953	0.0	0.0
-0.00025310943467793433	0.0	0.0
-0.0002499978185899213	0.0	0.0
-0.0002464000124881562	0.0	0.0
-0.00024241325437538946	0.0	0.0
-0.00023803754425162114	0.0	0.0
-0.00023317564411410075	0.0	0.0
-0.00022802202996832912	0.0	0.0
-0.0002224794638115559	0.0	0.0
-0.00021664518364653142	0.0	0.0
-0.00021051918947325574	0.0	0.0
-0.00020419871929447923	0.0	0.0
-0.00019758653510745152	0.0	0.0
-0.00019087711291767336	0.0	0.0
-0.00018407045272514483	0.0	0.0
-0.0001772637925326163	0.0	0.0
-0.00017035989433733734	0.0	0.0
-0.0001634559961420584	0.0	0.0
-0.00015645485994402903	0.0	0.0
-0.0001496481997515005	0.0	0.0
-0.00014284153955897193	0.0	0.0
-0.0001361321173691938	0.0	0.0
-0.0001295199331821661	0.0	0.0
-0.0001230049869978888	0.0	0.0
-0.00011658727881636187	0.0	0.0
-0.00011007233263208455	0.0	0.0
-0.00010384910045605846	0.0	0.0
-9.752863027728195e-05	0.0	0.0
-9.140263610400628e-05	0.0	0.0
-8.537387993348099e-05	0.0	0.0
-7.93451237629557e-05	0.0	0.0
-7.351084359793124e-05	0.0	0.0
-6.767656343290678e-05	0.0	0.0
-6.203675927338314e-05	0.0	0.0
-5.639695511385948e-05	0.0	0.0
-5.095162695983665e-05	0.0	0.0
-4.5603536808564224e-05	0.0	0.0
-4.035268466004221e-05	0.0	0.0
-3.539354651977141e-05	0.0	0.0
-3.0628884385001435e-05	0.0	0.0
-2.605869825573227e-05	0.0	0.0
-2.1877464137464736e-05	0.0	0.0
-1.7793468021947614e-05	0.0	0.0
-1.4098423917432119e-05	0.0	0.0
-1.0695093821167849e-05	0.0	0.0
-7.680715735905208e-06	0.0	0.0
-4.958051658893792e-06	0.0	0.0
-2.624339592884007e-06	0.0	0.0
-5.823415351254446e-07	0.0	0.0
8.762285061306714e-07	0.0	0.0
2.043084539135564e-06	0.0	0.0
2.820988561138826e-06	0.0	0.0
3.112702569390049e-06	0.0	0.0
3.0154645666396413e-06	0.0	0.0
2.3347985473867874e-06	0.0	0.0
1.36241851988271e-06	0.0	0.0
-1.9338952412381367e-07	0.0	0.0
-2.235387581882376e-06	0.0	0.0
-4.666337650642569e-06	0.0	0.0
-7.583477733154802e-06	0.0	0.0
-1.0986807829419072e-05	0.0	0.0
-1.4876327939435381e-05	0.0	0.0
-1.9154800060453322e-05	0.0	0.0
-2.401670019797371e-05	0.0	0.0
-2.9267552346495723e-05	0.0	0.0
-3.500459450876978e-05	0.0	0.0
-4.122782668479588e-05	0.0	0.0
-4.7742772869073195e-05	0.0	0.0
-5.4743909067102554e-05	0.0	0.0
-6.203675927338314e-05	0.0	0.0
-6.971856149066534e-05	0.0	0.0
-7.749760171069796e-05	0.0	0.0
-8.576283194448262e-05	0.0	0.0
-9.402806217826727e-05	0.0	0.0
-0.00010248776841755276	0.0	0.0
-0.00011104471265958863	0.0	0.0
-0.0001195044188988741	0.0	0.0
-0.0001281586011436604	0.0	0.0
-0.00013661830738294586	0.0	0.0
-0.00014507801362223134	0.0	0.0
-0.000153343243856016	0.0	0.0
-0.0001614139980842998	0.0	0.0
-0.00016909580030158202	0.0	0.0
-0.00017648588851061303	0.0	0.0
-0.00018348702470864239	0.0	0.0
-0.00019019644689842054	0.0	0.0
-0.0001964196790744466	0.0	0.0
-0.00020205948323397027	0.0	0.0
-0.00020731033538249228	0.0	0.0
-0.00021197775951451185	0.0	0.0
-0.0002161589936327794	0.0	0.0
-0.00021975679973454447	0.0	0.0
-0.0002227711778198071	0.0	0.0
-0.0002252021278885673	0.0	0.0
-0.00022695241193807465	0.0	0.0
-0.00022831374397658035	0.0	0.0
-0.0002289944099958332	0.0	0.0
-0.00022918888600133403	0.0	0.0
-0.0002288971719930828	0.0	0.0
-0.00022811926797107953	0.0	0.0
-0.00022685517393532424	0.0	0.0
-0.0002251048898858169	0.0	0.0
-0.00022286841582255752	0.0	0.0
-0.0002202429897482965	0.0	0.0
-0.00021722861166303386	0.0	0.0
-0.0002138252815667696	0.0	0.0
-0.00021003299945950368	0.0	0.0
-0.00020585176534123616	0.0	0.0
-0.000201281579211967	0.0	0.0
-0.00019632244107169622	0.0	0.0
-0.00019097435092042377	0.0	0.0
-0.00018523730875814973	0.0	0.0
-0.00017911131458487405	0.0	0.0
-0.00017259636840059672	0.0	0.0
-0.00016569247020531777	0.0	0.0
-0.0001584968580017876	0.0	0.0
-0.00015081505578450538	0.0	0.0
-0.00014274430155622155	0.0	0.0
-0.00013428459531693608	0.0	0.0
-0.00012543593706664896	0.0	0.0
-0.00011610108880260983	0.0	0.0
-0.00010657176453306986	0.0	0.0
-9.665348825252829e-05	0.0	0.0
-8.634625996098506e-05	0.0	0.0
-7.584455566394102e-05	0.0	0.0
-6.495389935589537e-05	0.0	0.0
-5.3771529039598476e-05	0.0	0.0
-4.229744471505037e-05	0.0	0.0
-3.0726122387751846e-05	0.0	0.0
-1.8960324054952507e-05	0.0	0.0
-7.097287719402762e-06	0.0	0.0
4.862986618897388e-06	0.0	0.0
1.6920498959947948e-05	0.0	0.0
2.8978011300998507e-05	0.0	0.0
4.103552364204906e-05	0.0	0.0
5.309303598309962e-05	0.0	0.0
6.505331032139978e-05	0.0	0.0
7.68191086541991e-05	0.0	0.0
8.839043098149763e-05	0.0	0.0
9.967003930054493e-05	0.0	0.0
0.000110657933611341	0.0	0.0
0.00012125687591113544	0.0	0.0
0.00013156410420267866	0.0	0.0
0.00014148238048322027	0.0	0.0
0.00015101170475276021	0.0	0.0
0.00016005483900854815	0.0	0.0
0.000168611783250584	0.0	0.0
0.00017668253747886784	0.0	0.0
0.00018416986369064925	0.0	0.0
0.0001911709998886786	0.0	0.0
0.00019778318407570632	0.0	0.0
0.00020371470224348121	0.0	0.0
0.00020935450640300484	0.0	0.0
0.00021460535855152688	0.0	0.0
0.00021946725868904728	0.0	0.0
0.000223940206815566	0.0	0.0
0.00022821867893658396	0.0	0.0
0.00023220543704935065	0.0	0.0
0.00023599771915661658	0.0	0.0
0.00023959552525838166	0.0	0.0
0.00024319333136014673	0.0	0.0
0.0002466938994591614	0.0	0.0
0.0002502917055609265	0.0	0.0
0.000253986749665442	0.0	0.0
0.0002575845557672071	0.0	0.0
0.0002614740758772234	0.0	0.0
0.0002653635959872397	0.0	0.0
0.0002695448301055072	0.0	0.0
0.0002738233022265252	0.0	0.0
0.0002783934883557944	0.0	0.0
0.00028315815049056433	0.0	0.0
0.0002882145266335855	0.0	0.0
0.0002932709027766067	0.0	0.0
0.0002987162309306296	0.0	0.0
0.0003041615590846524	0.0	0.0
0.00030989860124692645	0.0	0.0
0.00031563564340920047	0.0	0.0
0.00032156716157697536	0.0	0.0
0.00032759591774750063	0.0	0.0
0.00033381914992352673	0.0	0.0
0.00033994514409680244	0.0	0.0
0.00034616837627282854	0.0	0.0
0.00035239160844885464	0.0	0.0
0.0003587120786276311	0.0	0.0
0.0003649353108036572	0.0	0.0
0.0003711585429796833	0.0	0.0
0.0003773817751557094	0.0	0.0
0.0003836050073317355	0.0	0.0
0.00038973100150501116	0.0	0.0
0.0003958569956782869	0.0	0.0
0.00040178851384606177	0.0	0.0
0.0004077200320138366	0.0	0.0
0.00041355431217886105	0.0	0.0
0.0004192913543411351	0.0	0.0
0.00042493115850065875	0.0	0.0
0.0004303764866546816	0.0	0.0
0.00043562733880320365	0.0	0.0
0.00044078095294897526	0.0	0.0
0.00044554561508374527	0.0	0.0
0.0004502130392157648	0.0	0.0
0.0004544915113367827	0.0	0.0
0.00045847826944954943	0.0	0.0
0.00046227055155681533	0.0	0.0
0.0004656738816530796	0.0	0.0
0.0004686882597383423	0.0	0.0
0.00047131368581260327	0.0	0.0
0.00047364739787861303	0.0	0.0
0.0004754949199308708	0.0	0.0
0.00047695348997212696	0.0	0.0
0.000477925869999631	0.0	0.0
0.00047860653601888387	0.0	0.0
0.0004788010120243847	0.0	0.0
0.0004788010120243847	0.0	0.0
0.00047831482201063266	0.0	0.0
0.00047743967998587893	0.0	0.0
0.0004762728239528741	0.0	0.0
0.00047481425391161797	0.0	0.0
0.00047296673185936024	0.0	0.0
0.00047102197180435207	0.0	0.0
0.0004687854977410927	0.0	0.0
0.0004663545476723325	0.0	0.0
0.00046382635960082186	0.0	0.0
0.0004611036955238105	0.0	0.0
0.00045818655544129823	0.0	0.0
0.000455269415358786	0.0	0.0
0.00045215779927077295	0.0	0.0
0.0004489489451800095	0.0	0.0
0.0004457400910892461	0.0	0.0
0.0004423367609929818	0.0	0.0
0.0004389334308967175	0.0	0.0
0.00043543286279770283	0.0	0.0
0.00043173781869318737	0.0	0.0
0.00042784829858317103	0.0	0.0
0.0004238615404704043	0.0	0.0
0.0004197775443548872	0.0	0.0
0.0004153045962283684	0.0	0.0
0.00041073441009909927	0.0	0.0
0.0004057752719588285	0.0	0.0
0.0004006216578130569	0.0	0.0
0.000395176329659034	0.0	0.0
0.00038934204949400957	0.0	0.0
0.0003831188173179835	0.0	0.0
0.00037650663313095573	0.0	0.0
0.0003695054969329264	0.0	0.0
0.0003621154087238954	0.0	0.0
0.0003543363685038628	0.0	0.0
0.00034616837627282854	0.0	0.0
0.00033761143203079263	0.0	0.0
0.00032856829777500474	0.0	0.0
0.0003191362115082152	0.0	0.0
0.00030931517323042404	0.0	0.0
0.00029910518294163117	0.0	0.0
0.00028860347864458714	0.0	0.0
0.00027771282233654147	0.0	0.0
0.0002664332140174942	0.0	0.0
0.00025505636769569646	0.0	0.0
0.00024319333136014673	0.0	0.0
0.00023133029502459698	0.0	0.0
0.00021917554468079605	0.0	0.0
0.00020692355633424465	0.0	0.0
0.00019457432998494286	0.0	0.0
0.0001822251036356411	0.0	0.0
0.0001699731152890897	0.0	0.0
0.00015772112694253834	0.0	0.0
0.00014556637659873738	0.0	0.0
0.00013360610226043724	0.0	0.0
0.0001219375419303883	0.0	0.0
0.0001105606956085906	0.0	0.0
9.967003930054493e-05	0.0	0.0
8.907109700075049e-05	0.0	0.0
7.905558271745848e-05	0.0	0.0
6.962349645066894e-05	0.0	0.0
6.0677600197631425e-05	0.0	0.0
5.250960796659718e-05	0.0	0.0
4.5022281754815785e-05	0.0	0.0
3.811838355953683e-05	0.0	0.0
3.189515138351074e-05	0.0	0.0
2.6547061232238313e-05	0.0	0.0
2.1782399097468333e-05	0.0	0.0
1.7795640984701618e-05	0.0	0.0
1.4586786893938161e-05	0.0	0.0
1.2058598822427561e-05	0.0	0.0
1.0113838767419406e-05	0.0	0.0
8.849744731664105e-06	0.0	0.0
8.16907871241125e-06	0.0	0.0
7.974602706910435e-06	0.0	0.0
8.460792720662474e-06	0.0	0.0
9.238696742665736e-06	0.0	0.0
1.0697266783921851e-05	0.0	0.0
1.2350312830678783e-05	0.0	0.0
1.4392310888437346e-05	0.0	0.0
1.6726022954447132e-05	0.0	0.0
1.9254211025957734e-05	0.0	0.0
2.197687510296915e-05	0.0	0.0
2.4796777182730973e-05	0.0	0.0
2.76166792624928e-05	0.0	0.0
3.0631057347755436e-05	0.0	0.0
3.354819743026767e-05	0.0	0.0
3.64653375127799e-05	0.0	0.0
3.918800158979132e-05	0.0	0.0
4.191066566680273e-05	0.0	0.0
4.434161573556293e-05	0.0	0.0
4.667532780157271e-05	0.0	0.0
4.8814563862081684e-05	0.0	0.0
5.075932391708984e-05	0.0	0.0
5.241236996384677e-05	0.0	0.0
5.396817800785329e-05	0.0	0.0
5.52322720436086e-05	0.0	0.0
5.6204652071112674e-05	0.0	0.0
5.698255609311593e-05	0.0	0.0
5.7565984109618376e-05	0.0	0.0
5.78576981178696e-05	0.0	0.0
5.795493612062001e-05	0.0	0.0
5.78576981178696e-05	0.0	0.0
5.766322211236879e-05	0.0	0.0
5.7274270101367156e-05	0.0	0.0
5.6788080087615114e-05	0.0	0.0
5.6204652071112674e-05	0.0	0.0
5.5523986051859817e-05	0.0	0.0
5.464884402710615e-05	0.0	0.0
5.387094000510288e-05	0.0	0.0
5.2995797980349215e-05	0.0	0.0
5.202341795284514e-05	0.0	0.0
5.105103792534106e-05	0.0	0.0
5.0175895900587386e-05	0.0	0.0
4.910627787033291e-05	0.0	0.0
4.803665984007842e-05	0.0	0.0
4.7064279812574344e-05	0.0	0.0
4.589742377956945e-05	0.0	0.0
4.473056774656456e-05	0.0	0.0
4.366094971631007e-05	0.0	0.0
4.249409368330518e-05	0.0	0.0
4.132723765030029e-05	0.0	0.0
4.0160381617295397e-05	0.0	0.0
3.909076358704091e-05	0.0	0.0
3.792390755403602e-05	0.0	0.0
3.685428952378153e-05	0.0	0.0
3.568743349077664e-05	0.0	0.0
3.461781546052215e-05	0.0	0.0
3.364543543301807e-05	0.0	0.0
3.2673055405513995e-05	0.0	0.0
3.179791338076033e-05	0.0	0.0
3.102000935875707e-05	0.0	0.0
3.0339343339504216e-05	0.0	0.0
2.9853153325752177e-05	0.0	0.0
2.9464201314750546e-05	0.0	0.0
2.917248730649932e-05	0.0	0.0
2.917248730649932e-05	0.0	0.0
2.907524930374891e-05	0.0	0.0
2.926972530924973e-05	0.0	0.0
2.956143931750095e-05	0.0	0.0
2.9853153325752177e-05	0.0	0.0
3.043658134225462e-05	0.0	0.0
3.092277135600666e-05	0.0	0.0
3.160343737525951e-05	0.0	0.0
3.238134139726278e-05	0.0	0.0
3.315924541926604e-05	0.0	0.0
3.403438744401971e-05	0.0	0.0
3.481229146602297e-05	0.0	0.0
3.559019548802623e-05	0.0	0.0
3.636809951002949e-05	0.0	0.0
3.704876552928235e-05	0.0	0.0
3.7632193545784795e-05	0.0	0.0
3.821562156228724e-05	0.0	0.0
3.850733557053846e-05	0.0	0.0
3.8701811576039284e-05	0.0	0.0
3.879904957878969e-05	0.0	0.0
3.8701811576039284e-05	0.0	0.0
3.8312859565037646e-05	0.0	0.0
3.792390755403602e-05	0.0	0.0
3.7243241534783164e-05	0.0	0.0
3.636809951002949e-05	0.0	0.0
3.529848147977501e-05	0.0	0.0
3.3839911438518895e-05	0.0	0.0
3.228410339451237e-05	0.0	0.0
3.043658134225462e-05	0.0	0.0
2.8297345281745653e-05	0.0	0.0
2.5963633215735866e-05	0.0	0.0
2.324096913872445e-05	0.0	0.0
2.0421067058962624e-05	0.0	0.0
1.7406688973699987e-05	0.0	0.0
1.4100596880186123e-05	0.0	0.0
1.0697266783921851e-05	0.0	0.0
7.002222679406358e-06	0.0	0.0
3.112702569390049e-06	0.0	0.0
-8.740555433766678e-07	0.0	0.0
-4.958051658893792e-06	0.0	0.0
-9.139285777161326e-06	0.0	0.0
-1.3514995900929674e-05	0.0	0.0
-1.789070602469802e-05	0.0	0.0
-2.2363654151216775e-05	0.0	0.0
-2.683660227773553e-05	0.0	0.0
-3.15040264097551e-05	0.0	0.0
-3.607421253902426e-05	0.0	0.0
-4.0741636671043836e-05	0.0	0.0
-4.540906080306341e-05	0.0	0.0
-5.02709609405838e-05	0.0	0.0
-5.5132861078104185e-05	0.0	0.0
-6.009199921837498e-05	0.0	0.0
-6.524561336414659e-05	0.0	0.0
-7.059370351541901e-05	0.0	0.0
-7.623350767494267e-05	0.0	0.0
-8.197054983721672e-05	0.0	0.0
-8.80965440104924e-05	0.0	0.0
-9.451425219201931e-05	0.0	0.0
-0.00010141815038729826	0.0	0.0
-0.00010871100059357884	0.0	0.0
-0.00011649004081361146	0.0	0.0
-0.0001247552710473961	0.0	0.0
-0.00013360392929768323	0.0	0.0
-0.00014293877756172235	0.0	0.0
-0.00015295429184501437	0.0	0.0
-0.0001634559961420584	0.0	0.0
-0.0001746383664583553	0.0	0.0
-0.00018640416479115464	0.0	0.0
-0.0001988506291432068	0.0	0.0
-0.00021188052151176147	0.0	0.0
-0.00022539660389406813	0.0	0.0
-0.00023959335229562764	0.0	0.0
-0.0002542762907109392	0.0	0.0
-0.00026954265714275325	0.0	0.0
-0.0002851979755855689	0.0	0.0
-0.00030143672204488697	0.0	0.0
-0.0003181616585179571	0.0	0.0
-0.0003351783089992784	0.0	0.0
-0.00035268114949435183	0.0	0.0
-0.000370378465994926	0.0	0.0
-0.0003884647345065019	0.0	0.0
-0.00040684271702632897	0.0	0.0
-0.0004254151755516568	0.0	0.0
-0.0004440848720797351	0.0	0.0
-0.0004630462826160646	0.0	0.0
-0.0004820076931523941	0.0	0.0
-0.000501066341691474	0.0	0.0
-0.000520124990230554	0.0	0.0
-0.0005390864007668835	0.0	0.0
-0.0005578533352977122	0.0	0.0
-0.0005765230318257905	0.0	0.0
-0.0005949010143456175	0.0	0.0
-0.0006129872828571933	0.0	0.0
-0.0006308790753632683	0.0	0.0
-0.0006483819158583417	0.0	0.0
-0.0006653985663396631	0.0	0.0
-0.0006819290268072325	0.0	0.0
-0.0006978760592582994	0.0	0.0
-0.0007132396636928637	0.0	0.0
-0.0007280198401109257	0.0	0.0
-0.0007420221125069844	0.0	0.0
-0.0007553437188837903	0.0	0.0
-0.0007680818972440937	0.0	0.0
-0.0007800421715823939	0.0	0.0
-0.0007912245418986907	0.0	0.0
-0.0008016290081929844	0.0	0.0
-0.000811352808468025	0.0	0.0
-0.0008202987047210627	0.0	0.0
-0.0008283694589493464	0.0	0.0
-0.0008357595471583775	0.0	0.0
-0.0008423717313454052	0.0	0.0
-0.0008483032495131801	0.0	0.0
-0.0008535541016617021	0.0	0.0
-0.0008581242877909712	0.0	0.0
-0.0008620138079009874	0.0	0.0
-0.000865222661991751	0.0	0.0
-0.000867848088066012	0.0	0.0
-0.0008698900861237706	0.0	0.0
-0.0008714458941677771	0.0	0.0
-0.0008723210361925308	0.0	0.0
-0.0008728072262062828	0.0	0.0
-0.0008727099882035324	0.0	0.0
-0.00087212656018703	0.0	0.0
-0.000870959704154025	0.0	0.0
-0.0008694038961100186	0.0	0.0
-0.0008672646600495096	0.0	0.0
-0.0008648337099807494	0.0	0.0
-0.0008619165698982372	0.0	0.0
-0.0008585132398019729	0.0	0.0
-0.000854720957694707	0.0	0.0
-0.0008505397235764394	0.0	0.0
-0.0008459695374471703	0.0	0.0
-0.0008409131613041491	0.0	0.0
-0.000835662309155627	0.0	0.0
-0.000829925266993353	0.0	0.0
-0.0008238965108228277	0.0	0.0
-0.0008176732786468016	0.0	0.0
-0.0008111583324625244	0.0	0.0
-0.0008045461482754965	0.0	0.0
-0.0007976422500802176	0.0	0.0
-0.0007905438758794379	0.0	0.0
-0.0007833482636759077	0.0	0.0
-0.0007761526514723776	0.0	0.0
-0.0007688598012660969	0.0	0.0
-0.0007614697130570659	0.0	0.0
-0.0007542741008535358	0.0	0.0
-0.0007470784886500056	0.0	0.0
-0.0007399801144492258	0.0	0.0
-0.0007328817402484461	0.0	0.0
-0.0007258806040504167	0.0	0.0
-0.0007189767058551378	0.0	0.0
-0.0007121700456626093	0.0	0.0
-0.0007055578614755815	0.0	0.0
-0.0006989456772885538	0.0	0.0
-0.0006926252071097772	0.0	0.0
-0.0006863047369310008	0.0	0.0
-0.0006800815047549746	0.0	0.0
-0.0006737610345761982	0.0	0.0
-0.0006675378024001721	0.0	0.0
-0.000661314570224146	0.0	0.0
-0.0006549941000453696	0.0	0.0
-0.0006486736298665929	0.0	0.0
-0.0006421586836823157	0.0	0.0
-0.0006356437374980384	0.0	0.0
-0.0006289343153082601	0.0	0.0
-0.0006219331791102308	0.0	0.0
-0.0006147375669067007	0.0	0.0
-0.0006074447167004201	0.0	0.0
-0.0005997629144831379	0.0	0.0
-0.0005917893982576044	0.0	0.0
-0.0005835241680238198	0.0	0.0
-0.0005750644617845344	0.0	0.0
-0.0005661185655314967	0.0	0.0
-0.0005569781932729585	0.0	0.0
-0.0005474488690034185	0.0	0.0
-0.000537530592722877	0.0	0.0
-0.0005273206024340841	0.0	0.0
-0.00051681889813704	0.0	0.0
-0.0005060254798317449	0.0	0.0
-0.0004949403475181984	0.0	0.0
-0.00048366073919915107	0.0	0.0
-0.00047208941687185255	0.0	0.0
-0.0004604208565418036	0.0	0.0
-0.0004484605822035034	0.0	0.0
-0.0004364030698624529	0.0	0.0
-0.00042415108151590156	0.0	0.0
-0.00041180185516659975	0.0	0.0
-0.00039935539081454755	0.0	0.0
-0.000386811688459745	0.0	0.0
-0.0003741707481021919	0.0	0.0
-0.00036143256974188856	0.0	0.0
-0.00034869439138158516	0.0	0.0
-0.0003357617370157809	0.0	0.0
-0.0003227318446472263	0.0	0.0
-0.00030960471427592123	0.0	0.0
-0.00029638034590186575	0.0	0.0
-0.0002829615015223095	0.0	0.0
-0.0002694454191400028	0.0	0.0
-0.0002557348607521953	0.0	0.0
-0.00024192706436163746	0.0	0.0
-0.0002278275539628283	0.0	0.0
-0.00021353356755851837	0.0	0.0
-0.00019894786714595722	0.0	0.0
-0.00018426492873064565	0.0	0.0
-0.00016929027630708285	0.0	0.0
-0.00015412114787801925	0.0	0.0
-0.00013866030544070444	0.0	0.0
-0.0001230049869978888	0.0	0.0
-0.00010725243055232273	0.0	0.0
-9.140263610400628e-05	0.0	0.0
-7.535836565018898e-05	0.0	0.0
-5.9216857193621304e-05	0.0	0.0
-4.307534873705363e-05	0.0	0.0
-2.693384028048594e-05	0.0	0.0
-1.0792331823918256e-05	0.0	0.0
5.349176632649427e-06	0.0	0.0
2.1296209083716294e-05	0.0	0.0
3.7243241534783164e-05	0.0	0.0
5.2995797980349215e-05	0.0	0.0
6.845664041766405e-05	0.0	0.0
8.372300684947807e-05	0.0	0.0
9.879489727579125e-05	0.0	0.0
0.00011347783569110282	0.0	0.0
0.00012786906009816317	0.0	0.0
0.0001418713324942219	0.0	0.0
0.00015558189088202938	0.0	0.0
0.00016890349725883522	0.0	0.0
0.00018193338962738988	0.0	0.0
0.00019447709198219245	0.0	0.0
0.00020663184232599344	0.0	0.0
0.00021830040265604237	0.0	0.0
0.00022958001097508966	0.0	0.0
0.00024047066728313533	0.0	0.0
0.00025087513357742897	0.0	0.0
0.00026069617185522014	0.0	0.0
0.0002701282581220097	0.0	0.0
0.0002791713923777976	0.0	0.0
0.0002875338606143327	0.0	0.0
0.0002955073768398661	0.0	0.0
0.0003029947030516475	0.0	0.0
0.00030999583924967684	0.0	0.0
0.00031641354743120376	0.0	0.0
0.00032244230360172903	0.0	0.0
0.0003279848697585023	0.0	0.0
0.0003331384839042739	0.0	0.0
0.00033770867003354307	0.0	0.0
0.0003418899041518106	0.0	0.0
0.0003456821862590765	0.0	0.0
0.00034908551635534076	0.0	0.0
0.0003521971324433538	0.0	0.0
0.0003548225585176148	0.0	0.0
0.0003571562705836246	0.0	0.0
0.0003592955066441336	0.0	0.0
0.0003611430286963913	0.0	0.0
0.00036269883674039784	0.0	0.0
0.0003640601687789036	0.0	0.0
0.0003652270248119085	0.0	0.0
0.0003661994048394125	0.0	0.0
0.0003670745468641662	0.0	0.0
0.0003678524508861695	0.0	0.0
0.00036863035490817273	0.0	0.0
0.0003693110209274256	0.0	0.0
0.0003699916869466784	0.0	0.0
0.0003706723529659313	0.0	0.0
0.00037135301898518413	0.0	0.0
0.0003722281610099378	0.0	0.0
0.00037320054103744186	0.0	0.0
0.00037427015906769636	0.0	0.0
0.0003754370151007013	0.0	0.0
0.0003768955851419574	0.0	0.0
0.0003784513931859639	0.0	0.0
0.0003802016772354712	0.0	0.0
0.0003822436752932298	0.0	0.0
0.0003844801493564892	0.0	0.0
0.0003870083374279998	0.0	0.0
0.00038973100150501116	0.0	0.0
0.00039284261759302426	0.0	0.0
0.0003961487096865381	0.0	0.0
0.0003998437537910536	0.0	0.0
0.0004038305119038203	0.0	0.0
0.00040801174602208786	0.0	0.0
0.0004124846941486066	0.0	0.0
0.00041715211828062613	0.0	0.0
0.00042211125642089696	0.0	0.0
0.00042726487056666857	0.0	0.0
0.000432612960717941	0.0	0.0
0.00043805828887196385	0.0	0.0
0.0004437953310342379	0.0	0.0
0.000449532373196512	0.0	0.0
0.000455269415358786	0.0	0.0
0.0004611036955238105	0.0	0.0
0.0004668407376860845	0.0	0.0
0.0004724805418456082	0.0	0.0
0.00047812034600513184	0.0	0.0
0.00048346843615640426	0.0	0.0
0.0004887192883049262	0.0	0.0
0.0004936784264451971	0.0	0.0
0.0004985403265827174	0.0	0.0
0.0005030132747092362	0.0	0.0
0.0005070972708247533	0.0	0.0
0.0005108895529320192	0.0	0.0
0.0005143901210310339	0.0	0.0
0.0005174044991162965	0.0	0.0
0.0005200299251905576	0.0	0.0
0.0005222663992538169	0.0	0.0
0.0005241139213060747	0.0	0.0
0.0005254752533445803	0.0	0.0
0.000526350395369334	0.0	0.0
0.0005268365853830861	0.0	0.0
0.0005267393473803357	0.0	0.0
0.000526350395369334	0.0	0.0
0.0005252807773390795	0.0	0.0
0.0005239194453005739	0.0	0.0
0.000522071923248316	0.0	0.0
0.000519640973179556	0.0	0.0
0.0005167238330970438	0.0	0.0
0.0005135149790062802	0.0	0.0
0.0005097226968990143	0.0	0.0
0.0005055414627807468	0.0	0.0
0.0005008740386487272	0.0	0.0
0.0004959149005084564	0.0	0.0
0.000490566810357184	0.0	0.0
0.00048482976819490996	0.0	0.0
0.0004787037740216343	0.0	0.0
0.00047218882783735695	0.0	0.0
0.0004653821676448284	0.0	0.0
0.00045838103144679905	0.0	0.0
0.0004509909432377681	0.0	0.0
0.00044350361702598666	0.0	0.0
0.0004358218148087045	0.0	0.0
0.00042794553658592147	0.0	0.0
0.00041997202036038803	0.0	0.0
0.0004119985041348546	0.0	0.0
0.0004038305119038203	0.0	0.0
0.00039566251967278605	0.0	0.0
0.00038759176544450217	0.0	0.0
0.000379423773213468	0.0	0.0
0.00037125578098243375	0.0	0.0
0.00036318502675414987	0.0	0.0
0.00035530874853136686	0.0	0.0
0.0003473352323058334	0.0	0.0
0.0003396534300885512	0.0	0.0
0.0003318743898685186	0.0	0.0
0.0003241925876512364	0.0	0.0
0.000316705261439455	0.0	0.0
0.00030931517323042404	0.0	0.0
0.000301925085021393	0.0	0.0
0.00029472947281786285	0.0	0.0
0.0002876310986170831	0.0	0.0
0.0002807272004218041	0.0	0.0
0.0002738233022265252	0.0	0.0
0.000267113880036747	0.0	0.0
0.00026059893385246976	0.0	0.0
0.0002540839876681924	0.0	0.0
0.0002478607554921663	0.0	0.0
0.00024173476131889062	0.0	0.0
0.00023580324315111576	0.0	0.0
0.00023016343899159213	0.0	0.0
0.00022462087283481885	0.0	0.0
0.00021937002068629687	0.0	0.0
0.00021421640654052524	0.0	0.0
0.00020945174440575526	0.0	0.0
0.00020497879627923648	0.0	0.0
0.00020060308615546817	0.0	0.0
0.00019661632804270144	0.0	0.0
0.00019292128393818596	0.0	0.0
0.00018942071583917126	0.0	0.0
0.00018630909975115824	0.0	0.0
0.000183391959668646	0.0	0.0
0.00018076653359438497	0.0	0.0
0.0001784328215283752	0.0	0.0
0.00017639082347061663	0.0	0.0
0.0001746405394211093	0.0	0.0
0.00017327920738260358	0.0	0.0
0.00017220958935234909	0.0	0.0
0.00017152892333309623	0.0	0.0
0.0001710427333193442	0.0	0.0
0.0001710427333193442	0.0	0.0
0.00017113997132209462	0.0	0.0
0.00017172339933859706	0.0	0.0
0.00017259854136335073	0.0	0.0
0.0001737653973963556	0.0	0.0
0.00017532120544036213	0.0	0.0
0.0001772659654953703	0.0	0.0
0.00017940520155587927	0.0	0.0
0.0001820306276301403	0.0	0.0
0.0001849477677126525	0.0	0.0
0.00018825385980616638	0.0	0.0
0.00019194890391068187	0.0	0.0
0.00019583842402069818	0.0	0.0
0.0002001168961417161	0.0	0.0
0.0002047843202737357	0.0	0.0
0.00020974345841400646	0.0	0.0
0.0002149943105625285	0.0	0.0
0.00022063411472205213	0.0	0.0
0.0002264683948870766	0.0	0.0
0.0002326916270631027	0.0	0.0
0.0002391093352446296	0.0	0.0
0.00024591599543715814	0.0	0.0
0.0002529171316351875	0.0	0.0
0.0002601127438387177	0.0	0.0
0.0002676973080532495	0.0	0.0
0.0002753791102705317	0.0	0.0
0.00028335262649606516	0.0	0.0
0.0002915206187270994	0.0	0.0
0.00029978584896088407	0.0	0.0
0.0003082455552001695	0.0	0.0
0.0003168024994422054	0.0	0.0
0.00032545668168699164	0.0	0.0
0.0003342081019345284	0.0	0.0
0.0003430567601848155	0.0	0.0
0.000352002656437853	0.0	0.0
0.0003608513146881401	0.0	0.0
0.0003697972109411776	0.0	0.0
0.0003787431071942151	0.0	0.0
0.00038759176544450217	0.0	0.0
0.00039644042369478934	0.0	0.0
0.0004050946059395756	0.0	0.0
0.0004137487881843619	0.0	0.0
0.0004223057324263978	0.0	0.0
0.0004306682006629328	0.0	0.0
0.0004389334308967175	0.0	0.0
0.00044710142312775174	0.0	0.0
0.0004550749393532852	0.0	0.0
0.0004628539795733178	0.0	0.0
0.0004704385437878496	0.0	0.0
0.000477925869999631	0.0	0.0
0.00048521872020591155	0.0	0.0
0.0004922198564039409	0.0	0.0
0.0004991237545992199	0.0	0.0
0.000505833176788998	0.0	0.0
0.0005122508849705249	0.0	0.0
0.0005185713551493015	0.0	0.0
0.0005246973493225771	0.0	0.0
0.0005305316294876016	0.0	0.0
0.0005361714336471253	0.0	0.0
0.0005416167618011481	0.0	0.0
0.0005468676139496701	0.0	0.0
0.0005520212280954417	0.0	0.0
0.0005568831282329621	0.0	0.0
0.0005615505523649816	0.0	0.0
0.00056592626248875	0.0	0.0
0.0005702047346097679	0.0	0.0
0.0005741914927225347	0.0	0.0
0.0005779837748298006	0.0	0.0
0.0005814843429288153	0.0	0.0
0.0005846931970195787	0.0	0.0
0.0005878048131075917	0.0	0.0
0.0005906247151873537	0.0	0.0
0.0005931529032588642	0.0	0.0
0.0005955838533276243	0.0	0.0
0.0005976258513853829	0.0	0.0
0.0005995706114403911	0.0	0.0
0.0006013208954898984	0.0	0.0
0.0006027794655311544	0.0	0.0
0.0006040435595669098	0.0	0.0
0.000605015939594414	0.0	0.0
0.000605988319621918	0.0	0.0
0.0006065717476384203	0.0	0.0
0.0006070579376521724	0.0	0.0
0.0006072524136576733	0.0	0.0
0.0006073496516604236	0.0	0.0
0.0006071551756549229	0.0	0.0
0.0006068634616466716	0.0	0.0
0.0006062800336301692	0.0	0.0
0.0006055993676109164	0.0	0.0
0.0006046269875834123	0.0	0.0
0.0006034601315504074	0.0	0.0
0.0006020015615091513	0.0	0.0
0.0006002512774596439	0.0	0.0
0.0005982092794018855	0.0	0.0
0.0005958755673358756	0.0	0.0
0.0005932501412616146	0.0	0.0
0.0005901385251736016	0.0	0.0
0.0005866379570745869	0.0	0.0
0.0005826511989618202	0.0	0.0
0.0005783727268408022	0.0	0.0
0.0005734135887005314	0.0	0.0
0.0005679682605465085	0.0	0.0
0.0005620367423787337	0.0	0.0
0.000555424558191706	0.0	0.0
0.0005483261839909261	0.0	0.0
0.0005406443817736439	0.0	0.0
0.0005323791515398594	0.0	0.0
0.0005234332552868219	0.0	0.0
0.0005139039310172818	0.0	0.0
0.0005037911787312395	0.0	0.0
0.0004930949984286946	0.0	0.0
0.0004818153901096473	0.0	0.0
0.00046995235377409757	0.0	0.0
0.00045760312742479576	0.0	0.0
0.000444767711061742	0.0	0.0
0.0004314461046849361	0.0	0.0
0.0004177355462971286	0.0	0.0
0.00040353879789556906	0.0	0.0
0.00038895309748300793	0.0	0.0
0.0003739784450594451	0.0	0.0
0.0003586148406248807	0.0	0.0
0.00034286228417931467	0.0	0.0
0.0003268180137254974	0.0	0.0
0.0003105792672661793	0.0	0.0
0.0002939515687958596	0.0	0.0
0.000277129394320039	0.0	0.0
0.0002601127438387177	0.0	0.0
0.0002429016173518955	0.0	0.0
0.00022549601485957253	0.0	0.0
0.00020789593636174873	0.0	0.0
0.00019010138185842411	0.0	0.0
0.0001723068273550995	0.0	0.0
0.00015422055884352367	0.0	0.0
0.00013623152833469823	0.0	0.0
0.00011804802182037199	0.0	0.0
9.996175330879615e-05	0.0	0.0
8.177824679446991e-05	0.0	0.0
6.369197828289406e-05	0.0	0.0
4.5605709771318225e-05	0.0	0.0
2.76166792624928e-05	0.0	0.0
9.724886756417775e-06	0.0	0.0
-7.875191741406024e-06	0.0	0.0
-2.5475270239229824e-05	0.0	0.0
-4.288087273155281e-05	0.0	0.0
-5.9994761215624566e-05	0.0	0.0
-7.68169356914451e-05	0.0	0.0
-9.344463416176483e-05	0.0	0.0
-0.00010958614261833251	0.0	0.0
-0.00012553317506939937	0.0	0.0
-0.0001409940175067142	0.0	0.0
-0.00015616314593577783	0.0	0.0
-0.0001709433223538398	0.0	0.0
-0.00018523730875814973	0.0	0.0
-0.00019904510514870763	0.0	0.0
-0.0002124639495282639	0.0	0.0
-0.00022539660389406813	0.0	0.0
-0.0002377458302433699	0.0	0.0
-0.00024960886657891964	0.0	0.0
-0.00026088847489796695	0.0	0.0
-0.0002715846552005118	0.0	0.0
-0.0002817946454893046	0.0	0.0
-0.00029142120776159497	0.0	0.0
-0.00030046434201738285	0.0	0.0
-0.00030902128625941877	0.0	0.0
-0.0003168975644822018	0.0	0.0
-0.0003242876526912328	0.0	0.0
-0.0003309970748810109	0.0	0.0
-0.0003373175450597874	0.0	0.0
-0.00034295734921931104	0.0	0.0
-0.00034801372536233225	0.0	0.0
-0.00035258391149160144	0.0	0.0
-0.00035666790760711855	0.0	0.0
-0.00036016847570613324	0.0	0.0
-0.0003633773297968967	0.0	0.0
-0.0003659055178684073	0.0	0.0
-0.0003681419919316667	0.0	0.0
-0.00036989227598117403	0.0	0.0
-0.00037144808402518056	0.0	0.0
-0.0003724204640526846	0.0	0.0
-0.0003731983680746879	0.0	0.0
-0.0003735873200856895	0.0	0.0
-0.00037368455808843993	0.0	0.0
-0.0003734900820829391	0.0	0.0
-0.00037310113007193746	0.0	0.0
-0.0003724204640526846	0.0	0.0
-0.00037154532202793094	0.0	0.0
-0.00037047570399767644	0.0	0.0
-0.00036930884796467157	0.0	0.0
-0.00036794751592616586	0.0	0.0
-0.0003663917078821593	0.0	0.0
-0.0003648358998381528	0.0	0.0
-0.00036308561578864547	0.0	0.0
-0.00036123809373638774	0.0	0.0
-0.00035929333368137957	0.0	0.0
-0.0003573485736263714	0.0	0.0
-0.0003552093375658624	0.0	0.0
-0.00035316733950810386	0.0	0.0
-0.0003509308654448445	0.0	0.0
-0.00034869439138158516	0.0	0.0
-0.0003464579173183258	0.0	0.0
-0.00034422144325506636	0.0	0.0
-0.000341984969191807	0.0	0.0
-0.0003397484951285476	0.0	0.0
-0.0003374147830625378	0.0	0.0
-0.0003351783089992784	0.0	0.0
-0.0003330390729387695	0.0	0.0
-0.0003308025988755101	0.0	0.0
-0.00032866336281500117	0.0	0.0
-0.0003265241267544922	0.0	0.0
-0.0003243848906939832	0.0	0.0
-0.000322440130638975	0.0	0.0
-0.0003206898465894677	0.0	0.0
-0.00031903680054271076	0.0	0.0
-0.0003174809924987043	0.0	0.0
-0.00031611966046019854	0.0	0.0
-0.0003148555664244432	0.0	0.0
-0.00031388318639693916	0.0	0.0
-0.0003130080443721855	0.0	0.0
-0.000312424616355683	0.0	0.0
-0.0003120356643446814	0.0	0.0
-0.000311938426341931	0.0	0.0
-0.0003121329023474318	0.0	0.0
-0.00031261909236118384	0.0	0.0
-0.00031329975838043675	0.0	0.0
-0.0003143693764106912	0.0	0.0
-0.00031563347044644645	0.0	0.0
-0.00031728651649320347	0.0	0.0
-0.0003191340385454612	0.0	0.0
-0.0003212732746059702	0.0	0.0
-0.0003236069866719799	0.0	0.0
-0.0003262324127462409	0.0	0.0
-0.0003290523148260028	0.0	0.0
-0.0003320666929112654	0.0	0.0
-0.00033527554700202885	0.0	0.0
-0.0003385816390955427	0.0	0.0
-0.000341984969191807	0.0	0.0
-0.0003454855372908217	0.0	0.0
-0.0003489861053898363	0.0	0.0
-0.00035248667348885106	0.0	0.0
-0.0003558900035851153	0.0	0.0
-0.00035919609567862913	0.0	0.0
-0.00036240494976939256	0.0	0.0
-0.0003654193278546553	0.0	0.0
-0.00036823922993441707	0.0	0.0
-0.0003708646560086781	0.0	0.0
-0.0003731983680746879	0.0	0.0
-0.000375143128129696	0.0	0.0
-0.00037689341217920336	0.0	0.0
-0.00037835198222045945	0.0	0.0
-0.000379421600250714	0.0	0.0
-0.00038019950427271723	0.0	0.0
-0.0003805884562837189	0.0	0.0
-0.00038068569428646926	0.0	0.0
-0.00038049121828096844	0.0	0.0
-0.000379907790264466	0.0	0.0
-0.00037903264823971236	0.0	0.0
-0.0003778657922067075	0.0	0.0
-0.00037640722216545134	0.0	0.0
-0.000374656938115944	0.0	0.0
-0.00037261494005818544	0.0	0.0
-0.0003702812279921756	0.0	0.0
-0.00036775303992066504	0.0	0.0
-0.0003648358998381528	0.0	0.0
-0.0003616270457473894	0.0	0.0
-0.0003581264776483747	0.0	0.0
-0.0003542369575383584	0.0	0.0
-0.00035005572342009086	0.0	0.0
-0.00034558277529357206	0.0	0.0
-0.0003406236371533013	0.0	0.0
-0.00033537278500477924	0.0	0.0
-0.00032963574284250517	0.0	0.0
-0.0003236069866719799	0.0	0.0
-0.00031709204048770265	0.0	0.0
-0.0003102853802951741	0.0	0.0
-0.0003028952920861431	0.0	0.0
-0.00029521348986886087	0.0	0.0
-0.0002869482596350762	0.0	0.0
-0.00027839131539304036	0.0	0.0
-0.0002693481811372524	0.0	0.0
-0.00025991609487046284	0.0	0.0
-0.00025009505659267167	0.0	0.0
-0.0002399823043066293	0.0	0.0
-0.00022948060000958523	0.0	0.0
-0.0002187844197070404	0.0	0.0
-0.0002076020493907435	0.0	0.0
-0.00019632244107169622	0.0	0.0
-0.00018475111874439768	0.0	0.0
-0.00017288808240884795	0.0	0.0
-0.0001609278080705478	0.0	0.0
-0.00014877305772674682	0.0	0.0
-0.00013652106938019545	0.0	0.0
-0.00012417184303089367	0.0	0.0
-0.00011172537867884149	0.0	0.0
-9.918167632403889e-05	0.0	0.0
-8.663797396923628e-05	0.0	0.0
-7.399703361168328e-05	0.0	0.0
-6.135609325413028e-05	0.0	0.0
-4.871515289657727e-05	0.0	0.0
-3.6171450541774674e-05	0.0	0.0
-2.3530510184221672e-05	0.0	0.0
-1.0889569826668664e-05	0.0	0.0
1.751370530884341e-06	0.0	0.0
1.4392310888437346e-05	0.0	0.0
2.6936013243239944e-05	0.0	0.0
3.947971559804254e-05	0.0	0.0
5.202341795284514e-05	0.0	0.0
6.446988230489732e-05	0.0	0.0
7.691634665694952e-05	0.0	0.0
8.946004901175211e-05	0.0	0.0
0.0001018092753610539	0.0	0.0
0.00011406126370760528	0.0	0.0
0.00012641049005690706	0.0	0.0
0.0001386624784034584	0.0	0.0
0.0001508172287472594	0.0	0.0
0.00016297197909106038	0.0	0.0
0.00017493225342936052	0.0	0.0
0.00018679528976491024	0.0	0.0
0.00019865832610046	0.0	0.0
0.00021032688643050893	0.0	0.0
0.00022189820875780745	0.0	0.0
0.00023327505507960515	0.0	0.0
0.00024445742539590205	0.0	0.0
0.0002556397957121989	0.0	0.0
0.0002665304520202446	0.0	0.0
0.00027722663232278944	0.0	0.0
0.0002877283366198335	0.0	0.0
0.0002979383269086263	0.0	0.0
0.0003079538411919183	0.0	0.0
0.00031777487946970946	0.0	0.0
0.0003274014417419998	0.0	0.0
0.00033663905200328857	0.0	0.0
0.0003456821862590765	0.0	0.0
0.00035443360650661313	0.0	0.0
0.0003627960747431482	0.0	0.0
0.0003710613049769329	0.0	0.0
0.00037893758319971593	0.0	0.0
0.00038661938541699817	0.0	0.0
0.00039400947362602914	0.0	0.0
0.0004012050858295593	0.0	0.0
0.00040810898402483825	0.0	0.0
0.000414721168211866	0.0	0.0
0.00042104163839064247	0.0	0.0
0.00042726487056666857	0.0	0.0
0.000433099150731693	0.0	0.0
0.0004388361928939671	0.0	0.0
0.0004442815210479899	0.0	0.0
0.0004497268492020128	0.0	0.0
0.0004549777013505348	0.0	0.0
0.00046003407749355596	0.0	0.0
0.0004649932156338268	0.0	0.0
0.00046985511577134713	0.0	0.0
0.00047461977790611714	0.0	0.0
0.0004793844400408871	0.0	0.0
0.0004839546261701563	0.0	0.0
0.0004886220503021759	0.0	0.0
0.0004933867124369459	0.0	0.0
0.0004979568985662151	0.0	0.0
0.0005026243226982346	0.0	0.0
0.0005072917468302541	0.0	0.0
0.0005119591709622737	0.0	0.0
0.0005167238330970438	0.0	0.0
0.0005214884952318136	0.0	0.0
0.000526350395369334	0.0	0.0
0.0005312122955068544	0.0	0.0
0.0005360741956443748	0.0	0.0
0.0005410333337846455	0.0	0.0
0.000545895233922166	0.0	0.0
0.0005507571340596864	0.0	0.0
0.0005556190341972068	0.0	0.0
0.0005603836963319767	0.0	0.0
0.0005652455964694971	0.0	0.0
0.0005700102586042671	0.0	0.0
0.0005746776827362868	0.0	0.0
0.0005791506308628055	0.0	0.0
0.0005835263409865737	0.0	0.0
0.0005878048131075917	0.0	0.0
0.0005917915712203584	0.0	0.0
0.0005956810913303747	0.0	0.0
0.0005992788974321398	0.0	0.0
0.0006027794655311544	0.0	0.0
0.0006058910816191676	0.0	0.0
0.0006088082217016799	0.0	0.0
0.0006115308857786912	0.0	0.0
0.000613864597844701	0.0	0.0
0.0006159065959024596	0.0	0.0
0.0006175596419492165	0.0	0.0
0.0006190182119904726	0.0	0.0
0.0006200878300207271	0.0	0.0
0.0006209629720454808	0.0	0.0
0.0006214491620592328	0.0	0.0
0.000621740876067484	0.0	0.0
0.0006215464000619833	0.0	0.0
0.0006211574480509816	0.0	0.0
0.0006202823060262279	0.0	0.0
0.0006193099259987238	0.0	0.0
0.0006179485939602181	0.0	0.0
0.0006161983099107108	0.0	0.0
0.0006142535498557027	0.0	0.0
0.0006120170757924432	0.0	0.0
0.0006093916497181823	0.0	0.0
0.0006065717476384203	0.0	0.0
0.000603362893547657	0.0	0.0
0.0005997650874458918	0.0	0.0
0.0005959728053386259	0.0	0.0
0.0005918888092231088	0.0	0.0
0.0005875130990993405	0.0	0.0
0.000582845674967321	0.0	0.0
0.0005778865368270502	0.0	0.0
0.0005726356846785281	0.0	0.0
0.000567093118521755	0.0	0.0
0.0005613560763594809	0.0	0.0
0.0005553273201889556	0.0	0.0
0.000549006850010179	0.0	0.0
0.0005425891418286521	0.0	0.0
0.0005358797196388741	0.0	0.0
0.0005290730594463454	0.0	0.0
0.000522071923248316	0.0	0.0
0.0005147790730420356	0.0	0.0
0.0005073889848330045	0.0	0.0
0.0004998044206184727	0.0	0.0
0.0004921226184011905	0.0	0.0
0.00048434357818115793	0.0	0.0
0.0004764672999583749	0.0	0.0
0.00046839654573009105	0.0	0.0
0.0004604230295045576	0.0	0.0
0.00045225503727352334	0.0	0.0
0.0004438925690369883	0.0	0.0
0.00043562733880320365	0.0	0.0
0.00042726487056666857	0.0	0.0
0.0004188051643273831	0.0	0.0
0.0004103454580880976	0.0	0.0
0.00040178851384606177	0.0	0.0
0.00039332880760677624	0.0	0.0
0.00038467462536199	0.0	0.0
0.00037592320511445327	0.0	0.0
0.0003671717848669166	0.0	0.0
0.0003585176026221303	0.0	0.0
0.0003497661823745936	0.0	0.0
0.00034082028612155606	0.0	0.0
0.000331971627871269	0.0	0.0
0.0003230257316182315	0.0	0.0
0.00031407983536519394	0.0	0.0
0.00030503670110940606	0.0	0.0
0.00029579909084811735	0.0	0.0
0.0002865614805868286	0.0	0.0
0.00027722663232278944	0.0	0.0
0.0002677945460559999	0.0	0.0
0.00025845969779196077	0.0	0.0
0.0002489303735224208	0.0	0.0
0.00023930381125013042	0.0	0.0
0.00022948277297233925	0.0	0.0
0.00021966173469454805	0.0	0.0
0.00020964622041125608	0.0	0.0
0.00019963070612796408	0.0	0.0
0.00018951795384192167	0.0	0.0
0.00017930796355312886	0.0	0.0
0.00016919521126708645	0.0	0.0
0.00015888798297554325	0.0	0.0
0.00014867799268675043	0.0	0.0
0.0001383707643952072	0.0	0.0
0.00012806353610366397	0.0	0.0
0.00011785354581487118	0.0	0.0
0.00010774079352882877	0.0	0.0
9.753080324003595e-05	0.0	0.0
8.770976496224478e-05	0.0	0.0
7.78887266844536e-05	0.0	0.0
6.826216441216324e-05	0.0	0.0
5.883007814537368e-05	0.0	0.0
4.968970588683535e-05	0.0	0.0
4.064657163104744e-05	0.0	0.0
3.189515138351074e-05	0.0	0.0
2.3435445144225268e-05	0.0	0.0
1.5267452913191016e-05	0.0	0.0
7.3911746904079895e-06	0.0	0.0
-9.615152137340592e-08	0.0	0.0
-7.291763724903578e-06	0.0	0.0
-1.4195661920182528e-05	0.0	0.0
-2.0710608104459847e-05	0.0	0.0
-2.7031078283236348e-05	0.0	0.0
-3.296259645101122e-05	0.0	0.0
-3.860240061053487e-05	0.0	0.0
-4.3950490761807296e-05	0.0	0.0
-4.900686690482849e-05	0.0	0.0
-5.3771529039598476e-05	0.0	0.0
-5.834171516886764e-05	0.0	0.0
-6.262018728988558e-05	0.0	0.0
-6.67041834054027e-05	0.0	0.0
-7.059370351541901e-05	0.0	0.0
-7.438598562268491e-05	0.0	0.0
-7.788655372169959e-05	0.0	0.0
-8.138712182071427e-05	0.0	0.0
-8.469321391422812e-05	0.0	0.0
-8.80965440104924e-05	0.0	0.0
-9.140263610400628e-05	0.0	0.0
-9.470872819752013e-05	0.0	0.0
-9.801482029103399e-05	0.0	0.0
-0.00010132091238454785	0.0	0.0
-0.00010482148048356253	0.0	0.0
-0.00010832204858257722	0.0	0.0
-0.0001119198546843423	0.0	0.0
-0.0001156148987888578	0.0	0.0
-0.0001195044188988741	0.0	0.0
-0.00012349117701164082	0.0	0.0
-0.00012767241112990836	0.0	0.0
-0.0001319508832509263	0.0	0.0
-0.00013632659337469463	0.0	0.0
-0.0001408967795039638	0.0	0.0
-0.00014536972763048257	0.0	0.0
-0.00015013438976525253	0.0	0.0
-0.0001548990519000225	0.0	0.0
-0.0001597609520375429	0.0	0.0
-0.00016472009017781368	0.0	0.0
-0.0001696792283180845	0.0	0.0
-0.0001746383664583553	0.0	0.0
-0.00017950026659587566	0.0	0.0
-0.00018445940473614647	0.0	0.0
-0.00018932130487366687	0.0	0.0
-0.00019418320501118726	0.0	0.0
-0.00019894786714595722	0.0	0.0
-0.0002037125292807272	0.0	0.0
-0.00020837995341274677	0.0	0.0
-0.0002129501395420159	0.0	0.0
-0.00021732584966578427	0.0	0.0
-0.0002217015597895526	0.0	0.0
-0.00022598003191057057	0.0	0.0
-0.00023025850403158852	0.0	0.0
-0.00023434250014710563	0.0	0.0
-0.00023842649626262276	0.0	0.0
-0.00024241325437538946	0.0	0.0
-0.00024630277448540577	0.0	0.0
-0.0002501922945954221	0.0	0.0
-0.00025388733869993757	0.0	0.0
-0.0002575823828044531	0.0	0.0
-0.0002610829509034678	0.0	0.0
-0.00026468075700523285	0.0	0.0
-0.0002680840871014971	0.0	0.0
-0.00027129294119226054	0.0	0.0
-0.000274501795283024	0.0	0.0
-0.00027751617336828664	0.0	0.0
-0.0002804333134507989	0.0	0.0
-0.0002831559775278103	0.0	0.0
-0.0002856841655993209	0.0	0.0
-0.00028811511566808115	0.0	0.0
-0.0002903515897313405	0.0	0.0
-0.0002922963497863486	0.0	0.0
-0.000294046633835856	0.0	0.0
-0.00029550520387711213	0.0	0.0
-0.0002967692979128674	0.0	0.0
-0.0002977416779403715	0.0	0.0
-0.0002984223439596243	0.0	0.0
-0.0002989085339733764	0.0	0.0
-0.0002989085339733764	0.0	0.0
-0.00029881129597062595	0.0	0.0
-0.0002984223439596243	0.0	0.0
-0.0002977416779403715	0.0	0.0
-0.0002967692979128674	0.0	0.0
-0.0002956024418798625	0.0	0.0
-0.000294046633835856	0.0	0.0
-0.00029239358778909903	0.0	0.0
-0.00029044882773409086	0.0	0.0
-0.000288309591673582	0.0	0.0
-0.00028597587960757216	0.0	0.0
-0.00028335045353331114	0.0	0.0
-0.0002806277894562997	0.0	0.0
-0.00027771064937378746	0.0	0.0
-0.00027459903328577446	0.0	0.0
-0.00027148741719776136	0.0	0.0
-0.00026818132510424754	0.0	0.0
-0.00026468075700523285	0.0	0.0
-0.00026118018890621816	0.0	0.0
-0.00025767962080720347	0.0	0.0
-0.000253984576702688	0.0	0.0
-0.00025009505659267167	0.0	0.0
-0.0002462055364826554	0.0	0.0
-0.00024231601637263905	0.0	0.0
-0.00023832925825987235	0.0	0.0
-0.00023414802414160483	0.0	0.0
-0.0002299667900233373	0.0	0.0
-0.00022568831790231934	0.0	0.0
-0.0002214098457813014	0.0	0.0
-0.00021693689765478263	0.0	0.0
-0.0002123667115255135	0.0	0.0
-0.00020779652539624433	0.0	0.0
-0.00020312910126422476	0.0	0.0
-0.00019836443912945475	0.0	0.0
-0.0001935997769946848	0.0	0.0
-0.000188640638854414	0.0	0.0
-0.00018368150071414318	0.0	0.0
-0.00017862512457112202	0.0	0.0
-0.0001735687484281008	0.0	0.0
-0.00016841513428232917	0.0	0.0
-0.00016335875813930798	0.0	0.0
-0.0001583023819962868	0.0	0.0
-0.0001531487678505152	0.0	0.0
-0.00014809239170749397	0.0	0.0
-0.00014303601556447276	0.0	0.0
-0.00013788240141870118	0.0	0.0
-0.00013282602527567996	0.0	0.0
-0.00012786688713540916	0.0	0.0
-0.00012281051099238797	0.0	0.0
-0.00011785137285211716	0.0	0.0
-0.00011298947271459678	0.0	0.0
-0.0001081275725770764	0.0	0.0
-0.0001030711964340552	0.0	0.0
-9.820929629653481e-05	0.0	0.0
-9.325015815626402e-05	0.0	0.0
-8.80965440104924e-05	0.0	0.0
-8.30401678674712e-05	0.0	0.0
-7.778931571894918e-05	0.0	0.0
-7.253846357042716e-05	0.0	0.0
-6.709313541640433e-05	0.0	0.0
-6.145333125688069e-05	0.0	0.0
-5.561905109185622e-05	0.0	0.0
-4.9590294921330946e-05	0.0	0.0
-4.326982474255444e-05	0.0	0.0
-3.6754878558277114e-05	0.0	0.0
-3.004545636849899e-05	0.0	0.0
-2.3044320170469633e-05	0.0	0.0
-1.575146996418905e-05	0.0	0.0
-8.264143752407655e-06	0.0	0.0
-3.878655296246291e-07	0.0	0.0
7.780126701409621e-06	0.0	0.0
1.6239832940695093e-05	0.0	0.0
2.499125318823179e-05	0.0	0.0
3.4131625446770115e-05	0.0	0.0
4.336923570805885e-05	0.0	0.0
5.2898559977598804e-05	0.0	0.0
6.271959825538999e-05	0.0	0.0
7.283235054143238e-05	0.0	0.0
8.313957883297561e-05	0.0	0.0
9.373852113277005e-05	0.0	0.0
0.00010462917744081572	0.0	0.0
0.00011561707175161179	0.0	0.0
0.00012689668007065912	0.0	0.0
0.00013827352639245679	0.0	0.0
0.0001498448487197553	0.0	0.0
0.00016161064705255465	0.0	0.0
0.0001734736833881044	0.0	0.0
0.00018553119572915495	0.0	0.0
0.0001976859460729559	0.0	0.0
0.00020984069641675687	0.0	0.0
0.00022218992276605868	0.0	0.0
0.00023444191111261003	0.0	0.0
0.0002466938994591614	0.0	0.0
0.0002588486498029624	0.0	0.0
0.00027100340014676335	0.0	0.0
0.00028315815049056433	0.0	0.0
0.0002951184248288645	0.0	0.0
0.0003069814611644142	0.0	0.0
0.00031855278349171275	0.0	0.0
0.00032992962981351045	0.0	0.0
0.0003410147621270569	0.0	0.0
0.00035180818043235217	0.0	0.0
0.00036221264672664575	0.0	0.0
0.0003723253990126882	0.0	0.0
0.000382049199287729	0.0	0.0
0.00039138404755176807	0.0	0.0
0.00040023270580205524	0.0	0.0
0.00040859517403859033	0.0	0.0
0.00041637421425862295	0.0	0.0
0.00042376430246765393	0.0	0.0
0.00043057096266018244	0.0	0.0
0.0004368914328389589	0.0	0.0
0.0004427257130039834	0.0	0.0
0.0004479765651525054	0.0	0.0
0.0004527412272872754	0.0	0.0
0.00045692246140554296	0.0	0.0
0.00046052026750730804	0.0	0.0
0.00046363188359532104	0.0	0.0
0.00046616007166683167	0.0	0.0
0.0004682020697245902	0.0	0.0
0.00046975787776859675	0.0	0.0
0.00047082749579885124	0.0	0.0
0.0004715081618181041	0.0	0.0
0.0004716053998208545	0.0	0.0
0.00047131368581260327	0.0	0.0
0.00047053578179060004	0.0	0.0
0.0004693689257575951	0.0	0.0
0.0004678131177135886	0.0	0.0
0.0004658683576585804	0.0	0.0
0.00046353464559257065	0.0	0.0
0.0004609092195183097	0.0	0.0
0.0004577976034302966	0.0	0.0
0.00045439427333403233	0.0	0.0
0.00045060199122676643	0.0	0.0
0.0004465179951112493	0.0	0.0
0.0004419478089819802	0.0	0.0
0.0004371831468472102	0.0	0.0
0.0004319322946986882	0.0	0.0
0.0004264869665446653	0.0	0.0
0.0004206526863796408	0.0	0.0
0.00041452669220636517	0.0	0.0
0.00040801174602208786	0.0	0.0
0.0004012050858295593	0.0	0.0
0.00039400947362602914	0.0	0.0
0.00038661938541699817	0.0	0.0
0.00037893758319971593	0.0	0.0
0.0003708668289714321	0.0	0.0
0.0003626015987376474	0.0	0.0
0.000354141892498362	0.0	0.0
0.00034529323424807487	0.0	0.0
0.0003362500999922869	0.0	0.0
0.0003271097277337486	0.0	0.0
0.00031758040346420864	0.0	0.0
0.00030785660318916785	0.0	0.0
0.00029803556491137667	0.0	0.0
0.0002881172886308351	0.0	0.0
0.00027800453634479273	0.0	0.0
0.0002676973080532495	0.0	0.0
0.0002573900797617063	0.0	0.0
0.0002467911374619118	0.0	0.0
0.00023609495715936696	0.0	0.0
0.00022539877685682212	0.0	0.0
0.00021450812054877647	0.0	0.0
0.0002036174642407308	0.0	0.0
0.00019272680793268513	0.0	0.0
0.00018164167561913864	0.0	0.0
0.00017045930530284177	0.0	0.0
0.00015927693498654486	0.0	0.0
0.00014799732666749758	0.0	0.0
0.00013671771834845026	0.0	0.0
0.00012534087202665256	0.0	0.0
0.00011396402570485487	0.0	0.0
0.00010268441738580757	0.0	0.0
9.121033306125944e-05	0.0	0.0
7.973624873671135e-05	0.0	0.0
6.826216441216324e-05	0.0	0.0
5.6788080087615114e-05	0.0	0.0
4.52167577603166e-05	0.0	0.0
3.3742673435768484e-05	0.0	0.0
2.2171351108469964e-05	0.0	0.0
1.0600028781171445e-05	0.0	0.0
-9.712935461270755e-07	0.0	0.0
-1.2639853876176002e-05	0.0	0.0
-2.430841420622493e-05	0.0	0.0
-3.597697453627386e-05	0.0	0.0
-4.764553486632279e-05	0.0	0.0
-5.9314095196371715e-05	0.0	0.0
-7.107989352917105e-05	0.0	0.0
-8.284569186197038e-05	0.0	0.0
-9.470872819752013e-05	0.0	0.0
-0.00010657176453306986	0.0	0.0
-0.00011843480086861962	0.0	0.0
-0.00013049231320967018	0.0	0.0
-0.00014235534954521993	0.0	0.0
-0.00015431562388352007	0.0	0.0
-0.0001662758982218202	0.0	0.0
-0.00017823617256012037	0.0	0.0
-0.00019009920889567013	0.0	0.0
-0.00020196224523121985	0.0	0.0
-0.0002138252815667696	0.0	0.0
-0.00022559107989956892	0.0	0.0
-0.00023725964022961786	0.0	0.0
-0.0002488309625569164	0.0	0.0
-0.0002603050468814645	0.0	0.0
-0.00027148741719776136	0.0	0.0
-0.00028247531150855747	0.0	0.0
-0.0002932687298138527	0.0	0.0
-0.00030386767211364716	0.0	0.0
-0.00031427213840794075	0.0	0.0
-0.0003242876526912328	0.0	0.0
-0.00033401145296627354	0.0	0.0
-0.0003434435392330631	0.0	0.0
-0.00035248667348885106	0.0	0.0
-0.00036123809373638774	0.0	0.0
-0.0003695033239701724	0.0	0.0
-0.0003773796021929554	0.0	0.0
-0.0003849641664074872	0.0	0.0
-0.0003919653026055165	0.0	0.0
-0.00039877196279804514	0.0	0.0
-0.0004048979569713208	0.0	0.0
-0.00041073223713634525	0.0	0.0
-0.0004159830892848673	0.0	0.0
-0.00042084498942238763	0.0	0.0
-0.000425220699546156	0.0	0.0
-0.0004291102196561723	0.0	0.0
-0.00043251354975243654	0.0	0.0
-0.00043552792783769926	0.0	0.0
-0.00043805611590920984	0.0	0.0
-0.0004400981139669684	0.0	0.0
-0.00044155668400822453	0.0	0.0
-0.00044262630203847897	0.0	0.0
-0.0004433069680577319	0.0	0.0
-0.00044340420606048226	0.0	0.0
-0.00044311249205223105	0.0	0.0
-0.00044233458803022777	0.0	0.0
-0.0004411677319972229	0.0	0.0
-0.00043961192395321636	0.0	0.0
-0.0004375699258954578	0.0	0.0
-0.0004351389758266976	0.0	0.0
-0.0004323190737469358	0.0	0.0
-0.0004291102196561723	0.0	0.0
-0.00042560965155715764	0.0	0.0
-0.0004216228934443909	0.0	0.0
-0.0004174416593261234	0.0	0.0
-0.00041287147319685424	0.0	0.0
-0.00040800957305933385	0.0	0.0
-0.0004029531969163127	0.0	0.0
-0.00039750786876228977	0.0	0.0
-0.00039186806460276614	0.0	0.0
-0.0003860337844377417	0.0	0.0
-0.000379907790264466	0.0	0.0
-0.0003734900820829391	0.0	0.0
-0.00036687789789591137	0.0	0.0
-0.00036007123770338286	0.0	0.0
-0.00035307010150535347	0.0	0.0
-0.0003458744893018233	0.0	0.0
-0.00033848440109279234	0.0	0.0
-0.0003309970748810109	0.0	0.0
-0.00032331527266372874	0.0	0.0
-0.0003153417564381953	0.0	0.0
-0.00030717376420716103	0.0	0.0
-0.0002989085339733764	0.0	0.0
-0.0002903515897313405	0.0	0.0
-0.0002816974074865542	0.0	0.0
-0.00027275151123351673	0.0	0.0
-0.00026370837697772874	0.0	0.0
-0.00025447076671644003	0.0	0.0
-0.0002451359184524009	0.0	0.0
-0.0002355093561801105	0.0	0.0
-0.00022578555590506975	0.0	0.0
-0.00021596451762727857	0.0	0.0
-0.00020585176534123616	0.0	0.0
-0.00019573901305519376	0.0	0.0
-0.00018543178476365055	0.0	0.0
-0.00017522179447485774	0.0	0.0
-0.00016472009017781368	0.0	0.0
-0.00015441286188627048	0.0	0.0
-0.00014381391958647602	0.0	0.0
-0.0001334094532921824	0.0	0.0
-0.0001230049869978888	0.0	0.0
-0.00011260052070359515	0.0	0.0
-0.00010239053041480234	0.0	0.0
-9.218054012600953e-05	0.0	0.0
-8.226226384546794e-05	0.0	0.0
-7.253846357042716e-05	0.0	0.0
-6.29119012981368e-05	0.0	0.0
-5.3577053034097654e-05	0.0	0.0
-4.453391877830974e-05	0.0	0.0
-3.568526052802264e-05	0.0	0.0
-2.7225554288737164e-05	0.0	0.0
-1.9154800060453322e-05	0.0	0.0
-1.1472997843171109e-05	0.0	0.0
-4.18014763689053e-06	0.0	0.0
2.6265125556380107e-06	0.0	0.0
9.044220737164922e-06	0.0	0.0
1.4975738904939793e-05	0.0	0.0
2.0518305061713035e-05	0.0	0.0
2.5477443201983828e-05	0.0	0.0
2.9950391328502585e-05	0.0	0.0
3.39371494412693e-05	0.0	0.0
3.734047953753357e-05	0.0	0.0
4.0160381617295397e-05	0.0	0.0
4.239685568055477e-05	0.0	0.0
4.424437773281252e-05	0.0	0.0
4.5411233765817416e-05	0.0	0.0
4.589742377956945e-05	0.0	0.0
4.599466178231986e-05	0.0	0.0
4.5411233765817416e-05	0.0	0.0
4.424437773281252e-05	0.0	0.0
4.239685568055477e-05	0.0	0.0
4.0063143614544985e-05	0.0	0.0
3.714600353203275e-05	0.0	0.0
3.3742673435768484e-05	0.0	0.0
2.9658677320251358e-05	0.0	0.0
2.5088491190982197e-05	0.0	0.0
1.9934877045210585e-05	0.0	0.0
1.419783488293653e-05	0.0	0.0
7.974602706910435e-06	0.0	0.0
1.1679425143818947e-06	0.0	0.0
-6.124907691898685e-06	0.0	0.0
-1.3806709909180895e-05	0.0	0.0
-2.1974702140215144e-05	0.0	0.0
-3.0628884385001435e-05	0.0	0.0
-3.957478063803894e-05	0.0	0.0
-4.900686690482849e-05	0.0	0.0
-5.892514318537008e-05	0.0	0.0
-6.903789547141249e-05	0.0	0.0
-7.944236176570611e-05	0.0	0.0
-9.013854206825096e-05	0.0	0.0
-0.00010112643637904704	0.0	0.0
-0.00011221156869259352	0.0	0.0
-0.0001233939390088904	0.0	0.0
-0.0001345763093251873	0.0	0.0
-0.000145953155646985	0.0	0.0
-0.0001573300019687827	0.0	0.0
-0.00016860961028783	0.0	0.0
-0.00017979198060412687	0.0	0.0
-0.00019077987491492295	0.0	0.0
-0.00020157329322021824	0.0	0.0
-0.00021217223552001267	0.0	0.0
-0.0002224794638115559	0.0	0.0
-0.00023249497809484787	0.0	0.0
-0.00024212154036713825	0.0	0.0
-0.000251359150628427	0.0	0.0
-0.0002602078088787141	0.0	0.0
-0.0002685702771152492	0.0	0.0
-0.0002764465553380322	0.0	0.0
-0.0002839338815498136	0.0	0.0
-0.0002908377797450925	0.0	0.0
-0.0002972554879266194	0.0	0.0
-0.0003031870060943943	0.0	0.0
-0.00030853509624566674	0.0	0.0
-0.00031349423438593757	0.0	0.0
-0.0003178699445097059	0.0	0.0
-0.00032175946461972217	0.0	0.0
-0.0003252600327187369	0.0	0.0
-0.0003281771728012491	0.0	0.0
-0.0003306081228700093	0.0	0.0
-0.0003326501209277679	0.0	0.0
-0.00033420592897177436	0.0	0.0
-0.0003354700230075297	0.0	0.0
-0.00033624792702953297	0.0	0.0
-0.000336734117043285	0.0	0.0
-0.000336734117043285	0.0	0.0
-0.00033653964103778417	0.0	0.0
-0.0003359562130212817	0.0	0.0
-0.0003350810709965281	0.0	0.0
-0.00033391421496352315	0.0	0.0
-0.00033245564492226707	0.0	0.0
-0.0003307053608727597	0.0	0.0
-0.00032876060081775155	0.0	0.0
-0.00032662136475724256	0.0	0.0
-0.00032419041468848236	0.0	0.0
-0.000321467750611471	0.0	0.0
-0.00031855061052895873	0.0	0.0
-0.0003153417564381953	0.0	0.0
-0.000311938426341931	0.0	0.0
-0.0003083406202401659	0.0	0.0
-0.0003045483381329	0.0	0.0
-0.0003005615800201333	0.0	0.0
-0.0002962831078991153	0.0	0.0
-0.0002918101597725966	0.0	0.0
-0.0002870454976378266	0.0	0.0
-0.00028218359750030626	0.0	0.0
-0.0002770299833545346	0.0	0.0
-0.0002715846552005118	0.0	0.0
-0.00026604208904373855	0.0	0.0
-0.0002602078088787141	0.0	0.0
-0.0002541790527081888	0.0	0.0
-0.0002479558205321627	0.0	0.0
-0.0002415381123506358	0.0	0.0
-0.00023492592816360807	0.0	0.0
-0.00022802202996832912	0.0	0.0
-0.00022092365576754935	0.0	0.0
-0.0002137280435640192	0.0	0.0
-0.00020624071735223778	0.0	0.0
-0.00019855891513495557	0.0	0.0
-0.00019077987491492295	0.0	0.0
-0.00018270912068663912	0.0	0.0
-0.00017444389045285447	0.0	0.0
-0.0001660814222163194	0.0	0.0
-0.0001574272399715331	0.0	0.0
-0.00014857858172124603	0.0	0.0
-0.0001396326854682085	0.0	0.0
-0.00013049231320967018	0.0	0.0
-0.00012125470294838143	0.0	0.0
-0.0001118226166815919	0.0	0.0
-0.00010229329241205193	0.0	0.0
-9.266673013976157e-05	0.0	0.0
-8.294292986472079e-05	0.0	0.0
-7.312189158692962e-05	0.0	0.0
-6.330085330913843e-05	0.0	0.0
-5.347981503134725e-05	0.0	0.0
-4.365877675355607e-05	0.0	0.0
-3.383773847576489e-05	0.0	0.0
-2.4113938200724115e-05	0.0	0.0
-1.4390137925683342e-05	0.0	0.0
-4.8608136561433846e-06	0.0	0.0
4.474034607895757e-06	0.0	0.0
1.38088828719349e-05	0.0	0.0
2.2852017127722818e-05	0.0	0.0
3.170067537800992e-05	0.0	0.0
4.02576196200458e-05	0.0	0.0
4.852284985383046e-05	0.0	0.0
5.6496366079363894e-05	0.0	0.0
6.427540629939652e-05	0.0	0.0
7.15682565056771e-05	0.0	0.0
7.866663070645685e-05	0.0	0.0
8.537605289623499e-05	0.0	0.0
9.159928507226109e-05	0.0	0.0
9.743356523728555e-05	0.0	0.0
0.00010278165538855798	0.0	0.0
0.00010774079352882877	0.0	0.0
0.00011231097965809793	0.0	0.0
0.00011629773777086465	0.0	0.0
0.00011979830586987933	0.0	0.0
0.00012290992195789237	0.0	0.0
0.00012543811002940298	0.0	0.0
0.00012757734608991194	0.0	0.0
0.00012913315413391846	0.0	0.0
0.00013030001016692337	0.0	0.0
0.00013078620018067543	0.0	0.0
0.00013088343818342578	0.0	0.0
0.0001304944861724242	0.0	0.0
0.00012961934414767052	0.0	0.0
0.0001283552501119152	0.0	0.0
0.0001267022040651583	0.0	0.0
0.0001246602060073997	0.0	0.0
0.00012222925593863952	0.0	0.0
0.0001194093538588777	0.0	0.0
0.00011620049976811424	0.0	0.0
0.00011279716967184997	0.0	0.0
0.00010910212556733448	0.0	0.0
0.00010501812945181735	0.0	0.0
0.00010083689533354982	0.0	0.0
9.655842321253188e-05	0.0	0.0
9.198823708326272e-05	0.0	0.0
8.732081295124315e-05	0.0	0.0
8.255615081647316e-05	0.0	0.0
7.769425067895278e-05	0.0	0.0
7.283235054143238e-05	0.0	0.0
6.787321240116159e-05	0.0	0.0
6.301131226364121e-05	0.0	0.0
5.814941212612083e-05	0.0	0.0
5.328751198860044e-05	0.0	0.0
4.842561185108005e-05	0.0	0.0
4.3855425721810885e-05	0.0	0.0
3.928523959254172e-05	0.0	0.0
3.481229146602297e-05	0.0	0.0
3.0631057347755436e-05	0.0	0.0
2.6449823229487905e-05	0.0	0.0
2.2560303119471598e-05	0.0	0.0
1.8768021012205695e-05	0.0	0.0
1.50729769076902e-05	0.0	0.0
1.1669646811425929e-05	0.0	0.0
8.363554717912068e-06	0.0	0.0
5.2519386298990195e-06	0.0	0.0
2.3347985473867874e-06	0.0	0.0
-3.878655296246291e-07	0.0	0.0
-3.013291603885638e-06	0.0	0.0
-5.347003669895423e-06	0.0	0.0
-7.680715735905208e-06	0.0	0.0
-9.917189799164587e-06	0.0	0.0
-1.1959187856923148e-05	0.0	0.0
-1.4001185914681713e-05	0.0	0.0
-1.584870796693946e-05	0.0	0.0
-1.7696230019197206e-05	0.0	0.0
-1.9349276065954138e-05	0.0	0.0
-2.1099560115461478e-05	0.0	0.0
-2.2752606162218406e-05	0.0	0.0
-2.430841420622493e-05	0.0	0.0
-2.5961460252981863e-05	0.0	0.0
-2.7614506299738795e-05	0.0	0.0
-2.9267552346495723e-05	0.0	0.0
-3.082336039050225e-05	0.0	0.0
-3.237916843450877e-05	0.0	0.0
-3.39349764785153e-05	0.0	0.0
-3.558802252527223e-05	0.0	0.0
-3.714383056927875e-05	0.0	0.0
-3.889411461878609e-05	0.0	0.0
-4.064439866829343e-05	0.0	0.0
-4.2394682717800765e-05	0.0	0.0
-4.4242204770058515e-05	0.0	0.0
-4.599248881956586e-05	0.0	0.0
-4.793724887457401e-05	0.0	0.0
-4.9784770926831755e-05	0.0	0.0
-5.172953098183991e-05	0.0	0.0
-5.3771529039598476e-05	0.0	0.0
-5.591076510010745e-05	0.0	0.0
-5.805000116061641e-05	0.0	0.0
-6.03837132266262e-05	0.0	0.0
-6.262018728988558e-05	0.0	0.0
-6.514837536139617e-05	0.0	0.0
-6.767656343290678e-05	0.0	0.0
-7.020475150441738e-05	0.0	0.0
-7.29274155814288e-05	0.0	0.0
-7.584455566394102e-05	0.0	0.0
-7.885893374920366e-05	0.0	0.0
-8.187331183446631e-05	0.0	0.0
-8.508216592522976e-05	0.0	0.0
-8.848549602149404e-05	0.0	0.0
-9.18888261177583e-05	0.0	0.0
-9.538939421677297e-05	0.0	0.0
-9.898720031853808e-05	0.0	0.0
-0.00010258500642030317	0.0	0.0
-0.00010637728852756907	0.0	0.0
-0.00011016957063483497	0.0	0.0
-0.00011405909074485126	0.0	0.0
-0.00011794861085486757	0.0	0.0
-0.00012183813096488388	0.0	0.0
-0.00012563041307214978	0.0	0.0
-0.0001295199331821661	0.0	0.0
-0.000133312215289432	0.0	0.0
-0.0001371044973966979	0.0	0.0
-0.000140702303498463	0.0	0.0
-0.00014430010960022807	0.0	0.0
-0.00014770343969649233	0.0	0.0
-0.0001511067697927566	0.0	0.0
-0.00015421838588076966	0.0	0.0
-0.00015723276396603232	0.0	0.0
-0.00016014990404854455	0.0	0.0
-0.00016277533012280554	0.0	0.0
-0.00016530351819431612	0.0	0.0
-0.00016773446826307635	0.0	0.0
-0.0001698737043235853	0.0	0.0
-0.00017181846437859348	0.0	0.0
-0.0001736659864308512	0.0	0.0
-0.00017512455647210733	0.0	0.0
-0.00017658312651336344	0.0	0.0
-0.00017774998254636834	0.0	0.0
-0.0001788196005766228	0.0	0.0
-0.00017979198060412687	0.0	0.0
-0.00018056988462613016	0.0	0.0
-0.0001810560746398822	0.0	0.0
-0.00018144502665088383	0.0	0.0
-0.00018173674065913504	0.0	0.0
-0.00018173674065913504	0.0	0.0
-0.00018163950265638466	0.0	0.0
-0.00018154226465363424	0.0	0.0
-0.0001811533126426326	0.0	0.0
-0.00018076436063163096	0.0	0.0
-0.0001800836946123781	0.0	0.0
-0.00017950026659587566	0.0	0.0
-0.0001785278865683716	0.0	0.0
-0.00017755550654086752	0.0	0.0
-0.0001762914125051122	0.0	0.0
-0.00017502731846935691	0.0	0.0
-0.0001735687484281008	0.0	0.0
-0.0001719157023813439	0.0	0.0
-0.00017016541833183652	0.0	0.0
-0.00016822065827682838	0.0	0.0
-0.0001660814222163194	0.0	0.0
-0.00016384494815306004	0.0	0.0
-0.0001613167600815494	0.0	0.0
-0.0001586913340072884	0.0	0.0
-0.0001558714319275266	0.0	0.0
-0.00015285705384226396	0.0	0.0
-0.0001497454377542509	0.0	0.0
-0.00014634210765798663	0.0	0.0
-0.00014284153955897193	0.0	0.0
-0.00013924373345720686	0.0	0.0
-0.00013535421334719055	0.0	0.0
-0.00013136745523442385	0.0	0.0
-0.00012708898311340592	0.0	0.0
-0.00012271327298963756	0.0	0.0
-0.0001182403248631188	0.0	0.0
-0.00011367013873384965	0.0	0.0
-0.00010890547659907966	0.0	0.0
-0.00010394633845880887	0.0	0.0
-9.898720031853808e-05	0.0	0.0
-9.383358617276646e-05	0.0	0.0
-8.848549602149404e-05	0.0	0.0
-8.30401678674712e-05	0.0	0.0
-7.759483971344837e-05	0.0	0.0
-7.195503555392471e-05	0.0	0.0
-6.621799339165066e-05	0.0	0.0
-6.028647522387579e-05	0.0	0.0
-5.445219505885133e-05	0.0	0.0
-4.832620088557564e-05	0.0	0.0
-4.210296870954955e-05	0.0	0.0
-3.578249853077304e-05	0.0	0.0
-2.9462028351996542e-05	0.0	0.0
-2.2849844164968814e-05	0.0	0.0
-1.623765997794109e-05	0.0	0.0
-9.528237788162956e-06	0.0	0.0
-2.8188155983848224e-06	0.0	0.0
4.085082596894126e-06	0.0	0.0
1.1086218794923484e-05	0.0	0.0
1.8087354992952838e-05	0.0	0.0
2.5185729193732604e-05	0.0	0.0
3.238134139726278e-05	0.0	0.0
3.947971559804254e-05	0.0	0.0
4.65780897988223e-05	0.0	0.0
5.367646399960207e-05	0.0	0.0
6.0774838200381836e-05	0.0	0.0
6.787321240116159e-05	0.0	0.0
7.477711059644054e-05	0.0	0.0
8.16810087917195e-05	0.0	0.0
8.848766898424804e-05	0.0	0.0
9.509985317127575e-05	0.0	0.0
0.00010151756135280267	0.0	0.0
0.00010774079352882877	0.0	0.0
0.00011386678770210445	0.0	0.0
0.00011989554387262974	0.0	0.0
0.0001256325860349038	0.0	0.0
0.00013117515219167702	0.0	0.0
0.00013652324234294947	0.0	0.0
0.00014167685648872107	0.0	0.0
0.00014653875662624144	0.0	0.0
0.00015120618075826104	0.0	0.0
0.00015558189088202938	0.0	0.0
0.00015986036300304733	0.0	0.0
0.00016384712111581405	0.0	0.0
0.00016763940322307995	0.0	0.0
0.00017133444732759544	0.0	0.0
0.0001748350154266101	0.0	0.0
0.0001782383455228744	0.0	0.0
0.00018134996161088744	0.0	0.0
0.00018446157769890046	0.0	0.0
0.00018737871778141268	0.0	0.0
0.00019019861986117453	0.0	0.0
0.00019301852194093637	0.0	0.0
0.00019574118601794777	0.0	0.0
0.00019836661209220876	0.0	0.0
0.00020099203816646978	0.0	0.0
0.0002036174642407308	0.0	0.0
0.0002062428903149918	0.0	0.0
0.0002089655543920032	0.0	0.0
0.00021159098046626425	0.0	0.0
0.00021431364454327565	0.0	0.0
0.00021703630862028705	0.0	0.0
0.00021985621070004887	0.0	0.0
0.0002226761127798107	0.0	0.0
0.00022549601485957253	0.0	0.0
0.00022841315494208475	0.0	0.0
0.00023123305702184657	0.0	0.0
0.00023415019710435882	0.0	0.0
0.00023706733718687105	0.0	0.0
0.00023998447726938327	0.0	0.0
0.0002429016173518955	0.0	0.0
0.00024581875743440775	0.0	0.0
0.00024873589751692	0.0	0.0
0.00025155579959668177	0.0	0.0
0.00025437570167644366	0.0	0.0
0.00025700112775070463	0.0	0.0
0.00025962655382496565	0.0	0.0
0.00026215474189647623	0.0	0.0
0.00026468292996798687	0.0	0.0
0.0002670166420339966	0.0	0.0
0.000269253116097256	0.0	0.0
0.0002714895901605154	0.0	0.0
0.00027362882622102437	0.0	0.0
0.00027557358627603254	0.0	0.0
0.00027751834633104065	0.0	0.0
0.00027936586838329843	0.0	0.0
0.00028101891443005534	0.0	0.0
0.00028267196047681225	0.0	0.0
0.00028413053051806845	0.0	0.0
0.00028558910055932453	0.0	0.0
0.00028695043259783023	0.0	0.0
0.0002883117646363359	0.0	0.0
0.0002894786206693408	0.0	0.0
0.0002905482386995953	0.0	0.0
0.0002916178567298498	0.0	0.0
0.00029259023675735386	0.0	0.0
0.00029346537878210754	0.0	0.0
0.00029424328280411077	0.0	0.0
0.00029502118682611406	0.0	0.0
0.0002955073768398661	0.0	0.0
0.0002959935668536181	0.0	0.0
0.0002962852808618693	0.0	0.0
0.0002965769948701206	0.0	0.0
0.00029667423287287097	0.0	0.0
0.0002965769948701206	0.0	0.0
0.0002962852808618693	0.0	0.0
0.00029589632885086773	0.0	0.0
0.00029531290083436527	0.0	0.0
0.0002944377588096116	0.0	0.0
0.00029336814077935715	0.0	0.0
0.0002921040467436018	0.0	0.0
0.0002905482386995953	0.0	0.0
0.00028879795465008796	0.0	0.0
0.0002867559565923294	0.0	0.0
0.00028432500652356916	0.0	0.0
0.00028179681845205863	0.0	0.0
0.00027878244036679597	0.0	0.0
0.0002756708242787829	0.0	0.0
0.00027207301817701784	0.0	0.0
0.00026828073606975194	0.0	0.0
0.0002640995019514844	0.0	0.0
0.00025962655382496565	0.0	0.0
0.0002549591296929461	0.0	0.0
0.00024990275354992486	0.0	0.0
0.00024455466339865244	0.0	0.0
0.0002390120972418792	0.0	0.0
0.00023308057907410435	0.0	0.0
0.00022705182290357905	0.0	0.0
0.00022063411472205213	0.0	0.0
0.00021402193053502442	0.0	0.0
0.00020711803233974547	0.0	0.0
0.0002001168961417161	0.0	0.0
0.00019282404593543555	0.0	0.0
0.00018543395772640454	0.0	0.0
0.00017794663151462315	0.0	0.0
0.00017016759129459053	0.0	0.0
0.0001622913130718075	0.0	0.0
0.00015431779684627406	0.0	0.0
0.00014624704261799023	0.0	0.0
0.000138079050386956	0.0	0.0
0.00012981382015317134	0.0	0.0
0.00012145135191663625	0.0	0.0
0.0001130888836801012	0.0	0.0
0.00010462917744081572	0.0	0.0
9.616947120153025e-05	0.0	0.0
8.780700296499517e-05	0.0	0.0
7.92500587229593e-05	0.0	0.0
7.079035248367383e-05	0.0	0.0
6.233064624438836e-05	0.0	0.0
5.396817800785329e-05	0.0	0.0
4.550847176856782e-05	0.0	0.0
3.714600353203275e-05	0.0	0.0
2.878353529549769e-05	0.0	0.0
2.0518305061713035e-05	0.0	0.0
1.2350312830678783e-05	0.0	0.0
4.279558602394943e-06	0.0	0.0
-3.7911956258888996e-06	0.0	0.0
-1.1667473848671926e-05	0.0	0.0
-1.9446514068704542e-05	0.0	0.0
-2.7031078283236348e-05	0.0	0.0
-3.4518404495017746e-05	0.0	0.0
-4.190849270404873e-05	0.0	0.0
-4.900686690482849e-05	0.0	0.0
-5.600800310285785e-05	0.0	0.0
-6.281466329538639e-05	0.0	0.0
-6.932960947966372e-05	0.0	0.0
-7.574731766119062e-05	0.0	0.0
-8.17760738317159e-05	0.0	0.0
-8.761035399674036e-05	0.0	0.0
-9.334739615901443e-05	0.0	0.0
-9.869548631028686e-05	0.0	0.0
-0.00010365462445055764	0.0	0.0
-0.00010851652458807802	0.0	0.0
-0.00011308671071734719	0.0	0.0
-0.00011736518283836513	0.0	0.0
-0.00012135194095113184	0.0	0.0
-0.00012504698505564734	0.0	0.0
-0.000128547553154662	0.0	0.0
-0.00013185364524817588	0.0	0.0
-0.00013477078533068813	0.0	0.0
-0.00013749344940769954	0.0	0.0
-0.00014002163747921012	0.0	0.0
-0.00014225811154246952	0.0	0.0
-0.00014420287159747766	0.0	0.0
-0.000145953155646985	0.0	0.0
-0.00014760620169374194	0.0	0.0
-0.00014906477173499806	0.0	0.0
-0.00015032886577075335	0.0	0.0
-0.00015159295980650864	0.0	0.0
-0.00015256533983401272	0.0	0.0
-0.00015344048185876642	0.0	0.0
-0.00015421838588076966	0.0	0.0
-0.0001548990519000225	0.0	0.0
-0.00015557971791927536	0.0	0.0
-0.00015606590793302742	0.0	0.0
-0.00015655209794677945	0.0	0.0
-0.0001570382879605315	0.0	0.0
-0.0001575244779742835	0.0	0.0
-0.00015791342998528515	0.0	0.0
-0.0001583023819962868	0.0	0.0
-0.0001586913340072884	0.0	0.0
-0.00015908028601829005	0.0	0.0
-0.00015946923802929167	0.0	0.0
-0.00015985819004029332	0.0	0.0
-0.00016034438005404534	0.0	0.0
-0.0001608305700677974	0.0	0.0
-0.0001614139980842998	0.0	0.0
-0.00016199742610080228	0.0	0.0
-0.00016267809212005513	0.0	0.0
-0.00016335875813930798	0.0	0.0
-0.00016413666216131127	0.0	0.0
-0.0001649145661833145	0.0	0.0
-0.0001658869462108186	0.0	0.0
-0.00016685932623832268	0.0	0.0
-0.00016783170626582676	0.0	0.0
-0.00016899856229883164	0.0	0.0
-0.00017016541833183652	0.0	0.0
-0.00017142951236759184	0.0	0.0
-0.00017279084440609754	0.0	0.0
-0.00017424941444735365	0.0	0.0
-0.0001757079844886098	0.0	0.0
-0.0001773610305353667	0.0	0.0
-0.00017901407658212364	0.0	0.0
-0.00018066712262888057	0.0	0.0
-0.00018251464468113833	0.0	0.0
-0.00018426492873064565	0.0	0.0
-0.0001861124507829034	0.0	0.0
-0.00018795997283516114	0.0	0.0
-0.0001898074948874189	0.0	0.0
-0.00019165501693967662	0.0	0.0
-0.0001935997769946848	0.0	0.0
-0.00019544729904694252	0.0	0.0
-0.0001971975830964499	0.0	0.0
-0.00019904510514870763	0.0	0.0
-0.00020079538919821497	0.0	0.0
-0.00020235119724222147	0.0	0.0
-0.00020390700528622802	0.0	0.0
-0.0002053655753274841	0.0	0.0
-0.00020662966936323943	0.0	0.0
-0.00020789376339899474	0.0	0.0
-0.00020896338142924924	0.0	0.0
-0.0002098385234540029	0.0	0.0
-0.00021051918947325574	0.0	0.0
-0.00021100537948700777	0.0	0.0
-0.0002113943314980094	0.0	0.0
-0.0002113943314980094	0.0	0.0
-0.0002113943314980094	0.0	0.0
-0.00021100537948700777	0.0	0.0
-0.00021042195147050533	0.0	0.0
-0.00020964404744850206	0.0	0.0
-0.0002085744294182476	0.0	0.0
-0.00020731033538249228	0.0	0.0
-0.00020585176534123616	0.0	0.0
-0.00020410148129172885	0.0	0.0
-0.00020205948323397027	0.0	0.0
-0.0001998230091707109	0.0	0.0
-0.0001973920591019507	0.0	0.0
-0.00019466939502493926	0.0	0.0
-0.00019194673094792786	0.0	0.0
-0.00018893235286266522	0.0	0.0
-0.00018582073677465217	0.0	0.0
-0.00018241740667838792	0.0	0.0
-0.00017901407658212364	0.0	0.0
-0.00017541627048035856	0.0	0.0
-0.00017172122637584307	0.0	0.0
-0.00016792894426857717	0.0	0.0
-0.00016394218615581045	0.0	0.0
-0.00016005266604579414	0.0	0.0
-0.00015606590793302742	0.0	0.0
-0.00015188467381475987	0.0	0.0
-0.00014789791570199315	0.0	0.0
-0.00014371668158372563	0.0	0.0
-0.0001395354474654581	0.0	0.0
-0.00013535421334719055	0.0	0.0
-0.00013117297922892303	0.0	0.0
-0.0001268945071079051	0.0	0.0
-0.00012271327298963756	0.0	0.0
-0.00011843480086861962	0.0	0.0
-0.00011415632874760167	0.0	0.0
-0.00011007233263208455	0.0	0.0
-0.00010579386051106661	0.0	0.0
-0.00010161262639279908	0.0	0.0
-9.733415427178113e-05	0.0	0.0
-9.315292015351361e-05	0.0	0.0
-8.906892403799648e-05	0.0	0.0
-8.498492792247936e-05	0.0	0.0
-8.080369380421181e-05	0.0	0.0
-7.68169356914451e-05	0.0	0.0
-7.28301775786784e-05	0.0	0.0
-6.894065746866209e-05	0.0	0.0
-6.505113735864578e-05	0.0	0.0
-6.125885525137986e-05	0.0	0.0
-5.7563811146864376e-05	0.0	0.0
-5.396600504509929e-05	0.0	0.0
-5.046543694608461e-05	0.0	0.0
-4.706210684982034e-05	0.0	0.0
-4.3853252759056884e-05	0.0	0.0
-4.064439866829343e-05	0.0	0.0
-3.7630020583030794e-05	0.0	0.0
-3.471288050051856e-05	0.0	0.0
-3.1990216423507144e-05	0.0	0.0
-2.9267552346495723e-05	0.0	0.0
-2.6739364274985125e-05	0.0	0.0
-2.440565220897534e-05	0.0	0.0
-2.1974702140215144e-05	0.0	0.0
-1.9835466079706177e-05	0.0	0.0
-1.7696230019197206e-05	0.0	0.0
-1.5654231961438643e-05	0.0	0.0
-1.370947190643049e-05	0.0	0.0
-1.1861949854172742e-05	0.0	0.0
-1.0014427801914994e-05	0.0	0.0
-8.166905749657249e-06	0.0	0.0
-6.319383697399501e-06	0.0	0.0
-4.471861645141754e-06	0.0	0.0
-2.624339592884007e-06	0.0	0.0
-5.823415351254446e-07	0.0	0.0
1.36241851988271e-06	0.0	0.0
3.50165458039168e-06	0.0	0.0
5.6408906409006506e-06	0.0	0.0
7.877364704160029e-06	0.0	0.0
1.0308314772920222e-05	0.0	0.0
1.2933740847181231e-05	0.0	0.0
1.5656404924192643e-05	0.0	0.0
1.8670783009455288e-05	0.0	0.0
2.1782399097468333e-05	0.0	0.0
2.5185729193732604e-05	0.0	0.0
2.878353529549769e-05	0.0	0.0
3.257581740276359e-05	0.0	0.0
3.6562575515530306e-05	0.0	0.0
4.084104763654825e-05	0.0	0.0
4.5313995763067005e-05	0.0	0.0
4.998141989508658e-05	0.0	0.0
5.5037796038107774e-05	0.0	0.0
6.019141018387939e-05	0.0	0.0
6.563673833790222e-05	0.0	0.0
7.127654249742586e-05	0.0	0.0
7.711082266245033e-05	0.0	0.0
8.323681683572603e-05	0.0	0.0
8.946004901175211e-05	0.0	0.0
9.578051919052862e-05	0.0	0.0
0.00010229546537480593	0.0	0.0
0.00010900488756458407	0.0	0.0
0.00011581154775711261	0.0	0.0
0.00012261820794964116	0.0	0.0
0.00012961934414767052	0.0	0.0
0.00013652324234294947	0.0	0.0
0.0001436216165437292	0.0	0.0
0.00015062275274175857	0.0	0.0
0.00015762388893978793	0.0	0.0
0.0001646250251378173	0.0	0.0
0.00017152892333309623	0.0	0.0
0.0001783355835256248	0.0	0.0
0.00018504500571540292	0.0	0.0
0.00019165718990243064	0.0	0.0
0.00019807489808395753	0.0	0.0
0.00020429813025998365	0.0	0.0
0.00021042412443325934	0.0	0.0
0.0002163556426010342	0.0	0.0
0.00022209268476330827	0.0	0.0
0.00022744077491458067	0.0	0.0
0.0002326916270631027	0.0	0.0
0.00023765076520337351	0.0	0.0
0.00024231818933539306	0.0	0.0
0.00024659666145641104	0.0	0.0
0.00025068065757192815	0.0	0.0
0.0002545701776819445	0.0	0.0
0.00025797350777820874	0.0	0.0
0.00026127959987172256	0.0	0.0
0.0002640995019514844	0.0	0.0
0.00026662769002299503	0.0	0.0
0.00026886416408625436	0.0	0.0
0.0002707116861385121	0.0	0.0
0.00027226749418251866	0.0	0.0
0.00027353158821827393	0.0	0.0
0.00027440673024302766	0.0	0.0
0.00027508739626228045	0.0	0.0
0.0002753791102705317	0.0	0.0
0.0002753791102705317	0.0	0.0
0.00027499015825953007	0.0	0.0
0.00027440673024302766	0.0	0.0
0.00027343435021552354	0.0	0.0
0.0002721702561797683	0.0	0.0
0.0002706144481357617	0.0	0.0
0.00026886416408625436	0.0	0.0
0.0002668221660284958	0.0	0.0
0.00026448845396248604	0.0	0.0
0.00026205750389372585	0.0	0.0
0.000259237601813964	0.0	0.0
0.0002562232237287014	0.0	0.0
0.00025301436963793796	0.0	0.0
0.00024961103954167365	0.0	0.0
0.00024591599543715814	0.0	0.0
0.00024222095133264265	0.0	0.0
0.00023813695521712552	0.0	0.0
0.00023405295910160844	0.0	0.0
0.00022967724897784007	0.0	0.0
0.00022530153885407173	0.0	0.0
0.00022073135272480254	0.0	0.0
0.00021606392859278297	0.0	0.0
0.0002112020284552626	0.0	0.0
0.0002062428903149918	0.0	0.0
0.00020118651417197058	0.0	0.0
0.000196032900026199	0.0	0.0
0.00019078204787767697	0.0	0.0
0.00018543395772640454	0.0	0.0
0.00018008586757513212	0.0	0.0
0.0001746405394211093	0.0	0.0
0.00016909797326433604	0.0	0.0
0.00016355540710756282	0.0	0.0
0.00015801284095078957	0.0	0.0
0.00015237303679126592	0.0	0.0
0.00014663599462899185	0.0	0.0
0.00014099619046946822	0.0	0.0
0.00013525914830719415	0.0	0.0
0.0001295221061449201	0.0	0.0
0.00012378506398264604	0.0	0.0
0.00011795078381762159	0.0	0.0
0.00011221374165534752	0.0	0.0
0.00010647669949307346	0.0	0.0
0.000100642419328049	0.0	0.0
9.490537716577494e-05	0.0	0.0
8.907109700075049e-05	0.0	0.0
8.313957883297561e-05	0.0	0.0
7.730529866795115e-05	0.0	0.0
7.137378050017627e-05	0.0	0.0
6.54422623324014e-05	0.0	0.0
5.951074416462653e-05	0.0	0.0
5.348198799410126e-05	0.0	0.0
4.7355993820825564e-05	0.0	0.0
4.122999964754988e-05	0.0	0.0
3.500676747152379e-05	0.0	0.0
2.88807732982481e-05	0.0	0.0
2.2657541122222002e-05	0.0	0.0
1.6239832940695093e-05	0.0	0.0
9.91936276191859e-06	0.0	0.0
3.50165458039168e-06	0.0	0.0
-3.013291603885638e-06	0.0	0.0
-9.430999785412548e-06	0.0	0.0
-1.6043183972440274e-05	0.0	0.0
-2.2655368159468002e-05	0.0	0.0
-2.9170314343745315e-05	0.0	0.0
-3.578249853077304e-05	0.0	0.0
-4.2394682717800765e-05	0.0	0.0
-4.900686690482849e-05	0.0	0.0
-5.571628909460663e-05	0.0	0.0
-6.242571128438476e-05	0.0	0.0
-6.91351334741629e-05	0.0	0.0
-7.584455566394102e-05	0.0	0.0
-8.274845385921997e-05	0.0	0.0
-8.955511405174852e-05	0.0	0.0
-9.636177424427706e-05	0.0	0.0
-0.000103265672439556	0.0	0.0
-0.00011016957063483497	0.0	0.0
-0.00011717070683286432	0.0	0.0
-0.00012426908103364408	0.0	0.0
-0.00013136745523442385	0.0	0.0
-0.00013856306743795403	0.0	0.0
-0.0001458559176442346	0.0	0.0
-0.0001531487678505152	0.0	0.0
-0.00016044161805679576	0.0	0.0
-0.00016783170626582676	0.0	0.0
-0.00017522179447485774	0.0	0.0
-0.00018270912068663912	0.0	0.0
-0.00019019644689842054	0.0	0.0
-0.00019778101111295234	0.0	0.0
-0.0002053655753274841	0.0	0.0
-0.00021285290153926552	0.0	0.0
-0.00022043746575379732	0.0	0.0
-0.0002279247919655787	0.0	0.0
-0.0002354121181773601	0.0	0.0
-0.0002427049683836407	0.0	0.0
-0.0002499978185899213	0.0	0.0
-0.00025709619279070105	0.0	0.0
-0.0002641945669914808	0.0	0.0
-0.00027100122718400933	0.0	0.0
-0.0002778078873765379	0.0	0.0
-0.00028442007156356564	0.0	0.0
-0.0002907405417423421	0.0	0.0
-0.0002968665359156178	0.0	0.0
-0.00030279805408339267	0.0	0.0
-0.0003084378582429163	0.0	0.0
-0.00031388318639693916	0.0	0.0
-0.00031903680054271076	0.0	0.0
-0.000324093176685732	0.0	0.0
-0.00032876060081775155	0.0	0.0
-0.0003331363109415199	0.0	0.0
-0.0003374147830625378	0.0	0.0
-0.0003414015411753045	0.0	0.0
-0.00034509658527982003	0.0	0.0
-0.0003485971533788347	0.0	0.0
-0.0003519032454723486	0.0	0.0
-0.0003550148615603616	0.0	0.0
-0.00035793200164287387	0.0	0.0
-0.00036075190372263565	0.0	0.0
-0.0003633773297968967	0.0	0.0
-0.00036600275587115775	0.0	0.0
-0.0003684337059399179	0.0	0.0
-0.00037076741800592765	0.0	0.0
-0.0003730038920691871	0.0	0.0
-0.00037524036613244646	0.0	0.0
-0.00037747684019570583	0.0	0.0
-0.0003796160762562148	0.0	0.0
-0.00038175531231672376	0.0	0.0
-0.0003837973103744823	0.0	0.0
-0.00038593654643499125	0.0	0.0
-0.00038807578249550024	0.0	0.0
-0.0003900205425505084	0.0	0.0
-0.00039215977861101735	0.0	0.0
-0.00039420177666877595	0.0	0.0
-0.00039614653672378407	0.0	0.0
-0.00039799405877604185	0.0	0.0
-0.00039993881883104997	0.0	0.0
-0.0004016891028805573	0.0	0.0
-0.00040343938693006466	0.0	0.0
-0.00040499519497407124	0.0	0.0
-0.00040655100301807776	0.0	0.0
-0.000407815097053833	0.0	0.0
-0.00040898195308683796	0.0	0.0
-0.000409954333114342	0.0	0.0
-0.00041073223713634525	0.0	0.0
-0.0004112184271500973	0.0	0.0
-0.0004115101411583485	0.0	0.0
-0.0004115101411583485	0.0	0.0
-0.00041131566515284767	0.0	0.0
-0.0004109267131418461	0.0	0.0
-0.00041014880911984284	0.0	0.0
-0.00040917642909233873	0.0	0.0
-0.000407815097053833	0.0	0.0
-0.0004061620510070761	0.0	0.0
-0.0004041200529493175	0.0	0.0
-0.00040178634088330775	0.0	0.0
-0.0003991609148090468	0.0	0.0
-0.0003962437747265345	0.0	0.0
-0.00039284044463027025	0.0	0.0
-0.0003892426385285052	0.0	0.0
-0.00038525588041573845	0.0	0.0
-0.00038097740829472047	0.0	0.0
-0.0003763099841627009	0.0	0.0
-0.0003713508460224301	0.0	0.0
-0.00036600275587115775	0.0	0.0
-0.00036036295171163406	0.0	0.0
-0.00035443143354385923	0.0	0.0
-0.0003482082013678331	0.0	0.0
-0.00034159601718080534	0.0	0.0
-0.0003347893569882768	0.0	0.0
-0.00032769098278749706	0.0	0.0
-0.00032020365657571564	0.0	0.0
-0.00031252185435843346	0.0	0.0
-0.0003045483381329	0.0	0.0
-0.00029638034590186575	0.0	0.0
-0.00028792063966258033	0.0	0.0
-0.000279266457417794	0.0	0.0
-0.0002704177991675069	0.0	0.0
-0.00026127742690896854	0.0	0.0
-0.0002519425786449294	0.0	0.0
-0.00024251049237813987	0.0	0.0
-0.00023288393010584952	0.0	0.0
-0.00022296565382530793	0.0	0.0
-0.00021304737754476632	0.0	0.0
-0.00020293462525872394	0.0	0.0
-0.0001926273969671807	0.0	0.0
-0.0001823201686756375	0.0	0.0
-0.00017181846437859348	0.0	0.0
-0.0001614139980842998	0.0	0.0
-0.00015081505578450538	0.0	0.0
-0.00014011887548196053	0.0	0.0
-0.00012942269517941568	0.0	0.0
-0.00011853203887137003	0.0	0.0
-0.00010773862056607477	0.0	0.0
-9.694520226077951e-05	0.0	0.0
-8.615178395548425e-05	0.0	0.0
-7.545560365293939e-05	0.0	0.0
-6.475942335039454e-05	0.0	0.0
-5.4063243047849696e-05	0.0	0.0
-4.346430074805525e-05	0.0	0.0
-3.296259645101122e-05	0.0	0.0
-2.2363654151216775e-05	0.0	0.0
-1.2056425859673557e-05	0.0	0.0
-1.8464355708807452e-06	0.0	0.0
8.363554717912068e-06	0.0	0.0
1.8379069001204064e-05	0.0	0.0
2.8102869276244837e-05	0.0	0.0
3.782666955128561e-05	0.0	0.0
4.7355993820825564e-05	0.0	0.0
5.669084208486471e-05	0.0	0.0
6.583121434340304e-05	0.0	0.0
7.477711059644054e-05	0.0	0.0
8.352853084397725e-05	0.0	0.0
9.218271308876353e-05	0.0	0.0
0.00010044794332254818	0.0	0.0
0.00010861593555358244	0.0	0.0
0.00011658945177911587	0.0	0.0
0.00012436849199914848	0.0	0.0
0.00013185581821092987	0.0	0.0
0.00013914866841721046	0.0	0.0
0.00014624704261799023	0.0	0.0
0.00015315094081326918	0.0	0.0
0.00015986036300304733	0.0	0.0
0.00016637530918732463	0.0	0.0
0.00017259854136335073	0.0	0.0
0.00017872453553662642	0.0	0.0
0.00018465605370440128	0.0	0.0
0.00019039309586667532	0.0	0.0
0.000196032900026199	0.0	0.0
0.00020157546618297222	0.0	0.0
0.00020682631833149424	0.0	0.0
0.00021197993247726586	0.0	0.0
0.00021703630862028705	0.0	0.0
0.00022189820875780745	0.0	0.0
0.00022666287089257743	0.0	0.0
0.00023133029502459698	0.0	0.0
0.00023580324315111576	0.0	0.0
0.0002402761912776345	0.0	0.0
0.0002446519014014029	0.0	0.0
0.00024883313551967036	0.0	0.0
0.00025301436963793796	0.0	0.0
0.00025700112775070463	0.0	0.0
0.0002608906478607209	0.0	0.0
0.00026487740597348763	0.0	0.0
0.0002685724500780032	0.0	0.0
0.00027226749418251866	0.0	0.0
0.0002759625382870342	0.0	0.0
0.0002794631063860488	0.0	0.0
0.0002829636744850635	0.0	0.0
0.00028646424258407815	0.0	0.0
0.00028986757268034246	0.0	0.0
0.00029317366477385633	0.0	0.0
0.00029647975686737015	0.0	0.0
0.00029978584896088407	0.0	0.0
0.0003030919410543979	0.0	0.0
0.0003063007951451614	0.0	0.0
0.0003096068872386752	0.0	0.0
0.0003128157413294387	0.0	0.0
0.00031612183342295255	0.0	0.0
0.00031942792551646637	0.0	0.0
0.0003228312556127307	0.0	0.0
0.00032613734770624455	0.0	0.0
0.0003296379158052592	0.0	0.0
0.0003331384839042739	0.0	0.0
0.000336736290006039	0.0	0.0
0.0003403340961078041	0.0	0.0
0.00034402914021231955	0.0	0.0
0.00034782142231958545	0.0	0.0
0.00035161370442685135	0.0	0.0
0.0003555032245368677	0.0	0.0
0.0003594899826496344	0.0	0.0
0.0003635739787651515	0.0	0.0
0.00036765797488066867	0.0	0.0
0.0003718392089989362	0.0	0.0
0.0003760204431172037	0.0	0.0
0.0003802016772354712	0.0	0.0
0.00038438291135373874	0.0	0.0
0.0003885641454720063	0.0	0.0
0.0003927453795902738	0.0	0.0
0.0003970238517112918	0.0	0.0
0.0004012050858295593	0.0	0.0
0.00040538631994782684	0.0	0.0
0.00040947031606334395	0.0	0.0
0.00041345707417611067	0.0	0.0
0.0004174438322888774	0.0	0.0
0.0004214305904016441	0.0	0.0
0.00042522287250891	0.0	0.0
0.0004289179166134255	0.0	0.0
0.00043251572271519055	0.0	0.0
0.0004360162908142053	0.0	0.0
0.00043932238290771917	0.0	0.0
0.0004425312369984826	0.0	0.0
0.00044554561508374527	0.0	0.0
0.00044836551716350705	0.0	0.0
0.0004509909432377681	0.0	0.0
0.00045342189330652827	0.0	0.0
0.0004556583673697876	0.0	0.0
0.0004577003654275462	0.0	0.0
0.00045954788747980393	0.0	0.0
0.0004612009335265609	0.0	0.0
0.0004625622655650666	0.0	0.0
0.00046363188359532104	0.0	0.0
0.00046460426362282515	0.0	0.0
0.000465284929642078	0.0	0.0
0.0004655766436503292	0.0	0.0
0.00046577111965583	0.0	0.0
0.00046577111965583	0.0	0.0
0.00046547940564757877	0.0	0.0
0.0004648959776310764	0.0	0.0
0.0004641180736090731	0.0	0.0
0.00046314569358156906	0.0	0.0
0.00046197883754856413	0.0	0.0
0.00046052026750730804	0.0	0.0
0.0004588672214605511	0.0	0.0
0.00045701969940829335	0.0	0.0
0.00045488046334778436	0.0	0.0
0.0004525467512817746	0.0	0.0
0.0004501158012130144	0.0	0.0
0.000447393137136003	0.0	0.0
0.00044437875905074033	0.0	0.0
0.0004411699049599769	0.0	0.0
0.0004376693368609622	0.0	0.0
0.00043397429275644675	0.0	0.0
0.00042998753464368	0.0	0.0
0.0004258063005254125	0.0	0.0
0.0004212361143961433	0.0	0.0
0.0004165686902641238	0.0	0.0
0.0004115123141211025	0.0	0.0
0.0004061642239698301	0.0	0.0
0.00040052441981030645	0.0	0.0
0.0003944956636397812	0.0	0.0
0.0003882724314637551	0.0	0.0
0.0003817574852794777	0.0	0.0
0.0003748535870841988	0.0	0.0
0.0003678524508861695	0.0	0.0
0.00036046236267713846	0.0	0.0
0.0003527805604598562	0.0	0.0
0.0003449042822370732	0.0	0.0
0.00033683352800878934	0.0	0.0
0.00032847105977225436	0.0	0.0
0.00031991411553021845	0.0	0.0
0.00031116269528268177	0.0	0.0
0.0003022167990296442	0.0	0.0
0.0002932709027766067	0.0	0.0
0.000284033292515318	0.0	0.0
0.00027479568225402925	0.0	0.0
0.00026555807199274054	0.0	0.0
0.00025612598572595096	0.0	0.0
0.00024659666145641104	0.0	0.0
0.00023716457518962146	0.0	0.0
0.00022753801291733108	0.0	0.0
0.00021800868864779114	0.0	0.0
0.0002083821263755008	0.0	0.0
0.0001987555641032104	0.0	0.0
0.00018912900183092006	0.0	0.0
0.00017959967756138006	0.0	0.0
0.0001699731152890897	0.0	0.0
0.00016034655301679936	0.0	0.0
0.00015071999074450898	0.0	0.0
0.00014109342847221863	0.0	0.0
0.00013156410420267866	0.0	0.0
0.0001218403039276379	0.0	0.0
0.00011211650365259712	0.0	0.0
0.00010239270337755633	0.0	0.0
9.257166509976517e-05	0.0	0.0
8.265338881922357e-05	0.0	0.0
7.273511253868197e-05	0.0	0.0
6.28168362581404e-05	0.0	0.0
5.2801321974848406e-05	0.0	0.0
4.2591331686055594e-05	0.0	0.0
3.228410339451237e-05	0.0	0.0
2.187963710021874e-05	0.0	0.0
1.1377932803174707e-05	0.0	0.0
7.789905033802636e-07	0.0	0.0
-1.0014427801914994e-05	0.0	0.0
-2.0807846107210254e-05	0.0	0.0
-3.169850241525592e-05	0.0	0.0
-4.258915872330159e-05	0.0	0.0
-5.3771529039598476e-05	0.0	0.0
-6.485666135314495e-05	0.0	0.0
-7.603903166944184e-05	0.0	0.0
-8.741587799123956e-05	0.0	0.0
-9.869548631028686e-05	0.0	0.0
-0.00011007233263208455	0.0	0.0
-0.00012154641695663266	0.0	0.0
-0.00013282602527567996	0.0	0.0
-0.00014420287159747766	0.0	0.0
-0.00015548247991652495	0.0	0.0
-0.00016666485023282185	0.0	0.0
-0.00017784722054911873	0.0	0.0
-0.00018902959086541563	0.0	0.0
-0.00020011472317896212	0.0	0.0
-0.00021100537948700777	0.0	0.0
-0.00022189603579505344	0.0	0.0
-0.0002326894541003487	0.0	0.0
-0.00024328839640014313	0.0	0.0
-0.0002537901006971872	0.0	0.0
-0.0002640973289887304	0.0	0.0
-0.000274501795283024	0.0	0.0
-0.0002846145475690664	0.0	0.0
-0.00029472729985510884	0.0	0.0
-0.0003046455761356504	0.0	0.0
-0.000314563852416192	0.0	0.0
-0.0003242876526912328	0.0	0.0
-0.00033391421496352315	0.0	0.0
-0.0003434435392330631	0.0	0.0
-0.00035287562549985265	0.0	0.0
-0.0003621132357611414	0.0	0.0
-0.00037144808402518056	0.0	0.0
-0.0003805884562837189	0.0	0.0
-0.0003895343525367564	0.0	0.0
-0.0003984802487897939	0.0	0.0
-0.00040723166903733056	0.0	0.0
-0.00041588585128211685	0.0	0.0
-0.0004243455575214024	0.0	0.0
-0.00043270802575793736	0.0	0.0
-0.0004408760179889716	0.0	0.0
-0.00044884953421450507	0.0	0.0
-0.00045672581243728813	0.0	0.0
-0.0004644076146545703	0.0	0.0
-0.0004717977028636013	0.0	0.0
-0.0004788960770643811	0.0	0.0
-0.00048589721326241044	0.0	0.0
-0.0004926066354521886	0.0	0.0
-0.0004990243436337155	0.0	0.0
-0.0005052475758097416	0.0	0.0
-0.0005111790939775165	0.0	0.0
-0.00051681889813704	0.0	0.0
-0.0005221669882883125	0.0	0.0
-0.0005272233644313337	0.0	0.0
-0.0005318907885633533	0.0	0.0
-0.0005362664986871216	0.0	0.0
-0.0005402532567998883	0.0	0.0
-0.0005440455389071542	0.0	0.0
-0.0005473516310006681	0.0	0.0
-0.0005504632470886812	0.0	0.0
-0.000553283149168443	0.0	0.0
-0.0005557140992372032	0.0	0.0
-0.0005576588592922114	0.0	0.0
-0.0005593119053389682	0.0	0.0
-0.0005604787613719732	0.0	0.0
-0.0005613539033967269	0.0	0.0
-0.000561840093410479	0.0	0.0
-0.0005619373314132293	0.0	0.0
-0.0005616456174049781	0.0	0.0
-0.0005609649513857253	0.0	0.0
-0.0005597980953527203	0.0	0.0
-0.0005582422873087137	0.0	0.0
-0.0005563947652564561	0.0	0.0
-0.0005539638151876959	0.0	0.0
-0.000551143913107934	0.0	0.0
-0.0005479350590171705	0.0	0.0
-0.0005442400149126551	0.0	0.0
-0.0005402532567998883	0.0	0.0
-0.0005356830706706192	0.0	0.0
-0.0005308211705330988	0.0	0.0
-0.000525375842379076	0.0	0.0
-0.0005196388002168019	0.0	0.0
-0.0005133183300380255	0.0	0.0
-0.0005068033838537482	0.0	0.0
-0.0004997050096529683	0.0	0.0
-0.0004923149214439373	0.0	0.0
-0.00048453588122390474	0.0	0.0
-0.0004763678889928705	0.0	0.0
-0.000467908182753585	0.0	0.0
-0.0004590595245032979	0.0	0.0
-0.0004498219142420092	0.0	0.0
-0.0004403898279752196	0.0	0.0
-0.0004305687896974284	0.0	0.0
-0.0004205532754141365	0.0	0.0
-0.0004102460471225932	0.0	0.0
-0.00039964710482279876	0.0	0.0
-0.00038885368651750353	0.0	0.0
-0.0003778657922067075	0.0	0.0
-0.00036678065989316093	0.0	0.0
-0.00035540381357136323	0.0	0.0
-0.00034392972924681515	0.0	0.0
-0.00033226116891676624	0.0	0.0
-0.0003204953705839669	0.0	0.0
-0.0003086323342484171	0.0	0.0
-0.00029667205991011696	0.0	0.0
-0.0002846145475690664	0.0	0.0
-0.0002724597972252655	0.0	0.0
-0.0002603050468814645	0.0	0.0
-0.0002480530585349131	0.0	0.0
-0.00023580107018836174	0.0	0.0
-0.00022345184383906	0.0	0.0
-0.00021110261748975818	0.0	0.0
-0.0001987533911404564	0.0	0.0
-0.00018630692678840423	0.0	0.0
-0.00017386046243635203	0.0	0.0
-0.0001613167600815494	0.0	0.0
-0.00014877305772674682	0.0	0.0
-0.00013632659337469463	0.0	0.0
-0.00012378289101989205	0.0	0.0
-0.00011133642666783986	0.0	0.0
-9.879272431303725e-05	0.0	0.0
-8.624902195823465e-05	0.0	0.0
-7.370531960343206e-05	0.0	0.0
-6.125885525137986e-05	0.0	0.0
-4.871515289657727e-05	0.0	0.0
-3.626868854452508e-05	0.0	0.0
-2.3724986189722484e-05	0.0	0.0
-1.1278521837670295e-05	0.0	0.0
1.0707045116314867e-06	0.0	0.0
1.341993086093327e-05	0.0	0.0
2.576915721023505e-05	0.0	0.0
3.792390755403602e-05	0.0	0.0
5.007865789783698e-05	0.0	0.0
6.213617023888754e-05	0.0	0.0
7.40964445771877e-05	0.0	0.0
8.595948091273743e-05	0.0	0.0
9.762804124278636e-05	0.0	0.0
0.00010919936357008488	0.0	0.0
0.00012047897188913218	0.0	0.0
0.00013175858020817948	0.0	0.0
0.00014274647451897554	0.0	0.0
0.0001536371308270212	0.0	0.0
0.00016423607312681564	0.0	0.0
0.0001745433014183589	0.0	0.0
0.00018465605370440128	0.0	0.0
0.00019447709198219245	0.0	0.0
0.00020400641625173242	0.0	0.0
0.00021324402651302116	0.0	0.0
0.0002222871607688091	0.0	0.0
0.00023103858101634577	0.0	0.0
0.00023940104925288083	0.0	0.0
0.0002475690414839151	0.0	0.0
0.0002552508437011973	0.0	0.0
0.0002626409319102283	0.0	0.0
0.00026973930611100803	0.0	0.0
0.00027644872830078615	0.0	0.0
0.0002829636744850635	0.0	0.0
0.00028908966865833917	0.0	0.0
0.0002949239488233637	0.0	0.0
0.0003003692769773865	0.0	0.0
0.00030552289112315814	0.0	0.0
0.0003103847912606785	0.0	0.0
0.00031495497738994767	0.0	0.0
0.0003191362115082152	0.0	0.0
0.0003229284936154811	0.0	0.0
0.0003265262997172462	0.0	0.0
0.00032983239181076	0.0	0.0
0.00033284676989602267	0.0	0.0
0.0003356666719757845	0.0	0.0
0.0003380976220445447	0.0	0.0
0.00034023685810505365	0.0	0.0
0.00034208438015731143	0.0	0.0
0.00034373742620406834	0.0	0.0
0.0003450015202398236	0.0	0.0
0.0003459739002673277	0.0	0.0
0.00034675180428933095	0.0	0.0
0.0003473352323058334	0.0	0.0
0.0003476269463140846	0.0	0.0
0.00034752970831133424	0.0	0.0
0.000347237994303083	0.0	0.0
0.00034665456628658057	0.0	0.0
0.0003457794242618269	0.0	0.0
0.000344612568228822	0.0	0.0
0.0003431539981875659	0.0	0.0
0.00034140371413805853	0.0	0.0
0.0003394589540830504	0.0	0.0
0.0003371252420170406	0.0	0.0
0.00033459705394553	0.0	0.0
0.0003316799138630178	0.0	0.0
0.00032856829777500474	0.0	0.0
0.00032516496767874043	0.0	0.0
0.0003214699235742249	0.0	0.0
0.00031758040346420864	0.0	0.0
0.00031330193134319076	0.0	0.0
0.00030882898321667196	0.0	0.0
0.0003041615590846524	0.0	0.0
0.000299299658947132	0.0	0.0
0.00029404880679860995	0.0	0.0
0.0002887007166473375	0.0	0.0
0.00028315815049056433	0.0	0.0
0.00027742110832829027	0.0	0.0
0.0002714895901605154	0.0	0.0
0.0002653635959872397	0.0	0.0
0.00025914036381121357	0.0	0.0
0.00025281989363243714	0.0	0.0
0.0002464021854509102	0.0	0.0
0.00023979000126388248	0.0	0.0
0.00023317781707685474	0.0	0.0
0.0002264683948870766	0.0	0.0
0.00021975897269729846	0.0	0.0
0.00021304955050752033	0.0	0.0
0.0002062428903149918	0.0	0.0
0.00019943623012246326	0.0	0.0
0.00019262956992993472	0.0	0.0
0.0001859201477401566	0.0	0.0
0.00017921072555037844	0.0	0.0
0.00017250130336060032	0.0	0.0
0.000165986357176323	0.0	0.0
0.00015947141099204569	0.0	0.0
0.0001530537028105188	0.0	0.0
0.00014673323263174226	0.0	0.0
0.00014060723845846657	0.0	0.0
0.00013448124428519091	0.0	0.0
0.0001284524881146656	0.0	0.0
0.00012261820794964116	0.0	0.0
0.00011697840379011752	0.0	0.0
0.00011153307563609467	0.0	0.0
0.00010618498548482224	0.0	0.0
0.00010093413333630022	0.0	0.0
9.597499519602944e-05	0.0	0.0
9.111309505850906e-05	0.0	0.0
8.644567092648947e-05	0.0	0.0
8.197272279997071e-05	0.0	0.0
7.769425067895278e-05	0.0	0.0
7.361025456343566e-05	0.0	0.0
6.972073445341935e-05	0.0	0.0
6.602569034890385e-05	0.0	0.0
6.252512224988917e-05	0.0	0.0
5.921903015637531e-05	0.0	0.0
5.601017606561185e-05	0.0	0.0
5.2995797980349215e-05	0.0	0.0
5.02731339033378e-05	0.0	0.0
4.764770782907679e-05	0.0	0.0
4.5313995763067005e-05	0.0	0.0
4.298028369705722e-05	0.0	0.0
4.093828563929865e-05	0.0	0.0
3.89935255842905e-05	0.0	0.0
3.7243241534783164e-05	0.0	0.0
3.559019548802623e-05	0.0	0.0
3.4131625446770115e-05	0.0	0.0
3.2770293408264407e-05	0.0	0.0
3.150619937250911e-05	0.0	0.0
3.043658134225462e-05	0.0	0.0
2.9464201314750546e-05	0.0	0.0
2.8589059289996873e-05	0.0	0.0
2.7908393270744022e-05	0.0	0.0
2.7227727251491164e-05	0.0	0.0
2.6741537237739125e-05	0.0	0.0
2.625534722398709e-05	0.0	0.0
2.586639521298546e-05	0.0	0.0
2.5574681204734235e-05	0.0	0.0
2.538020519923342e-05	0.0	0.0
2.5282967196483012e-05	0.0	0.0
2.5282967196483012e-05	0.0	0.0
2.5185729193732604e-05	0.0	0.0
2.5185729193732604e-05	0.0	0.0
2.5282967196483012e-05	0.0	0.0
2.538020519923342e-05	0.0	0.0
2.5574681204734235e-05	0.0	0.0
2.576915721023505e-05	0.0	0.0
2.5963633215735866e-05	0.0	0.0
2.6158109221236682e-05	0.0	0.0
2.6352585226737497e-05	0.0	0.0
2.6547061232238313e-05	0.0	0.0
2.6838775240489536e-05	0.0	0.0
2.7033251245990352e-05	0.0	0.0
2.7324965254241575e-05	0.0	0.0
2.76166792624928e-05	0.0	0.0
2.7908393270744022e-05	0.0	0.0
2.820010727899524e-05	0.0	0.0
2.8491821287246468e-05	0.0	0.0
2.878353529549769e-05	0.0	0.0
2.907524930374891e-05	0.0	0.0
2.9366963312000138e-05	0.0	0.0
2.9658677320251358e-05	0.0	0.0
3.004762933125299e-05	0.0	0.0
3.0339343339504216e-05	0.0	0.0
3.072829535050585e-05	0.0	0.0
3.121448536425788e-05	0.0	0.0
3.170067537800992e-05	0.0	0.0
3.2089627389011556e-05	0.0	0.0
3.257581740276359e-05	0.0	0.0
3.306200741651563e-05	0.0	0.0
3.364543543301807e-05	0.0	0.0
3.4228863449520526e-05	0.0	0.0
3.481229146602297e-05	0.0	0.0
3.5492957485275824e-05	0.0	0.0
3.6270861507279086e-05	0.0	0.0
3.6951527526531944e-05	0.0	0.0
3.7632193545784795e-05	0.0	0.0
3.841009756778806e-05	0.0	0.0
3.918800158979132e-05	0.0	0.0
4.0063143614544985e-05	0.0	0.0
4.103552364204906e-05	0.0	0.0
4.191066566680273e-05	0.0	0.0
4.298028369705722e-05	0.0	0.0
4.404990172731171e-05	0.0	0.0
4.5022281754815785e-05	0.0	0.0
4.609189978507027e-05	0.0	0.0
4.725875581807516e-05	0.0	0.0
4.842561185108005e-05	0.0	0.0
4.9592467884084946e-05	0.0	0.0
5.085656191984025e-05	0.0	0.0
5.221789395834595e-05	0.0	0.0
5.357922599685166e-05	0.0	0.0
5.494055803535737e-05	0.0	0.0
5.639912807661349e-05	0.0	0.0
5.776046011511919e-05	0.0	0.0
5.921903015637531e-05	0.0	0.0
6.0677600197631425e-05	0.0	0.0
6.233064624438836e-05	0.0	0.0
6.388645428839488e-05	0.0	0.0
6.55395003351518e-05	0.0	0.0
6.709530837915834e-05	0.0	0.0
6.884559242866568e-05	0.0	0.0
7.04014004726722e-05	0.0	0.0
7.205444651942914e-05	0.0	0.0
7.370749256618606e-05	0.0	0.0
7.5360538612943e-05	0.0	0.0
7.691634665694952e-05	0.0	0.0
7.856939270370644e-05	0.0	0.0
8.022243875046338e-05	0.0	0.0
8.177824679446991e-05	0.0	0.0
8.333405483847644e-05	0.0	0.0
8.479262487973255e-05	0.0	0.0
8.625119492098866e-05	0.0	0.0
8.761252695949437e-05	0.0	0.0
8.897385899800008e-05	0.0	0.0
9.033519103650578e-05	0.0	0.0
9.169652307501148e-05	0.0	0.0
9.29606171107668e-05	0.0	0.0
9.412747314377168e-05	0.0	0.0
9.529432917677658e-05	0.0	0.0
9.636394720703107e-05	0.0	0.0
9.743356523728555e-05	0.0	0.0
9.840594526478964e-05	0.0	0.0
9.92810872895433e-05	0.0	0.0
0.00010025346731704738	0.0	0.0
0.00010103137133905063	0.0	0.0
0.0001019065133638043	0.0	0.0
0.00010258717938305715	0.0	0.0
0.00010326784540231002	0.0	0.0
0.00010385127341881246	0.0	0.0
0.00010424022542981409	0.0	0.0
0.00010472641544356613	0.0	0.0
0.00010511536745456776	0.0	0.0
0.00010530984346006857	0.0	0.0
0.0001056015574683198	0.0	0.0
0.0001056015574683198	0.0	0.0
0.0001056015574683198	0.0	0.0
0.0001055043194655694	0.0	0.0
0.00010521260545731817	0.0	0.0
0.00010492089144906694	0.0	0.0
0.00010453193943806531	0.0	0.0
0.00010394851142156287	0.0	0.0
0.00010326784540231002	0.0	0.0
0.00010248994138030674	0.0	0.0
0.0001017120373583035	0.0	0.0
0.000100642419328049	0.0	0.0
9.94755632950441e-05	0.0	0.0
9.830870726203923e-05	0.0	0.0
9.704461322628391e-05	0.0	0.0
9.54888051822774e-05	0.0	0.0
9.403023514102128e-05	0.0	0.0
9.237718909426435e-05	0.0	0.0
9.062690504475702e-05	0.0	0.0
8.887662099524967e-05	0.0	0.0
8.693186094024151e-05	0.0	0.0
8.508433888798377e-05	0.0	0.0
8.30423408302252e-05	0.0	0.0
8.100034277246664e-05	0.0	0.0
7.886110671195767e-05	0.0	0.0
7.67218706514487e-05	0.0	0.0
7.448539658818933e-05	0.0	0.0
7.215168452217955e-05	0.0	0.0
6.981797245616975e-05	0.0	0.0
6.748426039015996e-05	0.0	0.0
6.515054832415019e-05	0.0	0.0
6.28168362581404e-05	0.0	0.0
6.03858861893802e-05	0.0	0.0
5.795493612062001e-05	0.0	0.0
5.562122405461022e-05	0.0	0.0
5.319027398585003e-05	0.0	0.0
5.066208591433943e-05	0.0	0.0
4.813389784282883e-05	0.0	0.0
4.5605709771318225e-05	0.0	0.0
4.307752169980763e-05	0.0	0.0
4.0452095625546616e-05	0.0	0.0
3.782666955128561e-05	0.0	0.0
3.510400547427419e-05	0.0	0.0
3.238134139726278e-05	0.0	0.0
2.9464201314750546e-05	0.0	0.0
2.6547061232238313e-05	0.0	0.0
2.3532683146975672e-05	0.0	0.0
2.0323829056212216e-05	0.0	0.0
1.7017736962698356e-05	0.0	0.0
1.3614406866434084e-05	0.0	0.0
1.0016600764668998e-05	0.0	0.0
6.321556660153505e-06	0.0	0.0
2.5292745528876025e-06	0.0	0.0
-1.554721562629522e-06	0.0	0.0
-5.833193683647462e-06	0.0	0.0
-1.020890380741581e-05	0.0	0.0
-1.4876327939435381e-05	0.0	0.0
-1.973822807695577e-05	0.0	0.0
-2.479460421997697e-05	0.0	0.0
-3.004545636849899e-05	0.0	0.0
-3.5490784522521823e-05	0.0	0.0
-4.122782668479588e-05	0.0	0.0
-4.706210684982034e-05	0.0	0.0
-5.309086302034562e-05	0.0	0.0
-5.941133319912212e-05	0.0	0.0
-6.582904138064904e-05	0.0	0.0
-7.253846357042716e-05	0.0	0.0
-7.93451237629557e-05	0.0	0.0
-8.634625996098506e-05	0.0	0.0
-9.354187216451524e-05	0.0	0.0
-0.00010093196037354623	0.0	0.0
-0.00010832204858257722	0.0	0.0
-0.00011590661279710901	0.0	0.0
-0.00012368565301714164	0.0	0.0
-0.00013146469323717424	0.0	0.0
-0.00013943820946270768	0.0	0.0
-0.00014741172568824112	0.0	0.0
-0.00015548247991652495	0.0	0.0
-0.0001635532341448088	0.0	0.0
-0.00017172122637584307	0.0	0.0
-0.00017988921860687728	0.0	0.0
-0.00018795997283516114	0.0	0.0
-0.0001961279650661954	0.0	0.0
-0.00020419871929447923	0.0	0.0
-0.00021217223552001267	0.0	0.0
-0.0002201457517455461	0.0	0.0
-0.00022802202996832912	0.0	0.0
-0.00023570383218561133	0.0	0.0
-0.00024328839640014313	0.0	0.0
-0.00025067848460917413	0.0	0.0
-0.0002578740968127043	0.0	0.0
-0.0002649724710134841	0.0	0.0
-0.0002717791312060126	0.0	0.0
-0.00027848855339579075	0.0	0.0
-0.00028500349958006805	0.0	0.0
-0.00029122673175609415	0.0	0.0
-0.00029715824992386904	0.0	0.0
-0.0003029925300888935	0.0	0.0
-0.0003084378582429163	0.0	0.0
-0.00031368871039143834	0.0	0.0
-0.0003186478485317091	0.0	0.0
-0.00032331527266372874	0.0	0.0
-0.00032778822079024744	0.0	0.0
-0.0003320666929112654	0.0	0.0
-0.0003359562130212817	0.0	0.0
-0.0003397484951285476	0.0	0.0
-0.00034315182522481186	0.0	0.0
-0.00034636067931557535	0.0	0.0
-0.00034927781939808757	0.0	0.0
-0.0003519032454723486	0.0	0.0
-0.0003543341955411088	0.0	0.0
-0.0003564734316016178	0.0	0.0
-0.00035841819165662595	0.0	0.0
-0.00036007123770338286	0.0	0.0
-0.00036152980774463894	0.0	0.0
-0.0003626966637776438	0.0	0.0
-0.00036366904380514794	0.0	0.0
-0.00036444694782715117	0.0	0.0
-0.0003648358998381528	0.0	0.0
-0.000365127613846404	0.0	0.0
-0.000365127613846404	0.0	0.0
-0.0003649331378409032	0.0	0.0
-0.00036454418582990155	0.0	0.0
-0.00036386351981064876	0.0	0.0
-0.00036298837778589503	0.0	0.0
-0.0003619187597556406	0.0	0.0
-0.00036065466571988527	0.0	0.0
-0.00035919609567862913	0.0	0.0
-0.00035764028763462266	0.0	0.0
-0.0003557927655823649	0.0	0.0
-0.0003537507675246063	0.0	0.0
-0.00035161153146409733	0.0	0.0
-0.00034918058139533713	0.0	0.0
-0.0003466523933238266	0.0	0.0
-0.00034402696724956553	0.0	0.0
-0.0003412070651698037	0.0	0.0
-0.0003382899250872915	0.0	0.0
-0.00033527554700202885	0.0	0.0
-0.0003321639309140158	0.0	0.0
-0.0003289550768232524	0.0	0.0
-0.00032564898472973845	0.0	0.0
-0.0003221484166307238	0.0	0.0
-0.00031855061052895873	0.0	0.0
-0.00031495280442719366	0.0	0.0
-0.00031125776032267814	0.0	0.0
-0.00030746547821541224	0.0	0.0
-0.00030367319610814634	0.0	0.0
-0.0002996864379953796	0.0	0.0
-0.00029569967988261295	0.0	0.0
-0.0002916156837670958	0.0	0.0
-0.00028743444964882825	0.0	0.0
-0.0002831559775278103	0.0	0.0
-0.0002786830294012915	0.0	0.0
-0.0002742100812747728	0.0	0.0
-0.00026963989514550363	0.0	0.0
-0.0002648752330107337	0.0	0.0
-0.0002600133328732133	0.0	0.0
-0.0002550541947329425	0.0	0.0
-0.00024990058058717084	0.0	0.0
-0.00024464972843864886	0.0	0.0
-0.000239204400284626	0.0	0.0
-0.00023366183412785278	0.0	0.0
-0.0002278275539628283	0.0	0.0
-0.00022199327379780385	0.0	0.0
-0.00021586727962452816	0.0	0.0
-0.00020964404744850206	0.0	0.0
-0.00020322633926697515	0.0	0.0
-0.00019661415507994743	0.0	0.0
-0.0001899047328901693	0.0	0.0
-0.00018300083469489036	0.0	0.0
-0.00017599969849686097	0.0	0.0
-0.0001687068482905804	0.0	0.0
-0.0001614139980842998	0.0	0.0
-0.00015402390987526884	0.0	0.0
-0.00014643934566073704	0.0	0.0
-0.00013885478144620524	0.0	0.0
-0.00013107574122617265	0.0	0.0
-0.00012319946300338959	0.0	0.0
-0.00011522594677785617	0.0	0.0
-0.00010734966855507314	0.0	0.0
-9.927891432678928e-05	0.0	0.0
-9.120816009850546e-05	0.0	0.0
-8.31374058702216e-05	0.0	0.0
-7.496941363918736e-05	0.0	0.0
-6.680142140815311e-05	0.0	0.0
-5.8633429177118864e-05	0.0	0.0
-5.0562674948835023e-05	0.0	0.0
-4.2394682717800765e-05	0.0	0.0
-3.4323928489516923e-05	0.0	0.0
-2.6253174261233086e-05	0.0	0.0
-1.8182420032949245e-05	0.0	0.0
-1.020890380741581e-05	0.0	0.0
-2.3326255846327836e-06	0.0	0.0
5.446414635399834e-06	0.0	0.0
1.3225454855432454e-05	0.0	0.0
2.0810019069964255e-05	0.0	0.0
2.839458328449606e-05	0.0	0.0
3.578467149352705e-05	0.0	0.0
4.307752169980763e-05	0.0	0.0
5.0175895900587386e-05	0.0	0.0
5.717703209861675e-05	0.0	0.0
6.398369229114528e-05	0.0	0.0
7.069311448092343e-05	0.0	0.0
7.711082266245033e-05	0.0	0.0
8.333405483847644e-05	0.0	0.0
8.93628110090017e-05	0.0	0.0
9.519709117402616e-05	0.0	0.0
0.00010093413333630022	0.0	0.0
0.00010647669949307346	0.0	0.0
0.00011172755164159548	0.0	0.0
0.0001167839277846167	0.0	0.0
0.00012154858991938666	0.0	0.0
0.00012611877604865583	0.0	0.0
0.0001304944861724242	0.0	0.0
0.0001346757202906917	0.0	0.0
0.0001386624784034584	0.0	0.0
0.00014245476051072433	0.0	0.0
0.0001460525666124894	0.0	0.0
0.00014945589670875366	0.0	0.0
0.00015266475079951715	0.0	0.0
0.00015558189088202938	0.0	0.0
0.0001584017929617912	0.0	0.0
0.0001609299810333018	0.0	0.0
0.000163360931102062	0.0	0.0
0.00016559740516532137	0.0	0.0
0.00016773664122583036	0.0	0.0
0.0001696814012808385	0.0	0.0
0.00017143168533034585	0.0	0.0
0.00017308473137710276	0.0	0.0
0.0001745433014183589	0.0	0.0
0.00017580739545411416	0.0	0.0
0.00017687701348436866	0.0	0.0
0.00017784939351187274	0.0	0.0
0.000178627297533876	0.0	0.0
0.00017930796355312886	0.0	0.0
0.0001798913915696313	0.0	0.0
0.00018018310557788253	0.0	0.0
0.00018037758158338335	0.0	0.0
0.00018037758158338335	0.0	0.0
0.00018018310557788253	0.0	0.0
0.00017979415356688088	0.0	0.0
0.00017930796355312886	0.0	0.0
0.000178627297533876	0.0	0.0
0.00017765491750637192	0.0	0.0
0.00017668253747886784	0.0	0.0
0.00017541844344311255	0.0	0.0
0.00017405711140460684	0.0	0.0
0.00017250130336060032	0.0	0.0
0.0001706537813083426	0.0	0.0
0.000168611783250584	0.0	0.0
0.00016637530918732463	0.0	0.0
0.00016394435911856446	0.0	0.0
0.00016141617104705383	0.0	0.0
0.00015869350697004242	0.0	0.0
0.0001557763668875302	0.0	0.0
0.00015266475079951715	0.0	0.0
0.0001493586587060033	0.0	0.0
0.000145955328609739	0.0	0.0
0.0001422602845052235	0.0	0.0
0.00013856524040070802	0.0	0.0
0.0001346757202906917	0.0	0.0
0.00013068896217792501	0.0	0.0
0.0001267022040651583	0.0	0.0
0.00012252096994689075	0.0	0.0
0.00011833973582862322	0.0	0.0
0.00011406126370760528	0.0	0.0
0.00010968555358383691	0.0	0.0
0.00010521260545731817	0.0	0.0
0.00010083689533354982	0.0	0.0
9.646118520978148e-05	0.0	0.0
9.198823708326272e-05	0.0	0.0
8.770976496224478e-05	0.0	0.0
8.343129284122683e-05	0.0	0.0
7.915282072020889e-05	0.0	0.0
7.506882460469177e-05	0.0	0.0
7.098482848917464e-05	0.0	0.0
6.699807037640793e-05	0.0	0.0
6.301131226364121e-05	0.0	0.0
5.9316268159125716e-05	0.0	0.0
5.562122405461022e-05	0.0	0.0
5.212065595559554e-05	0.0	0.0
4.8814563862081684e-05	0.0	0.0
4.550847176856782e-05	0.0	0.0
4.239685568055477e-05	0.0	0.0
3.947971559804254e-05	0.0	0.0
3.6562575515530306e-05	0.0	0.0
3.3839911438518895e-05	0.0	0.0
3.1311723367008293e-05	0.0	0.0
2.88807732982481e-05	0.0	0.0
2.6547061232238313e-05	0.0	0.0
2.4407825171729346e-05	0.0	0.0
2.226858911122037e-05	0.0	0.0
2.0421067058962624e-05	0.0	0.0
1.8573545006704876e-05	0.0	0.0
1.682326095719754e-05	0.0	0.0
1.5170214910440608e-05	0.0	0.0
1.3517168863683676e-05	0.0	0.0
1.2058598822427561e-05	0.0	0.0
1.0697266783921851e-05	0.0	0.0
9.335934745416144e-06	0.0	0.0
8.071840709660845e-06	0.0	0.0
6.904984676655951e-06	0.0	0.0
5.6408906409006506e-06	0.0	0.0
4.571272610646165e-06	0.0	0.0
3.50165458039168e-06	0.0	0.0
2.3347985473867874e-06	0.0	0.0
1.2651805171323024e-06	0.0	0.0
2.92800489628225e-07	0.0	0.0
-7.768175406262601e-07	0.0	0.0
-1.8464355708807452e-06	0.0	0.0
-2.91605360113523e-06	0.0	0.0
-3.9856716313897155e-06	0.0	0.0
-5.152527664394608e-06	0.0	0.0
-6.319383697399501e-06	0.0	0.0
-7.486239730404394e-06	0.0	0.0
-8.653095763409287e-06	0.0	0.0
-1.0014427801914994e-05	0.0	0.0
-1.1375759840420703e-05	0.0	0.0
-1.2737091878926412e-05	0.0	0.0
-1.4292899922932934e-05	0.0	0.0
-1.575146996418905e-05	0.0	0.0
-1.7404516010945983e-05	0.0	0.0
-1.9154800060453322e-05	0.0	0.0
-2.1002322112711067e-05	0.0	0.0
-2.2849844164968814e-05	0.0	0.0
-2.4891842222727377e-05	0.0	0.0
-2.693384028048594e-05	0.0	0.0
-2.907307634099491e-05	0.0	0.0
-3.121231240150388e-05	0.0	0.0
-3.344878646476326e-05	0.0	0.0
-3.578249853077304e-05	0.0	0.0
-3.8213448599533234e-05	0.0	0.0
-4.064439866829343e-05	0.0	0.0
-4.3172586739804033e-05	0.0	0.0
-4.5700774811314635e-05	0.0	0.0
-4.842343888832605e-05	0.0	0.0
-5.104886496258706e-05	0.0	0.0
-5.3771529039598476e-05	0.0	0.0
-5.639695511385948e-05	0.0	0.0
-5.91196191908709e-05	0.0	0.0
-6.184228326788232e-05	0.0	0.0
-6.466218534764413e-05	0.0	0.0
-6.738484942465556e-05	0.0	0.0
-7.020475150441738e-05	0.0	0.0
-7.28301775786784e-05	0.0	0.0
-7.55528416556898e-05	0.0	0.0
-7.827550573270122e-05	0.0	0.0
-8.099816980971264e-05	0.0	0.0
-8.362359588397364e-05	0.0	0.0
-8.624902195823465e-05	0.0	0.0
-8.897168603524608e-05	0.0	0.0
-9.159711210950709e-05	0.0	0.0
-9.422253818376809e-05	0.0	0.0
-9.67507262552787e-05	0.0	0.0
-9.927891432678928e-05	0.0	0.0
-0.00010180710239829989	0.0	0.0
-0.0001043352904698105	0.0	0.0
-0.0001068634785413211	0.0	0.0
-0.0001093916666128317	0.0	0.0
-0.0001119198546843423	0.0	0.0
-0.0001145452807586033	0.0	0.0
-0.00011707346883011391	0.0	0.0
-0.00011960165690162451	0.0	0.0
-0.0001222270829758855	0.0	0.0
-0.00012485250905014652	0.0	0.0
-0.00012747793512440754	0.0	0.0
-0.00013010336119866856	0.0	0.0
-0.00013272878727292955	0.0	0.0
-0.00013545145134994096	0.0	0.0
-0.0001381741154269524	0.0	0.0
-0.0001409940175067142	0.0	0.0
-0.00014361944358097522	0.0	0.0
-0.00014643934566073704	0.0	0.0
-0.00014925924774049888	0.0	0.0
-0.00015198191181751028	0.0	0.0
-0.0001547045758945217	0.0	0.0
-0.0001574272399715331	0.0	0.0
-0.00016014990404854455	0.0	0.0
-0.00016277533012280554	0.0	0.0
-0.00016540075619706654	0.0	0.0
-0.00016792894426857717	0.0	0.0
-0.00017035989433733734	0.0	0.0
-0.00017279084440609754	0.0	0.0
-0.00017522179447485774	0.0	0.0
-0.0001774582685381171	0.0	0.0
-0.00017950026659587566	0.0	0.0
-0.00018163950265638466	0.0	0.0
-0.0001835842627113928	0.0	0.0
-0.00018543178476365055	0.0	0.0
-0.00018718206881315787	0.0	0.0
-0.0001888351148599148	0.0	0.0
-0.00019048816090667177	0.0	0.0
-0.00019194673094792786	0.0	0.0
-0.00019321082498368318	0.0	0.0
-0.00019457215702218885	0.0	0.0
-0.00019564177505244335	0.0	0.0
-0.00019671139308269784	0.0	0.0
-0.00019778101111295234	0.0	0.0
-0.0001987533911404564	0.0	0.0
-0.00019962853316521007	0.0	0.0
-0.00020050367518996374	0.0	0.0
-0.000201281579211967	0.0	0.0
-0.00020205948323397027	0.0	0.0
-0.00020274014925322312	0.0	0.0
-0.00020351805327522638	0.0	0.0
-0.00020419871929447923	0.0	0.0
-0.00020497662331648252	0.0	0.0
-0.00020575452733848575	0.0	0.0
-0.00020653243136048902	0.0	0.0
-0.0002074075733852427	0.0	0.0
-0.00020818547740724595	0.0	0.0
-0.0002090606194319996	0.0	0.0
-0.0002099357614567533	0.0	0.0
-0.00021090814148425738	0.0	0.0
-0.00021188052151176147	0.0	0.0
-0.0002129501395420159	0.0	0.0
-0.0002140197575722704	0.0	0.0
-0.0002151866136052753	0.0	0.0
-0.00021635346963828022	0.0	0.0
-0.0002175203256712851	0.0	0.0
-0.00021868718170429	0.0	0.0
-0.00021985403773729488	0.0	0.0
-0.00022102089377029976	0.0	0.0
-0.00022209051180055426	0.0	0.0
-0.00022325736783355916	0.0	0.0
-0.00022442422386656404	0.0	0.0
-0.00022539660389406813	0.0	0.0
-0.0002263689839215722	0.0	0.0
-0.0002272441259463259	0.0	0.0
-0.00022811926797107953	0.0	0.0
-0.00022879993399033238	0.0	0.0
-0.00022938336200683485	0.0	0.0
-0.0002299667900233373	0.0	0.0
-0.00023025850403158852	0.0	0.0
-0.00023055021803983973	0.0	0.0
-0.00023055021803983973	0.0	0.0
-0.00023055021803983973	0.0	0.0
-0.00023025850403158852	0.0	0.0
-0.00022986955202058688	0.0	0.0
-0.00022918888600133403	0.0	0.0
-0.00022841098197933077	0.0	0.0
-0.0002274386019518267	0.0	0.0
-0.0002262717459188218	0.0	0.0
-0.00022491041388031607	0.0	0.0
-0.00022335460583630958	0.0	0.0
-0.00022160432178680223	0.0	0.0
-0.0002196595617317941	0.0	0.0
-0.0002175203256712851	0.0	0.0
-0.0002151866136052753	0.0	0.0
-0.00021265842553376473	0.0	0.0
-0.0002099357614567533	0.0	0.0
-0.00020692138337149066	0.0	0.0
-0.0002038097672834776	0.0	0.0
-0.00020050367518996374	0.0	0.0
-0.00019700310709094908	0.0	0.0
-0.000193405300989184	0.0	0.0
-0.0001895157808791677	0.0	0.0
-0.00018562626076915135	0.0	0.0
-0.00018144502665088383	0.0	0.0
-0.00017706931652711547	0.0	0.0
-0.00017269360640334713	0.0	0.0
-0.00016802618227132758	0.0	0.0
-0.00016335875813930798	0.0	0.0
-0.0001584968580017876	0.0	0.0
-0.0001535377198615168	0.0	0.0
-0.00014848134371849562	0.0	0.0
-0.000143327729572724	0.0	0.0
-0.0001381741154269524	0.0	0.0
-0.00013292326327843038	0.0	0.0
-0.00012747793512440754	0.0	0.0
-0.00012212984497313512	0.0	0.0
-0.00011668451681911228	0.0	0.0
-0.00011133642666783986	0.0	0.0
-0.00010589109851381702	0.0	0.0
-0.0001005430083625446	0.0	0.0
-9.519491821127218e-05	0.0	0.0
-8.984682805999975e-05	0.0	0.0
-8.459597591147771e-05	0.0	0.0
-7.93451237629557e-05	0.0	0.0
-7.428874761993451e-05	0.0	0.0
-6.923237147691331e-05	0.0	0.0
-6.42732333366425e-05	0.0	0.0
-5.950857120187253e-05	0.0	0.0
-5.4743909067102554e-05	0.0	0.0
-5.0173722937833386e-05	0.0	0.0
-4.579801281406504e-05	0.0	0.0
-4.15195406930471e-05	0.0	0.0
-3.733830657477957e-05	0.0	0.0
-3.3351548462012846e-05	0.0	0.0
-2.9656504357497354e-05	0.0	0.0
-2.5961460252981863e-05	0.0	0.0
-2.2558130156717594e-05	0.0	0.0
-1.925203806320373e-05	0.0	0.0
-1.6043183972440274e-05	0.0	0.0
-1.3126043889928041e-05	0.0	0.0
-1.030614181016622e-05	0.0	0.0
-7.680715735905208e-06	0.0	0.0
-5.249765667145016e-06	0.0	0.0
-3.013291603885638e-06	0.0	0.0
-9.712935461270755e-07	0.0	0.0
9.734665088810792e-07	0.0	0.0
2.7237505583884185e-06	0.0	0.0
4.279558602394943e-06	0.0	0.0
5.738128643651058e-06	0.0	0.0
7.002222679406358e-06	0.0	0.0
8.071840709660845e-06	0.0	0.0
8.946982734414513e-06	0.0	0.0
9.724886756417775e-06	0.0	0.0
1.040555277567063e-05	0.0	0.0
1.0891742789422668e-05	0.0	0.0
1.118345679767389e-05	0.0	0.0
1.1475170805925115e-05	0.0	0.0
1.1669646811425929e-05	0.0	0.0
1.1669646811425929e-05	0.0	0.0
1.1572408808675522e-05	0.0	0.0
1.1377932803174707e-05	0.0	0.0
1.1086218794923484e-05	0.0	0.0
1.0891742789422668e-05	0.0	0.0
1.0502790778421037e-05	0.0	0.0
1.0113838767419406e-05	0.0	0.0
9.627648753667367e-06	0.0	0.0
9.238696742665736e-06	0.0	0.0
8.752506728913697e-06	0.0	0.0
8.16907871241125e-06	0.0	0.0
7.682888698659214e-06	0.0	0.0
7.196698684907174e-06	0.0	0.0
6.710508671155135e-06	0.0	0.0
6.321556660153505e-06	0.0	0.0
5.932604649151873e-06	0.0	0.0
5.6408906409006506e-06	0.0	0.0
5.349176632649427e-06	0.0	0.0
5.154700627148612e-06	0.0	0.0
4.960224621647796e-06	0.0	0.0
4.862986618897388e-06	0.0	0.0
4.765748616146981e-06	0.0	0.0
4.862986618897388e-06	0.0	0.0
5.057462624398204e-06	0.0	0.0
5.349176632649427e-06	0.0	0.0
5.738128643651058e-06	0.0	0.0
6.127080654652689e-06	0.0	0.0
6.613270668404727e-06	0.0	0.0
7.196698684907174e-06	0.0	0.0
7.974602706910435e-06	0.0	0.0
8.752506728913697e-06	0.0	0.0
9.724886756417775e-06	0.0	0.0
1.0697266783921851e-05	0.0	0.0
1.1864122816926744e-05	0.0	0.0
1.3128216852682045e-05	0.0	0.0
1.4586786893938161e-05	0.0	0.0
1.594811893244387e-05	0.0	0.0
1.750392697645039e-05	0.0	0.0
1.9156973023207326e-05	0.0	0.0
2.1004495075465074e-05	0.0	0.0
2.2852017127722818e-05	0.0	0.0
2.4894015185481384e-05	0.0	0.0
2.6936013243239944e-05	0.0	0.0
2.917248730649932e-05	0.0	0.0
3.150619937250911e-05	0.0	0.0
3.39371494412693e-05	0.0	0.0
3.636809951002949e-05	0.0	0.0
3.88962875815401e-05	0.0	0.0
4.1521713655801105e-05	0.0	0.0
4.424437773281252e-05	0.0	0.0
4.696704180982394e-05	0.0	0.0
4.988418189233617e-05	0.0	0.0
5.2704083972097995e-05	0.0	0.0
5.571846205736063e-05	0.0	0.0
5.8635602139872865e-05	0.0	0.0
6.16499802251355e-05	0.0	0.0
6.466435831039815e-05	0.0	0.0
6.77759743984112e-05	0.0	0.0
7.079035248367383e-05	0.0	0.0
7.390196857168688e-05	0.0	0.0
7.701358465969993e-05	0.0	0.0
8.002796274496257e-05	0.0	0.0
8.30423408302252e-05	0.0	0.0
8.605671891548784e-05	0.0	0.0
8.897385899800008e-05	0.0	0.0
9.198823708326272e-05	0.0	0.0
9.490537716577494e-05	0.0	0.0
9.782251724828718e-05	0.0	0.0
0.00010054518132529859	0.0	0.0
0.00010336508340506042	0.0	0.0
0.00010608774748207183	0.0	0.0
0.00010871317355633284	0.0	0.0
0.00011133859963059386	0.0	0.0
0.00011376954969935404	0.0	0.0
0.00011610326176536383	0.0	0.0
0.00011853421183412403	0.0	0.0
0.0001207706858973834	0.0	0.0
0.00012300715996064278	0.0	0.0
0.00012514639602115174	0.0	0.0
0.0001271883940789103	0.0	0.0
0.00012913315413391846	0.0	0.0
0.0001310779141889266	0.0	0.0
0.00013282819823843395	0.0	0.0
0.00013457848228794133	0.0	0.0
0.00013623152833469823	0.0	0.0
0.00013778733637870476	0.0	0.0
0.00013934314442271128	0.0	0.0
0.00014070447646121698	0.0	0.0
0.0001421630465024731	0.0	0.0
0.0001435243785409788	0.0	0.0
0.00014478847257673412	0.0	0.0
0.000145955328609739	0.0	0.0
0.0001471221846427439	0.0	0.0
0.0001481918026729984	0.0	0.0
0.00014916418270050248	0.0	0.0
0.00015013656272800654	0.0	0.0
0.00015110894275551062	0.0	0.0
0.0001519840847802643	0.0	0.0
0.00015285922680501797	0.0	0.0
0.00015373436882977162	0.0	0.0
0.00015451227285177488	0.0	0.0
0.00015529017687377814	0.0	0.0
0.00015597084289303102	0.0	0.0
0.00015674874691503425	0.0	0.0
0.0001574294129342871	0.0	0.0
0.00015811007895353998	0.0	0.0
0.00015888798297554325	0.0	0.0
0.0001595686489947961	0.0	0.0
0.00016034655301679936	0.0	0.0
0.0001610272190360522	0.0	0.0
0.00016180512305805547	0.0	0.0
0.00016248578907730832	0.0	0.0
0.00016326369309931159	0.0	0.0
0.00016413883512406523	0.0	0.0
0.00016491673914606852	0.0	0.0
0.0001657918811708222	0.0	0.0
0.00016676426119832628	0.0	0.0
0.00016773664122583036	0.0	0.0
0.00016880625925608483	0.0	0.0
0.0001698758772863393	0.0	0.0
0.0001709454953165938	0.0	0.0
0.00017201511334684826	0.0	0.0
0.00017327920738260358	0.0	0.0
0.0001745433014183589	0.0	0.0
0.00017590463345686457	0.0	0.0
0.0001771687274926199	0.0	0.0
0.000178627297533876	0.0	0.0
0.00018008586757513212	0.0	0.0
0.00018164167561913864	0.0	0.0
0.00018310024566039476	0.0	0.0
0.0001847532917071517	0.0	0.0
0.000186503575756659	0.0	0.0
0.00018825385980616638	0.0	0.0
0.0001900041438556737	0.0	0.0
0.00019185166590793146	0.0	0.0
0.0001937964259629396	0.0	0.0
0.00019574118601794777	0.0	0.0
0.00019778318407570632	0.0	0.0
0.0001998251821334649	0.0	0.0
0.00020206165619672425	0.0	0.0
0.00020429813025998365	0.0	0.0
0.00020663184232599344	0.0	0.0
0.0002089655543920032	0.0	0.0
0.00021139650446076342	0.0	0.0
0.0002138274545295236	0.0	0.0
0.0002162584045982838	0.0	0.0
0.0002187865926697944	0.0	0.0
0.000221314780741305	0.0	0.0
0.000223940206815566	0.0	0.0
0.00022666287089257743	0.0	0.0
0.00022928829696683843	0.0	0.0
0.00023191372304109945	0.0	0.0
0.00023453914911536044	0.0	0.0
0.00023716457518962146	0.0	0.0
0.00023979000126388248	0.0	0.0
0.00024241542733814347	0.0	0.0
0.0002449436154096541	0.0	0.0
0.00024747180348116466	0.0	0.0
0.00024990275354992486	0.0	0.0
0.00025233370361868506	0.0	0.0
0.00025466741568469487	0.0	0.0
0.00025680665174520386	0.0	0.0
0.00025894588780571274	0.0	0.0
0.00026098788586347135	0.0	0.0
0.00026293264591847947	0.0	0.0
0.00026468292996798687	0.0	0.0
0.0002664332140174942	0.0	0.0
0.0002680862600642511	0.0	0.0
0.0002695448301055072	0.0	0.0
0.0002709061621440129	0.0	0.0
0.00027207301817701784	0.0	0.0
0.0002731426362072723	0.0	0.0
0.0002741150162347764	0.0	0.0
0.00027489292025677963	0.0	0.0
0.00027557358627603254	0.0	0.0
0.000276157014292535	0.0	0.0
0.000276643204306287	0.0	0.0
0.0002769349183145382	0.0	0.0
0.00027722663232278944	0.0	0.0
0.00027722663232278944	0.0	0.0
0.00027732387032553983	0.0	0.0
0.00027722663232278944	0.0	0.0
0.0002770321563172886	0.0	0.0
0.00027674044230903736	0.0	0.0
0.0002763514902980358	0.0	0.0
0.0002759625382870342	0.0	0.0
0.0002754763482732821	0.0	0.0
0.00027489292025677963	0.0	0.0
0.00027421225423752683	0.0	0.0
0.00027362882622102437	0.0	0.0
0.0002728509221990211	0.0	0.0
0.00027207301817701784	0.0	0.0
0.00027119787615226417	0.0	0.0
0.0002703227341275105	0.0	0.0
0.00026935035410000644	0.0	0.0
0.0002683779740725024	0.0	0.0
0.00026740559404499827	0.0	0.0
0.0002663359760147438	0.0	0.0
0.0002652663579844893	0.0	0.0
0.0002640995019514844	0.0	0.0
0.00026293264591847947	0.0	0.0
0.00026176578988547464	0.0	0.0
0.0002605016958497193	0.0	0.0
0.00025914036381121357	0.0	0.0
0.0002577790317727079	0.0	0.0
0.0002563204617314518	0.0	0.0
0.0002548618916901957	0.0	0.0
0.0002533060836461891	0.0	0.0
0.0002516530375994322	0.0	0.0
0.0002499999915526753	0.0	0.0
0.00024824970750316795	0.0	0.0
0.0002463049474481598	0.0	0.0
0.00024445742539590205	0.0	0.0
0.00024231818933539306	0.0	0.0
0.0002401789532748841	0.0	0.0
0.00023794247921162475	0.0	0.0
0.00023560876714561493	0.0	0.0
0.00023317781707685474	0.0	0.0
0.00023055239100259374	0.0	0.0
0.0002278297269255823	0.0	0.0
0.0002250098248458205	0.0	0.0
0.00022209268476330827	0.0	0.0
0.00021898106867529522	0.0	0.0
0.00021586945258728215	0.0	0.0
0.0002124661224910179	0.0	0.0
0.0002090627923947536	0.0	0.0
0.00020546498629298853	0.0	0.0
0.00020186718019122346	0.0	0.0
0.00019797766008120715	0.0	0.0
0.00019408813997119084	0.0	0.0
0.0001900041438556737	0.0	0.0
0.00018582290973740619	0.0	0.0
0.00018154443761638823	0.0	0.0
0.0001771687274926199	0.0	0.0
0.00017259854136335073	0.0	0.0
0.00016802835523408154	0.0	0.0
0.00016326369309931159	0.0	0.0
0.0001584017929617912	0.0	0.0
0.00015344265482152038	0.0	0.0
0.00014838627867849922	0.0	0.0
0.0001432326645327276	0.0	0.0
0.00013788457438145517	0.0	0.0
0.00013253648423018275	0.0	0.0
0.0001270911560761599	0.0	0.0
0.00012164582792213708	0.0	0.0
0.00011600602376261343	0.0	0.0
0.00011026898160033936	0.0	0.0
0.00010453193943806531	0.0	0.0
9.869765927304084e-05	0.0	0.0
9.276614110526598e-05	0.0	0.0
8.68346229374911e-05	0.0	0.0
8.080586676696583e-05	0.0	0.0
7.477711059644054e-05	0.0	0.0
6.865111642316487e-05	0.0	0.0
6.242788424713877e-05	0.0	0.0
5.630189007386308e-05	0.0	0.0
5.007865789783698e-05	0.0	0.0
4.375818771906048e-05	0.0	0.0
3.743771754028398e-05	0.0	0.0
3.111724736150748e-05	0.0	0.0
2.4796777182730973e-05	0.0	0.0
1.847630700395447e-05	0.0	0.0
1.2155836825177967e-05	0.0	0.0
5.835366646401466e-06	0.0	0.0
-3.878655296246291e-07	0.0	0.0
-6.708335708401131e-06	0.0	0.0
-1.2931567884427226e-05	0.0	0.0
-1.9154800060453322e-05	0.0	0.0
-2.5378032236479416e-05	0.0	0.0
-3.15040264097551e-05	0.0	0.0
-3.753278258028038e-05	0.0	0.0
-4.3561538750805664e-05	0.0	0.0
-4.939581891583013e-05	0.0	0.0
-5.5132861078104185e-05	0.0	0.0
-6.077266523762783e-05	0.0	0.0
-6.641246939715148e-05	0.0	0.0
-7.185779755117431e-05	0.0	0.0
-7.710864969969633e-05	0.0	0.0
-8.226226384546794e-05	0.0	0.0
-8.731863998848914e-05	0.0	0.0
-9.208330212325911e-05	0.0	0.0
-9.68479642580291e-05	0.0	0.0
-0.00010122367438179744	0.0	0.0
-0.00010550214650281539	0.0	0.0
-0.00010958614261833251	0.0	0.0
-0.00011357290073109923	0.0	0.0
-0.00011726794483561472	0.0	0.0
-0.0001207685129346294	0.0	0.0
-0.00012407460502814326	0.0	0.0
-0.00012708898311340592	0.0	0.0
-0.00013000612319591815	0.0	0.0
-0.00013253431126742873	0.0	0.0
-0.00013506249933893934	0.0	0.0
-0.00013729897340219872	0.0	0.0
-0.00013924373345720686	0.0	0.0
-0.0001409940175067142	0.0	0.0
-0.00014254982555072073	0.0	0.0
-0.00014391115758922643	0.0	0.0
-0.00014507801362223134	0.0	0.0
-0.000145953155646985	0.0	0.0
-0.00014673105966898824	0.0	0.0
-0.0001472172496827403	0.0	0.0
-0.00014760620169374194	0.0	0.0
-0.00014780067769924274	0.0	0.0
-0.00014780067769924274	0.0	0.0
-0.00014760620169374194	0.0	0.0
-0.0001473144876854907	0.0	0.0
-0.00014682829767173866	0.0	0.0
-0.00014624486965523622	0.0	0.0
-0.0001455642036359834	0.0	0.0
-0.00014468906161122972	0.0	0.0
-0.00014381391958647602	0.0	0.0
-0.00014274430155622155	0.0	0.0
-0.00014167468352596708	0.0	0.0
-0.00014041058949021176	0.0	0.0
-0.00013924373345720686	0.0	0.0
-0.00013788240141870118	0.0	0.0
-0.00013652106938019545	0.0	0.0
-0.00013506249933893934	0.0	0.0
-0.00013370116730043364	0.0	0.0
-0.0001322425972591775	0.0	0.0
-0.0001307840272179214	0.0	0.0
-0.00012922821917391486	0.0	0.0
-0.00012767241112990836	0.0	0.0
-0.00012621384108865225	0.0	0.0
-0.0001247552710473961	0.0	0.0
-0.00012319946300338959	0.0	0.0
-0.00012164365495938306	0.0	0.0
-0.00012018508491812695	0.0	0.0
-0.00011872651487687084	0.0	0.0
-0.00011726794483561472	0.0	0.0
-0.0001158093747943586	0.0	0.0
-0.00011435080475310248	0.0	0.0
-0.00011289223471184637	0.0	0.0
-0.00011153090267334067	0.0	0.0
-0.00011016957063483497	0.0	0.0
-0.00010871100059357884	0.0	0.0
-0.00010734966855507314	0.0	0.0
-0.00010608557451931783	0.0	0.0
-0.0001046270044780617	0.0	0.0
-0.00010336291044230642	0.0	0.0
-0.00010200157840380071	0.0	0.0
-0.00010064024636529501	0.0	0.0
-9.927891432678928e-05	0.0	0.0
-9.782034428553317e-05	0.0	0.0
-9.645901224702747e-05	0.0	0.0
-9.500044220577135e-05	0.0	0.0
-9.354187216451524e-05	0.0	0.0
-9.208330212325911e-05	0.0	0.0
-9.0624732082003e-05	0.0	0.0
-8.906892403799648e-05	0.0	0.0
-8.751311599398995e-05	0.0	0.0
-8.586006994723303e-05	0.0	0.0
-8.42070239004761e-05	0.0	0.0
-8.245673985096876e-05	0.0	0.0
-8.060921779871102e-05	0.0	0.0
-7.876169574645325e-05	0.0	0.0
-7.68169356914451e-05	0.0	0.0
-7.487217563643695e-05	0.0	0.0
-7.28301775786784e-05	0.0	0.0
-7.078817952091983e-05	0.0	0.0
-6.864894346041085e-05	0.0	0.0
-6.641246939715148e-05	0.0	0.0
-6.417599533389209e-05	0.0	0.0
-6.184228326788232e-05	0.0	0.0
-5.950857120187253e-05	0.0	0.0
-5.7077621133112333e-05	0.0	0.0
-5.464667106435214e-05	0.0	0.0
-5.211848299284154e-05	0.0	0.0
-4.9590294921330946e-05	0.0	0.0
-4.686763084431953e-05	0.0	0.0
-4.4242204770058515e-05	0.0	0.0
-4.15195406930471e-05	0.0	0.0
-3.879687661603568e-05	0.0	0.0
-3.597697453627386e-05	0.0	0.0
-3.325431045926244e-05	0.0	0.0
-3.0337170376750212e-05	0.0	0.0
-2.7614506299738795e-05	0.0	0.0
-2.469736621722656e-05	0.0	0.0
-2.1877464137464736e-05	0.0	0.0
-1.88630860522021e-05	0.0	0.0
-1.5945945969689866e-05	0.0	0.0
-1.3028805887177635e-05	0.0	0.0
-1.0111665804665402e-05	0.0	0.0
-7.19452572215317e-06	0.0	0.0
-4.18014763689053e-06	0.0	0.0
-1.3602455571287063e-06	0.0	0.0
1.6541325281339333e-06	0.0	0.0
4.474034607895757e-06	0.0	0.0
7.3911746904079895e-06	0.0	0.0
1.0211076770169814e-05	0.0	0.0
1.3030978849931637e-05	0.0	0.0
1.5850880929693462e-05	0.0	0.0
1.8573545006704876e-05	0.0	0.0
2.1296209083716294e-05	0.0	0.0
2.3921635157977307e-05	0.0	0.0
2.6547061232238313e-05	0.0	0.0
2.917248730649932e-05	0.0	0.0
3.160343737525951e-05	0.0	0.0
3.4131625446770115e-05	0.0	0.0
3.6562575515530306e-05	0.0	0.0
3.88962875815401e-05	0.0	0.0
4.1132761644799474e-05	0.0	0.0
4.3271997705308445e-05	0.0	0.0
4.5411233765817416e-05	0.0	0.0
4.755046982632638e-05	0.0	0.0
4.9495229881334535e-05	0.0	0.0
5.143998993634269e-05	0.0	0.0
5.319027398585003e-05	0.0	0.0
5.5037796038107774e-05	0.0	0.0
5.669084208486471e-05	0.0	0.0
5.8246650128871234e-05	0.0	0.0
5.970522017012735e-05	0.0	0.0
6.116379021138347e-05	0.0	0.0
6.252512224988917e-05	0.0	0.0
6.359474028014365e-05	0.0	0.0
6.476159631314856e-05	0.0	0.0
6.573397634065263e-05	0.0	0.0
6.66091183654063e-05	0.0	0.0
6.738702238740955e-05	0.0	0.0
6.806768840666241e-05	0.0	0.0
6.855387842041446e-05	0.0	0.0
6.894283043141609e-05	0.0	0.0
6.923454443966731e-05	0.0	0.0
6.93317824424177e-05	0.0	0.0
6.93317824424177e-05	0.0	0.0
6.91373064369169e-05	0.0	0.0
6.884559242866568e-05	0.0	0.0
6.845664041766405e-05	0.0	0.0
6.787321240116159e-05	0.0	0.0
6.709530837915834e-05	0.0	0.0
6.622016635440467e-05	0.0	0.0
6.505331032139978e-05	0.0	0.0
6.378921628564447e-05	0.0	0.0
6.233064624438836e-05	0.0	0.0
6.0677600197631425e-05	0.0	0.0
5.9024554150874496e-05	0.0	0.0
5.707979409586634e-05	0.0	0.0
5.494055803535737e-05	0.0	0.0
5.2606845969347584e-05	0.0	0.0
5.007865789783698e-05	0.0	0.0
4.7453231823575975e-05	0.0	0.0
4.463332974381415e-05	0.0	0.0
4.1618951658551516e-05	0.0	0.0
3.841009756778806e-05	0.0	0.0
3.510400547427419e-05	0.0	0.0
3.150619937250911e-05	0.0	0.0
2.7811155267993614e-05	0.0	0.0
2.401887316072771e-05	0.0	0.0
1.9934877045210585e-05	0.0	0.0
1.5753642926943055e-05	0.0	0.0
1.1475170805925115e-05	0.0	0.0
7.002222679406358e-06	0.0	0.0
2.5292745528876025e-06	0.0	0.0
-2.0409115763815603e-06	0.0	0.0
-6.902811713901948e-06	0.0	0.0
-1.1764711851422334e-05	0.0	0.0
-1.6821087994443536e-05	0.0	0.0
-2.1974702140215144e-05	0.0	0.0
-2.7225554288737164e-05	0.0	0.0
-3.247640643725918e-05	0.0	0.0
-3.78244965885316e-05	0.0	0.0
-4.3172586739804033e-05	0.0	0.0
-4.861791489382687e-05	0.0	0.0
-5.4063243047849696e-05	0.0	0.0
-5.960580920462294e-05	0.0	0.0
-6.524561336414659e-05	0.0	0.0
-7.088541752367024e-05	0.0	0.0
-7.66224596859443e-05	0.0	0.0
-8.226226384546794e-05	0.0	0.0
-8.79020680049916e-05	0.0	0.0
-9.344463416176483e-05	0.0	0.0
-9.898720031853808e-05	0.0	0.0
-0.00010452976647531132	0.0	0.0
-0.00010997509462933414	0.0	0.0
-0.00011542042278335698	0.0	0.0
-0.00012086575093737981	0.0	0.0
-0.00012621384108865225	0.0	0.0
-0.00013156193123992465	0.0	0.0
-0.00013681278338844669	0.0	0.0
-0.00014186915953146788	0.0	0.0
-0.00014682829767173866	0.0	0.0
-0.00015178743581200946	0.0	0.0
-0.00015655209794677945	0.0	0.0
-0.00016121952207879902	0.0	0.0
-0.0001658869462108186	0.0	0.0
-0.00017035989433733734	0.0	0.0
-0.00017483284246385612	0.0	0.0
-0.00017911131458487405	0.0	0.0
-0.00018329254870314156	0.0	0.0
-0.00018727930681590829	0.0	0.0
-0.00019107158892317418	0.0	0.0
-0.00019486387103044008	0.0	0.0
-0.00019855891513495557	0.0	0.0
-0.00020205948323397027	0.0	0.0
-0.00020546281333023452	0.0	0.0
-0.00020876890542374842	0.0	0.0
-0.00021188052151176147	0.0	0.0
-0.0002149921375997745	0.0	0.0
-0.00021790927768228671	0.0	0.0
-0.00022063194175929815	0.0	0.0
-0.00022325736783355916	0.0	0.0
-0.00022578555590506975	0.0	0.0
-0.00022821650597382994	0.0	0.0
-0.00023045298003708932	0.0	0.0
-0.00023259221609759828	0.0	0.0
-0.00023463421415535686	0.0	0.0
-0.00023667621221311542	0.0	0.0
-0.00023842649626262276	0.0	0.0
-0.00024017678031213008	0.0	0.0
-0.00024173258835613663	0.0	0.0
-0.00024319115839739272	0.0	0.0
-0.0002445524904358984	0.0	0.0
-0.00024581658447165374	0.0	0.0
-0.00024688620250190823	0.0	0.0
-0.0002479558205321627	0.0	0.0
-0.0002489282005596668	0.0	0.0
-0.0002497061045816701	0.0	0.0
-0.00025038677060092293	0.0	0.0
-0.0002509701986174254	0.0	0.0
-0.00025145638863117737	0.0	0.0
-0.000251845340642179	0.0	0.0
-0.00025203981664767984	0.0	0.0
-0.00025223429265318066	0.0	0.0
-0.00025223429265318066	0.0	0.0
-0.0002521370546504302	0.0	0.0
-0.0002519425786449294	0.0	0.0
-0.0002516508646366782	0.0	0.0
-0.0002512619126256766	0.0	0.0
-0.00025077572261192457	0.0	0.0
-0.00025009505659267167	0.0	0.0
-0.00024931715257066843	0.0	0.0
-0.00024853924854866514	0.0	0.0
-0.0002475668685211611	0.0	0.0
-0.0002464972504909066	0.0	0.0
-0.00024523315645515127	0.0	0.0
-0.000243969062419396	0.0	0.0
-0.00024251049237813987	0.0	0.0
-0.00024095468433413337	0.0	0.0
-0.00023939887629012682	0.0	0.0
-0.0002376485922406195	0.0	0.0
-0.00023580107018836174	0.0	0.0
-0.0002338563101333536	0.0	0.0
-0.0002317170740728446	0.0	0.0
-0.00022957783801233565	0.0	0.0
-0.0002273413639490763	0.0	0.0
-0.00022500765188306648	0.0	0.0
-0.0002224794638115559	0.0	0.0
-0.0002199512757400453	0.0	0.0
-0.00021732584966578427	0.0	0.0
-0.00021460318558877287	0.0	0.0
-0.00021178328350901106	0.0	0.0
-0.00020896338142924924	0.0	0.0
-0.000206046241346737	0.0	0.0
-0.00020303186326147435	0.0	0.0
-0.0002000174851762117	0.0	0.0
-0.00019690586908819866	0.0	0.0
-0.00019379425300018562	0.0	0.0
-0.00019058539890942213	0.0	0.0
-0.0001873765448186587	0.0	0.0
-0.00018416769072789524	0.0	0.0
-0.00018086159863438137	0.0	0.0
-0.00017765274454361793	0.0	0.0
-0.00017434665245010406	0.0	0.0
-0.0001711377983593406	0.0	0.0
-0.00016783170626582676	0.0	0.0
-0.0001646228521750633	0.0	0.0
-0.0001614139980842998	0.0	0.0
-0.00015820514399353638	0.0	0.0
-0.00015509352790552333	0.0	0.0
-0.00015188467381475987	0.0	0.0
-0.00014877305772674682	0.0	0.0
-0.0001456614416387338	0.0	0.0
-0.00014264706355347114	0.0	0.0
-0.0001397299234709589	0.0	0.0
-0.00013671554538569628	0.0	0.0
-0.00013379840530318405	0.0	0.0
-0.00013088126522067182	0.0	0.0
-0.00012806136314090998	0.0	0.0
-0.00012524146106114817	0.0	0.0
-0.00012251879698413673	0.0	0.0
-0.00011979613290712532	0.0	0.0
-0.00011707346883011391	0.0	0.0
-0.00011435080475310248	0.0	0.0
-0.0001118226166815919	0.0	0.0
-0.00010909995260458047	0.0	0.0
-0.00010647452653031948	0.0	0.0
-0.00010384910045605846	0.0	0.0
-0.00010122367438179744	0.0	0.0
-9.859824830753645e-05	0.0	0.0
-9.597282223327543e-05	0.0	0.0
-9.334739615901443e-05	0.0	0.0
-9.072197008475341e-05	0.0	0.0
-8.799930600774198e-05	0.0	0.0
-8.527664193073058e-05	0.0	0.0
-8.255397785371916e-05	0.0	0.0
-7.973407577395733e-05	0.0	0.0
-7.68169356914451e-05	0.0	0.0
-7.399703361168328e-05	0.0	0.0
-7.098265552642064e-05	0.0	0.0
-6.7968277441158e-05	0.0	0.0
-6.495389935589537e-05	0.0	0.0
-6.17450452651319e-05	0.0	0.0
-5.853619117436845e-05	0.0	0.0
-5.5230099080854596e-05	0.0	0.0
-5.1924006987340725e-05	0.0	0.0
-4.852067689107646e-05	0.0	0.0
-4.511734679481218e-05	0.0	0.0
-4.161677869579751e-05	0.0	0.0
-3.801897259403242e-05	0.0	0.0
-3.4421166492267335e-05	0.0	0.0
-3.0726122387751846e-05	0.0	0.0
-2.7031078283236348e-05	0.0	0.0
-2.3238796175970445e-05	0.0	0.0
-1.9446514068704542e-05	0.0	0.0
-1.5556993958688235e-05	0.0	0.0
-1.1764711851422334e-05	0.0	0.0
-7.777953738655617e-06	0.0	0.0
-3.888433628639308e-06	0.0	0.0
9.832448412740954e-08	0.0	0.0
4.085082596894126e-06	0.0	0.0
8.071840709660845e-06	0.0	0.0
1.2058598822427561e-05	0.0	0.0
1.6142594937944682e-05	0.0	0.0
2.0032115047960996e-05	0.0	0.0
2.411611116347812e-05	0.0	0.0
2.8102869276244837e-05	0.0	0.0
3.228410339451237e-05	0.0	0.0
3.6270861507279086e-05	0.0	0.0
4.035485762279621e-05	0.0	0.0
4.434161573556293e-05	0.0	0.0
4.842561185108005e-05	0.0	0.0
5.241236996384677e-05	0.0	0.0
5.639912807661349e-05	0.0	0.0
6.03858861893802e-05	0.0	0.0
6.446988230489732e-05	0.0	0.0
6.845664041766405e-05	0.0	0.0
7.244339853043077e-05	0.0	0.0
7.643015664319748e-05	0.0	0.0
8.04169147559642e-05	0.0	0.0
8.430643486598051e-05	0.0	0.0
8.819595497599682e-05	0.0	0.0
9.208547508601313e-05	0.0	0.0
9.597499519602944e-05	0.0	0.0
9.986451530604575e-05	0.0	0.0
0.00010365679741331165	0.0	0.0
0.00010744907952057755	0.0	0.0
0.00011124136162784345	0.0	0.0
0.00011493640573235895	0.0	0.0
0.00011863144983687444	0.0	0.0
0.00012232649394138993	0.0	0.0
0.00012592430004315503	0.0	0.0
0.0001295221061449201	0.0	0.0
0.00013302267424393477	0.0	0.0
0.00013652324234294947	0.0	0.0
0.00014002381044196413	0.0	0.0
0.00014342714053822841	0.0	0.0
0.00014683047063449267	0.0	0.0
0.00015013656272800654	0.0	0.0
0.00015334541681876997	0.0	0.0
0.00015645703290678305	0.0	0.0
0.0001596658869975465	0.0	0.0
0.00016277750308555956	0.0	0.0
0.0001657918811708222	0.0	0.0
0.00016880625925608483	0.0	0.0
0.00017162616133584665	0.0	0.0
0.0001745433014183589	0.0	0.0
0.0001771687274926199	0.0	0.0
0.0001798913915696313	0.0	0.0
0.00018251681764389232	0.0	0.0
0.00018504500571540292	0.0	0.0
0.0001874759557841631	0.0	0.0
0.0001898096678501729	0.0	0.0
0.00019204614191343228	0.0	0.0
0.00019418537797394122	0.0	0.0
0.0001962273760316998	0.0	0.0
0.00019817213608670794	0.0	0.0
0.0002000196581389657	0.0	0.0
0.00020176994218847305	0.0	0.0
0.00020342298823522998	0.0	0.0
0.00020497879627923648	0.0	0.0
0.0002063401283177422	0.0	0.0
0.00020760422235349753	0.0	0.0
0.0002088683163892528	0.0	0.0
0.00020984069641675687	0.0	0.0
0.00021081307644426096	0.0	0.0
0.00021159098046626425	0.0	0.0
0.00021227164648551707	0.0	0.0
0.0002128550745020195	0.0	0.0
0.00021334126451577157	0.0	0.0
0.00021373021652677318	0.0	0.0
0.00021402193053502442	0.0	0.0
0.00021411916853777483	0.0	0.0
0.00021411916853777483	0.0	0.0
0.00021402193053502442	0.0	0.0
0.000213924692532274	0.0	0.0
0.0002136329785240228	0.0	0.0
0.00021324402651302116	0.0	0.0
0.0002128550745020195	0.0	0.0
0.00021236888448826748	0.0	0.0
0.00021168821846901466	0.0	0.0
0.00021100755244976178	0.0	0.0
0.00021022964842775852	0.0	0.0
0.00020945174440575526	0.0	0.0
0.00020857660238100158	0.0	0.0
0.00020750698435074711	0.0	0.0
0.00020643736632049262	0.0	0.0
0.00020536774829023812	0.0	0.0
0.00020429813025998365	0.0	0.0
0.00020303403622422834	0.0	0.0
0.00020167270418572263	0.0	0.0
0.00020040861014996734	0.0	0.0
0.00019895004010871123	0.0	0.0
0.0001974914700674551	0.0	0.0
0.0001959356620234486	0.0	0.0
0.00019437985397944204	0.0	0.0
0.00019282404593543555	0.0	0.0
0.0001911709998886786	0.0	0.0
0.00018942071583917126	0.0	0.0
0.00018767043178966392	0.0	0.0
0.00018582290973740619	0.0	0.0
0.00018387814968239802	0.0	0.0
0.00018193338962738988	0.0	0.0
0.0001799886295723817	0.0	0.0
0.00017794663151462315	0.0	0.0
0.00017580739545411416	0.0	0.0
0.00017366815939360523	0.0	0.0
0.00017152892333309623	0.0	0.0
0.00016919521126708645	0.0	0.0
0.00016695873720382707	0.0	0.0
0.0001646250251378173	0.0	0.0
0.0001621940750690571	0.0	0.0
0.00015976312500029692	0.0	0.0
0.0001573321749315367	0.0	0.0
0.0001548039868600261	0.0	0.0
0.00015217856078576512	0.0	0.0
0.00014955313471150407	0.0	0.0
0.00014692770863724308	0.0	0.0
0.00014420504456023168	0.0	0.0
0.00014157961848597066	0.0	0.0
0.00013875971640620882	0.0	0.0
0.0001360370523291974	0.0	0.0
0.0001332171502494356	0.0	0.0
0.0001304944861724242	0.0	0.0
0.00012757734608991194	0.0	0.0
0.00012475744401015012	0.0	0.0
0.0001218403039276379	0.0	0.0
0.00011892316384512566	0.0	0.0
0.00011610326176536383	0.0	0.0
0.0001131861216828516	0.0	0.0
0.00011026898160033936	0.0	0.0
0.00010744907952057755	0.0	0.0
0.00010453193943806531	0.0	0.0
0.00010161479935555308	0.0	0.0
9.869765927304084e-05	0.0	0.0
9.578051919052862e-05	0.0	0.0
9.29606171107668e-05	0.0	0.0
9.014071503100497e-05	0.0	0.0
8.722357494849275e-05	0.0	0.0
8.44036728687309e-05	0.0	0.0
8.16810087917195e-05	0.0	0.0
7.886110671195767e-05	0.0	0.0
7.604120463219586e-05	0.0	0.0
7.322130255243402e-05	0.0	0.0
7.049863847542261e-05	0.0	0.0
6.77759743984112e-05	0.0	0.0
6.505331032139978e-05	0.0	0.0
6.233064624438836e-05	0.0	0.0
5.970522017012735e-05	0.0	0.0
5.717703209861675e-05	0.0	0.0
5.455160602435574e-05	0.0	0.0
5.1926179950094726e-05	0.0	0.0
4.930075387583372e-05	0.0	0.0
4.677256580432312e-05	0.0	0.0
4.424437773281252e-05	0.0	0.0
4.1813427664052325e-05	0.0	0.0
3.928523959254172e-05	0.0	0.0
3.675705152103113e-05	0.0	0.0
3.432610145227094e-05	0.0	0.0
3.189515138351074e-05	0.0	0.0
2.956143931750095e-05	0.0	0.0
2.713048924874076e-05	0.0	0.0
2.4796777182730973e-05	0.0	0.0
2.246306511672119e-05	0.0	0.0
2.0226591053461812e-05	0.0	0.0
1.7892878987452025e-05	0.0	0.0
1.555916692144224e-05	0.0	0.0
1.332269285818286e-05	0.0	0.0
1.0988980792173076e-05	0.0	0.0
8.849744731664105e-06	0.0	0.0
6.710508671155135e-06	0.0	0.0
4.474034607895757e-06	0.0	0.0
2.432036550137195e-06	0.0	0.0
3.9003849237863273e-07	0.0	0.0
-1.6519595653799296e-06	0.0	0.0
-3.7911956258888996e-06	0.0	0.0
-5.7359556808970544e-06	0.0	0.0
-7.680715735905208e-06	0.0	0.0
-9.625475790913365e-06	0.0	0.0
-1.1570235845921519e-05	0.0	0.0
-1.3417757898179264e-05	0.0	0.0
-1.5265279950437012e-05	0.0	0.0
-1.6918325997193944e-05	0.0	0.0
-1.8668610046701284e-05	0.0	0.0
-2.041889409620862e-05	0.0	0.0
-2.2169178145715963e-05	0.0	0.0
-2.3822224192472892e-05	0.0	0.0
-2.5378032236479416e-05	0.0	0.0
-2.7031078283236348e-05	0.0	0.0
-2.8586886327242872e-05	0.0	0.0
-3.0142694371249393e-05	0.0	0.0
-3.160126441250551e-05	0.0	0.0
-3.305983445376163e-05	0.0	0.0
-3.4518404495017746e-05	0.0	0.0
-3.597697453627386e-05	0.0	0.0
-3.733830657477957e-05	0.0	0.0
-3.879687661603568e-05	0.0	0.0
-4.0060970651790985e-05	0.0	0.0
-4.142230269029669e-05	0.0	0.0
-4.27836347288024e-05	0.0	0.0
-4.404772876455771e-05	0.0	0.0
-4.5311822800313e-05	0.0	0.0
-4.667315483881871e-05	0.0	0.0
-4.793724887457401e-05	0.0	0.0
-4.920134291032931e-05	0.0	0.0
-5.036819894333421e-05	0.0	0.0
-5.16322929790895e-05	0.0	0.0
-5.27991490120944e-05	0.0	0.0
-5.4063243047849696e-05	0.0	0.0
-5.5230099080854596e-05	0.0	0.0
-5.639695511385948e-05	0.0	0.0
-5.7563811146864376e-05	0.0	0.0
-5.873066717986927e-05	0.0	0.0
-5.980028521012376e-05	0.0	0.0
-6.0967141243128644e-05	0.0	0.0
-6.203675927338314e-05	0.0	0.0
-6.310637730363762e-05	0.0	0.0
-6.417599533389209e-05	0.0	0.0
-6.514837536139617e-05	0.0	0.0
-6.621799339165066e-05	0.0	0.0
-6.719037341915474e-05	0.0	0.0
-6.816275344665881e-05	0.0	0.0
-6.903789547141249e-05	0.0	0.0
-7.001027549891656e-05	0.0	0.0
-7.078817952091983e-05	0.0	0.0
-7.166332154567349e-05	0.0	0.0
-7.244122556767675e-05	0.0	0.0
-7.321912958968003e-05	0.0	0.0
-7.399703361168328e-05	0.0	0.0
-7.467769963093614e-05	0.0	0.0
-7.535836565018898e-05	0.0	0.0
-7.603903166944184e-05	0.0	0.0
-7.652522168319389e-05	0.0	0.0
-7.701141169694591e-05	0.0	0.0
-7.749760171069796e-05	0.0	0.0
-7.798379172445e-05	0.0	0.0
-7.837274373545163e-05	0.0	0.0
-7.876169574645325e-05	0.0	0.0
-7.915064775745489e-05	0.0	0.0
-7.944236176570611e-05	0.0	0.0
-7.963683777120693e-05	0.0	0.0
-7.973407577395733e-05	0.0	0.0
-7.983131377670774e-05	0.0	0.0
-7.992855177945815e-05	0.0	0.0
-7.992855177945815e-05	0.0	0.0
-7.992855177945815e-05	0.0	0.0
-7.973407577395733e-05	0.0	0.0
-7.963683777120693e-05	0.0	0.0
-7.944236176570611e-05	0.0	0.0
-7.915064775745489e-05	0.0	0.0
-7.876169574645325e-05	0.0	0.0
-7.837274373545163e-05	0.0	0.0
-7.788655372169959e-05	0.0	0.0
-7.749760171069796e-05	0.0	0.0
-7.691417369419552e-05	0.0	0.0
-7.633074567769306e-05	0.0	0.0
-7.565007965844021e-05	0.0	0.0
-7.496941363918736e-05	0.0	0.0
-7.41915096171841e-05	0.0	0.0
-7.331636759243043e-05	0.0	0.0
-7.244122556767675e-05	0.0	0.0
-7.146884554017267e-05	0.0	0.0
-7.04964655126686e-05	0.0	0.0
-6.952408548516451e-05	0.0	0.0
-6.835722945215963e-05	0.0	0.0
-6.728761142190515e-05	0.0	0.0
-6.612075538890025e-05	0.0	0.0
-6.475942335039454e-05	0.0	0.0
-6.349532931463925e-05	0.0	0.0
-6.223123527888395e-05	0.0	0.0
-6.086990324037823e-05	0.0	0.0
-5.941133319912212e-05	0.0	0.0
-5.805000116061641e-05	0.0	0.0
-5.65914311193603e-05	0.0	0.0
-5.5132861078104185e-05	0.0	0.0
-5.3577053034097654e-05	0.0	0.0
-5.2021244990091137e-05	0.0	0.0
-5.036819894333421e-05	0.0	0.0
-4.881239089932768e-05	0.0	0.0
-4.715934485257075e-05	0.0	0.0
-4.5603536808564224e-05	0.0	0.0
-4.3950490761807296e-05	0.0	0.0
-4.2394682717800765e-05	0.0	0.0
-4.0741636671043836e-05	0.0	0.0
-3.908859062428691e-05	0.0	0.0
-3.753278258028038e-05	0.0	0.0
-3.587973653352345e-05	0.0	0.0
-3.422669048676652e-05	0.0	0.0
-3.2670882442759995e-05	0.0	0.0
-3.1017836396003066e-05	0.0	0.0
-2.9462028351996542e-05	0.0	0.0
-2.7906220307990018e-05	0.0	0.0
-2.6350412263983494e-05	0.0	0.0
-2.479460421997697e-05	0.0	0.0
-2.3336034178720853e-05	0.0	0.0
-2.1877464137464736e-05	0.0	0.0
-2.0321656093458216e-05	0.0	0.0
-1.8960324054952507e-05	0.0	0.0
-1.7598992016446795e-05	0.0	0.0
-1.623765997794109e-05	0.0	0.0
-1.4779089936684973e-05	0.0	0.0
-1.3417757898179264e-05	0.0	0.0
-1.2056425859673557e-05	0.0	0.0
-1.0792331823918256e-05	0.0	0.0
-9.430999785412548e-06	0.0	0.0
-8.166905749657249e-06	0.0	0.0
-7.000049716652355e-06	0.0	0.0
-5.7359556808970544e-06	0.0	0.0
-4.471861645141754e-06	0.0	0.0
-3.305005612136861e-06	0.0	0.0
-2.0409115763815603e-06	0.0	0.0
-8.740555433766678e-07	0.0	0.0
2.92800489628225e-07	0.0	0.0
1.4596565226331178e-06	0.0	0.0
2.6265125556380107e-06	0.0	0.0
3.7933685886429035e-06	0.0	0.0
4.862986618897388e-06	0.0	0.0
6.029842651902281e-06	0.0	0.0
7.196698684907174e-06	0.0	0.0
8.266316715161658e-06	0.0	0.0
9.433172748166552e-06	0.0	0.0
1.0502790778421037e-05	0.0	0.0
1.1669646811425929e-05	0.0	0.0
1.2739264841680416e-05	0.0	0.0
1.38088828719349e-05	0.0	0.0
1.4975738904939793e-05	0.0	0.0
1.6045356935194278e-05	0.0	0.0
1.711497496544876e-05	0.0	0.0
1.818459299570325e-05	0.0	0.0
1.9254211025957734e-05	0.0	0.0
2.0323829056212216e-05	0.0	0.0
2.13934470864667e-05	0.0	0.0
2.246306511672119e-05	0.0	0.0
2.3435445144225268e-05	0.0	0.0
2.450506317447975e-05	0.0	0.0
2.5477443201983828e-05	0.0	0.0
2.6449823229487905e-05	0.0	0.0
2.751944125974239e-05	0.0	0.0
2.839458328449606e-05	0.0	0.0
2.9464201314750546e-05	0.0	0.0
3.0339343339504216e-05	0.0	0.0
3.1311723367008293e-05	0.0	0.0
3.218686539176196e-05	0.0	0.0
3.306200741651563e-05	0.0	0.0
3.39371494412693e-05	0.0	0.0
3.481229146602297e-05	0.0	0.0
3.559019548802623e-05	0.0	0.0
3.636809951002949e-05	0.0	0.0
3.704876552928235e-05	0.0	0.0
3.782666955128561e-05	0.0	0.0
3.850733557053846e-05	0.0	0.0
3.918800158979132e-05	0.0	0.0
3.986866760904418e-05	0.0	0.0
4.035485762279621e-05	0.0	0.0
4.103552364204906e-05	0.0	0.0
4.1521713655801105e-05	0.0	0.0
4.200790366955314e-05	0.0	0.0
4.239685568055477e-05	0.0	0.0
4.27858076915564e-05	0.0	0.0
4.3271997705308445e-05	0.0	0.0
4.356371171355967e-05	0.0	0.0
4.3855425721810885e-05	0.0	0.0
4.414713973006211e-05	0.0	0.0
4.434161573556293e-05	0.0	0.0
4.453609174106374e-05	0.0	0.0
4.473056774656456e-05	0.0	0.0
4.482780574931496e-05	0.0	0.0
4.4925043752065374e-05	0.0	0.0
4.5022281754815785e-05	0.0	0.0
4.5022281754815785e-05	0.0	0.0
4.5022281754815785e-05	0.0	0.0
4.4925043752065374e-05	0.0	0.0
4.4925043752065374e-05	0.0	0.0
4.473056774656456e-05	0.0	0.0
4.463332974381415e-05	0.0	0.0
4.453609174106374e-05	0.0	0.0
4.434161573556293e-05	0.0	0.0
4.414713973006211e-05	0.0	0.0
4.3952663724561296e-05	0.0	0.0
4.366094971631007e-05	0.0	0.0
4.336923570805885e-05	0.0	0.0
4.307752169980763e-05	0.0	0.0
4.27858076915564e-05	0.0	0.0
4.249409368330518e-05	0.0	0.0
4.210514167230355e-05	0.0	0.0
4.1813427664052325e-05	0.0	0.0
4.1424475653050694e-05	0.0	0.0
4.1132761644799474e-05	0.0	0.0
4.074380963379784e-05	0.0	0.0
4.0452095625546616e-05	0.0	0.0
4.0063143614544985e-05	0.0	0.0
3.957695360079295e-05	0.0	0.0
3.918800158979132e-05	0.0	0.0
3.879904957878969e-05	0.0	0.0
3.841009756778806e-05	0.0	0.0
3.8021145556786426e-05	0.0	0.0
3.7632193545784795e-05	0.0	0.0
3.734047953753357e-05	0.0	0.0
3.6951527526531944e-05	0.0	0.0
3.6562575515530306e-05	0.0	0.0
3.607638550177827e-05	0.0	0.0
3.568743349077664e-05	0.0	0.0
3.529848147977501e-05	0.0	0.0
3.490952946877338e-05	0.0	0.0
3.461781546052215e-05	0.0	0.0
3.4228863449520526e-05	0.0	0.0
3.3839911438518895e-05	0.0	0.0
3.354819743026767e-05	0.0	0.0
3.315924541926604e-05	0.0	0.0
3.2770293408264407e-05	0.0	0.0
3.238134139726278e-05	0.0	0.0
3.1992389386261144e-05	0.0	0.0
3.170067537800992e-05	0.0	0.0
3.1311723367008293e-05	0.0	0.0
3.092277135600666e-05	0.0	0.0
3.0631057347755436e-05	0.0	0.0
3.0339343339504216e-05	0.0	0.0
2.9950391328502585e-05	0.0	0.0
2.9658677320251358e-05	0.0	0.0
2.926972530924973e-05	0.0	0.0
2.88807732982481e-05	0.0	0.0
2.8589059289996873e-05	0.0	0.0
2.820010727899524e-05	0.0	0.0
2.7908393270744022e-05	0.0	0.0
2.76166792624928e-05	0.0	0.0
2.7227727251491164e-05	0.0	0.0
2.6936013243239944e-05	0.0	0.0
2.6547061232238313e-05	0.0	0.0
2.625534722398709e-05	0.0	0.0
2.586639521298546e-05	0.0	0.0
2.5574681204734235e-05	0.0	0.0
2.5282967196483012e-05	0.0	0.0
2.4894015185481384e-05	0.0	0.0
2.4602301177230158e-05	0.0	0.0
2.4213349166228527e-05	0.0	0.0
2.3921635157977307e-05	0.0	0.0
2.3532683146975672e-05	0.0	0.0
2.324096913872445e-05	0.0	0.0
2.2852017127722818e-05	0.0	0.0
2.246306511672119e-05	0.0	0.0
2.207411310571956e-05	0.0	0.0
2.1782399097468333e-05	0.0	0.0
2.1296209083716294e-05	0.0	0.0
2.1004495075465074e-05	0.0	0.0
2.0615543064463443e-05	0.0	0.0
2.0129353050711404e-05	0.0	0.0
1.9837639042460177e-05	0.0	0.0
1.9448687031458546e-05	0.0	0.0
1.9059735020456915e-05	0.0	0.0
1.8670783009455288e-05	0.0	0.0
1.8281830998453656e-05	0.0	0.0
1.7892878987452025e-05	0.0	0.0
1.750392697645039e-05	0.0	0.0
1.711497496544876e-05	0.0	0.0
1.662878495169672e-05	0.0	0.0
1.6239832940695093e-05	0.0	0.0
1.5850880929693462e-05	0.0	0.0
1.5364690915941424e-05	0.0	0.0
1.50729769076902e-05	0.0	0.0
1.468402489668857e-05	0.0	0.0
1.4295072885686938e-05	0.0	0.0
1.3906120874685309e-05	0.0	0.0
1.341993086093327e-05	0.0	0.0
1.3030978849931637e-05	0.0	0.0
1.2544788836179598e-05	0.0	0.0
1.2155836825177967e-05	0.0	0.0
1.1669646811425929e-05	0.0	0.0
1.12806948004243e-05	0.0	0.0
1.0891742789422668e-05	0.0	0.0
1.0600028781171445e-05	0.0	0.0
1.0211076770169814e-05	0.0	0.0
9.822124759168183e-06	0.0	0.0
9.335934745416144e-06	0.0	0.0
8.946982734414513e-06	0.0	0.0
8.460792720662474e-06	0.0	0.0
8.071840709660845e-06	0.0	0.0
7.682888698659214e-06	0.0	0.0
7.293936687657582e-06	0.0	0.0
7.002222679406358e-06	0.0	0.0
6.613270668404727e-06	0.0	0.0
6.224318657403097e-06	0.0	0.0
5.835366646401466e-06	0.0	0.0
5.446414635399834e-06	0.0	0.0
5.057462624398204e-06	0.0	0.0
4.668510613396573e-06	0.0	0.0
4.279558602394943e-06	0.0	0.0
3.890606591393311e-06	0.0	0.0
3.598892583142088e-06	0.0	0.0
3.2099405721404573e-06	0.0	0.0
2.918226563889234e-06	0.0	0.0
2.5292745528876025e-06	0.0	0.0
2.2375605446363797e-06	0.0	0.0
1.8486085336347486e-06	0.0	0.0
1.5568945253835255e-06	0.0	0.0
1.2651805171323024e-06	0.0	0.0
8.762285061306714e-07	0.0	0.0
5.845144978794482e-07	0.0	0.0
2.92800489628225e-07	0.0	0.0
-9.615152137340592e-08	0.0	0.0
-3.878655296246291e-07	0.0	0.0
-6.795795378758523e-07	0.0	0.0
-8.740555433766678e-07	0.0	0.0
-1.165769551627891e-06	0.0	0.0
-1.3602455571287063e-06	0.0	0.0
-1.554721562629522e-06	0.0	0.0
-1.8464355708807452e-06	0.0	0.0
-2.0409115763815603e-06	0.0	0.0
-2.3326255846327836e-06	0.0	0.0
-2.527101590133599e-06	0.0	0.0
-2.721577595634415e-06	0.0	0.0
-2.91605360113523e-06	0.0	0.0
-3.1105296066360457e-06	0.0	0.0
-3.305005612136861e-06	0.0	0.0
-3.402243614887269e-06	0.0	0.0
-3.596719620388084e-06	0.0	0.0
-3.6939576231384922e-06	0.0	0.0
-3.888433628639308e-06	0.0	0.0
-3.9856716313897155e-06	0.0	0.0
-4.082909634140123e-06	0.0	0.0
-4.18014763689053e-06	0.0	0.0
-4.277385639640938e-06	0.0	0.0
-4.374623642391346e-06	0.0	0.0
-4.471861645141754e-06	0.0	0.0
-4.569099647892162e-06	0.0	0.0
-4.666337650642569e-06	0.0	0.0
-4.666337650642569e-06	0.0	0.0
-4.666337650642569e-06	0.0	0.0
-4.763575653392977e-06	0.0	0.0
-4.763575653392977e-06	0.0	0.0
-4.763575653392977e-06	0.0	0.0
-4.8608136561433846e-06	0.0	0.0
-4.8608136561433846e-06	0.0	0.0
-4.8608136561433846e-06	0.0	0.0
-4.8608136561433846e-06	0.0	0.0
-4.8608136561433846e-06	0.0	0.0
-4.8608136561433846e-06	0.0	0.0
-4.8608136561433846e-06	0.0	0.0
-4.763575653392977e-06	0.0	0.0
-4.763575653392977e-06	0.0	0.0
-4.763575653392977e-06	0.0	0.0
-4.763575653392977e-06	0.0	0.0
-4.666337650642569e-06	0.0	0.0
-4.666337650642569e-06	0.0	0.0
-4.569099647892162e-06	0.0	0.0
-4.569099647892162e-06	0.0	0.0
-4.471861645141754e-06	0.0	0.0
-4.374623642391346e-06	0.0	0.0
-4.374623642391346e-06	0.0	0.0
-4.277385639640938e-06	0.0	0.0
-4.18014763689053e-06	0.0	0.0
-4.18014763689053e-06	0.0	0.0
-4.082909634140123e-06	0.0	0.0
-3.9856716313897155e-06	0.0	0.0
-3.9856716313897155e-06	0.0	0.0
-3.888433628639308e-06	0.0	0.0
-3.6939576231384922e-06	0.0	0.0
-3.596719620388084e-06	0.0	0.0
-3.4994816176376763e-06	0.0	0.0
-3.4994816176376763e-06	0.0	0.0
-3.402243614887269e-06	0.0	0.0
-3.305005612136861e-06	0.0	0.0
-3.2077676093864534e-06	0.0	0.0
-3.1105296066360457e-06	0.0	0.0
-3.013291603885638e-06	0.0	0.0
-2.91605360113523e-06	0.0	0.0
-2.8188155983848224e-06	0.0	0.0
-2.721577595634415e-06	0.0	0.0
-2.624339592884007e-06	0.0	0.0
-2.527101590133599e-06	0.0	0.0
-2.4298635873831917e-06	0.0	0.0
-2.3326255846327836e-06	0.0	0.0
-2.235387581882376e-06	0.0	0.0
-2.1381495791319684e-06	0.0	0.0
-1.943673573631153e-06	0.0	0.0
-1.8464355708807452e-06	0.0	0.0
-1.7491975681303374e-06	0.0	0.0
-1.6519595653799296e-06	0.0	0.0
-1.6519595653799296e-06	0.0	0.0
-1.554721562629522e-06	0.0	0.0
-1.457483559879114e-06	0.0	0.0
-1.3602455571287063e-06	0.0	0.0
-1.2630075543782988e-06	0.0	0.0
-1.165769551627891e-06	0.0	0.0
-1.0685315488774833e-06	0.0	0.0
-9.712935461270755e-07	0.0	0.0
-9.712935461270755e-07	0.0	0.0
-8.740555433766678e-07	0.0	0.0
-8.740555433766678e-07	0.0	0.0
-7.768175406262601e-07	0.0	0.0
-6.795795378758523e-07	0.0	0.0
-5.823415351254446e-07	0.0	0.0
-5.823415351254446e-07	0.0	0.0
-4.851035323750368e-07	0.0	0.0
-4.851035323750368e-07	0.0	0.0
-4.851035323750368e-07	0.0	0.0
-3.878655296246291e-07	0.0	0.0
-3.878655296246291e-07	0.0	0.0
-2.906275268742214e-07	0.0	0.0
-2.906275268742214e-07	0.0	0.0
-1.9338952412381367e-07	0.0	0.0
-1.9338952412381367e-07	0.0	0.0
-1.9338952412381367e-07	0.0	0.0
-1.9338952412381367e-07	0.0	0.0
-1.9338952412381367e-07	0.0	0.0
-9.615152137340592e-08	0.0	0.0
-9.615152137340592e-08	0.0	0.0
-9.615152137340592e-08	0.0	0.0
-9.615152137340592e-08	0.0	0.0
-9.615152137340592e-08	0.0	0.0
1.0864813770018133e-09	0.0	0.0
1.0864813770018133e-09	0.0	0.0
1.0864813770018133e-09	0.0	0.0
1.0864813770018133e-09	0.0	0.0
1.0864813770018133e-09	0.0	0.0
1.0864813770018133e-09	0.0	0.0
1.0864813770018133e-09	0.0	0.0
1.0864813770018133e-09	0.0	0.0
9.832448412740954e-08	0.0	0.0
9.832448412740954e-08	0.0	0.0
9.832448412740954e-08	0.0	0.0
9.832448412740954e-08	0.0	0.0
9.832448412740954e-08	0.0	0.0
9.832448412740954e-08	0.0	0.0
