LNEC Test File eXtractor

File: jiji_2.DRV

Created in: 2026-04-27 17:42:24.335843

Number of channels: 3

Name:	DispT	DispL	DispV
Type:	Displacement	Displacement	Displacement
Unit:	m	m	m
No. of Samples:	12001	12001	12001
Time step [s]:	0.005	0.005	0.005
Trigger date:	1970-01-01	1970-01-01	1970-01-01
Trigger time:	00:00:00.000000	00:00:00.000000	00:00:00.000000
Duration [s]:	60.0	60.0	60.0
Data:
DispT	DispL	DispV
-2.4825363579015116e-06	-1.3242649960055088e-05	0.0
-4.488572099506188e-06	-1.7255443977365455e-05	0.0
-7.386179281824053e-06	-2.2552332080215143e-05	0.0
-9.838000743785324e-06	-2.817024370444966e-05	0.0
-1.1398250765033408e-05	-3.330662004660693e-05	0.0
-1.2289822205746596e-05	-3.7319414063917295e-05	0.0
-1.273560792610319e-05	-4.069016103845801e-05	0.0
-1.3181393646459785e-05	-4.341886097022906e-05	0.0
-1.4072965087172975e-05	-4.646858442338494e-05	0.0
-1.518742938806446e-05	-5.016035491931048e-05	0.0
-1.7193465129669138e-05	-5.433366069731326e-05	0.0
-1.9199500871273815e-05	-5.9149013518085704e-05	0.0
-2.0982643752700195e-05	-6.380385457816573e-05	0.0
-2.2320000913769975e-05	-6.797716035616852e-05	0.0
-2.321157235448317e-05	-7.150841909140164e-05	0.0
-2.3657358074839762e-05	-7.471865430524994e-05	0.0
-2.4548929515552953e-05	-7.792888951909822e-05	0.0
-2.5886286676622737e-05	-8.162066001502378e-05	0.0
-2.744653669787082e-05	-8.563345403233413e-05	0.0
-2.9229679579297195e-05	-9.012778333172175e-05	0.0
-3.101282246072358e-05	-9.462211263110937e-05	0.0
-3.235017962179336e-05	-9.879541840911215e-05	0.0
-3.346464392268485e-05	-0.0001026477006657301	0.0
-3.4356215363398035e-05	-0.00010617895940096323	0.0
-3.547067966428953e-05	-0.00010954970637550394	0.0
-3.636225110500271e-05	-0.00011308096511073706	0.0
-3.7922501126250794e-05	-0.00011693324736735502	0.0
-3.9482751147498875e-05	-0.00012126706490605022	0.0
-4.126589402892526e-05	-0.0001256008824447454	0.0
-4.282614405017333e-05	-0.0001297741882227482	0.0
-4.3940608351064825e-05	-0.00013378698224005855	0.0
-4.505507265195631e-05	-0.0001374787527359841	0.0
-4.59466440926695e-05	-0.0001410100114712172	0.0
-4.728400125373929e-05	-0.00014470178196714277	0.0
-4.862135841480906e-05	-0.0001485540642237607	0.0
-4.995871557587885e-05	-0.0001525668582410711	0.0
-5.174185845730523e-05	-0.00015674016401907387	0.0
-5.330210847855331e-05	-0.0001612344933184615	0.0
-5.44165727794448e-05	-0.00016524728733577186	0.0
-5.5308144220157985e-05	-0.0001689390578316974	0.0
-5.642260852104948e-05	-0.00017263082832762294	0.0
-5.7537072821940963e-05	-0.00017632259882354847	0.0
-5.9097322843189045e-05	-0.00018001436931947402	0.0
-6.0434680004258825e-05	-0.00018402716333678438	0.0
-6.22178228856852e-05	-0.00018820046911478716	0.0
-6.3555180046755e-05	-0.00019253428665348235	0.0
-6.489253720782478e-05	-0.00019654708067079273	0.0
-6.600700150871625e-05	-0.00020039936292741068	0.0
-6.712146580960775e-05	-0.00020409113342333623	0.0
-6.823593011049924e-05	-0.00020778290391926179	0.0
-6.957328727156902e-05	-0.0002116351861758797	0.0
-7.091064443263881e-05	-0.0002156479801931901	0.0
-7.269378731406518e-05	-0.00021982128597119286	0.0
-7.403114447513496e-05	-0.00022399459174919563	0.0
-7.536850163620474e-05	-0.00022800738576650605	0.0
-7.670585879727454e-05	-0.00023185966802312396	0.0
-7.782032309816603e-05	-0.00023587246204043435	0.0
-7.893478739905752e-05	-0.00023940372077566746	0.0
-8.02721445601273e-05	-0.00024325600303228543	0.0
-8.160950172119708e-05	-0.0002472687970495958	0.0
-8.316975174244516e-05	-0.0002512815910669062	0.0
-8.473000176369325e-05	-0.00025545489684490895	0.0
-8.629025178494131e-05	-0.00025978871438360414	0.0
-8.740471608583281e-05	-0.0002636409966402221	0.0
-8.87420732469026e-05	-0.0002674932788968401	0.0
-8.963364468761578e-05	-0.0002711850493927656	0.0
-9.097100184868556e-05	-0.0002750373316493835	0.0
-9.230835900975535e-05	-0.00027905012566669394	0.0
-9.364571617082513e-05	-0.0002830629196840043	0.0
-9.520596619207323e-05	-0.00028723622546200704	0.0
-9.67662162133213e-05	-0.0002912490194793174	0.0
-9.810357337439109e-05	-0.0002954223252573202	0.0
-9.944093053546087e-05	-0.0002991140957532458	0.0
-0.00010055539483635236	-0.0003029663780098637	0.0
-0.00010166985913724384	-0.00030681866026648167	0.0
-0.00010300721629831362	-0.00031067094252309964	0.0
-0.00010434457345938342	-0.00031468373654041	0.0
-0.00010590482348063148	-0.0003188570423184128	0.0
-0.00010746507350187958	-0.00032303034809641555	0.0
-0.00010880243066294936	-0.00032704314211372596	0.0
-0.00011013978782401915	-0.0003308954243703439	0.0
-0.00011125425212491063	-0.00033474770662696184	0.0
-0.00011236871642580211	-0.0003385999888835798	0.0
-0.0001137060735868719	-0.00034245227114019773	0.0
-0.00011526632360811997	-0.0003463045533968157	0.0
-0.00011682657362936807	-0.0003506383709355109	0.0
-0.00011816393079043785	-0.00035465116495282125	0.0
-0.00011950128795150764	-0.00035882447073082405	0.0
-0.00012083864511257742	-0.000362676752987442	0.0
-0.0001219531094134689	-0.00036652903524405994	0.0
-0.00012329046657453868	-0.0003703813175006779	0.0
-0.0001246278237356085	-0.0003742335997572959	0.0
-0.00012596518089667824	-0.0003780858820139138	0.0
-0.00012730253805774805	-0.00038209867603122415	0.0
-0.00012886278807899612	-0.0003864324935699194	0.0
-0.00013042303810024419	-0.00039044528758722975	0.0
-0.000131760395261314	-0.00039461859336523255	0.0
-0.00013287485956220546	-0.0003983103638611581	0.0
-0.00013398932386309695	-0.00040216264611777605	0.0
-0.00013532668102416676	-0.00040601492837439397	0.0
-0.00013688693104541483	-0.00040986721063101194	0.0
-0.0001382242882064846	-0.00041404051640901474	0.0
-0.0001395616453675544	-0.0004182138221870175	0.0
-0.00014112189538880248	-0.0004222266162043279	0.0
-0.00014223635968969398	-0.00042623941022163826	0.0
-0.00014335082399058547	-0.0004300916924782562	0.0
-0.00014468818115165525	-0.00043394397473487414	0.0
-0.00014602553831272503	-0.0004377962569914921	0.0
-0.0001473628954737948	-0.00044180905100880247	0.0
-0.00014892314549504288	-0.00044582184502611283	0.0
-0.00015026050265611268	-0.0004498346390434232	0.0
-0.00015182075267736075	-0.000454007944821426	0.0
-0.00015315810983843053	-0.00045802073883873635	0.0
-0.00015427257413932203	-0.0004620335328560467	0.0
-0.00015538703844021352	-0.0004658858151126647	0.0
-0.0001567243956012833	-0.0004695775856085902	0.0
-0.00015806175276235308	-0.00047359037962590056	0.0
-0.00015939910992342286	-0.000477603173643211	0.0
-0.00016095935994467095	-0.00048161596766052133	0.0
-0.00016229671710574073	-0.0004856287616778317	0.0
-0.0001638569671269888	-0.0004898020674558345	0.0
-0.00016519432428805858	-0.0004938148614731449	0.0
-0.00016630878858895008	-0.0004976671437297628	0.0
-0.00016742325288984157	-0.0005015194259863808	0.0
-0.00016876061005091138	-0.0005053717082429988	0.0
-0.00017009796721198116	-0.0005093845022603091	0.0
-0.00017165821723322922	-0.0005133972962776195	0.0
-0.000172995574394299	-0.0005174100902949298	0.0
-0.0001745558244155471	-0.0005214228843122402	0.0
-0.00017589318157661688	-0.0005254356783295505	0.0
-0.00017700764587750837	-0.0005292879605861685	0.0
-0.00017834500303857815	-0.0005333007546034789	0.0
-0.00017968236019964793	-0.0005369925250994044	0.0
-0.0001810197173607177	-0.0005410053191167148	0.0
-0.0001823570745217875	-0.0005450181131340251	0.0
-0.00018369443168285727	-0.000549191418912028	0.0
-0.00018525468170410537	-0.0005530437011686458	0.0
-0.00018681493172535344	-0.0005572170069466487	0.0
-0.00018792939602624493	-0.0005610692892032666	0.0
-0.00018904386032713642	-0.0005649215714598845	0.0
-0.0001903812174882062	-0.0005687738537165026	0.0
-0.00019171857464927598	-0.0005726261359731205	0.0
-0.0001930559318103458	-0.0005766389299904309	0.0
-0.00019439328897141557	-0.0005806517240077412	0.0
-0.00019573064613248535	-0.000584825029785744	0.0
-0.00019706800329355513	-0.0005888378238030544	0.0
-0.0001984053604546249	-0.0005928506178203648	0.0
-0.0001997427176156947	-0.0005967029000769827	0.0
-0.00020108007477676447	-0.0006005551823336006	0.0
-0.00020241743193783428	-0.0006044074645902187	0.0
-0.00020353189623872574	-0.000608420258607529	0.0
-0.00020486925339979552	-0.0006124330526248394	0.0
-0.00020642950342104362	-0.0006164458466421498	0.0
-0.0002079897534422917	-0.0006204586406594601	0.0
-0.00020910421774318318	-0.0006244714346767705	0.0
-0.00021021868204407465	-0.0006283237169333884	0.0
-0.00021155603920514445	-0.0006321759991900064	0.0
-0.00021289339636621423	-0.0006360282814466243	0.0
-0.00021423075352728401	-0.0006400410754639346	0.0
-0.00021579100354853208	-0.0006440538694812451	0.0
-0.00021712836070960186	-0.000647906151737863	0.0
-0.00021846571787067167	-0.0006520794575158659	0.0
-0.00021980307503174145	-0.0006560922515331762	0.0
-0.00022114043219281123	-0.0006599445337897941	0.0
-0.00022225489649370272	-0.0006637968160464121	0.0
-0.0002235922536547725	-0.00066764909830303	0.0
-0.00022515250367602057	-0.0006716618923203404	0.0
-0.00022648986083709035	-0.0006756746863376507	0.0
-0.00022782721799816016	-0.0006796874803549611	0.0
-0.00022916457515922994	-0.0006837002743722714	0.0
-0.00023050193232029972	-0.0006875525566288895	0.0
-0.0002318392894813695	-0.0006915653506461999	0.0
-0.00023317664664243928	-0.0006954176329028178	0.0
-0.00023451400380350906	-0.0006994304269201282	0.0
-0.00023585136096457887	-0.000703282709176746	0.0
-0.00023718871812564865	-0.0007072955031940564	0.0
-0.00023852607528671843	-0.0007113082972113669	0.0
-0.0002398634324477882	-0.0007151605794679847	0.0
-0.000241200789608858	-0.0007191733734852952	0.0
-0.00024253814676992777	-0.0007230256557419131	0.0
-0.00024387550393099758	-0.0007270384497592235	0.0
-0.00024521286109206736	-0.0007308907320158415	0.0
-0.00024655021825313714	-0.0007347430142724593	0.0
-0.0002478875754142069	-0.0007387558082897698	0.0
-0.0002492249325752767	-0.0007429291140677725	0.0
-0.0002505622897363465	-0.0007469419080850829	0.0
-0.0002518996468974163	-0.0007507941903417008	0.0
-0.00025323700405848604	-0.0007548069843590112	0.0
-0.0002545743612195559	-0.0007586592666156293	0.0
-0.0002559117183806256	-0.0007625115488722471	0.0
-0.00025724907554169543	-0.0007663638311288651	0.0
-0.0002585864327027652	-0.0007703766251461754	0.0
-0.000259923789863835	-0.0007743894191634858	0.0
-0.0002612611470249048	-0.0007784022131807961	0.0
-0.00026259850418597455	-0.0007824150071981065	0.0
-0.00026393586134704434	-0.000786427801215417	0.0
-0.0002650503256479358	-0.0007902800834720349	0.0
-0.0002661647899488273	-0.0007941323657286529	0.0
-0.00026750214710989705	-0.0007979846479852709	0.0
-0.0002688395042709669	-0.0008019974420025812	0.0
-0.00027039975429221495	-0.0008058497242591991	0.0
-0.000271960004313463	-0.0008098625182765094	0.0
-0.0002732973614745328	-0.0008138753122938199	0.0
-0.0002744118257754243	-0.0008178881063111302	0.0
-0.00027574918293649407	-0.0008217403885677482	0.0
-0.0002770865400975639	-0.0008255926708243662	0.0
-0.00027842389725863363	-0.0008296054648416765	0.0
-0.00027976125441970347	-0.0008336182588589869	0.0
-0.0002810986115807732	-0.0008374705411156048	0.0
-0.000282435968741843	-0.0008414833351329152	0.0
-0.0002837733259029128	-0.0008453356173895332	0.0
-0.0002851106830639826	-0.0008493484114068435	0.0
-0.00028644804022505237	-0.0008532006936634614	0.0
-0.00028778539738612215	-0.0008572134876807719	0.0
-0.00028912275454719193	-0.0008612262816980823	0.0
-0.0002904601117082617	-0.0008650785639547002	0.0
-0.0002917974688693315	-0.0008690913579720105	0.0
-0.0002931348260304013	-0.0008729436402286285	0.0
-0.00029447218319147105	-0.0008769564342459388	0.0
-0.0002958095403525409	-0.0008808087165025568	0.0
-0.0002971468975136106	-0.0008848215105198671	0.0
-0.00029848425467468044	-0.0008886737927764852	0.0
-0.00029982161183575017	-0.0008926865867937956	0.0
-0.00030115896899682	-0.0008966993808111059	0.0
-0.0003024963261578898	-0.0009005516630677239	0.0
-0.00030383368331895956	-0.0009045644570850342	0.0
-0.00030517104048002935	-0.0009084167393416521	0.0
-0.0003065083976410991	-0.0009124295333589625	0.0
-0.0003078457548021689	-0.0009162818156155804	0.0
-0.00030918311196323874	-0.0009202946096328908	0.0
-0.00031052046912430847	-0.0009243074036502011	0.0
-0.0003118578262853783	-0.0009281596859068192	0.0
-0.000313195183446448	-0.0009321724799241296	0.0
-0.00031453254060751786	-0.0009360247621807475	0.0
-0.0003158698977685876	-0.0009400375561980579	0.0
-0.0003172072549296574	-0.0009440503502153682	0.0
-0.0003185446120907272	-0.0009480631442326786	0.0
-0.000319881969251797	-0.0009519154264892965	0.0
-0.00032121932641286676	-0.0009559282205066069	0.0
-0.00032255668357393654	-0.000959780502763225	0.0
-0.0003238940407350063	-0.0009637932967805353	0.0
-0.0003252313978960761	-0.0009678060907978457	0.0
-0.0003265687550571459	-0.000971818884815156	0.0
-0.0003279061122182157	-0.000975671167071774	0.0
-0.00032924346937928544	-0.0009796839610890843	0.0
-0.0003305808265403553	-0.0009835362433457022	0.0
-0.000331918183701425	-0.0009875490373630125	0.0
-0.00033325554086249484	-0.0009914013196196305	0.0
-0.0003345928980235646	-0.0009952536018762487	0.0
-0.0003359302551846344	-0.000999266395893559	0.0
-0.0003372676123457042	-0.0010034397016715616	0.0
-0.00033860496950677396	-0.0010072919839281796	0.0
-0.00034016521952802203	-0.0010113047779454901	0.0
-0.0003412796838289135	-0.001015157060202108	0.0
-0.0003426170409899833	-0.0010191698542194184	0.0
-0.00034395439815105314	-0.0010230221364760364	0.0
-0.00034529175531212286	-0.0010268744187326541	0.0
-0.0003466291124731927	-0.0010308872127499646	0.0
-0.0003479664696342624	-0.001034900006767275	0.0
-0.00034930382679533226	-0.0010389128007845855	0.0
-0.0003508640768165803	-0.0010429255948018956	0.0
-0.0003522014339776501	-0.001046938388819206	0.0
-0.0003533158982785416	-0.0010507906710758238	0.0
-0.0003546532554396114	-0.001054642953332442	0.0
-0.00035576771974050287	-0.00105849523558906	0.0
-0.0003571050769015726	-0.0010625080296063703	0.0
-0.0003586653269228207	-0.0010665208236236808	0.0
-0.00036022557694406884	-0.0010706941294016835	0.0
-0.00036156293410513857	-0.0010745464116583014	0.0
-0.0003631231841263867	-0.0010785592056756117	0.0
-0.0003644605412874564	-0.0010822509761715374	0.0
-0.00036557500558834796	-0.0010861032584281553	0.0
-0.0003669123627494177	-0.0010901160524454656	0.0
-0.00036802682705030924	-0.0010941288464627762	0.0
-0.000369364184211379	-0.0010981416404800865	0.0
-0.0003709244342326271	-0.0011021544344973968	0.0
-0.00037226179139369686	-0.0011060067167540147	0.0
-0.00037382204141494493	-0.001110019510771325	0.0
-0.0003751593985760147	-0.001113871793027943	0.0
-0.00037649675573708455	-0.0011178845870452533	0.0
-0.000377611220037976	-0.0011217368693018715	0.0
-0.0003789485771990458	-0.0011257496633191818	0.0
-0.00038028593436011555	-0.0011297624573364921	0.0
-0.0003816232915211854	-0.00113361473959311	0.0
-0.0003829606486822551	-0.0011376275336104204	0.0
-0.00038452089870350323	-0.0011414798158670384	0.0
-0.000385858255864573	-0.0011454926098843489	0.0
-0.0003871956130256428	-0.0011493448921409666	0.0
-0.0003883100773265343	-0.0011531971743975846	0.0
-0.00038964743448760406	-0.0011570494566542028	0.0
-0.00039098479164867384	-0.0011609017389108205	0.0
-0.00039232214880974357	-0.0011650750446888234	0.0
-0.0003936595059708134	-0.0011690878387061337	0.0
-0.0003952197559920615	-0.0011729401209627517	0.0
-0.00039655711315313125	-0.001176952914980062	0.0
-0.0003978944703142011	-0.00118080519723668	0.0
-0.0003992318274752708	-0.001184657479493298	0.0
-0.0004003462917761623	-0.0011885097617499159	0.0
-0.00040168364893723214	-0.0011923620440065339	0.0
-0.00040302100609830187	-0.0011963748380238442	0.0
-0.0004043583632593717	-0.0012003876320411547	0.0
-0.00040591861328061977	-0.001204400426058465	0.0
-0.00040725597044168955	-0.001208252708315083	0.0
-0.0004085933276027594	-0.0012122655023323933	0.0
-0.0004101535776240074	-0.001215957272828319	0.0
-0.00041149093478507723	-0.0012199700668456292	0.0
-0.00041260539908596867	-0.0012239828608629395	0.0
-0.00041394275624703845	-0.0012278351431195575	0.0
-0.00041528011340810823	-0.0012318479371368678	0.0
-0.000416617470569178	-0.0012358607311541783	0.0
-0.00041795482773024784	-0.0012398735251714886	0.0
-0.00041929218489131757	-0.0012437258074281066	0.0
-0.0004208524349125657	-0.0012475780896847243	0.0
-0.0004221897920736355	-0.0012514303719413425	0.0
-0.00042352714923470525	-0.001255443165958653	0.0
-0.0004248645063957751	-0.0012592954482152708	0.0
-0.0004262018635568448	-0.0012633082422325813	0.0
-0.00042753922071791465	-0.0012673210362498914	0.0
-0.0004288765778789844	-0.0012714943420278945	0.0
-0.0004302139350400542	-0.0012753466242845122	0.0
-0.00043155129220112394	-0.0012790383947804379	0.0
-0.0004328886493621937	-0.0012830511887977484	0.0
-0.00043422600652326355	-0.0012869034710543661	0.0
-0.0004355633636843333	-0.0012909162650716767	0.0
-0.0004366778279852248	-0.0012949290590889867	0.0
-0.00043801518514629455	-0.0012989418531062973	0.0
-0.0004393525423073644	-0.0013027941353629152	0.0
-0.0004406898994684341	-0.0013068069293802255	0.0
-0.00044202725662950394	-0.0013106592116368435	0.0
-0.0004433646137905737	-0.0013146720056541538	0.0
-0.0004449248638118218	-0.001318524287910772	0.0
-0.0004462622209728916	-0.0013225370819280823	0.0
-0.00044737668527378307	-0.0013265498759453926	0.0
-0.00044871404243485285	-0.0013304021582020106	0.0
-0.0004500513995959226	-0.0013344149522193209	0.0
-0.0004513887567569924	-0.0013384277462366312	0.0
-0.00045272611391806224	-0.0013422800284932492	0.0
-0.00045406347107913197	-0.0013462928225105595	0.0
-0.0004554008282402018	-0.0013501451047671776	0.0
-0.00045673818540127153	-0.0013541578987844877	0.0
-0.00045807554256234136	-0.001358010181041106	0.0
-0.00045941289972341114	-0.0013620229750584162	0.0
-0.0004607502568844809	-0.0013660357690757265	0.0
-0.0004620876140455507	-0.001370048563093037	0.0
-0.0004634249712066205	-0.0013739008453496548	0.0
-0.00046476232836769026	-0.0013779136393669653	0.0
-0.00046609968552876004	-0.001381765921623583	0.0
-0.0004674370426898298	-0.0013856182038802013	0.0
-0.00046877439985089966	-0.0013896309978975118	0.0
-0.0004701117570119694	-0.0013936437919148219	0.0
-0.0004714491141730392	-0.0013976565859321324	0.0
-0.00047278647133410895	-0.0014016693799494427	0.0
-0.0004741238284951788	-0.0014055216622060607	0.0
-0.0004754611856562485	-0.001409534456223371	0.0
-0.00047679854281731834	-0.001413386738479989	0.0
-0.0004781358999783881	-0.001417239020736607	0.0
-0.0004794732571394579	-0.0014210913029932249	0.0
-0.0004808106143005277	-0.0014251040970105354	0.0
-0.00048214797146159746	-0.001429277402788538	0.0
-0.00048348532862266724	-0.0014332901968058486	0.0
-0.0004848226857837371	-0.0014371424790624663	0.0
-0.0004861600429448068	-0.0014411552730797768	0.0
-0.00048749740010587664	-0.0014450075553363946	0.0
-0.0004888347572669464	-0.0014488598375930126	0.0
-0.0004901721144280162	-0.0014527121198496305	0.0
-0.0004915094715890859	-0.0014567249138669408	0.0
-0.0004928468287501558	-0.0014607377078842514	0.0
-0.0004941841859112256	-0.0014647505019015617	0.0
-0.0004955215430722953	-0.0014687632959188722	0.0
-0.0004968589002333652	-0.0014727760899361825	0.0
-0.0004981962573944349	-0.0014766283721928005	0.0
-0.0004995336145555047	-0.0014803201426887259	0.0
-0.0005008709717165744	-0.0014843329367060364	0.0
-0.0005022083288776443	-0.0014883457307233465	0.0
-0.000503545686038714	-0.0014921980129799647	0.0
-0.0005048830431997838	-0.001496210806997275	0.0
-0.0005062204003608536	-0.0015002236010145853	0.0
-0.0005075577575219234	-0.0015042363950318958	0.0
-0.0005088951146829931	-0.0015082491890492061	0.0
-0.000510232471844063	-0.001512101471305824	0.0
-0.0005115698290051327	-0.0015159537535624418	0.0
-0.0005129071861662025	-0.0015199665475797524	0.0
-0.0005142445433272724	-0.0015238188298363701	0.0
-0.0005155819004883421	-0.0015276711120929883	0.0
-0.0005169192576494118	-0.0015316839061102988	0.0
-0.0005182566148104816	-0.001535696700127609	0.0
-0.0005195939719715515	-0.0015397094941449194	0.0
-0.0005209313291326212	-0.0015437222881622297	0.0
-0.0005222686862936909	-0.0015475745704188477	0.0
-0.0005236060434547609	-0.001551587364436158	0.0
-0.0005249434006158306	-0.001555439646692776	0.0
-0.0005262807577769003	-0.0015594524407100863	0.0
-0.0005276181149379702	-0.0015633047229667043	0.0
-0.00052895547209904	-0.0015673175169840148	0.0
-0.0005302928292601097	-0.0015711697992406327	0.0
-0.0005316301864211794	-0.001575182593257943	0.0
-0.0005329675435822493	-0.0015791953872752534	0.0
-0.000534304900743319	-0.0015830476695318713	0.0
-0.0005356422579043888	-0.0015870604635491816	0.0
-0.0005369796150654587	-0.0015909127458057996	0.0
-0.0005383169722265284	-0.00159492553982311	0.0
-0.0005396543293875981	-0.001598777822079728	0.0
-0.000540991686548668	-0.001602630104336346	0.0
-0.0005423290437097378	-0.0016066428983536564	0.0
-0.0005436664008708075	-0.0016104951806102743	0.0
-0.0005450037580318772	-0.001614347462866892	0.0
-0.0005463411151929472	-0.0016183602568842026	0.0
-0.0005476784723540169	-0.001622373050901513	0.0
-0.0005490158295150866	-0.0016262253331581309	0.0
-0.0005503531866761564	-0.0016302381271754414	0.0
-0.0005516905438372263	-0.0016340904094320592	0.0
-0.000553027900998296	-0.0016379426916886773	0.0
-0.0005543652581593658	-0.001641794973945295	0.0
-0.0005557026153204356	-0.0016458077679626056	0.0
-0.0005570399724815054	-0.0016496600502192234	0.0
-0.0005583773296425752	-0.0016536728442365339	0.0
-0.0005597146868036449	-0.0016575251264931519	0.0
-0.000561274936824893	-0.0016613774087497698	0.0
-0.0005626122939859628	-0.0016652296910063878	0.0
-0.0005639496511470326	-0.0016690819732630056	0.0
-0.0005652870083081024	-0.001673094767280316	0.0
-0.0005666243654691721	-0.0016769470495369338	0.0
-0.000567961722630242	-0.0016809598435542444	0.0
-0.0005692990797913118	-0.0016849726375715547	0.0
-0.0005706364369523815	-0.0016888249198281726	0.0
-0.0005719737941134512	-0.0016926772020847906	0.0
-0.0005733111512745211	-0.001696689996102101	0.0
-0.0005746485084355909	-0.001700542278358719	0.0
-0.0005759858655966606	-0.0017043945606153368	0.0
-0.0005773232227577304	-0.0017084073546326474	0.0
-0.0005786605799188003	-0.0017122596368892651	0.0
-0.00057999793707987	-0.0017162724309065756	0.0
-0.0005813352942409398	-0.0017201247131631936	0.0
-0.0005826726514020095	-0.0017239769954198114	0.0
-0.0005840100085630794	-0.0017279897894371219	0.0
-0.0005855702585843274	-0.0017318420716937399	0.0
-0.0005869076157453972	-0.0017356943539503578	0.0
-0.000588244972906467	-0.0017397071479676681	0.0
-0.0005895823300675368	-0.001743559430224286	0.0
-0.0005909196872286066	-0.0017475722242415966	0.0
-0.0005922570443896763	-0.0017514245064982144	0.0
-0.0005935944015507461	-0.0017552767887548323	0.0
-0.000594931758711816	-0.0017592895827721426	0.0
-0.0005962691158728857	-0.0017631418650287608	0.0
-0.0005976064730339555	-0.001767154659046071	0.0
-0.0005989438301950252	-0.001771006941302689	0.0
-0.0006002811873560951	-0.0017750197353199994	0.0
-0.0006018414373773432	-0.0017788720175766174	0.0
-0.0006031787945384129	-0.0017828848115939277	0.0
-0.0006042932588393044	-0.001786897605611238	0.0
-0.0006056306160003742	-0.0017907498878678562	0.0
-0.000606967973161444	-0.0017947626818851663	0.0
-0.0006083053303225138	-0.0017986149641417845	0.0
-0.0006096426874835835	-0.0018026277581590945	0.0
-0.0006109800446446534	-0.0018064800404157127	0.0
-0.0006123174018057232	-0.0018104928344330232	0.0
-0.0006136547589667929	-0.001814345116689641	0.0
-0.0006149921161278626	-0.0018183579107069515	0.0
-0.0006163294732889326	-0.0018222101929635693	0.0
-0.0006176668304500023	-0.0018262229869808798	0.0
-0.000619004187611072	-0.0018300752692374975	0.0
-0.0006205644376323201	-0.001834088063254808	0.0
-0.00062190179479339	-0.001837940345511426	0.0
-0.0006232391519544597	-0.0018419531395287363	0.0
-0.0006243536162553511	-0.0018459659335460469	0.0
-0.000625690973416421	-0.001849978727563357	0.0
-0.0006270283305774908	-0.0018538310098199751	0.0
-0.0006283656877385605	-0.0018578438038372854	0.0
-0.0006294801520394521	-0.0018618565978545957	0.0
-0.0006308175092005218	-0.0018657088801112137	0.0
-0.0006321548663615916	-0.001869721674128524	0.0
-0.0006337151163828396	-0.001873573956385142	0.0
-0.0006350524735439095	-0.0018775867504024525	0.0
-0.0006363898307049792	-0.0018815995444197628	0.0
-0.000637727187866049	-0.0018854518266763808	0.0
-0.0006390645450271189	-0.001889464620693691	0.0
-0.0006401790093280103	-0.0018934774147110014	0.0
-0.00064151636648908	-0.0018973296969676196	0.0
-0.0006428537236501499	-0.0019011819792242373	0.0
-0.0006441910808112197	-0.0019051947732415479	0.0
-0.0006457513308324677	-0.0019090470554981658	0.0
-0.0006470886879935374	-0.0019132203612761685	0.0
-0.0006484260451546074	-0.001917233155293479	0.0
-0.0006497634023156771	-0.0019212459493107893	0.0
-0.0006511007594767468	-0.0019250982315674073	0.0
-0.0006524381166378167	-0.001928950513824025	0.0
-0.0006535525809387082	-0.0019329633078413355	0.0
-0.0006551128309599562	-0.0019369761018586458	0.0
-0.000656450188121026	-0.0019409888958759564	0.0
-0.0006577875452820958	-0.0019450016898932665	0.0
-0.0006591249024431656	-0.0019488539721498846	0.0
-0.0006604622596042354	-0.0019528667661671947	0.0
-0.0006617996167653052	-0.0019568795601845055	0.0
-0.0006631369739263749	-0.0019607318424411232	0.0
-0.0006644743310874448	-0.0019647446364584337	0.0
-0.0006658116882485145	-0.0019687574304757443	0.0
-0.0006671490454095843	-0.0019727702244930543	0.0
-0.000668486402570654	-0.0019766225067496725	0.0
-0.0006698237597317239	-0.0019806353007669826	0.0
-0.0006711611168927937	-0.001984648094784293	0.0
-0.0006724984740538634	-0.001988500377040911	0.0
-0.0006738358312149332	-0.0019925131710582214	0.0
-0.000675173188376003	-0.001996525965075532	0.0
-0.0006765105455370728	-0.002000538759092842	0.0
-0.0006778479026981426	-0.0020043910413494598	0.0
-0.0006791852598592123	-0.0020084038353667703	0.0
-0.0006805226170202822	-0.002012416629384081	0.0
-0.000681859974181352	-0.0020162689116406986	0.0
-0.0006831973313424217	-0.002020281705658009	0.0
-0.0006845346885034914	-0.0020242944996753196	0.0
-0.0006858720456645613	-0.0020281467819319374	0.0
-0.0006872094028256311	-0.002032159575949248	0.0
-0.0006885467599867008	-0.0020361723699665584	0.0
-0.0006898841171477706	-0.002040024652223176	0.0
-0.0006912214743088405	-0.0020440374462404867	0.0
-0.0006925588314699102	-0.0020480502402577968	0.0
-0.0006938961886309799	-0.002051902522514415	0.0
-0.0006952335457920498	-0.002055915316531725	0.0
-0.0006965709029531195	-0.0020597675987883432	0.0
-0.0006979082601141893	-0.002063619881044961	0.0
-0.0006992456172752592	-0.0020674721633015787	0.0
-0.0007005829744363289	-0.0020714849573188893	0.0
-0.0007019203315973986	-0.0020754977513362	0.0
-0.0007032576887584685	-0.0020795105453535103	0.0
-0.0007045950459195383	-0.0020835233393708204	0.0
-0.000705932403080608	-0.0020873756216274386	0.0
-0.0007072697602416777	-0.0020912279038840563	0.0
-0.0007086071174027477	-0.0020950801861406745	0.0
-0.0007099444745638174	-0.0020989324683972927	0.0
-0.0007112818317248871	-0.002102945262414603	0.0
-0.000712619188885957	-0.002106797544671221	0.0
-0.0007139565460470268	-0.002110810338688531	0.0
-0.0007152939032080965	-0.0021146626209451493	0.0
-0.0007166312603691662	-0.0021186754149624593	0.0
-0.0007179686175302361	-0.0021225276972190775	0.0
-0.0007193059746913059	-0.0021263799794756953	0.0
-0.0007206433318523756	-0.002130232261732313	0.0
-0.0007219806890134455	-0.0021342450557496236	0.0
-0.0007233180461745152	-0.002138257849766934	0.0
-0.000724655403335585	-0.002142110132023552	0.0
-0.0007259927604966548	-0.0021459624142801696	0.0
-0.0007271072247975463	-0.00214997520829748	0.0
-0.000728444581958616	-0.002153827490554098	0.0
-0.0007297819391196859	-0.002157679772810716	0.0
-0.0007311192962807557	-0.0021616925668280266	0.0
-0.0007324566534418254	-0.0021655448490846448	0.0
-0.0007337940106028952	-0.002169557643101955	0.0
-0.0007353542606241433	-0.002173409925358573	0.0
-0.0007366916177852131	-0.002177262207615191	0.0
-0.0007378060820861045	-0.0021812750016325013	0.0
-0.0007391434392471743	-0.002185127283889119	0.0
-0.0007404807964082442	-0.0021889795661457372	0.0
-0.0007418181535693139	-0.0021929923601630473	0.0
-0.0007429326178702054	-0.0021968446424196655	0.0
-0.0007442699750312751	-0.0022008574364369756	0.0
-0.0007458302250525233	-0.002204709718693594	0.0
-0.0007471675822135931	-0.002208722512710904	0.0
-0.0007485049393746628	-0.0022127353067282144	0.0
-0.0007498422965357326	-0.0022165875889848326	0.0
-0.0007511796536968025	-0.0022206003830021427	0.0
-0.0007525170108578722	-0.002224452665258761	0.0
-0.0007536314751587636	-0.0022283049475153786	0.0
-0.0007549688323198335	-0.002232317741532689	0.0
-0.0007563061894809033	-0.002236170023789307	0.0
-0.000757643546641973	-0.0022401828178066174	0.0
-0.0007592037966632211	-0.002244035100063235	0.0
-0.0007607640466844692	-0.0022480478940805457	0.0
-0.000762101403845539	-0.0022519001763371634	0.0
-0.0007634387610066088	-0.002255912970354474	0.0
-0.0007647761181676785	-0.0022597652526110917	0.0
-0.00076589058246857	-0.0022637780466284022	0.0
-0.0007672279396296398	-0.00226763032888502	0.0
-0.0007685652967907097	-0.0022716431229023305	0.0
-0.0007699026539517794	-0.0022754954051589487	0.0
-0.0007714629039730274	-0.002279668710936951	0.0
-0.0007728002611340973	-0.0022835209931935693	0.0
-0.0007741376182951671	-0.00228753378721088	0.0
-0.0007754749754562368	-0.0022913860694674976	0.0
-0.0007768123326173065	-0.0022952383517241153	0.0
-0.0007781496897783765	-0.0022990906339807335	0.0
-0.0007794870469394462	-0.002303103427998044	0.0
-0.0007808244041005159	-0.002306955710254662	0.0
-0.0007821617612615857	-0.0023109685042719723	0.0
-0.0007834991184226556	-0.0023148207865285905	0.0
-0.0007848364755837253	-0.0023188335805459006	0.0
-0.000786173832744795	-0.002322846374563211	0.0
-0.0007875111899058649	-0.002326859168580521	0.0
-0.000789071439927113	-0.0023307114508371394	0.0
-0.0007904087970881827	-0.002334563733093757	0.0
-0.0007917461542492525	-0.0023384160153503753	0.0
-0.0007930835114103223	-0.0023424288093676854	0.0
-0.0007944208685713921	-0.0023462810916243036	0.0
-0.0007955353328722835	-0.0023501333738809214	0.0
-0.0007968726900333534	-0.002353985656137539	0.0
-0.0007984329400546014	-0.0023579984501548496	0.0
-0.0007997702972156712	-0.00236201124417216	0.0
-0.0008011076543767411	-0.0023660240381894707	0.0
-0.0008024450115378108	-0.0023698763204460884	0.0
-0.0008037823686988805	-0.002373889114463399	0.0
-0.0008051197258599505	-0.0023775808849593244	0.0
-0.0008064570830210202	-0.0023814331672159426	0.0
-0.0008077944401820899	-0.0023854459612332526	0.0
-0.0008091317973431596	-0.002389298243489871	0.0
-0.0008104691545042296	-0.0023933110375071814	0.0
-0.0008118065116652993	-0.002397323831524491	0.0
-0.000813143868826369	-0.0024011761137811096	0.0
-0.0008144812259874389	-0.0024051889077984197	0.0
-0.0008158185831485087	-0.002409041190055038	0.0
-0.0008171559403095784	-0.0024128934723116557	0.0
-0.0008184932974706482	-0.0024167457545682734	0.0
-0.000819830654631718	-0.002420758548585584	0.0
-0.0008209451189326094	-0.0024246108308422017	0.0
-0.0008222824760936793	-0.002428623624859512	0.0
-0.0008236198332547491	-0.0024326364188768227	0.0
-0.0008251800832759971	-0.0024364887011334405	0.0
-0.0008267403332972452	-0.002440501495150751	0.0
-0.0008280776904583151	-0.0024443537774073688	0.0
-0.0008296379404795631	-0.002448206059663987	0.0
-0.0008307524047804545	-0.002452218853681297	0.0
-0.000831866869081346	-0.002456071135937915	0.0
-0.0008332042262424159	-0.0024600839299552253	0.0
-0.0008345415834034856	-0.0024639362122118435	0.0
-0.0008358789405645554	-0.002467949006229154	0.0
-0.0008374391905858036	-0.0024718012884857718	0.0
-0.0008387765477468733	-0.0024758140825030823	0.0
-0.000840113904907943	-0.0024796663647597	0.0
-0.0008414512620690128	-0.0024836791587770106	0.0
-0.0008427886192300827	-0.0024875314410336283	0.0
-0.0008441259763911524	-0.002491544235050939	0.0
-0.0008452404406920439	-0.0024953965173075566	0.0
-0.0008465777978531137	-0.002499409311324867	0.0
-0.0008481380478743618	-0.0025032615935814853	0.0
-0.0008496982978956098	-0.0025072743875987954	0.0
-0.0008510356550566796	-0.0025111266698554136	0.0
-0.0008523730122177494	-0.0025151394638727237	0.0
-0.0008537103693788192	-0.002518991746129342	0.0
-0.000855047726539889	-0.0025231650519073443	0.0
-0.0008561621908407805	-0.0025270173341639625	0.0
-0.0008574995480018502	-0.0025310301281812725	0.0
-0.00085883690516292	-0.0025348824104378907	0.0
-0.0008603971551841682	-0.0025388952044552012	0.0
-0.0008617345123452379	-0.002542747486711819	0.0
-0.0008630718695063076	-0.002546599768968437	0.0
-0.0008644092266673775	-0.002550452051225055	0.0
-0.0008657465838284473	-0.0025544648452423655	0.0
-0.000867083940989517	-0.002558477639259676	0.0
-0.0008684212981505868	-0.002562490433276986	0.0
-0.0008697586553116567	-0.0025665032272942966	0.0
-0.0008710960124727264	-0.0025703555095509148	0.0
-0.0008724333696337962	-0.002574368303568225	0.0
-0.0008737707267948659	-0.002578220585824843	0.0
-0.0008751080839559357	-0.002582072868081461	0.0
-0.0008764454411170056	-0.0025859251503380786	0.0
-0.0008777827982780753	-0.002589937944355389	0.0
-0.0008791201554391451	-0.0025939507383726996	0.0
-0.0008804575126002148	-0.00259796353239001	0.0
-0.0008817948697612847	-0.002601815814646628	0.0
-0.0008831322269223544	-0.0026058286086639384	0.0
-0.0008844695840834242	-0.002609680890920556	0.0
-0.000885806941244494	-0.002613533173177174	0.0
-0.0008871442984055638	-0.0026175459671944844	0.0
-0.0008884816555666336	-0.002621398249451102	0.0
-0.0008898190127277034	-0.0026254110434684127	0.0
-0.0008911563698887731	-0.002629263325725031	0.0
-0.0008927166199100212	-0.002633276119742341	0.0
-0.000894053977071091	-0.002637128401998959	0.0
-0.0008953913342321608	-0.0026411411960162692	0.0
-0.0008967286913932305	-0.0026449934782728874	0.0
-0.0008980660485543004	-0.0026490062722901975	0.0
-0.0008994034057153702	-0.0026528585545468157	0.0
-0.0009005178700162616	-0.002656871348564126	0.0
-0.0009018552271773313	-0.002660723630820744	0.0
-0.0009034154771985796	-0.0026647364248380545	0.0
-0.0009047528343596493	-0.0026685887070946723	0.0
-0.000906090191520719	-0.00267244098935129	0.0
-0.0009074275486817888	-0.0026764537833686005	0.0
-0.0009087649058428587	-0.0026803060656252183	0.0
-0.0009101022630039284	-0.002684318859642529	0.0
-0.0009114396201649982	-0.002688171141899147	0.0
-0.000912776977326068	-0.002692183935916457	0.0
-0.0009141143344871378	-0.0026960362181730753	0.0
-0.0009154516916482075	-0.0027000490121903854	0.0
-0.0009167890488092774	-0.0027039012944470035	0.0
-0.0009181264059703471	-0.0027077535767036217	0.0
-0.0009194637631314169	-0.002711766370720932	0.0
-0.0009208011202924868	-0.00271561865297755	0.0
-0.0009221384774535565	-0.00271963144699486	0.0
-0.0009234758346146262	-0.0027234837292514783	0.0
-0.000924813191775696	-0.002727496523268789	0.0
-0.0009261505489367659	-0.0027313488055254066	0.0
-0.0009274879060978356	-0.002735361599542717	0.0
-0.0009288252632589053	-0.002739374393560027	0.0
-0.0009301626204199753	-0.0027432266758166454	0.0
-0.000931499977581045	-0.002747078958073263	0.0
-0.0009328373347421147	-0.0027510917520905736	0.0
-0.0009341746919031844	-0.0027549440343471914	0.0
-0.0009355120490642544	-0.002758796316603809	0.0
-0.0009368494062253241	-0.0027628091106211197	0.0
-0.0009381867633863938	-0.0027666613928777374	0.0
-0.0009395241205474637	-0.002770674186895048	0.0
-0.0009408614777085335	-0.0027745264691516657	0.0
-0.0009421988348696032	-0.002778539263168976	0.0
-0.000943536192030673	-0.0027823915454255944	0.0
-0.0009448735491917428	-0.0027864043394429045	0.0
-0.0009462109063528126	-0.0027902566216995227	0.0
-0.0009475482635138824	-0.0027942694157168328	0.0
-0.0009488856206749522	-0.0027981216979734514	0.0
-0.0009502229778360219	-0.002802134491990761	0.0
-0.0009515603349970918	-0.0028059867742473796	0.0
-0.0009528976921581616	-0.0028099995682646893	0.0
-0.0009542350493192313	-0.002813851850521308	0.0
-0.000955572406480301	-0.0028177041327779257	0.0
-0.0009569097636413709	-0.0028215564150345434	0.0
-0.0009582471208024407	-0.002825569209051854	0.0
-0.0009595844779635104	-0.0028295820030691645	0.0
-0.0009609218351245802	-0.0028334342853257822	0.0
-0.0009622591922856501	-0.0028374470793430927	0.0
-0.0009635965494467198	-0.0028414598733604033	0.0
-0.0009649339066077896	-0.0028454726673777134	0.0
-0.0009662712637688593	-0.0028493249496343315	0.0
-0.0009676086209299292	-0.0028531772318909493	0.0
-0.000968945978090999	-0.002857029514147567	0.0
-0.0009702833352520687	-0.0028608817964041852	0.0
-0.0009718435852733168	-0.0028648945904214953	0.0
-0.0009731809424343866	-0.0028687468726781135	0.0
-0.0009745182995954564	-0.0028727596666954236	0.0
-0.0009758556567565261	-0.002876772460712734	0.0
-0.000977193013917596	-0.0028806247429693523	0.0
-0.0009785303710786656	-0.0028846375369866624	0.0
-0.0009798677282397354	-0.0028884898192432806	0.0
-0.0009812050854008053	-0.0028923421014998983	0.0
-0.000982542442561875	-0.0028961943837565165	0.0
-0.0009838797997229448	-0.0029002071777738266	0.0
-0.0009852171568840147	-0.002904219971791137	0.0
-0.0009865545140450844	-0.0029082327658084477	0.0
-0.0009881147640663326	-0.0029120850480650654	0.0
-0.000989229228367224	-0.002916097842082376	0.0
-0.0009905665855282938	-0.0029199501243389937	0.0
-0.0009919039426893636	-0.002923802406595612	0.0
-0.0009932412998504333	-0.0029276546888522296	0.0
-0.0009945786570115032	-0.002931506971108848	0.0
-0.000995916014172573	-0.0029355197651261583	0.0
-0.0009972533713336427	-0.002939372047382776	0.0
-0.0009988136213548908	-0.0029433848414000866	0.0
-0.0010001509785159605	-0.0029473976354173967	0.0
-0.0010014883356770303	-0.002951249917674015	0.0
-0.0010028256928381002	-0.002955262711691325	0.0
-0.00100416304999917	-0.002959114993947943	0.0
-0.0010055004071602397	-0.002962967276204561	0.0
-0.0010068377643213096	-0.0029668195584611787	0.0
-0.001007952228622201	-0.0029705113289571045	0.0
-0.0010092895857832707	-0.002974524122974415	0.0
-0.0010106269429443404	-0.0029785369169917256	0.0
-0.001012410085825767	-0.002982549711009035	0.0
-0.0010137474429868368	-0.0029865625050263457	0.0
-0.0010150848001479066	-0.0029904147872829635	0.0
-0.0010164221573089763	-0.002994267069539582	0.0
-0.001017759514470046	-0.0029981193517962	0.0
-0.0010190968716311157	-0.0030019716340528176	0.0
-0.0010204342287921857	-0.003005823916309436	0.0
-0.0010217715859532554	-0.003009836710326746	0.0
-0.0010231089431143251	-0.003013688992583364	0.0
-0.001024446300275395	-0.003017701786600674	0.0
-0.0010257836574364648	-0.0030217145806179847	0.0
-0.0010271210145975345	-0.003025566862874603	0.0
-0.0010286812646187827	-0.0030294191451312206	0.0
-0.0010300186217798524	-0.0030332714273878384	0.0
-0.001031133086080744	-0.0030371237096444566	0.0
-0.0010324704432418137	-0.0030411365036617666	0.0
-0.0010338078004028834	-0.003044988785918385	0.0
-0.0010351451575639533	-0.0030490015799356954	0.0
-0.001036482514725023	-0.0030530143739530054	0.0
-0.0010378198718860928	-0.0030568666562096236	0.0
-0.0010391572290471627	-0.0030608794502269337	0.0
-0.0010404945862082324	-0.0030645712207228596	0.0
-0.0010418319433693022	-0.0030684235029794773	0.0
-0.001043169300530372	-0.003072436296996788	0.0
-0.0010445066576914416	-0.0030762885792534056	0.0
-0.0010458440148525116	-0.003080301373270716	0.0
-0.0010471813720135813	-0.0030843141672880266	0.0
-0.0010485187291746512	-0.0030881664495446444	0.0
-0.0010500789791958991	-0.003092018731801262	0.0
-0.0010514163363569689	-0.0030958710140578803	0.0
-0.0010525308006578604	-0.0030998838080751904	0.0
-0.0010538681578189301	-0.0031037360903318086	0.0
-0.0010552055149799999	-0.003107748884349119	0.0
-0.0010565428721410698	-0.003111761678366429	0.0
-0.0010578802293021398	-0.0031156139606230474	0.0
-0.0010594404793233877	-0.0031196267546403575	0.0
-0.0010607778364844574	-0.003123639548657668	0.0
-0.0010621151936455273	-0.003127331319153594	0.0
-0.0010632296579464187	-0.0031311836014102116	0.0
-0.0010645670151074884	-0.00313503588366683	0.0
-0.001065904372268558	-0.00313904867768414	0.0
-0.0010672417294296283	-0.0031430614717014504	0.0
-0.0010688019794508762	-0.003147074265718761	0.0
-0.001070139336611946	-0.0031509265479753787	0.0
-0.0010714766937730158	-0.003154939341992689	0.0
-0.0010728140509340856	-0.003158791624249307	0.0
-0.001073928515234977	-0.0031626439065059247	0.0
-0.0010752658723960466	-0.0031666567005232352	0.0
-0.0010763803366969382	-0.0031705089827798534	0.0
-0.0010779405867181863	-0.0031745217767971635	0.0
-0.0010795008367394344	-0.0031783740590537817	0.0
-0.0010808381939005044	-0.003182386853071092	0.0
-0.001082175551061574	-0.0031863996470884023	0.0
-0.0010835129082226438	-0.00319025192934502	0.0
-0.0010846273725235354	-0.0031942647233623306	0.0
-0.001085964729684605	-0.0031981170056189483	0.0
-0.0010870791939854964	-0.003202129799636259	0.0
-0.0010884165511465661	-0.0032061425936535694	0.0
-0.0010897539083076363	-0.003209994875910187	0.0
-0.001091091265468706	-0.0032140076699274977	0.0
-0.001092651515489954	-0.003218020463944808	0.0
-0.0010939888726510239	-0.003221872746201426	0.0
-0.0010953262298120936	-0.0032258855402187364	0.0
-0.0010966635869731633	-0.003229737822475354	0.0
-0.001098000944134233	-0.0032337506164926647	0.0
-0.0010991154084351246	-0.0032377634105099752	0.0
-0.0011004527655961945	-0.003241615692766593	0.0
-0.0011015672298970859	-0.0032456284867839035	0.0
-0.001103127479918334	-0.0032494807690405213	0.0
-0.0011046877299395821	-0.003253493563057832	0.0
-0.0011060250871006518	-0.0032575063570751423	0.0
-0.0011073624442617216	-0.00326135863933176	0.0
-0.0011086998014227913	-0.0032653714333490706	0.0
-0.001110037158583861	-0.0032693842273663807	0.0
-0.0011111516228847528	-0.003273236509622999	0.0
-0.0011124889800458225	-0.0032772493036403094	0.0
-0.0011138263372068922	-0.0032812620976576195	0.0
-0.001115163694367962	-0.0032851143799142377	0.0
-0.00111672394438921	-0.0032891271739315477	0.0
-0.0011180613015502798	-0.0032931399679488583	0.0
-0.0011193986587113495	-0.003296992250205476	0.0
-0.0011207360158724193	-0.0033010050442227865	0.0
-0.0011220733730334894	-0.0033048573264794043	0.0
-0.0011231878373343808	-0.003308870120496715	0.0
-0.0011245251944954505	-0.003312722402753333	0.0
-0.0011258625516565202	-0.003316735196770643	0.0
-0.0011271999088175901	-0.0033207479907879536	0.0
-0.0011285372659786599	-0.0033247607848052637	0.0
-0.0011296517302795512	-0.003328613067061882	0.0
-0.0011309890874406211	-0.003332625861079192	0.0
-0.001132326444601691	-0.0033366386550965025	0.0
-0.001133886694622939	-0.0033406514491138126	0.0
-0.0011352240517840087	-0.003344664243131123	0.0
-0.0011365614089450787	-0.0033486770371484336	0.0
-0.0011378987661061484	-0.0033525293194050514	0.0
-0.0011392361232672181	-0.0033563816016616696	0.0
-0.0011405734804282878	-0.0033603943956789797	0.0
-0.0011419108375893576	-0.003364246677935598	0.0
-0.0011430253018902493	-0.003368259471952908	0.0
-0.001144362659051319	-0.0033722722659702184	0.0
-0.0011457000162123888	-0.003376285059987529	0.0
-0.0011470373733734585	-0.0033801373422441467	0.0
-0.0011483747305345282	-0.0033843106480221496	0.0
-0.0011497120876955982	-0.0033881629302787678	0.0
-0.001151049444856668	-0.0033920152125353855	0.0
-0.0011523868020177376	-0.003396028006552696	0.0
-0.001153501266318629	-0.0034000408005700066	0.0
-0.0011548386234796991	-0.0034038930828266243	0.0
-0.0011561759806407688	-0.003407905876843935	0.0
-0.0011577362306620168	-0.003411918670861245	0.0
-0.0011590735878230867	-0.0034159314648785554	0.0
-0.0011604109449841564	-0.003419783747135173	0.0
-0.0011617483021452261	-0.0034237965411524837	0.0
-0.0011630856593062959	-0.0034278093351697942	0.0
-0.0011644230164673656	-0.003431661617426412	0.0
-0.0011655374807682574	-0.0034356744114437225	0.0
-0.001166874837929327	-0.0034395266937003403	0.0
-0.0011682121950903968	-0.003443539487717651	0.0
-0.0011695495522514665	-0.0034475522817349613	0.0
-0.0011708869094125363	-0.003451404563991579	0.0
-0.001172224266573606	-0.0034554173580088896	0.0
-0.001173561623734676	-0.0034594301520262	0.0
-0.0011748989808957457	-0.003463282434282818	0.0
-0.0011762363380568156	-0.0034672952283001284	0.0
-0.0011773508023577072	-0.003471308022317439	0.0
-0.0011786881595187769	-0.0034751603045740567	0.0
-0.0011800255166798466	-0.003479173098591367	0.0
-0.0011813628738409163	-0.003483025380847985	0.0
-0.001182700231001986	-0.0034870381748652955	0.0
-0.0011840375881630558	-0.003491050968882605	0.0
-0.0011853749453241255	-0.0034949032511392237	0.0
-0.0011867123024851957	-0.003498916045156534	0.0
-0.001187826766786087	-0.003502928839173844	0.0
-0.0011891641239471567	-0.0035067811214304625	0.0
-0.0011905014811082265	-0.003510793915447772	0.0
-0.0011918388382692964	-0.0035148067094650827	0.0
-0.0011931761954303661	-0.003518658991721701	0.0
-0.0011945135525914358	-0.003522671785739011	0.0
-0.0011958509097525056	-0.0035266845797563215	0.0
-0.0011969653740533971	-0.003530697373773632	0.0
-0.001198302731214467	-0.003534710167790942	0.0
-0.0011996400883755368	-0.0035385624500475603	0.0
-0.0012009774455366065	-0.0035425752440648704	0.0
-0.0012023148026976762	-0.003546588038082181	0.0
-0.001203652159858746	-0.003550440320338799	0.0
-0.001204989517019816	-0.003554453114356109	0.0
-0.0012061039813207072	-0.0035584659083734197	0.0
-0.001207441338481777	-0.00356247870239073	0.0
-0.001208778695642847	-0.003566330984647348	0.0
-0.0012101160528039169	-0.0035703437786646585	0.0
-0.0012114534099649866	-0.003574356572681969	0.0
-0.0012127907671260563	-0.0035782088549385868	0.0
-0.0012139052314269476	-0.0035822216489558973	0.0
-0.0012152425885880176	-0.0035862344429732074	0.0
-0.0012165799457490873	-0.003590247236990518	0.0
-0.001217917302910157	-0.003594260031007828	0.0
-0.001219254660071227	-0.0035982728250251385	0.0
-0.0012203691243721185	-0.003602285619042449	0.0
-0.0012214835886730098	-0.0036061379012990668	0.0
-0.001223043838694258	-0.0036101506953163773	0.0
-0.0012243811958553277	-0.0036141634893336874	0.0
-0.0012257185530163974	-0.003618176283350998	0.0
-0.0012270559101774671	-0.0036221890773683084	0.0
-0.001228393267338537	-0.003626041359624926	0.0
-0.001229730624499607	-0.0036300541536422367	0.0
-0.0012308450888004984	-0.0036340669476595472	0.0
-0.001232182445961568	-0.0036380797416768577	0.0
-0.0012332969102624596	-0.003642092535694168	0.0
-0.0012346342674235294	-0.003646105329711478	0.0
-0.001235971624584599	-0.003649957611968096	0.0
-0.0012375318746058472	-0.0036539704059854066	0.0
-0.001238869231766917	-0.0036579832000027167	0.0
-0.0012404294817881653	-0.0036619959940200272	0.0
-0.0012415439460890566	-0.00366616929979803	0.0
-0.0012428813032501265	-0.003670021582054648	0.0
-0.0012439957675510179	-0.0036740343760719584	0.0
-0.0012453331247120876	-0.003677886658328576	0.0
-0.0012466704818731575	-0.0036818994523458866	0.0
-0.0012482307318944055	-0.003685912246363197	0.0
-0.0012495680890554752	-0.0036899250403805077	0.0
-0.001250905446216545	-0.00369409834615851	0.0
-0.001252242803377615	-0.0036981111401758206	0.0
-0.0012535801605386848	-0.0037021239341931307	0.0
-0.0012546946248395761	-0.003705976216449749	0.0
-0.001256031982000646	-0.003709989010467059	0.0
-0.0012573693391617158	-0.003713841292723677	0.0
-0.0012589295891829637	-0.0037176935749802954	0.0
-0.0012602669463440336	-0.0037217063689976054	0.0
-0.0012616043035051034	-0.0037257191630149155	0.0
-0.0012629416606661733	-0.003730052980553611	0.0
-0.001264279017827243	-0.0037340657745709212	0.0
-0.0012656163749883128	-0.003738239080348924	0.0
-0.0012667308392892043	-0.0037422518743662346	0.0
-0.001268068196450274	-0.00374594364486216	0.0
-0.0012694055536113438	-0.0037499564388794706	0.0
-0.0012709658036325919	-0.0037538087211360883	0.0
-0.0012723031607936616	-0.0037576610033927065	0.0
-0.0012738634108149097	-0.003761673797410017	0.0
-0.0012752007679759797	-0.003766007614948712	0.0
-0.0012765381251370494	-0.0037700204089660223	0.0
-0.0012776525894379407	-0.003774033202983333	0.0
-0.0012789899465990107	-0.003778045997000643	0.0
-0.0012803273037600804	-0.0037820587910179534	0.0
-0.0012816646609211501	-0.0037859110732745716	0.0
-0.0012830020180822199	-0.0037897633555311894	0.0
-0.0012845622681034682	-0.0037937761495485	0.0
-0.001285899625264538	-0.00379778894356581	0.0
-0.0012872369824256076	-0.003801962249343813	0.0
-0.0012885743395866774	-0.0038059750433611234	0.0
-0.001289911696747747	-0.003809987837378434	0.0
-0.0012912490539088168	-0.003814000631395744	0.0
-0.0012923635182097084	-0.0038180134254130545	0.0
-0.001293700875370778	-0.00382170519590898	0.0
-0.001295038232531848	-0.0038257179899262904	0.0
-0.0012965984825530962	-0.0038297307839436005	0.0
-0.0012979358397141659	-0.003833743577960911	0.0
-0.0012992731968752356	-0.0038379168837389135	0.0
-0.0013006105540363053	-0.003841929677756224	0.0
-0.0013019479111973753	-0.0038459424717735345	0.0
-0.0013030623754982666	-0.0038497947540301523	0.0
-0.0013043997326593363	-0.0038536470362867704	0.0
-0.0013057370898204063	-0.0038576598303040805	0.0
-0.0013072973398416544	-0.003861672624321391	0.0
-0.0013086346970027241	-0.0038656854183387016	0.0
-0.0013099720541637939	-0.003869698212356012	0.0
-0.0013113094113248638	-0.003873711006373322	0.0
-0.0013126467684859335	-0.0038777238003906327	0.0
-0.0013137612327868249	-0.0038815760826472505	0.0
-0.0013150985899478946	-0.003885588876664561	0.0
-0.0013164359471089647	-0.0038896016706818715	0.0
-0.0013179961971302126	-0.0038936144646991816	0.0
-0.0013193335542912824	-0.0038974667469557998	0.0
-0.0013206709114523523	-0.0039014795409731103	0.0
-0.001322008268613422	-0.0039054923349904204	0.0
-0.0013233456257744918	-0.0039095051290077305	0.0
-0.0013246829829355615	-0.003913517923025041	0.0
-0.0013260203400966312	-0.003917370205281659	0.0
-0.001327134804397523	-0.003921382999298969	0.0
-0.0013284721615585927	-0.00392539579331628	0.0
-0.0013298095187196624	-0.00392940858733359	0.0
-0.001330923983020554	-0.0039334213813509	0.0
-0.0013322613401816237	-0.003937273663607519	0.0
-0.0013335986973426934	-0.003941286457624829	0.0
-0.0013351589473639416	-0.003945299251642139	0.0
-0.0013364963045250113	-0.003949312045659449	0.0
-0.0013380565545462594	-0.003953164327916067	0.0
-0.001339171018847151	-0.0039571771219333775	0.0
-0.001340731268868399	-0.003961189915950688	0.0
-0.0013418457331692904	-0.003965202709967999	0.0
-0.0013431830903303601	-0.003969215503985309	0.0
-0.00134452044749143	-0.00397322829800262	0.0
-0.0013458578046524998	-0.00397724109201993	0.0
-0.0013471951618135695	-0.003981253886037241	0.0
-0.0013485325189746392	-0.00398526668005455	0.0
-0.0013500927689958876	-0.003989279474071861	0.0
-0.0013514301261569573	-0.003993292268089171	0.0
-0.001352767483318027	-0.003997144550345789	0.0
-0.0013541048404790968	-0.0040013178561237915	0.0
-0.0013554421976401665	-0.00400517013838041	0.0
-0.0013567795548012362	-0.00400918293239772	0.0
-0.0013581169119623062	-0.004013195726415031	0.0
-0.001359454269123376	-0.004017208520432341	0.0
-0.0013607916262844458	-0.004021221314449651	0.0
-0.0013621289834455156	-0.004025234108466962	0.0
-0.0013634663406065853	-0.004029407414244964	0.0
-0.0013650265906278334	-0.004033420208262275	0.0
-0.0013663639477889031	-0.004037433002279585	0.0
-0.0013674784120897947	-0.004041445796296896	0.0
-0.0013688157692508644	-0.004045458590314206	0.0
-0.0013701531264119341	-0.004049471384331517	0.0
-0.001371490483573004	-0.004053484178348827	0.0
-0.0013728278407340738	-0.004057496972366137	0.0
-0.0013741651978951435	-0.004061509766383448	0.0
-0.0013757254479163916	-0.00406568307216145	0.0
-0.0013770628050774614	-0.0040696958661787614	0.0
-0.001378400162238531	-0.004073708660196071	0.0
-0.0013797375193996008	-0.004077721454213381	0.0
-0.001381074876560671	-0.004081734248230692	0.0
-0.0013824122337217407	-0.004085747042248002	0.0
-0.001383526698022632	-0.004089759836265312	0.0
-0.0013848640551837018	-0.004093772630282623	0.0
-0.0013862014123447717	-0.004097785424299933	0.0
-0.0013877616623660196	-0.004101798218317244	0.0
-0.0013890990195270893	-0.004105971524095246	0.0
-0.0013904363766881593	-0.00411014482987325	0.0
-0.0013917737338492292	-0.004114157623890559	0.0
-0.001393111091010299	-0.004118170417907871	0.0
-0.0013944484481713687	-0.0041220227001644875	0.0
-0.0013955629124722602	-0.004126035494181799	0.0
-0.00139690026963333	-0.0041300482881991086	0.0
-0.0013982376267943997	-0.004134061082216418	0.0
-0.0013995749839554694	-0.004138234387994422	0.0
-0.0014009123411165391	-0.004142247182011732	0.0
-0.0014022496982776089	-0.0041462599760290425	0.0
-0.001403587055438679	-0.004150272770046353	0.0
-0.0014049244125997487	-0.004154285564063664	0.0
-0.0014062617697608185	-0.004158458869841666	0.0
-0.0014075991269218882	-0.0041624716638589765	0.0
-0.001408936484082958	-0.004166484457876287	0.0
-0.0014102738412440276	-0.004170497251893597	0.0
-0.0014116111984050974	-0.004174510045910908	0.0
-0.0014129485555661673	-0.004178522839928218	0.0
-0.0014142859127272373	-0.00418269614570622	0.0
-0.001415623269888307	-0.0041867089397235316	0.0
-0.0014169606270493767	-0.004190721733740841	0.0
-0.0014182979842104464	-0.004194734527758152	0.0
-0.0014196353413715162	-0.004198907833536154	0.0
-0.0014209726985325859	-0.004202920627553465	0.0
-0.0014223100556936558	-0.004206933421570775	0.0
-0.0014236474128547256	-0.004210946215588086	0.0
-0.0014249847700157955	-0.004214959009605396	0.0
-0.0014263221271768652	-0.004218971803622706	0.0
-0.001427659484337935	-0.004222984597640017	0.0
-0.0014289968414990047	-0.00422715790341802	0.0
-0.0014303341986600744	-0.004231170697435329	0.0
-0.0014316715558211443	-0.004235344003213333	0.0
-0.001433008912982214	-0.004239356797230643	0.0
-0.0014343462701432838	-0.004243369591247954	0.0
-0.001435906520164532	-0.004247542897025956	0.0
-0.0014372438773256019	-0.004251555691043267	0.0
-0.0014383583416264932	-0.004255568485060577	0.0
-0.001439695698787563	-0.004259581279077887	0.0
-0.0014410330559486329	-0.00426375458485589	0.0
-0.0014423704131097026	-0.004267767378873201	0.0
-0.0014439306631309505	-0.00427178017289051	0.0
-0.001445045127431842	-0.004275792966907822	0.0
-0.0014466053774530904	-0.004279966272685824	0.0
-0.00144794273461416	-0.004283979066703135	0.0
-0.0014492800917752298	-0.004287991860720445	0.0
-0.0014506174489362996	-0.004292004654737755	0.0
-0.0014521776989575477	-0.004296177960515758	0.0
-0.0014535150561186174	-0.004300190754533068	0.0
-0.0014548524132796871	-0.004304203548550379	0.0
-0.0014559668775805787	-0.004308216342567689	0.0
-0.0014573042347416486	-0.004312389648345691	0.0
-0.0014586415919027183	-0.0043164024423630026	0.0
-0.001459978949063788	-0.004320415236380312	0.0
-0.0014615391990850362	-0.0043245885421583155	0.0
-0.001462876556246106	-0.004328601336175626	0.0
-0.0014642139134071756	-0.004332614130192936	0.0
-0.0014655512705682454	-0.004336787435970939	0.0
-0.001466888627729315	-0.004340800229988249	0.0
-0.001468225984890385	-0.004344973535766252	0.0
-0.001469563342051455	-0.0043489863297835624	0.0
-0.0014709006992125247	-0.004352999123800872	0.0
-0.0014722380563735944	-0.0043570119178181835	0.0
-0.0014735754135346642	-0.004361024711835493	0.0
-0.001474912770695734	-0.004365198017613496	0.0
-0.0014762501278568036	-0.004369371323391499	0.0
-0.0014775874850178736	-0.004373384117408809	0.0
-0.0014789248421789435	-0.004377557423186813	0.0
-0.0014802621993400132	-0.004381570217204122	0.0
-0.001481599556501083	-0.004385583011221433	0.0
-0.0014829369136621527	-0.004389595805238743	0.0
-0.0014842742708232224	-0.004393608599256053	0.0
-0.0014856116279842921	-0.004397781905034057	0.0
-0.001486948985145362	-0.004401794699051367	0.0
-0.0014882863423064318	-0.0044058074930686765	0.0
-0.0014896236994675017	-0.00440998079884668	0.0
-0.0014909610566285715	-0.00441399359286399	0.0
-0.0014922984137896412	-0.004418006386881301	0.0
-0.001493635770950711	-0.004422179692659303	0.0
-0.0014949731281117807	-0.004426031974915922	0.0
-0.0014963104852728506	-0.0044300447689332315	0.0
-0.0014976478424339203	-0.004434057562950542	0.0
-0.00149898519959499	-0.004438230868728545	0.0
-0.00150032255675606	-0.004442243662745855	0.0
-0.0015016599139171297	-0.004446256456763166	0.0
-0.0015029972710781994	-0.004450269250780476	0.0
-0.0015043346282392692	-0.004454442556558478	0.0
-0.0015056719854003391	-0.004458615862336482	0.0
-0.0015070093425614088	-0.004462628656353792	0.0
-0.0015083466997224786	-0.004466641450371103	0.0
-0.0015096840568835483	-0.0044704937326277205	0.0
-0.0015110214140446182	-0.004474506526645031	0.0
-0.001512358771205688	-0.004478519320662341	0.0
-0.0015134732355065795	-0.004482532114679651	0.0
-0.0015148105926676492	-0.0044867054204576545	0.0
-0.0015159250569685408	-0.004490718214474964	0.0
-0.0015172624141296105	-0.0044947310084922755	0.0
-0.0015190455570110368	-0.004498904314270278	0.0
-0.0015203829141721065	-0.004502917108287588	0.0
-0.0015217202713331763	-0.004506929902304899	0.0
-0.001522834735634068	-0.004510942696322209	0.0
-0.0015241720927951377	-0.004514955490339519	0.0
-0.0015255094499562075	-0.00451896828435683	0.0
-0.0015268468071172772	-0.004523141590134832	0.0
-0.0015279612714181687	-0.004527154384152143	0.0
-0.0015292986285792385	-0.004531167178169453	0.0
-0.0015306359857403082	-0.004535179972186764	0.0
-0.0015321962357615563	-0.004539192766204073	0.0
-0.0015335335929226263	-0.004543205560221385	0.0
-0.001534870950083696	-0.004547378865999387	0.0
-0.0015359854143845875	-0.004551391660016697	0.0
-0.0015373227715456573	-0.004555404454034008	0.0
-0.0015384372358465488	-0.004559417248051318	0.0
-0.0015397745930076185	-0.004563590553829321	0.0
-0.0015411119501686883	-0.004567603347846632	0.0
-0.001542449307329758	-0.004571616141863941	0.0
-0.001543786664490828	-0.004575789447641945	0.0
-0.0015451240216518977	-0.004579802241659254	0.0
-0.0015462384859527892	-0.004583815035676566	0.0
-0.001547575843113859	-0.004587827829693875	0.0
-0.0015489132002749287	-0.004592001135471878	0.0
-0.0015500276645758202	-0.004596013929489189	0.0
-0.00155136502173689	-0.0046001872352671915	0.0
-0.0015524794860377815	-0.004604200029284502	0.0
-0.0015540397360590294	-0.0046082128233018126	0.0
-0.0015553770932200993	-0.004612225617319122	0.0
-0.0015567144503811693	-0.004616238411336433	0.0
-0.0015578289146820606	-0.004620251205353743	0.0
-0.0015591662718431303	-0.0046244245111317465	0.0
-0.0015605036290042	-0.004628437305149056	0.0
-0.0015616180933050916	-0.004632610610927059	0.0
-0.0015627325576059831	-0.00463662340494437	0.0
-0.0015640699147670529	-0.00464063619896168	0.0
-0.0015654072719281228	-0.00464464899297899	0.0
-0.0015667446290891925	-0.004648661786996301	0.0
-0.0015680819862502623	-0.004652674581013611	0.0
-0.001569419343411332	-0.004656847886791614	0.0
-0.001570756700572402	-0.004660860680808924	0.0
-0.0015718711648732933	-0.004664873474826235	0.0
-0.0015729856291741848	-0.004669046780604237	0.0
-0.0015743229863352545	-0.0046730595746215485	0.0
-0.0015756603434963243	-0.004677072368638858	0.0
-0.0015769977006573942	-0.004681085162656168	0.0
-0.001578335057818464	-0.004685097956673479	0.0
-0.0015796724149795339	-0.004689110750690789	0.0
-0.0015807868792804252	-0.0046931235447081	0.0
-0.001582124236441495	-0.004697296850486103	0.0
-0.0015832387007423865	-0.004701309644503412	0.0
-0.001584353165043278	-0.004705322438520723	0.0
-0.0015856905222043477	-0.004709495744298726	0.0
-0.0015870278793654177	-0.004713508538316037	0.0
-0.0015883652365264874	-0.004717521332333346	0.0
-0.0015897025936875571	-0.004721373614589965	0.0
-0.0015910399508486269	-0.004725386408607275	0.0
-0.0015921544151495184	-0.004729399202624586	0.0
-0.0015934917723105881	-0.004733411996641896	0.0
-0.0015946062366114797	-0.004737424790659205	0.0
-0.0015959435937725494	-0.004741437584676517	0.0
-0.0015970580580734407	-0.004745450378693826	0.0
-0.001598395415234511	-0.00474962368447183	0.0
-0.0015997327723955806	-0.00475363647848914	0.0
-0.001600847236696472	-0.00475764927250645	0.0
-0.00160240748671772	-0.004761501554763068	0.0
-0.0016035219510186116	-0.004765353837019686	0.0
-0.001604636415319503	-0.004769366631036997	0.0
-0.0016059737724805727	-0.004773218913293614	0.0
-0.0016070882367814642	-0.004777231707310925	0.0
-0.0016084255939425342	-0.0047812445013282355	0.0
-0.001609762951103604	-0.004785257295345546	0.0
-0.0016108774154044954	-0.004789270089362856	0.0
-0.0016122147725655652	-0.004793122371619474	0.0
-0.001613552129726635	-0.004797135165636784	0.0
-0.0016148894868877046	-0.0048011479596540944	0.0
-0.0016160039511885962	-0.004805000241910712	0.0
-0.001617341308349666	-0.004808852524167331	0.0
-0.0016184557726505574	-0.004812865318184641	0.0
-0.0016197931298116274	-0.004816878112201951	0.0
-0.001620907594112519	-0.00482073039445857	0.0
-0.0016222449512735887	-0.004824743188475879	0.0
-0.00162335941557448	-0.004828595470732498	0.0
-0.0016246967727355497	-0.004832608264749808	0.0
-0.0016258112370364413	-0.004836460547006426	0.0
-0.0016269257013373328	-0.004840312829263044	0.0
-0.0016280401656382241	-0.004844325623280354	0.0
-0.0016293775227992939	-0.004848177905536972	0.0
-0.0016304919871001856	-0.00485203018779359	0.0
-0.0016318293442612554	-0.004855882470050208	0.0
-0.001633166701422325	-0.004859895264067519	0.0
-0.0016342811657232166	-0.004863747546324136	0.0
-0.0016356185228842864	-0.004867599828580755	0.0
-0.001636732987185178	-0.004871452110837372	0.0
-0.0016378474514860692	-0.004875464904854683	0.0
-0.0016389619157869608	-0.0048794776988719925	0.0
-0.0016402992729480305	-0.004883329981128611	0.0
-0.0016414137372489223	-0.00488718226338523	0.0
-0.001642751094409992	-0.004891195057402539	0.0
-0.0016438655587108833	-0.004894886827898465	0.0
-0.0016452029158719533	-0.004898578598394391	0.0
-0.0016463173801728446	-0.004902430880651008	0.0
-0.0016474318444737361	-0.004906283162907627	0.0
-0.0016487692016348059	-0.004910295956924936	0.0
-0.0016498836659356974	-0.004914308750942248	0.0
-0.0016509981302365887	-0.0049181610331988646	0.0
-0.0016523354873976587	-0.004922013315455483	0.0
-0.0016534499516985502	-0.004925865597712101	0.0
-0.00165478730885962	-0.004929717879968719	0.0
-0.0016559017731605115	-0.004933570162225336	0.0
-0.0016572391303215812	-0.004937422444481955	0.0
-0.0016583535946224728	-0.004941114214977881	0.0
-0.001659245166063186	-0.0049451270089951906	0.0
-0.0016603596303640773	-0.004948979291251809	0.0
-0.001661696987525147	-0.004952992085269119	0.0
-0.0016628114518260388	-0.0049568443675257375	0.0
-0.0016639259161269303	-0.004960696649782354	0.0
-0.0016650403804278216	-0.004964548932038973	0.0
-0.0016661548447287132	-0.004968240702534899	0.0
-0.0016672693090296047	-0.004972092984791517	0.0
-0.001668383773330496	-0.004975945267048134	0.0
-0.0016694982376313876	-0.004979797549304752	0.0
-0.001670612701932279	-0.00498364983156137	0.0
-0.0016717271662331705	-0.0049875021138179884	0.0
-0.001672841630534062	-0.004991354396074606	0.0
-0.0016739560948349536	-0.004995206678331224	0.0
-0.0016750705591358451	-0.004999058960587842	0.0
-0.0016761850234367365	-0.0050027507310837676	0.0
-0.001677299487737628	-0.005006603013340386	0.0
-0.0016784139520385195	-0.005010294783836311	0.0
-0.0016795284163394109	-0.005013986554332236	0.0
-0.0016806428806403024	-0.005017838836588855	0.0
-0.001681757344941194	-0.005021851630606164	0.0
-0.0016828718092420853	-0.005025703912862783	0.0
-0.001683986273542977	-0.005029395683358708	0.0
-0.0016848778449836902	-0.005033247965615327	0.0
-0.0016859923092845818	-0.00503677922435056	0.0
-0.001686883880725295	-0.0050406315066071775	0.0
-0.0016882212378863646	-0.0050443232771031025	0.0
-0.001689335702187256	-0.005048015047599028	0.0
-0.0016904501664881475	-0.005051867329855647	0.0
-0.0016917875236492172	-0.005055719612112265	0.0
-0.0016929019879501088	-0.0050594113826081906	0.0
-0.0016940164522510001	-0.0050632636648648074	0.0
-0.0016953538094120703	-0.005066955435360733	0.0
-0.0016964682737129616	-0.005070647205856659	0.0
-0.0016973598451536748	-0.005074338976352585	0.0
-0.001698251416594388	-0.005078191258609203	0.0
-0.0016993658808952795	-0.005081883029105128	0.0
-0.001700480345196171	-0.005085574799601054	0.0
-0.0017018177023572407	-0.005089427081857671	0.0
-0.001702932166658132	-0.005093118852353597	0.0
-0.0017040466309590236	-0.005096810622849523	0.0
-0.0017051610952599152	-0.005100662905106141	0.0
-0.001706498452420985	-0.005104354675602066	0.0
-0.0017076129167218764	-0.005108046446097992	0.0
-0.001708727381022768	-0.005111738216593917	0.0
-0.0017098418453236595	-0.0051154299870898425	0.0
-0.0017109563096245508	-0.005119282269346461	0.0
-0.0017120707739254424	-0.005123134551603078	0.0
-0.0017131852382263337	-0.005126986833859697	0.0
-0.0017142997025272253	-0.0051306786043556225	0.0
-0.001715637059688295	-0.0051343703748515475	0.0
-0.0017167515239891868	-0.005138222657108166	0.0
-0.001717865988290078	-0.005141914427604091	0.0
-0.0017189804525909696	-0.005145606198100016	0.0
-0.0017203178097520394	-0.005149458480356635	0.0
-0.001721432274052931	-0.0051531502508525605	0.0
-0.0017227696312140006	-0.0051568420213484855	0.0
-0.0017238840955148922	-0.005160694303605104	0.0
-0.0017249985598157835	-0.005164546585861722	0.0
-0.001726113024116675	-0.00516839886811834	0.0
-0.001727450381277745	-0.005172251150374957	0.0
-0.0017285648455786365	-0.005176103432631575	0.0
-0.0017296793098795279	-0.005179795203127501	0.0
-0.0017310166670405976	-0.00518364748538412	0.0
-0.0017321311313414892	-0.0051874997676407365	0.0
-0.0017334684885025589	-0.005191191538136662	0.0
-0.0017345829528034504	-0.005194883308632588	0.0
-0.0017359203099645202	-0.005198735590889206	0.0
-0.0017370347742654117	-0.005202587873145824	0.0
-0.0017383721314264816	-0.005206600667163134	0.0
-0.001739486595727373	-0.00521029243765906	0.0
-0.0017406010600282645	-0.005214144719915678	0.0
-0.001741715524329156	-0.005217997002172296	0.0
-0.0017430528814902258	-0.005221849284428914	0.0
-0.0017441673457911171	-0.005225380543164147	0.0
-0.0017455047029521868	-0.005229232825420764	0.0
-0.0017466191672530784	-0.005233085107677383	0.0
-0.0017479565244141481	-0.0052369373899340006	0.0
-0.0017490709887150399	-0.005240950183951311	0.0
-0.0017504083458761096	-0.005244641954447237	0.0
-0.0017517457030371793	-0.005248494236703855	0.0
-0.001753083060198249	-0.0052523465189604724	0.0
-0.0017541975244991406	-0.005256038289456397	0.0
-0.0017555348816602103	-0.0052595695481916305	0.0
-0.0017566493459611019	-0.005263421830448249	0.0
-0.0017579867031221716	-0.005267274112704868	0.0
-0.001759101167423063	-0.005270965883200793	0.0
-0.001760438524584133	-0.0052748181654574105	0.0
-0.0017615529888850244	-0.005278670447714028	0.0
-0.001762667453185916	-0.005282522729970647	0.0
-0.0017640048103469857	-0.005286214500466573	0.0
-0.0017655650603682338	-0.005289906270962497	0.0
-0.0017669024175293035	-0.0052937585532191155	0.0
-0.0017682397746903733	-0.005297450323715041	0.0
-0.001769577131851443	-0.005301302605971659	0.0
-0.001770914489012513	-0.005304994376467585	0.0
-0.0017722518461735827	-0.005308846658724203	0.0
-0.0017733663104744742	-0.005312538429220128	0.0
-0.001774703667635544	-0.005316390711476746	0.0
-0.0017760410247966137	-0.005320082481972672	0.0
-0.0017773783819576834	-0.005323774252468597	0.0
-0.0017789386319789315	-0.005327626534725215	0.0
-0.0017802759891400012	-0.005331318305221141	0.0
-0.0017816133463010712	-0.005335010075717066	0.0
-0.0017829507034621411	-0.005338862357973684	0.0
-0.001784510953483389	-0.00534255412846961	0.0
-0.0017858483106444588	-0.005346245898965535	0.0
-0.0017871856678055285	-0.00534993766946146	0.0
-0.0017885230249665984	-0.005353789951718079	0.0
-0.0017898603821276682	-0.0053576422339746965	0.0
-0.001791420632148916	-0.005361334004470622	0.0
-0.0017927579893099862	-0.00536518628672724	0.0
-0.001794095346471056	-0.005369038568983858	0.0
-0.0017956555964923039	-0.0053728908512404765	0.0
-0.001797215846513552	-0.005376582621736402	0.0
-0.0017985532036746217	-0.005380434903993019	0.0
-0.0018001134536958698	-0.005384126674488945	0.0
-0.0018014508108569395	-0.005387978956745563	0.0
-0.0018027881680180093	-0.005391670727241489	0.0
-0.0018043484180392576	-0.0053955230094981065	0.0
-0.0018056857752003273	-0.005399375291754724	0.0
-0.0018072460252215755	-0.005403227574011343	0.0
-0.0018085833823826452	-0.005407079856267961	0.0
-0.001810143632403893	-0.005410932138524578	0.0
-0.001811480989564963	-0.005414623909020504	0.0
-0.0018128183467260328	-0.005418636703037814	0.0
-0.0018143785967472809	-0.0054224889852944325	0.0
-0.001815938846768529	-0.005426180755790358	0.0
-0.0018172762039295987	-0.005430033038046975	0.0
-0.0018188364539508469	-0.005433885320303594	0.0
-0.0018201738111119166	-0.005437577090799519	0.0
-0.0018215111682729863	-0.005441429373056137	0.0
-0.001822848525434056	-0.005445281655312755	0.0
-0.0018244087754553042	-0.005449133937569373	0.0
-0.001825746132616374	-0.0054529862198259916	0.0
-0.0018273063826376222	-0.0054568385020826084	0.0
-0.0018288666326588703	-0.005460690784339227	0.0
-0.0018304268826801182	-0.005464382554835153	0.0
-0.001831764239841188	-0.005468074325331078	0.0
-0.001833324489862436	-0.005471926607587696	0.0
-0.0018346618470235058	-0.005475778889844314	0.0
-0.0018362220970447542	-0.005479631172100932	0.0
-0.0018375594542058239	-0.005483322942596858	0.0
-0.0018388968113668936	-0.0054873357366141675	0.0
-0.0018404570613881417	-0.005491188018870786	0.0
-0.0018420173114093896	-0.005494879789366711	0.0
-0.0018435775614306378	-0.005498571559862636	0.0
-0.0018451378114518859	-0.005502423842119255	0.0
-0.0018464751686129558	-0.005506276124375873	0.0
-0.001848035418634204	-0.00551012840663249	0.0
-0.0018493727757952737	-0.005513820177128416	0.0
-0.0018509330258165216	-0.005517672459385034	0.0
-0.0018524932758377697	-0.0055215247416416525	0.0
-0.0018540535258590178	-0.00552537702389827	0.0
-0.0018556137758802657	-0.005529068794394195	0.0
-0.0018569511330413357	-0.005532921076650814	0.0
-0.0018585113830625838	-0.005536773358907432	0.0
-0.001860071633083832	-0.005540625641164049	0.0
-0.00186163188310508	-0.005544317411659975	0.0
-0.001863192133126328	-0.005548169693916593	0.0
-0.001864752383147576	-0.0055521824879339035	0.0
-0.0018663126331688242	-0.005555874258429829	0.0
-0.001867872883190072	-0.005559726540686447	0.0
-0.0018694331332113204	-0.005563418311182372	0.0
-0.0018709933832325686	-0.00556727059343899	0.0
-0.0018727765261139949	-0.0055711228756956084	0.0
-0.0018743367761352428	-0.005574975157952226	0.0
-0.0018758970261564909	-0.005578987951969537	0.0
-0.001877457276177739	-0.0055828402342261545	0.0
-0.0018790175261989871	-0.0055865320047220795	0.0
-0.0018805777762202353	-0.005590384286978698	0.0
-0.0018821380262414834	-0.005594236569235317	0.0
-0.0018839211691229097	-0.005598088851491934	0.0
-0.0018854814191441578	-0.0056017806219878594	0.0
-0.0018870416691654057	-0.00560579341600517	0.0
-0.0018886019191866538	-0.005609645698261788	0.0
-0.0018901621692079022	-0.0056134979805184055	0.0
-0.0018919453120893285	-0.005617510774535716	0.0
-0.0018935055621105764	-0.005621363056792335	0.0
-0.0018950658121318245	-0.00562505482728826	0.0
-0.0018968489550132508	-0.005628907109544877	0.0
-0.001898409205034499	-0.005632759391801495	0.0
-0.0019001923479159252	-0.005636772185818806	0.0
-0.0019017525979371736	-0.005640624468075423	0.0
-0.0019033128479584217	-0.005644476750332042	0.0
-0.0019048730979796696	-0.005648489544349352	0.0
-0.0019066562408610959	-0.005652502338366663	0.0
-0.001908216490882344	-0.005656515132383973	0.0
-0.0019099996337637703	-0.0056602069028798985	0.0
-0.0019115598837850187	-0.005664219696897208	0.0
-0.0019135659195266233	-0.005668071979153827	0.0
-0.0019153490624080496	-0.005672084773171137	0.0
-0.0019169093124292978	-0.005676097567188448	0.0
-0.0019184695624505457	-0.0056801103612057575	0.0
-0.0019200298124717938	-0.005684283666983761	0.0
-0.001921590062493042	-0.005688456972761763	0.0
-0.0019233732053744684	-0.005692469766779074	0.0
-0.0019249334553957163	-0.0056963220490356915	0.0
-0.0019267165982771429	-0.005700495354813694	0.0
-0.0019287226340187473	-0.005704508148831005	0.0
-0.0019302828840399955	-0.005708520942848315	0.0
-0.0019318431340612436	-0.005712694248626317	0.0
-0.0019334033840824917	-0.005716867554404321	0.0
-0.0019347407412435614	-0.005720880348421631	0.0
-0.0019363009912648096	-0.0057250536541996345	0.0
-0.0019380841341462359	-0.005729226959977637	0.0
-0.001939644384167484	-0.005733400265755639	0.0
-0.0019414275270489103	-0.005737413059772951	0.0
-0.0019429877770701584	-0.005741586365550953	0.0
-0.0019445480270914067	-0.0057457596713289556	0.0
-0.0019458853842524765	-0.005749932977106958	0.0
-0.0019474456342737244	-0.005754106282884961	0.0
-0.0019490058842949725	-0.0057584401004236565	0.0
-0.0019503432414560422	-0.005762613406201659	0.0
-0.0019519034914772903	-0.005766626200218969	0.0
-0.0019534637414985383	-0.00577063899423628	0.0
-0.0019550239915197866	-0.005774812300014282	0.0
-0.001956361348680856	-0.005778985605792286	0.0
-0.001957698705841926	-0.005783158911570288	0.0
-0.001959258955863174	-0.0057873322173482905	0.0
-0.001960596313024244	-0.005791505523126294	0.0
-0.001961933670185314	-0.005795678828904296	0.0
-0.0019632710273463838	-0.0057998521346822995	0.0
-0.0019646083845074533	-0.00580386492869961	0.0
-0.0019659457416685232	-0.005808038234477612	0.0
-0.001967505991689771	-0.005812211540255615	0.0
-0.001968843348850841	-0.005816224334272926	0.0
-0.0019701807060119106	-0.005820397640050929	0.0
-0.001971740956033159	-0.005824570945828931	0.0
-0.001973078313194229	-0.005828583739846242	0.0
-0.0019744156703552984	-0.005832757045624244	0.0
-0.0019759759203765463	-0.0058367698396415545	0.0
-0.0019773132775376162	-0.005840782633658865	0.0
-0.001978650634698686	-0.005844795427676175	0.0
-0.001980210884719934	-0.005848968733454179	0.0
-0.001981548241881004	-0.0058529815274714885	0.0
-0.001983108491902252	-0.005857154833249491	0.0
-0.001984445849063322	-0.0058611676272668015	0.0
-0.0019860060990845698	-0.005865340933044805	0.0
-0.0019873434562456397	-0.005869514238822807	0.0
-0.0019889037062668876	-0.005873527032840118	0.0
-0.0019904639562881355	-0.00587770033861812	0.0
-0.0019918013134492055	-0.0058817131326354315	0.0
-0.001993361563470454	-0.005885886438413434	0.0
-0.0019949218134917017	-0.005890059744191436	0.0
-0.0019962591706527717	-0.00589423304996944	0.0
-0.001997596527813841	-0.005898245843986749	0.0
-0.0019991567778350895	-0.005902419149764752	0.0
-0.0020007170278563374	-0.005906752967303447	0.0
-0.002002054385017407	-0.00591092627308145	0.0
-0.0020038375278988337	-0.0059150995788594535	0.0
-0.0020053977779200816	-0.005919433396398148	0.0
-0.0020067351350811515	-0.00592360670217615	0.0
-0.002008072492242221	-0.005927780007954154	0.0
-0.002009409849403291	-0.005931953313732157	0.0
-0.002010747206564361	-0.005936126619510159	0.0
-0.002012307456585609	-0.0059402999252881625	0.0
-0.0020136448137466787	-0.005944473231066165	0.0
-0.0020149821709077487	-0.00594880704860486	0.0
-0.002016319528068818	-0.005953140866143555	0.0
-0.002017656885229888	-0.005957314171921559	0.0
-0.0020192171352511365	-0.005961487477699561	0.0
-0.002020554492412206	-0.0059656607834775634	0.0
-0.002021891849573276	-0.005969994601016259	0.0
-0.002023006313874167	-0.005974007395033569	0.0
-0.002024343671035237	-0.0059781807008115724	0.0
-0.002025681028196307	-0.005982514518350267	0.0
-0.002026795492497198	-0.005986848335888962	0.0
-0.002028132849658268	-0.005991021641666965	0.0
-0.002029470206819338	-0.005995194947444968	0.0
-0.0020308075639804074	-0.005999368253222971	0.0
-0.002031922028281299	-0.006003541559000974	0.0
-0.0020330364925821905	-0.006007714864778977	0.0
-0.00203437384974326	-0.006011888170556979	0.0
-0.002035488314044152	-0.0060160614763349815	0.0
-0.0020366027783450436	-0.0060203952938736776	0.0
-0.0020377172426459347	-0.00602456859965168	0.0
-0.0020388317069468267	-0.006028902417190375	0.0
-0.0020399461712477178	-0.006033075722968378	0.0
-0.0020410606355486093	-0.006037249028746381	0.0
-0.002042175099849501	-0.0060412618227636905	0.0
-0.0020432895641503924	-0.006045435128541694	0.0
-0.0020444040284512835	-0.006049768946080389	0.0
-0.002045518492752175	-0.0060537817400976995	0.0
-0.002046632957053067	-0.006057955045875702	0.0
-0.00204752452849378	-0.006062288863414397	0.0
-0.0020486389927946713	-0.0060664621691924004	0.0
-0.002049753457095563	-0.006070635474970403	0.0
-0.0020508679213964544	-0.006074808780748405	0.0
-0.002051982385697346	-0.006078821574765717	0.0
-0.002053096849998237	-0.006082994880543719	0.0
-0.0020539884214389502	-0.00608700767456103	0.0
-0.002055102885739842	-0.006091180980339032	0.0
-0.0020562173500407333	-0.0060951937743563426	0.0
-0.0020571089214814465	-0.006099206568373653	0.0
-0.00205800049292216	-0.006103219362390963	0.0
-0.002059114957223051	-0.006107392668168965	0.0
-0.002060229421523943	-0.0061114054621862765	0.0
-0.0020611209929646563	-0.006115418256203586	0.0
-0.0020622354572655474	-0.006119431050220898	0.0
-0.0020631270287062606	-0.006123443844238207	0.0
-0.002064241493007152	-0.006127456638255518	0.0
-0.0020651330644478657	-0.0061313089205121355	0.0
-0.002066247528748757	-0.006135321714529446	0.0
-0.00206713910018947	-0.0061393345085467566	0.0
-0.0020682535644903615	-0.006143186790803374	0.0
-0.0020691451359310747	-0.006147039073059992	0.0
-0.002070036707371788	-0.006150891355316611	0.0
-0.00207115117167268	-0.00615490414933392	0.0
-0.002072265635973571	-0.006158756431590539	0.0
-0.0020736029931346404	-0.006162608713847156	0.0
-0.0020747174574355324	-0.0061664609961037745	0.0
-0.0020758319217364235	-0.0061701527665997	0.0
-0.002076946386037315	-0.006174005048856318	0.0
-0.0020780608503382066	-0.006177857331112936	0.0
-0.002079175314639098	-0.0061817096133695544	0.0
-0.002080512671800168	-0.006185561895626172	0.0
-0.0020816271361010596	-0.00618941417788279	0.0
-0.002082964493262129	-0.006193105948378715	0.0
-0.0020840789575630207	-0.0061969582306353336	0.0
-0.00208541631472409	-0.006200650001131259	0.0
-0.0020869765647453385	-0.006204502283387876	0.0
-0.0020883139219064085	-0.006208354565644495	0.0
-0.002089651279067478	-0.0062122068479011135	0.0
-0.0020912115290887263	-0.0062158986183970385	0.0
-0.0020925488862497963	-0.006219750900653656	0.0
-0.0020938862434108658	-0.006223603182910274	0.0
-0.0020952236005719357	-0.0062272949534062	0.0
-0.0020965609577330052	-0.006231147235662818	0.0
-0.002098121207754253	-0.006234999517919435	0.0
-0.0020996814577755015	-0.006238691288415361	0.0
-0.0021010188149365714	-0.00624254357067198	0.0
-0.0021025790649578198	-0.006246395852928597	0.0
-0.002104362207839246	-0.006250248135185215	0.0
-0.0021059224578604935	-0.006253939905681141	0.0
-0.0021072598150215635	-0.006257792187937758	0.0
-0.002108820065042812	-0.006261644470194377	0.0
-0.0021103803150640597	-0.006265336240690302	0.0
-0.0021117176722251297	-0.00626918852294692	0.0
-0.0021132779222463776	-0.006272880293442846	0.0
-0.0021146152794074475	-0.006276732575699463	0.0
-0.002116398422288874	-0.006280584857956082	0.0
-0.002117958672310122	-0.0062842766284520075	0.0
-0.0021195189223313696	-0.006288128910708624	0.0
-0.002121079172352618	-0.00629182068120455	0.0
-0.002122416529513688	-0.006295672963461168	0.0
-0.0021239767795349362	-0.006299364733957094	0.0
-0.002125537029556184	-0.00630305650445302	0.0
-0.0021268743867172537	-0.0063069087867096375	0.0
-0.0021282117438783236	-0.0063106005572055625	0.0
-0.002129771993899572	-0.006314292327701488	0.0
-0.0021315551367809982	-0.006317984098197414	0.0
-0.0021333382796624245	-0.006321675868693339	0.0
-0.002134898529683673	-0.006325367639189265	0.0
-0.0021364587797049204	-0.006329219921445884	0.0
-0.0021380190297261687	-0.006332911691941809	0.0
-0.0021395792797474166	-0.006336603462437734	0.0
-0.002141139529768665	-0.0063402952329336595	0.0
-0.002142699779789913	-0.006344147515190278	0.0
-0.002144260029811161	-0.006347839285686203	0.0
-0.002145820279832409	-0.006351531056182129	0.0
-0.002147380529853657	-0.006355222826678055	0.0
-0.0021489407798749053	-0.00635891459717398	0.0
-0.0021505010298961532	-0.006362606367669906	0.0
-0.0021522841727775795	-0.0063662981381658315	0.0
-0.002153844422798828	-0.006370150420422448	0.0
-0.002155404672820076	-0.006374002702679067	0.0
-0.0021569649228413237	-0.006377694473174993	0.0
-0.0021587480657227504	-0.006381386243670918	0.0
-0.0021603083157439983	-0.006385078014166844	0.0
-0.002162091458625425	-0.006388769784662769	0.0
-0.0021638746015068514	-0.0063924615551586945	0.0
-0.002165434851528099	-0.0063961533256546195	0.0
-0.002166772208689169	-0.006400005607911238	0.0
-0.002168332458710417	-0.006403697378407164	0.0
-0.0021698927087316655	-0.006407549660663781	0.0
-0.0021714529587529134	-0.006411241431159707	0.0
-0.0021732361016343397	-0.0064149332016556326	0.0
-0.0021747963516555876	-0.0064186249721515575	0.0
-0.0021763566016768355	-0.006422316742647483	0.0
-0.002178139744558262	-0.006426008513143409	0.0
-0.00217969999457951	-0.006429700283639335	0.0
-0.0021812602446007585	-0.00643339205413526	0.0
-0.0021825976017618284	-0.006437244336391879	0.0
-0.002184157851783076	-0.006440936106887804	0.0
-0.002185718101804324	-0.006444627877383729	0.0
-0.0021872783518255725	-0.0064483196478796545	0.0
-0.002189061494706999	-0.006451850906614888	0.0
-0.002190398851868069	-0.0064555426771108135	0.0
-0.0021919591018893167	-0.0064592344476067385	0.0
-0.002193296459050386	-0.006463086729863357	0.0
-0.0021948567090716345	-0.006466778500359283	0.0
-0.0021964169590928825	-0.006470470270855208	0.0
-0.002197977209114131	-0.006474162041351134	0.0
-0.002199537459135379	-0.006477693300086367	0.0
-0.0022010977091566266	-0.006481385070582293	0.0
-0.0022024350663176965	-0.0064850768410782186	0.0
-0.002203995316338945	-0.0064887686115741436	0.0
-0.002205555566360193	-0.0064924603820700685	0.0
-0.0022071158163814407	-0.006496312664326687	0.0
-0.0022084531735425106	-0.006500004434822612	0.0
-0.002210013423563759	-0.006503856717079231	0.0
-0.002211573673585007	-0.006507548487575157	0.0
-0.0022131339236062552	-0.006511079746310389	0.0
-0.0022146941736275027	-0.006514611005045622	0.0
-0.002216254423648751	-0.006518302775541548	0.0
-0.002217814673669999	-0.006522155057798166	0.0
-0.0022193749236912473	-0.0065258468282940905	0.0
-0.002220712280852317	-0.006529699110550709	0.0
-0.002222272530873565	-0.006533390881046635	0.0
-0.002223832780894813	-0.006537243163303253	0.0
-0.0022253930309160614	-0.006540774422038486	0.0
-0.0022269532809373093	-0.006544466192534412	0.0
-0.0022285135309585576	-0.0065481579630303375	0.0
-0.002229850888119627	-0.0065518497335262625	0.0
-0.0022314111381408755	-0.0065555415040221875	0.0
-0.0022329713881621234	-0.006559393786278806	0.0
-0.0022345316381833717	-0.006563246068535424	0.0
-0.0022360918882046196	-0.00656693783903135	0.0
-0.002237429245365689	-0.006570629609527276	0.0
-0.0022389894953869375	-0.0065743213800232	0.0
-0.0022405497454081854	-0.006577692126997741	0.0
-0.0022421099954294337	-0.006581383897493667	0.0
-0.002243447352590503	-0.006585075667989593	0.0
-0.0022450076026117516	-0.0065889279502462095	0.0
-0.0022465678526329995	-0.006592619720742135	0.0
-0.002247905209794069	-0.006596311491238061	0.0
-0.002249242566955139	-0.006600003261733987	0.0
-0.0022508028169763872	-0.006603695032229912	0.0
-0.0022523630669976356	-0.006607226290965145	0.0
-0.002253923317018883	-0.006610918061461071	0.0
-0.0022554835670401314	-0.006614288808435612	0.0
-0.0022570438170613793	-0.006617980578931537	0.0
-0.0022583811742224492	-0.006621672349427462	0.0
-0.0022599414242436976	-0.0066256851434447735	0.0
-0.002261278781404767	-0.006629376913940699	0.0
-0.002262616138565837	-0.006633068684436624	0.0
-0.0022639534957269065	-0.006636599943171857	0.0
-0.002265513745748155	-0.006640291713667783	0.0
-0.002267073995769403	-0.006643983484163709	0.0
-0.002268634245790651	-0.006647514742898941	0.0
-0.002270194495811899	-0.006651206513394867	0.0
-0.002271754745833147	-0.006654898283890793	0.0
-0.002273092102994217	-0.00665875056614741	0.0
-0.0022746523530154652	-0.006662442336643336	0.0
-0.0022759897101765347	-0.006666294618899954	0.0
-0.0022773270673376047	-0.00666998638939588	0.0
-0.0022788873173588526	-0.006673678159891805	0.0
-0.002280447567380101	-0.006677369930387731	0.0
-0.0022822307102615272	-0.006681061700883656	0.0
-0.002283790960282775	-0.006684913983140274	0.0
-0.002285128317443845	-0.0066886057536362	0.0
-0.002286688567465093	-0.006692458035892818	0.0
-0.0022882488174863413	-0.006696149806388743	0.0
-0.0022898090675075892	-0.006699841576884669	0.0
-0.0022913693175288376	-0.006703693859141287	0.0
-0.002292929567550085	-0.006707385629637212	0.0
-0.0022944898175713334	-0.0067112379118938305	0.0
-0.0022960500675925817	-0.006715090194150448	0.0
-0.0022976103176138296	-0.006718942476407066	0.0
-0.002299170567635078	-0.006722634246902992	0.0
-0.002300730817656326	-0.00672648652915961	0.0
-0.0023022910676775738	-0.006730338811416227	0.0
-0.0023038513176988217	-0.006734191093672846	0.0
-0.00230541156772007	-0.006738043375929464	0.0
-0.0023069718177413183	-0.0067418956581860815	0.0
-0.0023085320677625662	-0.0067455874286820065	0.0
-0.0023100923177838146	-0.006749439710938625	0.0
-0.002311652567805062	-0.006753291993195243	0.0
-0.0023132128178263104	-0.006757144275451861	0.0
-0.0023147730678475583	-0.006760996557708479	0.0
-0.0023163333178688066	-0.006764848839965096	0.0
-0.002317893567890055	-0.006768701122221715	0.0
-0.002319453817911303	-0.006772713916239024	0.0
-0.002321014067932551	-0.006776566198495643	0.0
-0.0023225743179537987	-0.006780578992512953	0.0
-0.0023239116751148686	-0.006784591786530264	0.0
-0.002325471925136117	-0.006788444068786881	0.0
-0.0023270321751573645	-0.0067922963510435	0.0
-0.002328369532318435	-0.006796148633300118	0.0
-0.0023299297823396827	-0.006800000915556735	0.0
-0.002331490032360931	-0.0068040137095740465	0.0
-0.002333050282382179	-0.006808026503591356	0.0
-0.0023343876395432485	-0.006811878785847975	0.0
-0.002335947889564497	-0.00681621260338667	0.0
-0.0023372852467255663	-0.00682022539740398	0.0
-0.0023388454967468147	-0.006824077679660598	0.0
-0.0023401828539078846	-0.006828090473677908	0.0
-0.0023417431039291325	-0.006832103267695218	0.0
-0.002343080461090202	-0.006835955549951836	0.0
-0.0023446407111114504	-0.006839968343969147	0.0
-0.0023459780682725203	-0.006843981137986457	0.0
-0.00234731542543359	-0.006847993932003768	0.0
-0.0023484298897344814	-0.00685216723778177	0.0
-0.0023499901397557293	-0.006856180031799081	0.0
-0.0023511046040566213	-0.006860192825816391	0.0
-0.0023524419612176908	-0.006864205619833701	0.0
-0.0023540022112389387	-0.006868218413851012	0.0
-0.0023553395684000086	-0.006872231207868322	0.0
-0.002356676925561078	-0.006876244001885633	0.0
-0.002358014282722148	-0.006880256795902943	0.0
-0.0023593516398832176	-0.0068842695899202526	0.0
-0.002360688997044288	-0.006888282383937564	0.0
-0.002362026354205358	-0.006892295177954874	0.0
-0.002363140818506249	-0.006896307971972185	0.0
-0.0023644781756673185	-0.006900320765989495	0.0
-0.0023658155328283885	-0.006904333560006805	0.0
-0.0023671528899894584	-0.006908346354024116	0.0
-0.002368490247150528	-0.006912359148041426	0.0
-0.002369827604311598	-0.006916371942058736	0.0
-0.0023709420686124894	-0.006920384736076046	0.0
-0.002372056532913381	-0.006924237018332664	0.0
-0.002373393890074451	-0.006928089300589283	0.0
-0.002374508354375342	-0.0069319415828459005	0.0
-0.002375622818676234	-0.006935954376863211	0.0
-0.0023769601758373035	-0.0069399671708805215	0.0
-0.0023782975329983734	-0.006943979964897832	0.0
-0.0023794119972992646	-0.00694783224715445	0.0
-0.0023807493544603345	-0.00695184504117176	0.0
-0.002381863818761226	-0.00695585783518907	0.0
-0.0023829782830621176	-0.006959710117445689	0.0
-0.0023838698545028307	-0.006963722911462998	0.0
-0.0023852072116639007	-0.006967575193719617	0.0
-0.002386321675964792	-0.0069715879877369265	0.0
-0.0023874361402656833	-0.006975440269993545	0.0
-0.0023887734974267533	-0.006979453064010855	0.0
-0.0023898879617276444	-0.006983465858028166	0.0
-0.0023912253188887143	-0.006987318140284783	0.0
-0.002392562676049784	-0.0069913309343020945	0.0
-0.002393677140350676	-0.006995183216558711	0.0
-0.0023947916046515674	-0.006999196010576023	0.0
-0.0023959060689524585	-0.0070030482928326405	0.0
-0.0023970205332533505	-0.007007061086849951	0.0
-0.0023981349975542416	-0.007011073880867261	0.0
-0.002399249461855133	-0.007015086674884571	0.0
-0.002400586819016203	-0.007019099468901882	0.0
-0.0024019241761772726	-0.0070229517511585	0.0
-0.002403038640478164	-0.00702696454517581	0.0
-0.002404375997639234	-0.00703097733919312	0.0
-0.0024054904619401256	-0.007034990133210431	0.0
-0.002406827819101195	-0.007039002927227741	0.0
-0.002408165176262265	-0.007043015721245052	0.0
-0.0024092796405631566	-0.007047028515262362	0.0
-0.0024106169977242266	-0.007051041309279672	0.0
-0.0024117314620251177	-0.0070552146150576756	0.0
-0.0024130688191861876	-0.0070590668973142924	0.0
-0.002414183283487079	-0.007063079691331604	0.0
-0.0024155206406481487	-0.007067252997109606	0.0
-0.0024166351049490407	-0.0070714263028876095	0.0
-0.00241797246211011	-0.007075439096904919	0.0
-0.00241930981927118	-0.007079612402682922	0.0
-0.0024204242835720712	-0.007083625196700233	0.0
-0.002421761640733141	-0.007087637990717543	0.0
-0.0024230989978942107	-0.007091811296495545	0.0
-0.0024244363550552806	-0.0070958240905128565	0.0
-0.002425773712216351	-0.007099997396290859	0.0
-0.002426888176517242	-0.007104170702068861	0.0
-0.0024282255336783116	-0.007108344007846865	0.0
-0.0024293399979792036	-0.007112517313624867	0.0
-0.002430677355140273	-0.0071166906194028694	0.0
-0.002432014712301343	-0.007120703413420181	0.0
-0.0024333520694624126	-0.0071247162074374905	0.0
-0.002434466533763304	-0.007128889513215494	0.0
-0.0024358038909243736	-0.007132902307232803	0.0
-0.002437141248085444	-0.007137075613010807	0.0
-0.002438255712386335	-0.00714124891878881	0.0
-0.002439593069547405	-0.007145422224566812	0.0
-0.0024409304267084746	-0.007149595530344815	0.0
-0.0024422677838695445	-0.007153608324362125	0.0
-0.002443828033890793	-0.007157621118379436	0.0
-0.0024451653910518623	-0.007161633912396746	0.0
-0.002446279855352754	-0.007165807218174749	0.0
-0.002447617212513824	-0.007169659500431367	0.0
-0.0024489545696748938	-0.007173672294448677	0.0
-0.0024502919268359633	-0.007177685088465988	0.0
-0.0024516292839970332	-0.007181858394243991	0.0
-0.002452966641158103	-0.007185871188261301	0.0
-0.0024543039983191727	-0.00718988398227861	0.0
-0.0024556413554802426	-0.007193896776295922	0.0
-0.002456978712641312	-0.007197909570313231	0.0
-0.002458316069802382	-0.007201922364330543	0.0
-0.0024598763198236304	-0.0072057746465871595	0.0
-0.0024612136769847	-0.007209787440604471	0.0
-0.00246255103414577	-0.007213800234621781	0.0
-0.0024638883913068394	-0.007217813028639091	0.0
-0.0024652257484679093	-0.007221825822656402	0.0
-0.002466563105628979	-0.007225838616673712	0.0
-0.0024679004627900488	-0.00722969089893033	0.0
-0.0024690149270909403	-0.00723370369294764	0.0
-0.0024705751771121882	-0.007237555975204258	0.0
-0.002471912534273258	-0.007241568769221569	0.0
-0.0024732498914343277	-0.007245581563238879	0.0
-0.0024745872485953976	-0.007249433845495497	0.0
-0.002475924605756467	-0.0072534466395128075	0.0
-0.002477039070057359	-0.007257298921769425	0.0
-0.0024783764272184286	-0.007261151204026043	0.0
-0.0024797137843794986	-0.007265003486282662	0.0
-0.0024810511415405685	-0.0072688557685392785	0.0
-0.002482388498701638	-0.00727286856255659	0.0
-0.0024835029630025296	-0.007276720844813207	0.0
-0.0024848403201635995	-0.007280733638830518	0.0
-0.0024861776773246694	-0.007284585921087135	0.0
-0.0024872921416255606	-0.007288438203343754	0.0
-0.00248862949878663	-0.007292290485600372	0.0
-0.002489743963087522	-0.007296142767856989	0.0
-0.0024910813202485916	-0.007300155561874301	0.0
-0.0024921957845494835	-0.0073040078441309175	0.0
-0.002493533141710553	-0.007307860126387536	0.0
-0.002494870498871623	-0.007311712408644154	0.0
-0.002495984963172514	-0.007315725202661464	0.0
-0.002497322320333584	-0.007319577484918082	0.0
-0.0024984367846344756	-0.0073234297671747	0.0
-0.0024997741417955455	-0.0073272820494313185	0.0
-0.002500888606096437	-0.007331134331687936	0.0
-0.0025022259632575066	-0.007335147125705247	0.0
-0.002503340427558398	-0.0073389994079618645	0.0
-0.0025046777847194676	-0.007342851690218482	0.0
-0.0025057922490203596	-0.0073467039724751	0.0
-0.0025069067133212507	-0.0073507167664924105	0.0
-0.0025082440704823203	-0.007354569048749028	0.0
-0.0025093585347832122	-0.007358421331005647	0.0
-0.0025106958919442817	-0.007362273613262265	0.0
-0.0025118103562451737	-0.007366125895518882	0.0
-0.002512924820546065	-0.007370138689536193	0.0
-0.0025142621777071348	-0.007373990971792811	0.0
-0.0025153766420080263	-0.007377843254049429	0.0
-0.0025164911063089174	-0.007381695536306046	0.0
-0.0025178284634699874	-0.007385547818562665	0.0
-0.002518942927770879	-0.0073895606125799745	0.0
-0.002520280284931949	-0.007393412894836593	0.0
-0.00252139474923284	-0.007397265177093211	0.0
-0.0025225092135337315	-0.007401117459349829	0.0
-0.0025236236778346235	-0.007404969741606447	0.0
-0.0025247381421355146	-0.007408982535623757	0.0
-0.002525852606436406	-0.0074128348178803755	0.0
-0.002527189963597476	-0.007416687100136992	0.0
-0.0025285273207585456	-0.007420699894154304	0.0
-0.0025298646779196156	-0.007424552176410921	0.0
-0.002531202035080685	-0.007428404458667539	0.0
-0.0025323164993815766	-0.007432256740924158	0.0
-0.0025336538565426466	-0.007436109023180775	0.0
-0.002534768320843538	-0.007440121817198086	0.0
-0.0025361056780046076	-0.007443974099454703	0.0
-0.0025372201423054996	-0.007447826381711322	0.0
-0.0025383346066063907	-0.007451678663967939	0.0
-0.0025396719637674602	-0.00745569145798525	0.0
-0.00254100932092853	-0.0074597042520025605	0.0
-0.0025423466780896	-0.007463556534259178	0.0
-0.0025436840352506696	-0.007467569328276489	0.0
-0.00254502139241174	-0.0074714216105331065	0.0
-0.0025463587495728095	-0.007475273892789724	0.0
-0.002547473213873701	-0.007479286686807035	0.0
-0.0025488105710347706	-0.0074831389690636525	0.0
-0.0025501479281958405	-0.007487151763080963	0.0
-0.002551262392496732	-0.007491164557098274	0.0
-0.002552599749657802	-0.007495177351115584	0.0
-0.0025539371068188715	-0.007499029633372202	0.0
-0.0025550515711197635	-0.007503042427389512	0.0
-0.0025561660354206546	-0.007507055221406822	0.0
-0.002557503392581724	-0.007511068015424133	0.0
-0.002558840749742794	-0.007515080809441443	0.0
-0.0025599552140436856	-0.0075190936034587545	0.0
-0.002561069678344577	-0.007523266909236757	0.0
-0.0025624070355056467	-0.0075272797032540665	0.0
-0.0025637443926667166	-0.00753145300903207	0.0
-0.002565081749827786	-0.00753546580304938	0.0
-0.002566196214128678	-0.007539799620588075	0.0
-0.0025675335712897476	-0.007543972926366078	0.0
-0.0025686480355906396	-0.0075479857203833885	0.0
-0.0025697624998915307	-0.007552159026161391	0.0
-0.0025708769641924222	-0.007556332331939393	0.0
-0.0025719914284933133	-0.007560666149478089	0.0
-0.0025733287856543833	-0.007564839455256092	0.0
-0.002574443249955275	-0.007569173272794787	0.0
-0.0025757806071163448	-0.007573346578572789	0.0
-0.0025771179642774143	-0.0075776803961114855	0.0
-0.0025782324285783063	-0.007581853701889488	0.0
-0.0025795697857393758	-0.007586187519428183	0.0
-0.0025806842500402673	-0.007590521336966878	0.0
-0.002581798714341159	-0.0075948551545055734	0.0
-0.002583136071502229	-0.007599028460283577	0.0
-0.0025844734286632983	-0.007603362277822272	0.0
-0.0025858107858243683	-0.007607696095360966	0.0
-0.0025869252501252594	-0.007612190424660354	0.0
-0.0025882626072863298	-0.007616524242199049	0.0
-0.002589377071587221	-0.007620858059737745	0.0
-0.0025907144287482904	-0.007625352389037132	0.0
-0.0025918288930491824	-0.007629686206575827	0.0
-0.002593166250210252	-0.007634020024114523	0.0
-0.0025942807145111434	-0.007638514353413911	0.0
-0.002595618071672213	-0.007643008682713298	0.0
-0.002596955428833283	-0.007647503012012686	0.0
-0.0025980698931341744	-0.007651997341312073	0.0
-0.0025994072502952444	-0.007656491670611461	0.0
-0.002600521714596136	-0.007660825488150156	0.0
-0.002601859071757206	-0.007665319817449543	0.0
-0.0026031964289182754	-0.007669814146748931	0.0
-0.0026043108932191665	-0.007674308476048319	0.0
-0.0026056482503802364	-0.007678802805347706	0.0
-0.002606762714681128	-0.007683297134647094	0.0
-0.002608100071842198	-0.007687791463946481	0.0
-0.0026094374290032674	-0.007692285793245869	0.0
-0.0026105518933041594	-0.007696780122545257	0.0
-0.002611889250465229	-0.007701274451844644	0.0
-0.002613226607626299	-0.007705768781144032	0.0
-0.00261434107192719	-0.007710423622204112	0.0
-0.00261567842908826	-0.0077149179515035	0.0
-0.0026167928933891514	-0.007719412280802887	0.0
-0.0026181302505502214	-0.007723906610102275	0.0
-0.002619467607711291	-0.00772824042764097	0.0
-0.002620582072012183	-0.007732734756940357	0.0
-0.0026219194291732524	-0.007737229086239745	0.0
-0.0026232567863343223	-0.0077415629037784406	0.0
-0.0026243712506352134	-0.00774621774483852	0.0
-0.0026257086077962834	-0.007750712074137908	0.0
-0.002626823072097175	-0.0077552064034372955	0.0
-0.0026281604292582444	-0.007759700732736683	0.0
-0.002629274893559136	-0.007764034550275379	0.0
-0.0026306122507202055	-0.007768368367814074	0.0
-0.0026317267150210975	-0.007772862697113461	0.0
-0.002632841179321989	-0.007777196514652157	0.0
-0.00263395564362288	-0.007781530332190852	0.0
-0.002635070107923772	-0.007785864149729547	0.0
-0.0026364074650848416	-0.007790358479028934	0.0
-0.0026375219293857327	-0.00779469229656763	0.0
-0.0026388592865468027	-0.0077991866258670176	0.0
-0.0026401966437078726	-0.007803520443405713	0.0
-0.002641311108008764	-0.007807854260944407	0.0
-0.0026424255723096557	-0.007812348590243795	0.0
-0.0026435400366105473	-0.00781668240778249	0.0
-0.0026444316080512604	-0.007821016225321185	0.0
-0.002645546072352152	-0.007825510554620572	0.0
-0.002646437643792865	-0.007829844372159268	0.0
-0.0026475521080937562	-0.007834178189697965	0.0
-0.002648666572394648	-0.007838672518997352	0.0
-0.0026500039295557177	-0.007843006336536047	0.0
-0.002651118393856609	-0.007847500665835434	0.0
-0.002652232858157501	-0.00785183448337413	0.0
-0.0026533473224583924	-0.007856168300912824	0.0
-0.0026546846796194623	-0.007860662630212211	0.0
-0.0026557991439203534	-0.007864996447750907	0.0
-0.0026566907153610666	-0.007869330265289602	0.0
-0.002657805179661958	-0.00787382459458899	0.0
-0.0026589196439628497	-0.007878158412127686	0.0
-0.002660257001123919	-0.007882652741427073	0.0
-0.002661371465424811	-0.007886986558965768	0.0
-0.0026627088225858807	-0.007891480888265157	0.0
-0.0026640461797469506	-0.007895975217564544	0.0
-0.00266538353690802	-0.007900469546863931	0.0
-0.00266672089406909	-0.007904803364402626	0.0
-0.0026680582512301596	-0.007909297693702013	0.0
-0.0026691727155310515	-0.007913792023001402	0.0
-0.0026702871798319427	-0.007918125840540097	0.0
-0.0026716245369930126	-0.007922620169839484	0.0
-0.002672739001293904	-0.007927114499138872	0.0
-0.0026742992513151525	-0.007931608828438259	0.0
-0.002675636608476222	-0.007936103157737648	0.0
-0.002676973965637292	-0.007940597487037035	0.0
-0.0026783113227983615	-0.007945091816336422	0.0
-0.0026796486799594314	-0.007949425633875117	0.0
-0.0026809860371205013	-0.007953919963174506	0.0
-0.0026821005014213925	-0.007958253780713201	0.0
-0.002683437858582462	-0.007962748110012588	0.0
-0.002684775215743532	-0.007967242439311977	0.0
-0.0026858896800444234	-0.007971897280372056	0.0
-0.0026872270372054934	-0.007976552121432135	0.0
-0.0026887872872267417	-0.007981046450731524	0.0
-0.0026901246443878112	-0.007985380268270219	0.0
-0.002691462001548881	-0.007989874597569606	0.0
-0.0026927993587099507	-0.007994368926868995	0.0
-0.0026941367158710206	-0.00799870274440769	0.0
-0.0026952511801719117	-0.008003036561946385	0.0
-0.0026963656444728037	-0.008007530891245772	0.0
-0.0026977030016338732	-0.00801202522054516	0.0
-0.002699040358794943	-0.008016519549844548	0.0
-0.0027003777159560127	-0.008021174390904627	0.0
-0.0027017150731170826	-0.008025668720204016	0.0
-0.0027030524302781526	-0.008030002537742711	0.0
-0.0027046126802994005	-0.008034496867042098	0.0
-0.002705727144600292	-0.008038830684580793	0.0
-0.002707064501761362	-0.008043003990358795	0.0
-0.002708401858922432	-0.008047498319658184	0.0
-0.0027097392160835014	-0.008051832137196879	0.0
-0.0027110765732445714	-0.008056165954735572	0.0
-0.0027124139304056413	-0.008060660284034961	0.0
-0.0027139741804268888	-0.008064994101573656	0.0
-0.0027153115375879587	-0.008069488430873044	0.0
-0.002716871787609207	-0.008073822248411739	0.0
-0.0027182091447702766	-0.00807799555418974	0.0
-0.002719769394791525	-0.008082329371728435	0.0
-0.002721329644812773	-0.008086663189267132	0.0
-0.0027226670019738428	-0.008090836495045136	0.0
-0.0027240043591349123	-0.008095009800823137	0.0
-0.0027255646091561606	-0.008099343618361832	0.0
-0.0027269019663172306	-0.008103677435900528	0.0
-0.0027284622163384785	-0.008107850741678531	0.0
-0.0027300224663597264	-0.008112184559217226	0.0
-0.0027313598235207963	-0.008116357864995228	0.0
-0.0027329200735420446	-0.008120691682533923	0.0
-0.002734480323563292	-0.008124864988311928	0.0
-0.0027360405735845405	-0.008129198805850623	0.0
-0.0027373779307456104	-0.008133372111628625	0.0
-0.0027389381807668587	-0.008137545417406628	0.0
-0.0027404984307881066	-0.008141879234945323	0.0
-0.002741835787949176	-0.008146052540723325	0.0
-0.0027433960379704245	-0.00815038635826202	0.0
-0.0027449562879916724	-0.008154559664040023	0.0
-0.0027465165380129207	-0.00815889348157872	0.0
-0.0027478538951739902	-0.008163227299117415	0.0
-0.002749414145195238	-0.008167400604895417	0.0
-0.0027509743952164865	-0.00817157391067342	0.0
-0.002752534645237735	-0.008175747216451422	0.0
-0.0027540948952589827	-0.008180081033990117	0.0
-0.0027554322524200522	-0.008184414851528812	0.0
-0.0027569925024413006	-0.0081889091808282	0.0
-0.0027585527524625485	-0.008193082486606202	0.0
-0.002760113002483797	-0.00819757681590559	0.0
-0.0027616732525050447	-0.008201910633444285	0.0
-0.0027632335025262926	-0.00820608393922229	0.0
-0.0027645708596873626	-0.008210417756760985	0.0
-0.002766131109708611	-0.00821475157429968	0.0
-0.002767691359729859	-0.008219085391838375	0.0
-0.0027692516097511067	-0.00822341920937707	0.0
-0.0027708118597723546	-0.008227753026915766	0.0
-0.002772149216933425	-0.008232086844454459	0.0
-0.0027734865740944945	-0.008236581173753848	0.0
-0.0027750468241157424	-0.008241075503053235	0.0
-0.0027766070741369908	-0.00824540932059193	0.0
-0.0027779444312980607	-0.008249743138130625	0.0
-0.002779504681319308	-0.00825407695566932	0.0
-0.0027810649313405565	-0.008258410773208016	0.0
-0.0027824022885016265	-0.008262905102507403	0.0
-0.002783739645662696	-0.0082672389200461	0.0
-0.002785077002823766	-0.008271733249345487	0.0
-0.002786414359984836	-0.008276067066884182	0.0
-0.0027877517171459054	-0.008280561396183569	0.0
-0.0027893119671671537	-0.008284895213722264	0.0
-0.0027908722171884016	-0.008289389543021653	0.0
-0.002792209574349471	-0.008293723360560348	0.0
-0.0027935469315105415	-0.008298217689859735	0.0
-0.002794884288671611	-0.00830255150739843	0.0
-0.002796221645832681	-0.008306885324937126	0.0
-0.002797336110133572	-0.008311379654236513	0.0
-0.002798673467294642	-0.008315713471775208	0.0
-0.002800010824455712	-0.008320047289313903	0.0
-0.0028013481816167815	-0.00832454161861329	0.0
-0.0028026855387778514	-0.008328875436151986	0.0
-0.0028042457887990997	-0.008333369765451373	0.0
-0.0028055831459601692	-0.008337703582990068	0.0
-0.0028071433959814176	-0.008342197912289457	0.0
-0.002808480753142487	-0.008346692241588844	0.0
-0.002809818110303557	-0.008351026059127539	0.0
-0.002810932574604448	-0.008355359876666234	0.0
-0.002812269931765518	-0.008359854205965621	0.0
-0.0028138301817867664	-0.008364188023504318	0.0
-0.002815167538947836	-0.008368682352803705	0.0
-0.0028167277889690843	-0.008373176682103094	0.0
-0.0028180651461301542	-0.008377671011402481	0.0
-0.002819625396151402	-0.008382004828941176	0.0
-0.00282118564617265	-0.008386338646479871	0.0
-0.00282252300333372	-0.008390832975779259	0.0
-0.002824083253354968	-0.008395327305078646	0.0
-0.0028254206105160374	-0.008399821634378035	0.0
-0.0028269808605372857	-0.008404476475438113	0.0
-0.002828541110558534	-0.008408970804737502	0.0
-0.002830101360579782	-0.00841346513403689	0.0
-0.0028314387177408515	-0.008417959463336276	0.0
-0.0028329989677621	-0.008422453792635664	0.0
-0.0028345592177833477	-0.008426948121935052	0.0
-0.002836119467804596	-0.00843144245123444	0.0
-0.002837456824965666	-0.008435936780533827	0.0
-0.002839017074986914	-0.008440431109833215	0.0
-0.002840577325008162	-0.008444925439132603	0.0
-0.00284213757502941	-0.00844941976843199	0.0
-0.002843697825050658	-0.00845407460949207	0.0
-0.0028452580750719064	-0.008458568938791457	0.0
-0.0028468183250931543	-0.008463063268090846	0.0
-0.002848378575114402	-0.008467557597390233	0.0
-0.0028499388251356506	-0.00847205192668962	0.0
-0.0028512761822967205	-0.008476546255989008	0.0
-0.0028528364323179684	-0.008480880073527703	0.0
-0.002854173789479038	-0.008485374402827092	0.0
-0.0028557340395002863	-0.008489708220365787	0.0
-0.002857294289521534	-0.008494202549665174	0.0
-0.0028588545395427825	-0.008498696878964561	0.0
-0.002860191896703852	-0.008503191208263948	0.0
-0.0028617521467251003	-0.008507685537563337	0.0
-0.0028633123967463482	-0.008512179866862724	0.0
-0.002864649753907418	-0.008516513684401419	0.0
-0.0028659871110684877	-0.008521008013700806	0.0
-0.002867547361089736	-0.008525341831239501	0.0
-0.0028688847182508056	-0.008529675648778197	0.0
-0.0028702220754118755	-0.008534009466316892	0.0
-0.0028715594325729454	-0.008538503795616279	0.0
-0.0028731196825941933	-0.008542837613154974	0.0
-0.002874234146895085	-0.008547331942454363	0.0
-0.0028753486111959764	-0.008551665759993056	0.0
-0.0028769088612172243	-0.008556160089292445	0.0
-0.002878023325518116	-0.00856049390683114	0.0
-0.002879360682679186	-0.008564988236130527	0.0
-0.002880920932700434	-0.008569322053669224	0.0
-0.0028822582898615037	-0.008573816382968611	0.0
-0.0028835956470225736	-0.008578310712267999	0.0
-0.0028847101113234647	-0.008582644529806694	0.0
-0.0028860474684845347	-0.008587138859106083	0.0
-0.0028871619327854262	-0.008591472676644778	0.0
-0.002888499289946496	-0.008595967005944165	0.0
-0.0028898366471075657	-0.008600461335243552	0.0
-0.0028909511114084572	-0.00860495566454294	0.0
-0.002892288468569527	-0.008609289482081634	0.0
-0.002893625825730597	-0.008613783811381023	0.0
-0.0028949631828916666	-0.00861827814068041	0.0
-0.0028963005400527366	-0.008622772469979797	0.0
-0.0028974150043536277	-0.008627266799279186	0.0
-0.0028987523615146976	-0.008631761128578573	0.0
-0.002899866825815589	-0.00863625545787796	0.0
-0.0029012041829766587	-0.008640749787177349	0.0
-0.0029025415401377286	-0.008645244116476736	0.0
-0.00290365600443862	-0.008649738445776123	0.0
-0.00290499336159969	-0.008654393286836204	0.0
-0.00290633071876076	-0.008659048127896283	0.0
-0.0029076680759218296	-0.008663542457195672	0.0
-0.0029087825402227207	-0.008668036786495059	0.0
-0.0029098970045236127	-0.008672531115794446	0.0
-0.0029110114688245038	-0.008677185956854527	0.0
-0.0029121259331253953	-0.008681840797914607	0.0
-0.0029132403974262873	-0.008686335127213994	0.0
-0.002914577754587357	-0.008690989968274075	0.0
-0.0029156922188882483	-0.008695644809334154	0.0
-0.002917029576049318	-0.008700299650394233	0.0
-0.002918366933210388	-0.008704954491454314	0.0
-0.0029194813975112793	-0.008709609332514393	0.0
-0.0029205958618121705	-0.008714264173574474	0.0
-0.0029217103261130624	-0.00871875850287386	0.0
-0.0029226018975537756	-0.008723413343933941	0.0
-0.002923716361854667	-0.008728228696754714	0.0
-0.0029248308261555583	-0.008732883537814795	0.0
-0.0029259452904564502	-0.008737538378874874	0.0
-0.0029272826476175197	-0.008742353731695646	0.0
-0.0029286200047785897	-0.008747008572755727	0.0
-0.002929734469079481	-0.008751663413815808	0.0
-0.002930626040520194	-0.008756318254875887	0.0
-0.0029317405048210855	-0.00876113360769666	0.0
-0.0029326320762617986	-0.008765788448756738	0.0
-0.0029337465405626906	-0.00877044328981682	0.0
-0.0029348610048635817	-0.008775258642637592	0.0
-0.0029359754691644733	-0.00877991348369767	0.0
-0.002937089933465365	-0.008784568324757751	0.0
-0.0029384272906264343	-0.008789062654057139	0.0
-0.0029395417549273263	-0.00879371749511722	0.0
-0.0029406562192282174	-0.008798532847937992	0.0
-0.002941770683529109	-0.008803187688998073	0.0
-0.00294288514783	-0.008807842530058152	0.0
-0.002943999612130892	-0.008812497371118232	0.0
-0.0029451140764317836	-0.008817152212178313	0.0
-0.0029462285407326747	-0.008821807053238392	0.0
-0.0029475658978937447	-0.008826301382537781	0.0
-0.0029489032550548146	-0.00883095622359786	0.0
-0.002950017719355706	-0.008835611064657939	0.0
-0.0029511321836565973	-0.008840105393957326	0.0
-0.0029522466479574893	-0.008844760235017407	0.0
-0.0029533611122583804	-0.008849415076077486	0.0
-0.002954475576559272	-0.008854069917137566	0.0
-0.0029555900408601635	-0.008858724758197647	0.0
-0.002956704505161055	-0.008863219087497034	0.0
-0.0029578189694619466	-0.008867713416796421	0.0
-0.0029591563266230165	-0.00887220774609581	0.0
-0.002960493683784086	-0.008876702075395197	0.0
-0.002961831040945156	-0.008881356916455278	0.0
-0.002962945505246047	-0.008886011757515357	0.0
-0.0029640599695469386	-0.008890666598575438	0.0
-0.00296517443384783	-0.008895160927874825	0.0
-0.0029662888981487217	-0.008899815768934905	0.0
-0.0029674033624496133	-0.008904310098234293	0.0
-0.002968517826750505	-0.008908964939294373	0.0
-0.0029696322910513964	-0.00891345926859376	0.0
-0.0029709696482124663	-0.008918114109653841	0.0
-0.0029725298982337138	-0.008922608438953228	0.0
-0.0029736443625346057	-0.008927263280013309	0.0
-0.0029749817196956753	-0.008931757609312696	0.0
-0.002976096183996567	-0.008936412450372777	0.0
-0.0029772106482974584	-0.008940906779672164	0.0
-0.002978548005458528	-0.008945401108971551	0.0
-0.002979885362619598	-0.00894989543827094	0.0
-0.0029809998269204893	-0.008954389767570327	0.0
-0.0029823371840815593	-0.008959044608630408	0.0
-0.002983674541242629	-0.008963538937929795	0.0
-0.0029850118984036987	-0.008968033267229182	0.0
-0.00298612636270459	-0.008972688108289262	0.0
-0.00298746371986566	-0.00897718243758865	0.0
-0.0029885781841665513	-0.008981516255127345	0.0
-0.0029899155413276213	-0.008986010584426732	0.0
-0.002991030005628513	-0.00899050491372612	0.0
-0.0029923673627895828	-0.008994999243025508	0.0
-0.0029937047199506523	-0.008999654084085588	0.0
-0.0029950420771117222	-0.009004148413384976	0.0
-0.0029961565414126133	-0.009008642742684363	0.0
-0.0029974938985736833	-0.00901313707198375	0.0
-0.002998608362874575	-0.009017631401283139	0.0
-0.0029999457200356448	-0.009022125730582526	0.0
-0.0030012830771967143	-0.009026620059881913	0.0
-0.0030026204343577842	-0.009031114389181302	0.0
-0.0030037348986586758	-0.009035608718480689	0.0
-0.0030050722558197457	-0.009040103047780076	0.0
-0.0030064096129808152	-0.009044597377079465	0.0
-0.003007746970141885	-0.009049091706378852	0.0
-0.0030090843273029547	-0.009053586035678239	0.0
-0.0030104216844640246	-0.009058080364977626	0.0
-0.003011759041625094	-0.009062574694277015	0.0
-0.003012873505925986	-0.009067069023576402	0.0
-0.0030142108630870556	-0.009071563352875789	0.0
-0.0030155482202481256	-0.009076057682175178	0.0
-0.0030168855774091955	-0.009080552011474565	0.0
-0.003018222934570265	-0.009085046340773952	0.0
-0.003019560291731335	-0.009089540670073339	0.0
-0.0030208976488924045	-0.009093874487612034	0.0
-0.0030222350060534744	-0.009098368816911423	0.0
-0.0030237952560747228	-0.009102542122689425	0.0
-0.0030253555060959702	-0.009107036451988813	0.0
-0.00302669286325704	-0.0091115307812882	0.0
-0.00302803022041811	-0.009116185622348281	0.0
-0.0030293675775791796	-0.009120679951647668	0.0
-0.003030927827600428	-0.009125013769186363	0.0
-0.003032265184761498	-0.00912950809848575	0.0
-0.003033825434782746	-0.009133681404263754	0.0
-0.0030351627919438158	-0.009138175733563141	0.0
-0.0030367230419650637	-0.009142670062862528	0.0
-0.003038283291986312	-0.009147003880401223	0.0
-0.0030396206491473815	-0.00915149820970061	0.0
-0.0030411808991686294	-0.009155992538999999	0.0
-0.0030427411491898777	-0.009160486868299386	0.0
-0.0030440785063509473	-0.009164820685838083	0.0
-0.0030456387563721956	-0.009169154503376778	0.0
-0.0030471990063934435	-0.009173648832676165	0.0
-0.0030485363635545134	-0.00917798265021486	0.0
-0.0030503195064359397	-0.009182476979514248	0.0
-0.003051879756457188	-0.009186810797052943	0.0
-0.003053440006478436	-0.009191305126352332	0.0
-0.003055000256499684	-0.009195799455651719	0.0
-0.003056337613660754	-0.009200293784951106	0.0
-0.003057897863682002	-0.009204788114250493	0.0
-0.00305945811370325	-0.009209121931789188	0.0
-0.0030612412565846764	-0.009213616261088577	0.0
-0.0030628015066059243	-0.009217950078627272	0.0
-0.0030643617566271726	-0.00922244440792666	0.0
-0.003066144899508599	-0.009226938737226046	0.0
-0.0030679280423900257	-0.009231433066525433	0.0
-0.003069711185271452	-0.009235927395824822	0.0
-0.0030712714352926994	-0.009240582236884901	0.0
-0.0030728316853139478	-0.00924507656618429	0.0
-0.0030743919353351957	-0.009249410383722985	0.0
-0.003075952185356444	-0.009253904713022372	0.0
-0.0030777353282378703	-0.00925839904232176	0.0
-0.0030795184711192966	-0.00926305388338184	0.0
-0.003081301614000723	-0.009267548212681227	0.0
-0.0030830847568821492	-0.009272042541980616	0.0
-0.0030846450069033976	-0.009276697383040695	0.0
-0.003086428149784824	-0.009281352224100776	0.0
-0.003087988399806072	-0.009285846553400163	0.0
-0.00308954864982732	-0.00929034088269955	0.0
-0.0030911088998485685	-0.009294835211998939	0.0
-0.0030928920427299948	-0.009299490053059018	0.0
-0.003094675185611421	-0.009303984382358407	0.0
-0.0030962354356326694	-0.009308639223418486	0.0
-0.0030982414713742737	-0.009313133552717874	0.0
-0.003099801721395522	-0.009317788393777953	0.0
-0.0031015848642769483	-0.009322443234838034	0.0
-0.003103145114298196	-0.009326937564137421	0.0
-0.0031047053643194445	-0.009331592405197502	0.0
-0.0031062656143406924	-0.009336086734496889	0.0
-0.003108048757222119	-0.009340581063796278	0.0
-0.0031093861143831887	-0.009345235904856357	0.0
-0.0031109463644044366	-0.009349730234155744	0.0
-0.003112506614425685	-0.009354385075215823	0.0
-0.0031142897573071112	-0.00935887940451521	0.0
-0.003115850007328359	-0.00936353424557529	0.0
-0.003117633150209786	-0.009368028574874678	0.0
-0.003119193400231034	-0.009372683415934759	0.0
-0.003120753650252282	-0.009377177745234146	0.0
-0.0031220910074133516	-0.009381832586294226	0.0
-0.0031234283645744216	-0.009386326915593613	0.0
-0.0031249886145956695	-0.009390821244893002	0.0
-0.003126325971756739	-0.00939531557419239	0.0
-0.0031278862217779873	-0.009399809903491776	0.0
-0.0031294464717992357	-0.009404304232791164	0.0
-0.003130783828960305	-0.009408798562090552	0.0
-0.003132344078981553	-0.00941329289138994	0.0
-0.003133681436142623	-0.009417626708928635	0.0
-0.0031350187933036925	-0.00942196052646733	0.0
-0.0031363561504647625	-0.009426454855766717	0.0
-0.003137470614765654	-0.009430949185066104	0.0
-0.0031385850790665456	-0.009435283002604801	0.0
-0.0031399224362276155	-0.00943977733190419	0.0
-0.0031412597933886855	-0.009444111149442885	0.0
-0.003142597150549755	-0.009448605478742272	0.0
-0.003143934507710825	-0.009452939296280967	0.0
-0.0031452718648718944	-0.009457273113819662	0.0
-0.003146386329172786	-0.009461606931358358	0.0
-0.0031475007934736775	-0.009465940748897053	0.0
-0.0031486152577745686	-0.009470274566435748	0.0
-0.0031497297220754606	-0.009474608383974443	0.0
-0.00315106707923653	-0.009478781689752445	0.0
-0.003152181543537422	-0.00948311550729114	0.0
-0.0031535189006984916	-0.009487449324829835	0.0
-0.0031548562578595615	-0.009491783142368532	0.0
-0.0031559707221604527	-0.009496116959907227	0.0
-0.0031573080793215226	-0.009500611289206614	0.0
-0.003158422543622414	-0.00950494510674531	0.0
-0.0031593141150631273	-0.009509278924284005	0.0
-0.0031604285793640184	-0.0095136127418227	0.0
-0.003161765936525089	-0.009517946559361395	0.0
-0.0031631032936861583	-0.00952228037690009	0.0
-0.0031644406508472282	-0.009526614194438785	0.0
-0.003166000900868476	-0.009531108523738173	0.0
-0.0031671153651693677	-0.009535442341276868	0.0
-0.0031684527223304376	-0.009539936670576255	0.0
-0.003169790079491507	-0.00954427048811495	0.0
-0.003171127436652577	-0.009548604305653645	0.0
-0.0031722419009534686	-0.009553098634953032	0.0
-0.0031735792581145386	-0.009557592964252421	0.0
-0.003174916615275608	-0.009561926781791116	0.0
-0.003176476865296856	-0.009566421111090503	0.0
-0.003177814222457926	-0.00957091544038989	0.0
-0.0031791515796189954	-0.009575409769689278	0.0
-0.0031804889367800654	-0.009579904098988666	0.0
-0.003181826293941135	-0.009584398428288054	0.0
-0.0031831636511022053	-0.00958889275758744	0.0
-0.003184723901123453	-0.00959338708688683	0.0
-0.0031858383654243447	-0.009597720904425525	0.0
-0.0031871757225854147	-0.009602215233724913	0.0
-0.003188513079746484	-0.0096067095630243	0.0
-0.0031896275440473757	-0.009611203892323688	0.0
-0.003190519115488089	-0.009615858733383768	0.0
-0.0031916335797889804	-0.009620353062683155	0.0
-0.0031929709369500504	-0.009624847391982544	0.0
-0.003194085401250942	-0.009629341721281931	0.0
-0.003194976972691655	-0.009633675538820627	0.0
-0.003196091436992546	-0.009638169868120014	0.0
-0.003197205901293438	-0.009642503685658709	0.0
-0.0031983203655943293	-0.009646998014958096	0.0
-0.0031992119370350424	-0.009651331832496791	0.0
-0.003200326401335934	-0.00965582616179618	0.0
-0.003201217972776647	-0.009660159979334875	0.0
-0.0032021095442173603	-0.009664493796873569	0.0
-0.003203224008518252	-0.009668827614412264	0.0
-0.0032043384728191434	-0.009673000920190267	0.0
-0.0032052300442598565	-0.009677334737728962	0.0
-0.003206344508560748	-0.009681508043506964	0.0
-0.003207236080001461	-0.009685841861045659	0.0
-0.0032081276514421744	-0.009689854655062972	0.0
-0.003209242115743066	-0.009694027960840974	0.0
-0.003210133687183779	-0.009698201266618977	0.0
-0.0032114710443448486	-0.009702374572396978	0.0
-0.0032125855086457406	-0.009706547878174982	0.0
-0.00321392286580681	-0.009710721183952983	0.0
-0.003215037330107701	-0.009714894489730988	0.0
-0.003216151794408593	-0.00971906779550899	0.0
-0.0032172662587094847	-0.009722920077765608	0.0
-0.003218380723010376	-0.009726932871782917	0.0
-0.003219495187311268	-0.00973110617756092	0.0
-0.003220609651612159	-0.009735118971578232	0.0
-0.0032217241159130505	-0.009739292277356235	0.0
-0.0032230614730741204	-0.009743305071373545	0.0
-0.0032241759373750115	-0.009747317865390855	0.0
-0.0032252904016759035	-0.009751491171168858	0.0
-0.003226627758836973	-0.00975550396518617	0.0
-0.0032277422231378645	-0.009759516759203479	0.0
-0.003228856687438756	-0.009763690064981482	0.0
-0.0032299711517396476	-0.009767702858998792	0.0
-0.003230862723180361	-0.009771715653016102	0.0
-0.003231754294621074	-0.009775728447033413	0.0
-0.003232868758921965	-0.009779741241050723	0.0
-0.003233760330362678	-0.009783914546828726	0.0
-0.00323487479466357	-0.009787927340846036	0.0
-0.0032357663661042833	-0.009791940134863345	0.0
-0.003236880830405175	-0.00979611344064135	0.0
-0.003237772401845888	-0.00980012623465866	0.0
-0.003238663973286601	-0.00980413902867597	0.0
-0.0032395555447273143	-0.00980815182269328	0.0
-0.003240224223307849	-0.009812325128471282	0.0
-0.0032411157947485622	-0.009816337922488594	0.0
-0.0032420073661892754	-0.009820511228266597	0.0
-0.0032426760447698106	-0.009824524022283907	0.0
-0.0032435676162105237	-0.009828536816301216	0.0
-0.003244459187651237	-0.00983271012207922	0.0
-0.00324535075909195	-0.009836722916096531	0.0
-0.003246019437672485	-0.00984073571011384	0.0
-0.003246911009113198	-0.009844909015891844	0.0
-0.0032478025805539115	-0.009848921809909154	0.0
-0.0032484712591344463	-0.009852934603926463	0.0
-0.0032493628305751594	-0.009857107909704468	0.0
-0.0032500315091556946	-0.009861120703721778	0.0
-0.0032509230805964078	-0.00986529400949978	0.0
-0.003251591759176942	-0.009869306803517091	0.0
-0.0032522604377574773	-0.009873480109295093	0.0
-0.0032531520091981904	-0.009877492903312402	0.0
-0.003253820687778725	-0.009881505697329715	0.0
-0.0032544893663592604	-0.009885518491347025	0.0
-0.003255158044939795	-0.009889531285364335	0.0
-0.00325582672352033	-0.009893704591142336	0.0
-0.0032564954021008646	-0.00989771738515965	0.0
-0.003257386973541578	-0.00990189069093765	0.0
-0.003258278544982291	-0.00990590348495496	0.0
-0.003258947223562826	-0.009909916278972272	0.0
-0.0032596159021433613	-0.009914089584750273	0.0
-0.003260284580723896	-0.009918102378767583	0.0
-0.003260953259304431	-0.009922115172784896	0.0
-0.0032613990450247876	-0.009926288478562898	0.0
-0.003261844830745144	-0.009930461784340901	0.0
-0.0032627364021858576	-0.00993447457835821	0.0
-0.003263405080766392	-0.009938647884136212	0.0
-0.003264296652207105	-0.009942821189914217	0.0
-0.003265188223647818	-0.009946833983931527	0.0
-0.0032658569022283534	-0.009950846777948837	0.0
-0.003266525580808888	-0.009954859571966148	0.0
-0.0032671942593894233	-0.00995903287774415	0.0
-0.003267862937969958	-0.009963045671761461	0.0
-0.003268531616550493	-0.009967218977539464	0.0
-0.003269200295131028	-0.009971392283317466	0.0
-0.0032698689737115628	-0.009975405077334777	0.0
-0.003270760545152276	-0.009979578383112779	0.0
-0.003271429223732811	-0.009983591177130088	0.0
-0.003272097902313346	-0.009987764482908093	0.0
-0.0032727665808938806	-0.009991777276925403	0.0
-0.0032734352594744154	-0.009995950582703406	0.0
-0.0032743268309151285	-0.010000123888481408	0.0
-0.0032749955094956637	-0.010004136682498718	0.0
-0.0032756641880761985	-0.01000830998827672	0.0
-0.0032763328666567336	-0.010012483294054726	0.0
-0.003277001545237268	-0.010016656599832727	0.0
-0.003277670223817803	-0.010020669393850037	0.0
-0.00327811600953816	-0.01002484269962804	0.0
-0.0032787846881186943	-0.01002885549364535	0.0
-0.0032794533666992295	-0.010033028799423355	0.0
-0.0032801220452797646	-0.010037202105201357	0.0
-0.003281013616720478	-0.01004137541097936	0.0
-0.003281905188161191	-0.01004538820499667	0.0
-0.0032825738667417257	-0.010049561510774671	0.0
-0.003283242545322261	-0.010053734816552674	0.0
-0.003283911223902795	-0.010057747610569986	0.0
-0.003284357009623152	-0.010061920916347989	0.0
-0.0032848027953435084	-0.010065933710365299	0.0
-0.003285694366784222	-0.010069946504382608	0.0
-0.0032863630453647567	-0.010073959298399918	0.0
-0.00328725461680547	-0.010077972092417231	0.0
-0.0032883690811063614	-0.010081824374673847	0.0
-0.003289037759686896	-0.01008599768045185	0.0
-0.003289706438267431	-0.010089849962708468	0.0
-0.003290375116847966	-0.010093702244965088	0.0
-0.0032910437954285013	-0.010097715038982397	0.0
-0.003291712474009036	-0.010101567321239015	0.0
-0.003292381152589571	-0.010105419603495631	0.0
-0.003293272724030284	-0.01010927188575225	0.0
-0.0032943871883311755	-0.010113124168008868	0.0
-0.0032952787597718886	-0.010116976450265486	0.0
-0.003296170331212602	-0.010120828732522106	0.0
-0.003296839009793137	-0.010124359991257338	0.0
-0.00329773058123385	-0.010128051761753262	0.0
-0.0032983992598143845	-0.01013174353224919	0.0
-0.003299290831255098	-0.010135435302745114	0.0
-0.003300182402695811	-0.01013912707324104	0.0
-0.0033010739741365243	-0.010142818843736965	0.0
-0.003301965545577238	-0.010146350102472198	0.0
-0.003302857117017951	-0.010149881361207432	0.0
-0.0033037486884586642	-0.010153412619942664	0.0
-0.0033046402598993774	-0.010156943878677898	0.0
-0.003305308938479912	-0.010160475137413132	0.0
-0.0033062005099206253	-0.010164006396148364	0.0
-0.00330686918850116	-0.010167537654883598	0.0
-0.003307760759941873	-0.010170908401858136	0.0
-0.0033086523313825868	-0.010174279148832678	0.0
-0.0033095439028233	-0.010177649895807219	0.0
-0.0033102125814038342	-0.01018102064278176	0.0
-0.0033108812599843694	-0.0101843913897563	0.0
-0.0033117728314250826	-0.010187762136730841	0.0
-0.0033122186171454394	-0.010190811860183998	0.0
-0.0033131101885861525	-0.010194182607158538	0.0
-0.0033137788671666877	-0.010197392842372387	0.0
-0.003314447545747222	-0.010200763589346927	0.0
-0.0033151162243277572	-0.010203973824560775	0.0
-0.003315562010048114	-0.010207184059774624	0.0
-0.0033162306886286483	-0.010210394294988472	0.0
-0.003316676474349005	-0.010213604530202319	0.0
-0.0033168993672091835	-0.010216493741894784	0.0
-0.0033175680457897183	-0.010219703977108632	0.0
-0.003318013831510075	-0.010222753700561787	0.0
-0.0033184596172304314	-0.010225803424014943	0.0
-0.00331868251009061	-0.0102288531474681	0.0
-0.0033191282958109666	-0.010231902870921255	0.0
-0.003319574081531323	-0.010234952594374411	0.0
-0.0033197969743915014	-0.010237841806066876	0.0
-0.0033200198672516798	-0.01024089152952003	0.0
-0.0033200198672516798	-0.010243941252973187	0.0
-0.0033202427601118577	-0.01024683046466565	0.0
-0.003320465652972036	-0.010249719676358113	0.0
-0.0033206885458322145	-0.010252608888050577	0.0
-0.003320911438692393	-0.01025549809974304	0.0
-0.003320911438692393	-0.010258547823196197	0.0
-0.003320911438692393	-0.010261276523127966	0.0
-0.003320911438692393	-0.01026416573482043	0.0
-0.003320911438692393	-0.010267054946512895	0.0
-0.003320911438692393	-0.010269944158205356	0.0
-0.003320911438692393	-0.010272672858137129	0.0
-0.003320911438692393	-0.0102754015580689	0.0
-0.003320911438692393	-0.010278290769761363	0.0
-0.003320911438692393	-0.010281019469693136	0.0
-0.003320911438692393	-0.010283748169624905	0.0
-0.003320911438692393	-0.010286476869556676	0.0
-0.0033206885458322145	-0.010289205569488447	0.0
-0.0033206885458322145	-0.01029193426942022	0.0
-0.0033206885458322145	-0.010294502457591299	0.0
-0.0033206885458322145	-0.010297070645762374	0.0
-0.003320465652972036	-0.010299799345694147	0.0
-0.003320465652972036	-0.010302367533865226	0.0
-0.003320465652972036	-0.010304935722036303	0.0
-0.003320465652972036	-0.01030734339844669	0.0
-0.003320465652972036	-0.01030991158661777	0.0
-0.003320465652972036	-0.010312479774788849	0.0
-0.0033206885458322145	-0.010315047962959926	0.0
-0.003320465652972036	-0.010317616151131003	0.0
-0.0033206885458322145	-0.01032002382754139	0.0
-0.003320911438692393	-0.010322431503951776	0.0
-0.003320911438692393	-0.010324999692122855	0.0
-0.003320911438692393	-0.010327407368533242	0.0
-0.003321134331552571	-0.010329654533182936	0.0
-0.0033213572244127493	-0.010332062209593323	0.0
-0.0033215801172729277	-0.010334469886003709	0.0
-0.003321803010133106	-0.010336877562414096	0.0
-0.003322248795853463	-0.010339445750585173	0.0
-0.0033226945815738192	-0.010341692915234868	0.0
-0.003322917474433997	-0.010344100591645254	0.0
-0.0033233632601543544	-0.010346347756294947	0.0
-0.0033238090458747108	-0.010348755432705335	0.0
-0.003324031938734889	-0.010351163109115718	0.0
-0.0033244777244552455	-0.010353410273765412	0.0
-0.0033249235101756023	-0.010355657438415107	0.0
-0.0033253692958959587	-0.010358065114825492	0.0
-0.003326037974476494	-0.01036047279123588	0.0
-0.0033264837601968502	-0.010362880467646265	0.0
-0.003326929545917207	-0.010365127632295959	0.0
-0.0033275982244977418	-0.010367535308706346	0.0
-0.003328044010218098	-0.010369942985116731	0.0
-0.003328489795938455	-0.010372190149766425	0.0
-0.0033289355816588113	-0.01037443731441612	0.0
-0.0033296042602393465	-0.010376844990826506	0.0
-0.0033300500459597033	-0.010379092155476199	0.0
-0.0033304958316800596	-0.010381499831886586	0.0
-0.0033311645102605944	-0.010383907508296972	0.0
-0.003331610295980951	-0.010386154672946665	0.0
-0.0033320560817013075	-0.010388562349357052	0.0
-0.0033325018674216643	-0.010390809514006746	0.0
-0.0033329476531420207	-0.01039305667865644	0.0
-0.0033333934388623775	-0.010395303843306133	0.0
-0.003333839224582734	-0.01039771151971652	0.0
-0.003334285010303091	-0.010399958684366214	0.0
-0.0033347307960234474	-0.010402205849015907	0.0
-0.003335176581743804	-0.010404613525426295	0.0
-0.003335399474603982	-0.010406860690075988	0.0
-0.003335845260324339	-0.01040894734296499	0.0
-0.0033360681531845173	-0.010411194507614683	0.0
-0.0033365139389048737	-0.010413441672264377	0.0
-0.003336736831765052	-0.010415528325153378	0.0
-0.0033369597246252305	-0.01041761497804238	0.0
-0.0033371826174854085	-0.010419862142692074	0.0
-0.003337405510345587	-0.010421948795581074	0.0
-0.0033376284032057653	-0.010424035448470075	0.0
-0.0033376284032057653	-0.010426282613119769	0.0
-0.0033380741889261216	-0.01042836926600877	0.0
-0.0033380741889261216	-0.01043029540713708	0.0
-0.0033382970817863	-0.01043222154826539	0.0
-0.0033385199746464784	-0.010434308201154392	0.0
-0.003338742867506657	-0.010436394854043393	0.0
-0.003338742867506657	-0.010438320995171701	0.0
-0.003338742867506657	-0.01044024713630001	0.0
-0.0033389657603668348	-0.01044233378918901	0.0
-0.0033389657603668348	-0.010444099418556627	0.0
-0.003339188653227013	-0.010446025559684937	0.0
-0.003339188653227013	-0.010447791189052555	0.0
-0.0033394115460871916	-0.010449717330180863	0.0
-0.00333963443894737	-0.01045164347130917	0.0
-0.00333963443894737	-0.010453409100676787	0.0
-0.00333963443894737	-0.010455335241805096	0.0
-0.003339857331807548	-0.010457100871172713	0.0
-0.003339857331807548	-0.01045886650054033	0.0
-0.003339857331807548	-0.010460632129907946	0.0
-0.0033400802246677263	-0.01046223724751487	0.0
-0.0033403031175279047	-0.010464002876882487	0.0
-0.003340526010388083	-0.010465607994489411	0.0
-0.003340526010388083	-0.010467373623857027	0.0
-0.003340748903248261	-0.010468978741463951	0.0
-0.003340748903248261	-0.010470744370831567	0.0
-0.00334097179610844	-0.010472188976677801	0.0
-0.003341194688968618	-0.010473633582524032	0.0
-0.003341194688968618	-0.010475238700130955	0.0
-0.0033414175818287963	-0.01047684381773788	0.0
-0.003341640474688974	-0.010478288423584111	0.0
-0.003341863367549153	-0.010479733029430343	0.0
-0.0033423091532695094	-0.010481177635276576	0.0
-0.0033423091532695094	-0.010482622241122806	0.0
-0.0033425320461296874	-0.01048406684696904	0.0
-0.003342754938989866	-0.010485350941054579	0.0
-0.003342977831850044	-0.010486635035140118	0.0
-0.0033432007247102226	-0.010487919129225658	0.0
-0.0033434236175704005	-0.010489203223311195	0.0
-0.0033436465104305793	-0.010490326805636043	0.0
-0.0033438694032907573	-0.010491610899721582	0.0
-0.0033443151890111137	-0.010492894993807123	0.0
-0.0033445380818712925	-0.01049401857613197	0.0
-0.003344983867591649	-0.010495302670217508	0.0
-0.0033452067604518277	-0.010496426252542355	0.0
-0.0033454296533120056	-0.010497549834867203	0.0
-0.003345875439032362	-0.010498512905431356	0.0
-0.003346098331892541	-0.010499475975995511	0.0
-0.003346544117612897	-0.010500599558320358	0.0
-0.003346767010473075	-0.010501562628884513	0.0
-0.003347212796193432	-0.010502686211209358	0.0
-0.0033476585819137883	-0.010503488770012821	0.0
-0.003347881474773967	-0.010504451840576974	0.0
-0.0033483272604943235	-0.01050541491114113	0.0
-0.0033487730462146803	-0.010506217469944592	0.0
-0.0033489959390748582	-0.010507180540508747	0.0
-0.0033496646176553934	-0.010507983099312208	0.0
-0.00335011040337575	-0.010508946169876365	0.0
-0.003350333296235928	-0.010509588216919132	0.0
-0.0033507790819562846	-0.010510390775722595	0.0
-0.0033512248676766413	-0.010511193334526058	0.0
-0.0033516706533969977	-0.010511835381568826	0.0
-0.003352339331977533	-0.010512637940372289	0.0
-0.0033527851176978892	-0.01051327998741506	0.0
-0.003353230903418246	-0.010513922034457827	0.0
-0.0033536766891386024	-0.010514564081500598	0.0
-0.003354345367719137	-0.010515206128543368	0.0
-0.0033550140462996723	-0.010515687663825445	0.0
-0.003355459832020029	-0.010516329710868215	0.0
-0.003356128510600564	-0.010516811246150292	0.0
-0.0033567971891810986	-0.010517453293193061	0.0
-0.003357465867761634	-0.010517934828475139	0.0
-0.0033581345463421686	-0.010518255851996523	0.0
-0.003358580332062525	-0.010518576875517908	0.0
-0.00335924901064306	-0.010519058410799986	0.0
-0.003359917689223595	-0.010519379434321371	0.0
-0.00336058636780413	-0.010519860969603449	0.0
-0.0033612550463846644	-0.010520181993124832	0.0
-0.0033619237249651996	-0.010520181993124832	0.0
-0.0033625924035457343	-0.010520503016646216	0.0
-0.0033632610821262695	-0.010520824040167602	0.0
-0.0033639297607068043	-0.010520984551928294	0.0
-0.0033648213321475174	-0.010521305575449679	0.0
-0.003365490010728052	-0.010521466087210371	0.0
-0.003366158689308587	-0.010521466087210371	0.0
-0.003366827367889122	-0.010521466087210371	0.0
-0.0033677189393298353	-0.010521626598971065	0.0
-0.0033683876179103705	-0.010521626598971065	0.0
-0.0033690562964909052	-0.010521626598971065	0.0
-0.0033699478679316184	-0.010521466087210371	0.0
-0.0033708394393723315	-0.010521466087210371	0.0
-0.0033717310108130447	-0.010521305575449679	0.0
-0.0033723996893935794	-0.010521305575449679	0.0
-0.003373291260834293	-0.010521145063688987	0.0
-0.0033739599394148273	-0.010520984551928294	0.0
-0.0033748515108555405	-0.01052066352840691	0.0
-0.0033755201894360757	-0.010520342504885524	0.0
-0.003376411760876789	-0.010520181993124832	0.0
-0.0033770804394573236	-0.010519860969603449	0.0
-0.003377972010898037	-0.010519700457842755	0.0
-0.003378640689478572	-0.010519379434321371	0.0
-0.003379532260919285	-0.010518897899039292	0.0
-0.0033802009394998203	-0.010518416363757215	0.0
-0.0033808696180803546	-0.01051809534023583	0.0
-0.0033817611895210677	-0.010517613804953755	0.0
-0.003382429868101603	-0.010517132269671676	0.0
-0.003383321439542316	-0.010516650734389598	0.0
-0.003383990118122851	-0.010516169199107521	0.0
-0.003384881689563564	-0.010515687663825445	0.0
-0.003385550368144099	-0.010515045616782676	0.0
-0.003386219046724634	-0.010514403569739905	0.0
-0.003386887725305169	-0.010513761522697136	0.0
-0.0033875564038857034	-0.010513119475654366	0.0
-0.0033882250824662386	-0.010512316916850903	0.0
-0.0033886708681865954	-0.010511674869808134	0.0
-0.00338933954676713	-0.010511032822765365	0.0
-0.003390008225347665	-0.010510230263961903	0.0
-0.0033906769039282	-0.010509588216919132	0.0
-0.003391345582508735	-0.010508785658115671	0.0
-0.00339201426108927	-0.010507983099312208	0.0
-0.0033924600468096264	-0.010507180540508747	0.0
-0.003392905832529983	-0.010506217469944592	0.0
-0.0033935745111105175	-0.01050541491114113	0.0
-0.0033940202968308743	-0.010504451840576974	0.0
-0.0033944660825512307	-0.010503488770012821	0.0
-0.003395134761131766	-0.010502525699448666	0.0
-0.0033955805468521227	-0.010501562628884513	0.0
-0.0033962492254326574	-0.010500599558320358	0.0
-0.003396917904013192	-0.010499636487756203	0.0
-0.003397363689733549	-0.010498512905431356	0.0
-0.0033980323683140837	-0.01049738932310651	0.0
-0.00339847815403444	-0.010496265740781663	0.0
-0.0033991468326149753	-0.010495142158456816	0.0
-0.0033998155111955104	-0.01049401857613197	0.0
-0.0034004841897760448	-0.010492894993807123	0.0
-0.00340115286835658	-0.010491771411482274	0.0
-0.003402044439797293	-0.010490487317396735	0.0
-0.003402713118377828	-0.010489203223311195	0.0
-0.003403381796958363	-0.010487919129225658	0.0
-0.003404050475538898	-0.010486635035140118	0.0
-0.003404942046979611	-0.010485350941054579	0.0
-0.003405610725560146	-0.01048406684696904	0.0
-0.0034065022970008593	-0.0104827827528835	0.0
-0.0034073938684415724	-0.010481498658797961	0.0
-0.0034082854398822856	-0.01048021456471242	0.0
-0.0034091770113229987	-0.01047876995886619	0.0
-0.0034102914756238903	-0.010477325353019958	0.0
-0.0034114059399247814	-0.010475880747173726	0.0
-0.0034122975113654946	-0.010474596653088187	0.0
-0.0034134119756663865	-0.010472991535481261	0.0
-0.0034145264399672776	-0.01047154692963503	0.0
-0.003415640904268169	-0.010470262835549492	0.0
-0.0034167553685690607	-0.010468657717942566	0.0
-0.0034178698328699523	-0.010467213112096335	0.0
-0.0034192071900310222	-0.010465607994489411	0.0
-0.0034205445471920917	-0.010464163388643179	0.0
-0.00342210479721334	-0.010462558271036254	0.0
-0.0034234421543744096	-0.010461113665190024	0.0
-0.0034247795115354795	-0.010459508547583098	0.0
-0.0034263397615567274	-0.010457903429976175	0.0
-0.003427677118717797	-0.010456298312369251	0.0
-0.0034292373687390453	-0.010454693194762327	0.0
-0.0034305747259001152	-0.010453088077155403	0.0
-0.0034321349759213636	-0.010451482959548479	0.0
-0.003433472333082433	-0.010449877841941554	0.0
-0.003435032583103681	-0.01044827272433463	0.0
-0.0034365928331249293	-0.010446667606727706	0.0
-0.0034381530831461772	-0.01044490197736009	0.0
-0.0034397133331674256	-0.010443136347992474	0.0
-0.003441496476048852	-0.010441370718624856	0.0
-0.003443279618930278	-0.01043960508925724	0.0
-0.0034448398689515265	-0.010437839459889624	0.0
-0.003446400118972774	-0.0104362343422827	0.0
-0.0034479603689940223	-0.010434468712915083	0.0
-0.0034497435118754486	-0.010432703083547466	0.0
-0.0034515266547568754	-0.010430776942419158	0.0
-0.003453086904778123	-0.010429011313051541	0.0
-0.0034548700476595496	-0.010427085171923232	0.0
-0.0034566531905409763	-0.010425319542555616	0.0
-0.0034584363334224026	-0.010423232889666612	0.0
-0.003460219476303829	-0.010421467260298996	0.0
-0.003462002619185255	-0.010419541119170688	0.0
-0.0034637857620666815	-0.01041761497804238	0.0
-0.003465791797808286	-0.01041568883691407	0.0
-0.0034675749406897125	-0.010413762695785762	0.0
-0.003469358083571139	-0.010411836554657453	0.0
-0.0034711412264525655	-0.01040974990176845	0.0
-0.00347314726219417	-0.01040766324887945	0.0
-0.0034749304050755965	-0.010405576595990448	0.0
-0.003476713547957023	-0.010403489943101446	0.0
-0.003478719583698627	-0.010401242778451752	0.0
-0.003480502726580054	-0.010399316637323444	0.0
-0.0034825087623216585	-0.01039706947267375	0.0
-0.003484514798063263	-0.01039498281978475	0.0
-0.0034867437266650463	-0.010392896166895748	0.0
-0.0034887497624066506	-0.010390649002246054	0.0
-0.0034907557981482557	-0.010388241325835667	0.0
-0.00349276183388986	-0.010386154672946665	0.0
-0.0034947678696314647	-0.010383907508296972	0.0
-0.00349677390537307	-0.010381499831886586	0.0
-0.0034990028339748525	-0.010379252667236893	0.0
-0.0035012317625766356	-0.010377005502587197	0.0
-0.00350323779831824	-0.010374758337937504	0.0
-0.003505466726920023	-0.010372350661527118	0.0
-0.0035076956555218065	-0.010369942985116731	0.0
-0.003509924584123589	-0.010367535308706346	0.0
-0.003512153512725372	-0.010364967120535267	0.0
-0.003514382441327155	-0.010362719955885573	0.0
-0.003516611369928938	-0.010360151767714494	0.0
-0.0035190631913908994	-0.010357583579543417	0.0
-0.0035215150128528605	-0.010355015391372338	0.0
-0.003523743941454643	-0.010352447203201259	0.0
-0.0035261957629166047	-0.01034987901503018	0.0
-0.0035286475843785657	-0.010347150315098409	0.0
-0.0035313222987007056	-0.01034458212692733	0.0
-0.0035335512273024887	-0.01034185342699556	0.0
-0.003536225941624628	-0.01033912472706379	0.0
-0.003538677763086589	-0.01033655653889271	0.0
-0.0035411295845485507	-0.01033382783896094	0.0
-0.00354380429887069	-0.010330938627268475	0.0
-0.0035464790131928296	-0.010328209927336705	0.0
-0.003549376620375148	-0.01032532071564424	0.0
-0.0035522742275574657	-0.010322270992191084	0.0
-0.0035547260490194268	-0.010319381780498621	0.0
-0.0035574007633415662	-0.010316492568806158	0.0
-0.003560298370523884	-0.01031328233359231	0.0
-0.003562973084846024	-0.010310232610139155	0.0
-0.003565870692028342	-0.010307182886685999	0.0
-0.0035687682992106592	-0.010304133163232842	0.0
-0.003572111692113334	-0.010300922928018994	0.0
-0.003575009299295652	-0.010297712692805145	0.0
-0.0035779069064779696	-0.010294341945830605	0.0
-0.003581027406520466	-0.010290971198856063	0.0
-0.003584147906562962	-0.010287600451881524	0.0
-0.0035872684066054583	-0.010284229704906982	0.0
-0.0035903889066479545	-0.01028069844617175	0.0
-0.003593732299550629	-0.010277167187436516	0.0
-0.003596852799593125	-0.01027347541694059	0.0
-0.003600196192495799	-0.010269623134683974	0.0
-0.003603762478258652	-0.010265931364188047	0.0
-0.0036071058711613264	-0.010262079081931429	0.0
-0.003610449264064001	-0.010258226799674811	0.0
-0.003614015549826854	-0.0102542140056575	0.0
-0.0036173589427295283	-0.01025020121164019	0.0
-0.0036209252284923814	-0.01024618841762288	0.0
-0.0036242686213950556	-0.010242175623605571	0.0
-0.0036280578000180866	-0.010237841806066876	0.0
-0.003632069871501296	-0.010233668500288872	0.0
-0.003635859050124327	-0.010229334682750175	0.0
-0.0036396482287473584	-0.01022500086521148	0.0
-0.003643437407370389	-0.010220346024151401	0.0
-0.0036474494788535984	-0.010215691183091322	0.0
-0.0036512386574766294	-0.01021087583027055	0.0
-0.003655027836099661	-0.010206060477449777	0.0
-0.0036592628004430486	-0.010201405636389696	0.0
-0.0036632748719262575	-0.010196429771808232	0.0
-0.003667509836269645	-0.010191453907226766	0.0
-0.0036717448006130327	-0.010186478042645301	0.0
-0.0036759797649564205	-0.010181181154542453	0.0
-0.003680214729299808	-0.010175884266439603	0.0
-0.0036846725865033745	-0.01017042686657606	0.0
-0.00368913044370694	-0.010164969466712519	0.0
-0.003693588300910506	-0.010159512066848975	0.0
-0.0036982690509742506	-0.010153894155224741	0.0
-0.0037027269081778163	-0.010148276243600507	0.0
-0.003707630551101739	-0.010142658331976273	0.0
-0.003712311301165483	-0.010136879908591344	0.0
-0.0037172149440894055	-0.010131101485206418	0.0
-0.003722118587013328	-0.010125323061821493	0.0
-0.0037267993370770722	-0.01011922361491518	0.0
-0.003731925872861173	-0.010113124168008868	0.0
-0.0037368295157850957	-0.010107024721102557	0.0
-0.0037419560515691967	-0.010100764762435552	0.0
-0.0037473054802134756	-0.010094504803768547	0.0
-0.0037524320159975765	-0.010088084333340852	0.0
-0.003757781444641856	-0.010081663862913155	0.0
-0.0037631308732861348	-0.010075243392485458	0.0
-0.003768703194790592	-0.010068822922057763	0.0
-0.0037740526234348714	-0.010062081428108681	0.0
-0.0037798478377995075	-0.010055500445920292	0.0
-0.0037854201593039644	-0.010048598440210518	0.0
-0.003790992480808422	-0.010041535922740052	0.0
-0.0037967876951730574	-0.010034473405269586	0.0
-0.0038025829095376935	-0.01002741088779912	0.0
-0.003808823909622686	-0.010020508882089345	0.0
-0.0038146191239873213	-0.010013125341097493	0.0
-0.0038206372312121354	-0.010006062823627027	0.0
-0.003826878231297128	-0.009999000306156563	0.0
-0.003832896338521942	-0.009991777276925403	0.0
-0.003839137338606934	-0.009984554247694245	0.0
-0.003845601231552105	-0.0099770101949417	0.0
-0.003851842231637097	-0.009969466142189158	0.0
-0.0038580832317220894	-0.00996176157767592	0.0
-0.003864324231807082	-0.009954057013162687	0.0
-0.0038710110176124308	-0.00994635244864945	0.0
-0.00387769780341778	-0.009938647884136212	0.0
-0.00388416169636295	-0.009930782807862285	0.0
-0.003890625589308121	-0.00992307824334905	0.0
-0.0038973123751134702	-0.009915373678835814	0.0
-0.0039039991609188186	-0.009907348090801193	0.0
-0.0039106859467241675	-0.009899322502766572	0.0
-0.003917595625389694	-0.009891136402971259	0.0
-0.003924282411195044	-0.009883110814936638	0.0
-0.003931192089860571	-0.009874764203380633	0.0
-0.00393787887566592	-0.009866578103585318	0.0
-0.003944788554331447	-0.009858231492029313	0.0
-0.0039519211258571526	-0.009849884880473309	0.0
-0.003959053697382858	-0.009841377757156612	0.0
-0.0039659633760483854	-0.009832870633839912	0.0
-0.003972873054713912	-0.009824202998762521	0.0
-0.003980005626239618	-0.00981553536368513	0.0
-0.003986915304905145	-0.009806867728607742	0.0
-0.00399404787643085	-0.009798039581769658	0.0
-0.004001403340816735	-0.009789371946692268	0.0
-0.00400853591234244	-0.009780543799854184	0.0
-0.0040158913767283245	-0.00977155514125541	0.0
-0.004023246841114208	-0.009762405970895944	0.0
-0.004030379412639913	-0.009753577824057858	0.0
-0.004037734877025798	-0.009744428653698393	0.0
-0.004045090341411681	-0.009735439995099616	0.0
-0.004052445805797565	-0.009726130312979458	0.0
-0.004059578377323271	-0.009716820630859296	0.0
-0.004066933841709155	-0.009707350436978445	0.0
-0.004074289306095037	-0.009697880243097591	0.0
-0.0040818676633411	-0.009688410049216738	0.0
-0.004089223127726984	-0.009678779343575195	0.0
-0.0040965785921128674	-0.00966914863793365	0.0
-0.00410415694935893	-0.009659517932292104	0.0
-0.004111512413744814	-0.009649887226650559	0.0
-0.0041188678781306975	-0.009640256521009015	0.0
-0.004126223342516581	-0.009630465303606776	0.0
-0.004133578806902465	-0.00962067408620454	0.0
-0.004141157164148528	-0.009610561845280918	0.0
-0.00414851262853441	-0.009600610116117987	0.0
-0.004156536771500829	-0.009590337363433675	0.0
-0.004163892235886714	-0.00958022512251005	0.0
-0.004171470593132776	-0.00957011288158643	0.0
-0.004178826057518659	-0.009559840128902115	0.0
-0.004186181521904543	-0.0095495673762178	0.0
-0.004193759879150606	-0.009539455135294177	0.0
-0.004201115343536489	-0.009529182382609865	0.0
-0.004208470807922373	-0.009518909629925548	0.0
-0.004216049165168436	-0.009508476365480542	0.0
-0.004223627522414497	-0.009497882589274843	0.0
-0.004230982986800381	-0.009487288813069145	0.0
-0.0042385613440464424	-0.009476695036863443	0.0
-0.004245916808432327	-0.009465940748897053	0.0
-0.0042532722728182105	-0.009455507484452046	0.0
-0.004260850630064273	-0.009444753196485653	0.0
-0.004268206094450156	-0.009434159420279954	0.0
-0.004275784451696219	-0.00942324462055287	0.0
-0.004283139916082103	-0.009412650844347172	0.0
-0.004290718273328165	-0.009401736044620086	0.0
-0.0042982966305742274	-0.009390981756653694	0.0
-0.00430565209496011	-0.00938006695692661	0.0
-0.004313007559345995	-0.009369152157199526	0.0
-0.004320585916592057	-0.009358237357472442	0.0
-0.00432794138097794	-0.009347322557745359	0.0
-0.004335296845363824	-0.009336407758018273	0.0
-0.004342875202609887	-0.009325332446530497	0.0
-0.004350453559855948	-0.009314417646803413	0.0
-0.004358031917102011	-0.009303342335315636	0.0
-0.004365387381487894	-0.009292106512067166	0.0
-0.004372965738733956	-0.009280870688818698	0.0
-0.004380544095980018	-0.00926979537733092	0.0
-0.004388122453226081	-0.009258559554082453	0.0
-0.004395700810472142	-0.009247323730833984	0.0
-0.004403279167718205	-0.009236087907585514	0.0
-0.0044110804178244456	-0.009224691572576353	0.0
-0.004418881667930686	-0.009213295237567191	0.0
-0.004426682918036926	-0.00920189890255803	0.0
-0.004434707061003345	-0.009190342055788175	0.0
-0.0044425083111095855	-0.009178945720779014	0.0
-0.004450532454076004	-0.009167228362248467	0.0
-0.004458333704182245	-0.009155671515478615	0.0
-0.004466357847148663	-0.009143954156948068	0.0
-0.0044743819901150814	-0.009132236798417522	0.0
-0.004482406133081501	-0.009120519439886975	0.0
-0.004490876061768276	-0.00910880208135643	0.0
-0.004499345990455051	-0.00909692421106519	0.0
-0.004507593026281648	-0.00908488582901326	0.0
-0.004515840062108245	-0.009073007958722021	0.0
-0.00452430999079502	-0.009060809064909399	0.0
-0.004532779919481795	-0.009048610171096774	0.0
-0.004541472741028749	-0.00903641127728415	0.0
-0.004549942669715525	-0.009024212383471527	0.0
-0.004558635491262479	-0.009011852977898211	0.0
-0.004567328312809432	-0.008999654084085588	0.0
-0.004576021134356386	-0.008987134166751579	0.0
-0.004585159741623696	-0.00897461424941757	0.0
-0.004594075456030827	-0.008962094332083562	0.0
-0.004602768277577781	-0.008949413902988862	0.0
-0.004611683991984914	-0.008936572962133469	0.0
-0.0046208225992522235	-0.008923732021278075	0.0
-0.0046299612065195325	-0.008910891080422681	0.0
-0.004639099813786843	-0.008897889627806596	0.0
-0.0046484613139143325	-0.008884888175190512	0.0
-0.004657599921181642	-0.008871726210813733	0.0
-0.004666961421309131	-0.00885824322291557	0.0
-0.004676100028576441	-0.008844920746778099	0.0
-0.00468546152870393	-0.008831437758879936	0.0
-0.004695045921691596	-0.00881779425922108	0.0
-0.004704407421819085	-0.008804150759562226	0.0
-0.004713768921946573	-0.008790346748142679	0.0
-0.00472335331493424	-0.008776703248483824	0.0
-0.004732714815061728	-0.008762738725303584	0.0
-0.004742076315189217	-0.008748934713884035	0.0
-0.004751660708176884	-0.008734809678943103	0.0
-0.004761245101164551	-0.008720363620480787	0.0
-0.004770829494152217	-0.008706399097300546	0.0
-0.004780413887139884	-0.008691792527077535	0.0
-0.0047899982801275515	-0.008677506980375912	0.0
-0.004799582673115218	-0.0086629004101529	0.0
-0.004808944173242706	-0.008648293839929893	0.0
-0.004818305673370195	-0.008633687269706881	0.0
-0.004827444280637506	-0.008619080699483873	0.0
-0.004836582887904815	-0.00860431361750017	0.0
-0.0048457214951721245	-0.008589386023755776	0.0
-0.004854637209579258	-0.008574297918250687	0.0
-0.004863552923986389	-0.008559370324506294	0.0
-0.004872245745533342	-0.008544282219001208	0.0
-0.004880938567080296	-0.008529354625256811	0.0
-0.004889185602906893	-0.008514266519751726	0.0
-0.004897655531593668	-0.008499338926007332	0.0
-0.004905679674560087	-0.008484411332262935	0.0
-0.0049134809246663275	-0.008469644250279235	0.0
-0.004921727960492925	-0.008455037680056223	0.0
-0.004929306317738987	-0.008440270598072522	0.0
-0.0049373304607054054	-0.008425824539610204	0.0
-0.00494468592509129	-0.008411378481147888	0.0
-0.004952264282337351	-0.00839693242268557	0.0
-0.004959842639583413	-0.008382646875983944	0.0
-0.004967198103969297	-0.008368361329282321	0.0
-0.004974330675495003	-0.008354236294341387	0.0
-0.004981686139880886	-0.008340111259400455	0.0
-0.0049888187114065915	-0.008325986224459523	0.0
-0.004995728390072119	-0.008312021701279284	0.0
-0.005002860961597824	-0.008298057178099044	0.0
-0.00500999353312353	-0.008284092654918803	0.0
-0.005016903211789057	-0.008270128131738563	0.0
-0.005023812890454585	-0.008256163608558322	0.0
-0.005030722569120112	-0.008242359597138775	0.0
-0.005037855140645817	-0.008228395073958535	0.0
-0.005044987712171523	-0.00821475157429968	0.0
-0.005052120283697229	-0.008201108074640823	0.0
-0.005059252855222934	-0.008187464574981968	0.0
-0.0050663854267486395	-0.008173821075323114	0.0
-0.005073740891134523	-0.008160177575664259	0.0
-0.005081096355520408	-0.008146534076005402	0.0
-0.00508867471276647	-0.00813305108810724	0.0
-0.005096030177152353	-0.008119407588448384	0.0
-0.005103831427258594	-0.008105924600550221	0.0
-0.005111632677364834	-0.008092602124412752	0.0
-0.005119433927471074	-0.00807927964827528	0.0
-0.005127680963297672	-0.008066117683898503	0.0
-0.005135927999124269	-0.008052795207761034	0.0
-0.005144175034950865	-0.008039633243384255	0.0
-0.005152644963637641	-0.008026310767246784	0.0
-0.005161337785184595	-0.008012988291109314	0.0
-0.005170030606731548	-0.007999986838493229	0.0
-0.005179169213998858	-0.00798682487411645	0.0
-0.005188307821266168	-0.007973823421500366	0.0
-0.005197669321393657	-0.007961142992405664	0.0
-0.005207030821521145	-0.007948141539789578	0.0
-0.005216615214508812	-0.00793562162245557	0.0
-0.005226422500356657	-0.007922780681600176	0.0
-0.005236229786204502	-0.007910100252505476	0.0
-0.005246259964912525	-0.007897580335171467	0.0
-0.005256290143620549	-0.007884899906076766	0.0
-0.0052669890009091076	-0.007872540500503452	0.0
-0.005277464965337488	-0.007860020583169442	0.0
-0.005288163822626046	-0.007847982201117511	0.0
-0.0052988626799146035	-0.007835622795544195	0.0
-0.005310007322923519	-0.007823584413492264	0.0
-0.0053211519659324335	-0.007811385519679641	0.0
-0.00533207371608117	-0.007799507649388402	0.0
-0.005343441251950263	-0.0077874692673364715	0.0
-0.005355031680679534	-0.007775751908805925	0.0
-0.005366845002268985	-0.007764034550275379	0.0
-0.005378658323858434	-0.007752477703505525	0.0
-0.005390248752587706	-0.007740920856735671	0.0
-0.0054025078598975125	-0.00772952452172651	0.0
-0.005414544074347141	-0.007717967674956656	0.0
-0.0054268031816569464	-0.007706731851708186	0.0
-0.005439285181826931	-0.007695496028459718	0.0
-0.005451544289136737	-0.007684260205211248	0.0
-0.005464472075027079	-0.0076731848937234715	0.0
-0.005477176968057241	-0.007662109582235696	0.0
-0.005490104753947583	-0.007651355294269303	0.0
-0.00550347832555828	-0.007640601006302912	0.0
-0.0055168518971689786	-0.007629686206575827	0.0
-0.005530225468779676	-0.0076190924303701285	0.0
-0.005543821933250553	-0.007608338142403736	0.0
-0.005557195504861251	-0.007597744366198037	0.0
-0.005571237755052483	-0.007587150589992337	0.0
-0.005585057112383537	-0.007576717325547331	0.0
-0.005599322255434949	-0.007566284061102324	0.0
-0.005613587398486359	-0.0075560113084180095	0.0
-0.005628075434397949	-0.007545578043973002	0.0
-0.005643009256029895	-0.00753546580304938	0.0
-0.0056577201848016625	-0.007525193050365066	0.0
-0.0056728768992937864	-0.00751492029768075	0.0
-0.0056875878280655545	-0.0075048080567571285	0.0
-0.0057027445425576785	-0.007494535304072814	0.0
-0.005718124149909981	-0.007484423063149192	0.0
-0.005733503757262284	-0.007474310822225569	0.0
-0.005749106257474765	-0.0074641985813019476	0.0
-0.005764708757687245	-0.007453925828617633	0.0
-0.0057807570436200825	-0.007443653075933318	0.0
-0.005796582436692742	-0.007433380323249005	0.0
-0.005812407829765401	-0.00742310757056469	0.0
-0.005828456115698238	-0.0074128348178803755	0.0
-0.005844504401631076	-0.007402562065196061	0.0
-0.00586099847328427	-0.007392289312511746	0.0
-0.0058772696520772855	-0.007382177071588124	0.0
-0.005893763723730479	-0.007371904318903809	0.0
-0.005910257795383673	-0.00736131054269811	0.0
-0.005927197652757224	-0.007350877278253103	0.0
-0.005943914617270596	-0.007340444013808096	0.0
-0.005960854474644147	-0.007330010749363089	0.0
-0.0059775714391575195	-0.00731941697315739	0.0
-0.00599451129653107	-0.007308983708712383	0.0
-0.0060116740467647985	-0.0072985504442673755	0.0
-0.006028836796998528	-0.007287956668061677	0.0
-0.006046222440092435	-0.00727752340361667	0.0
-0.006063608083186342	-0.007266769115650278	0.0
-0.006080993726280248	-0.007256014827683886	0.0
-0.006098602262234335	-0.007245260539717494	0.0
-0.006116433691048599	-0.0072345062517511025	0.0
-0.006134042227002684	-0.007223591452024019	0.0
-0.006151873655816948	-0.007212676652296934	0.0
-0.006169705084631212	-0.00720176185256985	0.0
-0.006187759406305654	-0.007190847052842766	0.0
-0.006205813727980096	-0.007179771741354988	0.0
-0.006223868049654538	-0.0071688569416279045	0.0
-0.0062421452641891586	-0.007157781630140128	0.0
-0.006260422478723778	-0.007146706318652352	0.0
-0.006278922586118577	-0.00713530998364319	0.0
-0.006297422693513376	-0.007124074160394721	0.0
-0.006315699908047996	-0.007112838337146252	0.0
-0.0063342000154427945	-0.007101602513897783	0.0
-0.00635314590855795	-0.007090206178888622	0.0
-0.006371868908812927	-0.00707880984387946	0.0
-0.0063905919090679044	-0.007067413508870298	0.0
-0.006409760695043238	-0.007056017173861137	0.0
-0.006428483695298214	-0.007044460327091283	0.0
-0.00644742958841337	-0.007032903480321429	0.0
-0.006466375481528526	-0.007021346633551575	0.0
-0.006485767160364037	-0.007009629275021029	0.0
-0.006504713053479193	-0.006997911916490483	0.0
-0.0065238818394545255	-0.006986034046199244	0.0
-0.006543273518290038	-0.006974477199429391	0.0
-0.006562442304265372	-0.006962759840898844	0.0
-0.006582056875961062	-0.0069508819706076055	0.0
-0.0066014485547965735	-0.0069391646120770594	0.0
-0.006620840233632085	-0.00692728674178582	0.0
-0.006640231912467598	-0.006915248359733889	0.0
-0.00665962359130311	-0.006903209977681958	0.0
-0.006679461055858978	-0.00689133210739072	0.0
-0.006699075627554668	-0.006879293725338789	0.0
-0.006718467306390179	-0.0068670948315261654	0.0
-0.0067380818780858704	-0.006855056449474234	0.0
-0.006757919342641738	-0.00684285755566161	0.0
-0.006777533914337428	-0.006830658661848987	0.0
-0.0067971484860331185	-0.0068184597680363635	0.0
-0.00681676305772881	-0.006805939850702355	0.0
-0.006836600522284677	-0.006793580445129039	0.0
-0.006856437986840546	-0.006781221039555723	0.0
-0.0068762754513964144	-0.006768540610461022	0.0
-0.006896112915952283	-0.006756020693127014	0.0
-0.006915950380508151	-0.006743340264032313	0.0
-0.006935564952203842	-0.006730659834937613	0.0
-0.006955179523899531	-0.006717818894082219	0.0
-0.006974794095595222	-0.0067049779532268265	0.0
-0.00699463156015109	-0.00669197650061074	0.0
-0.007014246131846781	-0.006679135559755347	0.0
-0.007034083596402649	-0.006666134107139262	0.0
-0.007053921060958517	-0.006653132654523176	0.0
-0.007073535632654207	-0.006639970690146398	0.0
-0.007093150204349898	-0.0066266482140089275	0.0
-0.007112987668905766	-0.00661348624963215	0.0
-0.007132602240601456	-0.006600163773494679	0.0
-0.007152439705157325	-0.006586520273835824	0.0
-0.007172054276853014	-0.006573197797698353	0.0
-0.007191891741408884	-0.006559554298039498	0.0
-0.007211506313104574	-0.006545910798380643	0.0
-0.007231120884800264	-0.006532427810482481	0.0
-0.007250735456495953	-0.0065186237990629324	0.0
-0.007270572921051822	-0.006504659275882692	0.0
-0.007290187492747513	-0.006490855264463144	0.0
-0.007309579171583025	-0.006476730229522212	0.0
-0.007329193743278714	-0.0064627657063419715	0.0
-0.007348808314974405	-0.00644864067140104	0.0
-0.0073684228866700945	-0.006434515636460107	0.0
-0.007387814565505606	-0.006420551113279867	0.0
-0.007407652030061475	-0.006406426078338934	0.0
-0.007426820816036809	-0.00639214053163731	0.0
-0.007446212494872321	-0.006377854984935685	0.0
-0.007465381280847654	-0.006363408926473367	0.0
-0.007484772959683166	-0.00634896286801105	0.0
-0.0075039417456584994	-0.00633435629778804	0.0
-0.007523110531633833	-0.006319910239325723	0.0
-0.007542502210469345	-0.006305624692624099	0.0
-0.007561670996444678	-0.006291018122401089	0.0
-0.007580839782420012	-0.00627657206393877	0.0
-0.007600008568395346	-0.006262126005476453	0.0
-0.0076189544615105015	-0.006247358923492752	0.0
-0.0076379003546256565	-0.006232752353269742	0.0
-0.0076568462477408115	-0.006217985271286039	0.0
-0.0076757921408559665	-0.006203218189302337	0.0
-0.007694515141110943	-0.006188290595557943	0.0
-0.007713461034226099	-0.006173523513574241	0.0
-0.007732184034481076	-0.006158756431590539	0.0
-0.007750907034736053	-0.006143828837846144	0.0
-0.007769184249270674	-0.006128901244101749	0.0
-0.00778790724952565	-0.006113973650357356	0.0
-0.007806407356920449	-0.0060988855448522675	0.0
-0.007824907464315248	-0.00608379743934718	0.0
-0.007843184678849868	-0.006068709333842094	0.0
-0.007861461893384488	-0.006053621228337007	0.0
-0.007879962000779287	-0.00603853312283192	0.0
-0.00789801632245373	-0.006023445017326833	0.0
-0.007916070644128172	-0.006008035888300361	0.0
-0.007934124965802614	-0.005992787271034581	0.0
-0.007952179287477056	-0.005977538653768803	0.0
-0.007970233609151499	-0.005962290036503023	0.0
-0.007988287930825939	-0.005947201930997937	0.0
-0.008006119359640204	-0.005931792801971464	0.0
-0.008024173681314644	-0.005916544184705685	0.0
-0.008042228002989088	-0.005901135055679213	0.0
-0.008060059431803351	-0.005885725926652741	0.0
-0.008078113753477794	-0.005870316797626269	0.0
-0.008095945182292058	-0.00585506818036049	0.0
-0.0081139995039665	-0.0058394985395733255	0.0
-0.008131830932780764	-0.005823928898786162	0.0
-0.008149662361595027	-0.005808680281520382	0.0
-0.00816749379040929	-0.00579327115249391	0.0
-0.008185325219223556	-0.005777862023467439	0.0
-0.00820315664803782	-0.005762292382680274	0.0
-0.00822121096971226	-0.005746883253653802	0.0
-0.008239042398526525	-0.005731153101105946	0.0
-0.008257096720200967	-0.005715743972079474	0.0
-0.008275151041875409	-0.005700013819531617	0.0
-0.00829320536354985	-0.005684444178744454	0.0
-0.008311036792364114	-0.005668874537957289	0.0
-0.008328868221178379	-0.005653304897170124	0.0
-0.00834692254285282	-0.005637574744622268	0.0
-0.008364753971667083	-0.005622005103835104	0.0
-0.008382808293341527	-0.005606114439526555	0.0
-0.00840063972215579	-0.005590384286978698	0.0
-0.008418694043830232	-0.005574493622670149	0.0
-0.008436748365504674	-0.0055586029583615994	0.0
-0.008454579794318939	-0.005542872805813743	0.0
-0.00847263411599338	-0.0055269821415051944	0.0
-0.008490465544807643	-0.005511091477196645	0.0
-0.008508519866482087	-0.005495200812888096	0.0
-0.00852635129529635	-0.0054793101485795465	0.0
-0.008544182724110613	-0.005463419484270998	0.0
-0.008562237045785055	-0.005447368308201757	0.0
-0.00858006847459932	-0.005431317132132515	0.0
-0.008597899903413584	-0.0054152659560632735	0.0
-0.008615731332227847	-0.005399214779994032	0.0
-0.008633785653902288	-0.005383163603924791	0.0
-0.008651394189856373	-0.005366951916094856	0.0
-0.008669225618670638	-0.005350900740025615	0.0
-0.008687057047484903	-0.005334849563956374	0.0
-0.008704888476299166	-0.00531863787612644	0.0
-0.008722497012253251	-0.005302426188296506	0.0
-0.008740105548207337	-0.005286214500466573	0.0
-0.008757714084161422	-0.005270163324397331	0.0
-0.008775322620115508	-0.0052541121483280885	0.0
-0.008792708263209414	-0.005237900460498155	0.0
-0.0088103167991635	-0.0052216887726682214	0.0
-0.008827702442257408	-0.005205637596598979	0.0
-0.008845088085351314	-0.005189425908769046	0.0
-0.008862473728445222	-0.005173214220939112	0.0
-0.00887963647867895	-0.005157002533109178	0.0
-0.008897022121772858	-0.005140790845279244	0.0
-0.008914407764866766	-0.005124739669210003	0.0
-0.008931347622240318	-0.005108688493140761	0.0
-0.008948510372474044	-0.005092476805310828	0.0
-0.008965673122707773	-0.005076425629241586	0.0
-0.008982835872941502	-0.005060213941411652	0.0
-0.008999998623175232	-0.005044162765342411	0.0
-0.009016715587688604	-0.005028111589273169	0.0
-0.009033655445062154	-0.005012060413203928	0.0
-0.009050595302435705	-0.004996169748895379	0.0
-0.009067312266949077	-0.004980118572826137	0.0
-0.00908402923146245	-0.004964227908517587	0.0
-0.009100969088836001	-0.004948176732448347	0.0
-0.009117463160489194	-0.004932125556379105	0.0
-0.009134403017862745	-0.0049162348920705565	0.0
-0.009150897089515938	-0.0049001837160013145	0.0
-0.009167614054029312	-0.004884293051692765	0.0
-0.009184108125682504	-0.004868562899144909	0.0
-0.009200379304475521	-0.004852672234836359	0.0
-0.009216873376128715	-0.004836942082288503	0.0
-0.00923336744778191	-0.004821211929740646	0.0
-0.009249638626574925	-0.00480548177719279	0.0
-0.009266132698228118	-0.004789751624644933	0.0
-0.009282403877021134	-0.0047740214720970765	0.0
-0.009298452162953972	-0.004758451831309913	0.0
-0.00931450044888681	-0.004742721678762056	0.0
-0.009330771627679825	-0.0047273125497355835	0.0
-0.009346819913612662	-0.00471174290894842	0.0
-0.009362645306685322	-0.004696333779921948	0.0
-0.00937869359261816	-0.004680924650895477	0.0
-0.009394741878550996	-0.004665355010108311	0.0
-0.009410790164483833	-0.004650106392842532	0.0
-0.009426615557556493	-0.004634857775576753	0.0
-0.009442440950629152	-0.004619448646550281	0.0
-0.009458043450841632	-0.004604360541045194	0.0
-0.009473645951054113	-0.004589111923779415	0.0
-0.009489248451266594	-0.004573863306513635	0.0
-0.009504628058618897	-0.0045587752010085485	0.0
-0.009520230558831378	-0.004543687095503461	0.0
-0.009535833059043859	-0.004528598989998375	0.0
-0.00955143555925634	-0.00451367139625398	0.0
-0.009567038059468819	-0.004498904314270278	0.0
-0.009582194773960944	-0.004483976720525883	0.0
-0.009597574381313248	-0.004469209638542181	0.0
-0.009612731095805372	-0.004454442556558478	0.0
-0.009627887810297496	-0.004439675474574776	0.0
-0.00964304452478962	-0.004425068904351767	0.0
-0.009657978346421566	-0.004410301822368065	0.0
-0.009672912168053511	-0.004395695252145055	0.0
-0.009688068882545637	-0.004381249193682738	0.0
-0.009703225597037759	-0.004366803135220421	0.0
-0.009718159418669705	-0.004352357076758103	0.0
-0.009732870347441473	-0.0043380715300564785	0.0
-0.009747581276213241	-0.004323785983354853	0.0
-0.009762292204985009	-0.004309500436653228	0.0
-0.009777003133756778	-0.004295375401712295	0.0
-0.009791491169668366	-0.004281089855010671	0.0
-0.009806202098440133	-0.00426712533183043	0.0
-0.009820690134351722	-0.004253000296889498	0.0
-0.00983540106312349	-0.00423919628546995	0.0
-0.00984988909903508	-0.004225231762289711	0.0
-0.009863931349226312	-0.004211588262630856	0.0
-0.009878419385137902	-0.0041976237394506155	0.0
-0.009892684528189312	-0.00418398023979176	0.0
-0.009906726778380545	-0.004170336740132905	0.0
-0.009920991921431956	-0.004156532728713357	0.0
-0.009935034171623188	-0.004143049740815195	0.0
-0.009949299314674599	-0.004129727264677724	0.0
-0.009963341564865832	-0.004116244276779561	0.0
-0.009977383815057065	-0.0041030823124027825	0.0
-0.00999098027952794	-0.004089759836265312	0.0
-0.010004799636858996	-0.004076597871888534	0.0
-0.010018618994190051	-0.0040634359075117565	0.0
-0.010032215458660928	-0.004050273943134979	0.0
-0.010045811923131804	-0.004037272490518893	0.0
-0.010059408387602678	-0.004024271037902807	0.0
-0.010073227744933733	-0.004011430097047414	0.0
-0.01008682420940461	-0.003998428644431329	0.0
-0.01009997488815513	-0.003985748215336628	0.0
-0.010113348459765827	-0.003973067786241927	0.0
-0.010126722031376526	-0.003960547868907919	0.0
-0.010139649817266866	-0.003947867439813218	0.0
-0.010152800496017387	-0.003935187010718517	0.0
-0.010165951174767904	-0.003922667093384509	0.0
-0.010178878960658246	-0.003910147176050501	0.0
-0.010192029639408766	-0.0038977877704771844	0.0
-0.010205180318159287	-0.003885588876664561	0.0
-0.010218108104049627	-0.003873229471091245	0.0
-0.010230812997079789	-0.0038610305772786213	0.0
-0.010243517890109953	-0.003848831683465998	0.0
-0.010255999890279938	-0.0038367933014140667	0.0
-0.010268481890449922	-0.0038245944076014432	0.0
-0.010281186783480084	-0.00381239551378882	0.0
-0.010293445890789892	-0.0038005176434975814	0.0
-0.010306150783820056	-0.0037886397732063426	0.0
-0.010318186998269682	-0.003776761902915104	0.0
-0.010330668998439667	-0.003764884032623865	0.0
-0.010342928105749475	-0.003753166674093319	0.0
-0.010354964320199101	-0.00374128880380208	0.0
-0.010367223427508909	-0.0037295714452715337	0.0
-0.010379259641958535	-0.0037178540867409873	0.0
-0.010391295856408163	-0.0037061367282104412	0.0
-0.010403332070857791	-0.003694579881440587	0.0
-0.010414922499587064	-0.003683183546431426	0.0
-0.010426958714036693	-0.003671626699661572	0.0
-0.01043877203562614	-0.003660390876413103	0.0
-0.01045058535721559	-0.003649155053164634	0.0
-0.010462398678805041	-0.003637919229916165	0.0
-0.010473989107534313	-0.003626683406667696	0.0
-0.010485579536263584	-0.0036152870716585346	0.0
-0.010496947072132678	-0.0036040512484100656	0.0
-0.010508760393722127	-0.0035928154251615965	0.0
-0.010519905036731041	-0.00358174011367382	0.0
-0.010531272572600133	-0.0035708253139467355	0.0
-0.010542640108469227	-0.003560071025980344	0.0
-0.01055400764433832	-0.003549316738013952	0.0
-0.010565152287347236	-0.003538401938286868	0.0
-0.01057629693035615	-0.0035276476503204764	0.0
-0.010587664466225244	-0.0035168933623540843	0.0
-0.010598809109234159	-0.003505978562627	0.0
-0.010609730859382894	-0.0034953847864213007	0.0
-0.010620652609531633	-0.0034847910102156015	0.0
-0.010631574359680368	-0.0034741972340099018	0.0
-0.010642496109829105	-0.0034639244813255876	0.0
-0.010653194967117663	-0.003453651728641273	0.0
-0.010664116717266399	-0.0034433789759569585	0.0
-0.010674815574554958	-0.0034329457115119515	0.0
-0.010685514431843518	-0.003422672958827637	0.0
-0.010695990396271896	-0.0034124002061433224	0.0
-0.010706466360700276	-0.0034021274534590078	0.0
-0.010716942325128657	-0.0033920152125353855	0.0
-0.010727418289557037	-0.003382063483372456	0.0
-0.010737671361125238	-0.003372111754209526	0.0
-0.010747924432693439	-0.003362160025046596	0.0
-0.01075817750426164	-0.0033525293194050514	0.0
-0.010768430575829843	-0.003342577590242122	0.0
-0.010778460754537866	-0.0033327863728398843	0.0
-0.01078849093324589	-0.0033231556671983395	0.0
-0.010798521111953913	-0.0033133644497961023	0.0
-0.01080810550494158	-0.00330389425591525	0.0
-0.010817912790789424	-0.003294263550273705	0.0
-0.010827497183777093	-0.003284953868153545	0.0
-0.010837304469624937	-0.0032754836742726924	0.0
-0.010847111755472781	-0.0032660134803918404	0.0
-0.01085669614846045	-0.0032568643100323725	0.0
-0.010866280541448116	-0.003247554627912212	0.0
-0.010875419148715424	-0.0032382449457920522	0.0
-0.010884780648842915	-0.0032290957754325844	0.0
-0.010893919256110225	-0.0032201071168338094	0.0
-0.010903057863377535	-0.0032109579464743416	0.0
-0.010911973577784666	-0.003202129799636259	0.0
-0.010921112185051977	-0.003193301652798176	0.0
-0.01093002789945911	-0.003184473505960093	0.0
-0.01093894361386624	-0.0031756453591220107	0.0
-0.010947859328273373	-0.00316697772404462	0.0
-0.010956775042680505	-0.003158470600727922	0.0
-0.010965022078507101	-0.003149802965650532	0.0
-0.010973714900054056	-0.003141456354094526	0.0
-0.01098218482874083	-0.003132949230777828	0.0
-0.010990654757427606	-0.0031246026192218225	0.0
-0.010998901793254202	-0.0031162560076658167	0.0
-0.011007371721940978	-0.0031079093961098115	0.0
-0.011015841650627753	-0.0030997232963144985	0.0
-0.011023865793594172	-0.0030918582200405702	0.0
-0.011032112829420768	-0.003083832632005949	0.0
-0.011040136972387189	-0.003075967555732021	0.0
-0.011047938222493428	-0.003068262991218785	0.0
-0.011055962365459847	-0.0030603979149448567	0.0
-0.011064209401286444	-0.0030526933504316208	0.0
-0.011072233544252862	-0.003044988785918385	0.0
-0.011080034794359102	-0.003037284221405149	0.0
-0.011087836044465343	-0.0030297401686526057	0.0
-0.011095637294571583	-0.003022196115900062	0.0
-0.011103215651817646	-0.003014812574908211	0.0
-0.011111239794784063	-0.0030077500574377447	0.0
-0.011118818152030127	-0.003000366516445894	0.0
-0.011126619402136367	-0.0029933039989754272	0.0
-0.011134197759382429	-0.0029860809697442687	0.0
-0.01114199900948867	-0.0029790184522738026	0.0
-0.011149577366734732	-0.002971955934803336	0.0
-0.011157155723980794	-0.00296489341733287	0.0
-0.011164734081226856	-0.0029581519233837887	0.0
-0.011172312438472918	-0.002951089405913322	0.0
-0.01117989079571898	-0.0029443479119642406	0.0
-0.011187469152965042	-0.002937766929775852	0.0
-0.011195270403071281	-0.0029310254358267704	0.0
-0.011202848760317345	-0.0029242839418776893	0.0
-0.011210427117563407	-0.0029177029596892997	0.0
-0.011218005474809467	-0.002911121977500911	0.0
-0.011225583832055531	-0.002904701507073214	0.0
-0.011233162189301593	-0.0028981205248848254	0.0
-0.011240517653687476	-0.002891700054457129	0.0
-0.01124809601093354	-0.002885279584029432	0.0
-0.011255674368179602	-0.002879019625362428	0.0
-0.011263029832565484	-0.0028725991549347313	0.0
-0.011270608189811548	-0.002866178684507035	0.0
-0.01127818654705761	-0.002860079237600723	0.0
-0.01128576490430367	-0.002853819278933719	0.0
-0.011293343261549734	-0.002847559320266715	0.0
-0.011300921618795796	-0.0028414598733604033	0.0
-0.011308499976041856	-0.0028351999146933988	0.0
-0.01131585544042774	-0.0028292609795477794	0.0
-0.011323210904813625	-0.0028231615326414676	0.0
-0.01133056636919951	-0.002817062085735156	0.0
-0.01133814472644557	-0.0028111231505895365	0.0
-0.011345500190831454	-0.002805184215443917	0.0
-0.011353078548077518	-0.002799245280298298	0.0
-0.011360434012463401	-0.0027933063451526787	0.0
-0.011367789476849284	-0.0027875279217677517	0.0
-0.011375144941235168	-0.0027815889866221323	0.0
-0.011382500405621053	-0.0027758105632372052	0.0
-0.011389855870006937	-0.0027698716280915863	0.0
-0.01139721133439282	-0.002764093204706659	0.0
-0.011404343905918525	-0.002758314781321732	0.0
-0.01141169937030441	-0.0027526968696974974	0.0
-0.011419054834690294	-0.0027472394698339554	0.0
-0.011426410299076177	-0.002741461046449029	0.0
-0.011433542870601882	-0.002735843134824794	0.0
-0.011440675442127589	-0.0027305462467219445	0.0
-0.011447808013653294	-0.002724767823337018	0.0
-0.011454940585179	-0.0027193104234734754	0.0
-0.011462073156704704	-0.0027136925118492407	0.0
-0.011468982835370232	-0.0027083956237463915	0.0
-0.011476115406895937	-0.0027030987356435414	0.0
-0.011483247978421643	-0.0026976413357799995	0.0
-0.011490380549947348	-0.0026923444476771494	0.0
-0.011497290228612875	-0.0026870475595743002	0.0
-0.01150442280013858	-0.00268175067147145	0.0
-0.011511332478804108	-0.0026764537833686005	0.0
-0.011518465050329814	-0.002671156895265751	0.0
-0.01152537472899534	-0.0026660205189235936	0.0
-0.011532284407660867	-0.0026608841425814363	0.0
-0.011539194086326395	-0.002655908277999972	0.0
-0.011546103764991923	-0.0026507719016578145	0.0
-0.01155301344365745	-0.0026457960370763495	0.0
-0.011560146015183155	-0.0026408201724948846	0.0
-0.011567055693848681	-0.0026358443079134196	0.0
-0.011573742479654031	-0.0026308684433319547	0.0
-0.01158065215831956	-0.00262589257875049	0.0
-0.011587338944124908	-0.002621077225929718	0.0
-0.011594248622790435	-0.002616261873108945	0.0
-0.011601158301455963	-0.0026114465202881727	0.0
-0.01160806798012149	-0.002606791679228093	0.0
-0.011614977658787017	-0.00260197632640732	0.0
-0.011621887337452544	-0.0025973214853472404	0.0
-0.011628797016118072	-0.002592827156047853	0.0
-0.0116357066947836	-0.0025881723149877725	0.0
-0.011642393480588946	-0.0025835174739276922	0.0
-0.011649303159254474	-0.0025790231446283047	0.0
-0.011655989945059822	-0.002574528815328917	0.0
-0.01166289962372535	-0.002570194997790222	0.0
-0.011669809302390878	-0.0025657006684908345	0.0
-0.011676496088196226	-0.0025615273627128316	0.0
-0.011683405766861754	-0.0025571935451741364	0.0
-0.011690315445527283	-0.0025528597276354417	0.0
-0.011697002231332632	-0.0025486864218574384	0.0
-0.01170391190999816	-0.0025445131160794355	0.0
-0.011710821588663687	-0.002540500322062125	0.0
-0.011717731267329211	-0.0025363270162841226	0.0
-0.011724418053134561	-0.002532314222266812	0.0
-0.011731327731800089	-0.0025284619400101943	0.0
-0.011738237410465617	-0.002524449145992884	0.0
-0.011744924196270965	-0.002520596863736266	0.0
-0.011751833874936493	-0.002517065605001033	0.0
-0.01175874355360202	-0.0025132133227444148	0.0
-0.011765876125127726	-0.002509361040487797	0.0
-0.011772785803793252	-0.002505829781752564	0.0
-0.01177969548245878	-0.0025021380112566385	0.0
-0.01178638226826413	-0.002498606752521405	0.0
-0.011793291946929655	-0.002495075493786172	0.0
-0.011799978732735006	-0.002491544235050939	0.0
-0.011806888411400533	-0.002488173488076398	0.0
-0.011813798090066057	-0.0024848027411018573	0.0
-0.011820707768731585	-0.0024815925058880093	0.0
-0.011827617447397113	-0.002478382270674161	0.0
-0.01183452712606264	-0.0024751720354603125	0.0
-0.011841659697588346	-0.002472122312007157	0.0
-0.011848569376253873	-0.002468912076793308	0.0
-0.0118554790549194	-0.00246570184157946	0.0
-0.011862388733584927	-0.0024628126298869963	0.0
-0.011869521305110632	-0.002459762906433841	0.0
-0.01187643098377616	-0.0024568736947413773	0.0
-0.011883340662441687	-0.002453984483048914	0.0
-0.011890250341107215	-0.002451255783117143	0.0
-0.011897160019772741	-0.0024483665714246793	0.0
-0.011904292591298448	-0.002445477359732216	0.0
-0.011911202269963974	-0.002442748659800445	0.0
-0.01191833484148968	-0.002440180471629366	0.0
-0.011925244520155207	-0.002437451771697595	0.0
-0.011932377091680912	-0.0024348835835265167	0.0
-0.011939509663206617	-0.0024323153953554376	0.0
-0.011946642234732326	-0.0024299077189450517	0.0
-0.011953774806258031	-0.0024273395307739727	0.0
-0.011960907377783736	-0.0024247713426028944	0.0
-0.011967817056449264	-0.002422363666192508	0.0
-0.01197494962797497	-0.002420116501542814	0.0
-0.011982082199500674	-0.002417708825132428	0.0
-0.011989437663886557	-0.002415301148722042	0.0
-0.011996570235412262	-0.0024130539840723484	0.0
-0.012003702806937968	-0.0024108068194226544	0.0
-0.012010835378463673	-0.00240855965477296	0.0
-0.012018190842849557	-0.002406473001883959	0.0
-0.012025323414375264	-0.0024042258372342653	0.0
-0.012032678878761147	-0.002402139184345264	0.0
-0.012040034343147031	-0.0024000525314562624	0.0
-0.012047389807532914	-0.0023981263903279535	0.0
-0.012054745271918799	-0.0023960397374389523	0.0
-0.012062100736304683	-0.002394113596310643	0.0
-0.012069679093550745	-0.002392187455182334	0.0
-0.012077034557936628	-0.0023902613140540253	0.0
-0.01208461291518269	-0.0023884956846864087	0.0
-0.012091968379568574	-0.002386409031797407	0.0
-0.012099546736814636	-0.0023846434024297905	0.0
-0.012107125094060698	-0.002382877773062174	0.0
-0.01211470345130676	-0.0023811121436945575	0.0
-0.012122504701413	-0.0023795070260876332	0.0
-0.012130083058659064	-0.0023779019084807095	0.0
-0.012137661415905126	-0.0023761362791130925	0.0
-0.012145462666011365	-0.002374370649745476	0.0
-0.012153263916117606	-0.0023727655321385517	0.0
-0.012161288059084023	-0.0023713209262923203	0.0
-0.012169089309190265	-0.0023697158086853957	0.0
-0.012176890559296504	-0.0023682712028391642	0.0
-0.012184914702262925	-0.0023666660852322404	0.0
-0.012192715952369164	-0.002365381991146701	0.0
-0.012200740095335583	-0.0023639373853004695	0.0
-0.012208764238302004	-0.002362492779454237	0.0
-0.012217011274128598	-0.0023610481736080057	0.0
-0.012225258309955196	-0.002359603567761774	0.0
-0.012233282452921615	-0.0023581589619155424	0.0
-0.012241529488748211	-0.002356874867830003	0.0
-0.01224977652457481	-0.0023555907737444633	0.0
-0.012258246453261585	-0.0023544671914196165	0.0
-0.012266493489088181	-0.0023531830973340774	0.0
-0.012274963417774955	-0.002351899003248538	0.0
-0.012283210453601553	-0.0023506149091629984	0.0
-0.012291680382288329	-0.0023494913268381516	0.0
-0.012300373203835282	-0.002348367744513305	0.0
-0.012308843132522057	-0.0023470836504277657	0.0
-0.012317535954069012	-0.002345960068102919	0.0
-0.012326228775615965	-0.002344836485778072	0.0
-0.012334921597162918	-0.002343712903453225	0.0
-0.012343614418709872	-0.00234274983288907	0.0
-0.012352307240256826	-0.0023416262505642233	0.0
-0.012361222954663957	-0.0023405026682393765	0.0
-0.012369915776210912	-0.002339539597675222	0.0
-0.012379054383478222	-0.0023385765271110677	0.0
-0.012387970097885352	-0.002337613456546913	0.0
-0.012396885812292485	-0.002336650385982759	0.0
-0.012406247312419974	-0.0023355268036579116	0.0
-0.012415163026827106	-0.002334563733093757	0.0
-0.012424301634094416	-0.002333761174290295	0.0
-0.012433440241361726	-0.0023327981037261406	0.0
-0.012442578848629036	-0.002331835033161986	0.0
-0.012451717455896346	-0.002331032474358524	0.0
-0.012461078956023835	-0.0023303904273157543	0.0
-0.012470440456151323	-0.0023294273567516	0.0
-0.012480024849138991	-0.00232878530970883	0.0
-0.012489386349266478	-0.002327982750905368	0.0
-0.012499193635114324	-0.0023270196803412135	0.0
-0.012508332242381634	-0.002326217121537752	0.0
-0.0125179166353693	-0.002325575074494982	0.0
-0.012527278135496788	-0.00232477251569152	0.0
-0.012537085421344633	-0.0023242909804094426	0.0
-0.012546446921472124	-0.002323648933366673	0.0
-0.012556254207319966	-0.0023230068863239034	0.0
-0.012566061493167812	-0.0023223648392811337	0.0
-0.012575868779015658	-0.0023217227922383643	0.0
-0.012585676064863502	-0.0023212412569562865	0.0
-0.012595483350711348	-0.0023205992099135167	0.0
-0.012605067743699015	-0.0023201176746314397	0.0
-0.012615097922407038	-0.002319796651110055	0.0
-0.012624905208254884	-0.002319315115827978	0.0
-0.012634712494102729	-0.0023188335805459006	0.0
-0.012644742672810752	-0.0023185125570245155	0.0
-0.012654995744378953	-0.0023180310217424385	0.0
-0.012664803030226799	-0.0023175494864603615	0.0
-0.01267483320893482	-0.0023172284629389764	0.0
-0.012684863387642846	-0.0023169074394175917	0.0
-0.01269467067349069	-0.002316586415896207	0.0
-0.012704923745058893	-0.0023164259041355143	0.0
-0.012714953923766915	-0.002316265392374822	0.0
-0.012724984102474938	-0.002316104880614129	0.0
-0.012735237174043141	-0.0023159443688534373	0.0
-0.012745490245611342	-0.002315623345332052	0.0
-0.012755743317179545	-0.00231546283357136	0.0
-0.012765773495887566	-0.0023153023218106675	0.0
-0.01277580367459559	-0.0023153023218106675	0.0
-0.012785833853303613	-0.0023151418100499747	0.0
-0.012796086924871816	-0.0023151418100499747	0.0
-0.012806339996440017	-0.00231546283357136	0.0
-0.012816593068008218	-0.0023153023218106675	0.0
-0.012827069032436599	-0.00231546283357136	0.0
-0.0128373221040048	-0.00231546283357136	0.0
-0.012847575175573002	-0.002315623345332052	0.0
-0.012857828247141203	-0.002315623345332052	0.0
-0.012867858425849229	-0.002315623345332052	0.0
-0.012877888604557252	-0.0023159443688534373	0.0
-0.012888141676125451	-0.002316265392374822	0.0
-0.012898617640553832	-0.0023164259041355143	0.0
-0.012908870712122034	-0.002316746927656899	0.0
-0.012919569569410592	-0.0023172284629389764	0.0
-0.012929822640978793	-0.0023175494864603615	0.0
-0.012940075712546996	-0.0023178705099817457	0.0
-0.012950328784115197	-0.002318191533503131	0.0
-0.01296035896282322	-0.0023186730687852083	0.0
-0.012970389141531244	-0.0023191546040672853	0.0
-0.012980642213099445	-0.0023196361393493627	0.0
-0.012990895284667648	-0.0023202781863921325	0.0
-0.013001371249096028	-0.0023207597216742095	0.0
-0.013011847213524406	-0.0023214017687169792	0.0
-0.01302210028509261	-0.002322043815759749	0.0
-0.01303257624952099	-0.002322846374563211	0.0
-0.013042606428229013	-0.0023234884216059805	0.0
-0.013052413714076857	-0.0023242909804094426	0.0
-0.013062666785645058	-0.002325093539212905	0.0
-0.013072919857213261	-0.002326056609777059	0.0
-0.013083172928781462	-0.002326859168580521	0.0
-0.013093426000349665	-0.0023276617273839833	0.0
-0.013103679071917866	-0.0023286247979481377	0.0
-0.013113709250625891	-0.0023295878685122926	0.0
-0.01312396232219409	-0.002330550939076447	0.0
-0.013133992500902114	-0.002331674521401294	0.0
-0.013144022679610137	-0.0023327981037261406	0.0
-0.013154052858318162	-0.002333921686050988	0.0
-0.013163860144166007	-0.002335205780136527	0.0
-0.01317389032287403	-0.002336489874222066	0.0
-0.013184143394442231	-0.002337613456546913	0.0
-0.013194173573150255	-0.0023388975506324523	0.0
-0.013204203751858278	-0.0023405026682393765	0.0
-0.013214233930566302	-0.002341786762324916	0.0
-0.013223818323553968	-0.0023432313681711475	0.0
-0.013233625609401813	-0.0023446759740173794	0.0
-0.013243432895249659	-0.002346120579863611	0.0
-0.01325346307395768	-0.0023478862092312274	0.0
-0.013263047466945349	-0.0023494913268381516	0.0
-0.013272854752793195	-0.002351096444445076	0.0
-0.013282662038641039	-0.0023528620738126923	0.0
-0.013292469324488885	-0.0023547882149410016	0.0
-0.01330205371747655	-0.002356553844308618	0.0
-0.013311861003324396	-0.002358479985436927	0.0
-0.013321222503451883	-0.002360406126565236	0.0
-0.01333102978929973	-0.002362332267693545	0.0
-0.013340391289427217	-0.0023642584088218537	0.0
-0.013350198575275063	-0.0023663450617108553	0.0
-0.013359560075402552	-0.002368431714599857	0.0
-0.013368921575530041	-0.0023706788792495505	0.0
-0.013378283075657528	-0.0023729260438992445	0.0
-0.013387867468645195	-0.0023751732085489385	0.0
-0.013397006075912507	-0.002377420373198632	0.0
-0.013406590468900172	-0.002379828049609018	0.0
-0.013415951969027659	-0.002382075214258712	0.0
-0.01342509057629497	-0.0023846434024297905	0.0
-0.01343445207642246	-0.002387211590600869	0.0
-0.01344359068368977	-0.002389779778771948	0.0
-0.0134525063980969	-0.002392508478703719	0.0
-0.013461645005364212	-0.00239523717863549	0.0
-0.013470783612631522	-0.002397805366806569	0.0
-0.013479699327038654	-0.0024006945784990318	0.0
-0.013488837934305964	-0.002403423278430803	0.0
-0.013497753648713095	-0.0024063124901232665	0.0
-0.013506892255980407	-0.0024093622135764226	0.0
-0.013515807970387539	-0.002412251425268886	0.0
-0.01352472368479467	-0.0024154616604827343	0.0
-0.013533639399201802	-0.0024185113839358904	0.0
-0.013542332220748755	-0.0024217216191497384	0.0
-0.01355080214943553	-0.0024247713426028944	0.0
-0.013559717863842663	-0.002428142089577435	0.0
-0.013568410685389616	-0.002431512836551976	0.0
-0.013577326399796748	-0.0024348835835265167	0.0
-0.013586019221343702	-0.002438254330501057	0.0
-0.013594489150030477	-0.0024417855892362905	0.0
-0.01360340486443761	-0.002445316847971523	0.0
-0.013611874793124385	-0.002449169130228141	0.0
-0.013620344721811159	-0.0024527003889633745	0.0
-0.013628591757637755	-0.0024563921594593003	0.0
-0.01363728457918471	-0.002460244441715918	0.0
-0.013645754507871486	-0.0024639362122118435	0.0
-0.013654224436558261	-0.002467949006229154	0.0
-0.013662694365245037	-0.002471961800246464	0.0
-0.013670941401071631	-0.0024759745942637746	0.0
-0.01367918843689823	-0.0024801479000417775	0.0
-0.013687658365585005	-0.0024843212058197803	0.0
-0.013695905401411603	-0.0024883339998370904	0.0
-0.013704152437238198	-0.0024926678173757856	0.0
-0.013712399473064796	-0.0024970016349144812	0.0
-0.013720869401751571	-0.002501335452453176	0.0
-0.01372911643757817	-0.002505829781752564	0.0
-0.013737363473404764	-0.0025103241110519515	0.0
-0.013745387616371185	-0.002514818440351339	0.0
-0.013753411759337603	-0.0025194732814114193	0.0
-0.0137616587951642	-0.0025242886342321915	0.0
-0.013769905830990796	-0.0025289434752922713	0.0
-0.013778152866817394	-0.0025337588281130435	0.0
-0.013786177009783811	-0.002538734692694509	0.0
-0.013794201152750232	-0.002543550045515281	0.0
-0.01380222529571665	-0.0025486864218574384	0.0
-0.013810472331543247	-0.0025536622864389034	0.0
-0.013818496474509665	-0.0025587986627810607	0.0
-0.013826297724615905	-0.0025640955508839103	0.0
-0.013834321867582326	-0.002569231927226068	0.0
-0.013842346010548744	-0.002574528815328917	0.0
-0.013850370153515161	-0.002579986215192459	0.0
-0.013858394296481582	-0.0025854436150560016	0.0
-0.013866195546587821	-0.0025909010149195435	0.0
-0.01387421968955424	-0.0025965189265437782	0.0
-0.01388202093966048	-0.002602297349928705	0.0
-0.013889822189766721	-0.002608075773313632	0.0
-0.01389762343987296	-0.0026138541966985586	0.0
-0.013905424689979202	-0.0026196326200834856	0.0
-0.013913225940085441	-0.0026255715552291055	0.0
-0.013920804297331503	-0.0026315104903747244	0.0
-0.013928605547437745	-0.0026374494255203443	0.0
-0.013936183904683807	-0.0026438698959480402	0.0
-0.01394376226192987	-0.002649969342854352	0.0
-0.013951117726315753	-0.002656389813282049	0.0
-0.013958696083561815	-0.0026628102837097456	0.0
-0.013966274440807875	-0.0026693912658981344	0.0
-0.013973852798053939	-0.0026758117363258308	0.0
-0.013981431155300001	-0.00268239271851422	0.0
-0.013988563726825706	-0.0026891342124633014	0.0
-0.013995919191211589	-0.002695875706412383	0.0
-0.014003051762737296	-0.0027024566886007717	0.0
-0.014010184334263003	-0.0027095192060712383	0.0
-0.014017539798648886	-0.0027165817235417044	0.0
-0.014024449477314413	-0.002723804752772863	0.0
-0.014031582048840118	-0.002730867270243329	0.0
-0.014038714620365824	-0.002738090299474488	0.0
-0.014045847191891529	-0.0027453133287056466	0.0
-0.014052756870557057	-0.0027526968696974974	0.0
-0.014059443656362405	-0.0027602409224500414	0.0
-0.014066353335027933	-0.0027677849752025846	0.0
-0.014072817227973102	-0.0027753290279551282	0.0
-0.014079504013778452	-0.0027831941042290565	0.0
-0.0140861907995838	-0.002790898668742292	0.0
-0.014092654692528971	-0.002798924256776913	0.0
-0.01409911858547414	-0.0028067893330508413	0.0
-0.014105582478419313	-0.0028149754328461547	0.0
-0.014112046371364484	-0.0028230010208807753	0.0
-0.014118287371449476	-0.0028311871206760887	0.0
-0.01412430547867429	-0.002839533732232094	0.0
-0.014130546478759281	-0.0028478803437880997	0.0
-0.014136564585984095	-0.002856226955344105	0.0
-0.014142359800348732	-0.0028648945904214953	0.0
-0.014148377907573546	-0.0028734017137381934	0.0
-0.01415439601479836	-0.002882229860576276	0.0
-0.014160191229162995	-0.0028910580074143592	0.0
-0.014165763550667454	-0.0029000466660131347	0.0
-0.014171558765032089	-0.002908874812851217	0.0
-0.014176908193676369	-0.0029178634714499925	0.0
-0.014182257622320647	-0.0029268521300487675	0.0
-0.014187607050964926	-0.0029358407886475426	0.0
-0.014192956479609204	-0.002945150470767703	0.0
-0.014198305908253484	-0.002954460152887863	0.0
-0.014203432444037585	-0.0029636093232473307	0.0
-0.014208558979821685	-0.002973079517128183	0.0
-0.014213462622745608	-0.002982549711009035	0.0
-0.014218366265669531	-0.002992019904889888	0.0
-0.014223492801453632	-0.003001650610531433	0.0
-0.014227950658657198	-0.0030111208044122854	0.0
-0.014232631408720942	-0.003020590998293138	0.0
-0.014237535051644865	-0.0030303822156953755	0.0
-0.014242215801708608	-0.00304001292133692	0.0
-0.014246450766051997	-0.0030498041387391575	0.0
-0.014251131516115742	-0.0030594348443807023	0.0
-0.014255589373319307	-0.003069065550022247	0.0
-0.014259824337662694	-0.0030788567674244847	0.0
-0.014264059302006082	-0.003088647984826722	0.0
-0.01426829426634947	-0.003098439202228959	0.0
-0.014272529230692858	-0.0031082304196311966	0.0
-0.014276541302176067	-0.003118182148794126	0.0
-0.014280776266519454	-0.003127973366196363	0.0
-0.014284788338002664	-0.003137925095359293	0.0
-0.014288800409485873	-0.0031478768245222226	0.0
-0.014292589588108903	-0.0031578285536851525	0.0
-0.014296601659592114	-0.0031679407946087748	0.0
-0.014300390838215144	-0.0031778925237717043	0.0
-0.014304180016838176	-0.0031878442529346337	0.0
-0.014308192088321384	-0.003197795982097564	0.0
-0.014311535481224059	-0.0032077477112604936	0.0
-0.01431532465984709	-0.0032178599521841154	0.0
-0.014319113838470121	-0.0032278116813470453	0.0
-0.014322680124232974	-0.003237923922270667	0.0
-0.014326469302856006	-0.00324803616319429	0.0
-0.01432981269575868	-0.0032579878923572193	0.0
-0.01433360187438171	-0.003268260645041534	0.0
-0.014336945267284386	-0.003278372885965156	0.0
-0.014340288660187061	-0.003288485126888778	0.0
-0.014343854945949914	-0.003298757879573093	0.0
-0.014347198338852589	-0.003308870120496715	0.0
-0.014350764624615441	-0.003318982361420337	0.0
-0.014353885124657935	-0.0033290946023439593	0.0
-0.01435722851756061	-0.003339367355028274	0.0
-0.014360571910463285	-0.0033494795959518957	0.0
-0.014363915303365959	-0.00335975234863621	0.0
-0.014367258696268634	-0.003370025101320525	0.0
-0.014370602089171309	-0.0033802978540048395	0.0
-0.014373722589213805	-0.0033904100949284613	0.0
-0.0143768430892563	-0.003400682847612776	0.0
-0.014380186482158974	-0.003410955600297091	0.0
-0.014383306982201471	-0.0034210678412207127	0.0
-0.014386427482243967	-0.003431340593905027	0.0
-0.014389547982286465	-0.0034417738583500342	0.0
-0.014392445589468781	-0.0034518860992736565	0.0
-0.014395566089511277	-0.003462319363718663	0.0
-0.014398686589553773	-0.0034727526281636703	0.0
-0.014401584196736093	-0.003483025380847985	0.0
-0.014404704696778587	-0.0034932981335322995	0.0
-0.014407602303960905	-0.0035035708862166137	0.0
-0.014410499911143224	-0.0035138436389009283	0.0
-0.014413620411185721	-0.003524116391585243	0.0
-0.014416518018368038	-0.0035345496560302498	0.0
-0.014419192732690178	-0.003544982920475257	0.0
-0.014422090339872495	-0.0035552556731595717	0.0
-0.014424765054194634	-0.003565528425843886	0.0
-0.014427439768516773	-0.0035759616902888928	0.0
-0.014430114482838914	-0.0035863949547338997	0.0
-0.014433012090021232	-0.0035966677074182143	0.0
-0.014435909697203549	-0.003606940460102529	0.0
-0.014438361518665512	-0.003617373724547536	0.0
-0.014441259125847828	-0.0036278069889925427	0.0
-0.01444371094730979	-0.0036382402534375496	0.0
-0.014446385661631929	-0.0036485130061218642	0.0
-0.014448614590233713	-0.0036589462705668716	0.0
-0.014451289304555852	-0.0036692190232511857	0.0
-0.014453741126017812	-0.0036796522876961927	0.0
-0.014456415840339952	-0.0036900855521411996	0.0
-0.014458867661801914	-0.003700358304825514	0.0
-0.014461319483263875	-0.0037107915692705215	0.0
-0.014463771304725837	-0.003721064321954836	0.0
-0.014466223126187798	-0.0037313370746391503	0.0
-0.01446845205478958	-0.0037417703390841576	0.0
-0.014470903876251542	-0.003752043091768472	0.0
-0.014473132804853326	-0.0037624763562134787	0.0
-0.014475361733455108	-0.003772909620658486	0.0
-0.01447759066205689	-0.0037831823733428	0.0
-0.014479819590658673	-0.0037936156377878076	0.0
-0.014482048519260457	-0.003803888390472122	0.0
-0.01448427744786224	-0.0038143216549171286	0.0
-0.014486506376464023	-0.0038245944076014432	0.0
-0.014488735305065807	-0.0038348671602857582	0.0
-0.014490741340807411	-0.0038453004247307647	0.0
-0.014492747376549016	-0.0038555731774150793	0.0
-0.01449475341229062	-0.003865845930099394	0.0
-0.014496759448032224	-0.003876279194544401	0.0
-0.014498988376634006	-0.0038865519472287154	0.0
-0.014500771519515433	-0.00389682469991303	0.0
-0.01450277755525704	-0.003907097452597344	0.0
-0.014504783590998644	-0.0039175307170423515	0.0
-0.014506789626740249	-0.003927963981487358	0.0
-0.014508795662481852	-0.0039382367341716734	0.0
-0.01451057880536328	-0.003948509486855988	0.0
-0.014512361948244705	-0.003958782239540302	0.0
-0.01451436798398631	-0.003969054992224616	0.0
-0.014516151126867737	-0.003979488256669624	0.0
-0.014518157162609341	-0.003989761009353938	0.0
-0.014519717412630589	-0.004000033762038252	0.0
-0.014521723448372194	-0.004010306514722567	0.0
-0.01452350659125362	-0.004020579267406882	0.0
-0.014525289734135046	-0.004030852020091197	0.0
-0.014527072877016472	-0.004041124772775511	0.0
-0.014528856019897899	-0.004051397525459826	0.0
-0.014530639162779324	-0.00406167027814414	0.0
-0.014532422305660753	-0.004071943030828455	0.0
-0.014534205448542179	-0.004082215783512769	0.0
-0.014535988591423606	-0.004092328024436391	0.0
-0.014537548841444852	-0.004102600777120705	0.0
-0.01453933198432628	-0.004112713018044328	0.0
-0.014540892234347527	-0.00412282525896795	0.0
-0.014542675377228953	-0.0041329374998915714	0.0
-0.014544235627250202	-0.004143210252575886	0.0
-0.014546018770131628	-0.004153322493499509	0.0
-0.014547579020152876	-0.0041634347344231305	0.0
-0.014549362163034303	-0.004173546975346752	0.0
-0.01455092241305555	-0.004183659216270376	0.0
-0.014552705555936978	-0.004193771457193998	0.0
-0.014554265805958226	-0.0042038836981176195	0.0
-0.014556048948839651	-0.0042138354272805495	0.0
-0.014557386306000722	-0.004223947668204171	0.0
-0.014559169448882149	-0.004233899397367101	0.0
-0.014560729698903397	-0.004243690614769338	0.0
-0.014562289948924645	-0.004253642343932267	0.0
-0.014564073091806072	-0.004263594073095198	0.0
-0.014565410448967139	-0.00427370631401882	0.0
-0.014566970698988388	-0.00428365804318175	0.0
-0.014568530949009636	-0.004293449260583987	0.0
-0.014570091199030884	-0.004303240477986223	0.0
-0.014571651449052132	-0.004313031695388461	0.0
-0.014572988806213202	-0.004322983424551391	0.0
-0.014574326163374271	-0.0043327746419536285	0.0
-0.014575663520535341	-0.0043425658593558665	0.0
-0.014577000877696412	-0.004352196564997411	0.0
-0.01457856112771766	-0.004361827270638956	0.0
-0.01457989848487873	-0.004371618488041193	0.0
-0.014581458734899978	-0.00438140970544343	0.0
-0.014582796092061047	-0.004391040411084976	0.0
-0.01458391055636194	-0.00440067111672652	0.0
-0.01458524791352301	-0.0044101413106073725	0.0
-0.0145863623778239	-0.004419772016248917	0.0
-0.01458769973498497	-0.00442924221012977	0.0
-0.014588591306425683	-0.004438872915771315	0.0
-0.014589928663586752	-0.004448343109652167	0.0
-0.014591043127887645	-0.00445781330353302	0.0
-0.014592157592188536	-0.004467122985653179	0.0
-0.014593272056489427	-0.004476593179534033	0.0
-0.01459438652079032	-0.004486063373414884	0.0
-0.014595278092231032	-0.004495373055535045	0.0
-0.014596392556531923	-0.004504522225894513	0.0
-0.014597061235112459	-0.004513831908014672	0.0
-0.014597952806553172	-0.004523141590134832	0.0
-0.014598844377993886	-0.004532451272254992	0.0
-0.014599735949434598	-0.004541760954375152	0.0
-0.01460085041373549	-0.0045507496129739275	0.0
-0.014601519092316025	-0.004559898783333395	0.0
-0.014602410663756739	-0.004569047953692863	0.0
-0.014603079342337273	-0.004578036612291638	0.0
-0.014603525128057628	-0.004587025270890413	0.0
-0.014604193806638164	-0.004596013929489189	0.0
-0.01460463959235852	-0.004605002588087964	0.0
-0.014605308270939055	-0.004613991246686739	0.0
-0.014605976949519591	-0.004622979905285514	0.0
-0.014606422735239948	-0.004631647540362905	0.0
-0.01460709141382048	-0.004640475687200987	0.0
-0.014607537199540839	-0.004649464345799763	0.0
-0.014607760092401017	-0.004658131980877153	0.0
-0.014607982985261196	-0.004666960127715236	0.0
-0.014608205878121373	-0.004675627762792626	0.0
-0.01460865166384173	-0.004684455909630709	0.0
-0.014608874556701908	-0.0046931235447081	0.0
-0.014609097449562085	-0.00470179117978549	0.0
-0.014609097449562085	-0.004710298303102187	0.0
-0.014609320342422266	-0.004718805426418886	0.0
-0.014609543235282444	-0.0047273125497355835	0.0
-0.014609543235282444	-0.004735980184812975	0.0
-0.014609543235282444	-0.0047443267963689795	0.0
-0.014609320342422266	-0.004752833919685678	0.0
-0.014609320342422266	-0.004761501554763068	0.0
-0.014609320342422266	-0.004769848166319074	0.0
-0.014609097449562085	-0.004778355289635772	0.0
-0.014608874556701908	-0.004786701901191777	0.0
-0.014608874556701908	-0.00479488800098709	0.0
-0.01460842877098155	-0.004803234612543096	0.0
-0.014607982985261196	-0.004811581224099102	0.0
-0.014607760092401017	-0.004819927835655107	0.0
-0.01460731430668066	-0.004828274447211113	0.0
-0.01460709141382048	-0.004836460547006426	0.0
-0.014606645628100125	-0.004844807158562431	0.0
-0.014606199842379769	-0.004852672234836359	0.0
-0.014605754056659412	-0.004861018846392366	0.0
-0.014605085378078878	-0.004869044434426986	0.0
-0.014604416699498343	-0.004877230534222299	0.0
-0.014603748020917807	-0.004885416634017612	0.0
-0.014603079342337273	-0.004893602733812926	0.0
-0.014602410663756739	-0.004901628321847547	0.0
-0.014601741985176202	-0.00490981442164286	0.0
-0.01460085041373549	-0.00491784000967748	0.0
-0.014599958842294775	-0.004925865597712101	0.0
-0.014599067270854063	-0.004933891185746722	0.0
-0.01459817569941335	-0.004941916773781342	0.0
-0.014597284127972638	-0.004949942361815963	0.0
-0.014596392556531923	-0.0049578074380898915	0.0
-0.014595278092231032	-0.0049658330261245125	0.0
-0.01459416362793014	-0.0049738586141591335	0.0
-0.014593272056489427	-0.004981884202193754	0.0
-0.014592380485048715	-0.004989749278467682	0.0
-0.014591043127887645	-0.004997774866502303	0.0
-0.014590151556446933	-0.005005800454536923	0.0
-0.014588814199285862	-0.0050136655308108515	0.0
-0.014587476842124792	-0.00502153060708478	0.0
-0.014586139484963722	-0.005029395683358708	0.0
-0.01458502502066283	-0.005037421271393329	0.0
-0.01458368766350176	-0.005045286347667257	0.0
-0.014582573199200869	-0.005053151423941186	0.0
-0.014581235842039799	-0.005061016500215114	0.0
-0.01457989848487873	-0.005068881576489042	0.0
-0.014578338234857482	-0.0050767466527629704	0.0
-0.014577000877696412	-0.0050846117290369	0.0
-0.014575440627675164	-0.005092316293550135	0.0
-0.014573880377653914	-0.005100181369824063	0.0
-0.014572320127632666	-0.005108046446097992	0.0
-0.014570982770471598	-0.00511591152237192	0.0
-0.01456942252045035	-0.005123616086885156	0.0
-0.014567639377568924	-0.005131320651398392	0.0
-0.014566302020407854	-0.00513918572767232	0.0
-0.014564518877526427	-0.005146890292185556	0.0
-0.014562735734645001	-0.005154594856698792	0.0
-0.014560952591763574	-0.0051621389094513356	0.0
-0.014559169448882149	-0.005169843473964571	0.0
-0.014557386306000722	-0.0051775480384778074	0.0
-0.014555826055979474	-0.005185413114751736	0.0
-0.014554265805958226	-0.005193117679264971	0.0
-0.014552259770216621	-0.005200661732017516	0.0
-0.014550476627335194	-0.0052082057847700584	0.0
-0.014548470591593591	-0.005215910349283294	0.0
-0.014546687448712164	-0.00522361491379653	0.0
-0.014544681412970559	-0.005231158966549074	0.0
-0.014542675377228953	-0.00523886353106231	0.0
-0.014540892234347527	-0.005246407583814853	0.0
-0.014538886198605923	-0.005253951636567397	0.0
-0.014537103055724495	-0.00526149568931994	0.0
-0.014535097019982892	-0.005269039742072484	0.0
-0.014533090984241288	-0.005276583794825027	0.0
-0.014531084948499683	-0.005284127847577571	0.0
-0.014529078912758078	-0.005291671900330115	0.0
-0.014526849984156294	-0.00529937646484335	0.0
-0.01452484394841469	-0.005306760005835202	0.0
-0.014522837912673085	-0.005314304058587745	0.0
-0.01452083187693148	-0.005321848111340288	0.0
-0.014518825841189877	-0.00532923165233214	0.0
-0.014516819805448273	-0.00533661519332399	0.0
-0.014514813769706666	-0.005343998734315841	0.0
-0.014512807733965061	-0.005351542787068385	0.0
-0.01451057880536328	-0.005358926328060236	0.0
-0.014508572769621675	-0.00536647038081278	0.0
-0.01450656673388007	-0.0053738539218046305	0.0
-0.014504560698138465	-0.005381237462796481	0.0
-0.01450255466239686	-0.005388621003788333	0.0
-0.014500548626655256	-0.005395844033019492	0.0
-0.014498319698053473	-0.00540306706225065	0.0
-0.014496313662311869	-0.005410290091481809	0.0
-0.014494307626570264	-0.005417513120712967	0.0
-0.01449230159082866	-0.005424896661704819	0.0
-0.014490295555087053	-0.005432119690935977	0.0
-0.014488289519345448	-0.005439342720167136	0.0
-0.014486506376464023	-0.005446405237637602	0.0
-0.014484500340722418	-0.005453467755108068	0.0
-0.014482494304980813	-0.005460530272578534	0.0
-0.014480488269239209	-0.0054675927900490005	0.0
-0.014478482233497604	-0.0054746553075194675	0.0
-0.014476476197756001	-0.00548155731322924	0.0
-0.014474470162014395	-0.005488459318939014	0.0
-0.014472687019132967	-0.0054955218364094805	0.0
-0.014470680983391363	-0.005502423842119255	0.0
-0.014468897840509937	-0.005509325847829029	0.0
-0.01446711469762851	-0.0055160673417781105	0.0
-0.014465331554747085	-0.005522969347487884	0.0
-0.01446332551900548	-0.005529550329676273	0.0
-0.014461542376124053	-0.005536291823625354	0.0
-0.01445953634038245	-0.005543033317574436	0.0
-0.014457753197501023	-0.00554993532328421	0.0
-0.014455970054619597	-0.005556516305472599	0.0
-0.014453964018877993	-0.005563097287660987	0.0
-0.014452180875996565	-0.005569678269849376	0.0
-0.014450620625975318	-0.005576259252037765	0.0
-0.01444883748309389	-0.0055828402342261545	0.0
-0.014447277233072642	-0.005589260704653851	0.0
-0.014445271197331038	-0.005595681175081547	0.0
-0.014443488054449612	-0.005601941133748552	0.0
-0.014441704911568185	-0.005608522115936941	0.0
-0.014440144661546937	-0.005614942586364637	0.0
-0.014438807304385867	-0.005621202545031642	0.0
-0.014437024161504441	-0.005627623015459339	0.0
-0.014435463911483194	-0.005634043485887035	0.0
-0.014433903661461944	-0.00564030344455404	0.0
-0.014432343411440696	-0.005646242379699658	0.0
-0.014430783161419448	-0.005652502338366663	0.0
-0.0144292229113982	-0.005658762297033666	0.0
-0.014427662661376954	-0.005664861743939978	0.0
-0.014426325304215884	-0.0056711217026069825	0.0
-0.014424765054194634	-0.005677381661273987	0.0
-0.014423427697033565	-0.005683641619940991	0.0
-0.014422090339872495	-0.005689741066847303	0.0
-0.014420530089851245	-0.005696001025514307	0.0
-0.014419415625550356	-0.005701939960659926	0.0
-0.014418078268389286	-0.005708039407566238	0.0
-0.014416740911228215	-0.00571413885447255	0.0
-0.014415403554067147	-0.005720398813139555	0.0
-0.014414289089766255	-0.005726498260045866	0.0
-0.014413174625465363	-0.005732597706952177	0.0
-0.014412060161164472	-0.005738857665619181	0.0
-0.014410722804003403	-0.005745117624286186	0.0
-0.014409831232562688	-0.0057512170711924975	0.0
-0.014408716768261798	-0.00575731651809881	0.0
-0.014407825196821083	-0.005763736988526506	0.0
-0.014406710732520193	-0.005769836435432818	0.0
-0.0144055962682193	-0.005776256905860514	0.0
-0.014404704696778587	-0.005782356352766826	0.0
-0.014403813125337875	-0.005788776823194523	0.0
-0.014402698661036982	-0.005795197293622219	0.0
-0.014402029982456448	-0.0058017782758106075	0.0
-0.014401361303875912	-0.005808198746238305	0.0
-0.0144004697324352	-0.005814619216666001	0.0
-0.014399578160994487	-0.00582120019885439	0.0
-0.014398909482413952	-0.0058277811810427795	0.0
-0.014398240803833418	-0.005834362163231169	0.0
-0.014397572125252882	-0.005841103657180251	0.0
-0.014396903446672348	-0.005847845151129331	0.0
-0.01439645766095199	-0.005854586645078413	0.0
-0.014395788982371455	-0.005861488650788187	0.0
-0.01439512030379092	-0.00586839065649796	0.0
-0.014394674518070565	-0.005875132150447041	0.0
-0.01439400583949003	-0.0058818736443961225	0.0
-0.014393782946629852	-0.005888775650105897	0.0
-0.014393114268049317	-0.005895677655815671	0.0
-0.014392891375189138	-0.005902740173286137	0.0
-0.014392445589468781	-0.005909963202517296	0.0
-0.014392445589468781	-0.00591686520822707	0.0
-0.014392222696608602	-0.005923927725697536	0.0
-0.014391999803748425	-0.005931150754928695	0.0
-0.014391776910888247	-0.00593821327239916	0.0
-0.014391776910888247	-0.005945275789869627	0.0
-0.014391554018028068	-0.005952498819100786	0.0
-0.014391776910888247	-0.005959721848331944	0.0
-0.014391776910888247	-0.005967105389323796	0.0
-0.014391999803748425	-0.005974328418554954	0.0
-0.014392222696608602	-0.005981551447786113	0.0
-0.014392445589468781	-0.005988774477017272	0.0
-0.01439266848232896	-0.00599599750624843	0.0
-0.014392891375189138	-0.0060033810472402815	0.0
-0.014393114268049317	-0.006010764588232132	0.0
-0.014393560053769672	-0.006018148129223984	0.0
-0.01439400583949003	-0.006025531670215834	0.0
-0.014394451625210386	-0.006033075722968378	0.0
-0.01439512030379092	-0.006040619775720922	0.0
-0.014395788982371455	-0.006048003316712772	0.0
-0.01439645766095199	-0.006055547369465316	0.0
-0.014396903446672348	-0.006063091422217859	0.0
-0.014397572125252882	-0.00607047496320971	0.0
-0.014398240803833418	-0.0060781795277229465	0.0
-0.014398909482413952	-0.006085563068714797	0.0
-0.014399801053854666	-0.006093267633228034	0.0
-0.014400692625295378	-0.006100972197741269	0.0
-0.014401584196736093	-0.006108516250493813	0.0
-0.014402475768176805	-0.006116220815007049	0.0
-0.01440314444675734	-0.006123925379520285	0.0
-0.01440425891105823	-0.006131469432272828	0.0
-0.014405150482498946	-0.006139173996786064	0.0
-0.01440581916107948	-0.006146878561299299	0.0
-0.014406933625380371	-0.0061547436375732276	0.0
-0.014407825196821083	-0.006162608713847156	0.0
-0.014409162553982153	-0.006170473790121085	0.0
-0.014410054125422867	-0.006178178354634321	0.0
-0.01441094569686358	-0.00618604343090825	0.0
-0.014412060161164472	-0.006193747995421485	0.0
-0.014412728839745006	-0.006201613071695413	0.0
-0.014413620411185721	-0.006209478147969342	0.0
-0.01441473487548661	-0.006217182712482577	0.0
-0.014415626446927324	-0.0062250477887565055	0.0
-0.014416518018368038	-0.006232912865030434	0.0
-0.014417409589808751	-0.006240777941304362	0.0
-0.014418301161249463	-0.006248643017578291	0.0
-0.014419192732690178	-0.006256508093852219	0.0
-0.014419861411270711	-0.006264212658365455	0.0
-0.014420530089851245	-0.006271917222878691	0.0
-0.014421198768431781	-0.00627978229915262	0.0
-0.014422090339872495	-0.006287647375426548	0.0
-0.014422536125592852	-0.0062951914281790915	0.0
-0.014423427697033565	-0.006302895992692327	0.0
-0.01442387348275392	-0.006310440045444871	0.0
-0.014424542161334456	-0.006317984098197414	0.0
-0.014424987947054813	-0.00632568866271065	0.0
-0.014425433732775168	-0.006333232715463193	0.0
-0.014425879518495527	-0.006340776768215738	0.0
-0.014426325304215884	-0.0063483208209682805	0.0
-0.014426771089936239	-0.006355864873720824	0.0
-0.014427216875656595	-0.006363248414712676	0.0
-0.014427662661376954	-0.006370631955704526	0.0
-0.014427885554237132	-0.006377854984935685	0.0
-0.014428108447097309	-0.006385238525927536	0.0
-0.014428331339957487	-0.0063924615551586945	0.0
-0.014428331339957487	-0.006399524072629161	0.0
-0.014428331339957487	-0.00640674710186032	0.0
-0.014428554232817666	-0.0064139701310914786	0.0
-0.014428777125677843	-0.006421193160322637	0.0
-0.014428777125677843	-0.006428255677793103	0.0
-0.014429000018538021	-0.006435157683502877	0.0
-0.014429000018538021	-0.006442220200973343	0.0
-0.014429000018538021	-0.006448961694922425	0.0
-0.014429000018538021	-0.006456024212392891	0.0
-0.014428554232817666	-0.006462926218102664	0.0
-0.014428554232817666	-0.006469828223812439	0.0
-0.014428331339957487	-0.006476730229522212	0.0
-0.014428331339957487	-0.0064834717234712935	0.0
-0.014428331339957487	-0.006490213217420375	0.0
-0.014428108447097309	-0.006497115223130149	0.0
-0.014427885554237132	-0.006503696205318538	0.0
-0.014427662661376954	-0.0065104376992676195	0.0
-0.014427216875656595	-0.006517018681456008	0.0
-0.014426771089936239	-0.00652376017540509	0.0
-0.014426325304215884	-0.006530501669354171	0.0
-0.014426102411355704	-0.00653708265154256	0.0
-0.014425879518495527	-0.00654366363373095	0.0
-0.01442521083991499	-0.006550244615919338	0.0
-0.014424987947054813	-0.006556665086347035	0.0
-0.014424319268474279	-0.006563085556774731	0.0
-0.01442387348275392	-0.006569345515441736	0.0
-0.014422981911313209	-0.006575765985869432	0.0
-0.014422313232732673	-0.006582346968057821	0.0
-0.014421867447012316	-0.006588606926724826	0.0
-0.014421198768431781	-0.006595027397152522	0.0
-0.014420530089851245	-0.006601287355819526	0.0
-0.014419638518410533	-0.006607386802725838	0.0
-0.01441896983983	-0.006613646761392843	0.0
-0.014417855375529108	-0.006619746208299154	0.0
-0.014416963804088393	-0.0066256851434447735	0.0
-0.014416072232647681	-0.006631945102111777	0.0
-0.014415180661206967	-0.006637884037257397	0.0
-0.014414066196906076	-0.006643983484163709	0.0
-0.014412951732605185	-0.006649922419309328	0.0
-0.014412060161164472	-0.006655861354454947	0.0
-0.014411168589723758	-0.0066618002896005665	0.0
-0.014409831232562688	-0.006667739224746186	0.0
-0.014408716768261798	-0.006673357136370421	0.0
-0.014407602303960905	-0.006679135559755347	0.0
-0.014406264946799835	-0.006684753471379581	0.0
-0.014404927589638766	-0.006690531894764509	0.0
-0.014403590232477696	-0.006696310318149435	0.0
-0.014402252875316627	-0.00670192822977367	0.0
-0.014400915518155557	-0.006707546141397905	0.0
-0.014399578160994487	-0.006713164053022139	0.0
-0.01439801791097324	-0.0067184609411249895	0.0
-0.01439645766095199	-0.006724078852749224	0.0
-0.014394897410930743	-0.006729375740852073	0.0
-0.014393337160909495	-0.006734672628954923	0.0
-0.014391776910888247	-0.0067401300288184645	0.0
-0.014390216660866999	-0.006745426916921315	0.0
-0.014388433517985572	-0.006750723805024165	0.0
-0.014386873267964324	-0.006755860181366321	0.0
-0.014385090125082897	-0.006761157069469171	0.0
-0.014383084089341292	-0.0067662934458113284	0.0
-0.014381300946459867	-0.006771269310392794	0.0
-0.014379294910718262	-0.00677640568673495	0.0
-0.014377734660697014	-0.006781381551316416	0.0
-0.01437572862495541	-0.006786517927658573	0.0
-0.014373722589213805	-0.0067914937922400375	0.0
-0.0143717165534722	-0.006796309145060809	0.0
-0.014369710517730594	-0.006801124497881582	0.0
-0.014367927374849168	-0.006805939850702355	0.0
-0.014365698446247386	-0.006810594691762435	0.0
-0.014363692410505781	-0.006815410044583208	0.0
-0.014361686374764177	-0.006820064885643287	0.0
-0.014359457446162394	-0.0068247197267033675	0.0
-0.014357451410420788	-0.006829374567763447	0.0
-0.014355222481819006	-0.0068338688970628345	0.0
-0.014352993553217223	-0.0068383632263622224	0.0
-0.014350764624615441	-0.00684285755566161	0.0
-0.014348535696013657	-0.0068473518849609975	0.0
-0.014346306767411873	-0.006851525190739001	0.0
-0.014343854945949914	-0.006855859008277696	0.0
-0.01434162601734813	-0.006860192825816391	0.0
-0.014339174195886168	-0.006864366131594394	0.0
-0.014336945267284386	-0.006868699949133089	0.0
-0.014334493445822424	-0.006872873254911092	0.0
-0.014332041624360463	-0.0068770465606890945	0.0
-0.014329589802898501	-0.006881059354706405	0.0
-0.014326915088576362	-0.0068850721487237155	0.0
-0.014324240374254222	-0.006888924430980333	0.0
-0.014321788552792262	-0.006892937224997644	0.0
-0.014319113838470121	-0.0068967895072542616	0.0
-0.014316439124147982	-0.006900802301271572	0.0
-0.014313764409825841	-0.00690465458352819	0.0
-0.014311089695503702	-0.0069086673775455	0.0
-0.014308414981181563	-0.006912519659802118	0.0
-0.014305740266859424	-0.006916211430298044	0.0
-0.014303065552537284	-0.006920063712554662	0.0
-0.014300167945354967	-0.006923594971289896	0.0
-0.014297493231032826	-0.00692728674178582	0.0
-0.014294595623850508	-0.006930978512281746	0.0
-0.014291698016668191	-0.006934830794538364	0.0
-0.01428902330234605	-0.006938362053273597	0.0
-0.014285902802303555	-0.006942053823769522	0.0
-0.014283005195121238	-0.006945745594265448	0.0
-0.01428010758793892	-0.006949276853000681	0.0
-0.014276987087896422	-0.006952808111735914	0.0
-0.014274089480714106	-0.006956339370471148	0.0
-0.014271191873531788	-0.006960031140967072	0.0
-0.014268071373489292	-0.006963722911462998	0.0
-0.014264727980586617	-0.006967254170198232	0.0
-0.0142618303734043	-0.006970945940694157	0.0
-0.014258932766221982	-0.006974637711190082	0.0
-0.014255812266179484	-0.006978168969925316	0.0
-0.014252691766136989	-0.006981860740421241	0.0
-0.014249794158954672	-0.006985552510917167	0.0
-0.014246673658912174	-0.006989083769652401	0.0
-0.014243553158869679	-0.006992775540148325	0.0
-0.014240209765967004	-0.006996467310644251	0.0
-0.014237089265924508	-0.007000159081140177	0.0
-0.014233745873021834	-0.007004171875157487	0.0
-0.014230625372979339	-0.007007863645653413	0.0
-0.014227281980076664	-0.007011555416149338	0.0
-0.014224161480034166	-0.007015247186645263	0.0
-0.01422104097999167	-0.007019099468901882	0.0
-0.014217697587088995	-0.007022791239397808	0.0
-0.014214354194186322	-0.007026804033415117	0.0
-0.014211010801283648	-0.007030656315671736	0.0
-0.014207667408380973	-0.007034508597928354	0.0
-0.014203878229757941	-0.007038681903706357	0.0
-0.014200534836855268	-0.007042534185962974	0.0
-0.014197191443952593	-0.007046386468219592	0.0
-0.01419384805104992	-0.007050399262236902	0.0
-0.014190281765287065	-0.0070544120562542134	0.0
-0.014186938372384392	-0.007058424850271523	0.0
-0.01418337208662154	-0.0070625981560495255	0.0
-0.014179805800858687	-0.007066771461827529	0.0
-0.014176239515095834	-0.007070944767605532	0.0
-0.014172673229332982	-0.007075278585144226	0.0
-0.014168884050709948	-0.00707945189092223	0.0
-0.014165094872086918	-0.007083625196700233	0.0
-0.014161528586324065	-0.00708811952599962	0.0
-0.014157739407701033	-0.007092453343538315	0.0
-0.01415417312193818	-0.0070967871610770105	0.0
-0.01415038394331515	-0.007101120978615706	0.0
-0.01414659476469212	-0.007105615307915093	0.0
-0.014142805586069089	-0.0071102701489751735	0.0
-0.014139016407446057	-0.0071147644782745606	0.0
-0.014135004335962847	-0.0071192588075739485	0.0
-0.014131215157339817	-0.007123913648634028	0.0
-0.014126980192996429	-0.007128407977933416	0.0
-0.01412296812151322	-0.007133062818993496	0.0
-0.014119178942890189	-0.007137878171814269	0.0
-0.014114943978546802	-0.007142693524635041	0.0
-0.014110931907063591	-0.007147508877455813	0.0
-0.014106919835580382	-0.007152484742037279	0.0
-0.014102684871236995	-0.00715730009485805	0.0
-0.014098449906893606	-0.007162115447678823	0.0
-0.014093992049690042	-0.007166930800499596	0.0
-0.014089979978206832	-0.00717190666508106	0.0
-0.014085522121003266	-0.0071768825296625255	0.0
-0.0140810642637997	-0.007182018906004682	0.0
-0.014076829299456313	-0.007187315794107533	0.0
-0.014072371442252747	-0.007192612682210382	0.0
-0.01406813647790936	-0.0071977490585525385	0.0
-0.014063455727845614	-0.007203045946655389	0.0
-0.01405899787064205	-0.007208182322997546	0.0
-0.014054540013438482	-0.007213479211100397	0.0
-0.014049859263374738	-0.007218776099203246	0.0
-0.014044955620450817	-0.007224233499066788	0.0
-0.014040274870387072	-0.00722969089893033	0.0
-0.014035817013183505	-0.007235308810554565	0.0
-0.014031136263119762	-0.0072409267221787985	0.0
-0.014026455513056018	-0.0072463841220423405	0.0
-0.014021551870132095	-0.007252002033666575	0.0
-0.01401687112006835	-0.00725761994529081	0.0
-0.014011967477144428	-0.007263237856915044	0.0
-0.014007063834220505	-0.007269016280299971	0.0
-0.014001937298436405	-0.007274955215445591	0.0
-0.013996810762652304	-0.00728089415059121	0.0
-0.013991907119728381	-0.007286672573976138	0.0
-0.013986780583944279	-0.007292772020882449	0.0
-0.013981876941020356	-0.007298710956028068	0.0
-0.013976750405236256	-0.007304649891173688	0.0
-0.013971623869452157	-0.007310749338079999	0.0
-0.013966497333668056	-0.007316848784986311	0.0
-0.013961370797883954	-0.007322948231892622	0.0
-0.013956244262099854	-0.007329208190559627	0.0
-0.013951117726315753	-0.0073354681492266306	0.0
-0.013945991190531653	-0.0073417281078936355	0.0
-0.01394086465474755	-0.0073481485783213315	0.0
-0.013935515226103272	-0.007354408536988336	0.0
-0.013930388690319172	-0.0073606684956553405	0.0
-0.01392526215453507	-0.007367088966083036	0.0
-0.013919912725890791	-0.007373509436510734	0.0
-0.013914340404386334	-0.00737992990693843	0.0
-0.013909213868602234	-0.007386510889126819	0.0
-0.013904087332818131	-0.007392931359554516	0.0
-0.013898737904173853	-0.007399512341742905	0.0
-0.013893611368389753	-0.007405932812170601	0.0
-0.01388848483260565	-0.007412353282598298	0.0
-0.013883135403961373	-0.007418773753025994	0.0
-0.01387800886817727	-0.007425194223453691	0.0
-0.013872659439532992	-0.0074317752056420805	0.0
-0.013867310010888713	-0.007438356187830469	0.0
-0.013861960582244435	-0.007444776658258165	0.0
-0.013856611153600155	-0.007451197128685863	0.0
-0.013851261724955877	-0.007457617599113559	0.0
-0.013846135189171774	-0.0074641985813019476	0.0
-0.013840785760527496	-0.0074704585399689525	0.0
-0.013835659224743396	-0.007477039522157341	0.0
-0.013830309796099116	-0.007483459992585037	0.0
-0.013824960367454836	-0.007489880463012734	0.0
-0.013819833831670736	-0.007496300933440431	0.0
-0.013814707295886635	-0.007502721403868128	0.0
-0.013809357867242356	-0.007508981362535131	0.0
-0.013804231331458255	-0.007515401832962829	0.0
-0.013799104795674155	-0.00752150127986914	0.0
-0.013793978259890054	-0.007527761238536144	0.0
-0.013788628831245774	-0.007534181708963841	0.0
-0.013783279402601495	-0.007540441667630845	0.0
-0.013778152866817394	-0.007546862138058542	0.0
-0.013772803438173116	-0.007553122096725545	0.0
-0.013767454009528836	-0.007559542567153243	0.0
-0.013762327473744736	-0.007565802525820247	0.0
-0.013756978045100456	-0.007572062484487251	0.0
-0.013751628616456178	-0.007578161931393562	0.0
-0.013746279187811898	-0.007584421890060567	0.0
-0.013740929759167617	-0.007590681848727571	0.0
-0.013735580330523339	-0.007597102319155267	0.0
-0.013730230901879059	-0.007603522789582964	0.0
-0.013725104366094958	-0.007609782748249968	0.0
-0.013719754937450679	-0.007616203218677664	0.0
-0.0137144055088064	-0.0076226236891053616	0.0
-0.013708833187301943	-0.007628883647772366	0.0
-0.013703260865797486	-0.007635304118200062	0.0
-0.013697911437153208	-0.007641724588627758	0.0
-0.013692562008508928	-0.007648145059055455	0.0
-0.01368698968700447	-0.007654565529483151	0.0
-0.013681640258360191	-0.007661146511671541	0.0
-0.013676290829715913	-0.007667566982099238	0.0
-0.013670941401071631	-0.007673987452526934	0.0
-0.013665369079567174	-0.0076802474111939386	0.0
-0.013660019650922896	-0.0076866678816216345	0.0
-0.013654447329418439	-0.007693088352049331	0.0
-0.013648875007913982	-0.00769966933423772	0.0
-0.013643302686409524	-0.007706089804665417	0.0
-0.013637730364905065	-0.007712510275093114	0.0
-0.013632380936260787	-0.0077190912572815025	0.0
-0.01362680861475633	-0.0077255117277091985	0.0
-0.01362145918611205	-0.007731771686376203	0.0
-0.013615886864607593	-0.007738192156803899	0.0
-0.013610314543103137	-0.007744612627231597	0.0
-0.01360474222159868	-0.0077508725858986	0.0
-0.013599169900094221	-0.007757132544565604	0.0
-0.013593597578589764	-0.007763553014993301	0.0
-0.013588248149945484	-0.007769973485420998	0.0
-0.013582675828441026	-0.007776233444088002	0.0
-0.013576880614076392	-0.007782653914515699	0.0
-0.013571308292571933	-0.007788913873182703	0.0
-0.013565958863927655	-0.0077953343436104	0.0
-0.013560386542423197	-0.007801594302277404	0.0
-0.01355481422091874	-0.007807693749183716	0.0
-0.013549241899414283	-0.00781395370785072	0.0
-0.013543669577909825	-0.00782005315475703	0.0
-0.013538320149265547	-0.007826313113424035	0.0
-0.013532747827761088	-0.007832412560330347	0.0
-0.013527175506256631	-0.007838672518997352	0.0
-0.013521603184752174	-0.007844611454142971	0.0
-0.013516253756107894	-0.007850710901049282	0.0
-0.013510681434603437	-0.007856810347955595	0.0
-0.013505109113098981	-0.007862909794861907	0.0
-0.0134997596844547	-0.007869009241768218	0.0
-0.01349441025581042	-0.007874948176913837	0.0
-0.013489060827166142	-0.007880887112059457	0.0
-0.013483711398521862	-0.007886826047205076	0.0
-0.013478361969877584	-0.007892764982350696	0.0
-0.013473012541233304	-0.007898703917496315	0.0
-0.013467663112589026	-0.007904642852641934	0.0
-0.013462313683944746	-0.00791042127602686	0.0
-0.013456964255300467	-0.007916199699411788	0.0
-0.013451614826656189	-0.007921978122796715	0.0
-0.013446488290872088	-0.007927756546181643	0.0
-0.013441361755087986	-0.007933374457805877	0.0
-0.013436012326443708	-0.00793899236943011	0.0
-0.013431108683519785	-0.007944610281054346	0.0
-0.013425982147735684	-0.007950388704439272	0.0
-0.013420632719091405	-0.007955846104302814	0.0
-0.013415506183307304	-0.00796146401592705	0.0
-0.013410602540383381	-0.007966921415790591	0.0
-0.013405476004599282	-0.00797221830389344	0.0
-0.01340057236167536	-0.007977675703756982	0.0
-0.013395668718751436	-0.00798281208009914	0.0
-0.013390765075827513	-0.00798810896820199	0.0
-0.013386084325763768	-0.007993405856304838	0.0
-0.013380957789979667	-0.00799870274440769	0.0
-0.013376277039915924	-0.008003839120749846	0.0
-0.013371373396992	-0.008008975497092003	0.0
-0.013366692646928257	-0.008014111873434161	0.0
-0.013362011896864513	-0.008018927226254934	0.0
-0.013357331146800768	-0.00802406360259709	0.0
-0.013352650396737024	-0.00802871844365717	0.0
-0.01334796964667328	-0.008033694308238635	0.0
-0.013343511789469714	-0.008038509661059408	0.0
-0.013338831039405969	-0.008043164502119489	0.0
-0.013334373182202404	-0.008047979854940261	0.0
-0.013329915324998838	-0.00805263469600034	0.0
-0.013325680360655451	-0.008057129025299729	0.0
-0.013321222503451883	-0.008061623354599116	0.0
-0.013316764646248319	-0.008066117683898503	0.0
-0.01331252968190493	-0.008070451501437198	0.0
-0.013308071824701366	-0.008074945830736587	0.0
-0.013304059753218155	-0.00807927964827528	0.0
-0.013299824788874768	-0.008083452954053284	0.0
-0.01329558982453138	-0.008087626259831287	0.0
-0.013291354860187992	-0.008091799565609289	0.0
-0.013287342788704783	-0.0080958123596266	0.0
-0.013283107824361394	-0.008099664641883218	0.0
-0.013279095752878186	-0.008103677435900528	0.0
-0.013275083681394977	-0.008107529718157145	0.0
-0.013271294502771947	-0.008111382000413765	0.0
-0.013267282431288736	-0.008115234282670383	0.0
-0.013263493252665706	-0.008118765541405615	0.0
-0.013259481181182496	-0.008122617823662234	0.0
-0.013255692002559466	-0.008126149082397466	0.0
-0.013251679931076255	-0.008129519829372009	0.0
-0.013248336538173582	-0.00813305108810724	0.0
-0.01324454735955055	-0.008136421835081781	0.0
-0.013240758180927518	-0.008139792582056321	0.0
-0.013236969002304488	-0.008143163329030863	0.0
-0.013233402716541635	-0.00814637356424471	0.0
-0.013229613537918605	-0.008149583799458559	0.0
-0.013226047252155752	-0.008152794034672407	0.0
-0.0132224809663929	-0.008155843758125563	0.0
-0.013218914680630045	-0.008158732969818026	0.0
-0.01321579418058755	-0.00816162218151049	0.0
-0.013212227894824697	-0.008164511393202954	0.0
-0.013208884501922022	-0.008167400604895417	0.0
-0.013205541109019349	-0.008170289816587881	0.0
-0.013202197716116673	-0.00817301851651965	0.0
-0.013198854323213998	-0.00817558670469073	0.0
-0.013195510930311323	-0.0081783154046225	0.0
-0.01319216753740865	-0.00818088359279358	0.0
-0.013189047037366154	-0.008183291269203967	0.0
-0.013185926537323658	-0.008185859457375046	0.0
-0.01318280603728116	-0.008188267133785431	0.0
-0.013179685537238665	-0.008190674810195817	0.0
-0.013176787930056348	-0.00819292197484551	0.0
-0.013173667430013851	-0.008195329651255896	0.0
-0.013170546929971355	-0.00819757681590559	0.0
-0.013167649322789037	-0.008199823980555285	0.0
-0.013164528822746541	-0.008201910633444285	0.0
-0.013161854108424402	-0.008203997286333288	0.0
-0.013158956501242084	-0.00820608393922229	0.0
-0.013156058894059767	-0.008208170592111291	0.0
-0.013153607072597804	-0.008210257245000291	0.0
-0.013150709465415487	-0.008212343897889293	0.0
-0.013148034751093347	-0.008214430550778294	0.0
-0.013145137143911028	-0.008216356691906603	0.0
-0.01314246242958889	-0.008218282833034912	0.0
-0.013139787715266749	-0.008220048462402528	0.0
-0.013137113000944611	-0.008221974603530838	0.0
-0.013134661179482648	-0.008223900744659148	0.0
-0.013132209358020688	-0.008225666374026764	0.0
-0.013129757536558727	-0.00822743200339438	0.0
-0.013127305715096765	-0.008229197632761996	0.0
-0.013124853893634804	-0.008231123773890306	0.0
-0.013122402072172842	-0.008232889403257922	0.0
-0.01312017314357106	-0.008234655032625538	0.0
-0.013117721322109099	-0.008236420661993154	0.0
-0.013115492393507316	-0.008238025779600078	0.0
-0.013113040572045355	-0.008239951920728388	0.0
-0.013110811643443571	-0.008241557038335312	0.0
-0.013108582714841789	-0.008243162155942237	0.0
-0.013106353786240005	-0.008244927785309853	0.0
-0.013104124857638223	-0.008246532902916779	0.0
-0.013102118821896618	-0.00824797750876301	0.0
-0.013099889893294836	-0.008249743138130625	0.0
-0.013097660964693052	-0.008251348255737551	0.0
-0.013095654928951447	-0.008252953373344474	0.0
-0.013093426000349665	-0.008254558490951398	0.0
-0.013091642857468238	-0.008256324120319014	0.0
-0.013089413928866455	-0.00825792923792594	0.0
-0.01308763078598503	-0.008259534355532862	0.0
-0.013085624750243424	-0.008261139473139787	0.0
-0.013083618714501819	-0.008262744590746713	0.0
-0.013081612678760214	-0.008264349708353635	0.0
-0.01307960664301861	-0.00826595482596056	0.0
-0.013077823500137184	-0.008267559943567484	0.0
-0.01307581746439558	-0.008269165061174408	0.0
-0.013074034321514152	-0.008270770178781332	0.0
-0.01307202828577255	-0.008272375296388256	0.0
-0.013070245142891122	-0.00827398041399518	0.0
-0.013068462000009697	-0.008275585531602105	0.0
-0.01306667885712827	-0.008277190649209029	0.0
-0.013064895714246842	-0.008278795766815951	0.0
-0.013063112571365417	-0.008280400884422877	0.0
-0.01306132942848399	-0.008282166513790493	0.0
-0.013059546285602564	-0.008283771631397418	0.0
-0.013057763142721135	-0.008285537260765034	0.0
-0.013056202892699889	-0.008287302890132651	0.0
-0.013054419749818464	-0.008288908007739576	0.0
-0.013052859499797214	-0.008290673637107192	0.0
-0.013051076356915789	-0.008292439266474808	0.0
-0.01304951610689454	-0.008294044384081732	0.0
-0.013047955856873291	-0.008295649501688656	0.0
-0.013046172713991866	-0.008297415131056272	0.0
-0.013044835356830795	-0.008299020248663197	0.0
-0.013043497999669725	-0.008300785878030814	0.0
-0.013041937749648477	-0.008302390995637737	0.0
-0.013040600392487408	-0.008304156625005355	0.0
-0.013039263035326338	-0.008305761742612277	0.0
-0.013037925678165268	-0.008307366860219203	0.0
-0.013036811213864376	-0.008308971977826127	0.0
-0.013035473856703308	-0.00831057709543305	0.0
-0.013034136499542237	-0.00831186118951859	0.0
-0.013033022035241345	-0.008313466307125515	0.0
-0.013031907570940455	-0.008315071424732439	0.0
-0.013031015999499742	-0.008316516030578671	0.0
-0.013030124428059028	-0.00831780012466421	0.0
-0.013029009963758137	-0.008319405242271132	0.0
-0.013028118392317423	-0.008320689336356673	0.0
-0.01302722682087671	-0.008321973430442211	0.0
-0.013026558142296175	-0.008323418036288445	0.0
-0.013025666570855462	-0.008324702130373984	0.0
-0.013024997892274928	-0.008326146736220215	0.0
-0.013024329213694391	-0.008327270318545061	0.0
-0.013023883427974035	-0.0083285544126306	0.0
-0.0130232147493935	-0.008329517483194757	0.0
-0.013022768963673144	-0.008330641065519602	0.0
-0.01302210028509261	-0.008331925159605142	0.0
-0.013021654499372252	-0.008333048741929989	0.0
-0.013021208713651897	-0.008334011812494144	0.0
-0.013020762927931539	-0.008335135394818989	0.0
-0.013020762927931539	-0.008336098465383145	0.0
-0.013020540035071361	-0.0083370615359473	0.0
-0.013020317142211182	-0.008338024606511453	0.0
-0.013020094249351005	-0.008338987677075608	0.0
-0.013020094249351005	-0.00833979023587907	0.0
-0.013019871356490827	-0.00834043228292184	0.0
-0.013019648463630648	-0.008341234841725302	0.0
-0.013019648463630648	-0.008342037400528763	0.0
-0.013019648463630648	-0.008342679447571534	0.0
-0.013019648463630648	-0.008343321494614303	0.0
-0.013019871356490827	-0.008343963541657074	0.0
-0.013020094249351005	-0.008344605588699842	0.0
-0.013020317142211182	-0.008345247635742613	0.0
-0.013020317142211182	-0.00834572917102469	0.0
-0.013020540035071361	-0.008346050194546074	0.0
-0.013020762927931539	-0.008346531729828152	0.0
-0.013021208713651897	-0.00834701326511023	0.0
-0.013021654499372252	-0.008347334288631613	0.0
-0.013022323177952787	-0.008347815823913692	0.0
-0.013022768963673144	-0.008347976335674384	0.0
-0.0130232147493935	-0.00834829735919577	0.0
-0.013023883427974035	-0.008348457870956462	0.0
-0.013024552106554569	-0.008348778894477845	0.0
-0.013025220785135105	-0.008348939406238537	0.0
-0.01302588946371564	-0.00834909991799923	0.0
-0.013026781035156355	-0.00834909991799923	0.0
-0.013027672606597067	-0.008349260429759923	0.0
-0.01302856417803778	-0.008349420941520615	0.0
-0.013029678642338671	-0.008349420941520615	0.0
-0.013030570213779385	-0.008349420941520615	0.0
-0.013031684678080276	-0.008349420941520615	0.0
-0.013032799142381167	-0.008349420941520615	0.0
-0.01303391360668206	-0.008349420941520615	0.0
-0.01303502807098295	-0.008349420941520615	0.0
-0.013036142535283842	-0.008349260429759923	0.0
-0.013037479892444912	-0.008349260429759923	0.0
-0.013038817249605983	-0.008349260429759923	0.0
-0.01304015460676705	-0.008348778894477845	0.0
-0.013041937749648477	-0.008348778894477845	0.0
-0.013043275106809547	-0.008348457870956462	0.0
-0.013044612463970618	-0.008348457870956462	0.0
-0.013046172713991866	-0.008348136847435076	0.0
-0.013047732964013114	-0.008347976335674384	0.0
-0.01304951610689454	-0.008347815823913692	0.0
-0.013051076356915789	-0.008347494800392307	0.0
-0.013052859499797214	-0.008347334288631613	0.0
-0.013054419749818464	-0.00834701326511023	0.0
-0.013056202892699889	-0.008346531729828152	0.0
-0.013057986035581316	-0.008346210706306768	0.0
-0.013059769178462742	-0.00834572917102469	0.0
-0.013061552321344169	-0.008345408147503305	0.0
-0.013063558357085774	-0.00834508712398192	0.0
-0.013065564392827377	-0.008344605588699842	0.0
-0.013067347535708804	-0.008344124053417765	0.0
-0.013069576464310586	-0.008343642518135689	0.0
-0.013071359607192013	-0.008343160982853612	0.0
-0.013073365642933616	-0.008342358424050149	0.0
-0.013075371678675222	-0.008341876888768071	0.0
-0.01307715482155665	-0.008341234841725302	0.0
-0.013079160857298254	-0.008340592794682532	0.0
-0.013081389785900037	-0.008339950747639763	0.0
-0.013083395821641641	-0.008339308700596994	0.0
-0.013085401857383244	-0.00833850614179353	0.0
-0.01308763078598503	-0.008337543071229376	0.0
-0.013089859714586812	-0.008336901024186608	0.0
-0.013091865750328417	-0.008336098465383145	0.0
-0.01309387178607002	-0.008335295906579682	0.0
-0.013096100714671804	-0.008334493347776221	0.0
-0.013098106750413408	-0.008333690788972758	0.0
-0.013100112786155013	-0.008332888230169295	0.0
-0.013102341714756795	-0.008331925159605142	0.0
-0.01310457064335858	-0.008330962089040987	0.0
-0.013106576679100182	-0.008330159530237526	0.0
-0.013108582714841789	-0.008329196459673371	0.0
-0.013110588750583393	-0.008328393900869908	0.0
-0.013112817679185176	-0.008327591342066447	0.0
-0.01311482371492678	-0.008326628271502292	0.0
-0.013116829750668385	-0.00832582571269883	0.0
-0.01311883578640999	-0.008325023153895368	0.0
-0.013120841822151596	-0.008324060083331213	0.0
-0.013122624965033022	-0.008323257524527752	0.0
-0.013124853893634804	-0.008322294453963597	0.0
-0.013126637036516231	-0.008321491895160134	0.0
-0.013128643072257836	-0.00832052882459598	0.0
-0.013130203322279084	-0.008319886777553211	0.0
-0.013131986465160509	-0.00831924473051044	0.0
-0.013133769608041936	-0.008318442171706979	0.0
-0.013135775643783541	-0.008317479101142824	0.0
-0.013137335893804789	-0.008316676542339363	0.0
-0.013139341929546394	-0.0083158739835359	0.0
-0.013140902179567641	-0.008315071424732439	0.0
-0.013142685322449069	-0.008314268865928977	0.0
-0.013144245572470317	-0.008313626818886206	0.0
-0.013145805822491564	-0.008312824260082743	0.0
-0.013147366072512812	-0.008312021701279284	0.0
-0.01314914921539424	-0.008311219142475821	0.0
-0.013150709465415487	-0.00831057709543305	0.0
-0.013152269715436735	-0.008309774536629589	0.0
-0.013153829965457981	-0.008308971977826127	0.0
-0.013155613108339409	-0.008308329930783356	0.0
-0.013156950465500479	-0.008307687883740589	0.0
-0.013158510715521727	-0.008306885324937126	0.0
-0.013159848072682797	-0.008306403789655048	0.0
-0.013161408322704045	-0.008305601230851587	0.0
-0.013162968572725293	-0.008305280207330202	0.0
-0.013164528822746541	-0.008304638160287432	0.0
-0.013166089072767789	-0.00830383560148397	0.0
-0.013167649322789037	-0.008303354066201894	0.0
-0.013169209572810285	-0.008302712019159122	0.0
-0.013170769822831533	-0.008302069972116353	0.0
-0.013172330072852782	-0.008301588436834276	0.0
-0.01317389032287403	-0.00830126741331289	0.0
-0.0131752276800351	-0.00830062536627012	0.0
-0.013176787930056348	-0.008300143830988043	0.0
-0.013178348180077595	-0.008299662295705966	0.0
-0.013179908430098843	-0.008299180760423889	0.0
-0.01318146868012009	-0.008298699225141813	0.0
-0.01318302893014134	-0.008298217689859735	0.0
-0.013184589180162588	-0.00829789666633835	0.0
-0.013186149430183836	-0.008297415131056272	0.0
-0.013187709680205084	-0.00829725461929558	0.0
-0.013189269930226333	-0.008296773084013503	0.0
-0.013190607287387402	-0.00829645206049212	0.0
-0.01319194464454847	-0.008295970525210042	0.0
-0.01319350489456972	-0.008295649501688656	0.0
-0.013195065144590968	-0.008295167966406579	0.0
-0.013196625394612216	-0.008294846942885193	0.0
-0.013198185644633464	-0.008294525919363808	0.0
-0.013199523001794534	-0.008294204895842426	0.0
-0.013201083251815782	-0.00829388387232104	0.0
-0.013202420608976851	-0.008293562848799655	0.0
-0.013203757966137921	-0.008293241825278271	0.0
-0.01320531821615917	-0.008292920801756885	0.0
-0.01320665557332024	-0.0082925997782355	0.0
-0.013207992930481308	-0.008292278754714114	0.0
-0.013209330287642379	-0.008292118242953422	0.0
-0.013210667644803449	-0.008291797219432039	0.0
-0.01321200500196452	-0.008291476195910653	0.0
-0.01321334235912559	-0.00829115517238927	0.0
-0.013214902609146836	-0.008290834148867884	0.0
-0.013216239966307906	-0.008290513125346498	0.0
-0.013217577323468977	-0.008290192101825114	0.0
-0.013218914680630045	-0.00829003159006442	0.0
-0.013220029144930937	-0.008289710566543037	0.0
-0.013221366502092007	-0.008289550054782345	0.0
-0.013222703859253077	-0.00828922903126096	0.0
-0.013224041216414148	-0.008288908007739576	0.0
-0.013225155680715037	-0.008288747495978882	0.0
-0.013226493037876107	-0.00828858698421819	0.0
-0.013227830395037178	-0.008288265960696805	0.0
-0.013228944859338069	-0.008288105448936113	0.0
-0.01323028221649914	-0.008287944937175419	0.0
-0.013231619573660208	-0.008287784425414727	0.0
-0.013232956930821278	-0.008287784425414727	0.0
-0.01323407139512217	-0.008287784425414727	0.0
-0.013235185859423062	-0.008287623913654035	0.0
-0.013236523216584131	-0.008287623913654035	0.0
-0.013237637680885022	-0.008287623913654035	0.0
-0.013238975038046092	-0.008287623913654035	0.0
-0.013240089502346983	-0.008287623913654035	0.0
-0.013241203966647875	-0.008287623913654035	0.0
-0.013242318430948767	-0.008287784425414727	0.0
-0.013243655788109838	-0.008287784425414727	0.0
-0.013244770252410729	-0.008288105448936113	0.0
-0.01324588471671162	-0.008288265960696805	0.0
-0.013246776288152334	-0.008288426472457497	0.0
-0.013247890752453223	-0.008288747495978882	0.0
-0.013248782323893938	-0.008289068519500268	0.0
-0.013250119681055009	-0.008289389543021653	0.0
-0.013251234145355898	-0.008289871078303729	0.0
-0.013252125716796612	-0.008290352613585806	0.0
-0.013253240181097503	-0.008290673637107192	0.0
-0.013254577538258573	-0.00829115517238927	0.0
-0.013255469109699287	-0.008291636707671347	0.0
-0.013256360681139999	-0.008292278754714114	0.0
-0.013257252252580714	-0.008293081313517577	0.0
-0.013258366716881603	-0.008293723360560348	0.0
-0.013259481181182496	-0.008294365407603116	0.0
-0.013260372752623208	-0.00829532847816727	0.0
-0.0132614872169241	-0.008296131036970734	0.0
-0.013262601681224992	-0.008297094107534887	0.0
-0.013263493252665706	-0.008298057178099044	0.0
-0.013264607716966597	-0.008299020248663197	0.0
-0.013265499288407308	-0.008299983319227352	0.0
-0.013266613752708201	-0.008300946389791506	0.0
-0.013267505324148915	-0.008302230483877045	0.0
-0.013268619788449806	-0.008303354066201894	0.0
-0.01326951135989052	-0.008304477648526739	0.0
-0.013270848717051588	-0.008305761742612277	0.0
-0.013271963181352481	-0.008307206348458511	0.0
-0.013272854752793195	-0.008308490442544048	0.0
-0.013274192109954263	-0.008309935048390282	0.0
-0.013275306574255154	-0.008311219142475821	0.0
-0.013276421038556047	-0.008312824260082743	0.0
-0.013277535502856937	-0.008314268865928977	0.0
-0.01327864996715783	-0.0083158739835359	0.0
-0.013279764431458722	-0.008317479101142824	0.0
-0.013280878895759612	-0.00831908421874975	0.0
-0.013282216252920682	-0.008320849848117366	0.0
-0.013283553610081753	-0.008322454965724289	0.0
-0.013284890967242821	-0.008324060083331213	0.0
-0.013286005431543712	-0.008325986224459523	0.0
-0.013287119895844605	-0.00832775185382714	0.0
-0.013288457253005675	-0.008329517483194757	0.0
-0.013289571717306565	-0.008331443624323065	0.0
-0.013290686181607458	-0.008333369765451373	0.0
-0.013291800645908349	-0.008335135394818989	0.0
-0.01329313800306942	-0.0083370615359473	0.0
-0.01329425246737031	-0.008339308700596994	0.0
-0.013295366931671201	-0.008341234841725302	0.0
-0.013296481395972093	-0.008343160982853612	0.0
-0.013297818753133163	-0.008345247635742613	0.0
-0.013298933217434056	-0.008347334288631613	0.0
-0.013299824788874768	-0.008349420941520615	0.0
-0.01330093925317566	-0.008351668106170308	0.0
-0.01330205371747655	-0.008353915270820002	0.0
-0.013302945288917263	-0.008356162435469697	0.0
-0.013304059753218155	-0.00835840960011939	0.0
-0.013305174217519047	-0.008360656764769084	0.0
-0.013306288681819938	-0.00836306444117947	0.0
-0.013307626038981007	-0.008365311605829165	0.0
-0.013308963396142078	-0.00836771928223955	0.0
-0.013309854967582791	-0.008370126958649938	0.0
-0.013310969431883682	-0.008372534635060323	0.0
-0.013312083896184573	-0.00837494231147071	0.0
-0.013312975467625289	-0.00837751049964179	0.0
-0.013313867039066	-0.008379918176052175	0.0
-0.013314981503366892	-0.008382486364223252	0.0
-0.013316095967667783	-0.008384894040633637	0.0
-0.013317210431968676	-0.008387462228804717	0.0
-0.013318324896269567	-0.008390030416975796	0.0
-0.013319662253430635	-0.008392598605146875	0.0
-0.013320776717731528	-0.008395166793317954	0.0
-0.01332189118203242	-0.008397895493249725	0.0
-0.01332300564633331	-0.008400463681420802	0.0
-0.013323897217774024	-0.008403192381352573	0.0
-0.013324788789214736	-0.008405921081284346	0.0
-0.013325903253515629	-0.008408489269455423	0.0
-0.013327017717816522	-0.008411057457626502	0.0
-0.013328355074977588	-0.008413625645797581	0.0
-0.013329692432138659	-0.008416354345729352	0.0
-0.013330806896439552	-0.008419083045661123	0.0
-0.013331921360740441	-0.008421811745592894	0.0
-0.013333035825041334	-0.008424700957285359	0.0
-0.013334150289342227	-0.008427429657217128	0.0
-0.013335041860782939	-0.008430158357148899	0.0
-0.01333615632508383	-0.008432726545319978	0.0
-0.01333727078938472	-0.008435294733491057	0.0
-0.013338385253685614	-0.008438023433422828	0.0
-0.013339945503706862	-0.0084407521333546	0.0
-0.013341059968007753	-0.00844348083328637	0.0
-0.013342174432308644	-0.008446209533218141	0.0
-0.013343288896609537	-0.008449098744910606	0.0
-0.013344403360910428	-0.008451827444842377	0.0
-0.01334529493235114	-0.008454556144774146	0.0
-0.013346409396652032	-0.008457124332945225	0.0
-0.013347523860952924	-0.008459692521116304	0.0
-0.013348861218113992	-0.008462421221048075	0.0
-0.013350198575275063	-0.008465149920979846	0.0
-0.013351313039575954	-0.008467878620911619	0.0
-0.013352427503876845	-0.00847076783260408	0.0
-0.013353541968177738	-0.008473496532535851	0.0
-0.013354656432478629	-0.008476225232467624	0.0
-0.01335577089677952	-0.008478953932399395	0.0
-0.01335710825394059	-0.008481682632331164	0.0
-0.013358222718241481	-0.008484090308741551	0.0
-0.013359337182542372	-0.008486819008673322	0.0
-0.013360451646843265	-0.008489547708605093	0.0
-0.013361566111144155	-0.008492276408536864	0.0
-0.013362903468305225	-0.008495005108468637	0.0
-0.013364017932606118	-0.008497733808400406	0.0
-0.013365132396907007	-0.008500462508332177	0.0
-0.0133662468612079	-0.008503191208263948	0.0
-0.01336758421836897	-0.008505759396435027	0.0
-0.013368921575530041	-0.008508327584606106	0.0
-0.01337003603983093	-0.008510895772777183	0.0
-0.013371373396992	-0.008513624472708954	0.0
-0.013372487861292894	-0.008516192660880034	0.0
-0.013373825218453962	-0.008518760849051113	0.0
-0.013375162575615033	-0.008521489548982884	0.0
-0.013376277039915924	-0.008524057737153963	0.0
-0.013377614397076994	-0.00852662592532504	0.0
-0.013378728861377885	-0.008529194113496119	0.0
-0.013380066218538956	-0.008531762301667198	0.0
-0.013381403575700024	-0.008534169978077584	0.0
-0.013382518040000915	-0.00853657765448797	0.0
-0.013383855397161986	-0.00853914584265905	0.0
-0.013385192754323056	-0.008541553519069435	0.0
-0.013386530111484126	-0.008544121707240514	0.0
-0.013387867468645195	-0.008546689895411594	0.0
-0.013389204825806265	-0.00854909757182198	0.0
-0.013390765075827513	-0.008551505248232364	0.0
-0.013392102432988584	-0.008553912924642752	0.0
-0.013393439790149654	-0.008556320601053137	0.0
-0.013394554254450543	-0.00855856776570283	0.0
-0.013395668718751436	-0.00856113595387391	0.0
-0.013397006075912507	-0.008563383118523603	0.0
-0.013398343433073574	-0.008565630283173297	0.0
-0.013399457897374466	-0.008568037959583684	0.0
-0.013401018147395714	-0.008570285124233377	0.0
-0.013402355504556785	-0.008572692800643765	0.0
-0.013403692861717853	-0.00857510047705415	0.0
-0.013405253111739101	-0.008577347641703844	0.0
-0.013406590468900172	-0.008579594806353537	0.0
-0.013407927826061242	-0.008581841971003232	0.0
-0.013409265183222312	-0.008584249647413618	0.0
-0.013410602540383381	-0.008586496812063311	0.0
-0.013411717004684272	-0.008588904488473699	0.0
-0.013413054361845343	-0.008591151653123392	0.0
-0.013414391719006413	-0.008593559329533778	0.0
-0.013415729076167482	-0.008595967005944165	0.0
-0.01341728932618873	-0.008598214170593858	0.0
-0.0134186266833498	-0.008600621847004246	0.0
-0.01341996404051087	-0.008603029523414631	0.0
-0.013421524290532118	-0.008605597711585708	0.0
-0.013422861647693187	-0.008607844876235402	0.0
-0.013424199004854257	-0.008610413064406481	0.0
-0.013425536362015328	-0.00861298125257756	0.0
-0.013426873719176398	-0.008615549440748639	0.0
-0.013428211076337468	-0.008618117628919718	0.0
-0.013429548433498537	-0.008620525305330104	0.0
-0.013431108683519785	-0.008623254005261875	0.0
-0.013432223147820676	-0.008625822193432954	0.0
-0.013433560504981746	-0.008628550893364725	0.0
-0.013434897862142815	-0.008631279593296496	0.0
-0.013436012326443708	-0.008634008293228267	0.0
-0.013437349683604778	-0.008636736993160038	0.0
-0.013438687040765849	-0.008639465693091809	0.0
-0.013440024397926915	-0.00864219439302358	0.0
-0.013441361755087986	-0.00864492309295535	0.0
-0.013442699112249056	-0.008647972816408507	0.0
-0.013444036469410127	-0.00865086202810097	0.0
-0.013445150933711018	-0.008653751239793433	0.0
-0.013446488290872088	-0.00865680096324659	0.0
-0.01344760275517298	-0.008659850686699744	0.0
-0.013448940112334048	-0.008662739898392209	0.0
-0.013450277469495118	-0.008665629110084672	0.0
-0.013451391933796011	-0.008668678833537826	0.0
-0.01345272929095708	-0.008671728556990983	0.0
-0.013454066648118148	-0.00867477828044414	0.0
-0.013455181112419041	-0.008677988515657988	0.0
-0.013456518469580112	-0.00868135926263253	0.0
-0.013457632933881001	-0.008684569497846377	0.0
-0.013458747398181894	-0.008687779733060225	0.0
-0.013459861862482787	-0.008690829456513382	0.0
-0.013461199219643854	-0.008694200203487922	0.0
-0.013462313683944746	-0.008697249926941078	0.0
-0.013463651041105817	-0.008700620673915619	0.0
-0.013464765505406706	-0.008703991420890159	0.0
-0.013465879969707599	-0.008707522679625391	0.0
-0.013466994434008492	-0.008710893426599933	0.0
-0.01346833179116956	-0.008714264173574474	0.0
-0.013469446255470452	-0.008717634920549016	0.0
-0.013470560719771344	-0.008721005667523554	0.0
-0.013471898076932415	-0.008724215902737404	0.0
-0.013473012541233304	-0.008727586649711943	0.0
-0.013474349898394375	-0.008731117908447177	0.0
-0.013475464362695267	-0.008734488655421717	0.0
-0.013476578826996157	-0.008738019914156951	0.0
-0.013477916184157227	-0.008741390661131491	0.0
-0.01347903064845812	-0.008744761408106034	0.0
-0.013480368005619189	-0.008748132155080572	0.0
-0.01348148246992008	-0.008751502902055114	0.0
-0.01348281982708115	-0.008754713137268963	0.0
-0.013483934291382041	-0.008758083884243503	0.0
-0.013485271648543112	-0.008761454631218043	0.0
-0.01348660900570418	-0.008764825378192585	0.0
-0.01348794636286525	-0.008768356636927817	0.0
-0.013489060827166142	-0.00877172738390236	0.0
-0.013490398184327212	-0.008775098130876898	0.0
-0.013491735541488283	-0.008778308366090748	0.0
-0.013493072898649353	-0.008781518601304595	0.0
-0.0134946331486706	-0.008784728836518443	0.0
-0.01349597050583167	-0.008788099583492985	0.0
-0.013497530755852917	-0.008791309818706832	0.0
-0.013498868113013988	-0.008794680565681374	0.0
-0.013500205470175058	-0.00879789080089522	0.0
-0.013501542827336127	-0.008801101036109071	0.0
-0.013502880184497195	-0.008804311271322918	0.0
-0.013504440434518445	-0.008807360994776074	0.0
-0.013506000684539693	-0.008810571229989923	0.0
-0.01350756093456094	-0.008813781465203771	0.0
-0.013509121184582189	-0.00881699170041762	0.0
-0.013510681434603437	-0.008820201935631468	0.0
-0.013512018791764505	-0.008823412170845316	0.0
-0.013513356148925576	-0.008826461894298473	0.0
-0.013514916398946824	-0.00882967212951232	0.0
-0.013516476648968073	-0.008832721852965476	0.0
-0.013518036898989321	-0.00883577157641863	0.0
-0.013519820041870747	-0.008838821299871787	0.0
-0.013521380291891996	-0.008841710511564252	0.0
-0.0135233863276336	-0.008844760235017407	0.0
-0.013524946577654849	-0.008847970470231255	0.0
-0.013526729720536274	-0.008851020193684412	0.0
-0.013528289970557522	-0.008854069917137566	0.0
-0.013529850220578772	-0.008856959128830031	0.0
-0.013531856256320375	-0.008860008852283188	0.0
-0.013533416506341624	-0.008862898063975649	0.0
-0.01353519964922305	-0.008865626763907421	0.0
-0.013537205684964655	-0.008868676487360578	0.0
-0.013538988827846082	-0.008871405187292349	0.0
-0.013540771970727507	-0.00887429439898481	0.0
-0.013542778006469112	-0.008877344122437967	0.0
-0.013544784042210717	-0.00888007282236974	0.0
-0.013546790077952321	-0.0088829620340622	0.0
-0.013548573220833747	-0.00888553022223328	0.0
-0.013550579256575353	-0.00888825892216505	0.0
-0.013552585292316958	-0.008890987622096823	0.0
-0.013554591328058562	-0.008893716322028594	0.0
-0.013556820256660345	-0.008896445021960365	0.0
-0.01355882629240195	-0.008899173721892134	0.0
-0.013560609435283375	-0.008901741910063213	0.0
-0.01356261547102498	-0.008904310098234293	0.0
-0.013564621506766586	-0.00890671777464468	0.0
-0.013566850435368368	-0.008909125451055065	0.0
-0.013568856471109973	-0.008911854150986836	0.0
-0.013571308292571933	-0.008914261827397223	0.0
-0.013573314328313539	-0.00891666950380761	0.0
-0.013575543256915321	-0.008919077180217994	0.0
-0.013577549292656926	-0.008921324344867688	0.0
-0.01357955532839853	-0.008923732021278075	0.0
-0.013581784257000313	-0.008925979185927769	0.0
-0.01358379029274192	-0.008928386862338154	0.0
-0.013586019221343702	-0.008930634026987848	0.0
-0.013588025257085306	-0.00893272067987685	0.0
-0.013590254185687088	-0.00893480733276585	0.0
-0.013592483114288872	-0.008936893985654854	0.0
-0.013594712042890655	-0.008939141150304548	0.0
-0.013596940971492439	-0.00894122780319355	0.0
-0.013598947007234042	-0.008942993432561165	0.0
-0.013601175935835827	-0.008945080085450167	0.0
-0.01360340486443761	-0.008947006226578475	0.0
-0.013605633793039392	-0.008948932367706783	0.0
-0.013607639828780996	-0.008950858508835093	0.0
-0.013609868757382779	-0.00895262413820271	0.0
-0.013612097685984563	-0.008954389767570327	0.0
-0.013614549507446524	-0.008956155396937943	0.0
-0.013616778436048306	-0.008957921026305559	0.0
-0.01361900736465009	-0.008959686655673175	0.0
-0.013621236293251873	-0.008961452285040793	0.0
-0.013623688114713832	-0.008962896890887024	0.0
-0.013625917043315618	-0.008964502008493948	0.0
-0.013628368864777578	-0.00896594661434018	0.0
-0.01363082068623954	-0.008967551731947104	0.0
-0.0136332725077015	-0.008968996337793335	0.0
-0.013635501436303283	-0.008970440943639569	0.0
-0.013637730364905065	-0.0089718855494858	0.0
-0.013640182186367028	-0.00897333015533203	0.0
-0.01364241111496881	-0.00897461424941757	0.0
-0.01364486293643077	-0.008976058855263803	0.0
-0.013647537650752911	-0.00897718243758865	0.0
-0.013649766579354693	-0.008978466531674188	0.0
-0.013652218400816657	-0.008979590113999037	0.0
-0.013654893115138796	-0.008981034719845267	0.0
-0.013657344936600757	-0.008982158302170116	0.0
-0.013659796758062719	-0.00898328188449496	0.0
-0.013662248579524678	-0.0089845659785805	0.0
-0.013664700400986642	-0.008985689560905348	0.0
-0.013667152222448601	-0.008986973654990887	0.0
-0.013669381151050385	-0.008988097237315733	0.0
-0.013671832972512347	-0.00898922081964058	0.0
-0.013674284793974307	-0.008990183890204735	0.0
-0.013676959508296447	-0.00899130747252958	0.0
-0.013679411329758407	-0.008992270543093737	0.0
-0.01368186315122037	-0.008993394125418584	0.0
-0.01368431497268233	-0.008994678219504122	0.0
-0.013686766794144293	-0.008995801801828969	0.0
-0.013689218615606253	-0.00899708589591451	0.0
-0.013691670437068214	-0.008998369990000048	0.0
-0.013694122258530176	-0.008999493572324895	0.0
-0.013696351187131958	-0.009000456642889048	0.0
-0.01369880300859392	-0.009001580225213896	0.0
-0.013701254830055881	-0.009002703807538743	0.0
-0.013703706651517843	-0.009003666878102898	0.0
-0.013706158472979804	-0.009004950972188437	0.0
-0.013708610294441766	-0.009006235066273977	0.0
-0.013710839223043548	-0.009007519160359516	0.0
-0.01371329104450551	-0.009008803254445056	0.0
-0.013715519973107292	-0.009010087348530593	0.0
-0.013717971794569253	-0.009011210930855442	0.0
-0.013720423616031215	-0.009012655536701672	0.0
-0.013722652544632999	-0.009013779119026519	0.0
-0.013725104366094958	-0.00901506321311206	0.0
-0.013727333294696742	-0.009016347307197598	0.0
-0.013729562223298524	-0.009017631401283139	0.0
-0.013732014044760486	-0.00901907600712937	0.0
-0.013734020080502092	-0.00902036010121491	0.0
-0.013736249009103875	-0.00902180470706114	0.0
-0.013738477937705657	-0.009023088801146679	0.0
-0.013740706866307439	-0.009024533406992913	0.0
-0.013743158687769402	-0.009025978012839143	0.0
-0.013745387616371185	-0.009027262106924684	0.0
-0.013747616544972967	-0.009028706712770914	0.0
-0.01374984547357475	-0.009030151318617145	0.0
-0.013752074402176533	-0.009031435412702685	0.0
-0.013754303330778315	-0.009032880018548918	0.0
-0.013756532259380097	-0.009034324624395148	0.0
-0.013758761187981883	-0.00903576923024138	0.0
-0.013760990116583665	-0.009037374347848305	0.0
-0.013763219045185448	-0.009038658441933843	0.0
-0.013765447973787232	-0.009040103047780076	0.0
-0.013767676902389014	-0.009041547653626308	0.0
-0.013769905830990796	-0.009042831747711847	0.0
-0.01377213475959258	-0.009044115841797385	0.0
-0.013774140795334183	-0.009045399935882924	0.0
-0.013776369723935969	-0.009046844541729158	0.0
-0.013778375759677572	-0.009048289147575389	0.0
-0.013780604688279356	-0.009049573241660929	0.0
-0.013782833616881138	-0.009050857335746468	0.0
-0.013784839652622744	-0.009052141429832006	0.0
-0.013786845688364347	-0.009053265012156853	0.0
-0.013788851724105952	-0.009054709618003086	0.0
-0.013790857759847557	-0.009055833200327932	0.0
-0.013792863795589161	-0.009056956782652779	0.0
-0.013794869831330766	-0.009058080364977626	0.0
-0.013796875867072372	-0.009059203947302473	0.0
-0.013798881902813975	-0.009060488041388013	0.0
-0.01380088793855558	-0.00906161162371286	0.0
-0.013802893974297185	-0.009062735206037707	0.0
-0.013804677117178612	-0.00906369827660186	0.0
-0.013806460260060037	-0.009064661347166015	0.0
-0.013808243402941464	-0.009065784929490861	0.0
-0.013809803652962712	-0.009066587488294324	0.0
-0.013811809688704317	-0.00906755055885848	0.0
-0.013813369938725565	-0.009068513629422632	0.0
-0.01381515308160699	-0.009069476699986789	0.0
-0.013817159117348595	-0.009070279258790248	0.0
-0.013818719367369845	-0.009071081817593711	0.0
-0.01382050251025127	-0.009071884376397174	0.0
-0.013822062760272518	-0.009072686935200636	0.0
-0.013823400117433588	-0.00907365000576479	0.0
-0.013824960367454836	-0.009074292052807562	0.0
-0.013826520617476084	-0.009075094611611021	0.0
-0.013828080867497332	-0.009075736658653792	0.0
-0.013829418224658403	-0.00907621819393587	0.0
-0.01383097847467965	-0.00907702075273933	0.0
-0.01383231583184072	-0.009077502288021408	0.0
-0.013833653189001791	-0.009078144335064178	0.0
-0.01383476765330268	-0.009078786382106949	0.0
-0.013836327903323929	-0.009079428429149716	0.0
-0.013837442367624821	-0.009079909964431794	0.0
-0.013838779724785892	-0.009080552011474565	0.0
-0.013839894189086783	-0.00908087303499595	0.0
-0.013841008653387674	-0.009081194058517334	0.0
-0.013842346010548744	-0.00908167559379941	0.0
-0.013843460474849635	-0.009081996617320795	0.0
-0.013844574939150527	-0.009082317640842181	0.0
-0.013845689403451418	-0.009082638664363566	0.0
-0.013846580974892131	-0.009083120199645644	0.0
-0.013847695439193024	-0.00908344122316703	0.0
-0.013848587010633736	-0.009083922758449105	0.0
-0.01384947858207445	-0.009084083270209797	0.0
-0.013850370153515161	-0.009084083270209797	0.0
-0.013851038832095697	-0.009084243781970489	0.0
-0.013852153296396589	-0.009084404293731183	0.0
-0.013852821974977125	-0.009084564805491874	0.0
-0.013853713546417836	-0.009084564805491874	0.0
-0.01385438222499837	-0.009084725317252566	0.0
-0.013855273796439084	-0.00908488582901326	0.0
-0.013855719582159441	-0.00908488582901326	0.0
-0.013856388260739977	-0.009085046340773952	0.0
-0.013856834046460332	-0.00908488582901326	0.0
-0.013857502725040867	-0.00908488582901326	0.0
-0.013858171403621403	-0.00908488582901326	0.0
-0.01385861718934176	-0.009084564805491874	0.0
-0.013859062975062116	-0.009084564805491874	0.0
-0.013859508760782471	-0.009084404293731183	0.0
-0.013859731653642652	-0.009084243781970489	0.0
-0.013860177439363007	-0.009084243781970489	0.0
-0.013860400332223187	-0.009083922758449105	0.0
-0.013860846117943542	-0.009083762246688411	0.0
-0.01386106901080372	-0.00908344122316703	0.0
-0.013861291903663898	-0.009083280711406336	0.0
-0.013861514796524078	-0.00908295968788495	0.0
-0.013861514796524078	-0.009082799176124258	0.0
-0.013861737689384255	-0.009082478152602873	0.0
-0.013861737689384255	-0.009082157129081489	0.0
-0.013861737689384255	-0.009081996617320795	0.0
-0.013861737689384255	-0.00908167559379941	0.0
-0.013861737689384255	-0.009081354570278028	0.0
-0.013861737689384255	-0.009081033546756642	0.0
-0.013861737689384255	-0.009080712523235257	0.0
-0.013861514796524078	-0.009080391499713873	0.0
-0.013861514796524078	-0.009080070476192487	0.0
-0.013861291903663898	-0.009079749452671102	0.0
-0.01386106901080372	-0.009079428429149716	0.0
-0.01386106901080372	-0.009079107405628334	0.0
-0.013860846117943542	-0.009078786382106949	0.0
-0.013860623225083364	-0.009078625870346255	0.0
-0.013860623225083364	-0.009078304846824871	0.0
-0.013860623225083364	-0.009078144335064178	0.0
-0.013860400332223187	-0.009077823311542794	0.0
-0.013860177439363007	-0.009077502288021408	0.0
-0.01385995454650283	-0.009077502288021408	0.0
-0.013859731653642652	-0.009077341776260716	0.0
-0.013859508760782471	-0.00907702075273933	0.0
-0.013859062975062116	-0.009076860240978639	0.0
-0.013859062975062116	-0.009076860240978639	0.0
-0.013858840082201937	-0.009076539217457255	0.0
-0.01385861718934176	-0.009076378705696561	0.0
-0.013858394296481582	-0.009076378705696561	0.0
-0.013858171403621403	-0.00907621819393587	0.0
-0.013857948510761223	-0.009076378705696561	0.0
-0.013857725617901046	-0.009076378705696561	0.0
-0.013857502725040867	-0.009076378705696561	0.0
-0.013857279832180689	-0.009076378705696561	0.0
-0.013857056939320512	-0.009076378705696561	0.0
-0.013856834046460332	-0.009076539217457255	0.0
-0.013856834046460332	-0.009076539217457255	0.0
-0.013856611153600155	-0.009076699729217947	0.0
-0.013856388260739977	-0.00907702075273933	0.0
-0.013856165367879798	-0.009077181264500023	0.0
-0.013855719582159441	-0.009077502288021408	0.0
-0.013855273796439084	-0.0090776627997821	0.0
-0.013855050903578907	-0.009077983823303486	0.0
-0.013855050903578907	-0.009078304846824871	0.0
-0.01385482801071873	-0.009078625870346255	0.0
-0.01385460511785855	-0.00907894689386764	0.0
-0.01385460511785855	-0.009079428429149716	0.0
-0.01385438222499837	-0.009079749452671102	0.0
-0.013854159332138193	-0.00908023098795318	0.0
-0.013853936439278014	-0.009080712523235257	0.0
-0.013853490653557659	-0.009081354570278028	0.0
-0.01385326776069748	-0.009081836105560103	0.0
-0.013852821974977125	-0.009082478152602873	0.0
-0.013852821974977125	-0.00908295968788495	0.0
-0.013852599082116944	-0.009083601734927721	0.0
-0.013852376189256766	-0.009084404293731183	0.0
-0.013852376189256766	-0.009085046340773952	0.0
-0.013852153296396589	-0.009085688387816723	0.0
-0.013852153296396589	-0.00908633043485949	0.0
-0.013851930403536411	-0.009087132993662954	0.0
-0.013851707510676232	-0.009087935552466416	0.0
-0.013851484617816054	-0.009088738111269878	0.0
-0.013851261724955877	-0.009089701181834033	0.0
-0.013851261724955877	-0.009090503740637494	0.0
-0.013851261724955877	-0.009091306299440957	0.0
-0.013851261724955877	-0.009092269370005112	0.0
-0.013851038832095697	-0.009093071928808573	0.0
-0.013851038832095697	-0.009094034999372728	0.0
-0.013851038832095697	-0.009095158581697573	0.0
-0.013851261724955877	-0.00909612165226173	0.0
-0.013851261724955877	-0.009097084722825884	0.0
-0.013851261724955877	-0.009098047793390037	0.0
-0.013851261724955877	-0.009099171375714886	0.0
-0.013851484617816054	-0.009100134446279039	0.0
-0.013851484617816054	-0.00910141854036458	0.0
-0.013851707510676232	-0.009102381610928733	0.0
-0.013851707510676232	-0.00910350519325358	0.0
-0.013851930403536411	-0.009104789287339118	0.0
-0.013852153296396589	-0.009106073381424658	0.0
-0.013852376189256766	-0.009107196963749505	0.0
-0.013852376189256766	-0.009108481057835044	0.0
-0.013852821974977125	-0.00910960464015989	0.0
-0.01385326776069748	-0.00911088873424543	0.0
-0.013853490653557659	-0.00911217282833097	0.0
-0.013853713546417836	-0.009113456922416508	0.0
-0.013853936439278014	-0.009114901528262742	0.0
-0.01385438222499837	-0.009116185622348281	0.0
-0.01385460511785855	-0.009117790739955204	0.0
-0.013855050903578907	-0.009119235345801436	0.0
-0.013855273796439084	-0.009120519439886975	0.0
-0.013855719582159441	-0.009122124557493899	0.0
-0.013856165367879798	-0.009123569163340131	0.0
-0.013856611153600155	-0.009125013769186363	0.0
-0.013857056939320512	-0.009126458375032596	0.0
-0.013857279832180689	-0.00912806349263952	0.0
-0.013857948510761223	-0.009129668610246442	0.0
-0.013858394296481582	-0.009131273727853367	0.0
-0.013858840082201937	-0.009132878845460293	0.0
-0.013859508760782471	-0.009134644474827909	0.0
-0.01385995454650283	-0.009136410104195525	0.0
-0.013860400332223187	-0.009138015221802449	0.0
-0.01386106901080372	-0.009139620339409373	0.0
-0.013861737689384255	-0.00914138596877699	0.0
-0.013862183475104612	-0.009142991086383914	0.0
-0.013862629260824969	-0.009144917227512222	0.0
-0.013863297939405505	-0.009146522345119147	0.0
-0.013864189510846217	-0.009148287974486764	0.0
-0.013864858189426751	-0.009150214115615072	0.0
-0.013865749760867465	-0.00915197974498269	0.0
-0.013866418439447999	-0.009153905886110997	0.0
-0.013867310010888713	-0.009155511003717923	0.0
-0.013867978689469247	-0.00915727663308554	0.0
-0.013868870260909962	-0.009159202774213848	0.0
-0.013869538939490495	-0.009160968403581464	0.0
-0.01387043051093121	-0.009162894544709773	0.0
-0.013871322082371922	-0.009164660174077391	0.0
-0.013872436546672815	-0.009166425803445007	0.0
-0.013873551010973704	-0.009168191432812623	0.0
-0.013874665475274597	-0.00916995706218024	0.0
-0.01387555704671531	-0.009171722691547856	0.0
-0.013876671511016202	-0.009173488320915473	0.0
-0.013877563082456915	-0.009175093438522396	0.0
-0.013878677546757805	-0.009176859067890012	0.0
-0.013879792011058698	-0.009178464185496936	0.0
-0.01388090647535959	-0.009180069303103862	0.0
-0.01388202093966048	-0.009181674420710786	0.0
-0.01388335829682155	-0.009183119026557017	0.0
-0.013884472761122443	-0.00918456363240325	0.0
-0.01388581011828351	-0.009186168750010174	0.0
-0.01388714747544458	-0.009187452844095712	0.0
-0.01388848483260565	-0.009188736938181253	0.0
-0.013889822189766721	-0.009190021032266791	0.0
-0.01389115954692779	-0.009191465638113024	0.0
-0.01389249690408886	-0.00919258922043787	0.0
-0.013893611368389753	-0.009193712802762717	0.0
-0.013895171618411	-0.009194836385087564	0.0
-0.013896508975572071	-0.00919595996741241	0.0
-0.01389784633273314	-0.009196762526215872	0.0
-0.013899406582754388	-0.00919788610854072	0.0
-0.013900743939915458	-0.009198849179104874	0.0
-0.013902304189936706	-0.009199651737908337	0.0
-0.013903641547097776	-0.009200293784951106	0.0
-0.013905201797119024	-0.009201096343754567	0.0
-0.01390676204714027	-0.009201738390797336	0.0
-0.01390809940430134	-0.009202380437840108	0.0
-0.013909659654322589	-0.009202861973122185	0.0
-0.013911219904343837	-0.00920334350840426	0.0
-0.013912557261504907	-0.009203664531925646	0.0
-0.013914117511526157	-0.009204146067207724	0.0
-0.013915677761547405	-0.00920446709072911	0.0
-0.01391723801156865	-0.009204627602489801	0.0
-0.013918798261589899	-0.009204788114250493	0.0
-0.013920135618750969	-0.009204788114250493	0.0
-0.013921695868772217	-0.009204788114250493	0.0
-0.013923256118793467	-0.009204948626011187	0.0
-0.013924593475954535	-0.009204948626011187	0.0
-0.013926153725975785	-0.009204788114250493	0.0
-0.013927491083136852	-0.00920446709072911	0.0
-0.013929274226018279	-0.009204306578968416	0.0
-0.01393061158317935	-0.009203825043686338	0.0
-0.013932171833200597	-0.009203504020164954	0.0
-0.013933732083221845	-0.009203022484882877	0.0
-0.013935069440382915	-0.0092025409496008	0.0
-0.013936629690404162	-0.009202059414318722	0.0
-0.013937744154705054	-0.009201577879036645	0.0
-0.013939081511866125	-0.009201096343754567	0.0
-0.013940641761887373	-0.0092004542967118	0.0
-0.013941979119048443	-0.009199651737908337	0.0
-0.01394353936906969	-0.009199009690865565	0.0
-0.01394487672623076	-0.009198207132062104	0.0
-0.01394621408339183	-0.00919724406149795	0.0
-0.0139475514405529	-0.00919660201445518	0.0
-0.01394866590485379	-0.009195799455651719	0.0
-0.01395000326201486	-0.009194996896848256	0.0
-0.013951117726315753	-0.009194194338044793	0.0
-0.013952232190616644	-0.009193391779241332	0.0
-0.013953569547777713	-0.009192428708677177	0.0
-0.013954684012078606	-0.009191305126352332	0.0
-0.013955798476379497	-0.009190502567548869	0.0
-0.013957135833540565	-0.009189378985224022	0.0
-0.01395802740498128	-0.009188576426420559	0.0
-0.01395914186928217	-0.009187613355856404	0.0
-0.013960033440722885	-0.009186810797052943	0.0
-0.013960925012163597	-0.009185847726488788	0.0
-0.013962039476464488	-0.009185045167685327	0.0
-0.013962708155045023	-0.009184082097121172	0.0
-0.013963822619345916	-0.009183119026557017	0.0
-0.01396449129792645	-0.009182155955992864	0.0
-0.013965382869367163	-0.009181192885428707	0.0
-0.013966274440807875	-0.00918055083838594	0.0
-0.01396716601224859	-0.009179587767821785	0.0
-0.013967834690829125	-0.009178785209018322	0.0
-0.013968503369409661	-0.00917798265021486	0.0
-0.013969172047990194	-0.009177340603172091	0.0
-0.01396984072657073	-0.009176538044368628	0.0
-0.013970286512291086	-0.009175895997325859	0.0
-0.01397095519087162	-0.009175093438522396	0.0
-0.013971623869452157	-0.009174451391479627	0.0
-0.013972069655172514	-0.009173809344436859	0.0
-0.013972738333753048	-0.009173006785633396	0.0
-0.013973184119473403	-0.009172525250351319	0.0
-0.013973629905193762	-0.00917204371506924	0.0
-0.013974075690914117	-0.009171401668026472	0.0
-0.013974298583774296	-0.009170920132744394	0.0
-0.013974744369494651	-0.009170438597462317	0.0
-0.01397519015521501	-0.00916995706218024	0.0
-0.013975635940935366	-0.009169475526898162	0.0
-0.013975858833795544	-0.009169154503376778	0.0
-0.013976081726655721	-0.0091686729680947	0.0
-0.013976527512376078	-0.009168351944573315	0.0
-0.013976750405236256	-0.009167870409291238	0.0
-0.013976973298096437	-0.00916738887400916	0.0
-0.013977196190956614	-0.009167067850487777	0.0
-0.013977419083816792	-0.009166746826966391	0.0
-0.013977419083816792	-0.009166425803445007	0.0
-0.01397764197667697	-0.009166425803445007	0.0
-0.01397764197667697	-0.009166104779923622	0.0
-0.013977864869537148	-0.009165944268162928	0.0
-0.013977864869537148	-0.009165783756402236	0.0
-0.013978087762397326	-0.00916546273288085	0.0
-0.013978087762397326	-0.009165302221120159	0.0
-0.013978310655257504	-0.009165141709359467	0.0
-0.013978310655257504	-0.009164981197598773	0.0
-0.013978310655257504	-0.009164981197598773	0.0
-0.013978310655257504	-0.009164981197598773	0.0
-0.013978087762397326	-0.009164820685838083	0.0
-0.013977864869537148	-0.009164820685838083	0.0
-0.013977864869537148	-0.009164981197598773	0.0
-0.013977864869537148	-0.009164820685838083	0.0
-0.013977864869537148	-0.009164820685838083	0.0
-0.01397764197667697	-0.009164981197598773	0.0
-0.01397764197667697	-0.009165141709359467	0.0
-0.013977419083816792	-0.009165141709359467	0.0
-0.013977419083816792	-0.009165302221120159	0.0
-0.013976973298096437	-0.009165623244641544	0.0
-0.013976973298096437	-0.009165944268162928	0.0
-0.013976527512376078	-0.009166104779923622	0.0
-0.0139763046195159	-0.009166425803445007	0.0
-0.013976081726655721	-0.009166746826966391	0.0
-0.013975858833795544	-0.009167228362248467	0.0
-0.013975635940935366	-0.009167709897530546	0.0
-0.013975413048075187	-0.009168191432812623	0.0
-0.01397496726235483	-0.009168512456334007	0.0
-0.013974521476634473	-0.009169154503376778	0.0
-0.013974298583774296	-0.009169636038658854	0.0
-0.013973852798053939	-0.009170278085701623	0.0
-0.013973629905193762	-0.009170920132744394	0.0
-0.013973184119473403	-0.009171562179787164	0.0
-0.013972961226613225	-0.009172204226829933	0.0
-0.013972515440892869	-0.009173167297394088	0.0
-0.013971846762312334	-0.00917396985619755	0.0
-0.013971400976591978	-0.009174772415001012	0.0
-0.013970732298011443	-0.009175574973804475	0.0
-0.013970286512291086	-0.009176538044368628	0.0
-0.01396984072657073	-0.009177340603172091	0.0
-0.013969394940850373	-0.009178303673736246	0.0
-0.013968726262269839	-0.009179427256061091	0.0
-0.013968280476549482	-0.009180390326625248	0.0
-0.013967611797968946	-0.009181513908950093	0.0
-0.01396716601224859	-0.009182637491274941	0.0
-0.013966497333668056	-0.00918392158536048	0.0
-0.01396582865508752	-0.009185045167685327	0.0
-0.013965159976506986	-0.009186168750010174	0.0
-0.01396471419078663	-0.00918729233233502	0.0
-0.013964045512206093	-0.009188576426420559	0.0
-0.013963376833625559	-0.009189860520506098	0.0
-0.013962931047905204	-0.009191305126352332	0.0
-0.013962262369324668	-0.009192749732198562	0.0
-0.013961370797883954	-0.009193873314523409	0.0
-0.01396070211930342	-0.009195317920369641	0.0
-0.013960033440722885	-0.009196762526215872	0.0
-0.013959364762142351	-0.009198046620301412	0.0
-0.013958696083561815	-0.009199330714386951	0.0
-0.01395802740498128	-0.009200775320233183	0.0
-0.013957358726400745	-0.009202219926079416	0.0
-0.013956467154960033	-0.009203825043686338	0.0
-0.013955575583519318	-0.009205109137771878	0.0
-0.013954906904938783	-0.00920655374361811	0.0
-0.013954238226358249	-0.009207998349464341	0.0
-0.013953346654917535	-0.009209282443549882	0.0
-0.013952677976337001	-0.009210727049396112	0.0
-0.013952009297756465	-0.009212171655242345	0.0
-0.013951117726315753	-0.009213455749327883	0.0
-0.013950449047735217	-0.009214900355174116	0.0
-0.013949557476294505	-0.009216184449259656	0.0
-0.01394888879771397	-0.009217629055105887	0.0
-0.013947997226273257	-0.009218913149191427	0.0
-0.013947105654832542	-0.009220197243276966	0.0
-0.013946436976252008	-0.009221641849123196	0.0
-0.013945545404811296	-0.009222765431448045	0.0
-0.01394487672623076	-0.009224049525533583	0.0
-0.013943985154790048	-0.009225494131379816	0.0
-0.013943316476209512	-0.009226778225465354	0.0
-0.0139424249047688	-0.009228062319550893	0.0
-0.013941533333328085	-0.009229346413636434	0.0
-0.01394086465474755	-0.009230630507721972	0.0
-0.013939973083306837	-0.009231754090046819	0.0
-0.013939081511866125	-0.009233038184132358	0.0
-0.013938189940425411	-0.009234322278217898	0.0
-0.013937298368984698	-0.009235606372303437	0.0
-0.013936406797543984	-0.009237050978149667	0.0
-0.013935515226103272	-0.009238174560474516	0.0
-0.013934623654662559	-0.009239458654560054	0.0
-0.013933732083221845	-0.009240742748645595	0.0
-0.013932840511781132	-0.00924186633097044	0.0
-0.01393194894034042	-0.00924315042505598	0.0
-0.013931057368899706	-0.009244434519141519	0.0
-0.013930165797458992	-0.00924571861322706	0.0
-0.013929274226018279	-0.009247002707312598	0.0
-0.013928382654577567	-0.009248286801398137	0.0
-0.013927491083136852	-0.009249731407244369	0.0
-0.01392659951169614	-0.009250854989569216	0.0
-0.013925707940255426	-0.009252139083654756	0.0
-0.013924816368814714	-0.009253583689500987	0.0
-0.013923701904513822	-0.009254867783586527	0.0
-0.01392281033307311	-0.009256151877672066	0.0
-0.013921918761632396	-0.009257435971757605	0.0
-0.013921027190191683	-0.009258720065843145	0.0
-0.013920135618750969	-0.009260164671689376	0.0
-0.013919466940170435	-0.00926160927753561	0.0
-0.013918575368729721	-0.009262893371621148	0.0
-0.01391746090442883	-0.009264337977467379	0.0
-0.013916569332988116	-0.009265782583313611	0.0
-0.013915454868687224	-0.00926706667739915	0.0
-0.013914563297246512	-0.009268511283245382	0.0
-0.013913671725805798	-0.009269955889091614	0.0
-0.013912557261504907	-0.009271400494937845	0.0
-0.013911665690064193	-0.009273005612544771	0.0
-0.013910774118623482	-0.009274450218391002	0.0
-0.013909882547182768	-0.009276055335997926	0.0
-0.013908768082881877	-0.009277499941844158	0.0
-0.013907876511441163	-0.009279105059451082	0.0
-0.01390676204714027	-0.009280549665297313	0.0
-0.013905870475699559	-0.009282154782904237	0.0
-0.013904756011398666	-0.00928359938875047	0.0
-0.013903641547097776	-0.0092850439945967	0.0
-0.013902749975657061	-0.009286649112203624	0.0
-0.01390185840421635	-0.00928825422981055	0.0
-0.013900743939915458	-0.009289859347417473	0.0
-0.013899629475614565	-0.009291464465024397	0.0
-0.013898515011313674	-0.009292909070870629	0.0
-0.013897400547012783	-0.009294514188477553	0.0
-0.013896508975572071	-0.009296119306084477	0.0
-0.013895394511271178	-0.00929756391193071	0.0
-0.013894502939830465	-0.009299169029537634	0.0
-0.013893611368389753	-0.009300774147144556	0.0
-0.013892719796949038	-0.009302379264751482	0.0
-0.013891605332648148	-0.009303984382358407	0.0
-0.013890713761207433	-0.009305428988204637	0.0
-0.013889599296906543	-0.009307034105811561	0.0
-0.01388848483260565	-0.009308478711657794	0.0
-0.01388737036830476	-0.009309923317504024	0.0
-0.013886478796864046	-0.009311367923350258	0.0
-0.013885364332563155	-0.00931297304095718	0.0
-0.01388469565398262	-0.00931425713504272	0.0
-0.013883804082541907	-0.009315862252649645	0.0
-0.013882912511101193	-0.009317306858495876	0.0
-0.013882243832520657	-0.0093189119761028	0.0
-0.013881352261079945	-0.009320356581949032	0.0
-0.013880460689639232	-0.009321640676034571	0.0
-0.01387934622533834	-0.009323085281880802	0.0
-0.013878454653897627	-0.009324529887727036	0.0
-0.013877785975317093	-0.009325974493573266	0.0
-0.01387689440387638	-0.009327419099419497	0.0
-0.013876225725295845	-0.009328703193505037	0.0
-0.013875334153855131	-0.00933014779935127	0.0
-0.013874665475274597	-0.00933143189343681	0.0
-0.013873996796694063	-0.00933287649928304	0.0
-0.013873105225253349	-0.009334321105129271	0.0
-0.013872213653812636	-0.009335605199214812	0.0
-0.0138715449752321	-0.009337049805061042	0.0
-0.013870876296651565	-0.009338494410907276	0.0
-0.013870207618071029	-0.009340099528514199	0.0
-0.013869761832350674	-0.009341544134360431	0.0
-0.01386909315377014	-0.009342988740206663	0.0
-0.013868424475189604	-0.009344433346052894	0.0
-0.013867532903748892	-0.009345877951899126	0.0
-0.013866864225168357	-0.009347322557745359	0.0
-0.013866195546587821	-0.009348767163591589	0.0
-0.013865526868007287	-0.009350372281198513	0.0
-0.013864858189426751	-0.00935197739880544	0.0
-0.013864189510846217	-0.00935342200465167	0.0
-0.013863520832265682	-0.009355187634019286	0.0
-0.013862852153685146	-0.009356632239865516	0.0
-0.01386240636796479	-0.009358237357472442	0.0
-0.013861737689384255	-0.009359842475079367	0.0
-0.01386106901080372	-0.009361287080925597	0.0
-0.013860400332223187	-0.009363052710293215	0.0
-0.013859731653642652	-0.00936465782790014	0.0
-0.013859285867922294	-0.009366262945507062	0.0
-0.01385861718934176	-0.009368028574874678	0.0
-0.013858171403621403	-0.009369633692481604	0.0
-0.013857502725040867	-0.00937139932184922	0.0
-0.013857056939320512	-0.00937332546297753	0.0
-0.013856388260739977	-0.009375091092345146	0.0
-0.013855942475019619	-0.009376856721712762	0.0
-0.013855496689299264	-0.00937862235108038	0.0
-0.013855273796439084	-0.009380387980447996	0.0
-0.01385460511785855	-0.009382153609815612	0.0
-0.013854159332138193	-0.009383919239183228	0.0
-0.013853713546417836	-0.009385845380311536	0.0
-0.013853044867837302	-0.009387771521439848	0.0
-0.013852599082116944	-0.009389537150807464	0.0
-0.013852153296396589	-0.00939130278017508	0.0
-0.013851930403536411	-0.00939338943306408	0.0
-0.013851484617816054	-0.00939531557419239	0.0
-0.013851038832095697	-0.009397241715320697	0.0
-0.01385059304637534	-0.009399007344688315	0.0
-0.013850147260654984	-0.009401093997577317	0.0
-0.013849701474934627	-0.009402859626944933	0.0
-0.01384947858207445	-0.009404785768073243	0.0
-0.013849032796354091	-0.009406872420962243	0.0
-0.013848587010633736	-0.009408798562090552	0.0
-0.013848364117773557	-0.00941072470321886	0.0
-0.013847918332053202	-0.009412650844347172	0.0
-0.013847472546332843	-0.00941457698547548	0.0
-0.013847026760612488	-0.009416503126603788	0.0
-0.013846803867752309	-0.009418429267732098	0.0
-0.013846580974892131	-0.0094205159206211	0.0
-0.013846135189171774	-0.009422442061749407	0.0
-0.013845912296311597	-0.009424368202877715	0.0
-0.013845466510591238	-0.009426454855766717	0.0
-0.013845243617731061	-0.009428380996895028	0.0
-0.013844797832010704	-0.009430307138023336	0.0
-0.013844574939150527	-0.009432233279151644	0.0
-0.013844352046290349	-0.009434159420279954	0.0
-0.01384390626056999	-0.009436246073168956	0.0
-0.013843460474849635	-0.009438172214297264	0.0
-0.013843237581989456	-0.009439937843664882	0.0
-0.013843014689129279	-0.00944186398479319	0.0
-0.013842791796269101	-0.009443950637682191	0.0
-0.013842568903408922	-0.009445876778810501	0.0
-0.013842346010548744	-0.009447963431699501	0.0
-0.013842123117688565	-0.00944988957282781	0.0
-0.013841900224828386	-0.009451815713956119	0.0
-0.01384145443910803	-0.009453581343323735	0.0
-0.013841231546247851	-0.009455507484452046	0.0
-0.013840785760527496	-0.009457433625580354	0.0
-0.013840339974807138	-0.00945919925494797	0.0
-0.01384011708194696	-0.00946112539607628	0.0
-0.013839894189086783	-0.009463051537204588	0.0
-0.013839671296226604	-0.009464977678332896	0.0
-0.013839448403366426	-0.009466903819461208	0.0
-0.013839225510506249	-0.009468829960589516	0.0
-0.013838779724785892	-0.009470756101717825	0.0
-0.013838333939065533	-0.009472682242846133	0.0
-0.013837888153345178	-0.00947444787221375	0.0
-0.013837665260484999	-0.00947637401334206	0.0
-0.013837219474764644	-0.009478300154470369	0.0
-0.013836996581904463	-0.009480226295598677	0.0
-0.013836773689044285	-0.009482152436726987	0.0
-0.013836550796184108	-0.009483918066094603	0.0
-0.013836105010463751	-0.009485844207222911	0.0
-0.013835659224743396	-0.00948777034835122	0.0
-0.013835213439023037	-0.009489696489479529	0.0
-0.01383499054616286	-0.009491622630607838	0.0
-0.013834544760442503	-0.009493388259975456	0.0
-0.013834321867582326	-0.009495314401103764	0.0
-0.013833876081861969	-0.00949708003047138	0.0
-0.013833653189001791	-0.009499006171599688	0.0
-0.013833207403281433	-0.009500771800967306	0.0
-0.013832984510421255	-0.009502697942095616	0.0
-0.013832538724700898	-0.009504624083223924	0.0
-0.01383231583184072	-0.009506550224352234	0.0
-0.013831870046120364	-0.00950831585371985	0.0
-0.013831647153260185	-0.009510081483087466	0.0
-0.013831424260400007	-0.009512007624215776	0.0
-0.013831201367539828	-0.009513773253583392	0.0
-0.013830755581819473	-0.009515538882951008	0.0
-0.013830309796099116	-0.009517304512318624	0.0
-0.013829864010378758	-0.009519391165207626	0.0
-0.01382964111751858	-0.009521156794575242	0.0
-0.013829418224658403	-0.009523082935703553	0.0
-0.013828972438938046	-0.00952484856507117	0.0
-0.013828972438938046	-0.009526614194438785	0.0
-0.013828749546077868	-0.009528379823806402	0.0
-0.013828303760357511	-0.009529984941413326	0.0
-0.013828080867497332	-0.009531750570780942	0.0
-0.013827635081776975	-0.009533516200148558	0.0
-0.013827412188916798	-0.009535442341276868	0.0
-0.013826966403196441	-0.009537207970644484	0.0
-0.013826520617476084	-0.009538973600012102	0.0
-0.013826297724615905	-0.00954089974114041	0.0
-0.013826074831755727	-0.009542504858747334	0.0
-0.01382585193889555	-0.00954427048811495	0.0
-0.01382585193889555	-0.009546036117482566	0.0
-0.01382562904603537	-0.009547641235089492	0.0
-0.013825406153175193	-0.009549406864457108	0.0
-0.013825183260315016	-0.009551172493824724	0.0
-0.013824737474594657	-0.00955293812319234	0.0
-0.01382451458173448	-0.009554703752559958	0.0
-0.0138242916888743	-0.009556308870166882	0.0
-0.013824068796014123	-0.009557913987773805	0.0
-0.013823845903153945	-0.009559679617141421	0.0
-0.013823623010293766	-0.009561284734748347	0.0
-0.013823623010293766	-0.009562889852355271	0.0
-0.013823400117433588	-0.009564494969962194	0.0
-0.013823177224573411	-0.00956610008756912	0.0
-0.013822954331713232	-0.009567865716936736	0.0
-0.013822731438853052	-0.00956947083454366	0.0
-0.013822731438853052	-0.00957091544038989	0.0
-0.013822731438853052	-0.009572520557996816	0.0
-0.013822508545992875	-0.009574125675603739	0.0
-0.013822285653132697	-0.009575730793210663	0.0
-0.013822285653132697	-0.009577335910817589	0.0
-0.013822285653132697	-0.009578941028424512	0.0
-0.013822285653132697	-0.009580385634270744	0.0
-0.013822062760272518	-0.009581990751877668	0.0
-0.013822062760272518	-0.009583595869484592	0.0
-0.013822062760272518	-0.009585040475330823	0.0
-0.013822285653132697	-0.009586485081177057	0.0
-0.013822285653132697	-0.009587929687023287	0.0
-0.013822508545992875	-0.009589534804630212	0.0
-0.013822508545992875	-0.009591139922237134	0.0
-0.013822508545992875	-0.009592584528083368	0.0
-0.013822508545992875	-0.00959418964569029	0.0
-0.013822508545992875	-0.009595473739775831	0.0
-0.013822508545992875	-0.00959675783386137	0.0
-0.013822731438853052	-0.009598202439707602	0.0
-0.013822954331713232	-0.009599647045553834	0.0
-0.013822954331713232	-0.009601091651400065	0.0
-0.013823400117433588	-0.009602536257246297	0.0
-0.013823623010293766	-0.00960398086309253	0.0
-0.013823623010293766	-0.00960542546893876	0.0
-0.013823845903153945	-0.00960687007478499	0.0
-0.013823845903153945	-0.009608314680631225	0.0
-0.013824068796014123	-0.009609598774716763	0.0
-0.0138242916888743	-0.009611043380562996	0.0
-0.01382451458173448	-0.009612487986409226	0.0
-0.013824737474594657	-0.009613772080494765	0.0
-0.013825183260315016	-0.009615216686340999	0.0
-0.01382562904603537	-0.00961666129218723	0.0
-0.01382585193889555	-0.00961794538627277	0.0
-0.013826074831755727	-0.009619389992119	0.0
-0.013826297724615905	-0.00962067408620454	0.0
-0.013826520617476084	-0.00962195818029008	0.0
-0.013826743510336264	-0.009623242274375618	0.0
-0.013826966403196441	-0.00962468688022185	0.0
-0.013827412188916798	-0.009626131486068083	0.0
-0.013827635081776975	-0.009627415580153622	0.0
-0.013828080867497332	-0.009628860185999854	0.0
-0.013828303760357511	-0.009630144280085393	0.0
-0.013828526653217689	-0.009631428374170933	0.0
-0.013828749546077868	-0.009632872980017164	0.0
-0.013829195331798223	-0.009634157074102702	0.0
-0.013829418224658403	-0.009635601679948935	0.0
-0.01382964111751858	-0.009637046285795167	0.0
-0.013830086903238939	-0.009638490891641397	0.0
-0.013830309796099116	-0.009639774985726938	0.0
-0.013830755581819473	-0.009641059079812477	0.0
-0.013831201367539828	-0.009642503685658709	0.0
-0.013831424260400007	-0.009643787779744247	0.0
-0.013831870046120364	-0.009645232385590478	0.0
-0.013832092938980542	-0.009646516479676018	0.0
-0.01383231583184072	-0.00964796108552225	0.0
-0.013832761617561076	-0.009649245179607791	0.0
-0.013832984510421255	-0.009650529273693328	0.0
-0.01383343029614161	-0.00965197387953956	0.0
-0.013833653189001791	-0.0096532579736251	0.0
-0.013834098974722146	-0.00965454206771064	0.0
-0.013834321867582326	-0.00965582616179618	0.0
-0.01383476765330268	-0.009657110255881719	0.0
-0.01383499054616286	-0.009658233838206565	0.0
-0.013835213439023037	-0.009659517932292104	0.0
-0.013835659224743396	-0.009660802026377644	0.0
-0.013836105010463751	-0.009662086120463183	0.0
-0.013836550796184108	-0.009663370214548722	0.0
-0.013836996581904463	-0.009664493796873569	0.0
-0.013837219474764644	-0.009665617379198415	0.0
-0.013837665260484999	-0.009666901473283956	0.0
-0.013837888153345178	-0.009668025055608803	0.0
-0.013838333939065533	-0.00966914863793365	0.0
-0.013838556831925712	-0.009670272220258496	0.0
-0.013838779724785892	-0.009671395802583343	0.0
-0.013839225510506249	-0.009672358873147496	0.0
-0.013839448403366426	-0.009673482455472344	0.0
-0.013839894189086783	-0.009674606037797191	0.0
-0.01384011708194696	-0.009675729620122038	0.0
-0.013840562867667317	-0.009676853202446885	0.0
-0.013840785760527496	-0.00967781627301104	0.0
-0.013841231546247851	-0.009678779343575195	0.0
-0.01384145443910803	-0.009679902925900041	0.0
-0.01384145443910803	-0.009680865996464196	0.0
-0.013841900224828386	-0.00968182906702835	0.0
-0.013842123117688565	-0.009682792137592504	0.0
-0.013842123117688565	-0.009683915719917351	0.0
-0.013842346010548744	-0.009684718278720814	0.0
-0.013842568903408922	-0.009685681349284969	0.0
-0.013842791796269101	-0.009686644419849122	0.0
-0.013843014689129279	-0.009687607490413277	0.0
-0.013843014689129279	-0.009688410049216738	0.0
-0.013843237581989456	-0.009689212608020201	0.0
-0.013843237581989456	-0.009690175678584356	0.0
-0.013843460474849635	-0.009690978237387817	0.0
-0.013843683367709813	-0.009691941307951972	0.0
-0.01384390626056999	-0.009692904378516127	0.0
-0.01384390626056999	-0.009693706937319588	0.0
-0.01384390626056999	-0.009694509496123051	0.0
-0.01384412915343017	-0.009695312054926512	0.0
-0.01384412915343017	-0.009696114613729975	0.0
-0.013844352046290349	-0.009696917172533438	0.0
-0.013844352046290349	-0.0096977197313369	0.0
-0.013844574939150527	-0.00969852229014036	0.0
-0.013844574939150527	-0.009699324848943822	0.0
-0.013844797832010704	-0.009700127407747285	0.0
-0.013844797832010704	-0.009700929966550748	0.0
-0.013845020724870883	-0.009701572013593516	0.0
-0.013845020724870883	-0.009702053548875593	0.0
-0.013845020724870883	-0.009702856107679056	0.0
-0.013845020724870883	-0.009703498154721827	0.0
-0.013845243617731061	-0.009704140201764595	0.0
-0.013845243617731061	-0.009704942760568058	0.0
-0.013845243617731061	-0.009705584807610829	0.0
-0.013845243617731061	-0.009706226854653596	0.0
-0.013845243617731061	-0.009706868901696367	0.0
-0.013845466510591238	-0.009707510948739137	0.0
-0.013845466510591238	-0.009707992484021214	0.0
-0.013845466510591238	-0.009708634531063983	0.0
-0.013845466510591238	-0.00970911606634606	0.0
-0.013845466510591238	-0.00970975811338883	0.0
-0.013845466510591238	-0.009710400160431601	0.0
-0.013845466510591238	-0.009710881695713677	0.0
-0.013845466510591238	-0.009711363230995754	0.0
-0.013845466510591238	-0.009711844766277832	0.0
-0.013845466510591238	-0.009712165789799217	0.0
-0.013845466510591238	-0.009712647325081295	0.0
-0.013845243617731061	-0.00971312886036337	0.0
-0.013845020724870883	-0.009713610395645448	0.0
-0.013845020724870883	-0.009714091930927525	0.0
-0.013845020724870883	-0.009714573466209603	0.0
-0.013845020724870883	-0.00971505500149168	0.0
-0.013845243617731061	-0.009715536536773756	0.0
-0.013845243617731061	-0.009715857560295141	0.0
-0.013845466510591238	-0.009716339095577219	0.0
-0.013845243617731061	-0.009716660119098604	0.0
-0.013845243617731061	-0.00971698114261999	0.0
-0.013845243617731061	-0.009717462677902066	0.0
-0.013845466510591238	-0.009717944213184143	0.0
-0.013845466510591238	-0.009718586260226912	0.0
-0.013845466510591238	-0.009718907283748298	0.0
-0.013845466510591238	-0.009719388819030375	0.0
-0.013845466510591238	-0.009719870354312451	0.0
-0.013845466510591238	-0.009720351889594529	0.0
-0.013845689403451418	-0.009720833424876606	0.0
-0.013845689403451418	-0.009721154448397992	0.0
-0.013845912296311597	-0.009721635983680069	0.0
-0.013845912296311597	-0.009722117518962145	0.0
-0.013846135189171774	-0.009722759566004916	0.0
-0.013846135189171774	-0.009723241101286993	0.0
-0.013846358082031954	-0.009723883148329763	0.0
-0.013846580974892131	-0.00972436468361184	0.0
-0.013846580974892131	-0.00972500673065461	0.0
-0.013846803867752309	-0.009725488265936687	0.0
-0.013846803867752309	-0.009726130312979458	0.0
-0.013847026760612488	-0.009726611848261534	0.0
-0.013847249653472666	-0.009727414407064996	0.0
-0.013847249653472666	-0.009728056454107766	0.0
-0.013847695439193024	-0.009728698501150535	0.0
-0.01384814122491338	-0.009729180036432613	0.0
-0.013848364117773557	-0.00972966157171469	0.0
-0.013848587010633736	-0.00973030361875746	0.0
-0.013848809903493913	-0.00973110617756092	0.0
-0.013849032796354091	-0.00973174822460369	0.0
-0.013849255689214272	-0.009732550783407153	0.0
-0.013849255689214272	-0.009733353342210614	0.0
-0.01384947858207445	-0.009733995389253385	0.0
-0.013849924367794806	-0.009734637436296155	0.0
-0.013850370153515161	-0.009735118971578232	0.0
-0.013850815939235518	-0.009735921530381693	0.0
-0.013851038832095697	-0.009736563577424464	0.0
-0.013851261724955877	-0.009737045112706542	0.0
-0.013851484617816054	-0.009737847671510001	0.0
-0.013851930403536411	-0.009738489718552772	0.0
-0.013852153296396589	-0.009739131765595542	0.0
-0.013852376189256766	-0.009739773812638313	0.0
-0.013852821974977125	-0.00974041585968108	0.0
-0.01385326776069748	-0.009741057906723851	0.0
-0.013853713546417836	-0.00974169995376662	0.0
-0.013853936439278014	-0.009742181489048696	0.0
-0.01385438222499837	-0.009742823536091468	0.0
-0.01385460511785855	-0.009743305071373545	0.0
-0.013855050903578907	-0.009743947118416314	0.0
-0.013855273796439084	-0.009744749677219776	0.0
-0.013855719582159441	-0.009745231212501853	0.0
-0.013855942475019619	-0.009745873259544624	0.0
-0.013856388260739977	-0.009746354794826701	0.0
-0.013856834046460332	-0.009746836330108777	0.0
-0.013857056939320512	-0.009747317865390855	0.0
-0.013857502725040867	-0.009747799400672932	0.0
-0.013857725617901046	-0.00974828093595501	0.0
-0.013857948510761223	-0.009748762471237087	0.0
-0.013858394296481582	-0.009749404518279856	0.0
-0.01385861718934176	-0.009749886053561934	0.0
-0.013859062975062116	-0.009750367588844011	0.0
-0.013859285867922294	-0.009751009635886782	0.0
-0.013859731653642652	-0.009751491171168858	0.0
-0.01385995454650283	-0.009751972706450935	0.0
-0.013860177439363007	-0.009752454241733013	0.0
-0.013860400332223187	-0.00975293577701509	0.0
-0.013860623225083364	-0.009753577824057858	0.0
-0.013860623225083364	-0.009754059359339937	0.0
-0.013860846117943542	-0.009754701406382706	0.0
-0.013861291903663898	-0.009755182941664784	0.0
-0.013861737689384255	-0.009755664476946861	0.0
-0.013861960582244435	-0.00975630652398963	0.0
-0.013862183475104612	-0.009756788059271708	0.0
-0.01386240636796479	-0.009757430106314477	0.0
-0.013862629260824969	-0.009758072153357247	0.0
-0.013862852153685146	-0.009758714200400016	0.0
-0.013862852153685146	-0.009759195735682093	0.0
-0.013863075046545324	-0.009759837782724864	0.0
-0.013863297939405505	-0.00976031931800694	0.0
-0.013863520832265682	-0.00976096136504971	0.0
-0.013863520832265682	-0.00976160341209248	0.0
-0.01386374372512586	-0.009762084947374558	0.0
-0.01386396661798604	-0.00976288750617802	0.0
-0.013864189510846217	-0.009763529553220789	0.0
-0.013864189510846217	-0.00976417160026356	0.0
-0.013864189510846217	-0.009764974159067021	0.0
-0.013864412403706394	-0.00976561620610979	0.0
-0.013864635296566574	-0.009766258253152561	0.0
-0.013864635296566574	-0.00976690030019533	0.0
-0.013864858189426751	-0.009767542347238098	0.0
-0.01386508108228693	-0.00976818439428087	0.0
-0.01386508108228693	-0.009768826441323639	0.0
-0.01386508108228693	-0.0097696290001271	0.0
-0.01386508108228693	-0.009770271047169871	0.0
-0.013865303975147108	-0.00977091309421264	0.0
-0.013865303975147108	-0.00977155514125541	0.0
-0.013865303975147108	-0.009772357700058873	0.0
-0.013865303975147108	-0.009773160258862334	0.0
-0.013865303975147108	-0.009773802305905103	0.0
-0.013865526868007287	-0.009774444352947873	0.0
-0.013865303975147108	-0.009775246911751335	0.0
-0.013865303975147108	-0.009775888958794107	0.0
-0.013865303975147108	-0.009776691517597566	0.0
-0.013865303975147108	-0.009777494076401029	0.0
-0.013865303975147108	-0.0097781361234438	0.0
-0.01386508108228693	-0.009778938682247261	0.0
-0.013864858189426751	-0.009779741241050723	0.0
-0.013864858189426751	-0.009780543799854184	0.0
-0.013864858189426751	-0.009781346358657647	0.0
-0.013864635296566574	-0.009782309429221802	0.0
-0.013864635296566574	-0.009782951476264571	0.0
-0.013864635296566574	-0.009783754035068034	0.0
-0.013864635296566574	-0.009784396082110803	0.0
-0.013864635296566574	-0.009785359152674956	0.0
-0.013864412403706394	-0.00978616171147842	0.0
-0.013864189510846217	-0.009786964270281882	0.0
-0.013864189510846217	-0.009787927340846036	0.0
-0.013864189510846217	-0.00978889041141019	0.0
-0.013864189510846217	-0.009789853481974345	0.0
-0.013864189510846217	-0.009790656040777806	0.0
-0.013864189510846217	-0.009791619111341963	0.0
-0.013864412403706394	-0.009792421670145423	0.0
-0.013864412403706394	-0.009793224228948886	0.0
-0.013864412403706394	-0.00979418729951304	0.0
-0.013864412403706394	-0.009794989858316502	0.0
-0.013864412403706394	-0.00979611344064135	0.0
-0.013864635296566574	-0.009797076511205503	0.0
-0.013864635296566574	-0.009797879070008966	0.0
-0.013864635296566574	-0.00979884214057312	0.0
-0.013864858189426751	-0.009799644699376582	0.0
-0.013864858189426751	-0.009800607769940737	0.0
-0.013864858189426751	-0.009801410328744199	0.0
-0.01386508108228693	-0.009802212887547661	0.0
-0.01386508108228693	-0.009803175958111815	0.0
-0.013865303975147108	-0.00980413902867597	0.0
-0.013865526868007287	-0.009804941587479432	0.0
-0.013865526868007287	-0.009805904658043586	0.0
-0.013865749760867465	-0.009806707216847049	0.0
-0.013865749760867465	-0.009807509775650512	0.0
-0.013865972653727642	-0.009808312334453973	0.0
-0.013865972653727642	-0.009809275405018128	0.0
-0.013866195546587821	-0.009809917452060897	0.0
-0.013866418439447999	-0.009810880522625052	0.0
-0.013866641332308176	-0.009811683081428515	0.0
-0.013866864225168357	-0.009812485640231974	0.0
-0.013867310010888713	-0.009813127687274745	0.0
-0.013867310010888713	-0.009813769734317515	0.0
-0.013867532903748892	-0.009814572293120976	0.0
-0.013867532903748892	-0.009815214340163747	0.0
-0.013867532903748892	-0.00981601689896721	0.0
-0.01386775579660907	-0.009816658946009978	0.0
-0.013867978689469247	-0.00981746150481344	0.0
-0.013868424475189604	-0.00981810355185621	0.0
-0.013868647368049783	-0.009818745598898981	0.0
-0.013869316046630317	-0.009819387645941749	0.0
-0.013869538939490495	-0.00982002969298452	0.0
-0.013869538939490495	-0.009820511228266597	0.0
-0.013869761832350674	-0.009820992763548675	0.0
-0.013869538939490495	-0.009821634810591442	0.0
-0.013869761832350674	-0.009822276857634213	0.0
-0.013869984725210852	-0.009822918904676983	0.0
-0.01387043051093121	-0.009823560951719752	0.0
-0.013871099189511744	-0.00982404248700183	0.0
-0.013871322082371922	-0.009824524022283907	0.0
-0.0138715449752321	-0.009825005557565984	0.0
-0.013871767868092279	-0.009825487092848062	0.0
-0.013871767868092279	-0.009826129139890831	0.0
-0.013871990760952458	-0.009826610675172908	0.0
-0.013872213653812636	-0.009827092210454986	0.0
-0.013872436546672815	-0.009827734257497755	0.0
-0.01387288233239317	-0.009828215792779831	0.0
-0.013873328118113527	-0.009828857839822602	0.0
-0.013873551010973704	-0.00982933937510468	0.0
-0.013873773903833883	-0.009829820910386757	0.0
-0.013873773903833883	-0.009830302445668833	0.0
-0.013873773903833883	-0.00983078398095091	0.0
-0.013873773903833883	-0.009831426027993681	0.0
-0.013873996796694063	-0.009831907563275758	0.0
-0.01387421968955424	-0.009832389098557834	0.0
-0.013874442582414418	-0.009833031145600604	0.0
-0.013874888368134775	-0.009833512680882683	0.0
-0.013874888368134775	-0.00983399421616476	0.0
-0.013874888368134775	-0.009834636263207528	0.0
-0.013874665475274597	-0.009835278310250299	0.0
-0.013874665475274597	-0.009835759845532376	0.0
-0.013874665475274597	-0.009836401892575146	0.0
-0.01387421968955424	-0.009837043939617915	0.0
-0.01387421968955424	-0.009837685986660684	0.0
-0.013874442582414418	-0.009838488545464147	0.0
-0.013874665475274597	-0.009838970080746225	0.0
-0.013874442582414418	-0.009839772639549686	0.0
-0.01387421968955424	-0.009840414686592455	0.0
-0.013873996796694063	-0.009841217245395918	0.0
-0.013873773903833883	-0.00984201980419938	0.0
-0.013873551010973704	-0.009842822363002842	0.0
-0.013873551010973704	-0.009843624921806305	0.0
-0.013873328118113527	-0.009844427480609767	0.0
-0.013873328118113527	-0.009845230039413228	0.0
-0.013873105225253349	-0.009846032598216689	0.0
-0.01387288233239317	-0.009846835157020152	0.0
-0.013872659439532992	-0.009847637715823615	0.0
-0.013872659439532992	-0.009848600786387768	0.0
-0.013872213653812636	-0.009849563856951923	0.0
-0.013871990760952458	-0.009850526927516078	0.0
-0.013871990760952458	-0.009851489998080233	0.0
-0.013871767868092279	-0.009852292556883696	0.0
-0.013871767868092279	-0.009853095115687155	0.0
-0.013871767868092279	-0.009854058186251312	0.0
-0.0138715449752321	-0.009855021256815465	0.0
-0.013871322082371922	-0.009855823815618928	0.0
-0.013871099189511744	-0.009856786886183083	0.0
-0.013871099189511744	-0.009857910468507928	0.0
-0.013870876296651565	-0.009858873539072084	0.0
-0.013870876296651565	-0.00985999712139693	0.0
-0.013870876296651565	-0.009860960191961084	0.0
-0.013870653403791388	-0.00986192326252524	0.0
-0.013870653403791388	-0.009862886333089394	0.0
-0.01387043051093121	-0.009863849403653549	0.0
-0.01387043051093121	-0.009864812474217702	0.0
-0.013870207618071029	-0.009865775544781857	0.0
-0.013870207618071029	-0.009866738615346012	0.0
-0.013869984725210852	-0.009867701685910167	0.0
-0.013869984725210852	-0.00986866475647432	0.0
-0.013869984725210852	-0.009869627827038475	0.0
-0.013869761832350674	-0.009870751409363322	0.0
-0.013869538939490495	-0.009871714479927476	0.0
-0.013869316046630317	-0.009872677550491631	0.0
-0.01386909315377014	-0.009873640621055786	0.0
-0.013868870260909962	-0.009874603691619941	0.0
-0.013868647368049783	-0.009875566762184094	0.0
-0.013868647368049783	-0.009876529832748249	0.0
-0.013868647368049783	-0.009877492903312402	0.0
-0.013868424475189604	-0.009878295462115865	0.0
-0.013868424475189604	-0.00987925853268002	0.0
-0.013868201582329426	-0.009880221603244175	0.0
-0.01386775579660907	-0.00988118467380833	0.0
-0.013867310010888713	-0.009882147744372483	0.0
-0.013867087118028535	-0.009883110814936638	0.0
-0.013866864225168357	-0.0098839133737401	0.0
-0.013866641332308176	-0.009884715932543562	0.0
-0.013866641332308176	-0.009885679003107717	0.0
-0.013866641332308176	-0.00988648156191118	0.0
-0.013866418439447999	-0.009887284120714641	0.0
-0.013865972653727642	-0.009888247191278796	0.0
-0.013865749760867465	-0.009889049750082257	0.0
-0.013865303975147108	-0.00988985230888572	0.0
-0.013864858189426751	-0.009890654867689181	0.0
-0.013864635296566574	-0.009891617938253336	0.0
-0.013864412403706394	-0.009892259985296106	0.0
-0.013864189510846217	-0.009893062544099569	0.0
-0.01386396661798604	-0.009893704591142336	0.0
-0.013863520832265682	-0.009894346638185107	0.0
-0.013863297939405505	-0.009894988685227877	0.0
-0.013863075046545324	-0.009895630732270646	0.0
-0.013862629260824969	-0.009896272779313415	0.0
-0.01386240636796479	-0.009896914826356186	0.0
-0.013861960582244435	-0.009897556873398956	0.0
-0.013861737689384255	-0.009898038408681031	0.0
-0.013861291903663898	-0.009898519943963109	0.0
-0.01386106901080372	-0.009899001479245188	0.0
-0.013860846117943542	-0.009899643526287957	0.0
-0.013860400332223187	-0.009900125061570033	0.0
-0.013860177439363007	-0.00990060659685211	0.0
-0.013859731653642652	-0.009900927620373496	0.0
-0.013859508760782471	-0.009901409155655573	0.0
-0.013859062975062116	-0.009901730179176959	0.0
-0.013858840082201937	-0.009902051202698344	0.0
-0.013858394296481582	-0.009902372226219727	0.0
-0.013857948510761223	-0.009902693249741112	0.0
-0.013857502725040867	-0.009903014273262498	0.0
-0.013857279832180689	-0.009903335296783883	0.0
-0.013856834046460332	-0.009903495808544575	0.0
-0.013856388260739977	-0.00990381683206596	0.0
-0.013855942475019619	-0.009903977343826652	0.0
-0.013855496689299264	-0.009904298367348038	0.0
-0.013855050903578907	-0.009904298367348038	0.0
-0.01385460511785855	-0.00990445887910873	0.0
-0.013853936439278014	-0.00990461939086942	0.0
-0.013853490653557659	-0.009904940414390806	0.0
-0.013853044867837302	-0.0099051009261515	0.0
-0.013852599082116944	-0.009905261437912191	0.0
-0.013852376189256766	-0.009905421949672883	0.0
-0.013851707510676232	-0.009905582461433577	0.0
-0.013851261724955877	-0.009905582461433577	0.0
-0.01385059304637534	-0.009905742973194269	0.0
-0.013849924367794806	-0.00990590348495496	0.0
-0.013849255689214272	-0.009906063996715654	0.0
-0.013848587010633736	-0.009906224508476346	0.0
-0.01384814122491338	-0.009906224508476346	0.0
-0.013847695439193024	-0.00990638502023704	0.0
-0.013847026760612488	-0.009906545531997732	0.0
-0.013846580974892131	-0.009906545531997732	0.0
-0.013845689403451418	-0.009906545531997732	0.0
-0.013845020724870883	-0.009906706043758423	0.0
-0.013844574939150527	-0.009906706043758423	0.0
-0.01384390626056999	-0.009906866555519115	0.0
-0.013843237581989456	-0.009907027067279807	0.0
-0.013842568903408922	-0.009907027067279807	0.0
-0.013842123117688565	-0.0099071875790405	0.0
-0.01384145443910803	-0.0099071875790405	0.0
-0.013840785760527496	-0.0099071875790405	0.0
-0.01384011708194696	-0.009907027067279807	0.0
-0.013839448403366426	-0.009907027067279807	0.0
-0.013838779724785892	-0.0099071875790405	0.0
-0.013837888153345178	-0.0099071875790405	0.0
-0.013837219474764644	-0.009907348090801193	0.0
-0.013836773689044285	-0.009907508602561885	0.0
-0.013836105010463751	-0.009907508602561885	0.0
-0.013835436331883217	-0.009907508602561885	0.0
-0.01383499054616286	-0.009907508602561885	0.0
-0.013834321867582326	-0.0099071875790405	0.0
-0.013833653189001791	-0.0099071875790405	0.0
-0.013832984510421255	-0.009907348090801193	0.0
-0.01383231583184072	-0.009907348090801193	0.0
-0.013831647153260185	-0.009907348090801193	0.0
-0.013831201367539828	-0.009907508602561885	0.0
-0.013830532688959294	-0.009907508602561885	0.0
-0.013830086903238939	-0.009907508602561885	0.0
-0.01382964111751858	-0.009907508602561885	0.0
-0.013828972438938046	-0.009907508602561885	0.0
-0.013828526653217689	-0.009907508602561885	0.0
-0.013827857974637153	-0.009907508602561885	0.0
-0.01382718929605662	-0.009907508602561885	0.0
-0.013826743510336264	-0.009907669114322577	0.0
-0.013826074831755727	-0.00990782962608327	0.0
-0.01382562904603537	-0.00990782962608327	0.0
-0.013824960367454836	-0.00990782962608327	0.0
-0.013824737474594657	-0.00990782962608327	0.0
-0.01382451458173448	-0.00990782962608327	0.0
-0.013823845903153945	-0.00990782962608327	0.0
-0.013823400117433588	-0.009907990137843962	0.0
-0.013822954331713232	-0.009907990137843962	0.0
-0.013822285653132697	-0.009908150649604656	0.0
-0.01382183986741234	-0.00990847167312604	0.0
-0.013821394081691984	-0.00990847167312604	0.0
-0.013820948295971627	-0.009908632184886733	0.0
-0.01382050251025127	-0.009908792696647425	0.0
-0.013820279617391093	-0.009908953208408117	0.0
-0.013819833831670736	-0.009909113720168809	0.0
-0.013819388045950377	-0.009909113720168809	0.0
-0.013818942260230022	-0.009909434743690193	0.0
-0.013818496474509665	-0.009909595255450886	0.0
-0.01381805068878931	-0.009909755767211578	0.0
-0.013817827795929131	-0.009909916278972272	0.0
-0.013817604903068952	-0.009910076790732964	0.0
-0.013817159117348595	-0.009910237302493656	0.0
-0.01381671333162824	-0.00991039781425435	0.0
-0.01381649043876806	-0.009910718837775733	0.0
-0.013816267545907883	-0.009910879349536427	0.0
-0.013815821760187525	-0.009911200373057812	0.0
-0.013815598867327347	-0.009911360884818502	0.0
-0.01381537597446717	-0.009911521396579194	0.0
-0.013814930188746813	-0.009911681908339888	0.0
-0.013814707295886635	-0.009912002931861272	0.0
-0.013814484403026458	-0.009912163443621965	0.0
-0.013814484403026458	-0.009912323955382657	0.0
-0.013814261510166277	-0.009912644978904043	0.0
-0.0138140386173061	-0.009912805490664735	0.0
-0.013813815724445922	-0.009912966002425428	0.0
-0.013813592831585743	-0.00991312651418612	0.0
-0.013813369938725565	-0.00991312651418612	0.0
-0.013813147045865387	-0.009913287025946812	0.0
-0.013813147045865387	-0.009913447537707506	0.0
-0.013812924153005208	-0.009913608049468196	0.0
-0.013812924153005208	-0.009913768561228888	0.0
-0.01381270126014503	-0.009913929072989582	0.0
-0.013812478367284851	-0.009914089584750273	0.0
-0.013812478367284851	-0.009914250096510967	0.0
-0.013812255474424672	-0.009914250096510967	0.0
-0.013812255474424672	-0.009914410608271659	0.0
-0.013812255474424672	-0.009914571120032351	0.0
-0.013812255474424672	-0.009914571120032351	0.0
-0.013812255474424672	-0.009914731631793045	0.0
-0.013812255474424672	-0.009914892143553736	0.0
-0.013812255474424672	-0.009915052655314428	0.0
-0.013812478367284851	-0.009915213167075122	0.0
-0.013812478367284851	-0.009915373678835814	0.0
-0.013812478367284851	-0.009915534190596506	0.0
-0.013812478367284851	-0.009915534190596506	0.0
-0.013812478367284851	-0.0099156947023572	0.0
-0.013812478367284851	-0.0099156947023572	0.0
-0.013812924153005208	-0.009916015725878583	0.0
-0.013812924153005208	-0.009916176237639275	0.0
-0.013812924153005208	-0.009916336749399967	0.0
-0.013813147045865387	-0.00991649726116066	0.0
-0.013813369938725565	-0.009916657772921353	0.0
-0.013813592831585743	-0.009916657772921353	0.0
-0.013813592831585743	-0.009916978796442738	0.0
-0.013813815724445922	-0.00991713930820343	0.0
-0.0138140386173061	-0.00991713930820343	0.0
-0.013814261510166277	-0.009917299819964124	0.0
-0.013814707295886635	-0.009917460331724815	0.0
-0.013814930188746813	-0.009917620843485507	0.0
-0.01381537597446717	-0.009917781355246201	0.0
-0.013815598867327347	-0.009917941867006893	0.0
-0.013815821760187525	-0.009918102378767583	0.0
-0.013816044653047704	-0.009918262890528277	0.0
-0.01381649043876806	-0.009918423402288969	0.0
-0.013816936224488418	-0.009918423402288969	0.0
-0.013817159117348595	-0.00991858391404966	0.0
-0.013817382010208774	-0.009918744425810354	0.0
-0.013817827795929131	-0.009918904937571046	0.0
-0.013818273581649488	-0.00991906544933174	0.0
-0.013818719367369845	-0.00991906544933174	0.0
-0.013818942260230022	-0.009919225961092432	0.0
-0.013819610938810558	-0.009919386472853123	0.0
-0.013820279617391093	-0.009919546984613817	0.0
-0.01382050251025127	-0.009919546984613817	0.0
-0.013820948295971627	-0.009919546984613817	0.0
-0.013821171188831805	-0.009919707496374509	0.0
-0.013821616974552163	-0.009919707496374509	0.0
-0.013822062760272518	-0.009919868008135201	0.0
-0.013822508545992875	-0.009919868008135201	0.0
-0.013822954331713232	-0.009919868008135201	0.0
-0.013823400117433588	-0.009920028519895895	0.0
-0.0138242916888743	-0.009920028519895895	0.0
-0.013824737474594657	-0.009920028519895895	0.0
-0.013825183260315016	-0.009920028519895895	0.0
-0.01382562904603537	-0.009920028519895895	0.0
-0.013826074831755727	-0.009920028519895895	0.0
-0.013826520617476084	-0.009919868008135201	0.0
-0.013826966403196441	-0.009919868008135201	0.0
-0.013827412188916798	-0.009919868008135201	0.0
-0.013828080867497332	-0.009919707496374509	0.0
-0.013828526653217689	-0.009919707496374509	0.0
-0.013829195331798223	-0.009919707496374509	0.0
-0.01382964111751858	-0.009919707496374509	0.0
-0.013830309796099116	-0.009919546984613817	0.0
-0.013830755581819473	-0.009919546984613817	0.0
-0.013831201367539828	-0.009919546984613817	0.0
-0.013831647153260185	-0.009919386472853123	0.0
-0.013832092938980542	-0.009919386472853123	0.0
-0.013832538724700898	-0.009919225961092432	0.0
-0.013833207403281433	-0.009919225961092432	0.0
-0.013833653189001791	-0.009919225961092432	0.0
-0.013834098974722146	-0.009919225961092432	0.0
-0.01383476765330268	-0.009919225961092432	0.0
-0.013835213439023037	-0.00991906544933174	0.0
-0.013835659224743396	-0.00991906544933174	0.0
-0.013836105010463751	-0.009919225961092432	0.0
-0.013836550796184108	-0.00991906544933174	0.0
-0.013836996581904463	-0.00991906544933174	0.0
-0.013837219474764644	-0.00991906544933174	0.0
-0.013837665260484999	-0.009919225961092432	0.0
-0.013838111046205356	-0.009919225961092432	0.0
-0.013838556831925712	-0.009919225961092432	0.0
-0.01383900261764607	-0.009919386472853123	0.0
-0.013839448403366426	-0.009919546984613817	0.0
-0.013839671296226604	-0.009919546984613817	0.0
-0.01384011708194696	-0.009919868008135201	0.0
-0.013840339974807138	-0.009919868008135201	0.0
-0.013840785760527496	-0.009920028519895895	0.0
-0.013841231546247851	-0.009920189031656586	0.0
-0.013841677331968208	-0.009920349543417277	0.0
-0.013841900224828386	-0.00992051005517797	0.0
-0.013842123117688565	-0.009920670566938662	0.0
-0.013842568903408922	-0.009920831078699356	0.0
-0.013842791796269101	-0.00992115210222074	0.0
-0.013843237581989456	-0.009921312613981433	0.0
-0.013843460474849635	-0.009921633637502817	0.0
-0.01384390626056999	-0.009921954661024203	0.0
-0.01384412915343017	-0.009922275684545588	0.0
-0.013844352046290349	-0.00992243619630628	0.0
-0.013844797832010704	-0.009922757219827664	0.0
-0.013845020724870883	-0.009922917731588356	0.0
-0.013845243617731061	-0.009923399266870433	0.0
-0.013845689403451418	-0.009923720290391819	0.0
-0.013845689403451418	-0.009924041313913204	0.0
-0.013845912296311597	-0.00992436233743459	0.0
-0.013846135189171774	-0.009924683360955974	0.0
-0.013846580974892131	-0.009925004384477357	0.0
-0.013846580974892131	-0.009925164896238051	0.0
-0.013846803867752309	-0.009925485919759435	0.0
-0.013847026760612488	-0.009925967455041512	0.0
-0.013847026760612488	-0.009926288478562898	0.0
-0.013847249653472666	-0.009926609502084283	0.0
-0.013847472546332843	-0.009926930525605669	0.0
-0.013847695439193024	-0.009927412060887745	0.0
-0.013847695439193024	-0.009927733084409128	0.0
-0.013847918332053202	-0.009927893596169822	0.0
-0.01384814122491338	-0.009928214619691208	0.0
-0.013848364117773557	-0.009928535643212591	0.0
-0.013848587010633736	-0.009928696154973285	0.0
-0.013848587010633736	-0.009929017178494669	0.0
-0.013848809903493913	-0.009929338202016054	0.0
-0.013849032796354091	-0.009929659225537438	0.0
-0.013849032796354091	-0.009929980249058824	0.0
-0.013849255689214272	-0.009930140760819516	0.0
-0.01384947858207445	-0.009930461784340901	0.0
-0.01384947858207445	-0.009930461784340901	0.0
-0.013849701474934627	-0.009930622296101593	0.0
-0.013849924367794806	-0.009930782807862285	0.0
-0.013849924367794806	-0.009930943319622978	0.0
-0.013850147260654984	-0.00993110383138367	0.0
-0.013850370153515161	-0.009931424854905056	0.0
-0.013850370153515161	-0.009931585366665748	0.0
-0.01385059304637534	-0.00993174587842644	0.0
-0.01385059304637534	-0.00993174587842644	0.0
-0.01385059304637534	-0.009931906390187132	0.0
-0.01385059304637534	-0.009931906390187132	0.0
-0.013850815939235518	-0.009932066901947824	0.0
-0.013850815939235518	-0.009932227413708517	0.0
-0.013851038832095697	-0.009932227413708517	0.0
-0.013851038832095697	-0.009932548437229901	0.0
-0.013851038832095697	-0.009932548437229901	0.0
-0.013851261724955877	-0.009932708948990595	0.0
-0.013851261724955877	-0.009932708948990595	0.0
-0.013851038832095697	-0.009932708948990595	0.0
-0.013850815939235518	-0.009932708948990595	0.0
-0.013850815939235518	-0.009932869460751287	0.0
-0.013851038832095697	-0.009932869460751287	0.0
-0.013851038832095697	-0.009932869460751287	0.0
-0.013851038832095697	-0.009932869460751287	0.0
-0.013851038832095697	-0.009932869460751287	0.0
-0.013851038832095697	-0.00993302997251198	0.0
-0.013850815939235518	-0.009932869460751287	0.0
-0.01385059304637534	-0.009932869460751287	0.0
-0.01385059304637534	-0.00993302997251198	0.0
-0.01385059304637534	-0.00993302997251198	0.0
-0.01385059304637534	-0.009933190484272672	0.0
-0.013850370153515161	-0.009933190484272672	0.0
-0.013850370153515161	-0.009933190484272672	0.0
-0.013850147260654984	-0.009933190484272672	0.0
-0.013850147260654984	-0.009933190484272672	0.0
-0.013849924367794806	-0.009933190484272672	0.0
-0.013849701474934627	-0.009933190484272672	0.0
-0.013849701474934627	-0.009933350996033364	0.0
-0.01384947858207445	-0.009933350996033364	0.0
-0.013849255689214272	-0.009933511507794058	0.0
-0.013849255689214272	-0.009933832531315441	0.0
-0.013849032796354091	-0.009933832531315441	0.0
-0.013848809903493913	-0.009933832531315441	0.0
-0.013848587010633736	-0.009933993043076133	0.0
-0.013848364117773557	-0.009933993043076133	0.0
-0.013847918332053202	-0.009934153554836825	0.0
-0.013847695439193024	-0.009934314066597517	0.0
-0.013847472546332843	-0.00993447457835821	0.0
-0.013847472546332843	-0.009934635090118903	0.0
-0.013847026760612488	-0.009934635090118903	0.0
-0.013846803867752309	-0.009934795601879596	0.0
-0.013846358082031954	-0.009934956113640288	0.0
-0.013846135189171774	-0.00993511662540098	0.0
-0.013845912296311597	-0.009935277137161674	0.0
-0.013845466510591238	-0.009935277137161674	0.0
-0.013845020724870883	-0.009935437648922366	0.0
-0.013844797832010704	-0.009935598160683057	0.0
-0.013844352046290349	-0.009935758672443751	0.0
-0.01384390626056999	-0.009935919184204443	0.0
-0.013843460474849635	-0.009936079695965137	0.0
-0.013843014689129279	-0.009936079695965137	0.0
-0.013842346010548744	-0.009936079695965137	0.0
-0.013841900224828386	-0.009936240207725827	0.0
-0.01384145443910803	-0.009936400719486519	0.0
-0.013841008653387674	-0.009936561231247212	0.0
-0.013840562867667317	-0.009936721743007904	0.0
-0.013839894189086783	-0.009936882254768596	0.0
-0.013839448403366426	-0.00993704276652929	0.0
-0.013838779724785892	-0.00993704276652929	0.0
-0.013838333939065533	-0.009937203278289982	0.0
-0.013837665260484999	-0.009937363790050674	0.0
-0.013836996581904463	-0.009937363790050674	0.0
-0.013836550796184108	-0.009937524301811367	0.0
-0.013835882117603573	-0.009937684813572059	0.0
-0.013835213439023037	-0.009938005837093445	0.0
-0.013834544760442503	-0.009938166348854137	0.0
-0.013833876081861969	-0.00993832686061483	0.0
-0.013833207403281433	-0.00993848737237552	0.0
-0.01383231583184072	-0.009938647884136212	0.0
-0.013831424260400007	-0.009938808395896906	0.0
-0.013830755581819473	-0.009938968907657598	0.0
-0.013830086903238939	-0.009939129419418291	0.0
-0.013829418224658403	-0.009939289931178983	0.0
-0.013828526653217689	-0.009939610954700369	0.0
-0.013827635081776975	-0.009939931978221753	0.0
-0.013826743510336264	-0.009940092489982446	0.0
-0.01382585193889555	-0.00994041351350383	0.0
-0.013825183260315016	-0.009940734537025214	0.0
-0.0138242916888743	-0.009940895048785908	0.0
-0.013823400117433588	-0.009941216072307291	0.0
-0.013822731438853052	-0.009941537095828677	0.0
-0.01382183986741234	-0.009941697607589369	0.0
-0.013820725403111448	-0.009942018631110754	0.0
-0.013819833831670736	-0.00994233965463214	0.0
-0.013818942260230022	-0.009942660678153525	0.0
-0.013817827795929131	-0.009942821189914217	0.0
-0.01381671333162824	-0.009943142213435601	0.0
-0.013815821760187525	-0.009943463236956985	0.0
-0.013814930188746813	-0.00994378426047837	0.0
-0.0138140386173061	-0.009943944772239064	0.0
-0.013812924153005208	-0.009944265795760448	0.0
-0.013812032581564495	-0.009944586819281833	0.0
-0.013810918117263603	-0.009944747331042525	0.0
-0.013809803652962712	-0.00994506835456391	0.0
-0.013808912081521999	-0.009945389378085295	0.0
-0.013807797617221108	-0.00994571040160668	0.0
-0.013806906045780394	-0.009946031425128064	0.0
-0.013805791581479503	-0.009946191936888758	0.0
-0.013804677117178612	-0.009946512960410141	0.0
-0.013803785545737897	-0.009946673472170835	0.0
-0.013802671081437007	-0.00994699449569222	0.0
-0.013801333724275937	-0.009947155007452912	0.0
-0.013800219259975044	-0.009947476030974296	0.0
-0.013799104795674155	-0.009947636542734988	0.0
-0.01379821322423344	-0.009947957566256374	0.0
-0.01379709875993255	-0.009948278589777758	0.0
-0.013795984295631657	-0.009948439101538451	0.0
-0.013794869831330766	-0.009948760125059837	0.0
-0.013793755367029875	-0.009948920636820529	0.0
-0.013792640902728984	-0.00994908114858122	0.0
-0.01379152643842809	-0.009949402172102606	0.0
-0.0137904119741272	-0.00994972319562399	0.0
-0.013789074616966131	-0.009949883707384682	0.0
-0.013787960152665238	-0.009950044219145375	0.0
-0.013786845688364347	-0.009950204730906067	0.0
-0.013785731224063456	-0.009950525754427453	0.0
-0.013784616759762563	-0.009950686266188145	0.0
-0.013783279402601495	-0.009950846777948837	0.0
-0.013781942045440424	-0.00995100728970953	0.0
-0.013780604688279356	-0.009951167801470222	0.0
-0.013779490223978464	-0.009951488824991608	0.0
-0.013778375759677572	-0.009951809848512993	0.0
-0.013777038402516503	-0.009951970360273683	0.0
-0.013775923938215612	-0.009952130872034375	0.0
-0.013774586581054541	-0.009952291383795069	0.0
-0.013773249223893471	-0.00995245189555576	0.0
-0.0137719118667324	-0.009952612407316453	0.0
-0.013770797402431511	-0.009952933430837838	0.0
-0.013769460045270441	-0.00995309394259853	0.0
-0.013768345580969548	-0.009953254454359224	0.0
-0.013767008223808478	-0.009953414966119916	0.0
-0.013765893759507588	-0.009953735989641301	0.0
-0.013764556402346518	-0.009953896501401993	0.0
-0.01376299615232527	-0.009954057013162687	0.0
-0.0137616587951642	-0.009954217524923377	0.0
-0.013760321438003131	-0.009954378036684069	0.0
-0.01375898408084206	-0.009954699060205454	0.0
-0.01375764672368099	-0.009954859571966148	0.0
-0.01375630936651992	-0.00995502008372684	0.0
-0.013754972009358851	-0.009955180595487532	0.0
-0.01375385754505796	-0.009955501619008917	0.0
-0.01375252018789689	-0.00995566213076961	0.0
-0.013750959937875642	-0.009955983154290995	0.0
-0.013749622580714571	-0.009956143666051687	0.0
-0.013748285223553503	-0.00995630417781238	0.0
-0.013746947866392432	-0.009956625201333764	0.0
-0.013745610509231362	-0.009956785713094456	0.0
-0.013744273152070292	-0.009956946224855148	0.0
-0.013742935794909223	-0.009957267248376533	0.0
-0.013741598437748153	-0.009957427760137225	0.0
-0.013740261080587082	-0.00995774878365861	0.0
-0.013738923723426014	-0.009957909295419305	0.0
-0.013737586366264945	-0.009958230318940688	0.0
-0.013736249009103875	-0.009958390830701382	0.0
-0.013734911651942804	-0.009958711854222764	0.0
-0.013733574294781734	-0.00995903287774415	0.0
-0.013732459830480843	-0.009959193389504841	0.0
-0.013731122473319774	-0.009959193389504841	0.0
-0.013729785116158704	-0.009959353901265535	0.0
-0.013728447758997633	-0.00995967492478692	0.0
-0.013727110401836565	-0.009959835436547613	0.0
-0.013725995937535672	-0.009960156460068998	0.0
-0.01372488147323478	-0.00996031697182969	0.0
-0.013723544116073712	-0.009960477483590382	0.0
-0.013722206758912642	-0.009960637995351075	0.0
-0.013721092294611749	-0.009960798507111767	0.0
-0.013720200723171037	-0.00996095901887246	0.0
-0.013719086258870144	-0.009961119530633151	0.0
-0.013717748901709076	-0.009961280042393843	0.0
-0.013716634437408184	-0.009961280042393843	0.0
-0.013715519973107292	-0.009961440554154537	0.0
-0.0137144055088064	-0.009961601065915229	0.0
-0.01371329104450551	-0.009961601065915229	0.0
-0.013712176580204618	-0.00996176157767592	0.0
-0.013711062115903725	-0.009961922089436614	0.0
-0.013709947651602836	-0.009961922089436614	0.0
-0.013708833187301943	-0.009961922089436614	0.0
-0.01370771872300105	-0.00996176157767592	0.0
-0.013706827151560338	-0.00996176157767592	0.0
-0.013705712687259447	-0.00996176157767592	0.0
-0.013704598222958556	-0.00996176157767592	0.0
-0.013703483758657663	-0.009961922089436614	0.0
-0.013702592187216952	-0.009961922089436614	0.0
-0.01370147772291606	-0.009961922089436614	0.0
-0.013700586151475345	-0.009961922089436614	0.0
-0.013699471687174456	-0.009961922089436614	0.0
-0.01369858011573374	-0.009961922089436614	0.0
-0.013697465651432851	-0.009961922089436614	0.0
-0.013696574079992137	-0.009961922089436614	0.0
-0.013695682508551424	-0.009961922089436614	0.0
-0.01369479093711071	-0.009961922089436614	0.0
-0.01369367647280982	-0.009961922089436614	0.0
-0.013692784901369106	-0.009961922089436614	0.0
-0.013691893329928392	-0.009961922089436614	0.0
-0.013690778865627501	-0.009961922089436614	0.0
-0.013689887294186787	-0.009961922089436614	0.0
-0.013688995722746075	-0.00996176157767592	0.0
-0.013687881258445183	-0.00996176157767592	0.0
-0.01368698968700447	-0.00996176157767592	0.0
-0.013685875222703578	-0.00996176157767592	0.0
-0.013684983651262864	-0.00996176157767592	0.0
-0.013684092079822152	-0.00996176157767592	0.0
-0.013683200508381439	-0.00996176157767592	0.0
-0.013682531829800905	-0.009961922089436614	0.0
-0.013681640258360191	-0.00996176157767592	0.0
-0.0136805257940593	-0.00996176157767592	0.0
-0.013679634222618586	-0.009961601065915229	0.0
-0.013678742651177873	-0.009961601065915229	0.0
-0.01367785107973716	-0.009961601065915229	0.0
-0.01367673661543627	-0.009961601065915229	0.0
-0.013675845043995554	-0.009961601065915229	0.0
-0.013674953472554843	-0.00996176157767592	0.0
-0.013674284793974307	-0.00996176157767592	0.0
-0.013673616115393772	-0.00996176157767592	0.0
-0.013672724543953059	-0.009961922089436614	0.0
-0.013671832972512347	-0.00996176157767592	0.0
-0.013670941401071631	-0.009961601065915229	0.0
-0.01367004982963092	-0.009961601065915229	0.0
-0.013669158258190206	-0.009961601065915229	0.0
-0.013668043793889315	-0.009961601065915229	0.0
-0.013667152222448601	-0.00996176157767592	0.0
-0.013666483543868067	-0.009961922089436614	0.0
-0.013665814865287531	-0.009961922089436614	0.0
-0.013664923293846819	-0.009961922089436614	0.0
-0.013664031722406106	-0.009961922089436614	0.0
-0.013663140150965392	-0.00996176157767592	0.0
-0.013662248579524678	-0.00996176157767592	0.0
-0.013661357008083966	-0.00996176157767592	0.0
-0.013660465436643253	-0.00996176157767592	0.0
-0.01365957386520254	-0.009962082601197306	0.0
-0.013658682293761826	-0.009962243112957998	0.0
-0.013657790722321114	-0.009962243112957998	0.0
-0.013656899150880399	-0.009962243112957998	0.0
-0.013656230472299866	-0.009962403624718692	0.0
-0.01365533890085915	-0.009962403624718692	0.0
-0.013654447329418439	-0.009962564136479383	0.0
-0.013653555757977725	-0.009962724648240077	0.0
-0.013652664186537012	-0.009962724648240077	0.0
-0.013651772615096298	-0.009963045671761461	0.0
-0.013650881043655586	-0.009963206183522153	0.0
-0.013649989472214873	-0.009963366695282845	0.0
-0.013649320793634338	-0.00996368771880423	0.0
-0.013648429222193625	-0.009963848230564922	0.0
-0.013647537650752911	-0.009964008742325614	0.0
-0.0136466460793122	-0.009964329765847	0.0
-0.013645754507871486	-0.009964490277607693	0.0
-0.01364486293643077	-0.009964811301129077	0.0
-0.013644194257850236	-0.00996497181288977	0.0
-0.013643302686409524	-0.009965292836411154	0.0
-0.01364241111496881	-0.009965613859932538	0.0
-0.013641519543528099	-0.009965934883453924	0.0
-0.013640627972087383	-0.00996625590697531	0.0
-0.013639736400646672	-0.009966576930496693	0.0
-0.013639067722066136	-0.009966897954018079	0.0
-0.013638176150625424	-0.009967379489300156	0.0
-0.013637507472044888	-0.00996770051282154	0.0
-0.013636615900604176	-0.009968021536342925	0.0
-0.01363572432916346	-0.00996834255986431	0.0
-0.013635055650582928	-0.009968663583385695	0.0
-0.013634164079142213	-0.009969145118667772	0.0
-0.0136332725077015	-0.009969787165710543	0.0
-0.013632603829120965	-0.009970268700992619	0.0
-0.01363193515054043	-0.009970750236274696	0.0
-0.013631043579099719	-0.009971231771556774	0.0
-0.013630374900519182	-0.009971873818599545	0.0
-0.013629706221938648	-0.009972194842120927	0.0
-0.013629037543358112	-0.009972836889163698	0.0
-0.0136281459719174	-0.009973157912685082	0.0
-0.013627254400476687	-0.009973799959727853	0.0
-0.013626585721896152	-0.00997444200677062	0.0
-0.013625917043315618	-0.009975084053813392	0.0
-0.013625248364735082	-0.009975886612616855	0.0
-0.013624579686154548	-0.009976368147898932	0.0
-0.01362413390043419	-0.009977170706702393	0.0
-0.013623465221853655	-0.009977812753745163	0.0
-0.01362279654327312	-0.00997829428902724	0.0
-0.013621904971832407	-0.009978936336070011	0.0
-0.013621236293251873	-0.009979738894873472	0.0
-0.01362012182895098	-0.009980380941916242	0.0
-0.013619453150370445	-0.009981022988959011	0.0
-0.013618784471789913	-0.009981825547762472	0.0
-0.013618338686069554	-0.009982628106565935	0.0
-0.013617892900349197	-0.009983430665369398	0.0
-0.013617224221768663	-0.00998423322417286	0.0
-0.013616555543188127	-0.009985035782976322	0.0
-0.013615663971747415	-0.009985838341779782	0.0
-0.013614772400306702	-0.009986640900583245	0.0
-0.01361388082886599	-0.009987443459386708	0.0
-0.013613212150285454	-0.009988246018190169	0.0
-0.01361254347170492	-0.009989209088754324	0.0
-0.013611874793124385	-0.009990011647557787	0.0
-0.013611206114543849	-0.009990814206361248	0.0
-0.013610537435963315	-0.009991777276925403	0.0
-0.013609868757382779	-0.009992740347489556	0.0
-0.013608754293081888	-0.009993703418053713	0.0
-0.013608085614501352	-0.009994505976857174	0.0
-0.01360719404306064	-0.00999562955918202	0.0
-0.013606302471619926	-0.009996432117985484	0.0
-0.013605633793039392	-0.009997555700310329	0.0
-0.01360474222159868	-0.009998679282635177	0.0
-0.013603850650157965	-0.009999802864960022	0.0
-0.013602959078717253	-0.01000092644728487	0.0
-0.01360206750727654	-0.010001889517849024	0.0
-0.013601175935835827	-0.010003013100173873	0.0
-0.013600284364395112	-0.010004136682498718	0.0
-0.013599169900094221	-0.010005260264823566	0.0
-0.013598501221513687	-0.010006383847148413	0.0
-0.013597832542933152	-0.010007667941233953	0.0
-0.013596940971492439	-0.010008791523558798	0.0
-0.013596049400051725	-0.010010075617644339	0.0
-0.013595157828611011	-0.010011359711729877	0.0
-0.0135942662571703	-0.010012483294054726	0.0
-0.013593374685729586	-0.010013606876379571	0.0
-0.013592483114288872	-0.01001473045870442	0.0
-0.013591591542848159	-0.010015854041029264	0.0
-0.013590699971407447	-0.010016977623354113	0.0
-0.013590031292826911	-0.010018101205678958	0.0
-0.013589139721386199	-0.010019224788003806	0.0
-0.013588471042805663	-0.010020348370328653	0.0
-0.01358757947136495	-0.0100214719526535	0.0
-0.013586910792784413	-0.010022435023217653	0.0
-0.013586019221343702	-0.01002339809378181	0.0
-0.013585350542763166	-0.01002420065258527	0.0
-0.013584458971322454	-0.010025324234910118	0.0
-0.01358356739988174	-0.01002612679371358	0.0
-0.013582898721301206	-0.010027089864277734	0.0
-0.013582452935580849	-0.010028052934841889	0.0
-0.013581784257000313	-0.01002885549364535	0.0
-0.013581115578419779	-0.010029658052448813	0.0
-0.013580669792699424	-0.010030460611252276	0.0
-0.013579778221258708	-0.010031102658295044	0.0
-0.013579109542678174	-0.010031905217098507	0.0
-0.013578440864097638	-0.01003270777590197	0.0
-0.013577772185517104	-0.010033189311184045	0.0
-0.013577103506936571	-0.010033831358226815	0.0
-0.013576434828356035	-0.010034473405269586	0.0
-0.0135757661497755	-0.010035275964073049	0.0
-0.013575320364055144	-0.010035918011115816	0.0
-0.013574651685474608	-0.010036560058158587	0.0
-0.013573983006894073	-0.010037202105201357	0.0
-0.013573314328313539	-0.010037683640483432	0.0
-0.013572645649733003	-0.010038325687526203	0.0
-0.013571976971152469	-0.01003880722280828	0.0
-0.013571531185432114	-0.010039288758090358	0.0
-0.013570862506851578	-0.010039770293372436	0.0
-0.013570193828271043	-0.010040251828654511	0.0
-0.013569525149690507	-0.010040893875697282	0.0
-0.013568856471109973	-0.01004137541097936	0.0
-0.013568187792529439	-0.01004201745802213	0.0
-0.013567519113948903	-0.010042498993304205	0.0
-0.013566850435368368	-0.010043141040346976	0.0
-0.013566181756787832	-0.010043622575629053	0.0
-0.013565513078207298	-0.010044264622671823	0.0
-0.013564844399626763	-0.010044906669714592	0.0
-0.013564175721046227	-0.010045709228518055	0.0
-0.013563507042465693	-0.010046351275560824	0.0
-0.013562838363885159	-0.010046993322603594	0.0
-0.013561946792444445	-0.010047795881407055	0.0
-0.013561278113863911	-0.010048598440210518	0.0
-0.013560609435283375	-0.01004940099901398	0.0
-0.01355994075670284	-0.01005004304605675	0.0
-0.013559272078122306	-0.010050845604860211	0.0
-0.013558380506681593	-0.010051648163663673	0.0
-0.013557711828101058	-0.010052611234227828	0.0
-0.013557043149520522	-0.010053413793031289	0.0
-0.013556374470939988	-0.010054376863595444	0.0
-0.013555705792359452	-0.0100553399341596	0.0
-0.013555037113778918	-0.010056303004723753	0.0
-0.013554368435198383	-0.010057266075287908	0.0
-0.013553699756617847	-0.010058229145852061	0.0
-0.013553031078037313	-0.010059031704655524	0.0
-0.013552362399456779	-0.01005999477521968	0.0
-0.013551916613736422	-0.010060957845783834	0.0
-0.013551247935155887	-0.010061760404587295	0.0
-0.013550579256575353	-0.010062562963390757	0.0
-0.013549910577994817	-0.010063686545715605	0.0
-0.01354946479227446	-0.01006481012804045	0.0
-0.013548796113693926	-0.010065773198604607	0.0
-0.013548350327973569	-0.010066736269168762	0.0
-0.013547904542253212	-0.010067699339732915	0.0
-0.013547235863672678	-0.010068501898536378	0.0
-0.013546790077952321	-0.010069464969100531	0.0
-0.013546344292231964	-0.010070428039664686	0.0
-0.013545898506511608	-0.01007139111022884	0.0
-0.013545452720791253	-0.010072354180792996	0.0
-0.013545006935070894	-0.01007331725135715	0.0
-0.013544784042210717	-0.010074119810160612	0.0
-0.01354433825649036	-0.010075082880724767	0.0
-0.013543892470770003	-0.01007604595128892	0.0
-0.013543446685049646	-0.010076848510092383	0.0
-0.01354300089932929	-0.010077651068895846	0.0
-0.013542555113608934	-0.010078453627699307	0.0
-0.013542332220748755	-0.010079256186502768	0.0
-0.0135418864350284	-0.010080219257066925	0.0
-0.013541440649308041	-0.010081021815870386	0.0
-0.013541217756447864	-0.010081824374673847	0.0
-0.013540771970727507	-0.01008262693347731	0.0
-0.01354032618500715	-0.010083108468759386	0.0
-0.013540103292146973	-0.010083750515802157	0.0
-0.013539657506426616	-0.01008455307460562	0.0
-0.01353921172070626	-0.010085034609887696	0.0
-0.013538765934985902	-0.010085837168691159	0.0
-0.013538543042125725	-0.010086479215733928	0.0
-0.013538097256405366	-0.010087281774537389	0.0
-0.013537651470685011	-0.010087923821580158	0.0
-0.013537428577824832	-0.01008856586862293	0.0
-0.013536982792104477	-0.010088886892144315	0.0
-0.013536314113523941	-0.010089528939187083	0.0
-0.013536091220663762	-0.010090170986229852	0.0
-0.013535422542083229	-0.010090652521511931	0.0
-0.013534976756362872	-0.0100912945685547	0.0
-0.013534530970642514	-0.010091776103836776	0.0
-0.013534308077782336	-0.010092418150879547	0.0
-0.013533639399201802	-0.010093060197922317	0.0
-0.013533193613481445	-0.010093541733204394	0.0
-0.013532747827761088	-0.010094183780247163	0.0
-0.013532302042040732	-0.01009466531552924	0.0
-0.013531633363460197	-0.010095146850811318	0.0
-0.013530964684879661	-0.010095788897854088	0.0
-0.013530296006299127	-0.010096270433136163	0.0
-0.013529627327718593	-0.010096751968418242	0.0
-0.013529181541998236	-0.01009723350370032	0.0
-0.013528735756277879	-0.010097715038982397	0.0
-0.013528067077697345	-0.010098196574264475	0.0
-0.013527398399116809	-0.010098838621307242	0.0
-0.013526952613396453	-0.01009932015658932	0.0
-0.01352628393481592	-0.010099962203632091	0.0
-0.013525615256235383	-0.01010060425067486	0.0
-0.013525169470515026	-0.010101085785956936	0.0
-0.013524500791934492	-0.010101567321239015	0.0
-0.013524055006214133	-0.010102209368281784	0.0
-0.013523609220493778	-0.01010253039180317	0.0
-0.013522940541913244	-0.010103011927085246	0.0
-0.013522494756192886	-0.010103653974128015	0.0
-0.013521826077612351	-0.010104296021170786	0.0
-0.013521380291891996	-0.010104777556452864	0.0
-0.01352093450617164	-0.010105419603495631	0.0
-0.013520488720451281	-0.01010590113877771	0.0
-0.013519820041870747	-0.010106382674059788	0.0
-0.013519374256150391	-0.010106703697581172	0.0
-0.013519151363290212	-0.010107185232863249	0.0
-0.013518928470430033	-0.010107666768145326	0.0
-0.013518482684709678	-0.010108148303427404	0.0
-0.013518036898989321	-0.010108790350470173	0.0
-0.013517591113268964	-0.010109432397512944	0.0
-0.013517145327548608	-0.01010991393279502	0.0
-0.013516922434688428	-0.010110395468077097	0.0
-0.01351669954182825	-0.010110716491598483	0.0
-0.013516253756107894	-0.010111037515119867	0.0
-0.013515807970387539	-0.010111519050401944	0.0
-0.01351558507752736	-0.01011200058568402	0.0
-0.01351536218466718	-0.010112482120966099	0.0
-0.013515139291807003	-0.010112963656248176	0.0
-0.013514693506086646	-0.010113445191530254	0.0
-0.013514470613226469	-0.010113926726812331	0.0
-0.013514247720366291	-0.010114408262094407	0.0
-0.013514024827506112	-0.010114889797376484	0.0
-0.013513801934645932	-0.010115371332658562	0.0
-0.013513579041785755	-0.01011585286794064	0.0
-0.013513133256065398	-0.010116334403222717	0.0
-0.01351291036320522	-0.010116976450265486	0.0
-0.013512687470345041	-0.010117457985547564	0.0
-0.013512464577484864	-0.010118100032590333	0.0
-0.013512241684624686	-0.010118581567872412	0.0
-0.013512018791764505	-0.010119063103154488	0.0
-0.013511795898904328	-0.010119544638436565	0.0
-0.01351157300604415	-0.010120186685479335	0.0
-0.013511350113183971	-0.010120668220761412	0.0
-0.013510904327463616	-0.010121310267804181	0.0
-0.013510681434603437	-0.01012195231484695	0.0
-0.01351023564888308	-0.010122433850129028	0.0
-0.013510012756022902	-0.0101230758971718	0.0
-0.013509789863162723	-0.010123557432453875	0.0
-0.013509344077442368	-0.01012387845597526	0.0
-0.013509121184582189	-0.01012452050301803	0.0
-0.013508898291722011	-0.010125002038300107	0.0
-0.013508452506001653	-0.010125644085342876	0.0
-0.013508006720281298	-0.010126125620624954	0.0
-0.013507783827421118	-0.010126607155907031	0.0
-0.013507338041700763	-0.0101272492029498	0.0
-0.013507115148840584	-0.01012773073823188	0.0
-0.013506669363120227	-0.010128212273513956	0.0
-0.013506446470260048	-0.010128693808796033	0.0
-0.013506000684539693	-0.01012917534407811	0.0
-0.013505554898819336	-0.01012981739112088	0.0
-0.013505109113098981	-0.010130298926402955	0.0
-0.013504663327378623	-0.010130780461685033	0.0
-0.013504217541658266	-0.010131261996967112	0.0
-0.01350377175593791	-0.01013174353224919	0.0
-0.013503325970217552	-0.010132225067531267	0.0
-0.013502880184497195	-0.010132706602813343	0.0
-0.013502657291637018	-0.010133348649856112	0.0
-0.013502211505916661	-0.01013383018513819	0.0
-0.013501542827336127	-0.010134311720420269	0.0
-0.01350109704161577	-0.010134793255702344	0.0
-0.013500428363035236	-0.010135274790984422	0.0
-0.013499982577314879	-0.010135595814505807	0.0
-0.013499536791594522	-0.010136077349787885	0.0
-0.013499091005874165	-0.010136398373309269	0.0
-0.013498645220153808	-0.010136719396830654	0.0
-0.013498199434433453	-0.01013720093211273	0.0
-0.013497753648713095	-0.010137682467394807	0.0
-0.01349708497013256	-0.010138324514437578	0.0
-0.013496639184412206	-0.010138645537958964	0.0
-0.013496193398691847	-0.01013912707324104	0.0
-0.013495524720111313	-0.010139287585001731	0.0
-0.013495078934390956	-0.010139448096762423	0.0
-0.0134946331486706	-0.010139769120283809	0.0
-0.013494187362950242	-0.010140090143805194	0.0
-0.013493518684369708	-0.01014041116732658	0.0
-0.013493072898649353	-0.010140732190847964	0.0
-0.013492627112928994	-0.01014105321436935	0.0
-0.01349195843434846	-0.010141374237890733	0.0
-0.013491512648628103	-0.010141534749651425	0.0
-0.013491066862907746	-0.010141695261412117	0.0
-0.013490398184327212	-0.01014185577317281	0.0
-0.013489952398606855	-0.010142016284933502	0.0
-0.0134895066128865	-0.010142016284933502	0.0
-0.013488837934305964	-0.010142176796694196	0.0
-0.013488392148585607	-0.010142337308454888	0.0
-0.01348794636286525	-0.01014249782021558	0.0
-0.013487277684284715	-0.010142658331976273	0.0
-0.01348683189856436	-0.010142818843736965	0.0
-0.013486163219983825	-0.010142818843736965	0.0
-0.01348549454140329	-0.010142818843736965	0.0
-0.013484825862822755	-0.010142658331976273	0.0
-0.013484380077102398	-0.010142818843736965	0.0
-0.013483711398521862	-0.010142658331976273	0.0
-0.013483265612801507	-0.010142818843736965	0.0
-0.013482596934220973	-0.010142818843736965	0.0
-0.013481928255640437	-0.010142658331976273	0.0
-0.013481036684199725	-0.010142658331976273	0.0
-0.013480590898479366	-0.010142658331976273	0.0
-0.013479922219898832	-0.01014249782021558	0.0
-0.01347903064845812	-0.010142337308454888	0.0
-0.013478361969877584	-0.010142176796694196	0.0
-0.01347747039843687	-0.010142176796694196	0.0
-0.013476801719856336	-0.010142176796694196	0.0
-0.013476133041275802	-0.010142176796694196	0.0
-0.013475464362695267	-0.010142016284933502	0.0
-0.013474349898394375	-0.01014185577317281	0.0
-0.01347368121981384	-0.010141534749651425	0.0
-0.013472789648373127	-0.010141374237890733	0.0
-0.013471898076932415	-0.010141213726130041	0.0
-0.013471229398351879	-0.01014105321436935	0.0
-0.013470337826911165	-0.010140892702608657	0.0
-0.013469446255470452	-0.010140892702608657	0.0
-0.01346855468402974	-0.010140732190847964	0.0
-0.013467663112589026	-0.010140571679087272	0.0
-0.013466771541148313	-0.01014041116732658	0.0
-0.013465657076847421	-0.010140250655565886	0.0
-0.013464542612546529	-0.010140250655565886	0.0
-0.01346342814824564	-0.010140090143805194	0.0
-0.013462536576804924	-0.0101399296320445	0.0
-0.013461422112504035	-0.010139769120283809	0.0
-0.01346053054106332	-0.010139448096762423	0.0
-0.013459638969622606	-0.010139287585001731	0.0
-0.013458524505321716	-0.01013912707324104	0.0
-0.013457410041020823	-0.010138966561480348	0.0
-0.013456295576719934	-0.010138806049719656	0.0
-0.013455181112419041	-0.010138645537958964	0.0
-0.01345384375525797	-0.010138324514437578	0.0
-0.013452952183817259	-0.010138164002676885	0.0
-0.013451614826656189	-0.010138003490916193	0.0
-0.013450500362355296	-0.010137682467394807	0.0
-0.013449385898054406	-0.010137521955634115	0.0
-0.013448271433753513	-0.010137361443873423	0.0
-0.013447156969452622	-0.010137040420352038	0.0
-0.013445819612291554	-0.010136719396830654	0.0
-0.013444705147990661	-0.010136558885069962	0.0
-0.01344359068368977	-0.010136237861548577	0.0
-0.013442476219388879	-0.010135916838027191	0.0
-0.013441361755087986	-0.010135595814505807	0.0
-0.013440024397926915	-0.010135114279223728	0.0
-0.013438909933626026	-0.010134793255702344	0.0
-0.013437795469325133	-0.01013447223218096	0.0
-0.013436681005024242	-0.010134151208659575	0.0
-0.013435343647863173	-0.01013383018513819	0.0
-0.01343422918356228	-0.010133348649856112	0.0
-0.01343311471926139	-0.010133027626334728	0.0
-0.013432000254960498	-0.010132706602813343	0.0
-0.013430885790659607	-0.010132225067531267	0.0
-0.013429548433498537	-0.010131904044009881	0.0
-0.013428433969197646	-0.010131583020488496	0.0
-0.013427096612036575	-0.010131101485206418	0.0
-0.013425982147735684	-0.010130780461685033	0.0
-0.013424644790574614	-0.010130298926402955	0.0
-0.013423530326273723	-0.01012981739112088	0.0
-0.013422415861972832	-0.010129335855838802	0.0
-0.013421078504811761	-0.010129014832317417	0.0
-0.01341996404051087	-0.01012853329703534	0.0
-0.0134186266833498	-0.010128212273513956	0.0
-0.013417512219048909	-0.01012773073823188	0.0
-0.013415951969027659	-0.0101272492029498	0.0
-0.01341483750472677	-0.010126928179428417	0.0
-0.013413277254705522	-0.010126286132385646	0.0
-0.013412162790404629	-0.010125644085342876	0.0
-0.01341082543324356	-0.0101251625500608	0.0
-0.01340948807608249	-0.010124841526539415	0.0
-0.013408373611781599	-0.010124359991257338	0.0
-0.013407036254620528	-0.01012387845597526	0.0
-0.013405921790319637	-0.010123557432453875	0.0
-0.01340436154029839	-0.0101230758971718	0.0
-0.013403024183137319	-0.010122594361889722	0.0
-0.013401686825976249	-0.010122112826607644	0.0
-0.01340034946881518	-0.010121310267804181	0.0
-0.01339901211165411	-0.010120828732522106	0.0
-0.013397451861632862	-0.010120347197240028	0.0
-0.01339633739733197	-0.010119865661957949	0.0
-0.013395000040170902	-0.010119384126675872	0.0
-0.013393662683009832	-0.010118902591393794	0.0
-0.013392548218708939	-0.010118421056111718	0.0
-0.013391210861547868	-0.010117939520829641	0.0
-0.0133898735043868	-0.010117297473786872	0.0
-0.013388536147225731	-0.010116815938504794	0.0
-0.01338719879006466	-0.010116173891462025	0.0
-0.01338586143290359	-0.010115531844419256	0.0
-0.013384524075742522	-0.010115050309137176	0.0
-0.013383409611441629	-0.010114568773855099	0.0
-0.013382072254280558	-0.010113926726812331	0.0
-0.01338073489711949	-0.010113445191530254	0.0
-0.013379620432818599	-0.010112803144487483	0.0
-0.013378283075657528	-0.010112161097444713	0.0
-0.013376945718496458	-0.010111679562162638	0.0
-0.013375608361335388	-0.010111037515119867	0.0
-0.013374493897034498	-0.010110395468077097	0.0
-0.013373156539873428	-0.01010991393279502	0.0
-0.013371819182712357	-0.01010927188575225	0.0
-0.013370704718411466	-0.010108629838709481	0.0
-0.013369367361250396	-0.01010798779166671	0.0
-0.013368030004089327	-0.010107345744623943	0.0
-0.013366915539788434	-0.01010654318582048	0.0
-0.013365801075487543	-0.010105740627017017	0.0
-0.013364463718326475	-0.010105098579974249	0.0
-0.013363349254025582	-0.010104617044692172	0.0
-0.013362011896864513	-0.0101039749976494	0.0
-0.01336089743256362	-0.010103493462367323	0.0
-0.013359560075402552	-0.010102851415324555	0.0
-0.01335844561110166	-0.010102209368281784	0.0
-0.01335710825394059	-0.010101567321239015	0.0
-0.0133559937896397	-0.010100764762435552	0.0
-0.013354879325338808	-0.010100122715392783	0.0
-0.013353764861037915	-0.010099480668350013	0.0
-0.013352427503876845	-0.010098838621307242	0.0
-0.013351090146715776	-0.010098196574264475	0.0
-0.013349975682414885	-0.010097554527221704	0.0
-0.013348861218113992	-0.010096912480178934	0.0
-0.013347523860952924	-0.010096270433136163	0.0
-0.013346409396652032	-0.010095628386093396	0.0
-0.01334529493235114	-0.010094825827289933	0.0
-0.013344180468050248	-0.010094344292007855	0.0
-0.01334284311088918	-0.010093702244965088	0.0
-0.013341728646588287	-0.010093220709683009	0.0
-0.013340391289427217	-0.01009257866264024	0.0
-0.013339276825126327	-0.010092097127358162	0.0
-0.013338162360825434	-0.010091455080315392	0.0
-0.013336825003664364	-0.010090813033272623	0.0
-0.013335710539363475	-0.010090331497990546	0.0
-0.013334596075062582	-0.010089689450947775	0.0
-0.01333348161076169	-0.010089047403905007	0.0
-0.0133323671464608	-0.010088405356862236	0.0
-0.01333102978929973	-0.010087923821580158	0.0
-0.013329692432138659	-0.010087442286298081	0.0
-0.013328577967837768	-0.010086960751016005	0.0
-0.013327463503536877	-0.010086318703973236	0.0
-0.013326126146375806	-0.010085837168691159	0.0
-0.013325011682074915	-0.010085195121648387	0.0
-0.013323897217774024	-0.010084713586366312	0.0
-0.01332300564633331	-0.010084071539323542	0.0
-0.013321668289172242	-0.010083590004041463	0.0
-0.013320553824871349	-0.010083108468759386	0.0
-0.013319216467710279	-0.01008262693347731	0.0
-0.013318102003409387	-0.01008198488643454	0.0
-0.013316987539108496	-0.010081503351152463	0.0
-0.013315873074807605	-0.010080861304109692	0.0
-0.013314981503366892	-0.010080379768827617	0.0
-0.013313867039066	-0.01007989823354554	0.0
-0.013312752574765108	-0.010079416698263462	0.0
-0.013311638110464218	-0.01007877465122069	0.0
-0.013310300753303148	-0.010078293115938613	0.0
-0.013309186289002255	-0.010077811580656537	0.0
-0.013308071824701366	-0.01007733004537446	0.0
-0.013306957360400473	-0.01007668799833169	0.0
-0.013305842896099582	-0.010076206463049612	0.0
-0.01330472843179869	-0.010075724927767536	0.0
-0.013303613967497798	-0.010075082880724767	0.0
-0.013302499503196908	-0.010074601345442689	0.0
-0.013301385038896016	-0.010073959298399918	0.0
-0.013300270574595124	-0.010073477763117842	0.0
-0.013298933217434056	-0.010072835716075073	0.0
-0.013297818753133163	-0.010072354180792996	0.0
-0.013296481395972093	-0.010071872645510918	0.0
-0.013295366931671201	-0.010071230598468149	0.0
-0.01329425246737031	-0.010070749063186071	0.0
-0.01329291511020924	-0.010070107016143302	0.0
-0.013291800645908349	-0.010069625480861223	0.0
-0.013290686181607458	-0.010069143945579147	0.0
-0.013289571717306565	-0.010068501898536378	0.0
-0.013288457253005675	-0.0100680203632543	0.0
-0.013287119895844605	-0.01006737831621153	0.0
-0.013286005431543712	-0.010066896780929454	0.0
-0.013284890967242821	-0.010066415245647376	0.0
-0.013283553610081753	-0.010065773198604607	0.0
-0.013282216252920682	-0.010065291663322528	0.0
-0.013281101788619791	-0.01006464961627976	0.0
-0.0132799873243189	-0.010064168080997683	0.0
-0.01327864996715783	-0.010063686545715605	0.0
-0.013277535502856937	-0.010063205010433528	0.0
-0.013276421038556047	-0.01006272347515145	0.0
-0.013275083681394977	-0.010062241939869375	0.0
-0.013273969217094084	-0.010061599892826604	0.0
-0.013272854752793195	-0.010061118357544526	0.0
-0.013271517395632124	-0.010060476310501755	0.0
-0.013270402931331231	-0.010059834263458987	0.0
-0.013269288467030342	-0.01005935272817691	0.0
-0.013267951109869272	-0.010059031704655524	0.0
-0.013266836645568379	-0.010058710681134139	0.0
-0.01326572218126749	-0.010058229145852061	0.0
-0.013264607716966597	-0.010057747610569986	0.0
-0.013263270359805526	-0.010057266075287908	0.0
-0.013261933002644456	-0.010056784540005831	0.0
-0.013260595645483387	-0.010056303004723753	0.0
-0.013259258288322319	-0.010055821469441676	0.0
-0.013258143824021426	-0.0100553399341596	0.0
-0.013257029359720535	-0.010055018910638215	0.0
-0.013255692002559466	-0.01005469788711683	0.0
-0.013254577538258573	-0.010054216351834752	0.0
-0.013253240181097503	-0.010053734816552674	0.0
-0.013251902823936434	-0.010053413793031289	0.0
-0.013250565466775364	-0.010052932257749213	0.0
-0.013249228109614293	-0.010052611234227828	0.0
-0.013248113645313402	-0.010052290210706444	0.0
-0.013246776288152334	-0.010051969187185058	0.0
-0.013245438930991263	-0.01005148765190298	0.0
-0.013244101573830193	-0.010051327140142289	0.0
-0.013242764216669122	-0.010050845604860211	0.0
-0.013241426859508054	-0.010050524581338828	0.0
-0.013240089502346983	-0.010050203557817442	0.0
-0.013238752145185915	-0.010049722022535365	0.0
-0.013237414788024844	-0.01004940099901398	0.0
-0.013236077430863776	-0.010048919463731902	0.0
-0.013234740073702705	-0.010048758951971212	0.0
-0.013233625609401813	-0.010048277416689134	0.0
-0.013232288252240742	-0.010047956393167749	0.0
-0.013230728002219494	-0.010047635369646363	0.0
-0.013229390645058426	-0.010047153834364286	0.0
-0.013228053287897355	-0.0100468328108429	0.0
-0.013226493037876107	-0.010046351275560824	0.0
-0.013225378573575216	-0.010046030252039439	0.0
-0.013224041216414148	-0.010045709228518055	0.0
-0.013222926752113255	-0.01004538820499667	0.0
-0.013221589394952184	-0.010045067181475284	0.0
-0.013220252037791114	-0.010044746157953898	0.0
-0.013218914680630045	-0.010044425134432515	0.0
-0.013217354430608797	-0.010043943599150439	0.0
-0.013216017073447727	-0.01004346206386836	0.0
-0.01321445682342648	-0.010042980528586282	0.0
-0.01321334235912559	-0.010042498993304205	0.0
-0.01321200500196452	-0.010042177969782821	0.0
-0.013210890537663627	-0.01004201745802213	0.0
-0.013209553180502556	-0.010041696434500744	0.0
-0.013208215823341488	-0.010041214899218666	0.0
-0.013206878466180417	-0.010040893875697282	0.0
-0.013205541109019349	-0.010040251828654511	0.0
-0.013204203751858278	-0.010039930805133126	0.0
-0.01320286639469721	-0.01003944926985105	0.0
-0.01320152903753614	-0.010039128246329666	0.0
-0.013200191680375069	-0.01003880722280828	0.0
-0.013199077216074176	-0.010038325687526203	0.0
-0.013197962751773287	-0.010038004664004818	0.0
-0.013196625394612216	-0.010037683640483432	0.0
-0.013195288037451146	-0.010037202105201357	0.0
-0.013193950680290075	-0.01003672056991928	0.0
-0.013192613323129007	-0.010036239034637202	0.0
-0.013191498858828116	-0.010035918011115816	0.0
-0.013190161501667045	-0.01003559698759443	0.0
-0.013188824144505975	-0.010035275964073049	0.0
-0.013187486787344906	-0.010034794428790971	0.0
-0.013186372323044013	-0.010034312893508894	0.0
-0.013185034965882945	-0.010033831358226815	0.0
-0.013183697608721876	-0.010033349822944737	0.0
-0.013182360251560806	-0.010033028799423355	0.0
-0.013180800001539558	-0.010032547264141276	0.0
-0.013179685537238665	-0.010032226240619892	0.0
-0.013178348180077595	-0.010031905217098507	0.0
-0.013177010822916526	-0.010031584193577121	0.0
-0.013175673465755456	-0.010031263170055737	0.0
-0.013174336108594385	-0.01003078163477366	0.0
-0.013172775858573137	-0.010030300099491582	0.0
-0.01317121560855189	-0.010029818564209505	0.0
-0.01316987825139082	-0.010029497540688121	0.0
-0.01316854089422975	-0.010029337028927427	0.0
-0.01316720353706868	-0.010029016005406042	0.0
-0.01316586617990761	-0.010028694981884658	0.0
-0.013164528822746541	-0.010028373958363274	0.0
-0.013162968572725293	-0.010028052934841889	0.0
-0.013161408322704045	-0.010027571399559811	0.0
-0.013159848072682797	-0.010027250376038426	0.0
-0.013158510715521727	-0.010026929352517042	0.0
-0.013157173358360657	-0.010026608328995656	0.0
-0.013155613108339409	-0.010026287305474273	0.0
-0.01315427575117834	-0.01002612679371358	0.0
-0.013152715501157092	-0.010025805770192195	0.0
-0.013151378143996022	-0.01002548474667081	0.0
-0.013149817893974774	-0.010025163723149426	0.0
-0.013148480536813703	-0.01002484269962804	0.0
-0.013146920286792457	-0.010024521676106655	0.0
-0.013145582929631387	-0.01002420065258527	0.0
-0.013144022679610137	-0.010023879629063887	0.0
-0.013142685322449069	-0.010023558605542502	0.0
-0.013141125072427819	-0.010023237582021116	0.0
-0.013139787715266749	-0.01002291655849973	0.0
-0.013138227465245502	-0.010022756046739039	0.0
-0.013136890108084432	-0.010022435023217653	0.0
-0.013135329858063184	-0.01002211399969627	0.0
-0.013133992500902114	-0.010021792976174886	0.0
-0.013132432250880866	-0.0100214719526535	0.0
-0.013131094893719795	-0.010021311440892808	0.0
-0.01312953464369855	-0.010020990417371423	0.0
-0.013128197286537479	-0.010020669393850037	0.0
-0.013126637036516231	-0.010020348370328653	0.0
-0.01312529967935516	-0.010020027346807268	0.0
-0.013123739429333913	-0.010019706323285882	0.0
-0.013122402072172842	-0.010019385299764498	0.0
-0.013120841822151596	-0.010019064276243115	0.0
-0.013119281572130347	-0.010018903764482421	0.0
-0.013117721322109099	-0.010018582740961037	0.0
-0.01311616107208785	-0.010018261717439652	0.0
-0.01311482371492678	-0.010017940693918266	0.0
-0.013113263464905532	-0.010017459158636189	0.0
-0.013111703214884285	-0.010017138135114805	0.0
-0.013110142964863037	-0.01001681711159342	0.0
-0.013108582714841789	-0.010016496088072036	0.0
-0.013107245357680718	-0.010016335576311342	0.0
-0.01310568510765947	-0.010016014552789958	0.0
-0.013104124857638223	-0.010015693529268573	0.0
-0.013102341714756795	-0.010015372505747187	0.0
-0.013100781464735547	-0.010015051482225801	0.0
-0.0130992212147143	-0.010014569946943726	0.0
-0.013097660964693052	-0.010014248923422342	0.0
-0.013095877821811625	-0.010013927899900956	0.0
-0.013094094678930199	-0.010013606876379571	0.0
-0.013092534428908951	-0.010013285852858185	0.0
-0.013090974178887702	-0.010012964829336802	0.0
-0.013089413928866455	-0.010012643805815418	0.0
-0.013087853678845207	-0.010012322782294032	0.0
-0.01308607053596378	-0.010012001758772647	0.0
-0.013084510285942532	-0.01001152022349057	0.0
-0.013082950035921284	-0.010011199199969185	0.0
-0.013081389785900037	-0.010010717664687106	0.0
-0.013079829535878789	-0.010010396641165724	0.0
-0.013078046392997362	-0.010010075617644339	0.0
-0.013076263250115936	-0.010009915105883647	0.0
-0.013074703000094686	-0.010009594082362261	0.0
-0.013072919857213261	-0.010009112547080184	0.0
-0.013071136714331834	-0.010008791523558798	0.0
-0.013069576464310586	-0.01000830998827672	0.0
-0.013068016214289338	-0.010007988964755337	0.0
-0.01306645596426809	-0.010007667941233953	0.0
-0.013064895714246842	-0.010007346917712568	0.0
-0.013063112571365417	-0.010007025894191182	0.0
-0.013061552321344169	-0.010006704870669797	0.0
-0.013059769178462742	-0.010006383847148413	0.0
-0.013057986035581316	-0.010005902311866335	0.0
-0.013056425785560067	-0.010005581288344952	0.0
-0.013054642642678641	-0.010005260264823566	0.0
-0.013053082392657393	-0.010005099753062874	0.0
-0.013051522142636145	-0.010004778729541489	0.0
-0.013049961892614896	-0.010004457706020103	0.0
-0.013048401642593648	-0.010004136682498718	0.0
-0.0130468413925724	-0.010003655147216642	0.0
-0.013045058249690973	-0.010003334123695258	0.0
-0.013043497999669725	-0.010003013100173873	0.0
-0.0130417148567883	-0.010002692076652487	0.0
-0.01304015460676705	-0.010002371053131101	0.0
-0.013038594356745804	-0.010002050029609718	0.0
-0.013037034106724556	-0.010001729006088332	0.0
-0.013035473856703308	-0.010001407982566948	0.0
-0.01303391360668206	-0.010001086959045563	0.0
-0.01303235335666081	-0.010000765935524179	0.0
-0.013030793106639562	-0.010000284400242102	0.0
-0.013029232856618314	-0.009999963376720716	0.0
-0.013027449713736887	-0.00999964235319933	0.0
-0.01302588946371564	-0.009999321329677945	0.0
-0.013024552106554569	-0.009999000306156563	0.0
-0.013022991856533323	-0.009998679282635177	0.0
-0.013021431606512075	-0.009998358259113792	0.0
-0.013019871356490827	-0.009997876723831714	0.0
-0.013018311106469579	-0.009997555700310329	0.0
-0.01301675085644833	-0.009997074165028251	0.0
-0.013015190606427082	-0.009996753141506868	0.0
-0.013013630356405834	-0.009996432117985484	0.0
-0.013012070106384586	-0.009996111094464098	0.0
-0.013010732749223517	-0.009995790070942713	0.0
-0.01300917249920227	-0.009995308535660635	0.0
-0.01300761224918102	-0.00999498751213925	0.0
-0.01300627489201995	-0.009994666488617868	0.0
-0.013004714641998701	-0.00999418495333579	0.0
-0.013003154391977453	-0.009993863929814405	0.0
-0.013001594141956205	-0.009993703418053713	0.0
-0.013000256784795137	-0.009993382394532327	0.0
-0.012998696534773889	-0.009993061371010942	0.0
-0.012997136284752641	-0.009992740347489556	0.0
-0.012995576034731391	-0.009992419323968174	0.0
-0.012994238677570321	-0.009991937788686095	0.0
-0.012992678427549073	-0.009991616765164711	0.0
-0.012991118177527825	-0.009991135229882634	0.0
-0.012989780820366757	-0.009990814206361248	0.0
-0.012988220570345509	-0.009990493182839863	0.0
-0.012986883213184438	-0.009990172159318479	0.0
-0.01298532296316319	-0.009989851135797095	0.0
-0.012983762713141942	-0.009989690624036401	0.0
-0.012982425355980872	-0.009989369600515018	0.0
-0.012980865105959624	-0.009988888065232938	0.0
-0.012979527748798556	-0.009988567041711555	0.0
-0.012977967498777306	-0.009988246018190169	0.0
-0.012976630141616237	-0.009987764482908093	0.0
-0.012975069891594988	-0.009987603971147401	0.0
-0.01297350964157374	-0.009987282947626016	0.0
-0.01297217228441267	-0.00998696192410463	0.0
-0.012970612034391423	-0.009986640900583245	0.0
-0.012969051784370175	-0.009986319877061861	0.0
-0.012967714427209105	-0.009985998853540476	0.0
-0.012966154177187857	-0.009985677830019092	0.0
-0.012964593927166607	-0.0099855173182584	0.0
-0.012963256570005539	-0.009985196294737014	0.0
-0.012961696319984289	-0.009984875271215629	0.0
-0.012960136069963043	-0.009984554247694245	0.0
-0.012958575819941795	-0.009984393735933551	0.0
-0.012957015569920547	-0.009984072712412166	0.0
-0.012955678212759477	-0.009983751688890782	0.0
-0.012954117962738229	-0.009983591177130088	0.0
-0.01295255771271698	-0.009983430665369398	0.0
-0.012950997462695731	-0.009983270153608706	0.0
-0.012949437212674483	-0.00998294913008732	0.0
-0.012948099855513415	-0.009982788618326629	0.0
-0.012946539605492167	-0.009982467594805243	0.0
-0.012944979355470919	-0.00998230708304455	0.0
-0.012943419105449671	-0.009981986059523166	0.0
-0.012941858855428421	-0.009981825547762472	0.0
-0.012940521498267351	-0.009981504524241088	0.0
-0.012938961248246103	-0.009981344012480395	0.0
-0.012937400998224857	-0.009981183500719705	0.0
-0.012935840748203609	-0.009980862477198319	0.0
-0.012934503391042539	-0.009980701965437627	0.0
-0.01293294314102129	-0.009980380941916242	0.0
-0.012931382891000041	-0.00998022043015555	0.0
-0.012930045533838972	-0.009979899406634164	0.0
-0.012928485283817723	-0.009979738894873472	0.0
-0.012926925033796477	-0.009979738894873472	0.0
-0.012925364783775229	-0.009979578383112779	0.0
-0.012924027426614158	-0.009979257359591393	0.0
-0.01292246717659291	-0.009979096847830701	0.0
-0.012920906926571663	-0.009978936336070011	0.0
-0.012919346676550413	-0.009978775824309317	0.0
-0.012918009319389344	-0.009978454800787934	0.0
-0.012916449069368096	-0.00997829428902724	0.0
-0.012914888819346848	-0.009978133777266548	0.0
-0.0129133285693256	-0.009977973265505855	0.0
-0.01291199121216453	-0.009977812753745163	0.0
-0.012910430962143282	-0.00997765224198447	0.0
-0.012908870712122034	-0.009977491730223777	0.0
-0.012907310462100785	-0.009977331218463085	0.0
-0.012905750212079537	-0.0099770101949417	0.0
-0.01290418996205829	-0.009976849683181008	0.0
-0.012902629712037043	-0.009976689171420318	0.0
-0.012901069462015795	-0.009976528659659624	0.0
-0.012899509211994545	-0.009976368147898932	0.0
-0.012898171854833475	-0.009976368147898932	0.0
-0.012896611604812227	-0.009976207636138238	0.0
-0.012895051354790979	-0.009976047124377546	0.0
-0.012893491104769731	-0.009975886612616855	0.0
-0.012891930854748485	-0.009975726100856161	0.0
-0.012890370604727235	-0.009975565589095469	0.0
-0.01288858746184581	-0.009975405077334777	0.0
-0.01288725010468474	-0.009975244565574084	0.0
-0.012885689854663492	-0.009975084053813392	0.0
-0.012884129604642244	-0.009975084053813392	0.0
-0.012882569354620994	-0.009974923542052698	0.0
-0.012881009104599746	-0.009974763030292006	0.0
-0.012879448854578498	-0.009974602518531314	0.0
-0.012877665711697071	-0.009974602518531314	0.0
-0.012876105461675823	-0.00997444200677062	0.0
-0.012874545211654577	-0.00997444200677062	0.0
-0.012872984961633329	-0.00997428149500993	0.0
-0.012871424711612081	-0.00997428149500993	0.0
-0.012869864461590831	-0.009974120983249238	0.0
-0.012868304211569584	-0.009974120983249238	0.0
-0.012866743961548336	-0.009973960471488545	0.0
-0.012864960818666909	-0.009973960471488545	0.0
-0.01286340056864566	-0.009973960471488545	0.0
-0.012861617425764235	-0.009973799959727853	0.0
-0.012860057175742987	-0.009973799959727853	0.0
-0.012858496925721738	-0.009973799959727853	0.0
-0.012857159568560669	-0.009973639447967161	0.0
-0.012855599318539421	-0.009973639447967161	0.0
-0.012853816175657996	-0.009973639447967161	0.0
-0.012852255925636746	-0.009973639447967161	0.0
-0.012850695675615498	-0.009973639447967161	0.0
-0.01284913542559425	-0.009973639447967161	0.0
-0.012847352282712825	-0.009973639447967161	0.0
-0.012845569139831398	-0.009973478936206467	0.0
-0.01284400888981015	-0.009973478936206467	0.0
-0.012842448639788902	-0.009973639447967161	0.0
-0.012840888389767652	-0.009973639447967161	0.0
-0.012839328139746404	-0.009973478936206467	0.0
-0.012837990782585336	-0.009973478936206467	0.0
-0.012836430532564088	-0.009973478936206467	0.0
-0.01283487028254284	-0.009973478936206467	0.0
-0.012833087139661413	-0.009973478936206467	0.0
-0.012831526889640165	-0.009973318424445776	0.0
-0.012829966639618917	-0.009973318424445776	0.0
-0.012828406389597669	-0.009973478936206467	0.0
-0.01282684613957642	-0.009973478936206467	0.0
-0.012825285889555171	-0.009973478936206467	0.0
-0.012823725639533925	-0.009973478936206467	0.0
-0.012822165389512677	-0.009973318424445776	0.0
-0.01282060513949143	-0.009973318424445776	0.0
-0.012819267782330359	-0.009973318424445776	0.0
-0.012817707532309111	-0.009973318424445776	0.0
-0.012816147282287861	-0.009973318424445776	0.0
-0.012814587032266614	-0.009973318424445776	0.0
-0.012813249675105545	-0.009973318424445776	0.0
-0.012811689425084297	-0.009973318424445776	0.0
-0.012810352067923227	-0.009973318424445776	0.0
-0.012808791817901979	-0.009973318424445776	0.0
-0.012807454460740908	-0.009973318424445776	0.0
-0.01280589421071966	-0.009973318424445776	0.0
-0.012804556853558592	-0.009973318424445776	0.0
-0.012802996603537344	-0.009973157912685082	0.0
-0.012801659246376274	-0.009973157912685082	0.0
-0.01280054478207538	-0.009973157912685082	0.0
-0.01279920742491431	-0.009973157912685082	0.0
-0.012797647174893064	-0.009973318424445776	0.0
-0.012796309817731994	-0.009973318424445776	0.0
-0.012794749567710746	-0.009973318424445776	0.0
-0.012793189317689498	-0.009973157912685082	0.0
-0.012791851960528428	-0.009973157912685082	0.0
-0.012790514603367359	-0.009973157912685082	0.0
-0.012789177246206289	-0.009973157912685082	0.0
-0.012787839889045218	-0.009973157912685082	0.0
-0.012786725424744327	-0.009973157912685082	0.0
-0.012785388067583258	-0.009973157912685082	0.0
-0.012784050710422188	-0.009973157912685082	0.0
-0.012782713353261118	-0.009973318424445776	0.0
-0.012781375996100047	-0.009973318424445776	0.0
-0.012780038638938979	-0.009973318424445776	0.0
-0.012778701281777908	-0.009973318424445776	0.0
-0.012777363924616838	-0.009973318424445776	0.0
-0.01277602656745577	-0.009973318424445776	0.0
-0.012774689210294699	-0.009973318424445776	0.0
-0.012773574745993808	-0.009973478936206467	0.0
-0.012772237388832737	-0.009973478936206467	0.0
-0.012771122924531846	-0.009973478936206467	0.0
-0.012769785567370778	-0.009973639447967161	0.0
-0.012768671103069885	-0.009973799959727853	0.0
-0.012767333745908814	-0.009973799959727853	0.0
-0.012766219281607925	-0.009973799959727853	0.0
-0.012764881924446855	-0.009973799959727853	0.0
-0.012763767460145962	-0.009973960471488545	0.0
-0.012762652995845072	-0.009973960471488545	0.0
-0.012761315638684002	-0.009974120983249238	0.0
-0.01276020117438311	-0.009974120983249238	0.0
-0.01275908671008222	-0.00997428149500993	0.0
-0.012758195138641504	-0.00997428149500993	0.0
-0.012757080674340613	-0.00997444200677062	0.0
-0.012755966210039722	-0.00997444200677062	0.0
-0.012754628852878652	-0.009974602518531314	0.0
-0.012753291495717581	-0.009974602518531314	0.0
-0.012752177031416692	-0.009974763030292006	0.0
-0.0127510625671158	-0.009974763030292006	0.0
-0.012749948102814908	-0.009974763030292006	0.0
-0.012749279424234374	-0.009974923542052698	0.0
-0.012748164959933481	-0.009975084053813392	0.0
-0.012747050495632592	-0.009975084053813392	0.0
-0.012745936031331699	-0.009975084053813392	0.0
-0.012744821567030806	-0.009975244565574084	0.0
-0.012743707102729917	-0.009975405077334777	0.0
-0.012742592638429024	-0.009975405077334777	0.0
-0.012741701066988312	-0.009975565589095469	0.0
-0.012740586602687419	-0.009975726100856161	0.0
-0.012739695031246705	-0.009975726100856161	0.0
-0.012738803459805994	-0.009975886612616855	0.0
-0.0127376889955051	-0.009975886612616855	0.0
-0.012736574531204211	-0.009976047124377546	0.0
-0.012735682959763496	-0.009976047124377546	0.0
-0.012734568495462605	-0.009976207636138238	0.0
-0.012733676924021893	-0.009976368147898932	0.0
-0.012732562459721	-0.009976368147898932	0.0
-0.012731447995420109	-0.009976528659659624	0.0
-0.012730556423979396	-0.009976849683181008	0.0
-0.012729664852538684	-0.009976849683181008	0.0
-0.01272877328109797	-0.0099770101949417	0.0
-0.012727881709657256	-0.009977331218463085	0.0
-0.012726767245356365	-0.009977491730223777	0.0
-0.012725875673915654	-0.009977491730223777	0.0
-0.012724984102474938	-0.00997765224198447	0.0
-0.012724092531034225	-0.009977812753745163	0.0
-0.012723200959593513	-0.009977973265505855	0.0
-0.0127223093881528	-0.009978133777266548	0.0
-0.012721194923851908	-0.00997829428902724	0.0
-0.012720080459551015	-0.009978454800787934	0.0
-0.012719188888110303	-0.009978615312548626	0.0
-0.01271829731666959	-0.009978775824309317	0.0
-0.012717405745228878	-0.009979096847830701	0.0
-0.012716514173788163	-0.009979257359591393	0.0
-0.012715845495207628	-0.009979417871352087	0.0
-0.012714953923766915	-0.009979578383112779	0.0
-0.012714062352326203	-0.009979738894873472	0.0
-0.01271317078088549	-0.009979899406634164	0.0
-0.012712279209444776	-0.009980059918394856	0.0
-0.012711164745143885	-0.00998022043015555	0.0
-0.012710273173703171	-0.009980380941916242	0.0
-0.01270915870940228	-0.009980701965437627	0.0
-0.012708490030821746	-0.009980862477198319	0.0
-0.012707598459381032	-0.009981022988959011	0.0
-0.012706929780800498	-0.009981183500719705	0.0
-0.012706038209359782	-0.009981344012480395	0.0
-0.01270514663791907	-0.009981504524241088	0.0
-0.012704255066478357	-0.00998166503600178	0.0
-0.012703363495037645	-0.009981986059523166	0.0
-0.01270247192359693	-0.009981986059523166	0.0
-0.012701580352156218	-0.009982146571283858	0.0
-0.012700688780715504	-0.00998230708304455	0.0
-0.012699797209274792	-0.009982467594805243	0.0
-0.012698905637834077	-0.009982628106565935	0.0
-0.012698236959253543	-0.009982788618326629	0.0
-0.01269734538781283	-0.00998294913008732	0.0
-0.012696453816372117	-0.009983109641848013	0.0
-0.012695562244931404	-0.009983270153608706	0.0
-0.01269467067349069	-0.009983270153608706	0.0
-0.012693779102049977	-0.009983430665369398	0.0
-0.012692887530609265	-0.009983591177130088	0.0
-0.012691995959168551	-0.009983751688890782	0.0
-0.012691327280588017	-0.009983751688890782	0.0
-0.012690435709147302	-0.009983912200651474	0.0
-0.01268954413770659	-0.009983912200651474	0.0
-0.012688652566265876	-0.009984072712412166	0.0
-0.012687760994825164	-0.009984072712412166	0.0
-0.012687092316244628	-0.009984072712412166	0.0
-0.012686200744803915	-0.00998423322417286	0.0
-0.012685309173363201	-0.009984393735933551	0.0
-0.01268441760192249	-0.009984393735933551	0.0
-0.012683748923341953	-0.009984393735933551	0.0
-0.012682857351901241	-0.009984554247694245	0.0
-0.012682188673320707	-0.009984554247694245	0.0
-0.012681297101879992	-0.009984554247694245	0.0
-0.012680405530439278	-0.009984554247694245	0.0
-0.012679513958998566	-0.009984714759454937	0.0
-0.012678845280418032	-0.009984714759454937	0.0
-0.012677953708977318	-0.009984554247694245	0.0
-0.012677062137536605	-0.009984554247694245	0.0
-0.01267639345895607	-0.009984554247694245	0.0
-0.012675501887515357	-0.009984714759454937	0.0
-0.012674610316074643	-0.009984714759454937	0.0
-0.012673941637494109	-0.009984554247694245	0.0
-0.012673050066053395	-0.009984554247694245	0.0
-0.012672381387472861	-0.009984393735933551	0.0
-0.012671712708892327	-0.009984393735933551	0.0
-0.01267104403031179	-0.009984393735933551	0.0
-0.012670152458871079	-0.00998423322417286	0.0
-0.012669260887430363	-0.009984072712412166	0.0
-0.01266859220884983	-0.009983912200651474	0.0
-0.012667700637409116	-0.009983751688890782	0.0
-0.012667031958828581	-0.009983751688890782	0.0
-0.012666140387387868	-0.009983591177130088	0.0
-0.012665471708807333	-0.009983591177130088	0.0
-0.012664803030226799	-0.009983430665369398	0.0
-0.012663911458786085	-0.009983430665369398	0.0
-0.012663242780205551	-0.009983270153608706	0.0
-0.012662351208764838	-0.00998294913008732	0.0
-0.012661682530184303	-0.009982788618326629	0.0
-0.012660790958743588	-0.009982788618326629	0.0
-0.012660122280163054	-0.009982628106565935	0.0
-0.01265923070872234	-0.009982467594805243	0.0
-0.012658562030141806	-0.00998230708304455	0.0
-0.012657893351561271	-0.009981986059523166	0.0
-0.012657224672980735	-0.009981825547762472	0.0
-0.012656333101540023	-0.00998166503600178	0.0
-0.01265544153009931	-0.009981504524241088	0.0
-0.012654772851518776	-0.009981183500719705	0.0
-0.01265410417293824	-0.009980862477198319	0.0
-0.012653212601497528	-0.009980701965437627	0.0
-0.012652543922916993	-0.009980541453676934	0.0
-0.012651875244336457	-0.00998022043015555	0.0
-0.012651206565755923	-0.009980059918394856	0.0
-0.01265031499431521	-0.009979899406634164	0.0
-0.012649646315734675	-0.009979578383112779	0.0
-0.01264897763715414	-0.009979578383112779	0.0
-0.012648086065713425	-0.009979257359591393	0.0
-0.012647417387132893	-0.009978936336070011	0.0
-0.012646748708552357	-0.009978454800787934	0.0
-0.012646080029971822	-0.00997829428902724	0.0
-0.012645188458531107	-0.009977973265505855	0.0
-0.012644519779950573	-0.00997765224198447	0.0
-0.012643851101370038	-0.009977331218463085	0.0
-0.012642959529929325	-0.0099770101949417	0.0
-0.01264229085134879	-0.009976849683181008	0.0
-0.012641622172768254	-0.009976528659659624	0.0
-0.012640730601327543	-0.009976207636138238	0.0
-0.012640061922747007	-0.009975886612616855	0.0
-0.012639393244166472	-0.009975405077334777	0.0
-0.01263850167272576	-0.009975084053813392	0.0
-0.012637832994145224	-0.009974763030292006	0.0
-0.01263716431556469	-0.00997428149500993	0.0
-0.012636272744123976	-0.009973799959727853	0.0
-0.012635604065543442	-0.009973478936206467	0.0
-0.012634935386962906	-0.009973157912685082	0.0
-0.012634043815522194	-0.009972836889163698	0.0
-0.01263337513694166	-0.00997235535388162	0.0
-0.012632483565500945	-0.009971873818599545	0.0
-0.01263181488692041	-0.009971392283317466	0.0
-0.012630923315479697	-0.009970910748035388	0.0
-0.012630254636899162	-0.009970589724514005	0.0
-0.012629585958318626	-0.009970108189231925	0.0
-0.012628694386877914	-0.00996962665394985	0.0
-0.01262802570829738	-0.009969145118667772	0.0
-0.012627134136856667	-0.009968663583385695	0.0
-0.012626465458276132	-0.009968182048103617	0.0
-0.012625573886835419	-0.00996770051282154	0.0
-0.012624682315394705	-0.009967218977539464	0.0
-0.012623790743953991	-0.009966737442257387	0.0
-0.012623122065373457	-0.00996625590697531	0.0
-0.012622230493932744	-0.009965613859932538	0.0
-0.01262156181535221	-0.009965132324650463	0.0
-0.012620670243911496	-0.009964650789368385	0.0
-0.012619778672470782	-0.009964169254086308	0.0
-0.012619109993890246	-0.00996368771880423	0.0
-0.012617995529589357	-0.009963045671761461	0.0
-0.012617103958148643	-0.009962564136479383	0.0
-0.012615989493847752	-0.009962082601197306	0.0
-0.012615097922407038	-0.009961440554154537	0.0
-0.012614206350966325	-0.00996095901887246	0.0
-0.012613314779525611	-0.00996031697182969	0.0
-0.0126124232080849	-0.00995967492478692	0.0
-0.012611754529504363	-0.00995903287774415	0.0
-0.012610862958063651	-0.009958551342462074	0.0
-0.012609971386622936	-0.009958069807179996	0.0
-0.012608856922322047	-0.009957588271897919	0.0
-0.012607742458021154	-0.009956946224855148	0.0
-0.012606627993720263	-0.00995630417781238	0.0
-0.012605736422279551	-0.009955501619008917	0.0
-0.012604621957978658	-0.009954859571966148	0.0
-0.012603730386537946	-0.009954378036684069	0.0
-0.012602838815097231	-0.009953735989641301	0.0
-0.01260172435079634	-0.00995309394259853	0.0
-0.012600832779355628	-0.00995245189555576	0.0
-0.012599718315054735	-0.009951970360273683	0.0
-0.012598826743614023	-0.009951328313230914	0.0
-0.012597489386452953	-0.009950686266188145	0.0
-0.01259637492215206	-0.009950044219145375	0.0
-0.012595483350711348	-0.009949402172102606	0.0
-0.012594145993550278	-0.009948599613299143	0.0
-0.012593031529249387	-0.009947957566256374	0.0
-0.012592139957808673	-0.009947315519213604	0.0
-0.012591025493507782	-0.009946833983931527	0.0
-0.012590133922067068	-0.009946191936888758	0.0
-0.012589019457766177	-0.009945389378085295	0.0
-0.012587904993465286	-0.009944747331042525	0.0
-0.012586567636304216	-0.009944105283999756	0.0
-0.012585453172003325	-0.009943463236956985	0.0
-0.012584115814842254	-0.009942660678153525	0.0
-0.012583001350541363	-0.009942018631110754	0.0
-0.012581663993380293	-0.009941376584067985	0.0
-0.012580549529079402	-0.009940734537025214	0.0
-0.01257943506477851	-0.009939931978221753	0.0
-0.01257809770761744	-0.009939289931178983	0.0
-0.012576983243316549	-0.009938647884136212	0.0
-0.012575868779015658	-0.009938005837093445	0.0
-0.012574531421854588	-0.009937203278289982	0.0
-0.012573416957553697	-0.009936561231247212	0.0
-0.012571856707532449	-0.009935919184204443	0.0
-0.012570742243231557	-0.00993511662540098	0.0
-0.012569404886070487	-0.00993447457835821	0.0
-0.012568067528909417	-0.00993367201955475	0.0
-0.012566730171748346	-0.009932869460751287	0.0
-0.012565615707447457	-0.009932227413708517	0.0
-0.012564278350286387	-0.009931585366665748	0.0
-0.012562940993125316	-0.009930782807862285	0.0
-0.012561603635964246	-0.009930140760819516	0.0
-0.012560266278803177	-0.009929338202016054	0.0
-0.012558928921642107	-0.009928696154973285	0.0
-0.012557591564481036	-0.009927893596169822	0.0
-0.012556031314459789	-0.009927251549127051	0.0
-0.01255447106443854	-0.00992644899032359	0.0
-0.012553133707277472	-0.00992580694328082	0.0
-0.012551796350116402	-0.009925004384477357	0.0
-0.012550458992955331	-0.00992436233743459	0.0
-0.012549121635794261	-0.009923559778631127	0.0
-0.012547784278633192	-0.009922917731588356	0.0
-0.012546224028611944	-0.009922115172784896	0.0
-0.012544886671450874	-0.009921473125742125	0.0
-0.012543326421429626	-0.009920670566938662	0.0
-0.012541989064268556	-0.009920028519895895	0.0
-0.012540428814247308	-0.009919225961092432	0.0
-0.012539091457086239	-0.00991858391404966	0.0
-0.012537754099925169	-0.009917781355246201	0.0
-0.01253619384990392	-0.00991713930820343	0.0
-0.01253485649274285	-0.00991649726116066	0.0
-0.012533296242721603	-0.0099156947023572	0.0
-0.012531735992700355	-0.009915052655314428	0.0
-0.012530398635539286	-0.009914410608271659	0.0
-0.012528838385518038	-0.009913768561228888	0.0
-0.012527501028356968	-0.009912966002425428	0.0
-0.01252594077833572	-0.009912323955382657	0.0
-0.01252460342117465	-0.009911521396579194	0.0
-0.0125230431711534	-0.009910879349536427	0.0
-0.012521482921132154	-0.009910237302493656	0.0
-0.012520145563971083	-0.009909595255450886	0.0
-0.012518585313949835	-0.009908792696647425	0.0
-0.012517025063928587	-0.009908150649604656	0.0
-0.01251546481390734	-0.009907508602561885	0.0
-0.012513904563886092	-0.009906706043758423	0.0
-0.012512344313864842	-0.009906063996715654	0.0
-0.012510784063843594	-0.009905421949672883	0.0
-0.012509223813822348	-0.009904779902630114	0.0
-0.012507886456661278	-0.009904137855587344	0.0
-0.01250632620664003	-0.009903335296783883	0.0
-0.012504765956618782	-0.009902693249741112	0.0
-0.012503205706597532	-0.009902211714459036	0.0
-0.012501645456576284	-0.009901569667416265	0.0
-0.012500085206555036	-0.009900767108612804	0.0
-0.012498524956533788	-0.009899964549809343	0.0
-0.012496741813652361	-0.009899322502766572	0.0
-0.012495181563631113	-0.009898680455723802	0.0
-0.012493621313609867	-0.009898038408681031	0.0
-0.01249183817072844	-0.009897396361638264	0.0
-0.012490277920707192	-0.009896754314595493	0.0
-0.012488717670685944	-0.009896112267552723	0.0
-0.012487157420664696	-0.009895309708749262	0.0
-0.012485374277783269	-0.009894667661706493	0.0
-0.012483814027762021	-0.009894025614663722	0.0
-0.012482253777740773	-0.009893383567620952	0.0
-0.012480693527719524	-0.009892741520578183	0.0
-0.012479133277698276	-0.00989193896177472	0.0
-0.01247735013481685	-0.00989129691473195	0.0
-0.012475789884795602	-0.009890654867689181	0.0
-0.012474006741914175	-0.009890012820646412	0.0
-0.012472446491892927	-0.009889370773603643	0.0
-0.0124706633490115	-0.009888568214800181	0.0
-0.012469103098990254	-0.00988792616775741	0.0
-0.012467319956108829	-0.009887444632475333	0.0
-0.012465759706087579	-0.009886802585432564	0.0
-0.012464199456066331	-0.009886160538389794	0.0
-0.012462416313184906	-0.009885357979586331	0.0
-0.012460856063163656	-0.00988455542078287	0.0
-0.01245907292028223	-0.0098839133737401	0.0
-0.012457289777400803	-0.009883110814936638	0.0
-0.012455506634519378	-0.009882468767893868	0.0
-0.01245394638449813	-0.009881987232611793	0.0
-0.012452163241616703	-0.009881345185569022	0.0
-0.012450602991595455	-0.009880863650286944	0.0
-0.012448819848714028	-0.009880221603244175	0.0
-0.012447036705832602	-0.009879579556201406	0.0
-0.012445476455811354	-0.009878937509158636	0.0
-0.012443693312929927	-0.009878295462115865	0.0
-0.012441687277188323	-0.009877653415073096	0.0
-0.012439904134306897	-0.009876850856269635	0.0
-0.01243834388428565	-0.009876048297466172	0.0
-0.012436560741404222	-0.009875566762184094	0.0
-0.012434777598522797	-0.009875085226902018	0.0
-0.01243299445564137	-0.009874603691619941	0.0
-0.012431211312759942	-0.00987396164457717	0.0
-0.012429428169878517	-0.0098733195975344	0.0
-0.01242764502699709	-0.009872677550491631	0.0
-0.012425861884115664	-0.009871874991688168	0.0
-0.01242385584837406	-0.009871232944645399	0.0
-0.012422072705492634	-0.009870751409363322	0.0
-0.012420289562611207	-0.009870109362320552	0.0
-0.01241850641972978	-0.009869627827038475	0.0
-0.012416723276848354	-0.009868985779995705	0.0
-0.012414940133966927	-0.009868343732952936	0.0
-0.012413156991085502	-0.009867701685910167	0.0
-0.012411373848204075	-0.009867059638867396	0.0
-0.01240936781246247	-0.009866578103585318	0.0
-0.012407584669581043	-0.00986593605654255	0.0
-0.012405578633839438	-0.00986529400949978	0.0
-0.012403795490958013	-0.009864812474217702	0.0
-0.012402012348076585	-0.009864330938935625	0.0
-0.01240022920519516	-0.009863688891892857	0.0
-0.01239866895517391	-0.009863046844850086	0.0
-0.012397108705152662	-0.009862565309568009	0.0
-0.012395102669411058	-0.00986192326252524	0.0
-0.012393319526529632	-0.00986128121548247	0.0
-0.012391313490788028	-0.0098606391684397	0.0
-0.0123895303479066	-0.009860157633157623	0.0
-0.012387747205025175	-0.009859676097875546	0.0
-0.012385964062143748	-0.009859034050832776	0.0
-0.012384180919262322	-0.009858552515550699	0.0
-0.012382397776380895	-0.009857910468507928	0.0
-0.01238061463349947	-0.009857268421465159	0.0
-0.012378831490618043	-0.009856786886183083	0.0
-0.012377048347736617	-0.009856144839140312	0.0
-0.01237526520485519	-0.009855663303858234	0.0
-0.012373259169113585	-0.009855021256815465	0.0
-0.01237147602623216	-0.00985453972153339	0.0
-0.012369692883350733	-0.009854058186251312	0.0
-0.012367909740469307	-0.00985341613920854	0.0
-0.01236634949044806	-0.009852934603926463	0.0
-0.012364566347566632	-0.009852453068644388	0.0
-0.012362783204685207	-0.009851811021601618	0.0
-0.01236100006180378	-0.009851168974558847	0.0
-0.012359216918922354	-0.00985068743927677	0.0
-0.01235721088318075	-0.009850205903994694	0.0
-0.01235542774029932	-0.009849724368712617	0.0
-0.012353644597417895	-0.00984924283343054	0.0
-0.012351861454536468	-0.009848761298148462	0.0
-0.012350301204515222	-0.009848119251105692	0.0
-0.012348518061633795	-0.009847637715823615	0.0
-0.01234673491875237	-0.009846995668780844	0.0
-0.01234495177587094	-0.009846514133498767	0.0
-0.012343168632989515	-0.009845872086455999	0.0
-0.01234116259724791	-0.009845390551173921	0.0
-0.012339379454366483	-0.00984474850413115	0.0
-0.012337596311485058	-0.009844266968849073	0.0
-0.01233581316860363	-0.009843785433566996	0.0
-0.012334030025722205	-0.00984330389828492	0.0
-0.012332246882840778	-0.009842822363002842	0.0
-0.012330463739959352	-0.009842180315960071	0.0
-0.012328903489938104	-0.009841698780677994	0.0
-0.012327120347056677	-0.009841217245395918	0.0
-0.012325337204175252	-0.009840575198353149	0.0
-0.012323554061293825	-0.009840093663071071	0.0
-0.0123217709184124	-0.009839612127788994	0.0
-0.012319987775530972	-0.009839130592506915	0.0
-0.012318204632649545	-0.009838649057224839	0.0
-0.01231642148976812	-0.009838328033703455	0.0
-0.012314638346886692	-0.009837685986660684	0.0
-0.012312855204005267	-0.009837204451378607	0.0
-0.01231107206112384	-0.009836722916096531	0.0
-0.012309288918242414	-0.009836401892575146	0.0
-0.012307728668221166	-0.009835920357293068	0.0
-0.01230594552533974	-0.00983543882201099	0.0
-0.012304162382458314	-0.009834957286728913	0.0
-0.012302156346716709	-0.009834475751446838	0.0
-0.012300373203835282	-0.009834154727925452	0.0
-0.012298590060953856	-0.009833673192643375	0.0
-0.01229680691807243	-0.009833352169121989	0.0
-0.012295023775191004	-0.009832870633839912	0.0
-0.012293240632309577	-0.009832389098557834	0.0
-0.012291680382288329	-0.009831907563275758	0.0
-0.012289897239406902	-0.009831586539754373	0.0
-0.012288114096525476	-0.009831265516232987	0.0
-0.012286330953644049	-0.009830944492711604	0.0
-0.012284547810762624	-0.009830462957429526	0.0
-0.012282764667881196	-0.00983014193390814	0.0
-0.012280981524999771	-0.009829660398626065	0.0
-0.012279198382118344	-0.00982933937510468	0.0
-0.012277638132097096	-0.009828857839822602	0.0
-0.01227585498921567	-0.009828536816301216	0.0
-0.01227429473919442	-0.009828215792779831	0.0
-0.012272511596312995	-0.009827894769258447	0.0
-0.012270728453431568	-0.009827573745737063	0.0
-0.012268945310550143	-0.009827252722215678	0.0
-0.012267162167668716	-0.0098267711869336	0.0
-0.01226537902478729	-0.009826450163412215	0.0
-0.012263818774766042	-0.009825968628130137	0.0
-0.012262035631884615	-0.009825647604608754	0.0
-0.012260252489003188	-0.009825166069326676	0.0
-0.012258469346121762	-0.009824845045805292	0.0
-0.012256686203240335	-0.009824524022283907	0.0
-0.01225490306035891	-0.009824363510523215	0.0
-0.012253342810337662	-0.009823881975241137	0.0
-0.012251559667456235	-0.009823560951719752	0.0
-0.01224977652457481	-0.009823239928198368	0.0
-0.012247993381693382	-0.00982275839291629	0.0
-0.012246210238811957	-0.009822437369394905	0.0
-0.01224442709593053	-0.00982211634587352	0.0
-0.012242643953049104	-0.009821795322352136	0.0
-0.012240860810167677	-0.009821634810591442	0.0
-0.01223907766728625	-0.009821313787070058	0.0
-0.012237294524404824	-0.009820992763548675	0.0
-0.012235511381523397	-0.009820511228266597	0.0
-0.012233505345781794	-0.00982002969298452	0.0
-0.012231722202900367	-0.009819548157702442	0.0
-0.012229939060018942	-0.009819227134181057	0.0
-0.012228155917137514	-0.009818906110659671	0.0
-0.012226149881395908	-0.009818745598898981	0.0
-0.012224366738514483	-0.009818424575377595	0.0
-0.012222360702772878	-0.009817943040095518	0.0
-0.01222057755989145	-0.009817782528334826	0.0
-0.012218794417010025	-0.00981746150481344	0.0
-0.012217011274128598	-0.009817140481292055	0.0
-0.012215228131247173	-0.009816658946009978	0.0
-0.012213444988365746	-0.009816177410727902	0.0
-0.012211884738344498	-0.009815856387206516	0.0
-0.01221010159546307	-0.00981553536368513	0.0
-0.012208318452581645	-0.009815214340163747	0.0
-0.012206535309700218	-0.009815053828403053	0.0
-0.012204752166818792	-0.00981473280488167	0.0
-0.012202969023937365	-0.009814411781360284	0.0
-0.012201408773916117	-0.009813930246078208	0.0
-0.012199625631034692	-0.009813609222556823	0.0
-0.012197842488153265	-0.009813288199035437	0.0
-0.01219605934527184	-0.009812967175514054	0.0
-0.01219449909525059	-0.009812485640231974	0.0
-0.012192715952369164	-0.00981216461671059	0.0
-0.012191155702347916	-0.009811843593189207	0.0
-0.01218937255946649	-0.009811522569667821	0.0
-0.012187812309445243	-0.009811201546146436	0.0
-0.012186252059423995	-0.009810880522625052	0.0
-0.012184468916542568	-0.009810559499103666	0.0
-0.012182685773661142	-0.00981023847558228	0.0
-0.012181125523639893	-0.009809756940300205	0.0
-0.012179342380758467	-0.00980943591677882	0.0
-0.01217778213073722	-0.00980879386973605	0.0
-0.012176444773576149	-0.009808472846214665	0.0
-0.012174884523554901	-0.00980815182269328	0.0
-0.012173324273533652	-0.009807670287411202	0.0
-0.012171764023512404	-0.00980734926388982	0.0
-0.012170203773491156	-0.009806867728607742	0.0
-0.01216864352346991	-0.009806546705086357	0.0
-0.012166860380588482	-0.00980606516980428	0.0
-0.012165300130567235	-0.009805744146282894	0.0
-0.012163739880545987	-0.009805262611000818	0.0
-0.012162179630524739	-0.00980478107571874	0.0
-0.012160842273363668	-0.009804299540436663	0.0
-0.01215928202334242	-0.009803978516915278	0.0
-0.01215772177332117	-0.0098034969816332	0.0
-0.012156161523299923	-0.009803015446351124	0.0
-0.012154601273278677	-0.009802533911069047	0.0
-0.012153041023257429	-0.00980205237578697	0.0
-0.012151703666096358	-0.00980157084050489	0.0
-0.01215014341607511	-0.009801249816983507	0.0
-0.012148583166053861	-0.009800768281701431	0.0
-0.01214724580889279	-0.009800286746419352	0.0
-0.012145685558871543	-0.009799805211137274	0.0
-0.012144125308850296	-0.009799323675855197	0.0
-0.012142787951689226	-0.00979884214057312	0.0
-0.012141227701667978	-0.009798360605291044	0.0
-0.012139890344506908	-0.009797879070008966	0.0
-0.01213833009448566	-0.009797237022966195	0.0
-0.01213699273732459	-0.009796755487684118	0.0
-0.01213565538016352	-0.009796273952402042	0.0
-0.012134095130142273	-0.009795792417119965	0.0
-0.012132757772981203	-0.009795310881837887	0.0
-0.012131197522959955	-0.00979482934655581	0.0
-0.012129860165798884	-0.009794347811273732	0.0
-0.012128522808637816	-0.009793705764230963	0.0
-0.012126962558616568	-0.009793224228948886	0.0
-0.012125625201455497	-0.009792742693666808	0.0
-0.01212406495143425	-0.00979226115838473	0.0
-0.012122727594273179	-0.009791779623102655	0.0
-0.01212139023711211	-0.009791137576059886	0.0
-0.012119829987090863	-0.009790656040777806	0.0
-0.012118492629929792	-0.009790174505495729	0.0
-0.012116932379908544	-0.009789532458452961	0.0
-0.012115595022747474	-0.009789050923170884	0.0
-0.012114257665586404	-0.009788569387888807	0.0
-0.012112920308425335	-0.00978808785260673	0.0
-0.012111360058404087	-0.00978760631732465	0.0
-0.012110022701243017	-0.009786964270281882	0.0
-0.012108685344081946	-0.009786482734999805	0.0
-0.012107125094060698	-0.009785840687957034	0.0
-0.01210578773689963	-0.009785198640914265	0.0
-0.01210445037973856	-0.009784717105632189	0.0
-0.012103113022577489	-0.009784235570350111	0.0
-0.012101775665416419	-0.009783754035068034	0.0
-0.01210043830825535	-0.009783111988025263	0.0
-0.01209910095109428	-0.009782790964503877	0.0
-0.012097540701073032	-0.009782309429221802	0.0
-0.012096203343911961	-0.009781667382179032	0.0
-0.01209486598675089	-0.009781025335136261	0.0
-0.012093528629589822	-0.009780222776332802	0.0
-0.012092414165288931	-0.009779741241050723	0.0
-0.012091299700988038	-0.009779259705768645	0.0
-0.01208996234382697	-0.009778617658725876	0.0
-0.012088624986665901	-0.0097781361234438	0.0
-0.01208728762950483	-0.009777494076401029	0.0
-0.01208595027234376	-0.009777012541118952	0.0
-0.01208461291518269	-0.009776370494076182	0.0
-0.012083498450881799	-0.009775728447033413	0.0
-0.012082383986580908	-0.009775086399990644	0.0
-0.012081046629419837	-0.009774444352947873	0.0
-0.012079709272258769	-0.009773962817665795	0.0
-0.012078594807957876	-0.009773320770623027	0.0
-0.012077257450796805	-0.009772678723580256	0.0
-0.012076142986495916	-0.009772036676537487	0.0
-0.012074805629334846	-0.00977155514125541	0.0
-0.012073468272173775	-0.00977091309421264	0.0
-0.012072353807872882	-0.009770271047169871	0.0
-0.012071016450711815	-0.009769789511887794	0.0
-0.012069901986410923	-0.009769147464845024	0.0
-0.012068564629249852	-0.009768505417802255	0.0
-0.012067450164948963	-0.009768023882520177	0.0
-0.012066112807787892	-0.009767542347238098	0.0
-0.012064998343487	-0.00976690030019533	0.0
-0.01206366098632593	-0.009766097741391868	0.0
-0.01206254652202504	-0.00976561620610979	0.0
-0.01206120916486397	-0.009764974159067021	0.0
-0.012060094700563077	-0.009764332112024252	0.0
-0.012058757343402008	-0.009763850576742174	0.0
-0.012057642879101117	-0.009763369041460097	0.0
-0.012056305521940047	-0.009762726994417326	0.0
-0.012055191057639155	-0.009762405970895944	0.0
-0.012053853700478085	-0.009761763923853172	0.0
-0.012052516343317015	-0.009761121876810403	0.0
-0.012051401879016124	-0.009760479829767632	0.0
-0.012050287414715232	-0.009759837782724864	0.0
-0.012048950057554162	-0.009759356247442787	0.0
-0.012047835593253271	-0.009758714200400016	0.0
-0.012046498236092202	-0.009758393176878632	0.0
-0.012045160878931132	-0.009757911641596555	0.0
-0.012044046414630239	-0.009757269594553785	0.0
-0.012042709057469172	-0.009756788059271708	0.0
-0.01204159459316828	-0.009756146012228937	0.0
-0.012040257236007209	-0.00975550396518617	0.0
-0.012039142771706316	-0.009755022429904092	0.0
-0.01203780541454525	-0.009754540894622014	0.0
-0.012036690950244356	-0.009754059359339937	0.0
-0.012035353593083286	-0.009753577824057858	0.0
-0.012034016235922217	-0.009753096288775782	0.0
-0.012032901771621326	-0.009752454241733013	0.0
-0.012031564414460256	-0.009751972706450935	0.0
-0.012030449950159363	-0.009751330659408164	0.0
-0.012029112592998294	-0.009750849124126089	0.0
-0.012027775235837224	-0.009750367588844011	0.0
-0.012026660771536333	-0.009749886053561934	0.0
-0.012025323414375264	-0.009749404518279856	0.0
-0.012023986057214194	-0.00974892298299778	0.0
-0.012022648700053123	-0.00974828093595501	0.0
-0.012021311342892053	-0.009747799400672932	0.0
-0.012019751092870805	-0.009747317865390855	0.0
-0.012018413735709737	-0.009746675818348087	0.0
-0.012017299271408845	-0.00974619428306601	0.0
-0.012015961914247775	-0.00974571274778393	0.0
-0.012014847449946884	-0.009745231212501853	0.0
-0.012013510092785814	-0.009744749677219776	0.0
-0.012012172735624743	-0.0097442681419377	0.0
-0.012010835378463673	-0.00974362609489493	0.0
-0.012009275128442425	-0.009743144559612853	0.0
-0.012007714878421177	-0.009742502512570082	0.0
-0.012006377521260108	-0.009742020977288006	0.0
-0.012005040164099038	-0.009741539442005929	0.0
-0.012003702806937968	-0.009741057906723851	0.0
-0.012002365449776897	-0.009740736883202466	0.0
-0.01200102809261583	-0.009740255347920388	0.0
-0.01199969073545476	-0.009739773812638313	0.0
-0.01199813048543351	-0.009739131765595542	0.0
-0.011996793128272442	-0.009738650230313464	0.0
-0.011995455771111371	-0.009738008183270695	0.0
-0.011994118413950303	-0.00973752664798862	0.0
-0.011992781056789232	-0.009737045112706542	0.0
-0.011991220806767984	-0.009736563577424464	0.0
-0.011989883449606914	-0.009736082042142385	0.0
-0.011988546092445845	-0.009735600506860308	0.0
-0.011986985842424597	-0.009735118971578232	0.0
-0.011985648485263527	-0.009734637436296155	0.0
-0.011984311128102457	-0.009733995389253385	0.0
-0.011982750878081209	-0.009733513853971308	0.0
-0.011981413520920138	-0.00973303231868923	0.0
-0.011979853270898892	-0.009732550783407153	0.0
-0.011978515913737822	-0.009732069248125075	0.0
-0.011977178556576751	-0.009731587712842998	0.0
-0.011975618306555504	-0.009730945665800229	0.0
-0.011974280949394433	-0.009730464130518153	0.0
-0.011972720699373184	-0.009729982595236074	0.0
-0.011971383342212117	-0.009729340548193305	0.0
-0.011969823092190867	-0.009729019524671919	0.0
-0.011968485735029797	-0.009728537989389843	0.0
-0.011967148377868728	-0.009728056454107766	0.0
-0.011965588127847478	-0.009727574918825688	0.0
-0.01196425077068641	-0.009727093383543611	0.0
-0.011962690520665162	-0.00972645133650084	0.0
-0.011961353163504091	-0.009725969801218764	0.0
-0.011959792913482844	-0.009725327754175995	0.0
-0.011958232663461596	-0.009724846218893917	0.0
-0.011956672413440348	-0.009724525195372532	0.0
-0.011955335056279277	-0.009724043660090456	0.0
-0.011953774806258031	-0.009723562124808379	0.0
-0.011952214556236782	-0.009723080589526301	0.0
-0.011950877199075713	-0.009722599054244224	0.0
-0.011949316949054463	-0.009721957007201453	0.0
-0.011947756699033215	-0.009721475471919377	0.0
-0.011946419341872145	-0.0097209939366373	0.0
-0.011944859091850897	-0.009720512401355222	0.0
-0.011943298841829651	-0.009720030866073145	0.0
-0.011941738591808403	-0.009719549330791069	0.0
-0.011940178341787153	-0.00971906779550899	0.0
-0.011938618091765905	-0.009718586260226912	0.0
-0.011937057841744658	-0.009717944213184143	0.0
-0.01193549759172341	-0.009717302166141374	0.0
-0.011933937341702162	-0.009716820630859296	0.0
-0.011932377091680912	-0.009716178583816527	0.0
-0.011930816841659664	-0.00971569704853445	0.0
-0.011929256591638418	-0.009715215513252372	0.0
-0.01192769634161717	-0.009714733977970296	0.0
-0.011925913198735743	-0.009714252442688217	0.0
-0.011924352948714495	-0.009713610395645448	0.0
-0.011922792698693247	-0.009712968348602677	0.0
-0.011921232448672	-0.00971232630155991	0.0
-0.01191967219865075	-0.009711844766277832	0.0
-0.011918111948629502	-0.009711042207474369	0.0
-0.011916551698608254	-0.009710400160431601	0.0
-0.011914991448587006	-0.00970975811338883	0.0
-0.01191343119856576	-0.009709276578106753	0.0
-0.01191187094854451	-0.009708634531063983	0.0
-0.011910310698523262	-0.009707831972260522	0.0
-0.011908750448502014	-0.009707189925217751	0.0
-0.011907190198480766	-0.009706547878174982	0.0
-0.011905629948459517	-0.009705905831132212	0.0
-0.011904292591298448	-0.009705263784089443	0.0
-0.011902509448417021	-0.009704621737046672	0.0
-0.011900949198395773	-0.009703979690003903	0.0
-0.011899388948374525	-0.009703177131200441	0.0
-0.011897828698353277	-0.009702374572396978	0.0
-0.011896045555471852	-0.00970173252535421	0.0
-0.011894485305450604	-0.00970109047831144	0.0
-0.011892925055429354	-0.009700287919507977	0.0
-0.011891364805408106	-0.009699645872465208	0.0
-0.011889804555386858	-0.009698843313661746	0.0
-0.01188824430536561	-0.009698040754858283	0.0
-0.011886684055344363	-0.00969723819605482	0.0
-0.011885346698183292	-0.00969643563725136	0.0
-0.011883786448162046	-0.009695633078447898	0.0
-0.011882226198140796	-0.009694991031405127	0.0
-0.011880443055259371	-0.009694188472601666	0.0
-0.011878659912377944	-0.009693546425558896	0.0
-0.011877099662356696	-0.009692904378516127	0.0
-0.011875539412335448	-0.009692101819712666	0.0
-0.0118739791623142	-0.009691299260909203	0.0
-0.01187264180515313	-0.00969049670210574	0.0
-0.011871081555131882	-0.009689533631541587	0.0
-0.011869521305110632	-0.009688570560977432	0.0
-0.011867738162229207	-0.009687928513934662	0.0
-0.01186595501934778	-0.0096871259551312	0.0
-0.011864394769326532	-0.009686323396327736	0.0
-0.011862834519305285	-0.009685520837524277	0.0
-0.011861274269284038	-0.009684718278720814	0.0
-0.011859714019262788	-0.009683915719917351	0.0
-0.01185815376924154	-0.00968311316111389	0.0
-0.011856593519220292	-0.009682150090549735	0.0
-0.011855033269199044	-0.009681187019985582	0.0
-0.011853250126317617	-0.009680384461182119	0.0
-0.011851689876296369	-0.009679581902378656	0.0
-0.011850129626275121	-0.009678618831814503	0.0
-0.011848346483393694	-0.00967781627301104	0.0
-0.011846563340512269	-0.009677013714207577	0.0
-0.01184500309049102	-0.009676211155404115	0.0
-0.011843442840469771	-0.00967524808483996	0.0
-0.011841882590448525	-0.009674285014275807	0.0
-0.0118400994475671	-0.009673321943711653	0.0
-0.011838539197545852	-0.00967251938490819	0.0
-0.011836978947524602	-0.009671395802583343	0.0
-0.011835195804643176	-0.009670432732019188	0.0
-0.011833635554621929	-0.009669469661455035	0.0
-0.011831852411740501	-0.009668667102651572	0.0
-0.011830069268859076	-0.009667704032087419	0.0
-0.011828286125977649	-0.009666740961523264	0.0
-0.011826725875956401	-0.009665777890959107	0.0
-0.011824942733074974	-0.009664814820394954	0.0
-0.011823382483053726	-0.0096638517498308	0.0
-0.0118215993401723	-0.009662888679266646	0.0
-0.01182003909015105	-0.009661925608702491	0.0
-0.011818255947269625	-0.009660802026377644	0.0
-0.011816472804388198	-0.00965983895581349	0.0
-0.01181491255436695	-0.009658875885249335	0.0
-0.011813129411485525	-0.00965791281468518	0.0
-0.011811346268604098	-0.009656949744121025	0.0
-0.01180956312572267	-0.009655986673556872	0.0
-0.011807779982841245	-0.009654863091232023	0.0
-0.011805996839959818	-0.009653739508907178	0.0
-0.01180465948279875	-0.009652776438343023	0.0
-0.011802876339917322	-0.009651652856018177	0.0
-0.011801093197035895	-0.009650689785454022	0.0
-0.01179931005415447	-0.009649726714889867	0.0
-0.011797526911273042	-0.00964860313256502	0.0
-0.011795743768391617	-0.009647479550240172	0.0
-0.01179396062551019	-0.009646355967915327	0.0
-0.011792177482628764	-0.009645232385590478	0.0
-0.011790617232607516	-0.009644269315026325	0.0
-0.01178883408972609	-0.009643145732701478	0.0
-0.011787273839704841	-0.009642022150376631	0.0
-0.011785490696823414	-0.009640898568051783	0.0
-0.011783707553941989	-0.009639774985726938	0.0
-0.011781924411060562	-0.00963865140340209	0.0
-0.011780141268179136	-0.009637527821077244	0.0
-0.011778358125297709	-0.009636243726991704	0.0
-0.011776797875276461	-0.009635120144666857	0.0
-0.011775014732395036	-0.00963399656234201	0.0
-0.011773454482373786	-0.009632712468256472	0.0
-0.01177167133949236	-0.009631588885931625	0.0
-0.011769888196610933	-0.009630465303606776	0.0
-0.011768105053729508	-0.009629341721281931	0.0
-0.01176632191084808	-0.009628057627196391	0.0
-0.011764538767966655	-0.009626934044871544	0.0
-0.011762755625085228	-0.009625810462546697	0.0
-0.01176119537506398	-0.00962468688022185	0.0
-0.011759635125042732	-0.00962340278613631	0.0
-0.011757851982161305	-0.009622279203811465	0.0
-0.01175606883927988	-0.009620995109725925	0.0
-0.011754285696398453	-0.009619871527401078	0.0
-0.011752725446377206	-0.009618747945076231	0.0
-0.011750942303495781	-0.009617463850990693	0.0
-0.011749159160614352	-0.009616179756905152	0.0
-0.011747376017732925	-0.009615056174580305	0.0
-0.011745815767711679	-0.009613772080494765	0.0
-0.011744032624830253	-0.00961264849816992	0.0
-0.011742249481948826	-0.009611364404084381	0.0
-0.011740689231927578	-0.009610240821759533	0.0
-0.011738906089046151	-0.009608956727673994	0.0
-0.011737122946164726	-0.009607833145349147	0.0
-0.011735339803283298	-0.009606549051263609	0.0
-0.01173377955326205	-0.009605264957178068	0.0
-0.011731996410380625	-0.00960398086309253	0.0
-0.011730213267499198	-0.00960269676900699	0.0
-0.01172865301747795	-0.00960141267492145	0.0
-0.011726869874596523	-0.009600289092596602	0.0
-0.011725086731715097	-0.009599004998511063	0.0
-0.01172352648169385	-0.009597720904425525	0.0
-0.011721743338812422	-0.009596436810339986	0.0
-0.011719960195930997	-0.00959531322801514	0.0
-0.011718399945909747	-0.009594029133929599	0.0
-0.011716616803028322	-0.00959274503984406	0.0
-0.011714833660146895	-0.00959146094575852	0.0
-0.011713273410125647	-0.009590176851672981	0.0
-0.011711490267244221	-0.00958889275758744	0.0
-0.011709707124362794	-0.00958744815174121	0.0
-0.011708146874341546	-0.009586324569416363	0.0
-0.011706363731460119	-0.009585040475330823	0.0
-0.011704580588578694	-0.009583595869484592	0.0
-0.011703020338557446	-0.009582311775399052	0.0
-0.011701237195676019	-0.009581027681313513	0.0
-0.011699454052794593	-0.009579743587227975	0.0
-0.011697893802773343	-0.009578459493142434	0.0
-0.011696110659891918	-0.009577175399056895	0.0
-0.01169432751701049	-0.009575891304971355	0.0
-0.011692767266989243	-0.009574607210885818	0.0
-0.011690984124107818	-0.009573323116800278	0.0
-0.01168920098122639	-0.009572039022714739	0.0
-0.011687640731205142	-0.0095707549286292	0.0
-0.011685857588323715	-0.00956947083454366	0.0
-0.011684074445442288	-0.009568026228697428	0.0
-0.01168251419542104	-0.009566742134611889	0.0
-0.011680731052539613	-0.00956545804052635	0.0
-0.011678947909658188	-0.00956417394644081	0.0
-0.01167738765963694	-0.009562889852355271	0.0
-0.011675604516755513	-0.009561605758269733	0.0
-0.011673821373874087	-0.009560482175944884	0.0
-0.011672261123852837	-0.009559198081859345	0.0
-0.011670477980971412	-0.009557913987773805	0.0
-0.011668694838089985	-0.009556629893688266	0.0
-0.011667134588068739	-0.009555345799602726	0.0
-0.011665351445187313	-0.009554061705517187	0.0
-0.011663568302305884	-0.009552777611431649	0.0
-0.011662008052284638	-0.009551654029106802	0.0
-0.011660224909403211	-0.009550369935021263	0.0
-0.011658441766521786	-0.009549246352696415	0.0
-0.011656881516500538	-0.009547962258610878	0.0
-0.01165509837361911	-0.009546838676286029	0.0
-0.011653315230737685	-0.009545715093961182	0.0
-0.011651532087856258	-0.009544430999875642	0.0
-0.011649748944974832	-0.009543146905790103	0.0
-0.011648188694953583	-0.009541862811704565	0.0
-0.011646405552072157	-0.009540578717619026	0.0
-0.01164484530205091	-0.009539455135294177	0.0
-0.011643062159169482	-0.009538171041208639	0.0
-0.011641279016288057	-0.009537207970644484	0.0
-0.01163949587340663	-0.009536084388319637	0.0
-0.011637712730525203	-0.00953496080599479	0.0
-0.0116357066947836	-0.009533676711909252	0.0
-0.011633923551902172	-0.009532553129584403	0.0
-0.011632363301880925	-0.009531269035498864	0.0
-0.011630803051859677	-0.00953014545317402	0.0
-0.011629242801838429	-0.009529021870849171	0.0
-0.011627459658957002	-0.009527737776763632	0.0
-0.011625676516075574	-0.009526774706199477	0.0
-0.011623670480333971	-0.009525490612113939	0.0
-0.011621887337452544	-0.00952436702978909	0.0
-0.011619881301710938	-0.009523243447464245	0.0
-0.011617875265969333	-0.009521959353378705	0.0
-0.011616315015948085	-0.009520835771053858	0.0
-0.01161453187306666	-0.009519712188729011	0.0
-0.011613194515905591	-0.009518588606404164	0.0
-0.011611411373024164	-0.009517465024079318	0.0
-0.011609628230142739	-0.009516341441754471	0.0
-0.011607622194401132	-0.009515217859429624	0.0
-0.011605839051519705	-0.009514094277104777	0.0
-0.011603610122917923	-0.009512970694779929	0.0
-0.011601826980036497	-0.009511847112455084	0.0
-0.01160004383715507	-0.009510563018369543	0.0
-0.011598260694273645	-0.00950959994780539	0.0
-0.011596477551392217	-0.009508476365480542	0.0
-0.011594694408510792	-0.009507352783155697	0.0
-0.011592911265629365	-0.009506229200830848	0.0
-0.01159090522988776	-0.009505266130266695	0.0
-0.011589122087006335	-0.009503982036181155	0.0
-0.011587338944124908	-0.009502858453856308	0.0
-0.011585555801243482	-0.009501734871531461	0.0
-0.011583549765501877	-0.009500611289206614	0.0
-0.01158176662262045	-0.009499487706881766	0.0
-0.011579983479739025	-0.009498524636317613	0.0
-0.011578200336857598	-0.009497561565753458	0.0
-0.011576194301115991	-0.009496437983428611	0.0
-0.011574411158234566	-0.009495314401103764	0.0
-0.011572628015353139	-0.009494190818778916	0.0
-0.011570621979611536	-0.00949306723645407	0.0
-0.011568838836730109	-0.009491943654129222	0.0
-0.011567055693848681	-0.009490980583565069	0.0
-0.011565049658107078	-0.00948985700124022	0.0
-0.011563266515225651	-0.009489054442436761	0.0
-0.011561483372344226	-0.009487930860111913	0.0
-0.011559477336602621	-0.009486807277787066	0.0
-0.011557694193721194	-0.009485844207222911	0.0
-0.011555911050839768	-0.009484881136658758	0.0
-0.011554127907958341	-0.00948375755433391	0.0
-0.011552121872216737	-0.009482633972009064	0.0
-0.011550338729335311	-0.009481831413205601	0.0
-0.011548555586453884	-0.009480868342641446	0.0
-0.011546549550712278	-0.009479905272077293	0.0
-0.011544766407830852	-0.009478942201513137	0.0
-0.011542983264949425	-0.009477979130948984	0.0
-0.011540977229207822	-0.009476855548624137	0.0
-0.011539194086326395	-0.009475892478059982	0.0
-0.01153741094344497	-0.009474929407495827	0.0
-0.011535404907703365	-0.009473966336931672	0.0
-0.011533621764821938	-0.009473003266367519	0.0
-0.011531838621940512	-0.009472040195803364	0.0
-0.011530055479059085	-0.009471237636999903	0.0
-0.01152804944331748	-0.009470274566435748	0.0
-0.011526266300436055	-0.009469311495871591	0.0
-0.011524483157554628	-0.009468508937068132	0.0
-0.011522477121813023	-0.009467385354743283	0.0
-0.011520693978931597	-0.00946642228417913	0.0
-0.011518687943189993	-0.009465459213614975	0.0
-0.011516681907448386	-0.00946449614305082	0.0
-0.011514898764566961	-0.009463693584247358	0.0
-0.011512892728825356	-0.009462730513683203	0.0
-0.011511109585943929	-0.00946176744311905	0.0
-0.011509103550202324	-0.009460804372554895	0.0
-0.011507320407320899	-0.009460001813751433	0.0
-0.011505537264439472	-0.00945919925494797	0.0
-0.01150330833583769	-0.009458236184383816	0.0
-0.011501302300096085	-0.009457273113819662	0.0
-0.01149929626435448	-0.009456310043255508	0.0
-0.011497067335752696	-0.009455346972691353	0.0
-0.01149528419287127	-0.009454383902127198	0.0
-0.011493278157129666	-0.009453420831563045	0.0
-0.01149149501424824	-0.00945245776099889	0.0
-0.011489711871366813	-0.009451494690434735	0.0
-0.011487705835625209	-0.00945053161987058	0.0
-0.011485699799883604	-0.009449729061067119	0.0
-0.011483693764142	-0.009448926502263658	0.0
-0.011481687728400395	-0.009447963431699501	0.0
-0.011479235906938433	-0.00944716087289604	0.0
-0.011477229871196828	-0.009446197802331885	0.0
-0.011475223835455224	-0.00944523473176773	0.0
-0.011473440692573798	-0.009444271661203577	0.0
-0.011471657549692371	-0.009443469102400114	0.0
-0.011469651513950766	-0.009442506031835959	0.0
-0.011467645478209162	-0.009441542961271806	0.0
-0.01146541654960738	-0.009440740402468343	0.0
-0.011463187621005596	-0.009439937843664882	0.0
-0.011461181585263993	-0.009439135284861419	0.0
-0.011459175549522386	-0.009438172214297264	0.0
-0.011457169513780781	-0.00943720914373311	0.0
-0.011455163478039177	-0.009436406584929648	0.0
-0.011453157442297572	-0.009435443514365495	0.0
-0.011451151406555967	-0.009434640955562032	0.0
-0.011448922477954185	-0.009433677884997877	0.0
-0.011446916442212579	-0.009432875326194416	0.0
-0.011444910406470976	-0.009432072767390953	0.0
-0.011442904370729371	-0.009431109696826798	0.0
-0.011440898334987766	-0.009430307138023336	0.0
-0.011438669406385984	-0.009429344067459182	0.0
-0.01143666337064438	-0.00942854150865572	0.0
-0.011434657334902773	-0.009427738949852257	0.0
-0.01143242840630099	-0.009426775879288102	0.0
-0.011430199477699209	-0.009425973320484641	0.0
-0.011428193441957604	-0.009425010249920486	0.0
-0.011426187406216	-0.009424207691117023	0.0
-0.011424181370474393	-0.009423405132313562	0.0
-0.01142195244187261	-0.009422442061749407	0.0
-0.011419946406131006	-0.009421639502945946	0.0
-0.011417940370389401	-0.009420676432381791	0.0
-0.011415711441787619	-0.009419873873578328	0.0
-0.011413705406046012	-0.009419071314774867	0.0
-0.01141147647744423	-0.009418108244210712	0.0
-0.011409470441702626	-0.009417305685407251	0.0
-0.011407464405961023	-0.009416342614843096	0.0
-0.011405235477359239	-0.009415540056039633	0.0
-0.011403229441617634	-0.00941457698547548	0.0
-0.01140122340587603	-0.009413774426672017	0.0
-0.011398994477274247	-0.009412971867868554	0.0
-0.011396988441532642	-0.0094120087973044	0.0
-0.01139475951293086	-0.009411206238500938	0.0
-0.011392530584329074	-0.009410243167936785	0.0
-0.011390524548587471	-0.009409440609133322	0.0
-0.011388295619985687	-0.009408638050329859	0.0
-0.011386289584244084	-0.009407674979765706	0.0
-0.01138428354850248	-0.009406872420962243	0.0
-0.011382277512760873	-0.009406069862158783	0.0
-0.011380048584159091	-0.009405106791594627	0.0
-0.011377819655557309	-0.009404304232791164	0.0
-0.011375590726955525	-0.009403501673987704	0.0
-0.011373361798353741	-0.009402538603423547	0.0
-0.011371355762612136	-0.009401736044620086	0.0
-0.011369126834010354	-0.009400772974055931	0.0
-0.01136712079826875	-0.00939997041525247	0.0
-0.011364891869666967	-0.009399007344688315	0.0
-0.01136288583392536	-0.009398204785884852	0.0
-0.011360656905323578	-0.009397402227081391	0.0
-0.011358427976721796	-0.009396439156517236	0.0
-0.011356421940980192	-0.009395636597713775	0.0
-0.011354193012378408	-0.00939467352714962	0.0
-0.011351964083776625	-0.009393870968346159	0.0
-0.01134995804803502	-0.009392907897782002	0.0
-0.011347729119433238	-0.009392105338978543	0.0
-0.011345500190831454	-0.009391142268414386	0.0
-0.01134349415508985	-0.009390339709610923	0.0
-0.011341265226488068	-0.00938937663904677	0.0
-0.011339036297886285	-0.009388413568482615	0.0
-0.01133703026214468	-0.009387611009679154	0.0
-0.011334801333542897	-0.009386647939114999	0.0
-0.011332572404941114	-0.009385845380311536	0.0
-0.01133056636919951	-0.009384882309747383	0.0
-0.011328337440597728	-0.00938407975094392	0.0
-0.011326108511995942	-0.009383116680379767	0.0
-0.011324102476254339	-0.009382153609815612	0.0
-0.011321873547652555	-0.009381351051012149	0.0
-0.011319644619050773	-0.009380227468687302	0.0
-0.011317638583309166	-0.00937942490988384	0.0
-0.011315409654707384	-0.009378461839319686	0.0
-0.01131340361896578	-0.009377659280516223	0.0
-0.011311174690363997	-0.00937669620995207	0.0
-0.011309168654622392	-0.009375733139387915	0.0
-0.011306939726020608	-0.009374930580584452	0.0
-0.011304933690279004	-0.009373967510020299	0.0
-0.011302704761677222	-0.009373004439456144	0.0
-0.011300698725935617	-0.009372041368891991	0.0
-0.011298692690194014	-0.009371238810088528	0.0
-0.011296463761592228	-0.00937011522776368	0.0
-0.011294457725850625	-0.009369152157199526	0.0
-0.011292228797248841	-0.009368189086635371	0.0
-0.011290222761507238	-0.00936738652783191	0.0
-0.011287993832905454	-0.009366423457267755	0.0
-0.01128598779716385	-0.009365299874942909	0.0
-0.011283981761422245	-0.009364336804378754	0.0
-0.011281752832820463	-0.009363373733814599	0.0
-0.011279746797078858	-0.009362410663250446	0.0
-0.011277517868477076	-0.009361608104446983	0.0
-0.01127551183273547	-0.009360645033882828	0.0
-0.011273505796993865	-0.009359681963318673	0.0
-0.011271276868392082	-0.00935871889275452	0.0
-0.011269270832650478	-0.009357755822190365	0.0
-0.011267041904048695	-0.00935679275162621	0.0
-0.011265035868307089	-0.009355829681062055	0.0
-0.011263029832565484	-0.009354706098737208	0.0
-0.011260800903963702	-0.009353582516412362	0.0
-0.011258794868222097	-0.009352619445848207	0.0
-0.011256565939620315	-0.009351656375284054	0.0
-0.011254559903878709	-0.00935085381648059	0.0
-0.011252553868137104	-0.009349890745916436	0.0
-0.011250324939535322	-0.009348927675352283	0.0
-0.011248318903793717	-0.009347964604788126	0.0
-0.011246089975191935	-0.009347001534223973	0.0
-0.011244083939450328	-0.009345877951899126	0.0
-0.011241855010848546	-0.009344914881334971	0.0
-0.011239848975106942	-0.009343951810770816	0.0
-0.011237842939365337	-0.009342828228445971	0.0
-0.011235836903623734	-0.009341865157881815	0.0
-0.011233607975021948	-0.00934090208731766	0.0
-0.011231601939280345	-0.009339939016753507	0.0
-0.01122959590353874	-0.009338975946189352	0.0
-0.011227366974936958	-0.009337852363864505	0.0
-0.011225360939195354	-0.00933688929330035	0.0
-0.011223354903453749	-0.009335765710975504	0.0
-0.011221125974851965	-0.009334802640411349	0.0
-0.01121911993911036	-0.009333679058086504	0.0
-0.011217336796228933	-0.009332715987522347	0.0
-0.01121533076048733	-0.009331752916958192	0.0
-0.011213547617605903	-0.009330789846394039	0.0
-0.01121131868900412	-0.009329826775829884	0.0
-0.011209312653262514	-0.009328863705265731	0.0
-0.01120730661752091	-0.009327900634701574	0.0
-0.011205077688919127	-0.009326937564137421	0.0
-0.011203071653177523	-0.009325974493573266	0.0
-0.011201065617435918	-0.00932485091124842	0.0
-0.011199059581694315	-0.009323887840684265	0.0
-0.011197276438812888	-0.009322764258359418	0.0
-0.011195270403071281	-0.009321801187795263	0.0
-0.011193487260189856	-0.009320838117231108	0.0
-0.011191481224448251	-0.009319875046666955	0.0
-0.011189475188706647	-0.0093189119761028	0.0
-0.011187246260104864	-0.009317948905538647	0.0
-0.01118524022436326	-0.00931698583497449	0.0
-0.011183457081481833	-0.009315862252649645	0.0
-0.011181673938600407	-0.009314738670324797	0.0
-0.011179667902858802	-0.009313775599760642	0.0
-0.011177661867117196	-0.009312652017435797	0.0
-0.01117587872423577	-0.00931168894687164	0.0
-0.011173872688494166	-0.009310725876307487	0.0
-0.011171866652752561	-0.009309762805743332	0.0
-0.011169860617010956	-0.00930879973517918	0.0
-0.011167854581269352	-0.00930767615285433	0.0
-0.011166071438387926	-0.009306552570529486	0.0
-0.011164065402646322	-0.009305428988204637	0.0
-0.011162282259764896	-0.00930430540587979	0.0
-0.011160499116883469	-0.009303342335315636	0.0
-0.011158493081141863	-0.00930221875299079	0.0
-0.011156709938260437	-0.009301255682426634	0.0
-0.011154703902518832	-0.009300132100101789	0.0
-0.011152697866777228	-0.009299169029537634	0.0
-0.0111509147238958	-0.009298045447212785	0.0
-0.011148908688154198	-0.009296921864887939	0.0
-0.011146902652412593	-0.009295958794323784	0.0
-0.011145119509531166	-0.009294835211998939	0.0
-0.011143113473789561	-0.00929371162967409	0.0
-0.011141330330908136	-0.009292748559109937	0.0
-0.01113932429516653	-0.009291624976785089	0.0
-0.011137318259424924	-0.009290501394460244	0.0
-0.011135535116543499	-0.009289538323896089	0.0
-0.011133529080801894	-0.009288414741571242	0.0
-0.01113152304506029	-0.009287130647485702	0.0
-0.011129739902178862	-0.009286007065160855	0.0
-0.01112773386643726	-0.009284883482836008	0.0
-0.011125727830695655	-0.009283759900511161	0.0
-0.011123944687814228	-0.009282796829947006	0.0
-0.011121938652072621	-0.009281673247622161	0.0
-0.011120155509191196	-0.009280549665297313	0.0
-0.011118149473449591	-0.009279426082972466	0.0
-0.011116143437707986	-0.00927830250064762	0.0
-0.011114360294826561	-0.009277178918322772	0.0
-0.011112354259084956	-0.009275894824237232	0.0
-0.011110348223343352	-0.009274771241912387	0.0
-0.011108565080461924	-0.009273647659587539	0.0
-0.011106559044720321	-0.009272524077262694	0.0
-0.011104775901838894	-0.009271400494937845	0.0
-0.011102992758957469	-0.009270276912612998	0.0
-0.011100986723215862	-0.00926899281852746	0.0
-0.011099203580334435	-0.009267869236202613	0.0
-0.01109719754459283	-0.009266585142117072	0.0
-0.011095191508851228	-0.009265301048031534	0.0
-0.0110934083659698	-0.009264016953945995	0.0
-0.011091402330228196	-0.009262893371621148	0.0
-0.01108961918734677	-0.009261769789296301	0.0
-0.011087836044465343	-0.009260485695210761	0.0
-0.011085830008723738	-0.009259201601125222	0.0
-0.011084046865842313	-0.009257917507039682	0.0
-0.011082040830100708	-0.009256633412954143	0.0
-0.011080257687219281	-0.009255509830629297	0.0
-0.011078251651477676	-0.009254225736543758	0.0
-0.01107646850859625	-0.009252941642458217	0.0
-0.011074685365714824	-0.00925181806013337	0.0
-0.011072679329973219	-0.009250694477808524	0.0
-0.011070896187091792	-0.009249410383722985	0.0
-0.011069113044210366	-0.009248126289637447	0.0
-0.011067107008468762	-0.00924652117203052	0.0
-0.011065323865587335	-0.009245397589705674	0.0
-0.01106354072270591	-0.009244113495620135	0.0
-0.011061534686964304	-0.009242829401534597	0.0
-0.011059751544082877	-0.009241545307449056	0.0
-0.011057968401201452	-0.009240261213363517	0.0
-0.011056185258320025	-0.009238977119277979	0.0
-0.01105417922257842	-0.009237693025192438	0.0
-0.011052396079696995	-0.009236248419346208	0.0
-0.01105039004395539	-0.009234964325260667	0.0
-0.011048606901073964	-0.009233519719414435	0.0
-0.011046600865332358	-0.009232235625328896	0.0
-0.01104481772245093	-0.009230951531243356	0.0
-0.011043034579569505	-0.009229667437157817	0.0
-0.0110410285438279	-0.009228383343072279	0.0
-0.011039245400946474	-0.009226938737226046	0.0
-0.011037462258065048	-0.009225654643140508	0.0
-0.011035456222323443	-0.009224210037294275	0.0
-0.011033673079442016	-0.009222765431448045	0.0
-0.011031667043700413	-0.00922132082560181	0.0
-0.011029883900818986	-0.009220036731516272	0.0
-0.01102810075793756	-0.009218913149191427	0.0
-0.011026094722195956	-0.009217629055105887	0.0
-0.011024311579314529	-0.009216184449259656	0.0
-0.011022528436433103	-0.009214900355174116	0.0
-0.011020522400691497	-0.009213455749327883	0.0
-0.01101873925781007	-0.009212011143481653	0.0
-0.011016956114928644	-0.00921056653763542	0.0
-0.011015172972047217	-0.009209121931789188	0.0
-0.011013166936305612	-0.009207837837703648	0.0
-0.011011383793424187	-0.00920655374361811	0.0
-0.011009377757682582	-0.009205109137771878	0.0
-0.011007594614801157	-0.009203825043686338	0.0
-0.01100581147191973	-0.009202380437840108	0.0
-0.011004028329038303	-0.009200775320233183	0.0
-0.0110020222932967	-0.009199330714386951	0.0
-0.011000239150415272	-0.00919788610854072	0.0
-0.010998456007533847	-0.009196441502694486	0.0
-0.010996449971792242	-0.009195157408608948	0.0
-0.010994666828910815	-0.009193873314523409	0.0
-0.010992660793169209	-0.00919258922043787	0.0
-0.010990877650287783	-0.009191144614591638	0.0
-0.010988871614546179	-0.009189539496984716	0.0
-0.010987088471664753	-0.009188094891138482	0.0
-0.010985305328783326	-0.009186489773531559	0.0
-0.010983522185901899	-0.009185045167685327	0.0
-0.010981516150160296	-0.009183600561839094	0.0
-0.010979733007278869	-0.009182155955992864	0.0
-0.010977726971537264	-0.00918071135014663	0.0
-0.010975943828655839	-0.0091792667443004	0.0
-0.010973937792914234	-0.009177822138454169	0.0
-0.010972154650032807	-0.009176377532607935	0.0
-0.010970371507151381	-0.009174932926761704	0.0
-0.010968365471409777	-0.00917332780915478	0.0
-0.01096658232852835	-0.009171883203308548	0.0
-0.010964799185646924	-0.009170438597462317	0.0
-0.010962793149905318	-0.009168993991616085	0.0
-0.010961010007023892	-0.009167549385769852	0.0
-0.010959003971282287	-0.009165944268162928	0.0
-0.01095722082840086	-0.009164339150556006	0.0
-0.010955214792659256	-0.009162894544709773	0.0
-0.01095343164977783	-0.009161449938863541	0.0
-0.010951648506896403	-0.00916000533301731	0.0
-0.0109496424711548	-0.009158400215410385	0.0
-0.010947859328273373	-0.009156955609564154	0.0
-0.010945853292531768	-0.00915535049195723	0.0
-0.010944070149650343	-0.009153745374350306	0.0
-0.010942064113908738	-0.009152140256743381	0.0
-0.010940280971027309	-0.00915069565089715	0.0
-0.010938497828145884	-0.009148930021529535	0.0
-0.010936491792404279	-0.009147324903922609	0.0
-0.010934708649522852	-0.009145880298076378	0.0
-0.010932702613781249	-0.009144435692230146	0.0
-0.010930919470899822	-0.009142991086383914	0.0
-0.010928913435158217	-0.00914138596877699	0.0
-0.010927130292276791	-0.009139620339409373	0.0
-0.010925124256535187	-0.009138015221802449	0.0
-0.01092334111365376	-0.009136410104195525	0.0
-0.010921557970772334	-0.009134644474827909	0.0
-0.010919774827890907	-0.009133039357220984	0.0
-0.010917768792149302	-0.009131594751374752	0.0
-0.010915762756407698	-0.009129989633767828	0.0
-0.01091397961352627	-0.009128384516160904	0.0
-0.010911973577784666	-0.00912677939855398	0.0
-0.01091019043490324	-0.009125174280947055	0.0
-0.010908407292021813	-0.00912340865157944	0.0
-0.010906401256280208	-0.009121803533972515	0.0
-0.010904618113398783	-0.009119877392844205	0.0
-0.010902834970517356	-0.009118272275237281	0.0
-0.010900828934775751	-0.009116667157630359	0.0
-0.010899045791894326	-0.009115062040023434	0.0
-0.010897039756152721	-0.009113617434177202	0.0
-0.010895033720411116	-0.009112012316570278	0.0
-0.010893250577529691	-0.009110246687202662	0.0
-0.010891467434648264	-0.009108481057835044	0.0
-0.010889461398906657	-0.009106715428467428	0.0
-0.010887678256025232	-0.009105110310860504	0.0
-0.010885672220283627	-0.009103344681492887	0.0
-0.0108838890774022	-0.009101739563885962	0.0
-0.010881883041660597	-0.009100134446279039	0.0
-0.01088009989877917	-0.009098368816911423	0.0
-0.010878093863037565	-0.009096763699304499	0.0
-0.01087631072015614	-0.009094998069936881	0.0
-0.010874304684414535	-0.009093392952329957	0.0
-0.010872521541533108	-0.00909162732296234	0.0
-0.010870515505791503	-0.009090022205355418	0.0
-0.010868732362910078	-0.0090882565759878	0.0
-0.010866726327168471	-0.009086651458380876	0.0
-0.010864943184287046	-0.00908488582901326	0.0
-0.010862937148545441	-0.009083280711406336	0.0
-0.010861154005664014	-0.009081515082038718	0.0
-0.01085914796992241	-0.009079749452671102	0.0
-0.010857141934180806	-0.009077983823303486	0.0
-0.01085535879129938	-0.009076378705696561	0.0
-0.010853352755557774	-0.009074613076328945	0.0
-0.010851569612676349	-0.009073007958722021	0.0
-0.010849563576934744	-0.009071402841115097	0.0
-0.010847557541193138	-0.00906963721174748	0.0
-0.010845551505451533	-0.009067871582379865	0.0
-0.010843768362570108	-0.009066105953012247	0.0
-0.010841762326828503	-0.009064500835405323	0.0
-0.010839979183947076	-0.009062735206037707	0.0
-0.010837973148205471	-0.00906096957667009	0.0
-0.010835967112463868	-0.009059364459063165	0.0
-0.010833961076722264	-0.009057598829695548	0.0
-0.010831955040980657	-0.009055993712088626	0.0
-0.010829949005239052	-0.00905422808272101	0.0
-0.010828165862357627	-0.009052462453353392	0.0
-0.010826159826616022	-0.009050696823985776	0.0
-0.010824376683734595	-0.009048931194618158	0.0
-0.01082237064799299	-0.009047165565250542	0.0
-0.010820364612251387	-0.009045399935882924	0.0
-0.010818358576509783	-0.009043794818276002	0.0
-0.010816352540768178	-0.009042189700669077	0.0
-0.010814346505026572	-0.009040424071301461	0.0
-0.010812563362145144	-0.009038658441933843	0.0
-0.010810557326403542	-0.009036892812566227	0.0
-0.010808551290661937	-0.009034966671437918	0.0
-0.01080676814778051	-0.009033361553830995	0.0
-0.010804762112038905	-0.009031595924463379	0.0
-0.010802756076297302	-0.009029830295095761	0.0
-0.010800527147695516	-0.009028064665728145	0.0
-0.010798298219093734	-0.00902645954812122	0.0
-0.01079629218335213	-0.009024854430514297	0.0
-0.010794509040470704	-0.009023088801146679	0.0
-0.010792725897589277	-0.00902116266001837	0.0
-0.010790942754707851	-0.009019397030650755	0.0
-0.010788936718966247	-0.009017631401283139	0.0
-0.010786930683224642	-0.009015865771915522	0.0
-0.010784924647483037	-0.009014100142547905	0.0
-0.010782695718881253	-0.00901249502494098	0.0
-0.010780689683139649	-0.009010729395573364	0.0
-0.010778683647398046	-0.009008963766205748	0.0
-0.010776677611656441	-0.00900719813683813	0.0
-0.010774671575914836	-0.009005432507470514	0.0
-0.010772888433033409	-0.009003506366342204	0.0
-0.010771105290151984	-0.009001740736974588	0.0
-0.010769099254410379	-0.008999975107606972	0.0
-0.010767093218668772	-0.008998209478239354	0.0
-0.01076486429006699	-0.008996443848871738	0.0
-0.010762858254325386	-0.008994678219504122	0.0
-0.01076107511144396	-0.008992912590136506	0.0
-0.010759069075702355	-0.008990986449008198	0.0
-0.010757285932820928	-0.00898922081964058	0.0
-0.010755279897079324	-0.00898729467851227	0.0
-0.010753273861337719	-0.008985529049144654	0.0
-0.010751267825596114	-0.008983763419777038	0.0
-0.01074926178985451	-0.008981997790409422	0.0
-0.010747255754112905	-0.008980071649281112	0.0
-0.0107452497183713	-0.008978306019913496	0.0
-0.010743466575489875	-0.00897654039054588	0.0
-0.01074146053974827	-0.008974774761178264	0.0
-0.010739454504006665	-0.008972848620049954	0.0
-0.010737448468265059	-0.008971082990682337	0.0
-0.010735665325383633	-0.00896931736131472	0.0
-0.010733659289642029	-0.008967391220186412	0.0
-0.010731653253900424	-0.008965625590818796	0.0
-0.01072964721815882	-0.00896385996145118	0.0
-0.010727641182417215	-0.008961933820322869	0.0
-0.01072585803953579	-0.008960168190955253	0.0
-0.010723852003794184	-0.008958402561587636	0.0
-0.010721845968052578	-0.008956476420459328	0.0
-0.010719839932310973	-0.008954710791091712	0.0
-0.010717833896569369	-0.008952784649963403	0.0
-0.010716050753687943	-0.008951019020595785	0.0
-0.010714044717946338	-0.008949253391228169	0.0
-0.010712038682204734	-0.008947487761860553	0.0
-0.010710032646463129	-0.008945561620732245	0.0
-0.010708249503581704	-0.008943795991364628	0.0
-0.010706243467840099	-0.00894203036199701	0.0
-0.010704237432098493	-0.0089401042208687	0.0
-0.010702231396356888	-0.008938338591501085	0.0
-0.010700225360615283	-0.008936572962133469	0.0
-0.01069821932487368	-0.00893464682100516	0.0
-0.010696436181992253	-0.008932881191637543	0.0
-0.010694430146250648	-0.008931115562269927	0.0
-0.010692647003369223	-0.008929510444663002	0.0
-0.010690640967627618	-0.008927584303534694	0.0
-0.010688857824746191	-0.008925818674167075	0.0
-0.010686851789004586	-0.008924053044799459	0.0
-0.010684845753262982	-0.00892212690367115	0.0
-0.010682839717521377	-0.008920361274303535	0.0
-0.010680833681779772	-0.008918435133175227	0.0
-0.010678827646038168	-0.00891666950380761	0.0
-0.010677044503156742	-0.008915064386200685	0.0
-0.010675038467415137	-0.008913298756833068	0.0
-0.01067325532453371	-0.008911533127465452	0.0
-0.010671249288792106	-0.008909767498097836	0.0
-0.0106692432530505	-0.008907841356969525	0.0
-0.010667237217308896	-0.008905915215841217	0.0
-0.010665231181567291	-0.0089041495864736	0.0
-0.010663448038685864	-0.008902383957105985	0.0
-0.010661664895804439	-0.00890077883949906	0.0
-0.010659658860062834	-0.008899013210131443	0.0
-0.01065765282432123	-0.008897247580763826	0.0
-0.010655869681439804	-0.008895321439635518	0.0
-0.0106538636456982	-0.008893555810267902	0.0
-0.010651857609956593	-0.008891629669139593	0.0
-0.010649851574214988	-0.008889864039771975	0.0
-0.010647845538473383	-0.008888098410404359	0.0
-0.010645839502731779	-0.008886332781036742	0.0
-0.010643833466990176	-0.008884727663429818	0.0
-0.010641827431248571	-0.0088829620340622	0.0
-0.010640044288367144	-0.008881035892933892	0.0
-0.010638038252625538	-0.008879270263566276	0.0
-0.010636032216883935	-0.00887750463419866	0.0
-0.01063402618114233	-0.008875739004831044	0.0
-0.010632020145400725	-0.008873973375463426	0.0
-0.01063001410965912	-0.00887220774609581	0.0
-0.010628008073917516	-0.008870442116728194	0.0
-0.010626002038175911	-0.00886883699912127	0.0
-0.010623773109574127	-0.008867071369753654	0.0
-0.010621767073832522	-0.008865305740386036	0.0
-0.01061953814523074	-0.00886354011101842	0.0
-0.010617532109489135	-0.008861774481650804	0.0
-0.010615526073747533	-0.008860008852283188	0.0
-0.010613520038005926	-0.008858403734676262	0.0
-0.010611514002264321	-0.008856638105308645	0.0
-0.010609507966522717	-0.00885487247594103	0.0
-0.010607501930781112	-0.008853267358334105	0.0
-0.01060527300217933	-0.008851662240727181	0.0
-0.010603044073577546	-0.008849896611359565	0.0
-0.010601038037835941	-0.008848130981991949	0.0
-0.010598809109234159	-0.008846525864385025	0.0
-0.010596803073492554	-0.008844760235017407	0.0
-0.01059479703775095	-0.008843155117410482	0.0
-0.010592568109149166	-0.008841549999803558	0.0
-0.010590339180547383	-0.008840105393957326	0.0
-0.010588110251945601	-0.00883833976458971	0.0
-0.010586104216203996	-0.00883689515874348	0.0
-0.010583875287602214	-0.008835129529375863	0.0
-0.01058164635900043	-0.008833524411768937	0.0
-0.010579640323258825	-0.008831919294162013	0.0
-0.010577411394657043	-0.008830153664794397	0.0
-0.01057518246605526	-0.008828709058948166	0.0
-0.010573176430313655	-0.00882710394134124	0.0
-0.01057094750171187	-0.008825498823734318	0.0
-0.010568718573110088	-0.008823893706127394	0.0
-0.010566266751648127	-0.008822288588520468	0.0
-0.010563814930186165	-0.008820683470913545	0.0
-0.010561808894444562	-0.00881891784154593	0.0
-0.010559579965842779	-0.008817312723939005	0.0
-0.010557573930101174	-0.008815707606332079	0.0
-0.01055534500149939	-0.008814102488725157	0.0
-0.010553338965757787	-0.008812497371118232	0.0
-0.010550887144295825	-0.008811052765272	0.0
-0.010548435322833864	-0.008809447647665076	0.0
-0.01054620639423208	-0.008807842530058152	0.0
-0.010543977465630298	-0.00880639792421192	0.0
-0.010541748537028514	-0.008804792806604995	0.0
-0.010539519608426732	-0.008803187688998073	0.0
-0.01053729067982495	-0.008801582571391148	0.0
-0.010535061751223167	-0.00879981694202353	0.0
-0.010532832822621381	-0.008798051312655914	0.0
-0.010530381001159422	-0.00879644619504899	0.0
-0.01052815207255764	-0.008794841077442066	0.0
-0.010525700251095676	-0.008793235959835142	0.0
-0.010523471322493894	-0.00879179135398891	0.0
-0.010521242393892112	-0.008790186236381987	0.0
-0.010519013465290328	-0.008788581118775061	0.0
-0.010516561643828366	-0.008786976001168137	0.0
-0.010514332715226584	-0.008785370883561214	0.0
-0.0105121037866248	-0.008783605254193598	0.0
-0.01050965196516284	-0.008782000136586672	0.0
-0.010507200143700879	-0.008780234507219056	0.0
-0.010504971215099095	-0.008778629389612132	0.0
-0.010502519393637135	-0.008777024272005208	0.0
-0.010500067572175174	-0.008775419154398284	0.0
-0.01049783864357339	-0.00877381403679136	0.0
-0.010495386822111428	-0.008772369430945129	0.0
-0.010493157893509646	-0.008770764313338203	0.0
-0.010490706072047684	-0.008768998683970587	0.0
-0.010488254250585723	-0.008767393566363664	0.0
-0.010486025321983939	-0.008765788448756738	0.0
-0.01048357350052198	-0.008764183331149814	0.0
-0.010481121679060018	-0.008762578213542892	0.0
-0.010478669857598056	-0.008760973095935968	0.0
-0.010476218036136095	-0.008759528490089735	0.0
-0.010473766214674133	-0.008757923372482811	0.0
-0.010471537286072351	-0.008756318254875887	0.0
-0.010468862571750212	-0.008754713137268963	0.0
-0.010466410750288249	-0.008753108019662038	0.0
-0.010464181821686467	-0.008751502902055114	0.0
-0.010461952893084684	-0.008749897784448192	0.0
-0.010459501071622723	-0.008748613690362651	0.0
-0.010457049250160761	-0.008747008572755727	0.0
-0.010454597428698802	-0.008745403455148801	0.0
-0.010451922714376661	-0.008743798337541879	0.0
-0.0104494708929147	-0.008742353731695646	0.0
-0.010447019071452738	-0.008740748614088724	0.0
-0.010444790142850956	-0.008739143496481798	0.0
-0.010442338321388992	-0.008737538378874874	0.0
-0.01044010939278721	-0.008736093773028643	0.0
-0.01043765757132525	-0.008734488655421717	0.0
-0.010435205749863287	-0.008733044049575487	0.0
-0.010432753928401328	-0.008731438931968562	0.0
-0.010430302106939366	-0.008729833814361638	0.0
-0.010427627392617227	-0.008728389208515406	0.0
-0.010425175571155266	-0.008726784090908483	0.0
-0.010422723749693304	-0.008725178973301558	0.0
-0.01042049482109152	-0.008723734367455327	0.0
-0.010418265892489738	-0.008722289761609095	0.0
-0.010415814071027776	-0.00872068464400217	0.0
-0.010413362249565815	-0.008719240038155938	0.0
-0.010410687535243676	-0.008717634920549016	0.0
-0.010408235713781714	-0.008716029802942091	0.0
-0.010405560999459574	-0.008714424685335165	0.0
-0.010403109177997614	-0.008712819567728243	0.0
-0.010400880249395832	-0.00871137496188201	0.0
-0.010398428427933868	-0.008709930356035778	0.0
-0.010396199499332086	-0.008708485750189548	0.0
-0.010393747677870126	-0.008706880632582624	0.0
-0.010391295856408163	-0.008705436026736391	0.0
-0.010388844034946203	-0.008703830909129467	0.0
-0.010386169320624063	-0.008702225791522543	0.0
-0.010383717499162101	-0.008700620673915619	0.0
-0.010381265677700141	-0.008699015556308694	0.0
-0.010379036749098357	-0.008697570950462464	0.0
-0.010376584927636396	-0.00869612634461623	0.0
-0.010374355999034614	-0.008694521227009307	0.0
-0.010371904177572652	-0.008692916109402383	0.0
-0.01036945235611069	-0.008691310991795457	0.0
-0.01036700053464873	-0.008689866385949227	0.0
-0.01036432582032659	-0.008688261268342302	0.0
-0.010361873998864627	-0.00868681666249607	0.0
-0.010359422177402667	-0.008685211544889146	0.0
-0.010357193248800885	-0.008683606427282223	0.0
-0.010354741427338922	-0.008682161821435991	0.0
-0.01035251249873714	-0.008680556703829067	0.0
-0.01035006067727518	-0.008678951586222143	0.0
-0.010347608855813217	-0.008677506980375912	0.0
-0.010345157034351257	-0.008675901862768986	0.0
-0.010342259427168939	-0.008674296745162062	0.0
-0.010339807605706977	-0.008672531115794446	0.0
-0.010337578677105195	-0.008671086509948214	0.0
-0.010335126855643233	-0.008669641904101983	0.0
-0.01033289792704145	-0.00866819729825575	0.0
-0.010330668998439667	-0.008666592180648826	0.0
-0.010328217176977706	-0.008664987063041902	0.0
-0.010325765355515744	-0.008663381945434978	0.0
-0.010323313534053783	-0.008661616316067362	0.0
-0.010320638819731644	-0.00866017171022113	0.0
-0.010318186998269682	-0.008658566592614205	0.0
-0.010315512283947543	-0.008656961475007283	0.0
-0.01031306046248558	-0.008655516869161049	0.0
-0.010310831533883798	-0.008653911751554126	0.0
-0.010308602605282016	-0.008652306633947202	0.0
-0.010306150783820056	-0.008650701516340276	0.0
-0.01030392185521827	-0.008649096398733354	0.0
-0.01030147003375631	-0.00864749128112643	0.0
-0.010299018212294349	-0.008645886163519505	0.0
-0.010296566390832387	-0.008644281045912581	0.0
-0.010294114569370428	-0.008642836440066349	0.0
-0.010291662747908464	-0.008641231322459426	0.0
-0.010289210926446505	-0.0086396262048525	0.0
-0.01028698199784472	-0.008638021087245576	0.0
-0.01028453017638276	-0.008636415969638654	0.0
-0.0102820783549208	-0.008634650340271038	0.0
-0.010279626533458836	-0.008633205734424804	0.0
-0.010277174711996876	-0.008631600616817881	0.0
-0.010274945783395092	-0.008629995499210957	0.0
-0.010272493961933131	-0.008628390381604031	0.0
-0.010270042140471171	-0.008626785263997109	0.0
-0.010267813211869387	-0.008625180146390184	0.0
-0.010265361390407426	-0.008623414517022568	0.0
-0.010262909568945464	-0.008621809399415642	0.0
-0.010260457747483503	-0.008620204281808718	0.0
-0.01025822881888172	-0.008618759675962488	0.0
-0.010255776997419759	-0.008617154558355562	0.0
-0.010253325175957798	-0.008615549440748639	0.0
-0.010251319140216193	-0.008613944323141715	0.0
-0.010248867318754233	-0.008612339205534789	0.0
-0.010246638390152447	-0.008610573576167173	0.0
-0.010244186568690488	-0.00860896845856025	0.0
-0.010241734747228526	-0.008607363340953326	0.0
-0.010239505818626742	-0.0086057582233464	0.0
-0.010237053997164782	-0.008604153105739478	0.0
-0.010234825068563	-0.008602547988132554	0.0
-0.010232373247101037	-0.00860094287052563	0.0
-0.010230144318499255	-0.008599337752918705	0.0
-0.010227915389897473	-0.008597732635311781	0.0
-0.010225686461295689	-0.008595967005944165	0.0
-0.010223457532693906	-0.008594361888337239	0.0
-0.010221005711231945	-0.008592756770730316	0.0
-0.010218776782630163	-0.008591151653123392	0.0
-0.0102163249611682	-0.008589546535516468	0.0
-0.010214096032566417	-0.008587941417909544	0.0
-0.010211867103964635	-0.00858633630030262	0.0
-0.010209638175362851	-0.008584731182695695	0.0
-0.010207409246761069	-0.008583126065088771	0.0
-0.010205180318159287	-0.008581360435721153	0.0
-0.010202951389557503	-0.008579594806353537	0.0
-0.010200722460955719	-0.008577989688746615	0.0
-0.010198270639493759	-0.008576384571139689	0.0
-0.010195818818031796	-0.008574779453532765	0.0
-0.010193589889430013	-0.008573334847686534	0.0
-0.010191360960828231	-0.008571729730079608	0.0
-0.010189132032226449	-0.008570124612472686	0.0
-0.010186903103624665	-0.008568519494865761	0.0
-0.01018489706788306	-0.008566914377258837	0.0
-0.010182668139281278	-0.008565309259651913	0.0
-0.010180216317819315	-0.008563704142044989	0.0
-0.010177987389217533	-0.008562099024438065	0.0
-0.01017575846061575	-0.00856049390683114	0.0
-0.010173529532013968	-0.008558888789224216	0.0
-0.010171300603412184	-0.008557444183377986	0.0
-0.010169071674810402	-0.008555839065771061	0.0
-0.010166842746208618	-0.008554233948164135	0.0
-0.010164613817606836	-0.008552628830557213	0.0
-0.010162384889005052	-0.008551023712950289	0.0
-0.01016015596040327	-0.008549418595343363	0.0
-0.010157927031801487	-0.008547973989497132	0.0
-0.010155698103199703	-0.008546368871890208	0.0
-0.01015346917459792	-0.008544763754283284	0.0
-0.010151240245996137	-0.00854315863667636	0.0
-0.010149234210254533	-0.008541553519069435	0.0
-0.010147005281652749	-0.008540108913223205	0.0
-0.010144776353050966	-0.008538503795616279	0.0
-0.010142547424449184	-0.008537059189770048	0.0
-0.010140318495847402	-0.008535454072163124	0.0
-0.010137866674385439	-0.008534009466316892	0.0
-0.010135860638643836	-0.008532404348709968	0.0
-0.010133631710042052	-0.008530799231103045	0.0
-0.010131625674300449	-0.008529194113496119	0.0
-0.010129396745698663	-0.008527588995889195	0.0
-0.01012739070995706	-0.008525983878282272	0.0
-0.010124938888495099	-0.008524378760675346	0.0
-0.010122709959893316	-0.008522934154829116	0.0
-0.010120258138431353	-0.008521489548982884	0.0
-0.010118029209829571	-0.008520044943136651	0.0
-0.010116023174087966	-0.00851860033729042	0.0
-0.010113794245486182	-0.008516995219683497	0.0
-0.010112011102604757	-0.00851539010207657	0.0
-0.010109782174002975	-0.008513784984469648	0.0
-0.01010755324540119	-0.008512340378623416	0.0
-0.01010510142393923	-0.008510735261016493	0.0
-0.010102872495337447	-0.00850929065517026	0.0
-0.010100420673875486	-0.008507846049324029	0.0
-0.010098191745273703	-0.008506240931717104	0.0
-0.01009596281667192	-0.008504796325870872	0.0
-0.010093956780930315	-0.008503191208263948	0.0
-0.010091727852328532	-0.008501746602417717	0.0
-0.010089721816586928	-0.008500141484810791	0.0
-0.010087492887985144	-0.008498696878964561	0.0
-0.010085263959383362	-0.008497091761357637	0.0
-0.01008303503078158	-0.008495647155511404	0.0
-0.010080583209319616	-0.008494202549665174	0.0
-0.010078131387857656	-0.00849259743205825	0.0
-0.010075902459255874	-0.008491152826212017	0.0
-0.01007367353065409	-0.008489547708605093	0.0
-0.010071444602052306	-0.008488103102758862	0.0
-0.010069215673450524	-0.00848665849691263	0.0
-0.010066986744848742	-0.008485053379305706	0.0
-0.010064757816246958	-0.008483608773459475	0.0
-0.010062528887645176	-0.008482164167613241	0.0
-0.010060299959043393	-0.008480559050006319	0.0
-0.01005784813758143	-0.008479114444160087	0.0
-0.010055842101839825	-0.008477669838313854	0.0
-0.010053613173238043	-0.008476225232467624	0.0
-0.010051384244636261	-0.00847478062662139	0.0
-0.010049378208894656	-0.008473336020775159	0.0
-0.010047149280292872	-0.008471891414928929	0.0
-0.01004492035169109	-0.008470446809082694	0.0
-0.010042691423089308	-0.008469002203236464	0.0
-0.010040462494487524	-0.008467557597390233	0.0
-0.010038010673025562	-0.008465952479783307	0.0
-0.010036004637283958	-0.008464507873937077	0.0
-0.010033775708682175	-0.008463063268090846	0.0
-0.010031769672940569	-0.008461618662244612	0.0
-0.010029540744338787	-0.008460334568159074	0.0
-0.010027311815737005	-0.008459050474073533	0.0
-0.010025082887135222	-0.008457605868227303	0.0
-0.010022631065673259	-0.008456161262381072	0.0
-0.010020402137071477	-0.008454716656534838	0.0
-0.010018173208469695	-0.0084534325624493	0.0
-0.01001616717272809	-0.008451987956603069	0.0
-0.010014161136986484	-0.008450703862517528	0.0
-0.010012155101244879	-0.008449259256671298	0.0
-0.010009926172643097	-0.008447814650825065	0.0
-0.010007697244041314	-0.008446530556739527	0.0
-0.010005245422579353	-0.008445085950893294	0.0
-0.010003239386837748	-0.008443801856807754	0.0
-0.010000787565375787	-0.008442357250961523	0.0
-0.009998558636774003	-0.008441073156875983	0.0
-0.009996552601032398	-0.008439628551029752	0.0
-0.009994546565290795	-0.008438344456944214	0.0
-0.00999254052954919	-0.008437060362858673	0.0
-0.009990311600947408	-0.008435615757012443	0.0
-0.009987859779485445	-0.008434331662926902	0.0
-0.009985630850883663	-0.008433047568841364	0.0
-0.00998340192228188	-0.008431602962995131	0.0
-0.009981172993680098	-0.008430318868909593	0.0
-0.009978944065078313	-0.00842887426306336	0.0
-0.00997693802933671	-0.00842759016897782	0.0
-0.009974931993595105	-0.00842614556313159	0.0
-0.0099729259578535	-0.00842486146904605	0.0
-0.009970697029251718	-0.00842357737496051	0.0
-0.009968468100649934	-0.008422293280874972	0.0
-0.00996623917204815	-0.00842084867502874	0.0
-0.009964010243446368	-0.0084195645809432	0.0
-0.009961781314844584	-0.008418280486857662	0.0
-0.009959552386242802	-0.00841683588101143	0.0
-0.009957546350501197	-0.008415391275165197	0.0
-0.009955540314759592	-0.008414107181079657	0.0
-0.00995331138615781	-0.008412662575233426	0.0
-0.009951082457556026	-0.008411378481147888	0.0
-0.009949076421814421	-0.008410094387062347	0.0
-0.009946847493212639	-0.008408810292976809	0.0
-0.009944618564610857	-0.008407526198891268	0.0
-0.00994261252886925	-0.008406081593045038	0.0
-0.009940383600267468	-0.008404797498959499	0.0
-0.009938154671665686	-0.008403513404873959	0.0
-0.009936148635924081	-0.008402068799027728	0.0
-0.009933919707322299	-0.008400784704942188	0.0
-0.009931913671580693	-0.008399500610856649	0.0
-0.00992968474297891	-0.008398056005010418	0.0
-0.009927455814377128	-0.008396771910924878	0.0
-0.009925449778635523	-0.00839548781683934	0.0
-0.00992322085003374	-0.008394203722753799	0.0
-0.009920991921431956	-0.00839291962866826	0.0
-0.009918985885690353	-0.00839163553458272	0.0
-0.009916756957088569	-0.008390351440497181	0.0
-0.009914528028486785	-0.00838890683465095	0.0
-0.00991252199274518	-0.00838762274056541	0.0
-0.009910293064143398	-0.008386178134719178	0.0
-0.009908287028401793	-0.008384894040633637	0.0
-0.00990605809980001	-0.0083836099465481	0.0
-0.009903829171198227	-0.00838232585246256	0.0
-0.009901823135456622	-0.008381041758377021	0.0
-0.00989959420685484	-0.008379597152530789	0.0
-0.009897588171113235	-0.008378313058445249	0.0
-0.009895359242511451	-0.008376868452599018	0.0
-0.009893130313909669	-0.008375584358513478	0.0
-0.009891124278168064	-0.008374300264427939	0.0
-0.009888895349566282	-0.0083730161703424	0.0
-0.009886889313824677	-0.00837173207625686	0.0
-0.009884883278083071	-0.008370447982171321	0.0
-0.009882877242341466	-0.008369003376325089	0.0
-0.009880648313739684	-0.00836771928223955	0.0
-0.009878419385137902	-0.00836627467639332	0.0
-0.009876413349396297	-0.008364830070547086	0.0
-0.00987440731365469	-0.008363545976461549	0.0
-0.009872178385052909	-0.008362101370615315	0.0
-0.009870172349311304	-0.008360817276529776	0.0
-0.009867943420709522	-0.008359372670683545	0.0
-0.009865937384967917	-0.008358088576598005	0.0
-0.009863708456366133	-0.008356643970751775	0.0
-0.009861702420624528	-0.008355359876666234	0.0
-0.009859696384882925	-0.008353915270820002	0.0
-0.009857467456281141	-0.008352631176734465	0.0
-0.009855461420539538	-0.00835118657088823	0.0
-0.009853455384797932	-0.008349741965042	0.0
-0.009851449349056327	-0.008348457870956462	0.0
-0.009849443313314723	-0.00834701326511023	0.0
-0.00984721438471294	-0.008345568659263997	0.0
-0.009845208348971336	-0.008344124053417765	0.0
-0.009842979420369552	-0.008342679447571534	0.0
-0.00984075049176777	-0.008341234841725302	0.0
-0.009838744456026165	-0.00833979023587907	0.0
-0.00983673842028456	-0.00833850614179353	0.0
-0.009834509491682778	-0.0083370615359473	0.0
-0.009832503455941171	-0.008335616930101068	0.0
-0.009830497420199567	-0.008334172324254836	0.0
-0.009828268491597784	-0.008332727718408603	0.0
-0.009826039562996002	-0.008331122600801679	0.0
-0.009823810634394218	-0.008329677994955449	0.0
-0.009821804598652614	-0.008328233389109216	0.0
-0.009819575670050831	-0.008326788783262984	0.0
-0.009817569634309227	-0.008325344177416753	0.0
-0.009815340705707444	-0.008323899571570521	0.0
-0.00981311177710566	-0.008322454965724289	0.0
-0.009811105741364056	-0.008320849848117366	0.0
-0.009808876812762274	-0.008319405242271132	0.0
-0.009806647884160491	-0.00831780012466421	0.0
-0.009804418955558706	-0.008316195007057285	0.0
-0.009801967134096746	-0.008314750401211053	0.0
-0.009799738205494964	-0.008313145283604129	0.0
-0.00979750927689318	-0.008311700677757898	0.0
-0.009795503241151575	-0.008310256071911664	0.0
-0.009793274312549793	-0.008308650954304742	0.0
-0.009791045383948009	-0.008307206348458511	0.0
-0.009789039348206406	-0.008305440719090893	0.0
-0.0097870333124648	-0.00830383560148397	0.0
-0.009784804383863017	-0.008302390995637737	0.0
-0.009782575455261233	-0.008300785878030814	0.0
-0.009780123633799272	-0.00829934127218458	0.0
-0.00977789470519749	-0.008297736154577658	0.0
-0.009775442883735528	-0.008296131036970734	0.0
-0.009773436847993925	-0.008294525919363808	0.0
-0.00977120791939214	-0.008293081313517577	0.0
-0.009768978990790357	-0.008291476195910653	0.0
-0.009766750062188575	-0.008289710566543037	0.0
-0.009764521133586793	-0.008288105448936113	0.0
-0.009762515097845186	-0.00828666084308988	0.0
-0.009760509062103582	-0.008285055725482958	0.0
-0.0097582801335018	-0.008283450607876032	0.0
-0.009756051204900017	-0.008281845490269108	0.0
-0.009753599383438054	-0.008280240372662185	0.0
-0.009751370454836272	-0.00827863525505526	0.0
-0.009748918633374312	-0.008277030137448335	0.0
-0.009746689704772528	-0.008275264508080719	0.0
-0.009744683669030923	-0.008273659390473797	0.0
-0.009742454740429141	-0.00827205427286687	0.0
-0.009740225811827359	-0.008270449155259946	0.0
-0.009737996883225573	-0.008268844037653024	0.0
-0.00973576795462379	-0.0082672389200461	0.0
-0.009733539026022009	-0.008265473290678482	0.0
-0.009731310097420226	-0.008263707661310866	0.0
-0.009729081168818442	-0.008262102543703942	0.0
-0.00972685224021666	-0.008260336914336325	0.0
-0.009724846204475055	-0.008258571284968708	0.0
-0.009722617275873273	-0.008256966167361783	0.0
-0.00972016545441131	-0.008255361049754861	0.0
-0.009717936525809528	-0.008253595420387245	0.0
-0.009715484704347566	-0.008251990302780319	0.0
-0.009713255775745782	-0.008250064161652011	0.0
-0.009711026847144	-0.008248298532284395	0.0
-0.009709020811402395	-0.008246532902916779	0.0
-0.009706791882800611	-0.008244767273549159	0.0
-0.00970456295419883	-0.008243001644181543	0.0
-0.009702556918457225	-0.008241236014813927	0.0
-0.009700105096995265	-0.008239630897207004	0.0
-0.00969787616839348	-0.008238025779600078	0.0
-0.00969542434693152	-0.008236260150232462	0.0
-0.00969297252546956	-0.008234334009104154	0.0
-0.009690743596867774	-0.008232568379736538	0.0
-0.009688514668265992	-0.008230642238608228	0.0
-0.009686508632524387	-0.008228876609240612	0.0
-0.009684279703922605	-0.008227110979872995	0.0
-0.009682273668180998	-0.008225345350505378	0.0
-0.009680044739579216	-0.008223579721137762	0.0
-0.009677592918117256	-0.008221814091770146	0.0
-0.009675141096655293	-0.00822020897416322	0.0
-0.009672912168053511	-0.008218443344795604	0.0
-0.009670683239451729	-0.008216517203667296	0.0
-0.009668454310849946	-0.008214591062538986	0.0
-0.009666225382248162	-0.00821282543317137	0.0
-0.00966399645364638	-0.008211059803803752	0.0
-0.009661767525044596	-0.008209294174436136	0.0
-0.009659538596442812	-0.00820752854506852	0.0
-0.009657086774980853	-0.008205762915700904	0.0
-0.00965485784637907	-0.008203997286333288	0.0
-0.009652406024917107	-0.008202071145204978	0.0
-0.009650177096315325	-0.008200305515837362	0.0
-0.009647948167713543	-0.008198379374709052	0.0
-0.00964571923911176	-0.008196613745341436	0.0
-0.009643490310509976	-0.008194687604213128	0.0
-0.009641038489048015	-0.00819292197484551	0.0
-0.009638809560446233	-0.0081909958337172	0.0
-0.009636580631844449	-0.008189230204349585	0.0
-0.009634351703242667	-0.008187304063221277	0.0
-0.009632122774640884	-0.00818553843385366	0.0
-0.009629893846039099	-0.00818361229272535	0.0
-0.009627442024577139	-0.008181686151597041	0.0
-0.009625213095975357	-0.008179760010468733	0.0
-0.009622984167373574	-0.008177833869340423	0.0
-0.009620755238771789	-0.008175907728212115	0.0
-0.009618303417309829	-0.008173981587083805	0.0
-0.009616074488708047	-0.008171894934194806	0.0
-0.009613845560106263	-0.008169968793066496	0.0
-0.009611616631504479	-0.008168203163698878	0.0
-0.009609387702902697	-0.00816627702257057	0.0
-0.009607158774300913	-0.00816435088144226	0.0
-0.00960492984569913	-0.008162424740313952	0.0
-0.009602700917097348	-0.00816033808742495	0.0
-0.009600249095635387	-0.008158090922775257	0.0
-0.009598020167033603	-0.008156164781646949	0.0
-0.00959579123843182	-0.00815423864051864	0.0
-0.009593562309830038	-0.008152151987629638	0.0
-0.009591333381228254	-0.008150225846501328	0.0
-0.009589104452626472	-0.00814829970537302	0.0
-0.009586875524024688	-0.00814637356424471	0.0
-0.009584646595422906	-0.008144286911355708	0.0
-0.009582194773960944	-0.008142200258466709	0.0
-0.009579965845359162	-0.008140113605577707	0.0
-0.009577514023897199	-0.008138026952688705	0.0
-0.009575285095295417	-0.008136100811560397	0.0
-0.009573056166693635	-0.008134014158671396	0.0
-0.009570827238091852	-0.008132088017543084	0.0
-0.009568375416629889	-0.008130001364654084	0.0
-0.009566146488028107	-0.008127914711765083	0.0
-0.009563917559426325	-0.008125988570636773	0.0
-0.009561465737964361	-0.008123901917747773	0.0
-0.00955923680936258	-0.008121815264858771	0.0
-0.009557007880760797	-0.00811972861196977	0.0
-0.009554556059298835	-0.008117802470841462	0.0
-0.009552327130697053	-0.00811571581795246	0.0
-0.009549875309235092	-0.008113629165063458	0.0
-0.009547646380633308	-0.008111542512174457	0.0
-0.009545417452031526	-0.008109455859285455	0.0
-0.009542965630569564	-0.008107369206396453	0.0
-0.00954073670196778	-0.008105282553507452	0.0
-0.00953828488050582	-0.00810319590061845	0.0
-0.009536055951904038	-0.008101269759490142	0.0
-0.009533827023302252	-0.00809918310660114	0.0
-0.009531375201840293	-0.008097096453712139	0.0
-0.00952914627323851	-0.008095009800823137	0.0
-0.009526694451776547	-0.008092923147934137	0.0
-0.009524465523174765	-0.008090675983284444	0.0
-0.009522013701712805	-0.008088589330395442	0.0
-0.00951978477311102	-0.00808650267750644	0.0
-0.009517555844509237	-0.008084416024617439	0.0
-0.009515104023047278	-0.008082329371728435	0.0
-0.009512875094445495	-0.008080242718839436	0.0
-0.009510423272983532	-0.008078156065950434	0.0
-0.00950819434438175	-0.008076069413061432	0.0
-0.009505742522919788	-0.00807398276017243	0.0
-0.009503513594318004	-0.00807189610728343	0.0
-0.009501061772856045	-0.008069809454394429	0.0
-0.009498609951394083	-0.008067722801505427	0.0
-0.0094963810227923	-0.008065636148616426	0.0
-0.009494152094190517	-0.008063549495727424	0.0
-0.009491923165588735	-0.008061623354599116	0.0
-0.009489471344126773	-0.008059536701710114	0.0
-0.00948724241552499	-0.008057450048821113	0.0
-0.009484790594063028	-0.008055363395932111	0.0
-0.009482561665461246	-0.00805327674304311	0.0
-0.009480109843999284	-0.008051190090154108	0.0
-0.009477658022537323	-0.008049103437265106	0.0
-0.009475206201075361	-0.008047016784376106	0.0
-0.009472977272473579	-0.008044930131487105	0.0
-0.009470525451011617	-0.008043003990358795	0.0
-0.009468296522409835	-0.008040917337469795	0.0
-0.009465844700947874	-0.008038830684580793	0.0
-0.00946361577234609	-0.008036904543452484	0.0
-0.00946116395088413	-0.008034817890563484	0.0
-0.009458712129422168	-0.008032891749435172	0.0
-0.009456260307960207	-0.00803080509654617	0.0
-0.009454031379358423	-0.00802871844365717	0.0
-0.009451579557896462	-0.008026631790768169	0.0
-0.0094491277364345	-0.008024545137879167	0.0
-0.00944667591497254	-0.00802261899675086	0.0
-0.009444224093510579	-0.008020532343861858	0.0
-0.009441995164908795	-0.008018445690972856	0.0
-0.009439543343446835	-0.008016519549844548	0.0
-0.009437091521984872	-0.008014432896955546	0.0
-0.00943486259338309	-0.008012346244066545	0.0
-0.009432633664781307	-0.008010420102938235	0.0
-0.009430181843319346	-0.008008333450049233	0.0
-0.009427730021857384	-0.008006407308920925	0.0
-0.009425278200395423	-0.008004320656031924	0.0
-0.009422826378933461	-0.008002394514903614	0.0
-0.009420374557471502	-0.008000307862014614	0.0
-0.009417699843149361	-0.007998381720886304	0.0
-0.009415248021687401	-0.007996295067997303	0.0
-0.009412796200225438	-0.007994368926868995	0.0
-0.009410567271623656	-0.007992282273979991	0.0
-0.009408115450161694	-0.007990195621090991	0.0
-0.00940588652155991	-0.007988269479962682	0.0
-0.00940343470009795	-0.00798618282707368	0.0
-0.009401205771496168	-0.007984256685945372	0.0
-0.009398753950034205	-0.007982330544817062	0.0
-0.009396302128572245	-0.00798024389192806	0.0
-0.009393850307110282	-0.007978317750799753	0.0
-0.009390952699927966	-0.007976231097910751	0.0
-0.009388500878466004	-0.007974304956782441	0.0
-0.00938627194986422	-0.00797221830389344	0.0
-0.00938382012840226	-0.007970292162765132	0.0
-0.009381368306940299	-0.00796820550987613	0.0
-0.009378916485478337	-0.00796627936874782	0.0
-0.009376464664016376	-0.007964353227619512	0.0
-0.009374012842554414	-0.00796226657473051	0.0
-0.009371561021092455	-0.007960340433602203	0.0
-0.009369109199630491	-0.007958414292473893	0.0
-0.009366434485308352	-0.007956488151345583	0.0
-0.009363982663846391	-0.007954562010217275	0.0
-0.00936153084238443	-0.007952475357328273	0.0
-0.00935885612806229	-0.007950388704439272	0.0
-0.009356404306600329	-0.007948462563310964	0.0
-0.00935395248513837	-0.007946536422182654	0.0
-0.009351500663676406	-0.007944610281054346	0.0
-0.009349048842214446	-0.007942684139926036	0.0
-0.009346374127892305	-0.007940597487037035	0.0
-0.009343922306430346	-0.007938671345908727	0.0
-0.009341470484968382	-0.007936745204780417	0.0
-0.009338795770646243	-0.007934819063652107	0.0
-0.009336121056324104	-0.007932892922523799	0.0
-0.009333669234862143	-0.00793096678139549	0.0
-0.009331217413400183	-0.00792888012850649	0.0
-0.009328542699078042	-0.00792695398737818	0.0
-0.009326090877616081	-0.007924867334489178	0.0
-0.009323416163293942	-0.007922780681600176	0.0
-0.00932096434183198	-0.007920854540471868	0.0
-0.00931828962750984	-0.007918928399343559	0.0
-0.00931583780604788	-0.007917002258215249	0.0
-0.00931316309172574	-0.007914915605326249	0.0
-0.00931071127026378	-0.00791298946419794	0.0
-0.009308036555941639	-0.00791106332306963	0.0
-0.009305584734479677	-0.00790897667018063	0.0
-0.009302910020157536	-0.00790705052905232	0.0
-0.009300235305835399	-0.007905124387924012	0.0
-0.009297783484373436	-0.00790303773503501	0.0
-0.009295108770051297	-0.007900951082146009	0.0
-0.009292434055729158	-0.007898864429257007	0.0
-0.009289759341407019	-0.007896938288128699	0.0
-0.009287084627084878	-0.007894851635239697	0.0
-0.009284632805622918	-0.007892925494111388	0.0
-0.009281958091300778	-0.007890838841222386	0.0
-0.009279060484118461	-0.007888752188333384	0.0
-0.00927638576979632	-0.007886826047205076	0.0
-0.009273933948334359	-0.007884739394316075	0.0
-0.00927125923401222	-0.007882813253187765	0.0
-0.00926858451969008	-0.007880726600298763	0.0
-0.00926590980536794	-0.007878639947409763	0.0
-0.009263235091045801	-0.007876713806281454	0.0
-0.009260560376723662	-0.007874627153392452	0.0
-0.009257885662401523	-0.007872540500503452	0.0
-0.009255210948079382	-0.007870614359375142	0.0
-0.009252536233757241	-0.007868688218246832	0.0
-0.009249861519435102	-0.007866601565357833	0.0
-0.009247409697973143	-0.007864675424229523	0.0
-0.009244734983651002	-0.007862588771340521	0.0
-0.009242060269328861	-0.00786050211845152	0.0
-0.009239385555006724	-0.007858415465562518	0.0
-0.009236710840684583	-0.007856328812673516	0.0
-0.009233813233502267	-0.007854242159784516	0.0
-0.009231138519180126	-0.007852316018656207	0.0
-0.009228463804857987	-0.007850229365767205	0.0
-0.009225789090535846	-0.007848463736399589	0.0
-0.009223114376213709	-0.007846377083510587	0.0
-0.009220439661891568	-0.007844450942382277	0.0
-0.009217764947569429	-0.007842364289493278	0.0
-0.009215090233247288	-0.007840277636604276	0.0
-0.00921241551892515	-0.007838190983715274	0.0
-0.00920974080460301	-0.007836104330826273	0.0
-0.00920706609028087	-0.007834178189697965	0.0
-0.00920439137595873	-0.007832252048569655	0.0
-0.00920171666163659	-0.007830165395680653	0.0
-0.00919904194731445	-0.007828239254552345	0.0
-0.009196144340132132	-0.007826152601663344	0.0
-0.009193469625809995	-0.007824065948774342	0.0
-0.009190794911487854	-0.00782197929588534	0.0
-0.009188120197165715	-0.007819892642996339	0.0
-0.009185445482843575	-0.007817805990107337	0.0
-0.009182770768521436	-0.007815879848979029	0.0
-0.009180096054199297	-0.007814114219611411	0.0
-0.009177421339877158	-0.007812027566722411	0.0
-0.009174746625555017	-0.0078101014255941015	0.0
-0.009172071911232876	-0.0078080147727051	0.0
-0.009169397196910737	-0.007805928119816099	0.0
-0.009166722482588598	-0.007803841466927097	0.0
-0.009164047768266459	-0.007801754814038096	0.0
-0.00916115016108414	-0.007799668161149095	0.0
-0.00915869833962218	-0.007797902531781478	0.0
-0.00915602362530004	-0.007795976390653169	0.0
-0.009153348910977901	-0.0077938897377641675	0.0
-0.00915067419665576	-0.0077919635966358595	0.0
-0.009147999482333621	-0.007789876943746857	0.0
-0.00914532476801148	-0.007787790290857856	0.0
-0.009142650053689343	-0.0077857036379688545	0.0
-0.009139975339367203	-0.007783616985079853	0.0
-0.009137300625045064	-0.007781690843951545	0.0
-0.009134625910722923	-0.007779764702823235	0.0
-0.009131951196400782	-0.007777838561694926	0.0
-0.009129276482078645	-0.007775751908805925	0.0
-0.009126601767756504	-0.007773825767677617	0.0
-0.009123927053434365	-0.007771739114788614	0.0
-0.009121252339112224	-0.0077696524618996125	0.0
-0.009118577624790087	-0.007767565809010612	0.0
-0.009115902910467946	-0.007765639667882303	0.0
-0.009113228196145807	-0.007763553014993301	0.0
-0.009110553481823666	-0.007761626873864992	0.0
-0.009107878767501527	-0.007759540220975991	0.0
-0.009105204053179388	-0.007757614079847682	0.0
-0.00910252933885725	-0.007755527426958681	0.0
-0.009099854624535109	-0.007753440774069679	0.0
-0.00909695701735279	-0.007751354121180679	0.0
-0.009094282303030651	-0.007749427980052369	0.0
-0.00909160758870851	-0.007747341327163367	0.0
-0.009088932874386373	-0.007745415186035058	0.0
-0.009086258160064233	-0.0077433285331460575	0.0
-0.009083583445742094	-0.007741241880257055	0.0
-0.009080908731419953	-0.007739315739128746	0.0
-0.009078234017097814	-0.007737229086239745	0.0
-0.009075559302775675	-0.007735142433350744	0.0
-0.009072661695593358	-0.007733055780461743	0.0
-0.009069986981271217	-0.007731129639333433	0.0
-0.009067312266949077	-0.0077290429864444316	0.0
-0.009064637552626938	-0.007726956333555431	0.0
-0.009061962838304797	-0.007725030192427122	0.0
-0.00905928812398266	-0.007722783027777428	0.0
-0.009056613409660519	-0.007720696374888427	0.0
-0.00905393869533838	-0.007718609721999426	0.0
-0.009051041088156062	-0.0077163625573497315	0.0
-0.009048366373833923	-0.007714436416221422	0.0
-0.009045691659511782	-0.007712349763332421	0.0
-0.009042794052329464	-0.007710423622204112	0.0
-0.009040119338007324	-0.007708336969315111	0.0
-0.009037444623685185	-0.00770625031642611	0.0
-0.009034769909363046	-0.007704163663537107	0.0
-0.009032095195040906	-0.007702077010648106	0.0
-0.009029420480718767	-0.007699829845998413	0.0
-0.009026522873536448	-0.007697743193109411	0.0
-0.00902384815921431	-0.007695817051981102	0.0
-0.009020950552031991	-0.007693730399092102	0.0
-0.009018275837709852	-0.007691643746203099	0.0
-0.009015601123387713	-0.007689557093314097	0.0
-0.009012703516205395	-0.007687470440425097	0.0
-0.009010028801883256	-0.007685223275775403	0.0
-0.009007354087561115	-0.007682976111125709	0.0
-0.009004679373238976	-0.007680889458236708	0.0
-0.009001781766056658	-0.007678802805347706	0.0
-0.008999107051734517	-0.0076767161524587055	0.0
-0.00899643233741238	-0.007674790011330396	0.0
-0.008993534730230061	-0.007672703358441394	0.0
-0.008990860015907922	-0.0076704561937917005	0.0
-0.008988185301585782	-0.007668369540902699	0.0
-0.008985287694403465	-0.007666122376253005	0.0
-0.008982612980081324	-0.007663875211603312	0.0
-0.008979715372899006	-0.007661628046953618	0.0
-0.008977040658576867	-0.007659541394064617	0.0
-0.008974143051394549	-0.007657615252936308	0.0
-0.00897146833707241	-0.007655368088286614	0.0
-0.00896879362275027	-0.0076532814353976126	0.0
-0.00896589601556795	-0.007651194782508611	0.0
-0.008963221301245813	-0.0076489476178589165	0.0
-0.008960323694063495	-0.007646700453209223	0.0
-0.008957648979741356	-0.007644453288559529	0.0
-0.008954751372559038	-0.007642206123909836	0.0
-0.00895185376537672	-0.007640119471020834	0.0
-0.008948956158194401	-0.007638032818131833	0.0
-0.008946281443872262	-0.007635946165242832	0.0
-0.008943383836689946	-0.007633699000593138	0.0
-0.008940486229507626	-0.007631612347704137	0.0
-0.008937811515185487	-0.007629365183054443	0.0
-0.00893491390800317	-0.007627118018404749	0.0
-0.00893201630082085	-0.007624870853755055	0.0
-0.008929118693638532	-0.0076226236891053616	0.0
-0.008926221086456215	-0.00762053703621636	0.0
-0.008923546372134075	-0.007618289871566666	0.0
-0.008920648764951758	-0.007616203218677664	0.0
-0.008917974050629619	-0.007614116565788663	0.0
-0.008915076443447299	-0.0076120299128996614	0.0
-0.008912178836264982	-0.007609782748249968	0.0
-0.008909281229082664	-0.007607696095360966	0.0
-0.008906160729040168	-0.007605448930711273	0.0
-0.008903263121857852	-0.007603201766061579	0.0
-0.008900588407535711	-0.0076011151131725775	0.0
-0.008897690800353393	-0.007598867948522884	0.0
-0.008895016086031254	-0.007596781295633882	0.0
-0.008892118478848935	-0.007594534130984189	0.0
-0.008889443764526796	-0.007592447478095187	0.0
-0.008886546157344478	-0.007590200313445493	0.0
-0.00888364855016216	-0.007588113660556492	0.0
-0.008880528050119666	-0.0075858664959067975	0.0
-0.008877630442937346	-0.007583779843017797	0.0
-0.00887450994289485	-0.007581532678368103	0.0
-0.008871612335712532	-0.007579446025479102	0.0
-0.008868714728530215	-0.007577198860829408	0.0
-0.008865817121347897	-0.007575112207940406	0.0
-0.008863142407025758	-0.007572865043290713	0.0
-0.00886024479984344	-0.007570778390401711	0.0
-0.008857347192661121	-0.007568531225752018	0.0
-0.008854449585478805	-0.007566444572863017	0.0
-0.008851329085436307	-0.0075641974082133225	0.0
-0.008848431478253989	-0.007562110755324321	0.0
-0.008845310978211493	-0.007560024102435319	0.0
-0.008842413371029176	-0.007557776937785626	0.0
-0.008839515763846858	-0.007555690284896624	0.0
-0.008836618156664538	-0.00755344312024693	0.0
-0.008833720549482222	-0.007551356467357929	0.0
-0.008830822942299903	-0.007549269814468928	0.0
-0.008827702442257408	-0.007547183161579926	0.0
-0.008824804835075091	-0.007545096508690925	0.0
-0.008821907227892773	-0.007543009855801923	0.0
-0.008819009620710454	-0.007540923202912922	0.0
-0.008816112013528136	-0.007538676038263228	0.0
-0.008813214406345818	-0.007536428873613534	0.0
-0.008810093906303322	-0.007534342220724533	0.0
-0.008807196299121006	-0.007532255567835532	0.0
-0.008804298691938687	-0.00753016891494653	0.0
-0.008801401084756369	-0.0075280822620575295	0.0
-0.008798280584713871	-0.007525995609168527	0.0
-0.008795382977531555	-0.007524069468040218	0.0
-0.008792485370349237	-0.007521982815151217	0.0
-0.00878958776316692	-0.007519896162262216	0.0
-0.008786467263124422	-0.007517809509373215	0.0
-0.008783569655942104	-0.007515722856484213	0.0
-0.008780672048759786	-0.007513636203595212	0.0
-0.008777551548717292	-0.00751154955070621	0.0
-0.008774431048674794	-0.007509462897817208	0.0
-0.008771533441492476	-0.0075075367566889	0.0
-0.00876841294144998	-0.007505450103799899	0.0
-0.008765515334267664	-0.007503363450910897	0.0
-0.008762617727085345	-0.007501276798021895	0.0
-0.008759497227042848	-0.0074993506568935865	0.0
-0.008756599619860531	-0.007497264004004586	0.0
-0.008753479119818035	-0.007495177351115584	0.0
-0.008750581512635717	-0.0074930906982265824	0.0
-0.00874746101259322	-0.007491164557098274	0.0
-0.008744563405410903	-0.007489077904209272	0.0
-0.008741442905368407	-0.007486991251320271	0.0
-0.00873832240532591	-0.007485065110191962	0.0
-0.008735424798143593	-0.007482978457302961	0.0
-0.008732527190961275	-0.007481052316174651	0.0
-0.008729406690918779	-0.00747896566328565	0.0
-0.00872650908373646	-0.0074768790103966485	0.0
-0.008723388583693965	-0.00747495286926834	0.0
-0.00872026808365147	-0.007472866216379339	0.0
-0.008717147583608972	-0.007470779563490336	0.0
-0.008714249976426653	-0.007468853422362027	0.0
-0.00871112947638416	-0.007466766769473027	0.0
-0.008708008976341662	-0.007464840628344718	0.0
-0.008705111369159343	-0.007462753975455715	0.0
-0.008701990869116848	-0.0074606673225667145	0.0
-0.008698870369074352	-0.007458741181438406	0.0
-0.008695972761892034	-0.007456654528549405	0.0
-0.008692852261849538	-0.007454728387421096	0.0
-0.008689731761807042	-0.0074526417345320934	0.0
-0.008686834154624724	-0.007450555081643093	0.0
-0.008683713654582228	-0.007448628940514784	0.0
-0.008680593154539732	-0.007446542287625782	0.0
-0.008677695547357412	-0.007444616146497473	0.0
-0.008674575047314918	-0.007442529493608472	0.0
-0.008671454547272422	-0.00744044284071947	0.0
-0.008668334047229925	-0.007438516699591161	0.0
-0.008665436440047606	-0.00743643004670216	0.0
-0.008662315940005112	-0.0074345039055738514	0.0
-0.008659418332822794	-0.00743241725268485	0.0
-0.008656297832780296	-0.007430491111556541	0.0
-0.0086531773327378	-0.007428404458667539	0.0
-0.008650279725555484	-0.0074263178057785385	0.0
-0.008647159225512987	-0.00742439166465023	0.0
-0.00864403872547049	-0.007422305011761227	0.0
-0.008640918225427993	-0.007420218358872226	0.0
-0.008638020618245677	-0.0074182922177439175	0.0
-0.00863490011820318	-0.007416205564854916	0.0
-0.008631779618160683	-0.007414118911965915	0.0
-0.008628882010978367	-0.007412192770837605	0.0
-0.008625761510935871	-0.007410106117948604	0.0
-0.008622641010893375	-0.007408019465059603	0.0
-0.008619743403711055	-0.007405932812170601	0.0
-0.008616622903668561	-0.007404006671042292	0.0
-0.008613502403626065	-0.007401920018153291	0.0
-0.008610381903583568	-0.007399833365264289	0.0
-0.00860748429640125	-0.00739790722413598	0.0
-0.008604363796358755	-0.007395981083007672	0.0
-0.008601243296316258	-0.0073938944301186705	0.0
-0.00859834568913394	-0.007391807777229668	0.0
-0.008595225189091444	-0.007389721124340667	0.0
-0.008592104689048946	-0.007387634471451666	0.0
-0.008588984189006452	-0.007385547818562665	0.0
-0.008586086581824134	-0.007383621677434356	0.0
-0.008582966081781636	-0.007381535024545353	0.0
-0.00858006847459932	-0.007379448371656353	0.0
-0.008576947974556824	-0.007377522230528044	0.0
-0.008574050367374506	-0.007375435577639042	0.0
-0.008571152760192189	-0.007373348924750041	0.0
-0.008568032260149691	-0.00737126227186104	0.0
-0.008564911760107196	-0.007369175618972038	0.0
-0.008562014152924877	-0.007367249477843729	0.0
-0.00855889365288238	-0.0073651628249547275	0.0
-0.008555996045700063	-0.007363076172065727	0.0
-0.008552875545657567	-0.007361150030937418	0.0
-0.00854997793847525	-0.007359223889809108	0.0
-0.008546857438432753	-0.007357137236920107	0.0
-0.008543959831250435	-0.007354890072270413	0.0
-0.00854083933120794	-0.007352642907620719	0.0
-0.008537941724025623	-0.007350556254731718	0.0
-0.008534821223983125	-0.007348469601842717	0.0
-0.008531923616800807	-0.007346543460714408	0.0
-0.008528803116758311	-0.007344617319586098	0.0
-0.008525905509575995	-0.0073426911784577895	0.0
-0.008523007902393676	-0.007340604525568789	0.0
-0.008519887402351179	-0.007338517872679787	0.0
-0.008516989795168862	-0.0073362707080300935	0.0
-0.008513869295126366	-0.0073340235433804	0.0
-0.008510971687944046	-0.0073319368904913975	0.0
-0.008508074080761728	-0.007329850237602397	0.0
-0.008505176473579412	-0.007327763584713395	0.0
-0.008502055973536916	-0.007325676931824394	0.0
-0.008499158366354597	-0.007323750790696085	0.0
-0.00849626075917228	-0.007321824649567776	0.0
-0.008493363151989963	-0.007319577484918082	0.0
-0.008490242651947465	-0.0073174908320290805	0.0
-0.008487345044765148	-0.007315083155618694	0.0
-0.008484224544722653	-0.0073129965027296925	0.0
-0.008481326937540334	-0.007310909849840692	0.0
-0.008478429330358014	-0.00730882319695169	0.0
-0.008475531723175698	-0.007306736544062689	0.0
-0.00847263411599338	-0.007304649891173688	0.0
-0.008469736508811061	-0.007302563238284687	0.0
-0.008466616008768567	-0.007300476585395684	0.0
-0.008463718401586249	-0.007298229420745991	0.0
-0.008460820794403929	-0.007296142767856989	0.0
-0.008457923187221612	-0.007294056114967988	0.0
-0.008454802687179117	-0.007291969462078987	0.0
-0.008451905079996798	-0.007289882809189986	0.0
-0.008449007472814482	-0.007287796156300984	0.0
-0.008446109865632163	-0.007285709503411982	0.0
-0.008443212258449845	-0.007283462338762288	0.0
-0.008440091758407348	-0.007281215174112595	0.0
-0.008437194151225031	-0.007278968009462901	0.0
-0.008434296544042713	-0.0072768813565738995	0.0
-0.008431398936860396	-0.007274794703684898	0.0
-0.008428501329678078	-0.007272708050795897	0.0
-0.00842560372249576	-0.0072706213979068955	0.0
-0.008422706115313443	-0.007268534745017895	0.0
-0.008420031400991302	-0.007266448092128893	0.0
-0.008417133793808984	-0.007264361439239891	0.0
-0.008414013293766488	-0.007261953762829506	0.0
-0.00841111568658417	-0.0072598671099405035	0.0
-0.008407995186541674	-0.007257780457051502	0.0
-0.008405097579359356	-0.007255693804162501	0.0
-0.008402199972177038	-0.007253607151273499	0.0
-0.00839930236499472	-0.007251520498384499	0.0
-0.008396404757812401	-0.007249433845495497	0.0
-0.008393507150630084	-0.007247347192606496	0.0
-0.008390609543447766	-0.007245260539717494	0.0
-0.00838771193626545	-0.0072430133750678	0.0
-0.008385037221943309	-0.0072409267221787985	0.0
-0.008381916721900813	-0.007238679557529105	0.0
-0.008379019114718497	-0.007236592904640103	0.0
-0.008376121507536178	-0.0072345062517511025	0.0
-0.00837300100749368	-0.007232419598862101	0.0
-0.008370326293171542	-0.0072303329459731	0.0
-0.008367428685989223	-0.007228085781323406	0.0
-0.008364531078806905	-0.007225999128434404	0.0
-0.008361633471624589	-0.0072237519637847105	0.0
-0.00835873586444227	-0.007221665310895709	0.0
-0.008355838257259952	-0.007219578658006707	0.0
-0.008352940650077635	-0.0072174920051177064	0.0
-0.008350043042895317	-0.007215405352228705	0.0
-0.008347145435712999	-0.007213479211100397	0.0
-0.00834424782853068	-0.007211392558211394	0.0
-0.008341350221348362	-0.007209305905322393	0.0
-0.008338452614166044	-0.007207058740672699	0.0
-0.008335555006983728	-0.007204972087783698	0.0
-0.00833265739980141	-0.007202885434894697	0.0
-0.008329759792619091	-0.007200798782005695	0.0
-0.008326862185436774	-0.007198712129116694	0.0
-0.008323964578254456	-0.007196625476227692	0.0
-0.008321066971072138	-0.007194217799817306	0.0
-0.008318169363889821	-0.007192131146928305	0.0
-0.008315271756707501	-0.007190205005799996	0.0
-0.008312151256665005	-0.007188118352910994	0.0
-0.008309253649482689	-0.007186192211782686	0.0
-0.00830635604230037	-0.007184266070654376	0.0
-0.008303458435118052	-0.007182018906004682	0.0
-0.008300783720795913	-0.007179932253115681	0.0
-0.008297886113613595	-0.0071778456002266795	0.0
-0.008295211399291456	-0.007175598435576986	0.0
-0.00829209089924896	-0.007173511782687984	0.0
-0.008289193292066642	-0.0071714251297989836	0.0
-0.008286072792024144	-0.007169338476909982	0.0
-0.008283175184841828	-0.007167412335781672	0.0
-0.00828027757765951	-0.007165325682892671	0.0
-0.008277379970477191	-0.0071633995417643625	0.0
-0.008274482363294875	-0.007161473400636054	0.0
-0.008271584756112556	-0.007159386747747053	0.0
-0.008268687148930238	-0.0071569790713366666	0.0
-0.0082660124346081	-0.007154892418447664	0.0
-0.008263114827425781	-0.007152805765558663	0.0
-0.008259994327383283	-0.007150719112669662	0.0
-0.00825687382734079	-0.007148792971541353	0.0
-0.008253976220158471	-0.007146706318652352	0.0
-0.008251078612976153	-0.007144780177524042	0.0
-0.008248181005793834	-0.007142854036395733	0.0
-0.008245283398611516	-0.00714060687174604	0.0
-0.008242385791429198	-0.007138359707096345	0.0
-0.008239488184246881	-0.007136273054207345	0.0
-0.008236590577064563	-0.007134186401318343	0.0
-0.008233692969882245	-0.007132099748429342	0.0
-0.00823057246983975	-0.0071301736073010324	0.0
-0.00822767486265743	-0.007128086954412031	0.0
-0.008224777255475112	-0.007126160813283723	0.0
-0.008221879648292796	-0.007124074160394721	0.0
-0.008218982041110478	-0.0071219875075057195	0.0
-0.00821608443392816	-0.007119900854616719	0.0
-0.008213186826745843	-0.007117653689967025	0.0
-0.008210066326703347	-0.007115567037078023	0.0
-0.008207168719521027	-0.007113480384189021	0.0
-0.00820427111233871	-0.007111554243060713	0.0
-0.008201373505156392	-0.007109467590171711	0.0
-0.008198475897974074	-0.00710738093728271	0.0
-0.008195578290791757	-0.007105294284393708	0.0
-0.008192457790749261	-0.0071032076315047064	0.0
-0.008189560183566941	-0.007101120978615706	0.0
-0.008186662576384623	-0.007099194837487397	0.0
-0.008183764969202307	-0.007097268696359088	0.0
-0.008180867362019988	-0.007095021531709394	0.0
-0.00817796975483767	-0.007092934878820392	0.0
-0.008174849254795176	-0.007090848225931391	0.0
-0.008171951647612858	-0.007088601061281697	0.0
-0.008169054040430538	-0.007086514408392696	0.0
-0.008166156433248221	-0.007084427755503694	0.0
-0.008163258826065903	-0.007082501614375386	0.0
-0.008160138326023407	-0.007080414961486385	0.0
-0.00815724071884109	-0.007078488820358075	0.0
-0.008154343111658772	-0.007076402167469074	0.0
-0.008151445504476454	-0.007074315514580072	0.0
-0.008148325004433956	-0.007072228861691071	0.0
-0.00814542739725164	-0.00707014220880207	0.0
-0.008142529790069322	-0.007068055555913068	0.0
-0.008139409290026826	-0.007065808391263375	0.0
-0.008136511682844507	-0.007063721738374372	0.0
-0.00813361407566219	-0.0070616350854853715	0.0
-0.008130493575619693	-0.007059708944357063	0.0
-0.008127595968437377	-0.007057461779707369	0.0
-0.008124698361255058	-0.00705553563857906	0.0
-0.00812180075407274	-0.007053448985690058	0.0
-0.008118680254030244	-0.007051362332801057	0.0
-0.008115559753987749	-0.007049275679912055	0.0
-0.00811266214680543	-0.0070471890270230545	0.0
-0.008109764539623112	-0.007045102374134053	0.0
-0.008106644039580616	-0.007043015721245052	0.0
-0.008103746432398298	-0.0070409290683560504	0.0
-0.00810084882521598	-0.007038842415467049	0.0
-0.008097728325173486	-0.007036755762578047	0.0
-0.008094830717991166	-0.0070346691096890455	0.0
-0.00809171021794867	-0.007032582456800045	0.0
-0.008088812610766351	-0.007030495803911043	0.0
-0.008085915003584035	-0.007028409151022042	0.0
-0.008082794503541537	-0.007026322498133041	0.0
-0.008079896896359219	-0.007024235845244039	0.0
-0.008076776396316725	-0.007022149192355037	0.0
-0.008073878789134407	-0.007020062539466036	0.0
-0.008070981181952088	-0.007017815374816342	0.0
-0.008067860681909591	-0.007015889233688033	0.0
-0.008064963074727274	-0.0070138025807990325	0.0
-0.008061842574684779	-0.007011876439670723	0.0
-0.008058722074642281	-0.007009789786781721	0.0
-0.008055601574599785	-0.00700770313389272	0.0
-0.008052703967417469	-0.007005616481003719	0.0
-0.00804980636023515	-0.007003369316354025	0.0
-0.008046908753052832	-0.007001122151704332	0.0
-0.008043788253010336	-0.00699903549881533	0.0
-0.008040890645828018	-0.006996948845926329	0.0
-0.008037770145785522	-0.006994862193037327	0.0
-0.008034872538603206	-0.006992775540148325	0.0
-0.008031752038560708	-0.006990849399020017	0.0
-0.008028631538518212	-0.006988762746131015	0.0
-0.008025511038475715	-0.006986676093242015	0.0
-0.008022613431293398	-0.00698442892859232	0.0
-0.008019492931250902	-0.006982181763942627	0.0
-0.008016595324068584	-0.006980095111053625	0.0
-0.008013474824026087	-0.006978008458164623	0.0
-0.00801057721684377	-0.0069760823170363145	0.0
-0.008007456716801274	-0.006973995664147313	0.0
-0.008004336216758777	-0.006971909011258312	0.0
-0.008001438609576458	-0.0069696618466086185	0.0
-0.007998318109533964	-0.006967575193719617	0.0
-0.007995197609491467	-0.006965328029069923	0.0
-0.00799230000230915	-0.006963241376180921	0.0
-0.007989179502266653	-0.00696115472329192	0.0
-0.007986281895084336	-0.006959068070402918	0.0
-0.007983161395041839	-0.0069571419292746095	0.0
-0.007980040894999343	-0.006955055276385609	0.0
-0.007977143287817026	-0.006952968623496607	0.0
-0.007974022787774529	-0.006950721458846914	0.0
-0.007970902287732033	-0.006948634805957911	0.0
-0.007968004680549715	-0.006946227129547526	0.0
-0.007964884180507219	-0.006944140476658524	0.0
-0.0079619865733249	-0.006942053823769522	0.0
-0.007958866073282405	-0.0069401276826412134	0.0
-0.007955968466100086	-0.006938201541512905	0.0
-0.00795284796605759	-0.006936114888623904	0.0
-0.007949950358875272	-0.00693386772397421	0.0
-0.007946829858832776	-0.006931781071085208	0.0
-0.00794370935879028	-0.006929694418196206	0.0
-0.007940811751607962	-0.006927607765307205	0.0
-0.007937691251565467	-0.006925360600657512	0.0
-0.007934793644383148	-0.006923113436007817	0.0
-0.007931896037200832	-0.006921026783118817	0.0
-0.007928998430018512	-0.006919100641990508	0.0
-0.007925877929976016	-0.006917013989101505	0.0
-0.0079229803227937	-0.006915087847973197	0.0
-0.007919859822751202	-0.0069130011950841955	0.0
-0.007916962215568885	-0.006910754030434502	0.0
-0.007913841715526388	-0.0069086673775455	0.0
-0.007910944108344071	-0.0069065807246565	0.0
-0.007908046501161753	-0.006904494071767498	0.0
-0.007904926001119257	-0.006902407418878495	0.0
-0.007902251286797118	-0.006900320765989495	0.0
-0.007899353679614798	-0.006898234113100493	0.0
-0.007896233179572304	-0.006896147460211492	0.0
-0.007893335572389986	-0.006894060807322491	0.0
-0.00789021507234749	-0.00689197415443349	0.0
-0.007887317465165172	-0.006889887501544488	0.0
-0.007884419857982853	-0.0068878008486554865	0.0
-0.007881522250800535	-0.006885714195766485	0.0
-0.007878624643618218	-0.006883627542877483	0.0
-0.0078757270364359	-0.0068815408899884824	0.0
-0.007872829429253582	-0.006879454237099481	0.0
-0.007869931822071264	-0.00687736758421048	0.0
-0.007866811322028768	-0.0068752809313214775	0.0
-0.00786391371484645	-0.006873194278432477	0.0
-0.007861016107664133	-0.006871107625543475	0.0
-0.007858118500481815	-0.006869020972654474	0.0
-0.007855220893299496	-0.006866934319765473	0.0
-0.007852323286117178	-0.006864847666876471	0.0
-0.00784964857179504	-0.00686276101398747	0.0
-0.00784675096461272	-0.006860674361098468	0.0
-0.007843853357430403	-0.006858587708209467	0.0
-0.007840955750248086	-0.006856501055320465	0.0
-0.007838058143065768	-0.0068544144024314645	0.0
-0.00783516053588345	-0.006852488261303156	0.0
-0.007832262928701131	-0.006850401608414154	0.0
-0.007829588214378992	-0.006848475467285844	0.0
-0.007826690607196674	-0.0068463888143968435	0.0
-0.007824015892874535	-0.00684414164974715	0.0
-0.007821118285692217	-0.006842054996858148	0.0
-0.00781799778564972	-0.006839968343969147	0.0
-0.007815100178467402	-0.006837881691080146	0.0
-0.007812202571285085	-0.006835955549951836	0.0
-0.007809527856962945	-0.0068338688970628345	0.0
-0.007806630249780628	-0.0068319427559345265	0.0
-0.00780373264259831	-0.006829856103045525	0.0
-0.007800835035415991	-0.006827769450156524	0.0
-0.007797937428233674	-0.0068256827972675215	0.0
-0.007795262713911535	-0.00682359614437852	0.0
-0.007792365106729217	-0.006821509491489519	0.0
-0.007789467499546898	-0.0068194228386005175	0.0
-0.007786569892364581	-0.006817496697472209	0.0
-0.007783672285182263	-0.006815410044583208	0.0
-0.007780997570860123	-0.006813323391694205	0.0
-0.007778099963677805	-0.0068112367388052045	0.0
-0.007775202356495488	-0.006809310597676896	0.0
-0.00777230474931317	-0.006807223944787894	0.0
-0.007769407142130852	-0.006805137291898893	0.0
-0.007766509534948534	-0.006803050639009892	0.0
-0.007763611927766216	-0.00680096398612089	0.0
-0.007760937213444077	-0.006798877333231888	0.0
-0.007758039606261758	-0.006796951192103579	0.0
-0.007755141999079441	-0.006794864539214579	0.0
-0.007752244391897123	-0.006792777886325577	0.0
-0.007749346784714805	-0.006790691233436575	0.0
-0.007746226284672309	-0.006788604580547574	0.0
-0.007743328677489991	-0.006786678439419265	0.0
-0.007740431070307673	-0.006784591786530264	0.0
-0.007737533463125355	-0.006782505133641262	0.0
-0.007734635855943037	-0.006780418480752262	0.0
-0.00773173824876072	-0.006778331827863259	0.0
-0.007728840641578402	-0.00677640568673495	0.0
-0.007725943034396083	-0.0067743190338459495	0.0
-0.007723045427213766	-0.006772232380956948	0.0
-0.007720147820031448	-0.006770145728067947	0.0
-0.007717250212849131	-0.006768219586939637	0.0
-0.0077143526056668126	-0.006766132934050636	0.0
-0.007711454998484494	-0.006764046281161635	0.0
-0.007708557391302177	-0.006761959628272633	0.0
-0.007705659784119859	-0.006760033487144324	0.0
-0.007702762176937541	-0.006757946834255324	0.0
-0.007699864569755224	-0.006755860181366321	0.0
-0.007696744069712727	-0.006753934040238012	0.0
-0.00769362356967023	-0.006751847387349011	0.0
-0.007690725962487913	-0.0067499212462207026	0.0
-0.007688051248165773	-0.0067478345933317	0.0
-0.007685153640983456	-0.006745747940442699	0.0
-0.007682256033801137	-0.00674382179931439	0.0
-0.00767935842661882	-0.006741735146425389	0.0
-0.00767668371229668	-0.006739809005297081	0.0
-0.007673563212254184	-0.006737722352408078	0.0
-0.007670442712211688	-0.006735796211279769	0.0
-0.00766754510502937	-0.006733709558390769	0.0
-0.007664647497847052	-0.006731622905501767	0.0
-0.0076617498906647345	-0.006729696764373458	0.0
-0.007658852283482417	-0.006727610111484456	0.0
-0.007655954676300098	-0.0067256839703561475	0.0
-0.0076530570691177805	-0.006723597317467146	0.0
-0.007650159461935463	-0.006721671176338838	0.0
-0.007647261854753145	-0.006719584523449836	0.0
-0.007644364247570827	-0.0067176583823215265	0.0
-0.007641243747528332	-0.006715732241193218	0.0
-0.0076383461403460124	-0.006713806100064909	0.0
-0.007635448533163695	-0.006711719447175908	0.0
-0.007632550925981378	-0.006709793306047598	0.0
-0.007629653318799059	-0.006707706653158597	0.0
-0.007626755711616742	-0.0067057805120302886	0.0
-0.007623858104434424	-0.00670385437090198	0.0
-0.007620960497252105	-0.006701767718012977	0.0
-0.007618062890069788	-0.006699841576884669	0.0
-0.007614942390027291	-0.00669791543575636	0.0
-0.007612044782844974	-0.0066959892946280505	0.0
-0.007609147175662656	-0.006694063153499742	0.0
-0.007606249568480338	-0.006692137012371433	0.0
-0.00760335196129802	-0.006690050359482432	0.0
-0.0076004543541157025	-0.00668796370659343	0.0
-0.007597556746933385	-0.006686037565465121	0.0
-0.007594659139751067	-0.006684111424336812	0.0
-0.007591761532568749	-0.006682024771447811	0.0
-0.007588641032526253	-0.006680098630319502	0.0
-0.007585743425343935	-0.006678172489191192	0.0
-0.007582845818161617	-0.0066762463480628835	0.0
-0.007579948210979299	-0.0066743202069345755	0.0
-0.007577050603796981	-0.006672233554045574	0.0
-0.007574152996614664	-0.006670307412917264	0.0
-0.007571255389432346	-0.006668381271788955	0.0
-0.007568357782250027	-0.006666455130660647	0.0
-0.00756546017506771	-0.0066645289895323374	0.0
-0.007562562567885392	-0.006662442336643336	0.0
-0.007559664960703074	-0.006660516195515027	0.0
-0.007556767353520757	-0.006658429542626026	0.0
-0.007553869746338438	-0.006656503401497716	0.0
-0.007550749246295942	-0.006654416748608715	0.0
-0.007547851639113624	-0.006652490607480407	0.0
-0.007544954031931306	-0.006650564466352098	0.0
-0.007542056424748989	-0.006648638325223788	0.0
-0.007539158817566671	-0.006646712184095479	0.0
-0.007536261210384352	-0.00664478604296717	0.0
-0.007533363603202035	-0.00664269939007817	0.0
-0.007530465996019717	-0.00664077324894986	0.0
-0.007527568388837399	-0.006638686596060858	0.0
-0.007524670781655082	-0.00663676045493255	0.0
-0.007521773174472763	-0.006634834313804241	0.0
-0.007518875567290445	-0.00663274766091524	0.0
-0.007515977960108128	-0.00663082151978693	0.0
-0.00751308035292581	-0.006628734866897929	0.0
-0.007510182745743493	-0.00662680872576962	0.0
-0.007507508031421352	-0.006624722072880619	0.0
-0.007504610424239035	-0.00662279593175231	0.0
-0.007501935709916895	-0.006620709278863308	0.0
-0.007499038102734577	-0.006618783137734999	0.0
-0.007496140495552259	-0.00661685699660669	0.0
-0.007493019995509763	-0.00661477034371769	0.0
-0.0074898994954672666	-0.00661284420258938	0.0
-0.007487001888284949	-0.006610597037939686	0.0
-0.007484327173962809	-0.006608670896811377	0.0
-0.007481429566780492	-0.006606584243922376	0.0
-0.0074785319595981736	-0.006604497591033375	0.0
-0.007475857245276034	-0.006602571449905065	0.0
-0.007472959638093716	-0.006600645308776756	0.0
-0.007470062030911399	-0.0065987191676484475	0.0
-0.0074671644237290806	-0.006596632514759447	0.0
-0.007464266816546763	-0.006594545861870444	0.0
-0.007461369209364445	-0.006592459208981443	0.0
-0.007458248709321949	-0.006590212044331749	0.0
-0.007455573994999809	-0.00658828590320344	0.0
-0.007452676387817492	-0.006586199250314439	0.0
-0.007450001673495352	-0.006584112597425438	0.0
-0.007447104066313034	-0.006582186456297129	0.0
-0.007444206459130716	-0.00658026031516882	0.0
-0.007441308851948399	-0.006578173662279818	0.0
-0.00743841124476608	-0.006575926497630125	0.0
-0.007435513637583762	-0.006573839844741123	0.0
-0.007432616030401445	-0.006571753191852122	0.0
-0.007429941316079305	-0.006569666538963121	0.0
-0.007427043708896987	-0.006567740397834811	0.0
-0.007424146101714669	-0.00656565374494581	0.0
-0.007421248494532352	-0.0065635670920568085	0.0
-0.007418573780210212	-0.006561480439167808	0.0
-0.007415676173027894	-0.006559233274518113	0.0
-0.007412778565845576	-0.006557146621629113	0.0
-0.007409880958663259	-0.00655505996874011	0.0
-0.00740698335148094	-0.006552973315851109	0.0
-0.007404085744298622	-0.006550886662962108	0.0
-0.007401411029976483	-0.006548800010073107	0.0
-0.007398513422794165	-0.006546713357184105	0.0
-0.007395838708472026	-0.006544626704295104	0.0
-0.007392941101289708	-0.006542540051406103	0.0
-0.00739004349410739	-0.006540292886756409	0.0
-0.007387145886925072	-0.006538206233867407	0.0
-0.007384248279742754	-0.006536119580978405	0.0
-0.007381573565420615	-0.0065338724163287116	0.0
-0.007378898851098475	-0.006531785763439711	0.0
-0.007376001243916157	-0.006529699110550709	0.0
-0.00737310363673384	-0.006527451945901016	0.0
-0.0073704289224117	-0.006525365293012014	0.0
-0.007367531315229382	-0.006523278640123013	0.0
-0.007364633708047064	-0.006521191987234011	0.0
-0.007361736100864746	-0.006518944822584317	0.0
-0.007359061386542607	-0.0065168581696953155	0.0
-0.007356163779360289	-0.006514771516806315	0.0
-0.007353489065038149	-0.00651252435215662	0.0
-0.007350814350716009	-0.0065104376992676195	0.0
-0.0073479167435336916	-0.006508351046378618	0.0
-0.007345019136351373	-0.006506103881728924	0.0
-0.007342121529169056	-0.006504017228839923	0.0
-0.0073392239219867384	-0.006501930575950922	0.0
-0.007336326314804419	-0.006499683411301228	0.0
-0.007333428707622102	-0.006497436246651534	0.0
-0.007330753993299963	-0.00649518908200184	0.0
-0.007327856386117645	-0.006493102429112838	0.0
-0.0073251816717955056	-0.006490855264463144	0.0
-0.007322506957473366	-0.0064887686115741436	0.0
-0.007319609350291047	-0.006486521446924449	0.0
-0.00731671174310873	-0.006484434794035448	0.0
-0.0073138141359264126	-0.006482187629385754	0.0
-0.007310693635883916	-0.00647994046473606	0.0
-0.007308018921561776	-0.006477693300086367	0.0
-0.007305121314379459	-0.006475446135436673	0.0
-0.00730244660005732	-0.006473198970786979	0.0
-0.007299548992875	-0.006470951806137285	0.0
-0.007296874278552861	-0.006468544129726899	0.0
-0.007293976671370544	-0.006466136453316513	0.0
-0.007291079064188226	-0.006464049800427511	0.0
-0.007288181457005907	-0.00646196314753851	0.0
-0.00728528384982359	-0.006459715982888816	0.0
-0.00728260913550145	-0.006457468818239122	0.0
-0.007279711528319133	-0.006455061141828736	0.0
-0.007277036813996994	-0.0064528139771790425	0.0
-0.0072741392068146745	-0.006450566812529349	0.0
-0.007271241599632357	-0.006448159136118963	0.0
-0.0072681210995898604	-0.0064457514597085755	0.0
-0.007265446385267721	-0.00644334378329819	0.0
-0.007262548778085404	-0.006441257130409188	0.0
-0.007259651170903086	-0.006439009965759495	0.0
-0.0072567535637207674	-0.0064367628011098	0.0
-0.007254078849398628	-0.006434355124699414	0.0
-0.00725118124221631	-0.006431947448289029	0.0
-0.007248283635033993	-0.00642937926011795	0.0
-0.0072453860278516745	-0.006427132095468256	0.0
-0.007242488420669357	-0.00642472441905787	0.0
-0.00723959081348704	-0.006422477254408176	0.0
-0.0072369160991649	-0.00642006957799779	0.0
-0.0072340184919825815	-0.0064176619015874035	0.0
-0.007231343777660442	-0.00641541473693771	0.0
-0.007228446170478124	-0.006413007060527323	0.0
-0.007225548563295807	-0.006410599384116937	0.0
-0.0072226509561134885	-0.006408352219467244	0.0
-0.00721975334893117	-0.0064059445430568575	0.0
-0.007216855741748853	-0.006403536866646471	0.0
-0.0072139581345665345	-0.006400968678475392	0.0
-0.007211060527384217	-0.006398561002065006	0.0
-0.0072081629202019	-0.006396313837415312	0.0
-0.00720548820587976	-0.006393745649244234	0.0
-0.0072025905986974415	-0.006391337972833848	0.0
-0.007199692991515124	-0.006388930296423461	0.0
-0.007196795384332806	-0.006386522620013075	0.0
-0.00719367488429031	-0.006384114943602689	0.0
-0.007190777277107992	-0.006381867778952995	0.0
-0.007188102562785853	-0.006379460102542609	0.0
-0.007185204955603534	-0.00637689191437153	0.0
-0.007182307348421216	-0.006374484237961144	0.0
-0.007179632634099077	-0.006371916049790065	0.0
-0.00717673502691676	-0.006369508373379679	0.0
-0.0071738374197344405	-0.006367100696969293	0.0
-0.007170939812552123	-0.006364693020558906	0.0
-0.007168042205369806	-0.00636228534414852	0.0
-0.007165367491047666	-0.006359877667738135	0.0
-0.0071624698838653475	-0.006357469991327748	0.0
-0.00715957227668303	-0.006354901803156669	0.0
-0.007156674669500713	-0.006352494126746283	0.0
-0.007153777062318395	-0.006349925938575205	0.0
-0.0071511023479962545	-0.006347518262164818	0.0
-0.007148427633674115	-0.00634495007399374	0.0
-0.007145530026491797	-0.006342542397583354	0.0
-0.00714263241930948	-0.006340134721172968	0.0
-0.0071397348121271615	-0.0063375665330018885	0.0
-0.007136837204944844	-0.006335158856591502	0.0
-0.007133939597762526	-0.006332590668420424	0.0
-0.0071310419905802076	-0.006330182992010038	0.0
-0.00712814438339789	-0.006327614803838959	0.0
-0.00712546966907575	-0.00632504661566788	0.0
-0.007122572061893433	-0.006322478427496802	0.0
-0.0071196744547111146	-0.006320070751086416	0.0
-0.007116776847528797	-0.006317342051154644	0.0
-0.007114102133206657	-0.006314773862983566	0.0
-0.00711120452602434	-0.0063123661865731795	0.0
-0.0071083069188420216	-0.006309797998402101	0.0
-0.007105409311659704	-0.006307390321991715	0.0
-0.007102511704477386	-0.006304982645581329	0.0
-0.007099836990155247	-0.00630241445741025	0.0
-0.007096939382972929	-0.006299846269239171	0.0
-0.007094041775790611	-0.0062971175693074	0.0
-0.007091144168608293	-0.006294549381136321	0.0
-0.007088246561425975	-0.00629182068120455	0.0
-0.007085126061383479	-0.006289252493033472	0.0
-0.00708245134706134	-0.006286684304862393	0.0
-0.0070795537398790215	-0.006284116116691315	0.0
-0.007076656132696703	-0.0062817084402809285	0.0
-0.007073758525514386	-0.006279140252109849	0.0
-0.007071083811192247	-0.006276732575699463	0.0
-0.007068409096870107	-0.006274003875767693	0.0
-0.007065511489687789	-0.006271435687596614	0.0
-0.007062613882505471	-0.006268706987664842	0.0
-0.007059716275323153	-0.006265978287733072	0.0
-0.007056372882420479	-0.006263410099561993	0.0
-0.007053475275238161	-0.006260841911390914	0.0
-0.007050577668055842	-0.006258273723219836	0.0
-0.007047680060873525	-0.006255705535048757	0.0
-0.007045005346551386	-0.006253137346877678	0.0
-0.007042107739369067	-0.006250569158706599	0.0
-0.007039210132186749	-0.006247840458774829	0.0
-0.00703653541786461	-0.006244951247082365	0.0
-0.007033414917822114	-0.006242383058911287	0.0
-0.007030294417779618	-0.006239814870740208	0.0
-0.0070273968105973	-0.006237086170808437	0.0
-0.007024499203414983	-0.006234517982637359	0.0
-0.007021601596232664	-0.006231789282705587	0.0
-0.007018703989050346	-0.006229221094534509	0.0
-0.007015806381868029	-0.006226492394602738	0.0
-0.007013131667545888	-0.006223763694670967	0.0
-0.007010456953223749	-0.006221034994739196	0.0
-0.007007336453181253	-0.006218306294807425	0.0
-0.0070042159531387566	-0.006215577594875654	0.0
-0.007001318345956439	-0.006213009406704575	0.0
-0.006998420738774122	-0.006210280706772804	0.0
-0.0069955231315918034	-0.006207552006841033	0.0
-0.006992625524409485	-0.006204823306909262	0.0
-0.006989727917227168	-0.00620209460697749	0.0
-0.0069868303100448495	-0.00619936590704572	0.0
-0.006983932702862532	-0.006196637207113948	0.0
-0.006981035095680215	-0.006193908507182178	0.0
-0.0069781374884978955	-0.006191179807250406	0.0
-0.0069750169884554005	-0.006188451107318636	0.0
-0.006972119381273082	-0.006185722407386864	0.0
-0.006969221774090764	-0.006182993707455093	0.0
-0.0069663241669084466	-0.00618010449576263	0.0
-0.006963426559726129	-0.006177375795830858	0.0
-0.006960528952543811	-0.006174647095899088	0.0
-0.006957631345361493	-0.006171918395967316	0.0
-0.006954733738179175	-0.006169189696035546	0.0
-0.006951836130996857	-0.006166300484343082	0.0
-0.0069489385238145395	-0.006163571784411312	0.0
-0.006946040916632221	-0.00616084308447954	0.0
-0.006942920416589725	-0.006158114384547769	0.0
-0.006940022809407407	-0.006155225172855306	0.0
-0.006937125202225089	-0.006152335961162842	0.0
-0.006934004702182593	-0.006149607261231071	0.0
-0.006931107095000276	-0.006146878561299299	0.0
-0.006928209487817957	-0.006143989349606836	0.0
-0.00692531188063564	-0.006141260649675065	0.0
-0.006922191380593143	-0.0061385319497432944	0.0
-0.006919293773410826	-0.006135642738050831	0.0
-0.006916396166228508	-0.00613291403811906	0.0
-0.006913275666186012	-0.006130024826426596	0.0
-0.006910378059003694	-0.006127296126494826	0.0
-0.006907480451821376	-0.006124406914802361	0.0
-0.006904359951778879	-0.006121678214870591	0.0
-0.006901462344596562	-0.006118789003178127	0.0
-0.006898341844554065	-0.006116060303246356	0.0
-0.00689522134451157	-0.006113171091553893	0.0
-0.006892323737329251	-0.00611028187986143	0.0
-0.006889426130146934	-0.006107392668168965	0.0
-0.006886305630104437	-0.006104503456476502	0.0
-0.00688340802292212	-0.006101614244784039	0.0
-0.006880510415739802	-0.0060988855448522675	0.0
-0.006877612808557484	-0.0060961568449204966	0.0
-0.006874492308514988	-0.006093267633228034	0.0
-0.00687159470133267	-0.00609037842153557	0.0
-0.006868474201290174	-0.006087649721603799	0.0
-0.006865353701247677	-0.006084599998150643	0.0
-0.0068622332012051816	-0.0060817107864581796	0.0
-0.006859335594022863	-0.006078821574765717	0.0
-0.0068562150939803675	-0.006075771851312561	0.0
-0.00685331748679805	-0.006073043151380789	0.0
-0.006850196986755553	-0.006070153939688325	0.0
-0.006847299379573236	-0.0060674252397565544	0.0
-0.006844178879530739	-0.006064536028064091	0.0
-0.0068410583794882435	-0.006061646816371628	0.0
-0.006838160772305925	-0.006058757604679165	0.0
-0.006835040272263429	-0.0060558683929867	0.0
-0.006832142665081111	-0.006052818669533545	0.0
-0.006829022165038615	-0.006049929457841081	0.0
-0.006825901664996119	-0.006046879734387925	0.0
-0.006823004057813801	-0.006043990522695462	0.0
-0.0068198835577713045	-0.006041101311002999	0.0
-0.006816985950588987	-0.006038212099310536	0.0
-0.00681386545054649	-0.006035322887618071	0.0
-0.006810967843364173	-0.0060322731641649155	0.0
-0.006807847343321677	-0.006029383952472453	0.0
-0.0068047268432791805	-0.006026494740779989	0.0
-0.006801829236096863	-0.006023766040848218	0.0
-0.006798708736054366	-0.006020876829155754	0.0
-0.006795588236011871	-0.0060178271057025985	0.0
-0.006792690628829552	-0.006014937894010135	0.0
-0.006789570128787057	-0.006011888170556979	0.0
-0.006786672521604738	-0.0060088384471038234	0.0
-0.006783552021562242	-0.006005788723650668	0.0
-0.006780431521519747	-0.006002899511958204	0.0
-0.006777533914337428	-0.006000010300265741	0.0
-0.0067744134142949325	-0.0059971210885732765	0.0
-0.006771515807112614	-0.005994231876880814	0.0
-0.006768395307070118	-0.00599134266518835	0.0
-0.006765274807027623	-0.005988292941735194	0.0
-0.006762377199845304	-0.005985243218282039	0.0
-0.0067592566998028085	-0.005982193494828883	0.0
-0.006756136199760312	-0.0059791437713757264	0.0
-0.0067532385925779944	-0.005976094047922571	0.0
-0.006750118092535498	-0.005973204836230107	0.0
-0.00674722048535318	-0.005970155112776951	0.0
-0.0067440999853106845	-0.005967265901084488	0.0
-0.006740979485268188	-0.005964216177631332	0.0
-0.0067380818780858704	-0.005961326965938868	0.0
-0.006734961378043374	-0.005958277242485713	0.0
-0.006731840878000878	-0.005955227519032556	0.0
-0.00672894327081856	-0.0059521777955794004	0.0
-0.006725822770776064	-0.005949128072126245	0.0
-0.006722925163593746	-0.005946238860433781	0.0
-0.00671980466355125	-0.005943349648741318	0.0
-0.006716684163508753	-0.0059402999252881625	0.0
-0.006713786556326436	-0.005937410713595699	0.0
-0.006710666056283939	-0.00593420047838185	0.0
-0.006707768449101622	-0.005931150754928695	0.0
-0.006704647949059125	-0.005928101031475538	0.0
-0.006701527449016629	-0.0059250513080223825	0.0
-0.006698629841834311	-0.00592216209632992	0.0
-0.006695509341791815	-0.005919112372876763	0.0
-0.006692388841749318	-0.0059160626494236075	0.0
-0.006689491234567001	-0.005913173437731145	0.0
-0.006686370734524504	-0.005910123714277988	0.0
-0.006683473127342187	-0.0059070739908248324	0.0
-0.006680352627299691	-0.005904024267371677	0.0
-0.006677232127257194	-0.005900974543918521	0.0
-0.006674334520074877	-0.005897924820465365	0.0
-0.00667121402003238	-0.005895035608772902	0.0
-0.006668093519989885	-0.005891985885319746	0.0
-0.006665195912807566	-0.0058890966736272815	0.0
-0.006662075412765071	-0.005886046950174126	0.0
-0.0066589549127225745	-0.005882997226720969	0.0
-0.006655834412680079	-0.005879947503267814	0.0
-0.006652713912637582	-0.005876897779814659	0.0
-0.006649593412595085	-0.005873848056361503	0.0
-0.006646695805412768	-0.005870798332908347	0.0
-0.006643575305370271	-0.005867748609455191	0.0
-0.0066404548053277754	-0.005864859397762727	0.0
-0.00663733430528528	-0.005861809674309571	0.0
-0.006634436698102961	-0.005858920462617108	0.0
-0.006631316198060465	-0.005855870739163952	0.0
-0.00662819569801797	-0.005852821015710796	0.0
-0.006625075197975473	-0.00584977129225764	0.0
-0.006622177590793156	-0.005846882080565177	0.0
-0.006619057090750659	-0.005843832357112021	0.0
-0.006615936590708163	-0.005840782633658865	0.0
-0.0066128160906656665	-0.005837732910205709	0.0
-0.006609918483483349	-0.005834843698513246	0.0
-0.006606797983440852	-0.00583179397506009	0.0
-0.006603677483398357	-0.005828744251606934	0.0
-0.006600334090495682	-0.005825855039914471	0.0
-0.006597213590453186	-0.005822805316461315	0.0
-0.00659409309041069	-0.005819755593008159	0.0
-0.0065911954832283725	-0.0058168663813156956	0.0
-0.006588074983185876	-0.00581381665786254	0.0
-0.006584954483143379	-0.005810927446170075	0.0
-0.006581833983100883	-0.00580787772271692	0.0
-0.0065787134830583875	-0.005804988511024457	0.0
-0.006575592983015892	-0.0058019387875713	0.0
-0.006572472482973395	-0.005798889064118145	0.0
-0.006569351982930899	-0.005795999852425682	0.0
-0.0065662314828884025	-0.005793110640733218	0.0
-0.006563333875706085	-0.005790060917280062	0.0
-0.006559990482803411	-0.005787171705587598	0.0
-0.006556869982760914	-0.005784282493895135	0.0
-0.006553526589858239	-0.005781393282202672	0.0
-0.006550406089815743	-0.005778504070510208	0.0
-0.0065472855897732475	-0.0057754543470570525	0.0
-0.006544387982590929	-0.005772404623603897	0.0
-0.006541044589688255	-0.00576935490015074	0.0
-0.006537924089645759	-0.005766305176697585	0.0
-0.0065348035896032625	-0.005763415965005122	0.0
-0.006531460196700588	-0.005760526753312657	0.0
-0.0065283396966580925	-0.005757637541620194	0.0
-0.006525219196615596	-0.005754587818167038	0.0
-0.006522098696573099	-0.005751698606474575	0.0
-0.006518978196530603	-0.005748648883021419	0.0
-0.0065158576964881075	-0.0057457596713289556	0.0
-0.0065125143035854325	-0.0057427099478758	0.0
-0.006509393803542937	-0.005739660224422644	0.0
-0.00650627330350044	-0.005736610500969488	0.0
-0.006503152803457945	-0.005733721289277025	0.0
-0.00649980941055527	-0.005730671565823869	0.0
-0.006496688910512773	-0.005727782354131405	0.0
-0.006493568410470278	-0.005724893142438942	0.0
-0.006490447910427782	-0.005721843418985785	0.0
-0.006487104517525107	-0.0057187936955326295	0.0
-0.006483984017482611	-0.005715743972079474	0.0
-0.006480863517440115	-0.00571285476038701	0.0
-0.006477743017397619	-0.0057098050369338545	0.0
-0.006474399624494944	-0.005706915825241392	0.0
-0.006471279124452447	-0.005704026613548928	0.0
-0.006467935731549773	-0.005700976890095772	0.0
-0.006464815231507277	-0.005697927166642617	0.0
-0.006461694731464781	-0.00569487744318946	0.0
-0.0064583513385621065	-0.005691988231496996	0.0
-0.006455230838519611	-0.005688938508043841	0.0
-0.0064518874456169365	-0.005685728272829992	0.0
-0.00644876694557444	-0.005682839061137529	0.0
-0.006445423552671766	-0.005679789337684374	0.0
-0.006442303052629269	-0.005676900125991909	0.0
-0.006439182552586774	-0.0056738504025387534	0.0
-0.006435839159684099	-0.005670800679085598	0.0
-0.006432718659641602	-0.005667911467393134	0.0
-0.006429598159599106	-0.005664861743939978	0.0
-0.006426254766696432	-0.005661972532247515	0.0
-0.0064231342666539355	-0.005658922808794359	0.0
-0.006419790873751261	-0.005655873085341203	0.0
-0.0064166703737087655	-0.00565298387364874	0.0
-0.006413549873666269	-0.005649934150195584	0.0
-0.006410206480763595	-0.005646884426742428	0.0
-0.006407085980721099	-0.005643834703289273	0.0
-0.006403965480678602	-0.005640784979836116	0.0
-0.006400622087775927	-0.0056377352563829605	0.0
-0.006397501587733432	-0.005634846044690498	0.0
-0.006394158194830757	-0.005631796321237341	0.0
-0.00639103769478826	-0.0056287465977841854	0.0
-0.006387694301885587	-0.005625857386091722	0.0
-0.00638457380184309	-0.005622807662638566	0.0
-0.006381453301800594	-0.005619918450946102	0.0
-0.006378332801758098	-0.005616868727492946	0.0
-0.006374989408855424	-0.00561381900403979	0.0
-0.006371868908812927	-0.0056107692805866345	0.0
-0.006368525515910254	-0.005607719557133479	0.0
-0.0063651821230075786	-0.005604669833680322	0.0
-0.006361838730104904	-0.0056017806219878594	0.0
-0.006358495337202229	-0.005598730898534704	0.0
-0.0063553748371597335	-0.00559584168684224	0.0
-0.006352254337117237	-0.005592952475149777	0.0
-0.006349356729934919	-0.005589902751696621	0.0
-0.006346236229892423	-0.005586853028243465	0.0
-0.0063428928369897485	-0.005583803304790309	0.0
-0.006339772336947253	-0.005580753581337154	0.0
-0.0063364289440445785	-0.005577703857883997	0.0
-0.006332862658281726	-0.005574814646191534	0.0
-0.006329519265379051	-0.00557192543449907	0.0
-0.006326398765336554	-0.005569036222806607	0.0
-0.006323278265294058	-0.005565986499353451	0.0
-0.0063201577652515625	-0.005563097287660987	0.0
-0.006317037265209067	-0.005560047564207832	0.0
-0.006313693872306392	-0.005557158352515368	0.0
-0.006310573372263895	-0.005554108629062212	0.0
-0.006307229979361221	-0.005551058905609057	0.0
-0.006303886586458547	-0.005548169693916593	0.0
-0.006300543193555872	-0.005545119970463437	0.0
-0.006297199800653198	-0.0055422307587709736	0.0
-0.006294079300610701	-0.00553934154707851	0.0
-0.006290958800568206	-0.005536452335386047	0.0
-0.0062876154076655305	-0.005533563123693583	0.0
-0.006284494907623035	-0.0055305134002404275	0.0
-0.0062811515147203605	-0.005527624188547964	0.0
-0.006277808121817686	-0.005524413953334115	0.0
-0.00627468762177519	-0.0055215247416416525	0.0
-0.006271344228872515	-0.005518635529949189	0.0
-0.006268000835969841	-0.005515746318256725	0.0
-0.0062648803359273445	-0.005512857106564262	0.0
-0.00626153694302467	-0.005509967894871798	0.0
-0.0062584164429821745	-0.005506918171418643	0.0
-0.0062550730500794995	-0.005504028959726179	0.0
-0.006251729657176825	-0.0055009792362730224	0.0
-0.006248609157134329	-0.005497929512819867	0.0
-0.006245265764231655	-0.005495040301127404	0.0
-0.0062421452641891586	-0.00549215108943494	0.0
-0.006239024764146662	-0.005489261877742477	0.0
-0.006235681371243988	-0.005486372666050013	0.0
-0.006232560871201492	-0.005483322942596858	0.0
-0.006229217478298817	-0.005480433730904393	0.0
-0.006225874085396143	-0.005477384007451238	0.0
-0.0062225306924934675	-0.005474494795758775	0.0
-0.006219187299590794	-0.005471605584066311	0.0
-0.0062160667995482975	-0.005468555860613155	0.0
-0.006212723406645622	-0.0054656666489206925	0.0
-0.0062096029066031275	-0.005462777437228228	0.0
-0.006206482406560631	-0.005459727713775072	0.0
-0.006203139013657956	-0.0054568385020826084	0.0
-0.0061997956207552815	-0.0054539492903901456	0.0
-0.006196675120712786	-0.005451060078697683	0.0
-0.0061933317278101115	-0.005448010355244526	0.0
-0.006189988334907436	-0.005445121143552063	0.0
-0.006186867834864941	-0.005442392443620291	0.0
-0.006183747334822444	-0.0054395032319278286	0.0
-0.006180626834779949	-0.005436614020235365	0.0
-0.006177283441877274	-0.005433724808542901	0.0
-0.0061739400489746	-0.005430835596850437	0.0
-0.006170819548932103	-0.005427946385157974	0.0
-0.006167476156029428	-0.005424896661704819	0.0
-0.006164355655986932	-0.005422007450012355	0.0
-0.006161012263084258	-0.005419118238319891	0.0
-0.006157891763041761	-0.0054162290266274275	0.0
-0.006154548370139088	-0.005413339814934965	0.0
-0.006151204977236413	-0.005410450603242502	0.0
-0.006147861584333739	-0.005407561391550037	0.0
-0.006144741084291242	-0.005404672179857574	0.0
-0.006141620584248746	-0.0054017829681651105	0.0
-0.0061385000842062495	-0.005398893756472648	0.0
-0.006135156691303575	-0.005396004544780183	0.0
-0.0061320361912610795	-0.00539311533308772	0.0
-0.006128692798358405	-0.005390226121395256	0.0
-0.00612534940545573	-0.0053873369097027935	0.0
-0.006122228905413234	-0.005384447698010331	0.0
-0.006118662619650382	-0.005381558486317866	0.0
-0.006115542119607885	-0.005378669274625403	0.0
-0.006112198726705211	-0.005375780062932939	0.0
-0.006109078226662715	-0.0053728908512404765	0.0
-0.006105734833760041	-0.005370162151308705	0.0
-0.006102614333717544	-0.005367272939616242	0.0
-0.006099270940814869	-0.005364383727923778	0.0
-0.006095927547912196	-0.005361494516231314	0.0
-0.006092807047869699	-0.005358605304538851	0.0
-0.006089463654967024	-0.005355395069325002	0.0
-0.00608612026206435	-0.005352505857632539	0.0
-0.006082999762021854	-0.0053496166459400755	0.0
-0.00607965636911918	-0.005346727434247613	0.0
-0.006076535869076683	-0.00534383822255515	0.0
-0.006073192476174009	-0.005340949010862685	0.0
-0.006069849083271335	-0.005338220310930915	0.0
-0.006066282797508482	-0.0053351705874777585	0.0
-0.006063162297465985	-0.005332281375785296	0.0
-0.006059818904563311	-0.005329392164092831	0.0
-0.006056475511660636	-0.005326342440639675	0.0
-0.006053132118757963	-0.005323613740707905	0.0
-0.006050011618715466	-0.005320885040776133	0.0
-0.0060468911186729694	-0.0053179958290836705	0.0
-0.006043547725770295	-0.005315106617391207	0.0
-0.006040204332867621	-0.005312056893938051	0.0
-0.006036860939964947	-0.005309167682245587	0.0
-0.006033071761341916	-0.005306278470553124	0.0
-0.006029728368439241	-0.005303228747099968	0.0
-0.006026607868396745	-0.005300339535407504	0.0
-0.00602326447549407	-0.0052972898119543485	0.0
-0.0060199210825913965	-0.0052945611120225776	0.0
-0.0060168005825489	-0.005291832412090807	0.0
-0.006013680082506403	-0.005288943200398343	0.0
-0.006010336689603729	-0.00528605398870588	0.0
-0.006006993296701055	-0.005283004265252724	0.0
-0.0060036499037983805	-0.0052801150535602605	0.0
-0.006000083618035527	-0.005277225841867797	0.0
-0.0059965173322726745	-0.005274336630175333	0.0
-0.00599317393937	-0.00527144741848287	0.0
-0.005990053439327504	-0.005268558206790406	0.0
-0.00598671004642483	-0.005265668995097943	0.0
-0.005983366653522155	-0.00526277978340548	0.0
-0.0059802461534796585	-0.005259890571713016	0.0
-0.005976902760576984	-0.005257001360020553	0.0
-0.005973559367674309	-0.0052541121483280885	0.0
-0.005970215974771636	-0.005251383448396318	0.0
-0.005966872581868961	-0.005248494236703855	0.0
-0.005963529188966287	-0.005245444513250699	0.0
-0.0059601857960636115	-0.005242715813318927	0.0
-0.005956842403160937	-0.005239826601626464	0.0
-0.005953499010258264	-0.005236776878173309	0.0
-0.005950378510215767	-0.005233887666480845	0.0
-0.005947035117313092	-0.005230998454788382	0.0
-0.005943691724410418	-0.00522826975485661	0.0
-0.005940348331507743	-0.005225380543164147	0.0
-0.00593700493860507	-0.0052226518432323754	0.0
-0.0059336615457023945	-0.0052197626315399126	0.0
-0.00593031815279972	-0.005216873419847449	0.0
-0.005927197652757224	-0.005213984208154986	0.0
-0.00592385425985455	-0.005211094996462521	0.0
-0.005920510866951875	-0.0052082057847700584	0.0
-0.005917167474049201	-0.005205316573077595	0.0
-0.005913824081146526	-0.005202427361385132	0.0
-0.00591070358110403	-0.00519969866145336	0.0
-0.005907360188201356	-0.005196809449760897	0.0
-0.005904016795298681	-0.005193920238068434	0.0
-0.005900673402396007	-0.005191191538136662	0.0
-0.0058973300094933324	-0.0051883023264441995	0.0
-0.005894209509450837	-0.005185252602991043	0.0
-0.0058908661165481616	-0.00518236339129858	0.0
-0.005887522723645487	-0.005179634691366808	0.0
-0.005884179330742812	-0.005176745479674345	0.0
-0.005880835937840138	-0.005174016779742574	0.0
-0.005877715437797642	-0.005171127568050111	0.0
-0.005874372044894968	-0.005168238356357647	0.0
-0.005871028651992293	-0.005165349144665184	0.0
-0.005867685259089619	-0.00516245993297272	0.0
-0.005864341866186944	-0.005159731233040949	0.0
-0.005861221366144448	-0.0051568420213484855	0.0
-0.005857877973241774	-0.005153952809656023	0.0
-0.005854534580339099	-0.005151063597963559	0.0
-0.005851191187436424	-0.005148334898031788	0.0
-0.00584784779453375	-0.005145445686339325	0.0
-0.005844504401631076	-0.00514255647464686	0.0
-0.005841383901588579	-0.0051396672629543975	0.0
-0.005838040508685905	-0.0051369385630226265	0.0
-0.005834697115783231	-0.005134049351330163	0.0
-0.005831353722880557	-0.005131160139637699	0.0
-0.005828010329977882	-0.005128431439705929	0.0
-0.005824666937075207	-0.005125542228013464	0.0
-0.005821323544172532	-0.005122813528081694	0.0
-0.005817980151269858	-0.005120084828149922	0.0
-0.005814859651227362	-0.0051170351046967676	0.0
-0.005811516258324688	-0.005114145893004303	0.0
-0.005808172865422013	-0.00511125668131184	0.0
-0.005804829472519339	-0.005108527981380069	0.0
-0.005801486079616665	-0.005105638769687605	0.0
-0.00579814268671399	-0.005102910069755834	0.0
-0.005794799293811315	-0.005100181369824063	0.0
-0.005791455900908641	-0.005097452669892292	0.0
-0.0057883354008661445	-0.005094723969960521	0.0
-0.00578499200796347	-0.005091834758268058	0.0
-0.005781648615060796	-0.005088785034814902	0.0
-0.005778305222158122	-0.005085895823122438	0.0
-0.005775184722115625	-0.005083167123190667	0.0
-0.0057716184363527726	-0.005080438423258896	0.0
-0.0057682750434500975	-0.005077709723327125	0.0
-0.005764931650547424	-0.005074820511634662	0.0
-0.005761588257644749	-0.0050720918117028915	0.0
-0.005758244864742075	-0.005069202600010427	0.0
-0.005755124364699578	-0.005066473900078657	0.0
-0.005751780971796904	-0.005063584688386193	0.0
-0.00574843757889423	-0.005060855988454422	0.0
-0.0057450941859915556	-0.005057966776761958	0.0
-0.0057417507930888805	-0.005055238076830187	0.0
-0.005738184507326028	-0.005052509376898416	0.0
-0.005734841114423353	-0.005049620165205953	0.0
-0.005731497721520679	-0.0050468914652741816	0.0
-0.005728154328618005	-0.005044002253581719	0.0
-0.005725033828575509	-0.005041273553649947	0.0
-0.0057216904356728335	-0.005038544853718176	0.0
-0.005718347042770159	-0.005035816153786405	0.0
-0.005715003649867485	-0.005032926942093941	0.0
-0.005711660256964811	-0.005030198242162171	0.0
-0.005708316864062136	-0.005027469542230399	0.0
-0.005704750578299283	-0.005024580330537936	0.0
-0.005701407185396609	-0.005021851630606164	0.0
-0.005698063792493934	-0.0050189624189137015	0.0
-0.00569472039959126	-0.0050162337189819306	0.0
-0.005691377006688585	-0.00501350501905016	0.0
-0.005688033613785911	-0.005010776319118389	0.0
-0.005684690220883237	-0.005008047619186617	0.0
-0.005681346827980562	-0.005005318919254847	0.0
-0.005678003435077888	-0.005002429707562382	0.0
-0.005674437149315034	-0.004999701007630612	0.0
-0.00567109375641236	-0.00499697230769884	0.0
-0.0056675274706495075	-0.00499424360776707	0.0
-0.0056641840777468325	-0.004991514907835298	0.0
-0.005660840684844159	-0.004988786207903527	0.0
-0.005657497291941485	-0.004986057507971756	0.0
-0.00565415389903881	-0.004983328808039985	0.0
-0.005650587613275957	-0.004980439596347522	0.0
-0.005647021327513105	-0.00497771089641575	0.0
-0.00564367793461043	-0.00497498219648398	0.0
-0.005640111648847577	-0.0049722534965522085	0.0
-0.005636545363084724	-0.004969524796620438	0.0
-0.00563320197018205	-0.0049667960966886665	0.0
-0.005629858577279375	-0.0049640673967568955	0.0
-0.005626515184376701	-0.004961499208585817	0.0
-0.005623171791474026	-0.0049587705086540455	0.0
-0.005619605505711173	-0.004955720785200891	0.0
-0.005616039219948321	-0.004952992085269119	0.0
-0.005612695827045646	-0.004950102873576656	0.0
-0.005608906648422615	-0.004947374173644884	0.0
-0.005605340362659763	-0.004944645473713114	0.0
-0.005601996969757088	-0.004942077285542035	0.0
-0.005598430683994235	-0.004939348585610264	0.0
-0.005595087291091561	-0.0049364593739178	0.0
-0.005591521005328708	-0.004933570162225336	0.0
-0.005588177612426033	-0.0049306809505328736	0.0
-0.005584611326663181	-0.004927952250601102	0.0
-0.005581045040900328	-0.004925063038908639	0.0
-0.005577478755137475	-0.004922334338976868	0.0
-0.005573912469374623	-0.004919605639045097	0.0
-0.005570569076471948	-0.004916716427352633	0.0
-0.005567002790709095	-0.004913987727420862	0.0
-0.0055634365049462425	-0.004911098515728398	0.0
-0.005560093112043568	-0.0049082093040359355	0.0
-0.005556526826280716	-0.004905320092343473	0.0
-0.005552960540517863	-0.004902591392411701	0.0
-0.005549617147615188	-0.004899702180719238	0.0
-0.0055460508618523354	-0.004896973480787466	0.0
-0.005542707468949661	-0.004894084269095002	0.0
-0.00553891829032663	-0.004891195057402539	0.0
-0.005535129111703599	-0.0048884663574707676	0.0
-0.005531562825940747	-0.004885577145778305	0.0
-0.005527996540177893	-0.004882687934085842	0.0
-0.005524653147275219	-0.004879798722393378	0.0
-0.005521086861512366	-0.004876909510700914	0.0
-0.005517520575749513	-0.0048740202990084506	0.0
-0.00551395428998666	-0.0048712915990766804	0.0
-0.005510388004223808	-0.004868402387384216	0.0
-0.005506821718460955	-0.004865513175691753	0.0
-0.0055032554326981025	-0.004862623963999289	0.0
-0.00549968914693525	-0.004859734752306826	0.0
-0.005496122861172397	-0.004856845540614363	0.0
-0.005492556575409545	-0.004853956328921899	0.0
-0.005488990289646691	-0.004851067117229436	0.0
-0.005485424003883839	-0.004848338417297665	0.0
-0.005481857718120986	-0.004845449205605201	0.0
-0.005478291432358133	-0.00484272050567343	0.0
-0.00547472514659528	-0.004839831293980967	0.0
-0.005471158860832427	-0.004836942082288503	0.0
-0.005467592575069575	-0.00483405287059604	0.0
-0.005464026289306722	-0.004831163658903576	0.0
-0.0054604600035438695	-0.004828434958971805	0.0
-0.005456893717781017	-0.004825545747279341	0.0
-0.005453104539157986	-0.0048226565355868785	0.0
-0.005449538253395133	-0.004819767323894415	0.0
-0.005446194860492458	-0.004817038623962644	0.0
-0.005442628574729606	-0.00481414941227018	0.0
-0.005439062288966753	-0.004811260200577717	0.0
-0.0054354960032039	-0.004808531500645945	0.0
-0.005431929717441047	-0.004805642288953482	0.0
-0.005428140538818016	-0.004802753077261019	0.0
-0.005424574253055163	-0.004800024377329248	0.0
-0.005421007967292311	-0.004797135165636784	0.0
-0.00541721878866928	-0.004794245953944321	0.0
-0.005413652502906427	-0.004791356742251858	0.0
-0.005410309110003753	-0.004788628042320086	0.0
-0.0054067428242409	-0.004785738830627623	0.0
-0.005403176538478048	-0.00478284961893516	0.0
-0.005399387359855016	-0.004780120919003389	0.0
-0.005395821074092163	-0.004777231707310925	0.0
-0.005392254788329311	-0.004774342495618462	0.0
-0.00538846560970628	-0.00477161379568669	0.0
-0.005384899323943427	-0.004768724583994227	0.0
-0.0053813330381805745	-0.004765835372301764	0.0
-0.005377766752417721	-0.0047629461606093	0.0
-0.0053742004666548675	-0.004760217460677529	0.0
-0.005370411288031837	-0.004757488760745758	0.0
-0.005366845002268985	-0.004754599549053294	0.0
-0.005363278716506132	-0.004751710337360831	0.0
-0.005359712430743279	-0.0047488211256683675	0.0
-0.005355923252120248	-0.004745931913975904	0.0
-0.005352356966357395	-0.004742882190522748	0.0
-0.0053487906805945425	-0.004739992978830284	0.0
-0.005345224394831689	-0.004737264278898514	0.0
-0.005341435216208659	-0.00473437506720605	0.0
-0.005337868930445806	-0.004731485855513587	0.0
-0.005334079751822774	-0.004728596643821123	0.0
-0.005330513466059922	-0.004725867943889353	0.0
-0.005326724287436891	-0.004722818220436196	0.0
-0.005323158001674038	-0.004719929008743733	0.0
-0.005319368823051007	-0.004717039797051269	0.0
-0.005315802537288155	-0.004714150585358806	0.0
-0.005312013358665123	-0.004711261373666343	0.0
-0.00530844707290227	-0.0047083721619738785	0.0
-0.00530465789427924	-0.004705482950281416	0.0
-0.005300868715656208	-0.004702593738588952	0.0
-0.005297079537033177	-0.004699704526896489	0.0
-0.0052935132512703246	-0.004696654803443333	0.0
-0.0052897240726472936	-0.004693765591750869	0.0
-0.005286157786884441	-0.004690876380058406	0.0
-0.00528236860826141	-0.004687987168365942	0.0
-0.0052788023224985565	-0.004684937444912786	0.0
-0.005275236036735704	-0.0046820482332203235	0.0
-0.005271446858112674	-0.00467915902152786	0.0
-0.005267657679489642	-0.004676269809835396	0.0
-0.005263868500866611	-0.004673380598142932	0.0
-0.00526007932224358	-0.004670330874689777	0.0
-0.005256290143620549	-0.004667441662997313	0.0
-0.005252500964997518	-0.004664391939544157	0.0
-0.005248934679234665	-0.004661502727851694	0.0
-0.005245145500611634	-0.004658453004398538	0.0
-0.005241579214848782	-0.004655563792706074	0.0
-0.005238012929085928	-0.004652674581013611	0.0
-0.005234223750462897	-0.004649624857560455	0.0
-0.005230434571839866	-0.004646735645867992	0.0
-0.005226645393216835	-0.004643846434175528	0.0
-0.005222856214593804	-0.004640796710722372	0.0
-0.005219067035970773	-0.004637746987269217	0.0
-0.005215277857347742	-0.004634697263816061	0.0
-0.005211488678724711	-0.004631808052123597	0.0
-0.005207922392961859	-0.004628758328670442	0.0
-0.005204133214338828	-0.004625869116977977	0.0
-0.005200566928575975	-0.0046228193935248215	0.0
-0.005196777749952943	-0.004619769670071666	0.0
-0.005192988571329912	-0.00461671994661851	0.0
-0.005189199392706882	-0.0046136702231653545	0.0
-0.00518541021408385	-0.004610781011472891	0.0
-0.005181621035460819	-0.004607731288019734	0.0
-0.0051780547496979665	-0.004604681564566579	0.0
-0.0051742655710749355	-0.004601631841113423	0.0
-0.0051704763924519045	-0.004598582117660267	0.0
-0.0051666872138288735	-0.004595532394207111	0.0
-0.005163120928066021	-0.004592482670753955	0.0
-0.005159554642303168	-0.0045894329473008	0.0
-0.0051557654636801365	-0.004586383223847644	0.0
-0.0051519762850571055	-0.004583333500394488	0.0
-0.005147964213573896	-0.0045802837769413325	0.0
-0.005144175034950865	-0.004577234053488176	0.0
-0.005140385856327835	-0.00457418433003502	0.0
-0.005136596677704803	-0.004571134606581865	0.0
-0.005132807499081772	-0.004568084883128709	0.0
-0.005129018320458741	-0.004565035159675553	0.0
-0.0051254520346958885	-0.004561985436222397	0.0
-0.0051216628560728575	-0.004558935712769241	0.0
-0.0051178736774498265	-0.004555885989316085	0.0
-0.0051140844988267955	-0.004552996777623622	0.0
-0.005110295320203764	-0.0045497865424097735	0.0
-0.005106283248720555	-0.004546736818956618	0.0
-0.005102494070097523	-0.004543687095503461	0.0
-0.005098704891474493	-0.004540637372050306	0.0
-0.005094915712851462	-0.004537748160357843	0.0
-0.00509112653422843	-0.0045345379251439935	0.0
-0.005087337355605399	-0.004531488201690838	0.0
-0.005083548176982369	-0.004528438478237682	0.0
-0.005079758998359337	-0.004525228243023834	0.0
-0.005075969819736306	-0.004522178519570677	0.0
-0.005072180641113275	-0.004519128796117522	0.0
-0.005068168569630066	-0.004516079072664366	0.0
-0.005064379391007035	-0.004513189860971902	0.0
-0.005060590212384004	-0.0045101401375187465	0.0
-0.005056801033760973	-0.004507090414065591	0.0
-0.005053011855137942	-0.004503880178851743	0.0
-0.00504922267651491	-0.004500830455398587	0.0
-0.0050452106050317014	-0.004497780731945431	0.0
-0.00504142142640867	-0.0044947310084922755	0.0
-0.005037409354925461	-0.004491681285039119	0.0
-0.00503362017630243	-0.004488631561585963	0.0
-0.005029830997679399	-0.004485581838132808	0.0
-0.005026041819056368	-0.004482532114679651	0.0
-0.005022252640433337	-0.004479642902987188	0.0
-0.005018463461810305	-0.004476593179534033	0.0
-0.005014451390327097	-0.004473382944320184	0.0
-0.005010662211704065	-0.004470333220867028	0.0
-0.005006650140220856	-0.004467283497413872	0.0
-0.005002860961597824	-0.0044642337739607164	0.0
-0.004999071782974793	-0.00446118405050756	0.0
-0.004995282604351763	-0.004458294838815097	0.0
-0.004991270532868553	-0.004455245115361941	0.0
-0.004987481354245523	-0.004452195391908785	0.0
-0.004983692175622491	-0.004449145668455629	0.0
-0.00497990299699946	-0.004445935433241781	0.0
-0.004975890925516251	-0.004442885709788625	0.0
-0.00497210174689322	-0.004439835986335469	0.0
-0.004968312568270189	-0.004436786262882313	0.0
-0.004964300496786979	-0.00443389705118985	0.0
-0.004960511318163948	-0.004430847327736694	0.0
-0.004956722139540918	-0.004427797604283538	0.0
-0.004952932960917886	-0.004424747880830382	0.0
-0.004948920889434677	-0.004421698157377226	0.0
-0.004945131710811646	-0.00441864843392407	0.0
-0.0049411196393284364	-0.0044155987104709145	0.0
-0.0049373304607054054	-0.004412388475257066	0.0
-0.004933318389222196	-0.0044093387518039096	0.0
-0.004929529210599165	-0.004406289028350755	0.0
-0.004925517139115956	-0.004403239304897599	0.0
-0.004921727960492925	-0.004400189581444443	0.0
-0.004917715889009715	-0.004397139857991287	0.0
-0.004913926710386683	-0.0043939296227774385	0.0
-0.004909914638903475	-0.004390879899324283	0.0
-0.004906125460280444	-0.004387990687631819	0.0
-0.0049021133887972345	-0.004384780452417971	0.0
-0.0048983242101742035	-0.004381730728964815	0.0
-0.004894312138690994	-0.004378681005511659	0.0
-0.004890522960067963	-0.004375631282058503	0.0
-0.004886733781444931	-0.0043724210468446545	0.0
-0.004882721709961723	-0.004369371323391499	0.0
-0.004878709638478513	-0.004366161088177651	0.0
-0.004874920459855482	-0.004363111364724495	0.0
-0.004870908388372273	-0.004360061641271339	0.0
-0.004867119209749242	-0.0043570119178181835	0.0
-0.0048631071382660325	-0.004353962194365027	0.0
-0.0048593179596430015	-0.0043507519591511785	0.0
-0.004855305888159791	-0.004347702235698023	0.0
-0.004851516709536761	-0.004344331488723483	0.0
-0.004847504638053551	-0.004341281765270327	0.0
-0.004843715459430521	-0.00433823204181717	0.0
-0.004839703387947311	-0.004335021806603322	0.0
-0.00483591420932428	-0.004332132594910859	0.0
-0.004832125030701249	-0.0043290828714577035	0.0
-0.004828112959218039	-0.004325872636243854	0.0
-0.0048241008877348305	-0.004322662401030006	0.0
-0.004820311709111799	-0.004319452165816158	0.0
-0.0048165225304887685	-0.00431624193060231	0.0
-0.004812510459005558	-0.004313031695388461	0.0
-0.004808721280382528	-0.004309981971935305	0.0
-0.004804932101759497	-0.004306932248482149	0.0
-0.004801142923136465	-0.0043038825250289936	0.0
-0.004797353744513434	-0.004300672289815146	0.0
-0.004793341673030225	-0.0042976225663619895	0.0
-0.004789552494407194	-0.004294412331148141	0.0
-0.004785763315784164	-0.004291041584173601	0.0
-0.0047817512443009535	-0.004287831348959752	0.0
-0.0047779620656779225	-0.004284781625506597	0.0
-0.004774172887054892	-0.004281571390292748	0.0
-0.0047703837084318605	-0.0042786821786002845	0.0
-0.004766371636948652	-0.004275471943386436	0.0
-0.00476258245832562	-0.0042724222199332805	0.0
-0.004758793279702589	-0.004269211984719433	0.0
-0.004755004101079559	-0.004266001749505584	0.0
-0.004751214922456527	-0.004262791514291735	0.0
-0.004747425743833496	-0.004259581279077887	0.0
-0.004743413672350287	-0.004256371043864039	0.0
-0.004739624493727256	-0.004253321320410884	0.0
-0.004735835315104225	-0.004250111085197035	0.0
-0.004732046136481194	-0.004247061361743879	0.0
-0.004728256957858163	-0.00424385112653003	0.0
-0.004724467779235132	-0.004240640891316183	0.0
-0.0047206786006121	-0.004237430656102334	0.0
-0.00471688942198907	-0.004234220420888486	0.0
-0.004713100243366039	-0.004231010185674638	0.0
-0.004709311064743007	-0.004227960462221482	0.0
-0.004705521886119976	-0.004224910738768326	0.0
-0.004701732707496946	-0.0042218610153151705	0.0
-0.004697943528873914	-0.004218650780101321	0.0
-0.004694154350250883	-0.004215440544887473	0.0
-0.004690365171627853	-0.004212230309673624	0.0
-0.004686575993004821	-0.004209020074459777	0.0
-0.00468278681438179	-0.004205809839245928	0.0
-0.004678997635758759	-0.004202760115792773	0.0
-0.004675208457135728	-0.0041995498805789235	0.0
-0.004671419278512697	-0.004196339645365076	0.0
-0.004667630099889666	-0.00419328992191192	0.0
-0.004663840921266634	-0.004190079686698072	0.0
-0.004660051742643604	-0.0041868694514842235	0.0
-0.004656262564020573	-0.004183659216270376	0.0
-0.004652473385397541	-0.004180448981056527	0.0
-0.004648684206774511	-0.004177238745842678	0.0
-0.00464489502815148	-0.0041741890223895226	0.0
-0.004641328742388626	-0.004170978787175675	0.0
-0.004637539563765595	-0.0041679290637225185	0.0
-0.004633750385142564	-0.00416471882850867	0.0
-0.0046299612065195325	-0.004161508593294822	0.0
-0.004626172027896502	-0.004158137846320281	0.0
-0.004622382849273471	-0.004154927611106433	0.0
-0.0046185936706504395	-0.0041517173758925845	0.0
-0.004615027384887587	-0.004148507140678737	0.0
-0.004611238206264556	-0.0041454574172255804	0.0
-0.004607449027641526	-0.004142247182011732	0.0
-0.004603882741878673	-0.004139036946797884	0.0
-0.004600093563255641	-0.004135826711584035	0.0
-0.00459630438463261	-0.004132616476370188	0.0
-0.004592515206009579	-0.004129406241156339	0.0
-0.004588726027386548	-0.004126035494181799	0.0
-0.004584936848763517	-0.00412282525896795	0.0
-0.004581147670140486	-0.004119615023754101	0.0
-0.004577358491517455	-0.004116404788540254	0.0
-0.004573792205754602	-0.004113194553326405	0.0
-0.004570003027131572	-0.004109984318112557	0.0
-0.00456621384850854	-0.004106774082898708	0.0
-0.004562424669885509	-0.004103563847684861	0.0
-0.004558635491262479	-0.0041003536124710116	0.0
-0.004554846312639447	-0.004096982865496471	0.0
-0.004551057134016416	-0.004093772630282623	0.0
-0.004547490848253563	-0.004090562395068774	0.0
-0.004543701669630532	-0.004087352159854926	0.0
-0.004539912491007501	-0.004083981412880386	0.0
-0.00453612331238447	-0.004080771177666537	0.0
-0.004532557026621618	-0.00407756094245269	0.0
-0.004528767847998587	-0.0040741901954781485	0.0
-0.004524978669375555	-0.004070979960264299	0.0
-0.004521189490752525	-0.004067769725050452	0.0
-0.004517400312129494	-0.004064559489836603	0.0
-0.004513611133506462	-0.004061349254622755	0.0
-0.004509821954883431	-0.0040579785076482145	0.0
-0.004506032776260401	-0.004054768272434366	0.0
-0.004502466490497548	-0.004051558037220518	0.0
-0.004498677311874516	-0.00404834780200667	0.0
-0.004494888133251485	-0.004044977055032128	0.0
-0.004491098954628453	-0.0040417668198182806	0.0
-0.004487532668865601	-0.004038556584604432	0.0
-0.004483743490242571	-0.004035346349390584	0.0
-0.00447973141875936	-0.004032136114176735	0.0
-0.004476165132996508	-0.004028765367202195	0.0
-0.004472375954373477	-0.004025555131988347	0.0
-0.004468586775750447	-0.004022344896774499	0.0
-0.004464797597127415	-0.00401913466156065	0.0
-0.004461008418504384	-0.004015924426346801	0.0
-0.004457219239881353	-0.004012714191132953	0.0
-0.0044536529541185	-0.004009503955919105	0.0
-0.004449863775495469	-0.004006293720705257	0.0
-0.004446074596872438	-0.0040030834854914085	0.0
-0.004442285418249407	-0.00399987325027756	0.0
-0.004438496239626375	-0.003996663015063712	0.0
-0.004434707061003345	-0.003993613291610556	0.0
-0.004430917882380314	-0.003990403056396708	0.0
-0.0044273515966174615	-0.003987192821182859	0.0
-0.00442356241799443	-0.003983982585969012	0.0
-0.004419773239371399	-0.0039806118389944705	0.0
-0.0044159840607483685	-0.003977401603780622	0.0
-0.004412194882125337	-0.003974030856806082	0.0
-0.004408405703502306	-0.003970820621592233	0.0
-0.004404616524879275	-0.003967770898139077	0.0
-0.004400827346256244	-0.003964721174685921	0.0
-0.004397261060493391	-0.003961510939472074	0.0
-0.00439347188187036	-0.003958300704258224	0.0
-0.004389682703247328	-0.003955090469044377	0.0
-0.004385893524624298	-0.003951880233830528	0.0
-0.004382327238861445	-0.00394866999861668	0.0
-0.0043785380602384145	-0.0039454597634028315	0.0
-0.004374525988755204	-0.003942249528188983	0.0
-0.004370736810132174	-0.0039391998047358275	0.0
-0.004366947631509142	-0.003935989569521979	0.0
-0.004363158452886111	-0.0039327793343081315	0.0
-0.004359592167123259	-0.003929569099094282	0.0
-0.004355802988500228	-0.0039265193756411266	0.0
-0.004352013809877197	-0.003923309140427278	0.0
-0.004348224631254166	-0.00392009890521343	0.0
-0.004344435452631135	-0.003916888669999582	0.0
-0.004340646274008103	-0.003913678434785734	0.0
-0.004336857095385073	-0.003910468199571885	0.0
-0.004333067916762042	-0.003907418476118729	0.0
-0.00432927873813901	-0.0039042082409048813	0.0
-0.00432548955951598	-0.0039009980056910324	0.0
-0.004321700380892949	-0.0038977877704771844	0.0
-0.004317911202269917	-0.0038947380470240284	0.0
-0.004314122023646886	-0.0038915278118101804	0.0
-0.004310332845023856	-0.003888317576596332	0.0
-0.004306543666400824	-0.003885107341382484	0.0
-0.004302754487777793	-0.003881897106168635	0.0
-0.004298965309154762	-0.0038788473827154795	0.0
-0.004295176130531731	-0.003875637147501631	0.0
-0.0042913869519087	-0.003872426912287783	0.0
-0.004287597773285669	-0.0038692166770739347	0.0
-0.004283808594662638	-0.003865845930099394	0.0
-0.004280019416039607	-0.0038626356948855455	0.0
-0.004276230237416576	-0.00385958597143239	0.0
-0.004272441058793544	-0.0038565362479792338	0.0
-0.004268651880170514	-0.0038533260127653858	0.0
-0.004265085594407661	-0.0038502762893122297	0.0
-0.004261296415784629	-0.0038470660540983813	0.0
-0.004257507237161598	-0.0038438558188845333	0.0
-0.004253718058538567	-0.0038404850719099925	0.0
-0.004249928879915536	-0.003837114324935452	0.0
-0.004246139701292505	-0.0038339040897216034	0.0
-0.004242350522669474	-0.003830693854507755	0.0
-0.0042385613440464424	-0.003827644131054599	0.0
-0.004234772165423412	-0.003824433895840751	0.0
-0.004230982986800381	-0.003821223660626903	0.0
-0.004227416701037529	-0.003818173937173747	0.0
-0.004223627522414497	-0.0038149637019598984	0.0
-0.004220061236651644	-0.0038117534667460504	0.0
-0.004216272058028613	-0.0038085432315322016	0.0
-0.004212482879405583	-0.0038053329963183536	0.0
-0.004208470807922373	-0.0038021227611045056	0.0
-0.00420490452215952	-0.0037989125258906568	0.0
-0.004201115343536489	-0.0037957022906768088	0.0
-0.004197326164913458	-0.003792652567223653	0.0
-0.004193536986290427	-0.0037894423320098043	0.0
-0.004189970700527575	-0.0037862320967959563	0.0
-0.004186181521904543	-0.0037828613498214155	0.0
-0.004182392343281512	-0.003779490602846875	0.0
-0.004178603164658482	-0.003776280367633027	0.0
-0.00417481398603545	-0.003773070132419178	0.0
-0.004171024807412419	-0.0037700204089660223	0.0
-0.004167458521649566	-0.0037669706855128662	0.0
-0.004163669343026535	-0.0037637604502990182	0.0
-0.004159880164403504	-0.0037605502150851703	0.0
-0.004156090985780473	-0.0037573399798713214	0.0
-0.004152524700017621	-0.0037541297446574734	0.0
-0.00414873552139459	-0.003750919509443625	0.0
-0.004144946342771558	-0.0037475487624690842	0.0
-0.004141157164148528	-0.003744338527255236	0.0
-0.004137367985525497	-0.003741128292041388	0.0
-0.004133578806902465	-0.0037380785685882318	0.0
-0.004130012521139612	-0.003735028845135076	0.0
-0.004126223342516581	-0.0037318186099212273	0.0
-0.00412243416389355	-0.0037286083747073793	0.0
-0.0041188678781306975	-0.0037253981394935313	0.0
-0.0041150786995076665	-0.003722187904279683	0.0
-0.0041112895208846355	-0.003718817157305142	0.0
-0.004107723235121783	-0.0037156069220912937	0.0
-0.004103934056498751	-0.003712557198638138	0.0
-0.0041003677707358984	-0.003709346963424289	0.0
-0.0040965785921128674	-0.003706297239971134	0.0
-0.004092789413489837	-0.003703087004757285	0.0
-0.0040890002348668054	-0.003699876769543437	0.0
-0.004085433949103953	-0.0036966665343295887	0.0
-0.004081644770480922	-0.003693295787355048	0.0
-0.004078078484718069	-0.0036900855521411996	0.0
-0.004074289306095037	-0.0036868753169273516	0.0
-0.004070500127472007	-0.003683825593474196	0.0
-0.004066933841709155	-0.003680615358260347	0.0
-0.004063144663086124	-0.003677405123046499	0.0
-0.004059578377323271	-0.003674355399593343	0.0
-0.004055789198700239	-0.0036711451643794946	0.0
-0.004052000020077208	-0.0036679349291656466	0.0
-0.004048433734314356	-0.003664724693951798	0.0
-0.004044644555691324	-0.00366151445873795	0.0
-0.004040855377068294	-0.003658304223524102	0.0
-0.0040375119841656185	-0.0036550939883102534	0.0
-0.0040337228055425875	-0.0036520442648570973	0.0
-0.004030156519779735	-0.0036488340296432493	0.0
-0.004026367341156705	-0.003645623794429401	0.0
-0.0040223552696734945	-0.0036425740709762453	0.0
-0.004018788983910642	-0.0036393638357623964	0.0
-0.00401499980528761	-0.0036361536005485484	0.0
-0.004011433519524757	-0.0036329433653347	0.0
-0.004007644340901727	-0.0036298936418815444	0.0
-0.004004078055138875	-0.0036268439184283887	0.0
-0.004000511769376021	-0.00362363368321454	0.0
-0.003996945483613169	-0.0036205839597613842	0.0
-0.003993156304990138	-0.003617373724547536	0.0
-0.003989367126367107	-0.0036141634893336874	0.0
-0.003985577947744076	-0.0036109532541198394	0.0
-0.003981788769121045	-0.0036079035306666833	0.0
-0.003978222483358192	-0.0036046932954528353	0.0
-0.003974433304735161	-0.0036016435719996793	0.0
-0.0039708670189723076	-0.0035985938485465236	0.0
-0.003967077840349277	-0.0035955441250933675	0.0
-0.003963511554586424	-0.003592333889879519	0.0
-0.003959722375963393	-0.003589284166426363	0.0
-0.00395615609020054	-0.003586073931212515	0.0
-0.003952366911577509	-0.003582863695998667	0.0
-0.003948577732954478	-0.003579813972545511	0.0
-0.003945011447191626	-0.0035766037373316626	0.0
-0.003941222268568595	-0.0035735540138785065	0.0
-0.003937655982805741	-0.003570504290425351	0.0
-0.003934089697042889	-0.0035674545669721947	0.0
-0.003930300518419858	-0.0035642443317583468	0.0
-0.003926511339796827	-0.0035611946083051907	0.0
-0.003922722161173796	-0.0035579843730913427	0.0
-0.003918932982550765	-0.0035549346496381866	0.0
-0.003915366696787912	-0.003551884926185031	0.0
-0.003911577518164881	-0.003548674690971182	0.0
-0.0039080112324020285	-0.0035456249675180265	0.0
-0.003904222053778997	-0.0035425752440648704	0.0
-0.0039006557680161444	-0.0035393650088510224	0.0
-0.0038968665893931134	-0.0035363152853978663	0.0
-0.0038930774107700824	-0.0035331050501840183	0.0
-0.0038895111250072294	-0.0035300553267308622	0.0
-0.0038857219463841984	-0.003526845091517014	0.0
-0.0038819327677611674	-0.0035237953680638577	0.0
-0.0038783664819983144	-0.003520745644610702	0.0
-0.0038745773033752834	-0.0035176959211575464	0.0
-0.0038710110176124308	-0.003514646197704391	0.0
-0.003867444731849578	-0.003511435962490542	0.0
-0.0038636555532265467	-0.0035083862390373863	0.0
-0.003859866374603516	-0.003505176003823538	0.0
-0.0038558543031203068	-0.0035021262803703822	0.0
-0.0038520651244972753	-0.003499076556917226	0.0
-0.0038484988387344227	-0.0034960268334640705	0.0
-0.0038447096601113917	-0.0034929771100109144	0.0
-0.0038409204814883603	-0.0034897668747970664	0.0
-0.0038373541957255077	-0.0034868776631046027	0.0
-0.003833565017102477	-0.0034838279396514466	0.0
-0.0038297758384794457	-0.0034806177044375986	0.0
-0.0038259866598564147	-0.00347740746922375	0.0
-0.003822420374093562	-0.003474357745770594	0.0
-0.0038186311954705307	-0.003471308022317439	0.0
-0.0038148420168475	-0.003468258298864283	0.0
-0.0038110528382244687	-0.0034652085754111267	0.0
-0.003807486552461616	-0.003462158851957971	0.0
-0.003803697373838585	-0.003459109128504815	0.0
-0.003799908195215554	-0.0034560594050516594	0.0
-0.003796119016592523	-0.0034530096815985033	0.0
-0.00379255273082967	-0.003449959958145347	0.0
-0.003788763552206639	-0.003446749722931499	0.0
-0.003784974373583608	-0.003443699999478343	0.0
-0.003781185194960577	-0.0034406502760251875	0.0
-0.0037776189091977244	-0.003437440040811339	0.0
-0.003773829730574693	-0.0034345508291188757	0.0
-0.003770040551951662	-0.0034315011056657197	0.0
-0.003766251373328631	-0.003428451382212564	0.0
-0.0037624621947056	-0.003425401658759408	0.0
-0.0037588959089427474	-0.003422351935306252	0.0
-0.003755106730319716	-0.003419141700092404	0.0
-0.003751317551696685	-0.0034160919766392478	0.0
-0.0037475283730736544	-0.003413042253186092	0.0
-0.003743739194450623	-0.003409992529732936	0.0
-0.0037401729086877704	-0.0034069428062797804	0.0
-0.003736383730064739	-0.0034038930828266243	0.0
-0.003732594551441708	-0.0034008433593734682	0.0
-0.0037288053728186774	-0.0033977936359203126	0.0
-0.003725016194195646	-0.0033947439124671565	0.0
-0.003721227015572615	-0.003391694189014001	0.0
-0.003717437836949584	-0.0033886444655608448	0.0
-0.003713648658326553	-0.003385594742107689	0.0
-0.0037100823725637	-0.003382545018654533	0.0
-0.003706293193940669	-0.003379495295201377	0.0
-0.0037025040153176383	-0.0033764455717482213	0.0
-0.003698714836694607	-0.0033733958482950652	0.0
-0.0036947027652113975	-0.0033703461248419096	0.0
-0.0036909135865883665	-0.003367296401388754	0.0
-0.003687124407965335	-0.00336440718969629	0.0
-0.0036835581222024825	-0.0033613574662431345	0.0
-0.0036797689435794515	-0.0033583077427899784	0.0
-0.0036759797649564205	-0.0033552580193368224	0.0
-0.0036721905863333895	-0.0033522082958836667	0.0
-0.003668401407710358	-0.0033491585724305106	0.0
-0.003664389336227149	-0.0033459483372166626	0.0
-0.003660600157604118	-0.003343059125524199	0.0
-0.003656810978981087	-0.0033400094020710432	0.0
-0.0036530218003580557	-0.0033369596786178876	0.0
-0.003649232621735025	-0.0033339099551647315	0.0
-0.0036454434431119937	-0.003330860231711576	0.0
-0.0036416542644889627	-0.0033278105082584198	0.0
-0.003637865085865932	-0.0033247607848052637	0.0
-0.0036340759072429007	-0.0033218715731128004	0.0
-0.0036300638357596913	-0.0033188218496596443	0.0
-0.0036262746571366603	-0.0033157721262064882	0.0
-0.0036224854785136293	-0.0033125618909926402	0.0
-0.00361847340703042	-0.0033093516557787923	0.0
-0.0036149071212675673	-0.003306301932325636	0.0
-0.003611117942644536	-0.0033032522088724805	0.0
-0.0036071058711613264	-0.0033002024854193244	0.0
-0.0036033166925382954	-0.0032971527619661684	0.0
-0.003599527513915265	-0.003294263550273705	0.0
-0.0035957383352922334	-0.0032913743385812417	0.0
-0.003591726263809024	-0.0032883246151280856	0.0
-0.003587937085185993	-0.0032851143799142377	0.0
-0.003584147906562962	-0.0032820646564610816	0.0
-0.003580358727939931	-0.003278693909486541	0.0
-0.0035765695493169	-0.003275644186033385	0.0
-0.003572780370693869	-0.003272594462580229	0.0
-0.0035687682992106592	-0.003269544739127073	0.0
-0.0035649791205876287	-0.0032664950156739174	0.0
-0.0035611899419645972	-0.003263605803981454	0.0
-0.0035574007633415662	-0.0032607165922889903	0.0
-0.003553388691858357	-0.0032575063570751423	0.0
-0.003549599513235326	-0.0032544566336219862	0.0
-0.003545810334612295	-0.0032510858866474455	0.0
-0.003542021155989264	-0.00324803616319429	0.0
-0.0035380090845060544	-0.0032449864397411337	0.0
-0.0035342199058830234	-0.0032419367162879777	0.0
-0.0035304307272599924	-0.003239047504595514	0.0
-0.0035266415486369614	-0.0032359977811423587	0.0
-0.003522629477153752	-0.0032329480576892026	0.0
-0.003518840298530721	-0.003229898334236047	0.0
-0.0035150511199076896	-0.003226688099022198	0.0
-0.003511261941284659	-0.00322347786380835	0.0
-0.0035074727626616276	-0.003220428140355194	0.0
-0.0035034606911784187	-0.0032173784169020384	0.0
-0.0034996715125553872	-0.0032144892052095747	0.0
-0.0034958823339323562	-0.003211439481756419	0.0
-0.003491870262449147	-0.0032082292465425706	0.0
-0.0034878581909659374	-0.003205179523089415	0.0
-0.0034840690123429064	-0.0032019692878755665	0.0
-0.0034807256194402322	-0.003198759052661718	0.0
-0.003476936440817201	-0.003195709329208562	0.0
-0.00347314726219417	-0.0031926596057554064	0.0
-0.0034691351907109604	-0.003189770394062943	0.0
-0.00346534601208793	-0.003186720670609787	0.0
-0.0034615568334648984	-0.003183510435395939	0.0
-0.0034577676548418674	-0.0031803002001820906	0.0
-0.0034539784762188364	-0.0031772504767289345	0.0
-0.0034501892975958054	-0.0031740402415150865	0.0
-0.003446400118972774	-0.0031708300063012377	0.0
-0.0034426109403497434	-0.0031677802828480824	0.0
-0.0034388217617267124	-0.0031648910711556187	0.0
-0.003435032583103681	-0.0031616808359417707	0.0
-0.0034312434044806504	-0.0031586311124886146	0.0
-0.003427454225857619	-0.003155581389035459	0.0
-0.0034234421543744096	-0.00315237115382161	0.0
-0.0034196529757513786	-0.003149160918607762	0.0
-0.0034158637971283476	-0.003145950683393914	0.0
-0.0034122975113654946	-0.0031427404481800653	0.0
-0.0034085083327424636	-0.0031396907247269097	0.0
-0.003404942046979611	-0.0031368015130344463	0.0
-0.00340115286835658	-0.003133591277820598	0.0
-0.003397363689733549	-0.0031303810426067495	0.0
-0.0033935745111105175	-0.003127331319153594	0.0
-0.003389785332487487	-0.003123960572179053	0.0
-0.003385773261004277	-0.0031207503369652047	0.0
-0.0033822069752414245	-0.003117700613512049	0.0
-0.003378417796618394	-0.0031144903782982	0.0
-0.0033746286179953625	-0.0031116011666057373	0.0
-0.00337106233223251	-0.0031083909313918885	0.0
-0.0033672731536094785	-0.0031051806961780405	0.0
-0.0033634839749864475	-0.0031021309727248844	0.0
-0.003359694796363417	-0.0030987602257503436	0.0
-0.0033559056177403855	-0.003095389478775803	0.0
-0.0033521164391173545	-0.0030923397553226472	0.0
-0.0033485501533545015	-0.003089129520108799	0.0
-0.0033447609747314705	-0.003085919284894951	0.0
-0.00334097179610844	-0.003083030073202487	0.0
-0.0033371826174854085	-0.003079819837988639	0.0
-0.0033333934388623775	-0.0030766096027747907	0.0
-0.0033298271530995244	-0.0030733993675609423	0.0
-0.003326037974476494	-0.0030700286205864015	0.0
-0.003322248795853463	-0.003066818385372553	0.0
-0.0033184596172304314	-0.003063608150158705	0.0
-0.003314893331467579	-0.0030603979149448567	0.0
-0.0033111041528445474	-0.003057348191491701	0.0
-0.003307314974221517	-0.003054298468038545	0.0
-0.0033037486884586642	-0.0030510882328246966	0.0
-0.003299959509835633	-0.0030478779976108486	0.0
-0.003296170331212602	-0.003044507250636308	0.0
-0.003292604045449749	-0.0030411365036617666	0.0
-0.0032888148668267178	-0.0030379262684479187	0.0
-0.003285025688203687	-0.0030347160332340702	0.0
-0.0032814594024408346	-0.0030315057980202223	0.0
-0.003277670223817803	-0.003028295562806374	0.0
-0.003273881045194772	-0.003025245839353218	0.0
-0.003270314759431919	-0.0030220356041393693	0.0
-0.003266525580808888	-0.0030188253689255214	0.0
-0.0032627364021858576	-0.0030154546219509806	0.0
-0.0032591701164230045	-0.00301208387497644	0.0
-0.0032553809377999735	-0.003008873639762592	0.0
-0.003251591759176942	-0.003005663404548743	0.0
-0.0032480254734140895	-0.003002453169334895	0.0
-0.003244459187651237	-0.0029992429341210466	0.0
-0.003240670009028206	-0.0029961932106678905	0.0
-0.003237103723265353	-0.0029929829754540426	0.0
-0.003233314544642322	-0.002989612228479502	0.0
-0.0032297482588794692	-0.002986241481504961	0.0
-0.0032261819731166166	-0.0029828707345304203	0.0
-0.003222392794493585	-0.0029796604993165723	0.0
-0.0032188265087307326	-0.0029762897523420316	0.0
-0.003215037330107701	-0.002973079517128183	0.0
-0.0032114710443448486	-0.0029698692819143347	0.0
-0.003207681865721818	-0.002966498534939794	0.0
-0.0032041155799589654	-0.002963288299725946	0.0
-0.003200326401335934	-0.0029600780645120976	0.0
-0.0031967601155730814	-0.002956707317537557	0.0
-0.0031929709369500504	-0.0029534970823237084	0.0
-0.003189181758327019	-0.0029501263353491677	0.0
-0.0031856154725641663	-0.002946755588374627	0.0
-0.003181603401080957	-0.0029433848414000866	0.0
-0.0031780371153181043	-0.002940014094425546	0.0
-0.0031744708295552517	-0.002936643347451005	0.0
-0.0031706816509322203	-0.0029334331122371567	0.0
-0.0031671153651693677	-0.0029300623652626164	0.0
-0.003163549079406515	-0.0029266916182880756	0.0
-0.0031597599007834837	-0.0029234813830742268	0.0
-0.003156193615020631	-0.002920110636099686	0.0
-0.0031526273292577785	-0.0029167398891251453	0.0
-0.0031488381506347475	-0.002913369142150605	0.0
-0.003145048972011716	-0.002909998395176064	0.0
-0.0031414826862488634	-0.0029066276482015234	0.0
-0.0031376935076258324	-0.0029032569012269827	0.0
-0.0031341272218629794	-0.002899886154252442	0.0
-0.0031305609361001268	-0.002896515407277901	0.0
-0.003126994650337274	-0.0028931446603033604	0.0
-0.0031234283645744216	-0.0028899344250895125	0.0
-0.003119862078811569	-0.002886403166354279	0.0
-0.0031160729001885375	-0.0028830324193797386	0.0
-0.003112506614425685	-0.002879501160644505	0.0
-0.0031087174358026535	-0.0028761304136699643	0.0
-0.003105151150039801	-0.0028727596666954236	0.0
-0.0031015848642769483	-0.0028693889197208833	0.0
-0.0030977956856539173	-0.0028660181727463425	0.0
-0.0030942293998910643	-0.0028626474257718018	0.0
-0.0030904402212680333	-0.002859276678797261	0.0
-0.0030868739355051807	-0.002855745420062028	0.0
-0.003083307649742328	-0.002852374673087487	0.0
-0.0030799642568396534	-0.0028490039261129464	0.0
-0.0030761750782166224	-0.0028456331791384057	0.0
-0.0030726087924537694	-0.002842101920403173	0.0
-0.0030690425066909168	-0.0028387311734286323	0.0
-0.003065476220928064	-0.0028351999146933988	0.0
-0.003061909935165211	-0.002831829167718858	0.0
-0.00305812075654218	-0.002828297908983625	0.0
-0.0030545544707793275	-0.002824927162009084	0.0
-0.003050988185016475	-0.0028215564150345434	0.0
-0.003047421899253622	-0.0028180251562993103	0.0
-0.0030438556134907693	-0.0028146544093247696	0.0
-0.0030402893277279163	-0.0028111231505895365	0.0
-0.0030367230419650637	-0.0028077524036149958	0.0
-0.003033156756202211	-0.002804221144879763	0.0
-0.003029590470439358	-0.0028008503979052224	0.0
-0.0030260241846765054	-0.002797319139169989	0.0
-0.003022457898913653	-0.0027937878804347558	0.0
-0.0030188916131507998	-0.0027902566216995227	0.0
-0.0030151024345277688	-0.002786885874724982	0.0
-0.003011759041625094	-0.002783354615989749	0.0
-0.0030081927558622415	-0.002779983869015208	0.0
-0.003004626470099389	-0.002776452610279975	0.0
-0.0030010601843365363	-0.002772921351544742	0.0
-0.0029974938985736833	-0.002769550604570201	0.0
-0.0029939276128108307	-0.002766019345834968	0.0
-0.0029903613270479776	-0.002762488087099735	0.0
-0.0029865721484249467	-0.002758956828364502	0.0
-0.002983005862662094	-0.0027554255696292684	0.0
-0.002979439576899241	-0.002752054822654728	0.0
-0.0029758732911363884	-0.0027485235639194945	0.0
-0.002972307005373536	-0.002745152816944954	0.0
-0.002968740719610683	-0.002741621558209721	0.0
-0.00296517443384783	-0.0027379297877137953	0.0
-0.0029616081480849776	-0.0027343985289785626	0.0
-0.0029580418623221245	-0.002730867270243329	0.0
-0.0029542526836990935	-0.0027271754997474037	0.0
-0.002950686397936241	-0.0027236442410121706	0.0
-0.002947120112173388	-0.00272027349403763	0.0
-0.0029435538264105353	-0.002716902747063089	0.0
-0.0029397646477875043	-0.002713371488327856	0.0
-0.0029361983620246517	-0.0027100007413533153	0.0
-0.0029326320762617986	-0.002706469482618082	0.0
-0.0029292886833591244	-0.002702938223882849	0.0
-0.0029254995047360934	-0.0026992464533869237	0.0
-0.0029219332189732404	-0.00269571519465169	0.0
-0.002918366933210388	-0.002692023424155765	0.0
-0.002914577754587357	-0.0026884921654205317	0.0
-0.0029110114688245038	-0.0026849609066852986	0.0
-0.002907222290201473	-0.002681590159710758	0.0
-0.0029034331115784418	-0.0026780589009755247	0.0
-0.002900089718675767	-0.0026745276422402917	0.0
-0.0028965234329129145	-0.0026709963835050586	0.0
-0.002892957147150062	-0.0026674651247698255	0.0
-0.0028891679685270305	-0.0026637733542739	0.0
-0.002885601682764178	-0.0026602420955386665	0.0
-0.0028818125041411473	-0.0026567108368034335	0.0
-0.0028782462183782943	-0.002653179578068201	0.0
-0.0028744570397552633	-0.002649487807572275	0.0
-0.0028708907539924107	-0.0026459565488370414	0.0
-0.0028673244682295576	-0.002642425290101809	0.0
-0.0028637581824667046	-0.0026388940313665757	0.0
-0.002859969003843674	-0.0026352022608706503	0.0
-0.002856402718080821	-0.002631671002135417	0.0
-0.00285261353945779	-0.0026281397434001837	0.0
-0.002848824360834759	-0.0026246084846649506	0.0
-0.0028452580750719064	-0.002620916714169025	0.0
-0.002841468896448875	-0.002617385455433792	0.0
-0.0028379026106860224	-0.0026138541966985586	0.0
-0.0028343363249231698	-0.0026101624262026336	0.0
-0.002830770039160317	-0.0026066311674674	0.0
-0.0028269808605372857	-0.0026029393969714746	0.0
-0.0028231916819142547	-0.0025992476264755492	0.0
-0.0028194025032912237	-0.002595716367740316	0.0
-0.002815836217528371	-0.0025920245972443903	0.0
-0.00281204703890534	-0.002588493338509157	0.0
-0.002808480753142487	-0.002584801568013232	0.0
-0.002804691574519456	-0.0025812703092779987	0.0
-0.0028011252887566035	-0.0025775785387820733	0.0
-0.002797559002993751	-0.00257404728004684	0.0
-0.0027937698243707195	-0.0025703555095509148	0.0
-0.0027899806457476885	-0.002566663739054989	0.0
-0.0027861914671246575	-0.002563132480319756	0.0
-0.0027824022885016265	-0.0025594407098238304	0.0
-0.002778836002738774	-0.002555909451088597	0.0
-0.0027750468241157424	-0.002552217680592672	0.0
-0.002771257645492712	-0.002548525910096746	0.0
-0.002767691359729859	-0.0025448341396008206	0.0
-0.002763902181106828	-0.002541142369104895	0.0
-0.002760113002483797	-0.002537611110369662	0.0
-0.002756546716720944	-0.0025339193398737363	0.0
-0.002752757538097913	-0.002530227569377811	0.0
-0.002748968359474882	-0.002526696310642578	0.0
-0.002745179180851851	-0.0025231650519073443	0.0
-0.00274139000222882	-0.0025194732814114193	0.0
-0.0027378237164659668	-0.0025157815109154934	0.0
-0.0027340345378429358	-0.0025119292286588752	0.0
-0.0027302453592199048	-0.0025082374581629503	0.0
-0.0027264561805968738	-0.002504385175906332	0.0
-0.0027226670019738428	-0.0025006934054104066	0.0
-0.0027188778233508118	-0.002497162146675173	0.0
-0.0027153115375879587	-0.0024937913997006324	0.0
-0.0027115223589649277	-0.002490099629204707	0.0
-0.0027077331803418967	-0.002486568370469474	0.0
-0.002704166894579044	-0.0024828765999735485	0.0
-0.0027001548230958347	-0.0024788638059562384	0.0
-0.0026963656444728037	-0.0024751720354603125	0.0
-0.0026925764658497723	-0.0024713197532036943	0.0
-0.0026887872872267417	-0.0024676279827077693	0.0
-0.0026849981086037103	-0.0024639362122118435	0.0
-0.0026814318228408577	-0.0024604049534766104	0.0
-0.0026776426442178267	-0.0024568736947413773	0.0
-0.0026738534655947953	-0.0024531819242454515	0.0
-0.0026700642869717647	-0.002449490153749526	0.0
-0.0026662751083487333	-0.0024456378714929083	0.0
-0.0026624859297257023	-0.0024417855892362905	0.0
-0.0026586967511026713	-0.0024380938187403647	0.0
-0.0026549075724796403	-0.0024344020482444393	0.0
-0.002651118393856609	-0.0024307102777485134	0.0
-0.0026473292152335783	-0.0024270185072525884	0.0
-0.0026437629294707257	-0.0024233267367566626	0.0
-0.0026399737508476942	-0.002419634966260737	0.0
-0.0026361845722246632	-0.0024159431957648113	0.0
-0.0026323953936016322	-0.0024120909135081935	0.0
-0.0026286062149786012	-0.0024082386312515754	0.0
-0.0026248170363555702	-0.0024045468607556504	0.0
-0.0026210278577325392	-0.0024008550902597245	0.0
-0.0026172386791095082	-0.002397163319763799	0.0
-0.002613449500486477	-0.0023934715492678733	0.0
-0.0026096603218634462	-0.002389779778771948	0.0
-0.002605871143240415	-0.00238592749651533	0.0
-0.002602081964617384	-0.002382075214258712	0.0
-0.0025982927859943524	-0.0023783834437627865	0.0
-0.002594503607371322	-0.002374691673266861	0.0
-0.0025907144287482904	-0.002370839391010243	0.0
-0.0025869252501252594	-0.0023671476205143174	0.0
-0.002583136071502229	-0.0023634558500183916	0.0
-0.0025793468928791974	-0.002359603567761774	0.0
-0.0025755577142561664	-0.002355751285505156	0.0
-0.0025717685356331354	-0.002351899003248538	0.0
-0.0025679793570101044	-0.0023482072327526125	0.0
-0.002564190178387073	-0.0023443549504959943	0.0
-0.0025604009997640424	-0.002340663180000069	0.0
-0.002556611821141011	-0.002336810897743451	0.0
-0.00255282264251798	-0.0023331191272475253	0.0
-0.002549033463894949	-0.0023292668449909075	0.0
-0.002545244285271918	-0.0023254145627342898	0.0
-0.002541455106648887	-0.0023217227922383643	0.0
-0.002537665928025856	-0.002317709998221054	0.0
-0.002533876749402825	-0.0023138577159644356	0.0
-0.0025300875707797935	-0.00231016594546851	0.0
-0.002526298392156763	-0.0023063136632118925	0.0
-0.0025225092135337315	-0.0023024613809552743	0.0
-0.0025187200349107005	-0.0022986090986986565	0.0
-0.0025149308562876695	-0.0022947568164420383	0.0
-0.00251091878480446	-0.00229090453418542	0.0
-0.002507129606181429	-0.0022870522519288024	0.0
-0.0025035633204185765	-0.0022831999696721846	0.0
-0.0024997741417955455	-0.002279347687415567	0.0
-0.002495984963172514	-0.0022754954051589487	0.0
-0.0024921957845494835	-0.0022716431229023305	0.0
-0.002488406605926452	-0.0022677908406457128	0.0
-0.002484617427303421	-0.0022639385583890946	0.0
-0.00248082824868039	-0.0022599257643717845	0.0
-0.002477039070057359	-0.0022560734821151663	0.0
-0.0024730269985741497	-0.0022522211998585485	0.0
-0.0024692378199511187	-0.002248368917601931	0.0
-0.0024654486413280873	-0.002244516635345312	0.0
-0.0024616594627050567	-0.0022405038413280025	0.0
-0.0024578702840820253	-0.002236651559071384	0.0
-0.0024540811054589943	-0.002232799276814766	0.0
-0.0024502919268359633	-0.0022289469945581484	0.0
-0.002446279855352754	-0.002224934200540838	0.0
-0.002442490676729723	-0.0022209214065235273	0.0
-0.002438701498106692	-0.0022170691242669096	0.0
-0.0024349123194836605	-0.002213216842010292	0.0
-0.00243112314086063	-0.0022092040479929813	0.0
-0.0024273339622375985	-0.0022053517657363636	0.0
-0.0024235447836145675	-0.002201338971719053	0.0
-0.002419532712131358	-0.002197486689462435	0.0
-0.0024157435335083275	-0.0021934738954451248	0.0
-0.0024117314620251177	-0.0021894611014278142	0.0
-0.002407942283402087	-0.0021856088191711965	0.0
-0.0024041531047790557	-0.002181596025153886	0.0
-0.0024003639261560247	-0.0021777437428972682	0.0
-0.0023965747475329937	-0.0021737309488799577	0.0
-0.0023927855689099627	-0.00216987866662334	0.0
-0.0023889963902869312	-0.0021658658726060294	0.0
-0.0023849843188037223	-0.0021620135903494112	0.0
-0.002380972247320513	-0.002158000796332101	0.0
-0.0023771830686974815	-0.0021539880023147906	0.0
-0.002373393890074451	-0.002150135720058173	0.0
-0.0023696047114514195	-0.0021461229260408624	0.0
-0.0023658155328283885	-0.0021422706437842446	0.0
-0.002362026354205358	-0.002138257849766934	0.0
-0.0023582371755823265	-0.0021342450557496236	0.0
-0.002354225104099117	-0.002130232261732313	0.0
-0.002350213032615908	-0.002126219467715003	0.0
-0.0023464238539928767	-0.0021223671854583848	0.0
-0.0023426346753698457	-0.0021183543914410742	0.0
-0.0023388454967468147	-0.002114341597423764	0.0
-0.0023350563181237837	-0.002110489315167146	0.0
-0.0023312671395007522	-0.002106476521149836	0.0
-0.0023274779608777212	-0.0021024637271325254	0.0
-0.002323465889394512	-0.0020984509331152153	0.0
-0.002319453817911303	-0.002094598650858597	0.0
-0.0023156646392882715	-0.0020905858568412866	0.0
-0.002311875460665241	-0.0020865730628239765	0.0
-0.0023080862820422095	-0.0020825602688066664	0.0
-0.0023042971034191785	-0.002078707986550048	0.0
-0.0023005079247961475	-0.0020746951925327377	0.0
-0.0022967187461731165	-0.0020706823985154276	0.0
-0.002292929567550085	-0.0020668301162588094	0.0
-0.002288917496066876	-0.0020628173222414993	0.0
-0.002285128317443845	-0.002058804528224189	0.0
-0.0022811162459606352	-0.0020547917342068783	0.0
-0.0022773270673376047	-0.0020509394519502605	0.0
-0.0022735378887145737	-0.00204692665793295	0.0
-0.0022695258172313643	-0.0020430743756763322	0.0
-0.002265736638608333	-0.002039222093419714	0.0
-0.002261947459985302	-0.002035209299402404	0.0
-0.0022579353885020925	-0.002031357017145786	0.0
-0.002254146209879062	-0.002027183711367783	0.0
-0.0022503570312560305	-0.0020231709173504724	0.0
-0.0022463449597728215	-0.0020191581233331623	0.0
-0.00224255578114979	-0.002015305841076544	0.0
-0.002238766602526759	-0.0020114535588199264	0.0
-0.0022347545310435497	-0.0020076012765633086	0.0
-0.0022309653524205187	-0.00200374899430669	0.0
-0.0022271761737974877	-0.00199973620028938	0.0
-0.0022231641023142783	-0.00199572340627207	0.0
-0.0022193749236912473	-0.0019918711240154516	0.0
-0.002215585745068216	-0.0019878583299981416	0.0
-0.002211573673585007	-0.0019840060477415234	0.0
-0.0022077844949619754	-0.0019799932537242133	0.0
-0.002203995316338945	-0.001976140971467595	0.0
-0.0021999832448557355	-0.001972288689210977	0.0
-0.0021961940662327045	-0.001968436406954359	0.0
-0.002192181994749495	-0.0019644236129370486	0.0
-0.0021881699232662857	-0.0019604108189197385	0.0
-0.0021843807446432547	-0.0019565585366631204	0.0
-0.0021805915660202233	-0.0019525457426458103	0.0
-0.0021768023873971927	-0.001948693460389192	0.0
-0.0021730132087741613	-0.0019448411781325741	0.0
-0.0021690011372909523	-0.0019408283841152638	0.0
-0.002165211958667921	-0.0019369761018586458	0.0
-0.0021611998871847115	-0.001933123819602028	0.0
-0.0021571878157015025	-0.0019291110255847176	0.0
-0.002153398637078471	-0.0019252587433280996	0.0
-0.002149386565595262	-0.0019214064610714816	0.0
-0.0021455973869722307	-0.001917393667054171	0.0
-0.0021418082083491997	-0.0019135413847975534	0.0
-0.0021377961368659903	-0.0019096891025409354	0.0
-0.0021340069582429597	-0.0019058368202843174	0.0
-0.00212999488675975	-0.0019019845380276994	0.0
-0.002126205708136719	-0.0018981322557710817	0.0
-0.00212219363665351	-0.0018941194617537712	0.0
-0.0021184044580304785	-0.0018901066677364606	0.0
-0.002114392386547269	-0.001886254385479843	0.0
-0.002110603207924238	-0.0018824021032232247	0.0
-0.0021065911364410287	-0.001878549820966607	0.0
-0.002103024850678176	-0.001874697538709989	0.0
-0.0020990127791949663	-0.0018708452564533708	0.0
-0.0020950007077117573	-0.0018668324624360607	0.0
-0.002090988636228548	-0.0018629801801794425	0.0
-0.0020869765647453385	-0.0018589673861621324	0.0
-0.002082964493262129	-0.0018551151039055142	0.0
-0.002079175314639098	-0.0018514233334095888	0.0
-0.0020751632431558887	-0.0018474105393922785	0.0
-0.0020713740645328577	-0.0018435582571356603	0.0
-0.0020675848859098263	-0.0018397059748790426	0.0
-0.0020637957072867958	-0.001835693180861732	0.0
-0.0020597836358035864	-0.0018316803868444218	0.0
-0.002055771564320377	-0.0018278281045878038	0.0
-0.0020517594928371676	-0.001823975822331186	0.0
-0.002047747421353958	-0.0018202840518352604	0.0
-0.0020437353498707488	-0.0018162712578179499	0.0
-0.0020399461712477178	-0.0018124189755613321	0.0
-0.0020359340997645084	-0.001808566693304714	0.0
-0.0020321449211414774	-0.0018045538992874038	0.0
-0.002028132849658268	-0.0018007016170307857	0.0
-0.0020241207781750586	-0.0017966888230134756	0.0
-0.0020203315995520276	-0.0017928365407568574	0.0
-0.002016319528068818	-0.0017889842585002394	0.0
-0.002012307456585609	-0.0017851319762436217	0.0
-0.0020082953851024	-0.0017812796939870035	0.0
-0.0020045062064793684	-0.0017774274117303857	0.0
-0.0020004941349961594	-0.0017734146177130752	0.0
-0.00199648206351295	-0.001769401823695765	0.0
-0.001992692884889919	-0.001765549541439147	0.0
-0.0019886808134067092	-0.001761697259182529	0.0
-0.0019846687419235003	-0.001757844976925911	0.0
-0.0019806566704402904	-0.001753992694669293	0.0
-0.00197686749181726	-0.0017501404124126753	0.0
-0.0019728554203340505	-0.0017464486419167496	0.0
-0.001968843348850841	-0.0017425963596601314	0.0
-0.0019648312773676317	-0.0017385835656428214	0.0
-0.0019610420987446007	-0.0017345707716255108	0.0
-0.0019570300272613913	-0.0017305579776082005	0.0
-0.0019530179557781817	-0.0017267056953515826	0.0
-0.0019490058842949725	-0.0017228534130949646	0.0
-0.0019449938128117633	-0.0017190011308383466	0.0
-0.0019409817413285537	-0.0017151488485817286	0.0
-0.0019369696698453445	-0.0017114570780858032	0.0
-0.0019329575983621351	-0.0017076047958291853	0.0
-0.0019289455268789257	-0.0017037525135725673	0.0
-0.0019251563482558947	-0.0016997397195552568	0.0
-0.0019211442767726851	-0.0016958874372986388	0.0
-0.0019173550981496543	-0.001692035155042021	0.0
-0.001913343026666445	-0.0016881828727854029	0.0
-0.0019093309551832356	-0.001684330590528785	0.0
-0.001905095990839848	-0.0016804783082721671	0.0
-0.0019010839193566386	-0.0016766260260155492	0.0
-0.0018970718478734292	-0.0016727737437589312	0.0
-0.0018932826692503982	-0.0016689214615023132	0.0
-0.0018892705977671888	-0.0016650691792456953	0.0
-0.0018852585262839794	-0.0016612168969890773	0.0
-0.0018812464548007702	-0.0016573646147324595	0.0
-0.0018772343833175606	-0.0016535123324758413	0.0
-0.0018732223118343514	-0.0016496600502192234	0.0
-0.001869210240351142	-0.0016458077679626056	0.0
-0.0018651981688679326	-0.0016419554857059874	0.0
-0.0018611860973847232	-0.0016381032034493697	0.0
-0.001857174025901514	-0.0016342509211927517	0.0
-0.0018531619544183047	-0.0016303986389361335	0.0
-0.0018491498829350953	-0.0016265463566795158	0.0
-0.0018451378114518859	-0.0016228545861835901	0.0
-0.0018411257399686765	-0.0016190023039269724	0.0
-0.0018371136684854673	-0.0016151500216703542	0.0
-0.0018331015970022577	-0.0016112977394137362	0.0
-0.0018288666326588703	-0.0016076059689178108	0.0
-0.001824854561175661	-0.0016037536866611928	0.0
-0.0018208424896924516	-0.001599901404404575	0.0
-0.0018168304182092422	-0.0015960491221479569	0.0
-0.0018128183467260328	-0.001592196839891339	0.0
-0.0018088062752428234	-0.0015883445576347212	0.0
-0.0018047942037596142	-0.0015846527871387955	0.0
-0.0018005592394162264	-0.0015808005048821776	0.0
-0.0017965471679330172	-0.001577108734386252	0.0
-0.0017923122035896296	-0.001573256452129634	0.0
-0.00178830013210642	-0.0015694041698730162	0.0
-0.0017842880606232109	-0.0015657123993770906	0.0
-0.0017802759891400012	-0.001562020628881165	0.0
-0.001776263917656792	-0.0015581683466245472	0.0
-0.0017722518461735827	-0.001554316064367929	0.0
-0.0017680168818301949	-0.0015504637821113112	0.0
-0.0017637819174868073	-0.0015466114998546933	0.0
-0.0017597698460035981	-0.0015429197293587676	0.0
-0.0017555348816602103	-0.0015392279588628422	0.0
-0.0017515228101770012	-0.0015355361883669166	0.0
-0.0017475107386937915	-0.0015316839061102988	0.0
-0.001743275774350404	-0.0015279921356143732	0.0
-0.0017392637028671948	-0.001524139853357755	0.0
-0.001735028738523807	-0.0015202875711011372	0.0
-0.0017307937741804194	-0.0015165958006052116	0.0
-0.0017265588098370316	-0.0015127435183485936	0.0
-0.001722323845493644	-0.0015090517478526682	0.0
-0.0017183117740104349	-0.0015053599773567426	0.0
-0.001714076809667047	-0.0015015076951001248	0.0
-0.0017100647381838377	-0.0014978159246041992	0.0
-0.0017058297738404501	-0.001493963642347581	0.0
-0.0017018177023572407	-0.0014902718718516556	0.0
-0.0016975827380138532	-0.0014864195895950376	0.0
-0.0016933477736704654	-0.001482727819099112	0.0
-0.0016891128093270778	-0.0014790360486031866	0.0
-0.0016848778449836902	-0.0014751837663465686	0.0
-0.0016808657735004806	-0.0014714919958506432	0.0
-0.0016766308091570932	-0.0014676397135940252	0.0
-0.0016723958448137055	-0.0014639479430980996	0.0
-0.001668383773330496	-0.0014602561726021741	0.0
-0.0016641488089871085	-0.0014564038903455562	0.0
-0.0016599138446437207	-0.0014527121198496305	0.0
-0.0016556788803003331	-0.0014490203493537051	0.0
-0.0016514439159569453	-0.001445168067097087	0.0
-0.0016472089516135578	-0.0014414762966011617	0.0
-0.001642751094409992	-0.001437784526105236	0.0
-0.0016387390229267824	-0.0014340927556093105	0.0
-0.0016342811657232166	-0.001430400985113385	0.0
-0.001630046201379829	-0.0014267092146174594	0.0
-0.0016260341298966197	-0.0014230174441215338	0.0
-0.001621799165553232	-0.001419165161864916	0.0
-0.0016175642012098443	-0.0014154733913689904	0.0
-0.0016133292368664567	-0.0014117816208730647	0.0
-0.0016088713796628908	-0.0014080898503771393	0.0
-0.001604636415319503	-0.0014042375681205214	0.0
-0.0016001785581159372	-0.001400545797624596	0.0
-0.0015959435937725494	-0.0013966935153679777	0.0
-0.0015914857365689834	-0.0013930017448720523	0.0
-0.0015872507722255959	-0.001389309974376127	0.0
-0.001583015807882208	-0.0013856182038802013	0.0
-0.001579003736398999	-0.001382086945144968	0.0
-0.0015745458791954327	-0.0013783951746490425	0.0
-0.0015703109148520454	-0.001374703404153117	0.0
-0.0015658530576484794	-0.0013710116336571915	0.0
-0.0015613952004449134	-0.001367319863161266	0.0
-0.0015571602361015258	-0.0013634675809046479	0.0
-0.0015527023788979597	-0.0013597758104087223	0.0
-0.001548467414554572	-0.001356084039912797	0.0
-0.0015442324502111845	-0.0013523922694168714	0.0
-0.0015399974858677967	-0.0013487004989209458	0.0
-0.001535539628664231	-0.0013450087284250204	0.0
-0.0015313046643208432	-0.0013413169579290947	0.0
-0.0015268468071172772	-0.001337464675672477	0.0
-0.001522166057053533	-0.0013337729051765513	0.0
-0.001517708199849967	-0.0013300811346806257	0.0
-0.0015134732355065795	-0.0013263893641847003	0.0
-0.0015092382711631917	-0.0013226975936887746	0.0
-0.0015050033068198041	-0.001319005823192849	0.0
-0.0015007683424764166	-0.0013153140526969236	0.0
-0.0014963104852728506	-0.001311622282200998	0.0
-0.0014918526280692846	-0.0013079305117050723	0.0
-0.0014871718780055403	-0.001304238741209147	0.0
-0.0014829369136621527	-0.0013005469707132215	0.0
-0.001478479056458587	-0.0012968552002172958	0.0
-0.0014740211992550207	-0.0012931634297213704	0.0
-0.0014697862349116332	-0.0012894716592254448	0.0
-0.0014653283777080672	-0.0012857798887295194	0.0
-0.0014610934133646796	-0.001282248629994286	0.0
-0.0014566355561611134	-0.0012785568594983606	0.0
-0.0014521776989575477	-0.0012747045772417427	0.0
-0.0014477198417539817	-0.001271012806745817	0.0
-0.0014432619845504157	-0.0012673210362498914	0.0
-0.0014388041273468498	-0.001263629265753966	0.0
-0.001434569163003462	-0.0012599374952580406	0.0
-0.0014301113057998962	-0.001256245724762115	0.0
-0.0014258763414565087	-0.0012525539542661895	0.0
-0.0014214184842529425	-0.0012488621837702639	0.0
-0.0014167377341891983	-0.0012451704132743382	0.0
-0.0014122798769856323	-0.0012413181310177205	0.0
-0.0014078220197820664	-0.0012376263605217948	0.0
-0.0014033641625785006	-0.0012339345900258692	0.0
-0.0013989063053749344	-0.0012304033312906361	0.0
-0.001394671341031547	-0.0012267115607947105	0.0
-0.0013904363766881593	-0.001223019790298785	0.0
-0.0013862014123447717	-0.001219167508042167	0.0
-0.0013817435551412057	-0.0012154757375462415	0.0
-0.0013770628050774614	-0.0012116234552896237	0.0
-0.0013723820550137172	-0.001207931684793698	0.0
-0.0013679241978101513	-0.0012042399142977724	0.0
-0.0013634663406065853	-0.001200548143801847	0.0
-0.0013592313762631975	-0.001197016885066614	0.0
-0.0013547735190596317	-0.0011933251145706883	0.0
-0.0013503156618560658	-0.0011896333440747629	0.0
-0.0013458578046524998	-0.001185781061818145	0.0
-0.0013413999474489338	-0.0011819287795615267	0.0
-0.0013369420902453679	-0.0011782370090656013	0.0
-0.0013324842330418019	-0.0011743847268089833	0.0
-0.0013280263758382361	-0.001170692956313058	0.0
-0.00132356851863467	-0.0011671616975778248	0.0
-0.0013191106614311042	-0.0011633094153212066	0.0
-0.0013148756970877164	-0.0011596176448252812	0.0
-0.0013104178398841504	-0.0011559258743293558	0.0
-0.0013059599826805847	-0.0011522341038334302	0.0
-0.0013012792326168403	-0.0011483818215768122	0.0
-0.0012968213754132743	-0.0011445295393201942	0.0
-0.0012923635182097084	-0.0011408377688242688	0.0
-0.0012881285538663208	-0.0011371459983283432	0.0
-0.001283670696662755	-0.0011334542278324175	0.0
-0.0012792128394591889	-0.0011297624573364921	0.0
-0.001274754982255623	-0.0011260706868405665	0.0
-0.001270297125052057	-0.0011222184045839485	0.0
-0.0012658392678484912	-0.001118526634088023	0.0
-0.001261381410644925	-0.0011146743518314051	0.0
-0.0012569235534413592	-0.0011109825813354795	0.0
-0.0012524656962377932	-0.0011071302990788617	0.0
-0.0012480078390342273	-0.001103438528582936	0.0
-0.0012437728746908397	-0.0010997467580870107	0.0
-0.0012393150174872735	-0.001096054987591085	0.0
-0.001235080053143886	-0.001092202705334467	0.0
-0.0012301764102199636	-0.0010885109348385416	0.0
-0.0012257185530163974	-0.0010846586525819235	0.0
-0.0012212606958128317	-0.0010809668820859978	0.0
-0.0012168028386092655	-0.00107711459982938	0.0
-0.001212567874265878	-0.0010734228293334544	0.0
-0.0012081100170623122	-0.001069731058837529	0.0
-0.001203652159858746	-0.001065878776580911	0.0
-0.0011991943026551802	-0.0010621870060849854	0.0
-0.001194736445451614	-0.0010583347238283677	0.0
-0.0011902785882480483	-0.001054642953332442	0.0
-0.001185820731044482	-0.0010509511828365164	0.0
-0.001181139980980738	-0.0010470989005798986	0.0
-0.0011766821237771722	-0.001043407130083973	0.0
-0.001172224266573606	-0.001039554847827355	0.0
-0.0011677664093700402	-0.0010358630773314294	0.0
-0.0011633085521664743	-0.0010320107950748114	0.0
-0.0011588506949629083	-0.0010281585128181937	0.0
-0.0011543928377593425	-0.001024466742322268	0.0
-0.0011497120876955982	-0.0010206144600656503	0.0
-0.0011454771233522106	-0.0010169226895697246	0.0
-0.0011410192661486444	-0.0010130704073131064	0.0
-0.0011365614089450787	-0.001009378636817181	0.0
-0.0011321035517415125	-0.0010056868663212554	0.0
-0.0011276456945379467	-0.0010018345840646374	0.0
-0.0011231878373343808	-0.0009979823018080197	0.0
-0.0011185070872706364	-0.000994290531312094	0.0
-0.0011140492300670706	-0.000990438249055476	0.0
-0.0011093684800033263	-0.0009867464785595506	0.0
-0.0011049106227997603	-0.0009828941963029327	0.0
-0.0011004527655961945	-0.000979202425807007	0.0
-0.0010962178012528067	-0.0009755106553110815	0.0
-0.0010917599440492408	-0.000971818884815156	0.0
-0.0010873020868456748	-0.0009678060907978457	0.0
-0.0010828442296421088	-0.0009639538085412276	0.0
-0.001078386372438543	-0.0009601015262846096	0.0
-0.0010737056223747987	-0.0009564097557886842	0.0
-0.0010692477651712327	-0.0009527179852927587	0.0
-0.0010647899079676668	-0.000949026214796833	0.0
-0.0010603320507641008	-0.0009453344443009075	0.0
-0.0010558741935605348	-0.0009414821620442895	0.0
-0.0010514163363569689	-0.0009377903915483641	0.0
-0.0010469584791534031	-0.0009337775975310537	0.0
-0.001042500621949837	-0.0009299253152744356	0.0
-0.0010380427647462712	-0.0009260730330178178	0.0
-0.001033584907542705	-0.0009223812625218922	0.0
-0.0010291270503391392	-0.0009185289802652743	0.0
-0.001024446300275395	-0.0009149977215300411	0.0
-0.0010199884430718291	-0.0009113059510341157	0.0
-0.0010155305858682631	-0.0009074536687774977	0.0
-0.0010110727286646972	-0.0009036013865208797	0.0
-0.0010066148714611312	-0.0008995885925035694	0.0
-0.0010021570142575652	-0.0008958968220076438	0.0
-0.0009976991570539993	-0.0008920445397510258	0.0
-0.000993018406990255	-0.0008883527692551003	0.0
-0.0009885605497866891	-0.0008846609987591748	0.0
-0.0009841026925831232	-0.0008809692282632492	0.0
-0.0009796448353795572	-0.0008771169460066313	0.0
-0.0009751869781759912	-0.0008734251755107057	0.0
-0.0009707291209724253	-0.0008695728932540879	0.0
-0.0009662712637688593	-0.0008655600992367774	0.0
-0.0009618134065652934	-0.0008617078169801594	0.0
-0.0009573555493617275	-0.000858016046484234	0.0
-0.0009528976921581616	-0.0008543242759883084	0.0
-0.0009484398349545956	-0.0008506325054923828	0.0
-0.0009439819777510296	-0.0008467802232357648	0.0
-0.0009395241205474637	-0.000842927940979147	0.0
-0.0009350662633438978	-0.000839075658722529	0.0
-0.0009306084061403318	-0.0008353838882266035	0.0
-0.0009261505489367659	-0.0008313710942092931	0.0
-0.0009216926917331999	-0.0008276793237133675	0.0
-0.0009172348345296339	-0.000823987553217442	0.0
-0.000912776977326068	-0.000820135270960824	0.0
-0.0009083191201225021	-0.0008164435004648985	0.0
-0.0009038612629189361	-0.0008125912182082805	0.0
-0.0008991805128551919	-0.0008087389359516626	0.0
-0.0008947226556516259	-0.0008048866536950447	0.0
-0.0008902647984480599	-0.0008010343714384267	0.0
-0.000885806941244494	-0.0007971820891818087	0.0
-0.0008813490840409281	-0.0007934903186858831	0.0
-0.0008768912268373621	-0.0007896380364292653	0.0
-0.0008724333696337962	-0.0007857857541726473	0.0
-0.0008679755124302302	-0.0007819334719160293	0.0
-0.0008635176552266642	-0.0007782417014201038	0.0
-0.0008592826908832766	-0.0007743894191634858	0.0
-0.0008548248336797107	-0.0007703766251461754	0.0
-0.0008503669764761447	-0.0007665243428895575	0.0
-0.0008459091192725787	-0.000762832572393632	0.0
-0.0008414512620690128	-0.0007591408018977064	0.0
-0.0008369934048654468	-0.0007552885196410884	0.0
-0.0008323126548017026	-0.0007514362373844706	0.0
-0.0008278547975981367	-0.0007475839551278526	0.0
-0.0008236198332547491	-0.0007437316728712346	0.0
-0.0008191619760511831	-0.0007398793906146166	0.0
-0.0008149270117077954	-0.0007360271083579987	0.0
-0.0008104691545042296	-0.0007321748261013807	0.0
-0.0008060112973006636	-0.0007286435673661477	0.0
-0.0008015534400970976	-0.0007247912851095296	0.0
-0.0007970955828935317	-0.0007209390028529117	0.0
-0.0007924148328297874	-0.0007170867205962938	0.0
-0.0007881798684863997	-0.0007130739265789834	0.0
-0.0007837220112828339	-0.0007092216443223654	0.0
-0.0007792641540792679	-0.0007052088503050551	0.0
-0.0007750291897358802	-0.0007015170798091295	0.0
-0.0007707942253924925	-0.000697825309313204	0.0
-0.0007663363681889266	-0.0006941335388172784	0.0
-0.000762101403845539	-0.0006902812565606606	0.0
-0.0007574206537817947	-0.0006864289743040426	0.0
-0.0007529627965782288	-0.0006825766920474245	0.0
-0.0007482820465144845	-0.0006784033862694218	0.0
-0.0007440470821710968	-0.0006745511040128038	0.0
-0.0007395892249675308	-0.000670698821756186	0.0
-0.0007355771534843216	-0.000666846539499568	0.0
-0.000731342189140934	-0.0006631547690036424	0.0
-0.000726884331937368	-0.0006594629985077168	0.0
-0.000722426474733802	-0.000655610716251099	0.0
-0.0007179686175302361	-0.0006515979222337885	0.0
-0.0007135107603266702	-0.0006477456399771706	0.0
-0.0007090529031231042	-0.0006437328459598603	0.0
-0.0007048179387797166	-0.0006398805637032423	0.0
-0.0007005829744363289	-0.0006360282814466243	0.0
-0.0006961251172327629	-0.0006323365109506988	0.0
-0.000691667260029197	-0.0006284842286940808	0.0
-0.0006872094028256311	-0.0006247924581981553	0.0
-0.0006829744384822434	-0.000620779664180845	0.0
-0.0006785165812786774	-0.0006167668701635345	0.0
-0.0006740587240751114	-0.0006127540761462242	0.0
-0.0006698237597317239	-0.0006087412821289138	0.0
-0.0006653659025281579	-0.0006048889998722959	0.0
-0.0006611309381847702	-0.0006011972293763704	0.0
-0.0006566730809812043	-0.0005975054588804448	0.0
-0.0006522152237776383	-0.0005934926648631343	0.0
-0.0006479802594342508	-0.000589479870845824	0.0
-0.0006435224022306848	-0.000585627588589206	0.0
-0.0006390645450271189	-0.0005816147945718957	0.0
-0.0006346066878235529	-0.0005776020005545853	0.0
-0.0006303717234801652	-0.0005737497182979674	0.0
-0.0006261367591367775	-0.0005700579478020419	0.0
-0.0006216789019332117	-0.0005662056655454239	0.0
-0.000617443937589824	-0.0005625138950494983	0.0
-0.000612986080386258	-0.000558501101032188	0.0
-0.000608528223182692	-0.0005543277952541852	0.0
-0.0006038474731189478	-0.0005504755129975673	0.0
-0.0005996125087755602	-0.0005464627189802569	0.0
-0.0005953775444321725	-0.0005424499249629466	0.0
-0.0005911425800887849	-0.0005387581544670211	0.0
-0.0005866847228852189	-0.000534905872210403	0.0
-0.0005824497585418312	-0.0005312141017144775	0.0
-0.0005779919013382653	-0.0005273618194578596	0.0
-0.0005735340441346994	-0.0005231885136798567	0.0
-0.0005688532940709551	-0.0005191757196625464	0.0
-0.0005646183297275675	-0.0005150024138845436	0.0
-0.0005603833653841799	-0.0005111501316279257	0.0
-0.0005561484010407923	-0.0005074583611320001	0.0
-0.0005516905438372263	-0.0005036060788753821	0.0
-0.0005474555794938386	-0.0004999143083794566	0.0
-0.0005429977222902727	-0.0004959015143621463	0.0
-0.0005385398650867067	-0.0004920492321055283	0.0
-0.0005338591150229624	-0.0004878759263275255	0.0
-0.0005294012578193966	-0.0004838631323102151	0.0
-0.0005251662934760089	-0.00047985033829290474	0.0
-0.0005209313291326212	-0.0004759980560362868	0.0
-0.0005166963647892335	-0.00047230628554036124	0.0
-0.0005124614004458458	-0.0004684540032837433	0.0
-0.00050800354324228	-0.0004646017210271254	0.0
-0.000503545686038714	-0.0004607494387705074	0.0
-0.000499087828835148	-0.00045657613299250464	0.0
-0.0004946299716315822	-0.0004525633389751942	0.0
-0.0004903950072881945	-0.0004483900331971915	0.0
-0.0004859371500846285	-0.0004445377509405735	0.0
-0.0004819250786014192	-0.000440845980444648	0.0
-0.0004776901142580315	-0.00043699369818803	0.0
-0.0004732322570544655	-0.0004333019276921045	0.0
-0.00046877439985089966	-0.0004292891336747941	0.0
-0.0004643165426473337	-0.00042527633965748376	0.0
-0.00045963579258358943	-0.0004212635456401734	0.0
-0.0004554008282402018	-0.00041692972810147816	0.0
-0.00045094297103663583	-0.00041307744584486025	0.0
-0.0004469308995534265	-0.00040938567534893466	0.0
-0.0004426959352100388	-0.00040553339309231675	0.0
-0.0004384609708666512	-0.00040184162259639117	0.0
-0.00043400311366308526	-0.00039798934033977325	0.0
-0.00042932236359934095	-0.00039381603456177045	0.0
-0.0004248645063957751	-0.0003898032405444601	0.0
-0.0004204066491922091	-0.0003856299347664573	0.0
-0.00041617168484882144	-0.0003817776525098394	0.0
-0.0004119367205054338	-0.0003779253702532214	0.0
-0.0004079246490222244	-0.0003742335997572959	0.0
-0.0004034667918186585	-0.0003703813175006779	0.0
-0.0003990089346150925	-0.00036652903524405994	0.0
-0.00039455107741152655	-0.0003625162412267496	0.0
-0.00038987032734778235	-0.0003583429354487468	0.0
-0.0003856353630043947	-0.00035416962967074403	0.0
-0.00038140039866100704	-0.00035031734741412606	0.0
-0.0003771654343176194	-0.0003463045533968157	0.0
-0.00037293046997423173	-0.00034277329466158256	0.0
-0.0003686955056308441	-0.0003389210124049646	0.0
-0.00036423764842727813	-0.0003350687301483467	0.0
-0.00035977979122371216	-0.0003310559361310363	0.0
-0.00035509904115996795	-0.0003268826303530335	0.0
-0.000350641183956402	-0.0003227093245750307	0.0
-0.0003464062196130144	-0.00031869653055772036	0.0
-0.0003421712552696267	-0.00031484424830110244	0.0
-0.00033793629092623904	-0.00031115247780517686	0.0
-0.0003339242194430297	-0.00030746070730925133	0.0
-0.00032946636223946373	-0.00030360842505263336	0.0
-0.0003250085050358978	-0.000299595631035323	0.0
-0.00032055064783233185	-0.0002954223252573202	0.0
-0.00031609279062876593	-0.0002912490194793174	0.0
-0.0003116349334252	-0.00028707571370131465	0.0
-0.00030739996908181233	-0.0002830629196840043	0.0
-0.0003031650047384247	-0.0002792106374273863	0.0
-0.0002991529332552153	-0.0002756793786921532	0.0
-0.00029469507605164934	-0.00027182709643553527	0.0
-0.0002902372188480834	-0.0002681353259396097	0.0
-0.00028600225450469574	-0.0002638015084009145	0.0
-0.0002813215044409515	-0.0002594676908622193	0.0
-0.0002768636472373856	-0.00025529438508421656	0.0
-0.00027262868289399793	-0.0002512815910669062	0.0
-0.0002686166114107886	-0.00024742930881028823	0.0
-0.0002643816470674009	-0.0002438980500750551	0.0
-0.0002601466827240133	-0.00024004576781843712	0.0
-0.0002556888255204473	-0.00023619348556181918	0.0
-0.00025100807545670305	-0.0002320201797838164	0.0
-0.00024655021825313714	-0.0002276863622451212	0.0
-0.0002418694681893929	-0.000223352544706426	0.0
-0.00023763450384600525	-0.0002191792389284232	0.0
-0.0002336224323627959	-0.00021532695667180526	0.0
-0.00022938746801940825	-0.0002116351861758797	0.0
-0.0002253753965361989	-0.00020794341567995417	0.0
-0.00022091753933263294	-0.00020409113342333623	0.0
-0.000216459682129067	-0.00020007833940602584	0.0
-0.00021155603920514445	-0.00019558401010663824	0.0
-0.0002070981820015785	-0.00019125019256794305	0.0
-0.00020264032479801257	-0.00018707688678994025	0.0
-0.0001986282533148032	-0.0001830640927726299	0.0
-0.00019461618183159386	-0.00017921181051601192	0.0
-0.0001903812174882062	-0.00017568055178077884	0.0
-0.00018614625314481857	-0.00017198878128485325	0.0
-0.00018146550308107432	-0.0001678154755068505	0.0
-0.00017678475301733006	-0.00016332114620746287	0.0
-0.0001723268958137641	-0.00015898732866876769	0.0
-0.00016742325288984157	-0.00015433248760868764	0.0
-0.00016341118140663223	-0.0001504802053520697	0.0
-0.00015939910992342286	-0.00014662792309545175	0.0
-0.0001556099313003918	-0.0001430966643602186	0.0
-0.00015115207409682586	-0.00013940489386429309	0.0
-0.0001466942168932599	-0.00013539209984698273	0.0
-0.00014179057396933737	-0.0001310582823082875	0.0
-0.00013710982390559311	-0.00012656395300889988	0.0
-0.0001322061809816706	-0.00012190911194881987	0.0
-0.00012819410949846123	-0.00011757529441012467	0.0
-0.00012440493087543017	-0.00011372301215350673	0.0
-0.00012039285939222082	-0.0001101917534182736	0.0
-0.00011638078790901147	-0.00010666049468304047	0.0
-0.00011192293070544552	-0.00010280821242642252	0.0
-0.00010701928778152298	-9.863490664841973e-05	0.0
-0.00010211564485760044	-9.381955382764728e-05	0.0
-9.69891090734996e-05	-8.884368924618244e-05	0.0
-9.253125186993365e-05	-8.434935994679482e-05	0.0
-8.87420732469026e-05	-8.033656592948445e-05	0.0
-8.495289462387153e-05	-7.696581895494374e-05	0.0
-8.138660886101878e-05	-7.375558374109545e-05	0.0
-7.715164451763114e-05	-7.022432500586233e-05	0.0
-7.202510873353029e-05	-6.589050746716713e-05	0.0
-6.667568008925114e-05	-6.075413112500985e-05	0.0
-6.132625144497202e-05	-5.545724302216017e-05	0.0
-5.642260852104948e-05	-5.0481378440695305e-05	0.0
-5.241053703784012e-05	-4.646858442338494e-05	0.0
-4.9512929855522255e-05	-4.341886097022906e-05	0.0
-4.63924298130261e-05	-4.085067279915043e-05	0.0
-4.282614405017333e-05	-3.812197286737937e-05	0.0
-3.8145393986429095e-05	-3.4109178850069007e-05	0.0
-3.168150104125847e-05	-2.8491267225834487e-05	0.0
-2.4548929515552953e-05	-2.1268237994675823e-05	0.0
-1.7639250850025734e-05	-1.3724185242132332e-05	0.0
-1.20669293455683e-05	-7.3037148144357415e-06	0.0
-8.723536442893839e-06	-3.1304090364329582e-06	0.0
-7.831965002180647e-06	-2.4883619936632995e-06	0.0
-8.723536442893839e-06	-4.575014882664691e-06	0.0
-1.0729572184498514e-05	-8.748320660667474e-06	0.0
-1.20669293455683e-05	-1.2921626438670259e-05	0.0
-1.20669293455683e-05	-1.6131861652518553e-05	0.0
-1.0283786464141918e-05	-1.7094932216673043e-05	0.0
-7.609072142002351e-06	-1.629237341321097e-05	0.0
-4.265679239327891e-06	-1.4205720524209575e-05	0.0
-2.259643497723214e-06	-1.22795793959006e-05	0.0
