time    PosT    PosL    PosV    accT    accL    accV
0.000    0.000000000442026738    -0.000000002093190202    0.000000000000000000    0.000603164166045392    -0.002966799920146091    0.000000000000000000
0.005    0.000000001233927103    -0.000000003325020954    0.000000000000000000    0.000603164166045392    -0.002966799920146091    0.000000000000000000
0.010    0.000000017104931618    -0.000000078726849710    0.000000000000000000    0.002763670369309858    -0.009449684382359245    0.000000000000000000
0.015    0.000000102067695367    -0.000000390370788024    0.000000000000000000    0.004562829906154019    -0.012743746945923838    0.000000000000000000
0.020    0.000000301101206769    -0.000001020608399987    0.000000000000000000    0.004323508162725944    -0.011476580803581500    0.000000000000000000
0.025    0.000000608222422239    -0.000001937760532039    0.000000000000000000    0.002598190550787332    -0.005948396592241272    0.000000000000000000
0.030    0.000000980298401479    -0.000003003622578897    0.000000000000000000    -0.000345935254691120    0.002088611957137055    0.000000000000000000
0.035    0.000001343725999352    -0.000004017269326827    0.000000000000000000    -0.003056621246646546    0.009908970477277988    0.000000000000000000
0.040    0.000001630738066059    -0.000004783191812825    0.000000000000000000    -0.005325024921321427    0.015692733072881930    0.000000000000000000
0.045    0.000001784624509732    -0.000005156795972000    0.000000000000000000    -0.006604268271326111    0.018498554373772808    0.000000000000000000
0.050    0.000001773404246623    -0.000005067936271832    0.000000000000000000    -0.006713585750713170    0.018100585303870778    0.000000000000000000
0.055    0.000001594344339746    -0.000004526561939067    0.000000000000000000    -0.005782416733127326    0.014999450457753057    0.000000000000000000
0.060    0.000001270724014540    -0.000003610201344857    0.000000000000000000    -0.004178913283695483    0.010144665531385240    0.000000000000000000
0.065    0.000000842630857242    -0.000002440224112364    0.000000000000000000    -0.002112073453239728    0.004608251349443517    0.000000000000000000
0.070    0.000000361735863613    -0.000001155040596134    0.000000000000000000    0.000186693072124321    -0.000688402226436871    0.000000000000000000
0.075    -0.000000114491803213    0.000000112932864435    0.000000000000000000    0.001863724067340492    -0.005038205086029557    0.000000000000000000
0.080    -0.000000544126368355    0.000001254951197854    0.000000000000000000    0.003202052244065186    -0.008298312778530294    0.000000000000000000
0.085    -0.000000893709627396    0.000002189511711809    0.000000000000000000    0.003932694145377815    -0.010319170884278689    0.000000000000000000
0.090    -0.000001144975532802    0.000002866092953657    0.000000000000000000    0.004144621928642888    -0.011216224142285250    0.000000000000000000
0.095    -0.000001292625889992    0.000003262268591947    0.000000000000000000    0.003949614562851828    -0.010887454553281698    0.000000000000000000
0.100    -0.000001341535883111    0.000003386257866406    0.000000000000000000    0.004038213435131752    -0.009838970292893347    0.000000000000000000
0.105    -0.000001289490540352    0.000003264272883543    0.000000000000000000    0.003611860251206273    -0.008343228075952660    0.000000000000000000
0.110    -0.000001147148691312    0.000002933707198780    0.000000000000000000    0.002981988452298279    -0.006525048749722547    0.000000000000000000
0.115    -0.000000930257130965    0.000002440015295275    0.000000000000000000    0.001957864206830026    -0.004435813561968292    0.000000000000000000
0.120    -0.000000664418965447    0.000001835428052720    0.000000000000000000    0.000732983077359430    -0.002071306098323450    0.000000000000000000
0.125    -0.000000380256222995    0.000001179058157708    0.000000000000000000    -0.000002397147133143    0.000259749981507621    0.000000000000000000
0.130    -0.000000096153409222    0.000000529182012233    0.000000000000000000    -0.000764786830248851    0.002235039616338050    0.000000000000000000
0.135    0.000000168829733795    -0.000000064818142834    0.000000000000000000    -0.001642403840438166    0.003876614618857177    0.000000000000000000
0.140    0.000000392752780801    -0.000000561902932429    0.000000000000000000    -0.001993479516242895    0.005068812315298993    0.000000000000000000
0.145    0.000000566838839902    -0.000000932267414141    0.000000000000000000    -0.002011415638132646    0.005845710187068760    0.000000000000000000
0.150    0.000000690639508048    -0.000001156489141177    0.000000000000000000    -0.001965651388640218    0.006247204904209933    0.000000000000000000
0.155    0.000000765298891479    -0.000001224530745608    0.000000000000000000    -0.002254076280993622    0.006414500002954845    0.000000000000000000
0.160    0.000000783606367885    -0.000001132209849965    0.000000000000000000    -0.001954033602757221    0.005990050896398510    0.000000000000000000
0.165    0.000000753063004222    -0.000000890137681912    0.000000000000000000    -0.001748930254391237    0.004926925422796486    0.000000000000000000
0.170    0.000000678796384200    -0.000000524892378289    0.000000000000000000    -0.001585521286798660    0.003607688590727773    0.000000000000000000
0.175    0.000000564891732007    -0.000000069454859897    0.000000000000000000    -0.001173360393659268    0.001876909095006001    0.000000000000000000
0.180    0.000000421653069973    0.000000432905385869    0.000000000000000000    -0.000310501250574994    0.000304217365780066    0.000000000000000000
0.185    0.000000270651876675    0.000000942871065780    0.000000000000000000    0.000441429589957759    -0.001206157001986683    0.000000000000000000
0.190    0.000000130686423125    0.000001422682820641    0.000000000000000000    0.000864863633720888    -0.002872885068804575    0.000000000000000000
0.195    0.000000012342560418    0.000001830672448783    0.000000000000000000    0.001441617825963956    -0.004171434379730805    0.000000000000000000
0.200    -0.000000069960856639    0.000002134376217430    0.000000000000000000    0.001669907076360860    -0.004878822166096756    0.000000000000000000
0.205    -0.000000110516596787    0.000002316109431926    0.000000000000000000    0.001548109787414142    -0.005146131616664166    0.000000000000000000
0.210    -0.000000112369592251    0.000002369189356005    0.000000000000000000    0.001640155322973961    -0.005142657224542132    0.000000000000000000
0.215    -0.000000073218704639    0.000002293702849470    0.000000000000000000    0.001735835616788670    -0.004678399025176872    0.000000000000000000
0.220    0.000000009328073392    0.000002101256367306    0.000000000000000000    0.001658197097834569    -0.003779550593720111    0.000000000000000000
0.225    0.000000133329778869    0.000001814321120299    0.000000000000000000    0.001433359853875159    -0.002689215178494445    0.000000000000000000
0.230    0.000000293165480692    0.000001460155493829    0.000000000000000000    0.000886619574754384    -0.001304196700696719    0.000000000000000000
0.235    0.000000475166671885    0.000001073384949842    0.000000000000000000    0.000315965100371412    0.000025795310819540    0.000000000000000000
0.240    0.000000665066990587    0.000000687259288626    0.000000000000000000    -0.000079547572080239    0.001003634594714675    0.000000000000000000
0.245    0.000000852978619987    0.000000326224492278    0.000000000000000000    -0.000556078652588012    0.001994278457094496    0.000000000000000000
0.250    0.000001026988283072    0.000000015046657356    0.000000000000000000    -0.000954579933937100    0.002816310543528709    0.000000000000000000
0.255    0.000001177133447809    -0.000000225723413977    0.000000000000000000    -0.001381192801620984    0.003560557170509830    0.000000000000000000
0.260    0.000001292748792505    -0.000000377479556047    0.000000000000000000    -0.001476763128652026    0.003956254839599841    0.000000000000000000
0.265    0.000001371445058985    -0.000000430329327127    0.000000000000000000    -0.001557801320279256    0.003941545611648103    0.000000000000000000
0.270    0.000001411196292458    -0.000000384640457916    0.000000000000000000    -0.001411655661797618    0.003382943628050519    0.000000000000000000
0.275    0.000001415656134386    -0.000000254377998004    0.000000000000000000    -0.001300299751044896    0.002685551678927204    0.000000000000000000
0.280    0.000001387608482538    -0.000000056976746118    0.000000000000000000    -0.000972612356099992    0.001742813114253135    0.000000000000000000
0.285    0.000001335245521787    0.000000183994833623    0.000000000000000000    -0.000442864544484564    0.000504586734630577    0.000000000000000000
0.290    0.000001271810947424    0.000000437581081731    0.000000000000000000    -0.000404197102197621    -0.000530148672421405    0.000000000000000000
0.295    0.000001198271445507    0.000000677913613028    0.000000000000000000    0.000167567128287431    -0.001816725503296896    0.000000000000000000
0.300    0.000001128921121796    0.000000872828006742    0.000000000000000000    0.000488320942910507    -0.002856975311473601    0.000000000000000000
0.305    0.000001071778821658    0.000000996318017670    0.000000000000000000    0.000506326602875290    -0.003477411370025543    0.000000000000000000
0.310    0.000001027294686593    0.000001032872744347    0.000000000000000000    0.000681328276039370    -0.003989994328696948    0.000000000000000000
0.315    0.000000999843758428    0.000000969677612807    0.000000000000000000    0.001274248573228869    -0.004082198879033255    0.000000000000000000
0.320    0.000001004249044594    0.000000804427509291    0.000000000000000000    0.001326069855913108    -0.004037169625342604    0.000000000000000000
0.325    0.000001041806077157    0.000000538248165141    0.000000000000000000    0.001431712801182057    -0.003623340595486511    0.000000000000000000
0.330    0.000001115155929751    0.000000181485306104    0.000000000000000000    0.001512682180350632    -0.003110381235351291    0.000000000000000000
0.335    0.000001226322836853    -0.000000253037083817    0.000000000000000000    0.001219354500791367    -0.002371707198391224    0.000000000000000000
0.340    0.000001367973606474    -0.000000746852153697    0.000000000000000000    0.000779231897966708    -0.001485746349530745    0.000000000000000000
0.345    0.000001529105173545    -0.000001277810882316    0.000000000000000000    0.000598201840126676    -0.000213100994848675    0.000000000000000000
0.350    0.000001705191786619    -0.000001814097135806    0.000000000000000000    0.000218196531017714    0.001076134021986933    0.000000000000000000
0.355    0.000001886733312969    -0.000002323480038746    0.000000000000000000    -0.000074310323075086    0.002144383008572893    0.000000000000000000
0.360    0.000002066417081242    -0.000002779253366472    0.000000000000000000    -0.000209255192717544    0.003116047793772339    0.000000000000000000
0.365    0.000002240869469696    -0.000003157125499354    0.000000000000000000    -0.000501136835406860    0.003671338651744131    0.000000000000000000
0.370    0.000002402793437266    -0.000003443214165942    0.000000000000000000    -0.000600560260408211    0.004060195367172358    0.000000000000000000
0.375    0.000002549703398325    -0.000003627797948350    0.000000000000000000    -0.000809411505983143    0.004165268683154815    0.000000000000000000
0.380    0.000002676378071735    -0.000003708250013680    0.000000000000000000    -0.000907229567846740    0.003871882415428383    0.000000000000000000
0.385    0.000002780372005949    -0.000003691905018624    0.000000000000000000    -0.000614450276302915    0.003373217151153873    0.000000000000000000
0.390    0.000002869004683255    -0.000003591229594790    0.000000000000000000    -0.000477648081299569    0.002605201782703556    0.000000000000000000
0.395    0.000002945696158528    -0.000003425424126387    0.000000000000000000    -0.000545027454133099    0.001628123835017688    0.000000000000000000
0.400    0.000003008761947449    -0.000003218915562110    0.000000000000000000    -0.000407930175058151    0.000563855587638835    0.000000000000000000
0.405    0.000003061629481993    -0.000002998310608141    0.000000000000000000    -0.000019369988326754    -0.000359471271215673    0.000000000000000000
0.410    0.000003114012766828    -0.000002786692435953    0.000000000000000000    0.000089612321973648    -0.001249545397930575    0.000000000000000000
0.415    0.000003168636359713    -0.000002606312898713    0.000000000000000000    0.000298077299918744    -0.001972414391668482    0.000000000000000000
0.420    0.000003230711885096    -0.000002475243721264    0.000000000000000000    0.000673979336963276    -0.002685900211146852    0.000000000000000000
0.425    0.000003309636893903    -0.000002411322049095    0.000000000000000000    0.000806307946821159    -0.003211193775008697    0.000000000000000000
0.430    0.000003408719601381    -0.000002427680221300    0.000000000000000000    0.001075861643185867    -0.003331021999226885    0.000000000000000000
0.435    0.000003534698849938    -0.000002527313943486    0.000000000000000000    0.001100712577935778    -0.003168676699252833    0.000000000000000000
0.440    0.000003688195912943    -0.000002706164583154    0.000000000000000000    0.000988715249074718    -0.002742250191956062    0.000000000000000000
0.445    0.000003866410857176    -0.000002953571477621    0.000000000000000000    0.000941864424134093    -0.002463284485344519    0.000000000000000000
0.450    0.000004068172412012    -0.000003262560484221    0.000000000000000000    0.000872090154471360    -0.001885455833262811    0.000000000000000000
0.455    0.000004291736220709    -0.000003618685886652    0.000000000000000000    0.000472754975608348    -0.001208372184005135    0.000000000000000000
0.460    0.000004527118903797    -0.000004005020593684    0.000000000000000000    0.000325474339748491    -0.000857667172546778    0.000000000000000000
0.465    0.000004770638445379    -0.000004412796980029    0.000000000000000000    0.000225452216906112    -0.000061377300156719    0.000000000000000000
0.470    0.000005019794292383    -0.000004822107798879    0.000000000000000000    -0.000050483737071234    0.000667890628919768    0.000000000000000000
0.475    0.000005267688045960    -0.000005214721352005    0.000000000000000000    -0.000409302583156606    0.001240656005663279    0.000000000000000000
0.480    0.000005505349234959    -0.000005576318504990    0.000000000000000000    -0.000917442576070510    0.001824799655531240    0.000000000000000000
0.485    0.000005720074359555    -0.000005892295666586    0.000000000000000000    -0.000981307350168688    0.002255054298548213    0.000000000000000000
0.490    0.000005910266800398    -0.000006151896470719    0.000000000000000000    -0.000826216754204153    0.002681541364546863    0.000000000000000000
0.495    0.000006079803822385    -0.000006344458740738    0.000000000000000000    -0.000785613626938290    0.002625038765694650    0.000000000000000000
0.500    0.000006229700503699    -0.000006471395041615    0.000000000000000000    -0.000627695079194688    0.002415032129124302    0.000000000000000000
0.505    0.000006363904808033    -0.000006537955539264    0.000000000000000000    -0.000670905704702058    0.001949856534463993    0.000000000000000000
0.510    0.000006481336469750    -0.000006555769623551    0.000000000000000000    -0.000700890376405732    0.001341670927146332    0.000000000000000000
0.515    0.000006581245872056    -0.000006540041934659    0.000000000000000000    -0.000428749589369887    0.000674151240166584    0.000000000000000000
0.520    0.000006670436534628    -0.000006507460464763    0.000000000000000000    -0.000170344002762982    -0.000536993183784546    0.000000000000000000
0.525    0.000006755368597131    -0.000006488303824462    0.000000000000000000    0.000069636522322191    -0.001862638160298412    0.000000000000000000
0.530    0.000006842041572692    -0.000006515713138169    0.000000000000000000    0.000378495736254322    -0.002967742189279124    0.000000000000000000
0.535    0.000006938176941660    -0.000006617316006607    0.000000000000000000    0.000994529367152033    -0.003840691795966605    0.000000000000000000
0.540    0.000007059175544806    -0.000006814936169944    0.000000000000000000    0.001414742442238856    -0.004447537583106211    0.000000000000000000
0.545    0.000007215542709008    -0.000007123744772859    0.000000000000000000    0.001295631484461680    -0.004771213922220926    0.000000000000000000
0.550    0.000007404300660322    -0.000007551833723830    0.000000000000000000    0.001352240895822255    -0.004915710901494806    0.000000000000000000
0.555    0.000007626864634031    -0.000008102815447338    0.000000000000000000    0.001675427039229187    -0.004898654229017795    0.000000000000000000
0.560    0.000007891314283721    -0.000008776263526571    0.000000000000000000    0.001758506574682605    -0.004721872505815343    0.000000000000000000
0.565    0.000008199726597778    -0.000009567758418450    0.000000000000000000    0.001860387098611777    -0.004065718006142994    0.000000000000000000
0.570    0.000008554648589301    -0.000010460896260483    0.000000000000000000    0.001740236004512937    -0.003135928090650220    0.000000000000000000
0.575    0.000008953076480936    -0.000011432432304781    0.000000000000000000    0.001402474913987691    -0.002095436645839439    0.000000000000000000
0.580    0.000009386566245421    -0.000012456354265226    0.000000000000000000    0.001035017393344150    -0.000999014632611009    0.000000000000000000
0.585    0.000009845931444739    -0.000013505251591486    0.000000000000000000    0.000569230879698187    0.000014432125255545    0.000000000000000000
0.590    0.000010319527416050    -0.000014553788114614    0.000000000000000000    0.000459930237604669    0.000938906287811613    0.000000000000000000
0.595    0.000010804621643302    -0.000015578851980548    0.000000000000000000    0.000362369941561157    0.001930444498411633    0.000000000000000000
0.600    0.000011298775119092    -0.000016555654734020    0.000000000000000000    0.000343214141578147    0.002815853053349129    0.000000000000000000
0.605    0.000011801508948421    -0.000017462061161160    0.000000000000000000    0.000302037327189867    0.003758008635573376    0.000000000000000000
0.610    0.000012311793710931    -0.000018274517372410    0.000000000000000000    0.000269968461322469    0.004507166960049494    0.000000000000000000
0.615    0.000012828827684973    -0.000018974294409658    0.000000000000000000    0.000032296399483058    0.004530678963310987    0.000000000000000000
0.620    0.000013346669069002    -0.000019560804472824    0.000000000000000000    -0.000403224722735879    0.004188158843603792    0.000000000000000000
0.625    0.000013854429834964    -0.000020042610564900    0.000000000000000000    -0.000708509528825240    0.003778633023440812    0.000000000000000000
0.630    0.000014344477862704    -0.000020429950831390    0.000000000000000000    -0.000840344202723858    0.002997669865876227    0.000000000000000000
0.635    0.000014813517285376    -0.000020742349351232    0.000000000000000000    -0.000988506700976341    0.002048409854094041    0.000000000000000000
0.640    0.000015257844040524    -0.000021003537624723    0.000000000000000000    -0.001007552677286097    0.000743310428098770    0.000000000000000000
0.645    0.000015676981978740    -0.000021246143137511    0.000000000000000000    -0.000823241115005134    -0.000383964467771963    0.000000000000000000
0.650    0.000016075538889081    -0.000021498347761993    0.000000000000000000    -0.000846322300726647    -0.001300373543376411    0.000000000000000000
0.655    0.000016452937741903    -0.000021783061725060    0.000000000000000000    -0.000555651507037674    -0.001960033066695773    0.000000000000000000
0.660    0.000016816445307050    -0.000022116776514794    0.000000000000000000    -0.000244308067073363    -0.002627821914387137    0.000000000000000000
0.665    0.000017173845170519    -0.000022516186852388    0.000000000000000000    -0.000227765067046468    -0.003070806300708529    0.000000000000000000
0.670    0.000017525550907313    -0.000022992367347499    0.000000000000000000    -0.000026737104298012    -0.003068360516864793    0.000000000000000000
0.675    0.000017876588216499    -0.000023545256855533    0.000000000000000000    0.000144091271524481    -0.002430916036715654    0.000000000000000000
0.680    0.000018231227807473    -0.000024158919264484    0.000000000000000000    -0.000008063921455630    -0.001764715890930865    0.000000000000000000
0.685    0.000018585665800411    -0.000024816699570708    0.000000000000000000    0.000219563622774895    -0.000933686240800729    0.000000000000000000
0.690    0.000018945592883918    -0.000025497822032952    0.000000000000000000    0.000839775705590266    0.000120829033088509    0.000000000000000000
0.695    0.000019326514360065    -0.000026175923769369    0.000000000000000000    0.001111526885532745    0.000821920921660027    0.000000000000000000
0.700    0.000019735224008351    -0.000026833477482745    0.000000000000000000    0.000725771235091067    0.001467930148693831    0.000000000000000000
0.705    0.000020162077937513    -0.000027454332942403    0.000000000000000000    0.000577116773609802    0.002177580891766264    0.000000000000000000
0.710    0.000020603359786016    -0.000028020748879767    0.000000000000000000    0.000706917250700094    0.002732259828357180    0.000000000000000000
0.715    0.000021062314565786    -0.000028518858321422    0.000000000000000000    0.000467886927553977    0.003132858343167819    0.000000000000000000
0.720    0.000021532966518745    -0.000028938646304498    0.000000000000000000    0.000533453458593933    0.003346672225091907    0.000000000000000000
0.725    0.000022016954808169    -0.000029274767481947    0.000000000000000000    0.000673852540297932    0.003413257672576407    0.000000000000000000
0.730    0.000022517789411101    -0.000029525557217581    0.000000000000000000    0.000832835510661641    0.003389418976470858    0.000000000000000000
0.735    0.000023039444901799    -0.000029691611478804    0.000000000000000000    0.000794575815011157    0.003167931652833729    0.000000000000000000
0.740    0.000023580964787872    -0.000029778467448706    0.000000000000000000    0.000914922060482137    0.002807278208987682    0.000000000000000000
0.745    0.000024145357725457    -0.000029795141463383    0.000000000000000000    0.001071297022292806    0.002282918159936633    0.000000000000000000
0.750    0.000024736533088600    -0.000029754742524061    0.000000000000000000    0.001157399559007329    0.001469549832361887    0.000000000000000000
0.755    0.000025356643440718    -0.000029677604838931    0.000000000000000000    0.001031273683747808    0.000604638424539711    0.000000000000000000
0.760    0.000026002535634929    -0.000029585351193187    0.000000000000000000    0.000874748035709457    -0.000435374761140433    0.000000000000000000
0.765    0.000026670296530034    -0.000029503981916471    0.000000000000000000    0.000539094128562261    -0.001110176291457148    0.000000000000000000
0.770    0.000027351534778352    -0.000029450367047042    0.000000000000000000    0.000717042984096114    -0.001647747850206397    0.000000000000000000
0.775    0.000028050699101273    -0.000029437945873868    0.000000000000000000    0.000658082834791495    -0.002312550402205286    0.000000000000000000
0.780    0.000028766315495063    -0.000029483338460749    0.000000000000000000    0.000286832299668723    -0.002621544626332274    0.000000000000000000
0.785    0.000029489102696345    -0.000029594269663289    0.000000000000000000    0.000397331193971570    -0.002731155091384842    0.000000000000000000
0.790    0.000030221823177477    -0.000029773479743113    0.000000000000000000    0.000471752051959406    -0.002537658984195005    0.000000000000000000
0.795    0.000030966337459907    -0.000030016131297542    0.000000000000000000    0.000516745205023496    -0.002571213167701548    0.000000000000000000
0.800    0.000031723770372463    -0.000030323063181164    0.000000000000000000    0.000529455247990599    -0.002530832065478249    0.000000000000000000
0.805    0.000032494439666219    -0.000030693265866422    0.000000000000000000    0.000597905686621641    -0.002241655028149743    0.000000000000000000
0.810    0.000033280056602141    -0.000031119509927385    0.000000000000000000    0.000908981625325281    -0.001823556990763055    0.000000000000000000
0.815    0.000034088398078695    -0.000031591342913116    0.000000000000000000    0.000964515229712410    -0.001385780366637860    0.000000000000000000
0.820    0.000034920852435992    -0.000032097820408013    0.000000000000000000    0.001375052901399047    -0.001336611077546476    0.000000000000000000
0.825    0.000035787683115825    -0.000032637713179849    0.000000000000000000    0.001730342703916594    -0.001210617632027143    0.000000000000000000
0.830    0.000036697772363255    -0.000033207871392486    0.000000000000000000    0.002031209616460523    -0.001066586377290073    0.000000000000000000
0.835    0.000037658641851097    -0.000033804694264555    0.000000000000000000    0.002416675627935636    -0.001012460397530155    0.000000000000000000
0.840    0.000038679928229637    -0.000034426828646562    0.000000000000000000    0.003037999361410362    -0.000770903247863529    0.000000000000000000
0.845    0.000039777164592212    -0.000035068235609766    0.000000000000000000    0.003690977385576810    -0.000441073317508157    0.000000000000000000
0.850    0.000040966675389427    -0.000035720669405907    0.000000000000000000    0.003753059966663419    -0.000240108208033175    0.000000000000000000
0.855    0.000042250012685808    -0.000036379105907249    0.000000000000000000    0.003717519053437742    0.000166662735410670    0.000000000000000000
0.860    0.000043626287958526    -0.000037033375840206    0.000000000000000000    0.003683628436839661    0.000346478111728891    0.000000000000000000
0.865    0.000045094653942164    -0.000037678983820370    0.000000000000000000    0.003433058396850458    0.000635682437499492    0.000000000000000000
0.870    0.000046648846385724    -0.000038308699739596    0.000000000000000000    0.003345484917407961    0.000856842305857204    0.000000000000000000
0.875    0.000048286675952218    -0.000038916994601176    0.000000000000000000    0.003168848161559873    0.001127830374536727    0.000000000000000000
0.880    0.000050003726722752    -0.000039497093703393    0.000000000000000000    0.002924022393046525    0.001163841685994490    0.000000000000000000
0.885    0.000051793878053112    -0.000040048096763459    0.000000000000000000    0.002905448267910354    0.001192300159549354    0.000000000000000000
0.890    0.000053656665590170    -0.000040569292319537    0.000000000000000000    0.002651933665966859    0.001234208642107628    0.000000000000000000
0.895    0.000055585751468877    -0.000041059632659562    0.000000000000000000    0.002365266511703218    0.001132149761146452    0.000000000000000000
0.900    0.000057573969010376    -0.000041521669255559    0.000000000000000000    0.002204135929342822    0.000936671221784906    0.000000000000000000
0.905    0.000059617289950109    -0.000041960289071011    0.000000000000000000    0.001815645790688837    0.000673756133183869    0.000000000000000000
0.910    0.000061706002034609    -0.000042382064983133    0.000000000000000000    0.001464295225339087    0.000409829255452977    0.000000000000000000
0.915    0.000063831321499743    -0.000042793595163869    0.000000000000000000    0.000773425975107646    0.000189865640099146    0.000000000000000000
0.920    0.000065975976614255    -0.000043200378703602    0.000000000000000000    0.000407928243511798    0.000028349222392602    0.000000000000000000
0.925    0.000068130829934854    -0.000043606453512776    0.000000000000000000    0.000379152366705086    0.000082745165175268    0.000000000000000000
0.930    0.000070295162064621    -0.000044010459692820    0.000000000000000000    0.000220307450384265    0.000342779724159931    0.000000000000000000
0.935    0.000072465001880647    -0.000044405896379761    0.000000000000000000    0.000277443591653885    0.000553919661835760    0.000000000000000000
0.940    0.000074641777786465    -0.000044787485075155    0.000000000000000000    0.000621969009534959    0.000514469488159194    0.000000000000000000
0.945    0.000076834102917521    -0.000045156212033345    0.000000000000000000    0.000578283198589139    0.000346800769120961    0.000000000000000000
0.950    0.000079040885128542    -0.000045516268972308    0.000000000000000000    0.000705711716352344    0.000189362303198721    0.000000000000000000
0.955    0.000081265310132472    -0.000045871591853690    0.000000000000000000    0.000716953982496512    -0.000149140017013678    0.000000000000000000
0.960    0.000083507658985964    -0.000046230643235498    0.000000000000000000    0.000428424690097125    -0.000504087226401795    0.000000000000000000
0.965    0.000085760718456708    -0.000046602296797966    0.000000000000000000    -0.000053804216743297    -0.000929534731710616    0.000000000000000000
0.970    0.000088012432822034    -0.000046997188728726    0.000000000000000000    -0.000520519404025597    -0.000957918333769486    0.000000000000000000
0.975    0.000090251134202259    -0.000047416028617831    0.000000000000000000    -0.000519783984257978    -0.000796436744757503    0.000000000000000000
0.980    0.000092476840982878    -0.000047854779425555    0.000000000000000000    -0.000619960605676697    -0.000556794128330938    0.000000000000000000
0.985    0.000094687048748355    -0.000048307450086487    0.000000000000000000    -0.000401367445924624    -0.000104620500872049    0.000000000000000000
0.990    0.000096887222327684    -0.000048762736259941    0.000000000000000000    0.000123099851261359    0.000379047847393857    0.000000000000000000
0.995    0.000099090473403294    -0.000049208546237210    0.000000000000000000    0.000459955870633693    0.000879583417533539    0.000000000000000000
1.000    0.000101305223375671    -0.000049632366629040    0.000000000000000000    0.001121823436838550    0.001278673386308693    0.000000000000000000
1.005    0.000103548018933968    -0.000050024220186213    0.000000000000000000    0.001673258371332354    0.001284480652838057    0.000000000000000000
1.010    0.000105832645951548    -0.000050383961727065    0.000000000000000000    0.002085664910030549    0.000987049446802917    0.000000000000000000
1.015    0.000108169414591880    -0.000050719027031747    0.000000000000000000    0.002529340252757531    0.000810514941255341    0.000000000000000000
1.020    0.000110569416738530    -0.000051033829462898    0.000000000000000000    0.002954761694252159    0.000666712868808007    0.000000000000000000
1.025    0.000113043287927536    -0.000051331964072328    0.000000000000000000    0.003376811454011979    0.000641264822919029    0.000000000000000000
1.030    0.000115601579402893    -0.000051614067061185    0.000000000000000000    0.003522100992641168    0.000328793286177756    0.000000000000000000
1.035    0.000118247923403066    -0.000051887950217888    0.000000000000000000    0.003606652061069167    0.000145239973149431    0.000000000000000000
1.040    0.000120984433704765    -0.000052158202375262    0.000000000000000000    0.003547288992173411    -0.000230398231618678    0.000000000000000000
1.045    0.000123809626231269    -0.000052434214488427    0.000000000000000000    0.003189957798925905    -0.000578801540265686    0.000000000000000000
1.050    0.000126714567702746    -0.000052724696640098    0.000000000000000000    0.003651213202030164    -0.001104437212348826    0.000000000000000000
1.055    0.000129710789504274    -0.000053042789722078    0.000000000000000000    0.004377403445751920    -0.001824686847910295    0.000000000000000000
1.060    0.000132816446391946    -0.000053406499975256    0.000000000000000000    0.004739520863449509    -0.002543067996487434    0.000000000000000000
1.065    0.000136040591301204    -0.000053833786928346    0.000000000000000000    0.005334788103087199    -0.002924080805004521    0.000000000000000000
1.070    0.000139398105913039    -0.000054334175901561    0.000000000000000000    0.005672239376191364    -0.003005495565426954    0.000000000000000000
1.075    0.000142897426509278    -0.000054909702263912    0.000000000000000000    0.005607202576441437    -0.002920964191862371    0.000000000000000000
1.080    0.000146536927169929    -0.000055558252731059    0.000000000000000000    0.005838448765143082    -0.002876425105325633    0.000000000000000000
1.085    0.000150322389049709    -0.000056278713825839    0.000000000000000000    0.005778723834019318    -0.002525358321450494    0.000000000000000000
1.090    0.000154252319025338    -0.000057062308878656    0.000000000000000000    0.005417343536418678    -0.001865143943805805    0.000000000000000000
1.095    0.000158317682589379    -0.000057892532530068    0.000000000000000000    0.004893545500415626    -0.000968020412408426    0.000000000000000000
1.100    0.000162505384790929    -0.000058746956691790    0.000000000000000000    0.004661914437102416    0.000078175215942864    0.000000000000000000
1.105    0.000166809634853408    -0.000059599426473113    0.000000000000000000    0.004505967957771145    0.001203247007488921    0.000000000000000000
1.110    0.000171226534114830    -0.000060421815079250    0.000000000000000000    0.004035814615382634    0.001824281601635661    0.000000000000000000
1.115    0.000175744328741637    -0.000061198596645345    0.000000000000000000    0.003813241229757821    0.002120039352542533    0.000000000000000000
1.120    0.000180357454399189    -0.000061922377227627    0.000000000000000000    0.003892417822114929    0.002280814400910111    0.000000000000000000
1.125    0.000185067890502293    -0.000062589137449886    0.000000000000000000    0.003475371373528680    0.002266049136505637    0.000000000000000000
1.130    0.000189865210889735    -0.000063199246443732    0.000000000000000000    0.003547792433197632    0.001943673776514309    0.000000000000000000
1.135    0.000194751226088007    -0.000063760763593166    0.000000000000000000    0.003798275609127053    0.001781902126240641    0.000000000000000000
1.140    0.000199732198176507    -0.000064277733189443    0.000000000000000000    0.004236833087675794    0.001398580867838857    0.000000000000000000
1.145    0.000204819091092199    -0.000064759738264025    0.000000000000000000    0.003921181610361778    0.000709542337741552    0.000000000000000000
1.150    0.000210004013548151    -0.000065224004780163    0.000000000000000000    0.003550250525722731    0.000384710304316208    0.000000000000000000
1.155    0.000215277692267245    -0.000065678653538693    0.000000000000000000    0.003758949716647529    -0.000232743597200383    0.000000000000000000
1.160    0.000220645344729255    -0.000066139120887153    0.000000000000000000    0.003618554528310143    -0.000739252418247905    0.000000000000000000
1.165    0.000226103461054474    -0.000066618069546069    0.000000000000000000    0.003171404597719640    -0.001195427169080115    0.000000000000000000
1.170    0.000231640862494635    -0.000067126903884213    0.000000000000000000    0.002698524407204490    -0.001358104548157373    0.000000000000000000
1.175    0.000237245727044976    -0.000067669690836060    0.000000000000000000    0.002235181022092886    -0.001513960363115391    0.000000000000000000
1.180    0.000242906471120870    -0.000068250326796985    0.000000000000000000    0.001972405218567293    -0.001836523247233804    0.000000000000000000
1.185    0.000248616525327228    -0.000068876875839091    0.000000000000000000    0.001601449551636748    -0.001816368912093986    0.000000000000000000
1.190    0.000254366615772376    -0.000069548834103999    0.000000000000000000    0.001460249238244195    -0.001662688035879612    0.000000000000000000
1.195    0.000260153212448481    -0.000070262359569804    0.000000000000000000    0.000895181076336106    -0.001113858917124776    0.000000000000000000
1.200    0.000265962188651495    -0.000071003731508538    0.000000000000000000    0.000057665099351383    -0.000296690759227810    0.000000000000000000
1.205    0.000271772606481992    -0.000071752520716252    0.000000000000000000    -0.000454552578901465    0.000913942602228540    0.000000000000000000
1.210    0.000277571660498016    -0.000072478461358910    0.000000000000000000    -0.001274181259522042    0.002012224286162905    0.000000000000000000
1.215    0.000283338859982553    -0.000073154096394415    0.000000000000000000    -0.001785869208482775    0.003184889915943062    0.000000000000000000
1.220    0.000289061412736877    -0.000073750109182021    0.000000000000000000    -0.002602117570751732    0.004466612076974019    0.000000000000000000
1.225    0.000294718912551933    -0.000074234456667702    0.000000000000000000    -0.003298020460351398    0.005365619223580195    0.000000000000000000
1.230    0.000300293961855480    -0.000074584663672794    0.000000000000000000    -0.004028974730750645    0.005970502550896079    0.000000000000000000
1.235    0.000305768286790758    -0.000074785608114113    0.000000000000000000    -0.004618727862532035    0.006499459704220850    0.000000000000000000
1.240    0.000311127143529472    -0.000074824066062827    0.000000000000000000    -0.004791756718792312    0.006611061104897517    0.000000000000000000
1.245    0.000316366206350217    -0.000074697247483919    0.000000000000000000    -0.005281787462231916    0.006426981908580183    0.000000000000000000
1.250    0.000321473224484406    -0.000074409754357296    0.000000000000000000    -0.005447116186237284    0.005886394354452824    0.000000000000000000
1.255    0.000326444064713940    -0.000073975101371812    0.000000000000000000    -0.005247166139862609    0.005279803256319276    0.000000000000000000
1.260    0.000331283725789976    -0.000073408453304919    0.000000000000000000    -0.005029074865684109    0.004559298316082565    0.000000000000000000
1.265    0.000335997659994371    -0.000072727822780125    0.000000000000000000    -0.005058193144375119    0.003499944219269844    0.000000000000000000
1.270    0.000340585139370156    -0.000071959693649849    0.000000000000000000    -0.004930085510089239    0.002647946033745635    0.000000000000000000
1.275    0.000345049366608189    -0.000071125365868729    0.000000000000000000    -0.005261024474212481    0.001747115475738748    0.000000000000000000
1.280    0.000349382068234367    -0.000070247360200716    0.000000000000000000    -0.005647312237432207    0.000934061696576411    0.000000000000000000
1.285    0.000353573587054608    -0.000069346002990289    0.000000000000000000    -0.005836566468464532    0.000089827806722359    0.000000000000000000
1.290    0.000357619191713139    -0.000068442400084693    0.000000000000000000    -0.005975745121318456    -0.000670401563841023    0.000000000000000000
1.295    0.000361515402743636    -0.000067555557218193    0.000000000000000000    -0.005904395208656318    -0.001670130960361644    0.000000000000000000
1.300    0.000365264003893917    -0.000066710467625703    0.000000000000000000    -0.005401037819873899    -0.002407946038534029    0.000000000000000000
1.305    0.000368877579098701    -0.000065925576684176    0.000000000000000000    -0.004677177011195438    -0.003331277324342607    0.000000000000000000
1.310    0.000372374224878205    -0.000065223967675757    0.000000000000000000    -0.003800167190869640    -0.004065291686762128    0.000000000000000000
1.315    0.000375775866477937    -0.000064623990959507    0.000000000000000000    -0.003057613301132422    -0.004601612025117129    0.000000000000000000
1.320    0.000379101067745141    -0.000064139054543886    0.000000000000000000    -0.002222759464137487    -0.005067030638907953    0.000000000000000000
1.325    0.000382370700025742    -0.000063780793894237    0.000000000000000000    -0.001882189607489791    -0.005479695727270573    0.000000000000000000
1.330    0.000385593277566155    -0.000063559525637769    0.000000000000000000    -0.001648511207983858    -0.005529060762120156    0.000000000000000000
1.335    0.000388774642326369    -0.000063476483900355    0.000000000000000000    -0.001109814643607352    -0.005352054766622903    0.000000000000000000
1.340    0.000391928261720493    -0.000063527243532106    0.000000000000000000    -0.000920356317490011    -0.005330366940162505    0.000000000000000000
1.345    0.000395058872206679    -0.000063711262337362    0.000000000000000000    -0.000476967154023657    -0.004911018267356616    0.000000000000000000
1.350    0.000398177558514015    -0.000064018056599301    0.000000000000000000    -0.000136221415274109    -0.004426192868204129    0.000000000000000000
1.355    0.000401292839285969    -0.000064435505682946    0.000000000000000000    0.000076854768259107    -0.003800308867122075    0.000000000000000000
1.360    0.000404410041427129    -0.000064947962488268    0.000000000000000000    0.000230708873192719    -0.003092829214893910    0.000000000000000000
1.365    0.000407533011290119    -0.000065537740023963    0.000000000000000000    0.000193282667759320    -0.002369370600944251    0.000000000000000000
1.370    0.000410660813219803    -0.000066186751824681    0.000000000000000000    0.000380659282181277    -0.001690515023284483    0.000000000000000000
1.375    0.000413798131631542    -0.000066878026500982    0.000000000000000000    0.000432112414957848    -0.001413061031438063    0.000000000000000000
1.380    0.000416946252853655    -0.000067604627703068    0.000000000000000000    0.000639208804339899    -0.000722104993724853    0.000000000000000000
1.385    0.000420110354295876    -0.000068349281529998    0.000000000000000000    0.000956965159719381    -0.000562291016681523    0.000000000000000000
1.390    0.000423298379867090    -0.000069107992632345    0.000000000000000000    0.001099036828157342    -0.000468707375755949    0.000000000000000000
1.395    0.000426513881359008    -0.000069878421419085    0.000000000000000000    0.001238687689286352    -0.000377892917818217    0.000000000000000000
1.400    0.000429760350043158    -0.000070658297528771    0.000000000000000000    0.001636884634297845    -0.000554931452997681    0.000000000000000000
1.405    0.000433047740843166    -0.000071452046924782    0.000000000000000000    0.001450690775459899    -0.000439329917657403    0.000000000000000000
1.410    0.000436371398912560    -0.000072256779568735    0.000000000000000000    0.000374859493855895    -0.000342621440180203    0.000000000000000000
1.415    0.000439704428469301    -0.000073070077748692    0.000000000000000000    -0.000545709923443181    -0.000191793287214969    0.000000000000000000
1.420    0.000443023815277955    -0.000073888170760829    0.000000000000000000    -0.001798372831710721    0.000071656328671241    0.000000000000000000
1.425    0.000446298242765817    -0.000074704472364749    0.000000000000000000    -0.003367019662781599    0.000447487351365418    0.000000000000000000
1.430    0.000449488494762109    -0.000075509586784886    0.000000000000000000    -0.004555200823425434    0.000821823408176737    0.000000000000000000
1.435    0.000452564866737816    -0.000076294155619818    0.000000000000000000    -0.005302040486986157    0.001189282219859426    0.000000000000000000
1.440    0.000455508687701348    -0.000077048992399253    0.000000000000000000    -0.005507315756882528    0.001438583392943094    0.000000000000000000
1.445    0.000458314825770958    -0.000077767864593865    0.000000000000000000    -0.005562345232455225    0.001627771988254277    0.000000000000000000
1.450    0.000460981905209756    -0.000078446042488771    0.000000000000000000    -0.005186974181760774    0.001560466255723435    0.000000000000000000
1.455    0.000463519310294011    -0.000079085208727283    0.000000000000000000    -0.004629722259506894    0.001146776575717190    0.000000000000000000
1.460    0.000465940972321777    -0.000079695705551403    0.000000000000000000    -0.004464191695929993    0.000775537772312851    0.000000000000000000
1.465    0.000468251029557146    -0.000080286813931214    0.000000000000000000    -0.004065108909943275    0.000497453321912688    0.000000000000000000
1.470    0.000470459459069766    -0.000080865485977978    0.000000000000000000    -0.004092969076471657    0.000032039654173570    0.000000000000000000
1.475    0.000472565564355474    -0.000081443357033388    0.000000000000000000    -0.004188270957363772    -0.000068451530417209    0.000000000000000000
1.480    0.000474566962867248    -0.000082022939377058    0.000000000000000000    -0.004280370282528766    -0.000116123367659387    0.000000000000000000
1.485    0.000476461352121959    -0.000082605424804919    0.000000000000000000    -0.004614893190720178    -0.000186396186336235    0.000000000000000000
1.490    0.000478240369046902    -0.000083192570137439    0.000000000000000000    -0.004798351854364957    -0.000414738046867233    0.000000000000000000
1.495    0.000479899427175485    -0.000083790083921130    0.000000000000000000    -0.005088336784333375    -0.000387730554005658    0.000000000000000000
1.500    0.000481431276884461    -0.000084397290968672    0.000000000000000000    -0.005242236324983808    -0.000281936688000797    0.000000000000000000
1.505    0.000482832070685311    -0.000085011546433414    0.000000000000000000    -0.004956672866734957    -0.000313250091167876    0.000000000000000000
1.510    0.000484108947664494    -0.000085633633150435    0.000000000000000000    -0.004849349606957012    -0.000437547280150285    0.000000000000000000
1.515    0.000485264590903502    -0.000086266658549459    0.000000000000000000    -0.004310391663593476    -0.000731394895739823    0.000000000000000000
1.520    0.000486312474350921    -0.000086917968820877    0.000000000000000000    -0.003573557143404533    -0.000701917663909249    0.000000000000000000
1.525    0.000487271018869754    -0.000087586827033893    0.000000000000000000    -0.003026474879638374    -0.000866205179434506    0.000000000000000000
1.530    0.000488153901516597    -0.000088277340376395    0.000000000000000000    -0.001993502165220044    -0.000992441807636489    0.000000000000000000
1.535    0.000488986946609309    -0.000088992664764088    0.000000000000000000    -0.001589078554079231    -0.000552132877163175    0.000000000000000000
1.540    0.000489780264738169    -0.000089721792473709    0.000000000000000000    -0.001188337022620806    -0.000206463977191944    0.000000000000000000
1.545    0.000490543874441464    -0.000090456081782761    0.000000000000000000    -0.001071630048358162    0.000493526774431974    0.000000000000000000
1.550    0.000491280693393549    -0.000091178032922452    0.000000000000000000    -0.001425998472051777    0.001221772408284828    0.000000000000000000
1.555    0.000491981862383834    -0.000091869439751935    0.000000000000000000    -0.001983081964799203    0.002274851480757348    0.000000000000000000
1.560    0.000492633454324998    -0.000092503975294400    0.000000000000000000    -0.002951853654994084    0.003330224225565805    0.000000000000000000
1.565    0.000493211249924787    -0.000093055255231225    0.000000000000000000    -0.003808328176793142    0.004140011730070173    0.000000000000000000
1.570    0.000493693837320157    -0.000093503034874799    0.000000000000000000    -0.004264149532258454    0.005066873690956681    0.000000000000000000
1.575    0.000494069820977220    -0.000093824142676099    0.000000000000000000    -0.004583543330187109    0.005765339581636163    0.000000000000000000
1.580    0.000494331216051029    -0.000094001116987858    0.000000000000000000    -0.005177711924079023    0.006145149730720704    0.000000000000000000
1.585    0.000494463168326735    -0.000094024462556349    0.000000000000000000    -0.005270361979688339    0.005997667452782162    0.000000000000000000
1.590    0.000494463361552950    -0.000093897866438520    0.000000000000000000    -0.004949105017804968    0.005493541235991216    0.000000000000000000
1.595    0.000494339827153719    -0.000093633931789792    0.000000000000000000    -0.004551848531461448    0.004771188663578126    0.000000000000000000
1.600    0.000494102496541201    -0.000093250717424474    0.000000000000000000    -0.003592292273308165    0.004214519151378676    0.000000000000000000
1.605    0.000493775358621851    -0.000092762140080372    0.000000000000000000    -0.002393179287050323    0.003647140285688950    0.000000000000000000
1.610    0.000493388391220325    -0.000092182384229127    0.000000000000000000    -0.001579232642465005    0.002891839700900809    0.000000000000000000
1.615    0.000492961943002737    -0.000091530332385360    0.000000000000000000    -0.000617237051708623    0.002288092903048673    0.000000000000000000
1.620    0.000492520063858857    -0.000090821078219017    0.000000000000000000    -0.000221341681554479    0.001776675069042649    0.000000000000000000
1.625    0.000492072651172937    -0.000090067407175948    0.000000000000000000    -0.000035534693356223    0.001672923487910363    0.000000000000000000
1.630    0.000491624350119684    -0.000089271913045680    0.000000000000000000    -0.000178883174158789    0.001542466869503120    0.000000000000000000
1.635    0.000491171576987076    -0.000088437857243676    0.000000000000000000    -0.000855988690992050    0.001475335264645278    0.000000000000000000
1.640    0.000490697404137194    -0.000087566918060055    0.000000000000000000    -0.001496601517605826    0.001678056720070555    0.000000000000000000
1.645    0.000490185816249372    -0.000086654027458432    0.000000000000000000    -0.002474635065574486    0.001814512123614505    0.000000000000000000
1.650    0.000489612362484910    -0.000085695774053719    0.000000000000000000    -0.003596798072835056    0.002102786998433139    0.000000000000000000
1.655    0.000488948988768628    -0.000084684950974046    0.000000000000000000    -0.004059304654266925    0.002407513752002697    0.000000000000000000
1.660    0.000488184132435988    -0.000083613940050572    0.000000000000000000    -0.004191126044832301    0.002719695505869354    0.000000000000000000
1.665    0.000487314497952228    -0.000082474936739451    0.000000000000000000    -0.004252469611326117    0.002988965214541640    0.000000000000000000
1.670    0.000486338551728185    -0.000081261209297967    0.000000000000000000    -0.003511975838305873    0.003021334735370577    0.000000000000000000
1.675    0.000485274806108184    -0.000079971948488099    0.000000000000000000    -0.002562790133572510    0.002992508874031293    0.000000000000000000
1.680    0.000484146990734844    -0.000078607874956380    0.000000000000000000    -0.001683520145974188    0.002719902149470239    0.000000000000000000
1.685    0.000482977087357855    -0.000077175803870924    0.000000000000000000    -0.001167786349532633    0.001818969601047457    0.000000000000000000
1.690    0.000481777989322127    -0.000075698258545442    0.000000000000000000    -0.000809556772950713    0.000944962954221472    0.000000000000000000
1.695    0.000480558652367075    -0.000074197089146104    0.000000000000000000    -0.000210796127341623    0.000010518767093784    0.000000000000000000
1.700    0.000479334045508840    -0.000072695656777589    0.000000000000000000    0.000342232122912001    -0.000764485721571249    0.000000000000000000
1.705    0.000478117994453678    -0.000071213336552113    0.000000000000000000    -0.000004863557447402    -0.001453474122145083    0.000000000000000000
1.710    0.000476901821809580    -0.000069767353179691    0.000000000000000000    -0.000596952661926619    -0.002096324858766991    0.000000000000000000
1.715    0.000475670725348933    -0.000068373777928738    0.000000000000000000    -0.001144223256374123    -0.002250870017110845    0.000000000000000000
1.720    0.000474411023306877    -0.000067036474428213    0.000000000000000000    -0.001402783286865231    -0.002190815941435840    0.000000000000000000
1.725    0.000473116251682649    -0.000065753941326224    0.000000000000000000    -0.001732560930079244    -0.001993625508484357    0.000000000000000000
1.730    0.000471778166035170    -0.000064521248861947    0.000000000000000000    -0.002437595758883297    -0.001595331169445885    0.000000000000000000
1.735    0.000470379140493718    -0.000063328439676906    0.000000000000000000    -0.002730669814128908    -0.001137307510677742    0.000000000000000000
1.740    0.000468911848206913    -0.000062164063179632    0.000000000000000000    -0.002962741271531587    -0.000517218300579011    0.000000000000000000
1.745    0.000467370487388320    -0.000061012617139872    0.000000000000000000    -0.003495962352564452    -0.000011326148480467    0.000000000000000000
1.750    0.000465741727510913    -0.000059861454253825    0.000000000000000000    -0.003473251853785587    0.000574216921816106    0.000000000000000000
1.755    0.000464026136337161    -0.000058695935944732    0.000000000000000000    -0.003466342950939061    0.001310263206489237    0.000000000000000000
1.760    0.000462223886589635    -0.000057497661055476    0.000000000000000000    -0.003692846231686305    0.001768523662330215    0.000000000000000000
1.765    0.000460329315686318    -0.000056255173074663    0.000000000000000000    -0.003901802773113774    0.002259376004357864    0.000000000000000000
1.770    0.000458337199713672    -0.000054956200693741    0.000000000000000000    -0.004489444255094833    0.002687922122604372    0.000000000000000000
1.775    0.000456232847634650    -0.000053590030259753    0.000000000000000000    -0.005410177782625390    0.003573293547143286    0.000000000000000000
1.780    0.000453993241111061    -0.000052134527487087    0.000000000000000000    -0.005958680898124260    0.004190615164647573    0.000000000000000000
1.785    0.000451604667565020    -0.000050574259335305    0.000000000000000000    -0.006723267052561200    0.004482947608490091    0.000000000000000000
1.790    0.000449048012342664    -0.000048901917493310    0.000000000000000000    -0.007651408422623424    0.004791271934794156    0.000000000000000000
1.795    0.000446300071909743    -0.000047109793852946    0.000000000000000000    -0.008313987024353986    0.004818704289086219    0.000000000000000000
1.800    0.000443344281801213    -0.000045197202605354    0.000000000000000000    -0.008861014737467955    0.004306373802315146    0.000000000000000000
1.805    0.000440166966324246    -0.000043176952012705    0.000000000000000000    -0.008431439855686312    0.003408504269430458    0.000000000000000000
1.810    0.000436778864850887    -0.000041071488813320    0.000000000000000000    -0.007889505591325389    0.002329825050736306    0.000000000000000000
1.815    0.000433193525737745    -0.000038907779987666    0.000000000000000000    -0.007553682962772260    0.001160356654358115    0.000000000000000000
1.820    0.000429419344550534    -0.000036715062245654    0.000000000000000000    -0.006534655014227633    -0.000077984194708119    0.000000000000000000
1.825    0.000425481796987967    -0.000034524294108509    0.000000000000000000    -0.005557029611575563    -0.001359325075714704    0.000000000000000000
1.830    0.000421405323685111    -0.000032367509098257    0.000000000000000000    -0.004734181016348774    -0.002584689392050364    0.000000000000000000
1.835    0.000417210495856846    -0.000030275341322806    0.000000000000000000    -0.003925735326422691    -0.003429742753280481    0.000000000000000000
1.840    0.000412917524645420    -0.000028268917116188    0.000000000000000000    -0.003495830742411988    -0.003888526378680892    0.000000000000000000
1.845    0.000408537157665434    -0.000026359706069036    0.000000000000000000    -0.003163601249810393    -0.003980332348578372    0.000000000000000000
1.850    0.000404077700654203    -0.000024550003330599    0.000000000000000000    -0.002900202824742803    -0.003840459803721672    0.000000000000000000
1.855    0.000399545738572353    -0.000022836312087255    0.000000000000000000    -0.002908275173560838    -0.003442460300778706    0.000000000000000000
1.860    0.000394941069611164    -0.000021208682351430    0.000000000000000000    -0.003082808623399748    -0.002761371122516829    0.000000000000000000
1.865    0.000390259330434390    -0.000019650086893668    0.000000000000000000    -0.003588260998857624    -0.001805736613856080    0.000000000000000000
1.870    0.000385487884732645    -0.000018136634851253    0.000000000000000000    -0.004124507553616204    -0.000734052052749437    0.000000000000000000
1.875    0.000380613326342060    -0.000016641534110156    0.000000000000000000    -0.004294931232223017    0.000372055081157059    0.000000000000000000
1.880    0.000375631394670668    -0.000015137131992030    0.000000000000000000    -0.004346252681140892    0.001610640487591898    0.000000000000000000
1.885    0.000370540806682249    -0.000013592463861715    0.000000000000000000    -0.004474543821352071    0.002556923203281787    0.000000000000000000
1.890    0.000365338355098295    -0.000011983872651318    0.000000000000000000    -0.004578628280491742    0.003661744036753559    0.000000000000000000
1.895    0.000360021437807329    -0.000010283737840001    0.000000000000000000    -0.004552999663756403    0.004724493506490818    0.000000000000000000
1.900    0.000354590695524769    -0.000008465490691023    0.000000000000000000    -0.004724912145270127    0.005201877647173571    0.000000000000000000
1.905    0.000349041830438578    -0.000006517196600865    0.000000000000000000    -0.004998517874744805    0.005575870835808073    0.000000000000000000
1.910    0.000343368002405518    -0.000004429505739812    0.000000000000000000    -0.004990748141864721    0.005480109069632112    0.000000000000000000
1.915    0.000337569405668911    -0.000002204812152018    0.000000000000000000    -0.004974536037948441    0.004924247187188140    0.000000000000000000
1.920    0.000331646445531356    0.000000142987615455    0.000000000000000000    -0.005025400881255790    0.003963979896243983    0.000000000000000000
1.925    0.000325597850371769    0.000002589886880335    0.000000000000000000    -0.004575546013936040    0.002591131298432461    0.000000000000000000
1.930    0.000319434866561834    0.000005101564427676    0.000000000000000000    -0.004562023657235948    0.001333155662744768    0.000000000000000000
1.935    0.000313157832160467    0.000007646570866585    0.000000000000000000    -0.004008180858462544    0.000043419235735360    0.000000000000000000
1.940    0.000306780593237640    0.000010192662786387    0.000000000000000000    -0.003462700641811145    -0.001295104358061154    0.000000000000000000
1.945    0.000300316786798767    0.000012706377097238    0.000000000000000000    -0.002896991175306823    -0.002346932769747395    0.000000000000000000
1.950    0.000293780555580511    0.000015161418088845    0.000000000000000000    -0.002249574402441151    -0.003224990025884104    0.000000000000000000
1.955    0.000287188085002194    0.000017535834329805    0.000000000000000000    -0.001403608563125321    -0.003906887977996552    0.000000000000000000
1.960    0.000280560524209799    0.000019812578371316    0.000000000000000000    -0.000433730734717731    -0.004196106360548202    0.000000000000000000
1.965    0.000273922120149037    0.000021984419753812    0.000000000000000000    0.000465663281051451    -0.004466312147360539    0.000000000000000000
1.970    0.000267295357670300    0.000024044603332625    0.000000000000000000    0.001263865892732127    -0.004974410053603008    0.000000000000000000
1.975    0.000260700191838882    0.000025980426660097    0.000000000000000000    0.001602999362617253    -0.005189556207375954    0.000000000000000000
1.980    0.000254145100991529    0.000027786511082385    0.000000000000000000    0.001580579938496255    -0.004955168454400910    0.000000000000000000
1.985    0.000247629524642639    0.000029468716293313    0.000000000000000000    0.001084440307403105    -0.004234321144081312    0.000000000000000000
1.990    0.000241141059301434    0.000031045063475639    0.000000000000000000    0.000073781902007290    -0.002977077116858996    0.000000000000000000
1.995    0.000234654438507779    0.000032546983730044    0.000000000000000000    -0.000989112481061859    -0.001723349718636127    0.000000000000000000
2.000    0.000228143089902097    0.000034005820241482    0.000000000000000000    -0.001855119646467689    -0.000347613681050572    0.000000000000000000
2.005    0.000221585363305254    0.000035455966410895    0.000000000000000000    -0.002627687740114695    0.000968897265198564    0.000000000000000000
2.010    0.000214961944514908    0.000036930335011937    0.000000000000000000    -0.003258913995469711    0.001851527386809821    0.000000000000000000
2.015    0.000208257052874675    0.000038450991797650    0.000000000000000000    -0.003324722524820434    0.002625826810611753    0.000000000000000000
2.020    0.000201469043171321    0.000040037294253628    0.000000000000000000    -0.003220444799075786    0.003418549978889511    0.000000000000000000
2.025    0.000194600522347991    0.000041709060459078    0.000000000000000000    -0.003468751116168789    0.004079835384279857    0.000000000000000000
2.030    0.000187645282746756    0.000043482822549135    0.000000000000000000    -0.003251281549116174    0.004526718204057725    0.000000000000000000
2.035    0.000180608761106794    0.000045369752594293    0.000000000000000000    -0.003166461647295671    0.005112861262002838    0.000000000000000000
2.040    0.000173493077925649    0.000047384504171002    0.000000000000000000    -0.003383398039255667    0.005658962991128970    0.000000000000000000
2.045    0.000166292809793523    0.000049540729822489    0.000000000000000000    -0.003704551214103648    0.005906229129320302    0.000000000000000000
2.050    0.000158999927881044    0.000051844611202209    0.000000000000000000    -0.003479392724987972    0.006226073660316633    0.000000000000000000
2.055    0.000151620061150440    0.000054304144423436    0.000000000000000000    -0.002594977564490805    0.006474794645982282    0.000000000000000000
2.060    0.000144175319980725    0.000056925547510814    0.000000000000000000    -0.001843855154140496    0.006154431696813248    0.000000000000000000
2.065    0.000136684482432155    0.000059700811390611    0.000000000000000000    -0.000863423351009666    0.005505488593152965    0.000000000000000000
2.070    0.000129172059299811    0.000062613712485238    0.000000000000000000    0.000101564842985499    0.004921024512882516    0.000000000000000000
2.075    0.000121662175288541    0.000065649639192686    0.000000000000000000    0.000742489474552877    0.004018076873380438    0.000000000000000000
2.080    0.000114170853514135    0.000068786017821969    0.000000000000000000    0.001043902558327606    0.003094219416314688    0.000000000000000000
2.085    0.000106705629303687    0.000071999751936660    0.000000000000000000    0.000813805829278855    0.002523218097904689    0.000000000000000000
2.090    0.000099260750238971    0.000075276566503799    0.000000000000000000    0.000383735729371265    0.001921320673670666    0.000000000000000000
2.095    0.000091825464567489    0.000078601414087779    0.000000000000000000    0.000013318189344327    0.001575618675957223    0.000000000000000000
2.100    0.000084390511850741    0.000081965652138658    0.000000000000000000    -0.000540055777052727    0.001131880025137750    0.000000000000000000
2.105    0.000076942057739567    0.000085358187190166    0.000000000000000000    -0.000628578672978155    0.000378784364149032    0.000000000000000000
2.110    0.000069477889161568    0.000088760191850777    0.000000000000000000    -0.000731826272679743    -0.000199500894290877    0.000000000000000000
2.115    0.000061995424926752    0.000092157208989031    0.000000000000000000    -0.000945823360459916    -0.000575008875581314    0.000000000000000000
2.120    0.000054489315107925    0.000095539850905396    0.000000000000000000    -0.000932731220458136    -0.000979126954609387    0.000000000000000000
2.125    0.000046959887008586    0.000098898014647895    0.000000000000000000    -0.001075937514460445    -0.001479729748991463    0.000000000000000000
2.130    0.000039403560471386    0.000102219185146670    0.000000000000000000    -0.001372251700330256    -0.001805369338069474    0.000000000000000000
2.135    0.000031812927641677    0.000105495221411993    0.000000000000000000    -0.002376277350356554    -0.001893849222393135    0.000000000000000000
2.140    0.000024162887878210    0.000108723911446756    0.000000000000000000    -0.003371658665780072    -0.001335580377902733    0.000000000000000000
2.145    0.000016428556648098    0.000111919211972071    0.000000000000000000    -0.004354264845646559    -0.000657107181701276    0.000000000000000000
2.150    0.000008585368796845    0.000115098084817844    0.000000000000000000    -0.005484989152337610    -0.000210038606945928    0.000000000000000000
2.155    0.000000605056216783    0.000118271706698443    0.000000000000000000    -0.006076439093415125    0.000231807934046981    0.000000000000000000
2.160    -0.000007527167340614    0.000121451123777394    0.000000000000000000    -0.006404277420559549    0.000773391665091880    0.000000000000000000
2.165    -0.000015819497833525    0.000124649875647972    0.000000000000000000    -0.006688441603231027    0.001383354762719835    0.000000000000000000
2.170    -0.000024279039366516    0.000127883211387617    0.000000000000000000    -0.006800429426996081    0.001992518298608815    0.000000000000000000
2.175    -0.000032908591635183    0.000131166360084728    0.000000000000000000    -0.006761251794403183    0.002519183059433803    0.000000000000000000
2.180    -0.000041707175198710    0.000134512488358325    0.000000000000000000    -0.006680418155032095    0.002926438626325249    0.000000000000000000
2.185    -0.000050672769216112    0.000137931777597580    0.000000000000000000    -0.006327952735434743    0.003031681485309067    0.000000000000000000
2.190    -0.000059796562051901    0.000141426858873968    0.000000000000000000    -0.005874872312415990    0.002880679681643893    0.000000000000000000
2.195    -0.000069067226695499    0.000144993957142396    0.000000000000000000    -0.004956760432649763    0.002297797954761574    0.000000000000000000
2.200    -0.000078461810349914    0.000148618500359694    0.000000000000000000    -0.003913553453909467    0.001200806422865146    0.000000000000000000
2.205    -0.000087954232840677    0.000152273063737564    0.000000000000000000    -0.003058770573871432    -0.000058053705208946    0.000000000000000000
2.210    -0.000097523124595787    0.000155926175772803    0.000000000000000000    -0.002131015004224260    -0.001377494797394352    0.000000000000000000
2.215    -0.000107145291726002    0.000159544850438107    0.000000000000000000    -0.001603425161879639    -0.002238147104654739    0.000000000000000000
2.220    -0.000116807544485264    0.000163107571425795    0.000000000000000000    -0.001494854259339478    -0.002986213854958225    0.000000000000000000
2.225    -0.000126507168601009    0.000166595637067109    0.000000000000000000    -0.002119794068871500    -0.003576695626164887    0.000000000000000000
2.230    -0.000136259787568477    0.000169994285317769    0.000000000000000000    -0.002729695675295074    -0.003738274693838297    0.000000000000000000
2.235    -0.000146080648927827    0.000173299476701083    0.000000000000000000    -0.003154595234525735    -0.003359480561801811    0.000000000000000000
2.240    -0.000155980375168039    0.000176520681070352    0.000000000000000000    -0.003716837049483291    -0.002757947618258969    0.000000000000000000
2.245    -0.000165973022334489    0.000179672936749164    0.000000000000000000    -0.004149860959204270    -0.002148400779268273    0.000000000000000000
2.250    -0.000176069416024920    0.000182771482408495    0.000000000000000000    -0.004573340757909423    -0.001487319440400450    0.000000000000000000
2.255    -0.000186280143234297    0.000185832845081815    0.000000000000000000    -0.005101903966579736    -0.000916792285585123    0.000000000000000000
2.260    -0.000196618418042840    0.000188871287947997    0.000000000000000000    -0.005284879770118449    -0.000322353506833481    0.000000000000000000
2.265    -0.000207088814845635    0.000191901671976507    0.000000000000000000    -0.005520867060694254    0.000280788102839354    0.000000000000000000
2.270    -0.000217697233324948    0.000194939075707588    0.000000000000000000    -0.005677438000590163    0.000486931132316279    0.000000000000000000
2.275    -0.000228447587754275    0.000197988652716977    0.000000000000000000    -0.005673348035531911    0.000472335939001719    0.000000000000000000
2.280    -0.000239339775884491    0.000201050038124841    0.000000000000000000    -0.005791862913836956    0.000481911987519233    0.000000000000000000
2.285    -0.000250376760587552    0.000204123471332393    0.000000000000000000    -0.006450952090269330    0.000689170218560065    0.000000000000000000
2.290    -0.000261575019092871    0.000207214133795409    0.000000000000000000    -0.007100873244986639    0.001026497287127601    0.000000000000000000
2.295    -0.000272950799429314    0.000210330458690604    0.000000000000000000    -0.008017161654365595    0.001128867736119267    0.000000000000000000
2.300    -0.000284527008807116    0.000213475005279201    0.000000000000000000    -0.009031906050766588    0.001294138939439372    0.000000000000000000
2.305    -0.000296329015836187    0.000216651905341284    0.000000000000000000    -0.010406540777701395    0.001056402231570681    0.000000000000000000
2.310    -0.000308391186384701    0.000219855215459157    0.000000000000000000    -0.011369719167663578    0.000857418698136650    0.000000000000000000
2.315    -0.000320737599912407    0.000223079961044483    0.000000000000000000    -0.012264850616971936    0.000813290124613468    0.000000000000000000
2.320    -0.000333390634705536    0.000226325038882924    0.000000000000000000    -0.013289546564282211    0.000526966369183502    0.000000000000000000
2.325    -0.000346375908162773    0.000229583290880595    0.000000000000000000    -0.014071699482654573    0.000175614838082835    0.000000000000000000
2.330    -0.000359712974107076    0.000232845933249218    0.000000000000000000    -0.014670242760893900    -0.000630287687629957    0.000000000000000000
2.335    -0.000373416796120402    0.000236092818425650    0.000000000000000000    -0.015136305903816396    -0.001380634146477778    0.000000000000000000
2.340    -0.000387499025781323    0.000239305187748421    0.000000000000000000    -0.015825718200819256    -0.002018565349416268    0.000000000000000000
2.345    -0.000401976898397264    0.000242467092937456    0.000000000000000000    -0.016375078530732595    -0.003072148175677688    0.000000000000000000
2.350    -0.000416864147976474    0.000245552194422098    0.000000000000000000    -0.016821019941314855    -0.003982079938381683    0.000000000000000000
2.355    -0.000432171923054217    0.000248537743908282    0.000000000000000000    -0.017074016864786646    -0.004673837519192196    0.000000000000000000
2.360    -0.000447906548553579    0.000251406447456485    0.000000000000000000    -0.017337192666122721    -0.005534602164430046    0.000000000000000000
2.365    -0.000464074603869594    0.000254136785950578    0.000000000000000000    -0.018075925352723041    -0.006421059021602220    0.000000000000000000
2.370    -0.000480694557319428    0.000256706597969131    0.000000000000000000    -0.018793107555857471    -0.006674820601652084    0.000000000000000000
2.375    -0.000497784338458157    0.000259109539472642    0.000000000000000000    -0.019278198930684602    -0.006706020974701129    0.000000000000000000
2.380    -0.000515356074570154    0.000261344830451786    0.000000000000000000    -0.019653683778902975    -0.006587667864248886    0.000000000000000000
2.385    -0.000533419152776624    0.000263415429734324    0.000000000000000000    -0.019270845151783678    -0.006386448892100292    0.000000000000000000
2.390    -0.000551964002111888    0.000265326367794559    0.000000000000000000    -0.018880641070237458    -0.006305114505704250    0.000000000000000000
2.395    -0.000570980867473908    0.000267079677992152    0.000000000000000000    -0.018323058941964801    -0.005900994559653473    0.000000000000000000
2.400    -0.000590455809309477    0.000268685463325753    0.000000000000000000    -0.017760992833820710    -0.005813393237285528    0.000000000000000000
2.405    -0.000610374775965892    0.000270145913828422    0.000000000000000000    -0.017156648736364050    -0.005762151916890827    0.000000000000000000
2.410    -0.000630722658840716    0.000271462310533169    0.000000000000000000    -0.016435375158481945    -0.005419832143024623    0.000000000000000000
2.415    -0.000651481426094502    0.000272643211434341    0.000000000000000000    -0.015898806845779725    -0.005502337094343869    0.000000000000000000
2.420    -0.000672637663519432    0.000273686553908153    0.000000000000000000    -0.015151082480490893    -0.005509745756994248    0.000000000000000000
2.425    -0.000694172678006375    0.000274592152738041    0.000000000000000000    -0.014710747032286968    -0.005484200051367443    0.000000000000000000
2.430    -0.000716075461169124    0.000275360646566645    0.000000000000000000    -0.014200316308028184    -0.005849146898072744    0.000000000000000000
2.435    -0.000738333252239575    0.000275982911722796    0.000000000000000000    -0.013986544432366931    -0.006452618462576398    0.000000000000000000
2.440    -0.000760940706920834    0.000276443861417384    0.000000000000000000    -0.013809328590474318    -0.006736522439165088    0.000000000000000000
2.445    -0.000783893394816856    0.000276736398050992    0.000000000000000000    -0.013563922559938456    -0.007198276421047436    0.000000000000000000
2.450    -0.000807185180776876    0.000276848977774074    0.000000000000000000    -0.013779706157838155    -0.007765688878867433    0.000000000000000000
2.455    -0.000830821459390842    0.000276767415275184    0.000000000000000000    -0.013929209649590421    -0.008187315321313976    0.000000000000000000
2.460    -0.000854805968246048    0.000276481169893262    0.000000000000000000    -0.013710499953151906    -0.008617358297933683    0.000000000000000000
2.465    -0.000879133239600082    0.000275979490553891    0.000000000000000000    -0.013779988675835866    -0.009124748941117134    0.000000000000000000
2.470    -0.000903805010671013    0.000275249692490992    0.000000000000000000    -0.014203484188296187    -0.009716042580433428    0.000000000000000000
2.475    -0.000928831868846650    0.000274276993363583    0.000000000000000000    -0.014219618344872044    -0.010272415930671821    0.000000000000000000
2.480    -0.000954214217480910    0.000273047483837906    0.000000000000000000    -0.014041156585881641    -0.010770970761189973    0.000000000000000000
2.485    -0.000979947595029817    0.000271548700043200    0.000000000000000000    -0.013755445713806852    -0.011257137473856711    0.000000000000000000
2.490    -0.001006024858721568    0.000269768487811648    0.000000000000000000    -0.013147439909136707    -0.011796789263405182    0.000000000000000000
2.495    -0.001032430808411049    0.000267693355848510    0.000000000000000000    -0.012670831261909349    -0.012061072721533065    0.000000000000000000
2.500    -0.001059153528882077    0.000265316697067334    0.000000000000000000    -0.012129912635300277    -0.012452763313739942    0.000000000000000000
2.505    -0.001086179497168987    0.000262628719203315    0.000000000000000000    -0.011622484736425673    -0.012915466075166804    0.000000000000000000
2.510    -0.001113496027574308    0.000259617854687416    0.000000000000000000    -0.011211864319286835    -0.013256515665088005    0.000000000000000000
2.515    -0.001141092854587611    0.000256275577279890    0.000000000000000000    -0.010884281194971021    -0.013451027543016306    0.000000000000000000
2.520    -0.001168961788630789    0.000252597024183789    0.000000000000000000    -0.010539730270061817    -0.013487705713389163    0.000000000000000000
2.525    -0.001197094215930718    0.000248581278444853    0.000000000000000000    -0.009848991813377755    -0.013414400437648539    0.000000000000000000
2.530    -0.001225472868025982    0.000244230172694976    0.000000000000000000    -0.009424920681296023    -0.013286272834763403    0.000000000000000000
2.535    -0.001254087143138278    0.000239546910124229    0.000000000000000000    -0.009089667000949583    -0.013141906130709896    0.000000000000000000
2.540    -0.001282928659925597    0.000234535099900215    0.000000000000000000    -0.008623619394835039    -0.013161974385732071    0.000000000000000000
2.545    -0.001311985767197788    0.000229194240316558    0.000000000000000000    -0.008315332643603693    -0.013402099269564172    0.000000000000000000
2.550    -0.001341250757786068    0.000223518328251162    0.000000000000000000    -0.008138494868095703    -0.013268458785280907    0.000000000000000000
2.555    -0.001370719210746052    0.000217510704716133    0.000000000000000000    -0.007932340684788097    -0.013070886934813579    0.000000000000000000
2.560    -0.001400385972223154    0.000211176309007734    0.000000000000000000    -0.007604123808619204    -0.012965725764327958    0.000000000000000000
2.565    -0.001430242836795473    0.000204517770155227    0.000000000000000000    -0.007680128414535442    -0.012633716797887714    0.000000000000000000
2.570    -0.001460291704578154    0.000197543388382773    0.000000000000000000    -0.007700286259607406    -0.012820872492915782    0.000000000000000000
2.575    -0.001490533079517326    0.000190248484797996    0.000000000000000000    -0.007561879867236040    -0.013009370011959030    0.000000000000000000
2.580    -0.001520963501453179    0.000182628346962920    0.000000000000000000    -0.007425028859218974    -0.013343019806155059    0.000000000000000000
2.585    -0.001551579549110512    0.000174674633632690    0.000000000000000000    -0.006902741881888858    -0.013785723656205154    0.000000000000000000
2.590    -0.001582368165314892    0.000166376277211055    0.000000000000000000    -0.006504000892313191    -0.013989733527705649    0.000000000000000000
2.595    -0.001613319381541580    0.000157728177451227    0.000000000000000000    -0.006137470677410051    -0.014054714012688273    0.000000000000000000
2.600    -0.001644424034535204    0.000148728709841082    0.000000000000000000    -0.005991046119532134    -0.014022551990084753    0.000000000000000000
2.605    -0.001675678463681816    0.000139378678431185    0.000000000000000000    -0.005929908093232558    -0.014093681397958418    0.000000000000000000
2.610    -0.001707081140530758    0.000129676304986339    0.000000000000000000    -0.006050709465332468    -0.014124502614191927    0.000000000000000000
2.615    -0.001738635085116334    0.000119620818976138    0.000000000000000000    -0.005782288345209871    -0.014157688946941699    0.000000000000000000
2.620    -0.001770333586910540    0.000109211390742264    0.000000000000000000    -0.005373356395674614    -0.013799512588730245    0.000000000000000000
2.625    -0.001802166422614638    0.000098456974693671    0.000000000000000000    -0.005152352818629802    -0.013640004421460577    0.000000000000000000
2.630    -0.001834128067139202    0.000087361558534542    0.000000000000000000    -0.004924552049435579    -0.013572511899378895    0.000000000000000000
2.635    -0.001866212825465002    0.000075926829577929    0.000000000000000000    -0.004554747236543838    -0.013563654103076354    0.000000000000000000
2.640    -0.001898411452471715    0.000064153009268738    0.000000000000000000    -0.004196254994644905    -0.013635819647389797    0.000000000000000000
2.645    -0.001930714985853294    0.000052038293468363    0.000000000000000000    -0.004206265514280355    -0.013749879002694056    0.000000000000000000
2.650    -0.001963123675872731    0.000039579830692920    0.000000000000000000    -0.004265943780844966    -0.013512474462211410    0.000000000000000000
2.655    -0.001995639014486688    0.000026783556055922    0.000000000000000000    -0.004377518309645057    -0.013480208234062872    0.000000000000000000
2.660    -0.002028263791058387    0.000013650276213073    0.000000000000000000    -0.004636204237636055    -0.013376321222023646    0.000000000000000000
2.665    -0.002061004472736027    0.000000182588339673    0.000000000000000000    -0.005057382130111560    -0.013147021378711952    0.000000000000000000
2.670    -0.002093871588966919    -0.000013613775068195    0.000000000000000000    -0.005262915804896129    -0.013062721072317179    0.000000000000000000
2.675    -0.002126870278092934    -0.000027736706502871    0.000000000000000000    -0.005684068116341284    -0.013116466448756614    0.000000000000000000
2.680    -0.002160011068921857    -0.000042187549598765    0.000000000000000000    -0.006102375070329846    -0.012777470340036208    0.000000000000000000
2.685    -0.002193304419127538    -0.000056957829453161    0.000000000000000000    -0.006144224181884456    -0.012731903624341352    0.000000000000000000
2.690    -0.002226751374937767    -0.000072046406898165    0.000000000000000000    -0.006195127776192910    -0.012732600714046105    0.000000000000000000
2.695    -0.002260353208942400    -0.000087453299361020    0.000000000000000000    -0.005926686750049037    -0.012773718469216841    0.000000000000000000
2.700    -0.002294103210115785    -0.000103179534785606    0.000000000000000000    -0.005739093841151260    -0.013055166780800964    0.000000000000000000
2.705    -0.002327996688635198    -0.000119232149379712    0.000000000000000000    -0.005495041263108708    -0.013113162683458102    0.000000000000000000
2.710    -0.002362027543186190    -0.000135612593040904    0.000000000000000000    -0.004755432028002299    -0.013123969893724229    0.000000000000000000
2.715    -0.002396177283537881    -0.000152321135949439    0.000000000000000000    -0.004107814554413225    -0.013117778444459056    0.000000000000000000
2.720    -0.002430429719253432    -0.000169357623319086    0.000000000000000000    -0.003510532742678069    -0.013039827710784090    0.000000000000000000
2.725    -0.002464769918287551    -0.000186720106381502    0.000000000000000000    -0.002524500989312811    -0.013168050370634997    0.000000000000000000
2.730    -0.002499173229846402    -0.000204411790703185    0.000000000000000000    -0.001628729576937105    -0.013405986858433701    0.000000000000000000
2.735    -0.002533617259644677    -0.000222438624696328    0.000000000000000000    -0.000428769918008054    -0.013606222405924398    0.000000000000000000
2.740    -0.002568072008690902    -0.000240805614249619    0.000000000000000000    0.000876312528687306    -0.013933123950120177    0.000000000000000000
2.745    -0.002602504849923910    -0.000259520931901663    0.000000000000000000    0.002422485947117803    -0.014507799835584891    0.000000000000000000
2.750    -0.002636877129008240    -0.000278598944549597    0.000000000000000000    0.004598641405902104    -0.014719328957405430    0.000000000000000000
2.755    -0.002671134442057422    -0.000298044940421466    0.000000000000000000    0.006677816638770567    -0.015022156942651969    0.000000000000000000
2.760    -0.002705224809690635    -0.000317866490216901    0.000000000000000000    0.008923442434884826    -0.015549759892700531    0.000000000000000000
2.765    -0.002739092091262976    -0.000338076784009654    0.000000000000000000    0.011346315069524909    -0.016696531721295971    0.000000000000000000
2.770    -0.002772675714958579    -0.000358704491095439    0.000000000000000000    0.014139792263497680    -0.018029708540078307    0.000000000000000000
2.775    -0.002805905843847594    -0.000379782940894726    0.000000000000000000    0.017166155161386226    -0.019467679117370854    0.000000000000000000
2.780    -0.002838706818857574    -0.000401348082671948    0.000000000000000000    0.020190563189900756    -0.021106733580542568    0.000000000000000000
2.785    -0.002871003029787808    -0.000423440892788682    0.000000000000000000    0.023711256034140982    -0.022853420484150733    0.000000000000000000
2.790    -0.002902706459317187    -0.000446105038417521    0.000000000000000000    0.027372818071358385    -0.024534821462531779    0.000000000000000000
2.795    -0.002933725568394783    -0.000469382554582923    0.000000000000000000    0.030755541153906774    -0.026052688466063605    0.000000000000000000
2.800    -0.002963975788943531    -0.000493311387959977    0.000000000000000000    0.034739598835948488    -0.027522819009294288    0.000000000000000000
2.805    -0.002993357519521380    -0.000517928291812263    0.000000000000000000    0.038735143147467649    -0.028589083278180230    0.000000000000000000
2.810    -0.003021770871520543    -0.000543259922746503    0.000000000000000000    0.042765392599258822    -0.029421877819134183    0.000000000000000000
2.815    -0.003049115088704724    -0.000569327100626222    0.000000000000000000    0.046842455418208417    -0.030028046318500770    0.000000000000000000
2.820    -0.003075288244503450    -0.000596144979663903    0.000000000000000000    0.050672239546370457    -0.030127364996032115    0.000000000000000000
2.825    -0.003100194594313516    -0.000623716042826486    0.000000000000000000    0.054191629506403910    -0.029646447494069070    0.000000000000000000
2.830    -0.003123746153385923    -0.000652028267176419    0.000000000000000000    0.057615887089513401    -0.028950663438923399    0.000000000000000000
2.835    -0.003145857315281092    -0.000681064258112326    0.000000000000000000    0.060900037657206363    -0.027978233992824800    0.000000000000000000
2.840    -0.003166445976234830    -0.000710799704898054    0.000000000000000000    0.063320142064341584    -0.026551212849788668    0.000000000000000000
2.845    -0.003185451633636960    -0.000741198932005026    0.000000000000000000    0.065444199278726772    -0.025014515081219282    0.000000000000000000
2.850    -0.003202821186057122    -0.000772223521989029    0.000000000000000000    0.066820795523794829    -0.023221991644201134    0.000000000000000000
2.855    -0.003218520218589189    -0.000803828661764137    0.000000000000000000    0.067451146138364920    -0.021206476893353109    0.000000000000000000
2.860    -0.003232532972467797    -0.000835963963461579    0.000000000000000000    0.067397202611653440    -0.018559605656841109    0.000000000000000000
2.865    -0.003244860796281114    -0.000868563255300441    0.000000000000000000    0.066794647512156968    -0.015621175909804469    0.000000000000000000
2.870    -0.003255518753906626    -0.000901553076537049    0.000000000000000000    0.065633020248992424    -0.012626269887358078    0.000000000000000000
2.875    -0.003264535886025914    -0.000934858554520841    0.000000000000000000    0.064127681346486803    -0.009160806940279598    0.000000000000000000
2.880    -0.003271949826111540    -0.000968393052678139    0.000000000000000000    0.062454929645548024    -0.005679504117648421    0.000000000000000000
2.885    -0.003277802392956026    -0.001002069538438379    0.000000000000000000    0.061074106963415059    -0.001971566663577957    0.000000000000000000
2.890    -0.003282128107126428    -0.001035795313365209    0.000000000000000000    0.059564662944558422    0.001867685661969057    0.000000000000000000
2.895    -0.003284964704723216    -0.001069474396150489    0.000000000000000000    0.058421374803992870    0.006302524137250659    0.000000000000000000
2.900    -0.003286340767949903    -0.001102995915832338    0.000000000000000000    0.057228684958443576    0.010805047477632085    0.000000000000000000
2.905    -0.003286286114052630    -0.001136247309327246    0.000000000000000000    0.056217298886052092    0.015193938317798611    0.000000000000000000
2.910    -0.003284826027683205    -0.001169118854364209    0.000000000000000000    0.055434526002075268    0.019962800815931034    0.000000000000000000
2.915    -0.003281980078163729    -0.001201491329380774    0.000000000000000000    0.054206200639419361    0.024583961769145124    0.000000000000000000
2.920    -0.003277778973628267    -0.001233249205353110    0.000000000000000000    0.053170126383464411    0.029069113805530594    0.000000000000000000
2.925    -0.003272248615933218    -0.001264280353480308    0.000000000000000000    0.051755161567541147    0.033160714692902910    0.000000000000000000
2.930    -0.003265424379198981    -0.001294482483740183    0.000000000000000000    0.050355003654561220    0.037111877793736398    0.000000000000000000
2.935    -0.003257341267373380    -0.001323756817055215    0.000000000000000000    0.048626678127040163    0.040573948141804997    0.000000000000000000
2.940    -0.003248042488594603    -0.001352016801666702    0.000000000000000000    0.046789181140302616    0.043484459835603506    0.000000000000000000
2.945    -0.003237573980287318    -0.001379189674782299    0.000000000000000000    0.045169204189818984    0.045899635572463002    0.000000000000000000
2.950    -0.003225976241875288    -0.001405215057008584    0.000000000000000000    0.043433787675455082    0.047837216183357900    0.000000000000000000
2.955    -0.003213292658771371    -0.001430044508830285    0.000000000000000000    0.041638999190903719    0.049537950503088235    0.000000000000000000
2.960    -0.003199568100687682    -0.001453635511889409    0.000000000000000000    0.039871484920246669    0.050763489527778233    0.000000000000000000
2.965    -0.003184846755480987    -0.001475957427710339    0.000000000000000000    0.038376615239931605    0.051294786741146528    0.000000000000000000
2.970    -0.003169165994893293    -0.001496996973862740    0.000000000000000000    0.037371732666234558    0.050997461607301536    0.000000000000000000
2.975    -0.003152550940988944    -0.001516761583474958    0.000000000000000000    0.037205728756432160    0.050346212785833816    0.000000000000000000
2.980    -0.003135005743865683    -0.001535267537767531    0.000000000000000000    0.037231472003133176    0.049556795269269788    0.000000000000000000
2.985    -0.003116529759942345    -0.001552534572178371    0.000000000000000000    0.037101741349205436    0.048919435052148519    0.000000000000000000
2.990    -0.003097126232485276    -0.001568578620712909    0.000000000000000000    0.036906249392346796    0.048203822697445026    0.000000000000000000
2.995    -0.003076800048793398    -0.001583417573680009    0.000000000000000000    0.036683280687215686    0.047605781658965896    0.000000000000000000
3.000    -0.003055556783084340    -0.001597066382105636    0.000000000000000000    0.036430435889703294    0.047277545956771194    0.000000000000000000
3.005    -0.003033402756478040    -0.001609533251882344    0.000000000000000000    0.036253152326387594    0.046770436482202610    0.000000000000000000
3.010    -0.003010342401063580    -0.001620830860746996    0.000000000000000000    0.036083523353349495    0.046215997028991110    0.000000000000000000
3.015    -0.002986379957565286    -0.001630973069685924    0.000000000000000000    0.036047696702727616    0.045718244597436203    0.000000000000000000
3.020    -0.002961516321649424    -0.001639972322509916    0.000000000000000000    0.035626748604682124    0.045310193327935053    0.000000000000000000
3.025    -0.002935762017018445    -0.001647838820500709    0.000000000000000000    0.035101195130678164    0.044576606174776337    0.000000000000000000
3.030    -0.002909130182509199    -0.001654590903337133    0.000000000000000000    0.034797984129579518    0.043728212717501422    0.000000000000000000
3.035    -0.002881628398396713    -0.001660249780855619    0.000000000000000000    0.034721124337576403    0.042635697073403409    0.000000000000000000
3.040    -0.002853258586175788    -0.001664842765947271    0.000000000000000000    0.034731181218945750    0.041392050765531874    0.000000000000000000
3.045    -0.002824020494424390    -0.001668400949769784    0.000000000000000000    0.034639561902020943    0.039960190249856142    0.000000000000000000
3.050    -0.002793916413625441    -0.001670960128836051    0.000000000000000000    0.034782496800729590    0.038586844612383681    0.000000000000000000
3.055    -0.002762942770406473    -0.001672554636787008    0.000000000000000000    0.034778669643249771    0.037250937594260000    0.000000000000000000
3.060    -0.002731099660446425    -0.001673217871298108    0.000000000000000000    0.034914429799162011    0.036107237210598886    0.000000000000000000
3.065    -0.002698383689741397    -0.001672978424878944    0.000000000000000000    0.035132554539948901    0.034957286451052505    0.000000000000000000
3.070    -0.002664789405172871    -0.001671865046298503    0.000000000000000000    0.035376550579519633    0.033772812444788150    0.000000000000000000
3.075    -0.002630310706839856    -0.001669907347406943    0.000000000000000000    0.035657293523706779    0.032967372302341799    0.000000000000000000
3.080    -0.002594940576168749    -0.001667125464207824    0.000000000000000000    0.035835405108701479    0.031985314004664284    0.000000000000000000
3.085    -0.002558674560369925    -0.001663543948158588    0.000000000000000000    0.036213761011004431    0.030813090591552683    0.000000000000000000
3.090    -0.002521503200545825    -0.001659192104844564    0.000000000000000000    0.036280113050665697    0.029661585442715410    0.000000000000000000
3.095    -0.002483424837895459    -0.001654098721894471    0.000000000000000000    0.036171141163197224    0.028860782430211243    0.000000000000000000
3.100    -0.002444442196716013    -0.001648283819383624    0.000000000000000000    0.036695173500547046    0.028456393335622374    0.000000000000000000
3.105    -0.002404542176199053    -0.001641757507039386    0.000000000000000000    0.037092676876560732    0.028282833224599693    0.000000000000000000
3.110    -0.002363714838760179    -0.001634524123864533    0.000000000000000000    0.037244863199132477    0.028055117810453153    0.000000000000000000
3.115    -0.002321956379741327    -0.001626589362744418    0.000000000000000000    0.037638059719180550    0.027890540645787720    0.000000000000000000
3.120    -0.002279256969229495    -0.001617957338108159    0.000000000000000000    0.037921070833758785    0.027930204561290445    0.000000000000000000
3.125    -0.002235609531946819    -0.001608627058357868    0.000000000000000000    0.037986756408134315    0.028155926737718009    0.000000000000000000
3.130    -0.002191012425753940    -0.001598592880439133    0.000000000000000000    0.037548096741384096    0.028329843383030628    0.000000000000000000
3.135    -0.002145476617142526    -0.001587850456435823    0.000000000000000000    0.036816940304062323    0.028661527122124733    0.000000000000000000
3.140    -0.002099020385023511    -0.001576391494254460    0.000000000000000000    0.035505966161156199    0.029358041610935345    0.000000000000000000
3.145    -0.002051676503750467    -0.001564198581032823    0.000000000000000000    0.034097731835113637    0.029729768593854400    0.000000000000000000
3.150    -0.002003480179181545    -0.001551262423596340    0.000000000000000000    0.032383960352818514    0.029759487331958503    0.000000000000000000
3.155    -0.001954474255603802    -0.001537582278976558    0.000000000000000000    0.029930995171147806    0.029637301586765002    0.000000000000000000
3.160    -0.001904720057146781    -0.001523161201817107    0.000000000000000000    0.027855325865251690    0.029156694260666985    0.000000000000000000
3.165    -0.001854269475543129    -0.001508011207301140    0.000000000000000000    0.025552555680463315    0.028256228165211492    0.000000000000000000
3.170    -0.001803180080047465    -0.001492154807081042    0.000000000000000000    0.023272784852191447    0.027337291602421571    0.000000000000000000
3.175    -0.001751508864930496    -0.001475614974570883    0.000000000000000000    0.020949268625209891    0.026403850622892799    0.000000000000000000
3.180    -0.001699313918097897    -0.001458415045795152    0.000000000000000000    0.018636804421613348    0.025292089004189111    0.000000000000000000
3.185    -0.001646653051154757    -0.001440582814794317    0.000000000000000000    0.016372697613136269    0.024115871948525436    0.000000000000000000
3.190    -0.001593582866771290    -0.001422147686994768    0.000000000000000000    0.014135310497662493    0.023056216784944628    0.000000000000000000
3.195    -0.001540159299625380    -0.001403136153775595    0.000000000000000000    0.011983008889691199    0.022017649388859570    0.000000000000000000
3.200    -0.001486436157257229    -0.001383574179321702    0.000000000000000000    0.009642918246278304    0.021156971834346977    0.000000000000000000
3.205    -0.001432471941932920    -0.001363483280571949    0.000000000000000000    0.007365098429043190    0.020177468305730695    0.000000000000000000
3.210    -0.001378323599147885    -0.001342887945114553    0.000000000000000000    0.005185602876007361    0.019264673679951841    0.000000000000000000
3.215    -0.001324045616290950    -0.001321810992815159    0.000000000000000000    0.003254523690196520    0.018780697060198984    0.000000000000000000
3.220    -0.001269686270341761    -0.001300264523089259    0.000000000000000000    0.001609053935144183    0.018119764759148838    0.000000000000000000
3.225    -0.001215286698044192    -0.001278265059244381    0.000000000000000000    0.000373189719465525    0.017682107101941666    0.000000000000000000
3.230    -0.001160877796003637    -0.001255823542721954    0.000000000000000000    -0.000214189727933134    0.017508555522939562    0.000000000000000000
3.235    -0.001106474248706280    -0.001232944312311454    0.000000000000000000    -0.000527116425117977    0.017156894653157923    0.000000000000000000
3.240    -0.001052083879319552    -0.001209636159534624    0.000000000000000000    -0.000344179681213697    0.016876800923507074    0.000000000000000000
3.245    -0.000997702114424853    -0.001185906086734708    0.000000000000000000    -0.000592958119766465    0.016752672992456988    0.000000000000000000
3.250    -0.000943335173483149    -0.001161757197109979    0.000000000000000000    -0.000638486804503680    0.016862336868050248    0.000000000000000000
3.255    -0.000888984194711557    -0.001137186749063550    0.000000000000000000    -0.000482149347287575    0.016938533149062421    0.000000000000000000
3.260    -0.000834645269673648    -0.001112192837688393    0.000000000000000000    -0.000015164896014289    0.016956596278899783    0.000000000000000000
3.265    -0.000780306723758139    -0.001086775011406265    0.000000000000000000    0.000546118475983938    0.017044720744679998    0.000000000000000000
3.270    -0.000725954524880730    -0.001060931067105519    0.000000000000000000    0.001193039177596958    0.017048948120854807    0.000000000000000000
3.275    -0.000671572500023881    -0.001034660899101752    0.000000000000000000    0.001490963911312572    0.017096813851842987    0.000000000000000000
3.280    -0.000617153201069249    -0.001007963310751689    0.000000000000000000    0.001868207081872839    0.016980689417391004    0.000000000000000000
3.285    -0.000562687196937571    -0.000980841205166191    0.000000000000000000    0.002540717840989436    0.016527878301314178    0.000000000000000000
3.290    -0.000508157674859868    -0.000953305902623160    0.000000000000000000    0.003212851624645637    0.016253268130001636    0.000000000000000000
3.295    -0.000453547831491549    -0.000925364268376880    0.000000000000000000    0.003606615843259817    0.015635341468252933    0.000000000000000000
3.300    -0.000398847822727148    -0.000897031750593893    0.000000000000000000    0.003988455283250678    0.015047186513838899    0.000000000000000000
3.305    -0.000344048102580666    -0.000868323053148060    0.000000000000000000    0.004900126156193955    0.013906921917513845    0.000000000000000000
3.310    -0.000289125879280279    -0.000839266682654289    0.000000000000000000    0.005724785174607977    0.012507602926911665    0.000000000000000000
3.315    -0.000234060536350527    -0.000809897622087345    0.000000000000000000    0.006191854526431395    0.010923026807917353    0.000000000000000000
3.320    -0.000178840397057614    -0.000780255485850204    0.000000000000000000    0.006233687454826591    0.008892268175100977    0.000000000000000000
3.325    -0.000123464415578331    -0.000750391042908685    0.000000000000000000    0.005724943023948130    0.006763915940026857    0.000000000000000000
3.330    -0.000067945310523448    -0.000720357502068665    0.000000000000000000    0.004854200285531098    0.004371965740906057    0.000000000000000000
3.335    -0.000012304850461428    -0.000690214662085122    0.000000000000000000    0.003528689908607278    0.001758788408141865    0.000000000000000000
3.340    0.000043423826848308    -0.000660027852391376    0.000000000000000000    0.001493723874065569    -0.000544188548685237    0.000000000000000000
3.345    0.000099189847254895    -0.000629854647411348    0.000000000000000000    -0.000735131583024288    -0.003407879809579767    0.000000000000000000
3.350    0.000154937489371907    -0.000599766639426558    0.000000000000000000    -0.003318594446301087    -0.006466683898733762    0.000000000000000000
3.355    0.000210602166627761    -0.000569840298539237    0.000000000000000000    -0.005815852917895759    -0.009290555261190665    0.000000000000000000
3.360    0.000266121447560668    -0.000540146221533446    0.000000000000000000    -0.008094408412951618    -0.012437991251312494    0.000000000000000000
3.365    0.000321438368283251    -0.000510763094308938    0.000000000000000000    -0.010407958622425401    -0.015816114956228658    0.000000000000000000
3.370    0.000376495090040273    -0.000481775369958335    0.000000000000000000    -0.012507785596346799    -0.019397663059681804    0.000000000000000000
3.375    0.000431239117157387    -0.000453272587184225    0.000000000000000000    -0.014271713459637018    -0.023084570124445088    0.000000000000000000
3.380    0.000485626351438010    -0.000425346918663225    0.000000000000000000    -0.015762481954395557    -0.026892514528886226    0.000000000000000000
3.385    0.000539619523669772    -0.000398093563005448    0.000000000000000000    -0.017156972015252517    -0.030768328114897693    0.000000000000000000
3.390    0.000593183771601154    -0.000371609415550543    0.000000000000000000    -0.018565506990741824    -0.034829714734773642    0.000000000000000000
3.395    0.000646283881857767    -0.000345996010964007    0.000000000000000000    -0.020149053950699498    -0.039146045157430628    0.000000000000000000
3.400    0.000698880265765613    -0.000321361257506408    0.000000000000000000    -0.021715918286208634    -0.043014188717946288    0.000000000000000000
3.405    0.000750933751716303    -0.000297801858766757    0.000000000000000000    -0.023143405633047759    -0.047035787265783773    0.000000000000000000
3.410    0.000802408652526167    -0.000275418354708750    0.000000000000000000    -0.024066836626364212    -0.050888271978803863    0.000000000000000000
3.415    0.000853281882420372    -0.000254307057450214    0.000000000000000000    -0.024628770421350477    -0.054426110876150055    0.000000000000000000
3.420    0.000903539393054043    -0.000234556412963581    0.000000000000000000    -0.025181896712127283    -0.057564561850693106    0.000000000000000000
3.425    0.000953167356269911    -0.000216244882523216    0.000000000000000000    -0.025467272591604175    -0.060013559445590364    0.000000000000000000
3.430    0.001002158637670989    -0.000199433691068990    0.000000000000000000    -0.025793632428801685    -0.062069450298495421    0.000000000000000000
3.435    0.001050505078261347    -0.000184174235872227    0.000000000000000000    -0.026190922673948250    -0.063696163059363986    0.000000000000000000
3.440    0.001098196745784856    -0.000170507184751948    0.000000000000000000    -0.026165073051470991    -0.064613301150361416    0.000000000000000000
3.445    0.001145234286482079    -0.000158455466160428    0.000000000000000000    -0.026168298879721344    -0.064581524491222120    0.000000000000000000
3.450    0.001191617619707308    -0.000148018285681188    0.000000000000000000    -0.026162367720980115    -0.063836769217489028    0.000000000000000000
3.455    0.001237346893739513    -0.000139177024432386    0.000000000000000000    -0.025383282362418519    -0.062328849846708362    0.000000000000000000
3.460    0.001282441585712658    -0.000131893984429751    0.000000000000000000    -0.024374005765321130    -0.059598614876670529    0.000000000000000000
3.465    0.001326926927541669    -0.000126100909799034    0.000000000000000000    -0.023027750118325210    -0.055987945373391294    0.000000000000000000
3.470    0.001370836575617722    -0.000121707533802651    0.000000000000000000    -0.021471274213001601    -0.051642859308588439    0.000000000000000000
3.475    0.001414209441838451    -0.000118605229288982    0.000000000000000000    -0.019724151460306580    -0.046855979745369522    0.000000000000000000
3.480    0.001457089204272671    -0.000116674324268948    0.000000000000000000    -0.018044842089092947    -0.041607130577996150    0.000000000000000000
3.485    0.001499517845654664    -0.000115783597513364    0.000000000000000000    -0.016263991456247698    -0.035429435612646450    0.000000000000000000
3.490    0.001541539887250252    -0.000115778606648096    0.000000000000000000    -0.014632865542154108    -0.028673984899535300    0.000000000000000000
3.495    0.001583196107207285    -0.000116490465405316    0.000000000000000000    -0.013744185084554883    -0.021635886805418801    0.000000000000000000
3.500    0.001624508722537204    -0.000117743221332672    0.000000000000000000    -0.012760643824097015    -0.014167587202543359    0.000000000000000000
3.505    0.001665502321771521    -0.000119350166940092    0.000000000000000000    -0.011829121914115615    -0.006737562763600843    0.000000000000000000
3.510    0.001706200192957985    -0.000121125551616601    0.000000000000000000    -0.011086407593020528    0.000645737885534865    0.000000000000000000
3.515    0.001746620903954624    -0.000122884792845972    0.000000000000000000    -0.010271066354294520    0.008072097798094303    0.000000000000000000
3.520    0.001786784838292405    -0.000124442231630391    0.000000000000000000    -0.009078257439199336    0.015211734787265972    0.000000000000000000
3.525    0.001826721816194206    -0.000125619377045128    0.000000000000000000    -0.008216712454461872    0.022398276936497468    0.000000000000000000
3.530    0.001866453376284645    -0.000126236565536453    0.000000000000000000    -0.007466106258079835    0.029472492476757730    0.000000000000000000
3.535    0.001905998283718633    -0.000126116941715858    0.000000000000000000    -0.006934575401363816    0.035896265941411792    0.000000000000000000
3.540    0.001945369826767587    -0.000125099911246729    0.000000000000000000    -0.006624948710731715    0.041380696289396515    0.000000000000000000
3.545    0.001984575746098772    -0.000123048363370364    0.000000000000000000    -0.006441010251935844    0.045648689699200870    0.000000000000000000
3.550    0.002023620640173659    -0.000119855598251520    0.000000000000000000    -0.006595461888962706    0.048735511168925383    0.000000000000000000
3.555    0.002062500647701321    -0.000115444445353452    0.000000000000000000    -0.007125676549663701    0.050148910466404059    0.000000000000000000
3.560    0.002101202513315243    -0.000109779569693724    0.000000000000000000    -0.008185501808172235    0.050132385048787705    0.000000000000000000
3.565    0.002139699741383960    -0.000102861384407777    0.000000000000000000    -0.009086824703206930    0.048831516090749719    0.000000000000000000
3.570    0.002177969798835096    -0.000094722411219561    0.000000000000000000    -0.009805117594068047    0.046696911467322987    0.000000000000000000
3.575    0.002215994728346381    -0.000085416015244661    0.000000000000000000    -0.010740358340165235    0.044095915299241416    0.000000000000000000
3.580    0.002253751148899162    -0.000075007221387281    0.000000000000000000    -0.011916932517574280    0.041178005703422657    0.000000000000000000
3.585    0.002291209646139004    -0.000063568977387315    0.000000000000000000    -0.013122411642654819    0.038226959372352536    0.000000000000000000
3.590    0.002328340083087779    -0.000051175059403040    0.000000000000000000    -0.014217651935245768    0.035045352363860138    0.000000000000000000
3.595    0.002365115078738173    -0.000037905007609669    0.000000000000000000    -0.015476628632514478    0.031792106237783377    0.000000000000000000
3.600    0.002401503158672754    -0.000023840153160353    0.000000000000000000    -0.016935843663336281    0.028556103238773053    0.000000000000000000
3.605    0.002437467842515752    -0.000009061396130068    0.000000000000000000    -0.018728111103438055    0.025766747815022778    0.000000000000000000
3.610    0.002472964323581163    0.000006361529595592    0.000000000000000000    -0.020432542556011318    0.023424809860393466    0.000000000000000000
3.615    0.002507949991082675    0.000022370075567763    0.000000000000000000    -0.022667720180266637    0.021548720931156756    0.000000000000000000
3.620    0.002542368965579680    0.000038917339563212    0.000000000000000000    -0.024526432273463961    0.019998384700114450    0.000000000000000000
3.625    0.002576174779269848    0.000055964563176165    0.000000000000000000    -0.026373291199151272    0.018338694823559269    0.000000000000000000
3.630    0.002609321260680037    0.000073470254159706    0.000000000000000000    -0.027722006660426540    0.016556196297365010    0.000000000000000000
3.635    0.002641774691923716    0.000091389850050681    0.000000000000000000    -0.028982966725054488    0.014946184006178189    0.000000000000000000
3.640    0.002673503548999269    0.000109683100541811    0.000000000000000000    -0.029710819788569126    0.013187995282565789    0.000000000000000000
3.645    0.002704489635580107    0.000128306050915005    0.000000000000000000    -0.030293899629576376    0.011617602115264990    0.000000000000000000
3.650    0.002734718374670206    0.000147219441341081    0.000000000000000000    -0.030359602177683354    0.009941248280421469    0.000000000000000000
3.655    0.002764188123705862    0.000166381362974167    0.000000000000000000    -0.029698459711718223    0.008366892584901709    0.000000000000000000
3.660    0.002792915411248726    0.000185752456921876    0.000000000000000000    -0.029296238540539588    0.007025520234131945    0.000000000000000000
3.665    0.002820910292828076    0.000205299188875438    0.000000000000000000    -0.028828191516224594    0.005988936996127779    0.000000000000000000
3.670    0.002848184469619521    0.000224995644253903    0.000000000000000000    -0.028342393431340235    0.005327151789388850    0.000000000000000000
3.675    0.002874750086575182    0.000244825278427103    0.000000000000000000    -0.028241594704526973    0.005086810712553579    0.000000000000000000
3.680    0.002900609663663230    0.000264782082868117    0.000000000000000000    -0.027928398735107413    0.005420048562845056    0.000000000000000000
3.685    0.002925771030782900    0.000284874388523201    0.000000000000000000    -0.027529521190276796    0.005898817620039656    0.000000000000000000
3.690    0.002950244159872814    0.000305114164618787    0.000000000000000000    -0.027011406642102331    0.006542885895841934    0.000000000000000000
3.695    0.002974042003796674    0.000325517512861769    0.000000000000000000    -0.026310586924271212    0.007340648312185831    0.000000000000000000
3.700    0.002997182083047428    0.000346104377312556    0.000000000000000000    -0.025286944469911365    0.008016441465220729    0.000000000000000000
3.705    0.003019689988686435    0.000366891652799973    0.000000000000000000    -0.024151901685323662    0.008298546190711915    0.000000000000000000
3.710    0.003041594096783308    0.000387886391942158    0.000000000000000000    -0.022851942591099739    0.008358448785588529    0.000000000000000000
3.715    0.003062926906315403    0.000409090092303982    0.000000000000000000    -0.021574368438970204    0.008301750973277542    0.000000000000000000
3.720    0.003083720356636525    0.000430501336440139    0.000000000000000000    -0.020327665032297132    0.007876043565577771    0.000000000000000000
3.725    0.003104005615331839    0.000452109481665435    0.000000000000000000    -0.018946402303050836    0.007191019676241681    0.000000000000000000
3.730    0.003123817213969577    0.000473897402382637    0.000000000000000000    -0.017682364387879013    0.006595238166320731    0.000000000000000000
3.735    0.003143186753497617    0.000495850204053997    0.000000000000000000    -0.016354893006935434    0.005876340282476820    0.000000000000000000
3.740    0.003162147420700485    0.000517949914232419    0.000000000000000000    -0.015155371323929273    0.005103214445432991    0.000000000000000000
3.745    0.003180729203620254    0.000540177204771977    0.000000000000000000    -0.014163651068654914    0.004584067216139090    0.000000000000000000
3.750    0.003198956895263306    0.000562519096991938    0.000000000000000000    -0.013235696487874649    0.004279377651484131    0.000000000000000000
3.755    0.003216853694494162    0.000584967973653186    0.000000000000000000    -0.012597159967566579    0.004262820863798478    0.000000000000000000
3.760    0.003234435564725829    0.000607523420836030    0.000000000000000000    -0.012155493893540453    0.004236170324809288    0.000000000000000000
3.765    0.003251713547610157    0.000630184772276993    0.000000000000000000    -0.011470184780731918    0.004164275438523629    0.000000000000000000
3.770    0.003268704775874967    0.000652950230603920    0.000000000000000000    -0.011582010705241813    0.004303058249634922    0.000000000000000000
3.775    0.003285406453872146    0.000675823265387087    0.000000000000000000    -0.011954196087269470    0.004705183153405450    0.000000000000000000
3.780    0.003301809276967143    0.000698813929749090    0.000000000000000000    -0.012127594262029140    0.004872556532004024    0.000000000000000000
3.785    0.003317908910205589    0.000721926408024393    0.000000000000000000    -0.012785352677541217    0.005126593787051041    0.000000000000000000
3.790    0.003333688909627097    0.000745167051144372    0.000000000000000000    -0.013465511331297447    0.005578574242908439    0.000000000000000000
3.795    0.003349132271265323    0.000768547158620424    0.000000000000000000    -0.014086026611914021    0.006161486345141430    0.000000000000000000
3.800    0.003364223482238250    0.000792081303255104    0.000000000000000000    -0.014981247443337370    0.006670373081502610    0.000000000000000000
3.805    0.003378940162025094    0.000815782207216822    0.000000000000000000    -0.015664732983949881    0.007076336213649760    0.000000000000000000
3.810    0.003393265223487340    0.000839660019583881    0.000000000000000000    -0.015729671242054044    0.007789836170787358    0.000000000000000000
3.815    0.003407197043168534    0.000863732577855210    0.000000000000000000    -0.015973112347991009    0.008450852678441867    0.000000000000000000
3.820    0.003420729535041028    0.000888016407443499    0.000000000000000000    -0.016199884431168654    0.009217838030702724    0.000000000000000000
3.825    0.003433857029802743    0.000912530682982557    0.000000000000000000    -0.016023524066870187    0.009952367286455294    0.000000000000000000
3.830    0.003446583936462786    0.000937293767703776    0.000000000000000000    -0.015664081473264202    0.010686246815680943    0.000000000000000000
3.835    0.003458919241085998    0.000962324008595386    0.000000000000000000    -0.015866264914416589    0.011745425074257548    0.000000000000000000
3.840    0.003470857889086349    0.000987647885113854    0.000000000000000000    -0.016092336119245820    0.012626406925833264    0.000000000000000000
3.845    0.003482394228683719    0.001013287421805467    0.000000000000000000    -0.015679975243140798    0.013364591104157025    0.000000000000000000
3.850    0.003493538568900011    0.001039261073274684    0.000000000000000000    -0.015296024406148689    0.014133775642433469    0.000000000000000000
3.855    0.003504300508506149    0.001065588069134962    0.000000000000000000    -0.014830204838923999    0.014623497082760437    0.000000000000000000
3.860    0.003514691692991314    0.001092280652422308    0.000000000000000000    -0.014586578431213110    0.014931366125649909    0.000000000000000000
3.865    0.003524718213015698    0.001119346519862796    0.000000000000000000    -0.014061579477267494    0.015001247770140072    0.000000000000000000
3.870    0.003534393193553151    0.001146787418497538    0.000000000000000000    -0.013348043278564592    0.014812927437999127    0.000000000000000000
3.875    0.003543734473008639    0.001174598640318230    0.000000000000000000    -0.012750530665860821    0.014394744579041691    0.000000000000000000
3.880    0.003552756989197482    0.001202769730753397    0.000000000000000000    -0.012343508815158138    0.013672785180883149    0.000000000000000000
3.885    0.003561470917665945    0.001231282640818087    0.000000000000000000    -0.012179425486810030    0.012470176697842658    0.000000000000000000
3.890    0.003569880360497238    0.001260107305300223    0.000000000000000000    -0.012192326001598391    0.011381856662136605    0.000000000000000000
3.895    0.003577984995178491    0.001289216516198912    0.000000000000000000    -0.012525416274097867    0.009951858564258981    0.000000000000000000
3.900    0.003585776494452891    0.001318574523561708    0.000000000000000000    -0.013071777017793773    0.008480699491067445    0.000000000000000000
3.905    0.003593241199301847    0.001348144548411780    0.000000000000000000    -0.013846166839574792    0.007140257530227276    0.000000000000000000
3.910    0.003600359749979813    0.001377893079700108    0.000000000000000000    -0.014827496621402231    0.005756052271557732    0.000000000000000000
3.915    0.003607107613242244    0.001407785512295225    0.000000000000000000    -0.015264549338266792    0.004436694818095444    0.000000000000000000
3.920    0.003613473862771219    0.001437788862260794    0.000000000000000000    -0.015836565283398191    0.003494125417882396    0.000000000000000000
3.925    0.003619444198168109    0.001467879565361811    0.000000000000000000    -0.016350253008758087    0.002518432637866469    0.000000000000000000
3.930    0.003625005777239779    0.001498033229278774    0.000000000000000000    -0.016424794398815085    0.001039499405979666    0.000000000000000000
3.935    0.003630156736451479    0.001528212880680886    0.000000000000000000    -0.016721261463306658    -0.000746327241491970    0.000000000000000000
3.940    0.003634889664126597    0.001558373873901961    0.000000000000000000    -0.016872770478917887    -0.002735992930729195    0.000000000000000000
3.945    0.003639200772539742    0.001588466467299769    0.000000000000000000    -0.016819991676859936    -0.005117577016834282    0.000000000000000000
3.950    0.003643091381160965    0.001618431121272155    0.000000000000000000    -0.016491461844805877    -0.007430444223729959    0.000000000000000000
3.955    0.003646569703236068    0.001648210014138948    0.000000000000000000    -0.016087556138494330    -0.009433285876585956    0.000000000000000000
3.960    0.003649645836407709    0.001677753074858826    0.000000000000000000    -0.015388403438627851    -0.011420671093198206    0.000000000000000000
3.965    0.003652337259493384    0.001707010618801374    0.000000000000000000    -0.015017671165188512    -0.012778566701055621    0.000000000000000000
3.970    0.003654653240799929    0.001735948698576396    0.000000000000000000    -0.014818423049404311    -0.013569814517923329    0.000000000000000000
3.975    0.003656598761530239    0.001764547532988470    0.000000000000000000    -0.014878807933736693    -0.014099059841860689    0.000000000000000000
3.980    0.003658172312062206    0.001792793890904497    0.000000000000000000    -0.015347498287278383    -0.014564846116020894    0.000000000000000000
3.985    0.003659362175136991    0.001820676127667624    0.000000000000000000    -0.015413692744468271    -0.014773537154160604    0.000000000000000000
3.990    0.003660166695893164    0.001848189026001897    0.000000000000000000    -0.015454538585552707    -0.015020903942914582    0.000000000000000000
3.995    0.003660584853184698    0.001875326401737597    0.000000000000000000    -0.015651302193060712    -0.015265698442932379    0.000000000000000000
4.000    0.003660611727921406    0.001902082135012223    0.000000000000000000    -0.016461940818713466    -0.015520130035445723    0.000000000000000000
4.005    0.003660227054137646    0.001928449865035964    0.000000000000000000    -0.016948623324398310    -0.016051789175127590    0.000000000000000000
4.010    0.003659418664770776    0.001954416300330326    0.000000000000000000    -0.017248689263473643    -0.016847729626696256    0.000000000000000000
4.015    0.003658179058172319    0.001979961542384021    0.000000000000000000    -0.018143557474238625    -0.017522039092478237    0.000000000000000000
4.020    0.003656485862637006    0.002005068733460404    0.000000000000000000    -0.019383812311091209    -0.018330230711800788    0.000000000000000000
4.025    0.003654308071793916    0.002029717668768992    0.000000000000000000    -0.020449608010477544    -0.019453760528465730    0.000000000000000000
4.030    0.003651619040750564    0.002053880260064368    0.000000000000000000    -0.021686779101953019    -0.020627236844358854    0.000000000000000000
4.035    0.003648387840229663    0.002077527170438635    0.000000000000000000    -0.023024241006652096    -0.021738907352488596    0.000000000000000000
4.040    0.003644581033683595    0.002100630608129091    0.000000000000000000    -0.024434316629202285    -0.023246636689285699    0.000000000000000000
4.045    0.003640163369221798    0.002123152879902313    0.000000000000000000    -0.025453186465913824    -0.024588984993585694    0.000000000000000000
4.050    0.003635109375098353    0.002145060427050697    0.000000000000000000    -0.026236246933111773    -0.025441990111115670    0.000000000000000000
4.055    0.003629399474801580    0.002166331924446302    0.000000000000000000    -0.027001822991909452    -0.026239411912813704    0.000000000000000000
4.060    0.003623014528930010    0.002186947436544087    0.000000000000000000    -0.027323390530131775    -0.027016844764797543    0.000000000000000000
4.065    0.003615946498295186    0.002206887527522752    0.000000000000000000    -0.027392061313167432    -0.027387417575255868    0.000000000000000000
4.070    0.003608193666127532    0.002226142933062036    0.000000000000000000    -0.027618444190784935    -0.027581430477041646    0.000000000000000000
4.075    0.003599750372855110    0.002244708802839394    0.000000000000000000    -0.027688800286022885    -0.027627343420471434    0.000000000000000000
4.080    0.003590614859575536    0.002262583989031240    0.000000000000000000    -0.027773158386475844    -0.027595100521773247    0.000000000000000000
4.085    0.003580785017336301    0.002279769297710041    0.000000000000000000    -0.027732426472974053    -0.027418925437026898    0.000000000000000000
4.090    0.003570261864435242    0.002296269133252917    0.000000000000000000    -0.027884778728802517    -0.027098108774485652    0.000000000000000000
4.095    0.003559041592065962    0.002312091516076431    0.000000000000000000    -0.028200017166430530    -0.026646361219444942    0.000000000000000000
4.100    0.003547116319267522    0.002327247739869458    0.000000000000000000    -0.028043036888573958    -0.025998963557004318    0.000000000000000000
4.105    0.003534489970546867    0.002341753989573561    0.000000000000000000    -0.027501122398954775    -0.025615914268119211    0.000000000000000000
4.110    0.003521176093766238    0.002355619841420960    0.000000000000000000    -0.027336319629572142    -0.024941218134642840    0.000000000000000000
4.115    0.003507178808994870    0.002368862162814994    0.000000000000000000    -0.026798980759436958    -0.023958769357415588    0.000000000000000000
4.120    0.003492511549704517    0.002381505514975092    0.000000000000000000    -0.026280932643105159    -0.023085496274749540    0.000000000000000000
4.125    0.003477187267098085    0.002393571729728321    0.000000000000000000    -0.026060259950728970    -0.022215010258199580    0.000000000000000000
4.130    0.003461211477992885    0.002405082569225096    0.000000000000000000    -0.025715911597442437    -0.021046966586970445    0.000000000000000000
4.135    0.003444592791097750    0.002416067234557196    0.000000000000000000    -0.025251778006905867    -0.019538154990908496    0.000000000000000000
4.140    0.003427342809752441    0.002426563446014523    0.000000000000000000    -0.025125142327289685    -0.017700878391958830    0.000000000000000000
4.145    0.003409464699848951    0.002436617135512052    0.000000000000000000    -0.025347769065514614    -0.016075337531864381    0.000000000000000000
4.150    0.003390952895718822    0.002446268941571283    0.000000000000000000    -0.025628845028956293    -0.013990702893030421    0.000000000000000000
4.155    0.003371800370462970    0.002455570980058189    0.000000000000000000    -0.025670286269950660    -0.012058718002368185    0.000000000000000000
4.160    0.003352006088050368    0.002464571550595036    0.000000000000000000    -0.025594463631782582    -0.009951904181761811    0.000000000000000000
4.165    0.003331571944046973    0.002473323323527339    0.000000000000000000    -0.025536257486045988    -0.007554271613911812    0.000000000000000000
4.170    0.003310499393606426    0.002481886239669294    0.000000000000000000    -0.025216699225064781    -0.005229831448357036    0.000000000000000000
4.175    0.003288796425685252    0.002490318410025040    0.000000000000000000    -0.024818558645896271    -0.003002044640827706    0.000000000000000000
4.180    0.003266472993797931    0.002498675529264765    0.000000000000000000    -0.024327273921032760    -0.000720147930420578    0.000000000000000000
4.185    0.003243541380062585    0.002507014644806230    0.000000000000000000    -0.023725898508995119    0.001415644230694235    0.000000000000000000
4.190    0.003220016618864513    0.002515389151453462    0.000000000000000000    -0.022987751665849709    0.002958318871381510    0.000000000000000000
4.195    0.003195917163874795    0.002523837616072479    0.000000000000000000    -0.022363763664996761    0.004752287837746921    0.000000000000000000
4.200    0.003171258614793452    0.002532404887887440    0.000000000000000000    -0.021593924874642456    0.006021932348627274    0.000000000000000000
4.205    0.003146060217590244    0.002541122708011116    0.000000000000000000    -0.020701711600720762    0.006664471597916943    0.000000000000000000
4.210    0.003120344277597017    0.002550007139924740    0.000000000000000000    -0.019630248452792709    0.006867378263813312    0.000000000000000000
4.215    0.003094137581392470    0.002559063256294959    0.000000000000000000    -0.018892369564871281    0.006636513055074955    0.000000000000000000
4.220    0.003067458575948802    0.002568285285491555    0.000000000000000000    -0.018221406006841551    0.005855202643897245    0.000000000000000000
4.225    0.003040324035354962    0.002577653694754249    0.000000000000000000    -0.017760411535634041    0.004595816332168129    0.000000000000000000
4.230    0.003012745484472732    0.002587136999425247    0.000000000000000000    -0.017241035879574790    0.003137367042375938    0.000000000000000000
4.235    0.002984735907693512    0.002596698738272304    0.000000000000000000    -0.016659369601029067    0.001777269139583565    0.000000000000000000
4.240    0.002956309846674267    0.002606304908847851    0.000000000000000000    -0.016310813865973162    0.000288038555455034    0.000000000000000000
4.245    0.002927476015308372    0.002615918280387284    0.000000000000000000    -0.015997605693884170    -0.001690004289272434    0.000000000000000000
4.250    0.002898242243800130    0.002625489401819486    0.000000000000000000    -0.015510261651037471    -0.003857669725812474    0.000000000000000000
4.255    0.002868620715750612    0.002634964081508542    0.000000000000000000    -0.015071984257857690    -0.005987865172550622    0.000000000000000000
4.260    0.002838622388094648    0.002644289064568284    0.000000000000000000    -0.014981453125614136    -0.007590766798321047    0.000000000000000000
4.265    0.002808249524110543    0.002653424278458068    0.000000000000000000    -0.014805537015185471    -0.008995025249976946    0.000000000000000000
4.270    0.002777506521701059    0.002662334616716603    0.000000000000000000    -0.014475156398224137    -0.010285370989453202    0.000000000000000000
4.275    0.002746401640381619    0.002670987820700402    0.000000000000000000    -0.014284393021271602    -0.010780230151555964    0.000000000000000000
4.280    0.002714939649236647    0.002679371518930411    0.000000000000000000    -0.014216272599173324    -0.011010981272527309    0.000000000000000000
4.285    0.002683122251276697    0.002687479942628608    0.000000000000000000    -0.013726103015414270    -0.011027926080237060    0.000000000000000000
4.290    0.002650961700741360    0.002695312668174799    0.000000000000000000    -0.013082138097947338    -0.010688097866404234    0.000000000000000000
4.295    0.002618474096753575    0.002702878191274329    0.000000000000000000    -0.012946324103573631    -0.009949211130337587    0.000000000000000000
4.300    0.002585662834663201    0.002710194984095601    0.000000000000000000    -0.012165109888311737    -0.009007556273470108    0.000000000000000000
4.305    0.002552547444825619    0.002717286588010036    0.000000000000000000    -0.011318254579586323    -0.007902738394325454    0.000000000000000000
4.310    0.002519149098623547    0.002724180623464613    0.000000000000000000    -0.010521137899042327    -0.006665291495434877    0.000000000000000000
4.315    0.002485487723973999    0.002730908026631805    0.000000000000000000    -0.010070139880233309    -0.005354035482567354    0.000000000000000000
4.320    0.002451574595827445    0.002737501578911932    0.000000000000000000    -0.009486251868074530    -0.003905930710968591    0.000000000000000000
4.325    0.002417424311384190    0.002743997482924285    0.000000000000000000    -0.008799608322753588    -0.002992090250269336    0.000000000000000000
4.330    0.002383054036732865    0.002750418584680381    0.000000000000000000    -0.008324890278191971    -0.002599525015072046    0.000000000000000000
4.335    0.002348475639824586    0.002756774698311100    0.000000000000000000    -0.007477384530319570    -0.002050779769509348    0.000000000000000000
4.340    0.002313710308303049    0.002763079542447582    0.000000000000000000    -0.006285546404784237    -0.001735600455056441    0.000000000000000000
4.345    0.002278787838121392    0.002769340996572687    0.000000000000000000    -0.005266425458921864    -0.001545346810447046    0.000000000000000000
4.350    0.002243733707303262    0.002775563817027531    0.000000000000000000    -0.004222005990477118    -0.001472936597551877    0.000000000000000000
4.355    0.002208574026335371    0.002781749814067436    0.000000000000000000    -0.003220463651622263    -0.001646230199676274    0.000000000000000000
4.360    0.002173333833776188    0.002787894655352349    0.000000000000000000    -0.002184376084058554    -0.002120031254177618    0.000000000000000000
4.365    0.002138039031814904    0.002793986495855908    0.000000000000000000    -0.001401202110867805    -0.002833894808089432    0.000000000000000000
4.370    0.002102709199800849    0.002800007488989265    0.000000000000000000    -0.000316598066235629    -0.003405449178796316    0.000000000000000000
4.375    0.002067371452835138    0.002805943345893151    0.000000000000000000    0.000427438922832868    -0.004076214917877324    0.000000000000000000
4.380    0.002032044391842497    0.002811777297424091    0.000000000000000000    0.001004727567532893    -0.004790871172919570    0.000000000000000000
4.385    0.001996742449039045    0.002817491477175708    0.000000000000000000    0.001500500330653409    -0.005251034715623992    0.000000000000000000
4.390    0.001961478018743859    0.002823074381059434    0.000000000000000000    0.001529690000431905    -0.005645505624703867    0.000000000000000000
4.395    0.001926251830698684    0.002828516147302543    0.000000000000000000    0.001753781263755250    -0.006064128014043879    0.000000000000000000
4.400    0.001891069487185102    0.002833806310345300    0.000000000000000000    0.002088508907474237    -0.006564304462861742    0.000000000000000000
4.405    0.001855939356394207    0.002838932365776486    0.000000000000000000    0.002387758502812171    -0.006893409692683428    0.000000000000000000
4.410    0.001820868919565883    0.002843886085965355    0.000000000000000000    0.002698486526869770    -0.007056270794683628    0.000000000000000000
4.415    0.001785865944900730    0.002848663399384357    0.000000000000000000    0.003520195560567652    -0.007177363093059663    0.000000000000000000
4.420    0.001750950975124591    0.002853261278726032    0.000000000000000000    0.004212623767778714    -0.007499295077810497    0.000000000000000000
4.425    0.001716141320942647    0.002857671675690762    0.000000000000000000    0.005060911781691255    -0.007667944723864506    0.000000000000000000
4.430    0.001681458189555245    0.002861890374037395    0.000000000000000000    0.006096156346833623    -0.007611948785526956    0.000000000000000000
4.435    0.001646927462076514    0.002865918773664391    0.000000000000000000    0.006509706093876105    -0.007759123802925788    0.000000000000000000
4.440    0.001612559477250130    0.002869753195196313    0.000000000000000000    0.007157151153125429    -0.007750649802188564    0.000000000000000000
4.445    0.001578370421202575    0.002873393850483180    0.000000000000000000    0.007466855027719876    -0.007574760671688607    0.000000000000000000
4.450    0.001544368036530712    0.002876845136753255    0.000000000000000000    0.007459743005516078    -0.007660159807316297    0.000000000000000000
4.455    0.001510552145433987    0.002880104919028148    0.000000000000000000    0.007511028255538510    -0.007626609590406092    0.000000000000000000
4.460    0.001476924030043650    0.002883174036063280    0.000000000000000000    0.007516460763376184    -0.007631311007630370    0.000000000000000000
4.465    0.001443483826172398    0.002886052370323221    0.000000000000000000    0.007698588221595123    -0.007751488104688897    0.000000000000000000
4.470    0.001410236087006686    0.002888736917380545    0.000000000000000000    0.007659587703719162    -0.007647332952824548    0.000000000000000000
4.475    0.001377179837533566    0.002891230281114049    0.000000000000000000    0.007523439586451172    -0.007835536876867055    0.000000000000000000
4.480    0.001344311674050108    0.002893527756425630    0.000000000000000000    0.007433848752272723    -0.007684920015835206    0.000000000000000000
4.485    0.001311629356785457    0.002895633108736816    0.000000000000000000    0.007164820977423672    -0.007541651099989694    0.000000000000000000
4.490    0.001279126160045241    0.002897549919770503    0.000000000000000000    0.006360389612856260    -0.007583910253058934    0.000000000000000000
4.495    0.001246781973045347    0.002899277133047862    0.000000000000000000    0.005592721916691801    -0.007260173792052182    0.000000000000000000
4.500    0.001214577604093370    0.002900822841980421    0.000000000000000000    0.004790138739153155    -0.007317739189327543    0.000000000000000000
4.505    0.001182492988609872    0.002902185607433246    0.000000000000000000    0.004302305909266099    -0.007573276967591525    0.000000000000000000
4.510    0.001150515930774106    0.002903359040961881    0.000000000000000000    0.003756700906396016    -0.008066907626128050    0.000000000000000000
4.515    0.001118632790460999    0.002904330801799864    0.000000000000000000    0.003371779010927223    -0.008642870985165613    0.000000000000000000
4.520    0.001086833944623166    0.002905086490863217    0.000000000000000000    0.002562398747135361    -0.009031125491505698    0.000000000000000000
4.525    0.001055099158754011    0.002905616401789282    0.000000000000000000    0.002089448754623996    -0.009442527771873210    0.000000000000000000
4.530    0.001023416609103722    0.002905910249521051    0.000000000000000000    0.002100636181017260    -0.010209996363953755    0.000000000000000000
4.535    0.000991786575357958    0.002905948847343721    0.000000000000000000    0.002123527482675303    -0.011473782452441073    0.000000000000000000
4.540    0.000960209629799261    0.002905700600605079    0.000000000000000000    0.002732313515631940    -0.013034739953926566    0.000000000000000000
4.545    0.000928700992078455    0.002905126485367590    0.000000000000000000    0.003341741541579464    -0.014079636954517083    0.000000000000000000
4.550    0.000897275897896188    0.002904200379206238    0.000000000000000000    0.004118012979599170    -0.015399418227621947    0.000000000000000000
4.555    0.000865953754038411    0.002902889287589195    0.000000000000000000    0.005275635974956623    -0.016982758738876003    0.000000000000000000
4.560    0.000834763501080009    0.002901153627003680    0.000000000000000000    0.006663652511863620    -0.018350801168475622    0.000000000000000000
4.565    0.000803739839434403    0.002898959196388953    0.000000000000000000    0.008213138890161495    -0.019344236116044383    0.000000000000000000
4.570    0.000772921506261051    0.002896281159871325    0.000000000000000000    0.009972447610035427    -0.020346451070733795    0.000000000000000000
4.575    0.000742352484277950    0.002893094462076929    0.000000000000000000    0.011791989105135181    -0.021258053384039938    0.000000000000000000
4.580    0.000712078262022477    0.002889376312947932    0.000000000000000000    0.013800193745432468    -0.021732610718614570    0.000000000000000000
4.585    0.000682149044610640    0.002885114848550970    0.000000000000000000    0.015408160279795254    -0.022137627875475768    0.000000000000000000
4.590    0.000652605031205798    0.002880299943457120    0.000000000000000000    0.016955037359768846    -0.022017279774893400    0.000000000000000000
4.595    0.000623484893734950    0.002874934606368899    0.000000000000000000    0.018351838209375824    -0.021623255063007302    0.000000000000000000
4.600    0.000594823552219337    0.002869028687904102    0.000000000000000000    0.019242117213387477    -0.020859653849913257    0.000000000000000000
4.605    0.000566643263634058    0.002862601278093057    0.000000000000000000    0.019905990069194780    -0.020080431396476278    0.000000000000000000
4.610    0.000538960624800509    0.002855671857497100    0.000000000000000000    0.020507787614116625    -0.019535273480166676    0.000000000000000000
4.615    0.000511790680657313    0.002848254055064140    0.000000000000000000    0.021168874115551871    -0.018586156053986697    0.000000000000000000
4.620    0.000485149958367006    0.002840371598729829    0.000000000000000000    0.021577197236448582    -0.017490583536922122    0.000000000000000000
4.625    0.000459048666007610    0.002832051877807096    0.000000000000000000    0.021955579917948883    -0.016788471989652443    0.000000000000000000
4.630    0.000433496263146162    0.002823312445084621    0.000000000000000000    0.022508907162534404    -0.016027383706856274    0.000000000000000000
4.635    0.000408506582963779    0.002814172327769475    0.000000000000000000    0.022981380953545662    -0.015236288137925047    0.000000000000000000
4.640    0.000384091437305233    0.002804651303250880    0.000000000000000000    0.023330288700476078    -0.015003625309945728    0.000000000000000000
4.645    0.000360259548864200    0.002794755188099537    0.000000000000000000    0.023352166947977499    -0.014810504590581641    0.000000000000000000
4.650    0.000337011464596866    0.002784488810333430    0.000000000000000000    0.023178960583724109    -0.014520905692906594    0.000000000000000000
4.655    0.000314342854344125    0.002773859409924999    0.000000000000000000    0.023318863956616788    -0.014587467011915184    0.000000000000000000
4.660    0.000292257215690300    0.002762865322841271    0.000000000000000000    0.022798976010167307    -0.014610768823749426    0.000000000000000000
4.665    0.000270741551436729    0.002751505966536949    0.000000000000000000    0.021958765428153025    -0.015160654681708324    0.000000000000000000
4.670    0.000249774856318861    0.002739767593865585    0.000000000000000000    0.021431364642047600    -0.016089478002117436    0.000000000000000000
4.675    0.000229343945317045    0.002727626984244167    0.000000000000000000    0.020871944337494917    -0.016839831455169735    0.000000000000000000
4.680    0.000209434832923666    0.002715065378836371    0.000000000000000000    0.019988641741111937    -0.017747226961489782    0.000000000000000000
4.685    0.000190025436573815    0.002702060092754537    0.000000000000000000    0.018813910865418584    -0.019010053455090908    0.000000000000000000
4.690    0.000171086387995600    0.002688579555336326    0.000000000000000000    0.017608025672029726    -0.020566758899484561    0.000000000000000000
4.695    0.000152587540059185    0.002674584848945627    0.000000000000000000    0.016077773927191404    -0.022302734339132990    0.000000000000000000
4.700    0.000134490636470950    0.002660032574196450    0.000000000000000000    0.014466829584512935    -0.023650135672539235    0.000000000000000000
4.705    0.000116755403622328    0.002644889046055460    0.000000000000000000    0.012841053437064650    -0.025186887869076829    0.000000000000000000
4.710    0.000099341197109632    0.002629115845717743    0.000000000000000000    0.010708198433568737    -0.026773657131988482    0.000000000000000000
4.715    0.000082194695557776    0.002612673303951726    0.000000000000000000    0.008381597211766815    -0.028168406316416567    0.000000000000000000
4.720    0.000065257733936213    0.002595526552027799    0.000000000000000000    0.005996962836118209    -0.029832650903227620    0.000000000000000000
4.725    0.000048470696385554    0.002577633983831291    0.000000000000000000    0.003365888987301056    -0.031639483216733960    0.000000000000000000
4.730    0.000031767806059577    0.002558950428554365    0.000000000000000000    0.001068143254222406    -0.033628074260789315    0.000000000000000000
4.735    0.000015091619314956    0.002539426171420919    0.000000000000000000    -0.000871224558654765    -0.035643533388279858    0.000000000000000000
4.740    -0.000001606348043631    0.002519010825952766    0.000000000000000000    -0.002754079007674705    -0.037654086403413750    0.000000000000000000
4.745    -0.000018373167377411    0.002497654128324528    0.000000000000000000    -0.004651135206094266    -0.039434284334356057    0.000000000000000000
4.750    -0.000035256265091343    0.002475311573587931    0.000000000000000000    -0.006303367457377253    -0.040677005733614352    0.000000000000000000
4.755    -0.000052296946991709    0.002451952093707993    0.000000000000000000    -0.007464822072467169    -0.041606906767879120    0.000000000000000000
4.760    -0.000069524249443887    0.002427552441158858    0.000000000000000000    -0.008628213801822599    -0.042533389684983047    0.000000000000000000
4.765    -0.000086967257241110    0.002402089453867599    0.000000000000000000    -0.009694444216816629    -0.042882414422237142    0.000000000000000000
4.770    -0.000104652626143754    0.002375554406215784    0.000000000000000000    -0.010464416407401899    -0.042923039407782859    0.000000000000000000
4.775    -0.000122599605456583    0.002347946282578775    0.000000000000000000    -0.011069812818519575    -0.042936080226659012    0.000000000000000000
4.780    -0.000140823330089875    0.002319264756936099    0.000000000000000000    -0.011439476535616330    -0.042678537687454443    0.000000000000000000
4.785    -0.000159333041636557    0.002289516267851236    0.000000000000000000    -0.011020333204188023    -0.042110881703482511    0.000000000000000000
4.790    -0.000178118261513344    0.002258715006723787    0.000000000000000000    -0.010552146467121028    -0.041341188811855334    0.000000000000000000
4.795    -0.000197167285051809    0.002226880215876041    0.000000000000000000    -0.009763096908675401    -0.040547904304050197    0.000000000000000000
4.800    -0.000216460386012991    0.002194031727420693    0.000000000000000000    -0.008373222083250765    -0.039569238380002952    0.000000000000000000
4.805    -0.000235962817526255    0.002160194008005846    0.000000000000000000    -0.007104649608221346    -0.038338241455694588    0.000000000000000000
4.810    -0.000255642865279723    0.002125397832554607    0.000000000000000000    -0.006171563540284227    -0.037110925781673465    0.000000000000000000
4.815    -0.000275477202121699    0.002089673883958825    0.000000000000000000    -0.005067356832013682    -0.035526337332121571    0.000000000000000000
4.820    -0.000295438222884475    0.002053061776929741    0.000000000000000000    -0.003834668048919004    -0.033646566433738478    0.000000000000000000
4.825    -0.000315495110348475    0.002015608505739813    0.000000000000000000    -0.002687681038941736    -0.031635278212160250    0.000000000000000000
4.830    -0.000335619189838447    0.001977364352594581    0.000000000000000000    -0.001385976629074501    -0.029092250496774025    0.000000000000000000
4.835    -0.000355777918744147    0.001938392893186929    0.000000000000000000    -0.000629954274261428    -0.026064397686334506    0.000000000000000000
4.840    -0.000375952396506703    0.001898769823837119    0.000000000000000000    -0.000006470672580649    -0.022848517428298784    0.000000000000000000
4.845    -0.000396127036036074    0.001858575541551602    0.000000000000000000    0.000773308758720767    -0.019252328895885337    0.000000000000000000
4.850    -0.000416282342846476    0.001817899951043687    0.000000000000000000    0.001167608948623999    -0.015379018529042277    0.000000000000000000
4.855    -0.000436408459433163    0.001776839885072546    0.000000000000000000    0.001300366554133920    -0.011761672460116127    0.000000000000000000
4.860    -0.000456502066855997    0.001735485777289903    0.000000000000000000    0.000942745355268695    -0.008441992403436863    0.000000000000000000
4.865    -0.000476572105644949    0.001693920619697173    0.000000000000000000    0.000414891800609284    -0.005283187785552756    0.000000000000000000
4.870    -0.000496631772138885    0.001652223382409805    0.000000000000000000    0.000373812331130440    -0.002277572591514315    0.000000000000000000
4.875    -0.000516682093324544    0.001610469205807648    0.000000000000000000    0.000387128599862660    0.000129124547946363    0.000000000000000000
4.880    -0.000536722736295206    0.001568718257319191    0.000000000000000000    0.000403925415832021    0.002271452075718744    0.000000000000000000
4.885    -0.000556753281130472    0.001527024095132626    0.000000000000000000    0.000460296073656781    0.004744402066310036    0.000000000000000000
4.890    -0.000576772318563897    0.001485448542997719    0.000000000000000000    0.000192238772821381    0.007173716946124939    0.000000000000000000
4.895    -0.000596786550028001    0.001444052333786465    0.000000000000000000    -0.000024926484279431    0.009751511680627239    0.000000000000000000
4.900    -0.000616801404654212    0.001402899912367227    0.000000000000000000    -0.000219824354752082    0.012661312646126618    0.000000000000000000
4.905    -0.000636821754889292    0.001362064023764142    0.000000000000000000    -0.000316422531241103    0.015081775832856414    0.000000000000000000
4.910    -0.000656850015687653    0.001321605179556879    0.000000000000000000    -0.000147591655611477    0.017093437782739890    0.000000000000000000
4.915    -0.000676881966277404    0.001281573671294184    0.000000000000000000    0.000307558739457217    0.018450871358578758    0.000000000000000000
4.920    -0.000696906227898669    0.001242003434815453    0.000000000000000000    0.000446896551891188    0.019407521861820182    0.000000000000000000
4.925    -0.000716919317106136    0.001202918386383268    0.000000000000000000    0.000620407763318558    0.019882915295553472    0.000000000000000000
4.930    -0.000736916896119521    0.001164330410833472    0.000000000000000000    0.001136891445490881    0.019825782451073776    0.000000000000000000
4.935    -0.000756886052846768    0.001126238079844953    0.000000000000000000    0.001199586255576542    0.019168287373879864    0.000000000000000000
4.940    -0.000776825219917626    0.001088624956040780    0.000000000000000000    0.001047201895428874    0.017862044077400149    0.000000000000000000
4.945    -0.000796738206941098    0.001051458383338543    0.000000000000000000    0.001189730985456591    0.016556882469044923    0.000000000000000000
4.950    -0.000816621450689934    0.001014705732698032    0.000000000000000000    0.001181018502130655    0.014791233569734843    0.000000000000000000
4.955    -0.000836475168976216    0.000978322862896764    0.000000000000000000    0.001411748407191028    0.012848115502946816    0.000000000000000000
4.960    -0.000856293593552319    0.000942261195983070    0.000000000000000000    0.001991180405380537    0.011254306245432263    0.000000000000000000
4.965    -0.000876062238618287    0.000906480886725512    0.000000000000000000    0.002166319682372214    0.009620657374065887    0.000000000000000000
4.970    -0.000895776725692196    0.000870941093902305    0.000000000000000000    0.002352993093493461    0.008129740234211549    0.000000000000000000
4.975    -0.000915432387938767    0.000835604544584954    0.000000000000000000    0.002122065507399219    0.007189718950573014    0.000000000000000000
4.980    -0.000935034998547654    0.000800447738241367    0.000000000000000000    0.002066505968628327    0.006664706129681612    0.000000000000000000
4.985    -0.000954585946507325    0.000765457549551022    0.000000000000000000    0.002482641404547362    0.006576802885020078    0.000000000000000000
4.990    -0.000974074828431882    0.000730631780932803    0.000000000000000000    0.002607625783353044    0.007054343718680516    0.000000000000000000
4.995    -0.000993498519711855    0.000695982370907551    0.000000000000000000    0.002992769639765386    0.007603093779254451    0.000000000000000000
5.000    -0.001012847391750835    0.000661523038226780    0.000000000000000000    0.003716580031344965    0.008300141061011110    0.000000000000000000
5.005    -0.001032103349289030    0.000627271209072534    0.000000000000000000    0.004197798019970472    0.009076333181839980    0.000000000000000000
5.010    -0.001051254361876726    0.000593246288247834    0.000000000000000000    0.004857305035107021    0.009872581100069285    0.000000000000000000
5.015    -0.001070283941838545    0.000559468181950636    0.000000000000000000    0.005481324563995360    0.010653711851691533    0.000000000000000000
5.020    -0.001089176488686264    0.000525956418449731    0.000000000000000000    0.006552675930159013    0.011759785847023814    0.000000000000000000
5.025    -0.001107905218635729    0.000492738649595000    0.000000000000000000    0.007395609466229539    0.012661341257233158    0.000000000000000000
5.030    -0.001126449058348538    0.000459837414271701    0.000000000000000000    0.008542753775590828    0.013536534543348577    0.000000000000000000
5.035    -0.001144779329216957    0.000427274592311986    0.000000000000000000    0.009875166996388407    0.014744502748104994    0.000000000000000000
5.040    -0.001162862720910466    0.000395080382920973    0.000000000000000000    0.011354471115051362    0.015537154951597056    0.000000000000000000
5.045    -0.001180662250826100    0.000363274602403750    0.000000000000000000    0.012666454913753955    0.016242584995552947    0.000000000000000000
5.050    -0.001198145119368889    0.000331874886511416    0.000000000000000000    0.013953257395121418    0.016834315970206456    0.000000000000000000
5.055    -0.001215279156476801    0.000300896028518337    0.000000000000000000    0.015032392746373510    0.017212166716221514    0.000000000000000000
5.060    -0.001232037383766053    0.000270347474693163    0.000000000000000000    0.015909467654335110    0.017687675013039125    0.000000000000000000
5.065    -0.001248397874363946    0.000240241112743316    0.000000000000000000    0.016281002037533271    0.018108555586385678    0.000000000000000000
5.070    -0.001264351339910902    0.000210587464683128    0.000000000000000000    0.016790431107468334    0.018455441958582914    0.000000000000000000
5.075    -0.001279885044680170    0.000181395202671905    0.000000000000000000    0.017641459555970199    0.018490424584726665    0.000000000000000000
5.080    -0.001294977712960540    0.000152665201275300    0.000000000000000000    0.017894979012552520    0.019062651822551475    0.000000000000000000
5.085    -0.001309623006765595    0.000124411766174259    0.000000000000000000    0.018341545070287360    0.019734794410204703    0.000000000000000000
5.090    -0.001323809761943894    0.000096651700933473    0.000000000000000000    0.018871910739022557    0.019927242768888204    0.000000000000000000
5.095    -0.001337524719353716    0.000069389816761909    0.000000000000000000    0.019276777571278561    0.019769888306148790    0.000000000000000000
5.100    -0.001350757757324257    0.000042622179797998    0.000000000000000000    0.019159771983889504    0.019520088471576501    0.000000000000000000
5.105    -0.001363511800995201    0.000016342545045878    0.000000000000000000    0.018635666581287916    0.018983146250640265    0.000000000000000000
5.110    -0.001375799953001612    -0.000009462511049977    0.000000000000000000    0.018286650766375853    0.018267808411149170    0.000000000000000000
5.115    -0.001387630938738864    -0.000034810871935553    0.000000000000000000    0.017820697332283919    0.017449189578509522    0.000000000000000000
5.120    -0.001399016407042809    -0.000059723003081667    0.000000000000000000    0.017312344234325303    0.016216324300843118    0.000000000000000000
5.125    -0.001409969066740896    -0.000084229726120259    0.000000000000000000    0.016981706403565097    0.015048548908336788    0.000000000000000000
5.130    -0.001420497183778894    -0.000108360235436143    0.000000000000000000    0.017194964492582912    0.013747909373828669    0.000000000000000000
5.135    -0.001430595426704577    -0.000132147047017681    0.000000000000000000    0.016885204407726326    0.012161064027150451    0.000000000000000000
5.140    -0.001440271539520067    -0.000155629831998540    0.000000000000000000    0.016763992880756279    0.010679988630533542    0.000000000000000000
5.145    -0.001449528552513538    -0.000178845617263636    0.000000000000000000    0.016594770082005092    0.009151707018251664    0.000000000000000000
5.150    -0.001458370696254959    -0.000201832609853276    0.000000000000000000    0.016779784318939409    0.007845994062340503    0.000000000000000000
5.155    -0.001466793345388406    -0.000224623452591357    0.000000000000000000    0.016809749304120061    0.006866382168519390    0.000000000000000000
5.160    -0.001474795750789251    -0.000247242635775225    0.000000000000000000    0.016760302054500548    0.005840896594661374    0.000000000000000000
5.165    -0.001482379148638732    -0.000269715796544227    0.000000000000000000    0.017059482858251471    0.005533294306051158    0.000000000000000000
5.170    -0.001489536059416758    -0.000292050624955577    0.000000000000000000    0.016798798998076195    0.005514425279915750    0.000000000000000000
5.175    -0.001496273000219832    -0.000314247592734930    0.000000000000000000    0.016600310686022343    0.005802513966934181    0.000000000000000000
5.180    -0.001502594933255755    -0.000336299497665109    0.000000000000000000    0.016472728096347117    0.006157160286443964    0.000000000000000000
5.185    -0.001508505048089269    -0.000358197473588127    0.000000000000000000    0.016204847295029842    0.006624145048362857    0.000000000000000000
5.190    -0.001514010041740408    -0.000379929845884936    0.000000000000000000    0.016110240772873596    0.007416914209446533    0.000000000000000000
5.195    -0.001519112279372225    -0.000401476795326509    0.000000000000000000    0.016139351005309971    0.008432543295120321    0.000000000000000000
5.200    -0.001523811033228909    -0.000422812931185704    0.000000000000000000    0.016105749736875646    0.009293781215273522    0.000000000000000000
5.205    -0.001528107143342171    -0.000443916722514517    0.000000000000000000    0.015943983310406223    0.010211554360717041    0.000000000000000000
5.210    -0.001532004653872673    -0.000464765224984312    0.000000000000000000    0.015724663006222786    0.011110226547171153    0.000000000000000000
5.215    -0.001535509047828020    -0.000485335971790428    0.000000000000000000    0.015441105446593884    0.011825377519991426    0.000000000000000000
5.220    -0.001538627414147202    -0.000505611084158544    0.000000000000000000    0.015025216255383500    0.012716390467421273    0.000000000000000000
5.225    -0.001541370150059999    -0.000525568286764974    0.000000000000000000    0.014419674016817943    0.013630351376075524    0.000000000000000000
5.230    -0.001543752394122375    -0.000545184730587003    0.000000000000000000    0.014067492515911287    0.014525500413365734    0.000000000000000000
5.235    -0.001545782950871854    -0.000564438036898697    0.000000000000000000    0.013699001702284844    0.015281069578780906    0.000000000000000000
5.240    -0.001547471032578776    -0.000583309316470922    0.000000000000000000    0.013244796407364465    0.015839098356602507    0.000000000000000000
5.245    -0.001548827994375514    -0.000601784618584232    0.000000000000000000    0.012434978354895765    0.016324126504412700    0.000000000000000000
5.250    -0.001549874081713379    -0.000619851817534932    0.000000000000000000    0.011650814850027932    0.016914851822414506    0.000000000000000000
5.255    -0.001550628898679993    -0.000637496145190071    0.000000000000000000    0.010827733322588129    0.017562452148730395    0.000000000000000000
5.260    -0.001551113022313543    -0.000654701411541492    0.000000000000000000    0.009811012070017056    0.018192794246372004    0.000000000000000000
5.265    -0.001551351870645343    -0.000671451858036753    0.000000000000000000    0.008981667935781257    0.018909689380808628    0.000000000000000000
5.270    -0.001551366177278747    -0.000687729562297495    0.000000000000000000    0.008588061745726933    0.019330927088123846    0.000000000000000000
5.275    -0.001551165782368509    -0.000703523993381033    0.000000000000000000    0.008315912957196012    0.019498191323758657    0.000000000000000000
5.280    -0.001550757489634341    -0.000718830969681477    0.000000000000000000    0.007574975677011181    0.019775063585711870    0.000000000000000000
5.285    -0.001550159822508247    -0.000733643569392279    0.000000000000000000    0.006714599449239925    0.019676052799726985    0.000000000000000000
5.290    -0.001549394290395923    -0.000747964267783087    0.000000000000000000    0.006005302112168515    0.019603552935706751    0.000000000000000000
5.295    -0.001548478625730794    -0.000761794877350503    0.000000000000000000    0.005251102713089290    0.019173201973674697    0.000000000000000000
5.300    -0.001547431683497838    -0.000775146156868577    0.000000000000000000    0.004187977967126666    0.018654146185128999    0.000000000000000000
5.305    -0.001546280041815704    -0.000788031082732022    0.000000000000000000    0.003288346728446898    0.018268832754002144    0.000000000000000000
5.310    -0.001545046191465359    -0.000800459287776618    0.000000000000000000    0.002511123693600681    0.017324221728764674    0.000000000000000000
5.315    -0.001543749563022674    -0.000812454387277994    0.000000000000000000    0.002092118151263492    0.016188595586548275    0.000000000000000000
5.320    -0.001542400631626207    -0.000824044771889707    0.000000000000000000    0.001467140917270696    0.015083597662973736    0.000000000000000000
5.325    -0.001541015021706808    -0.000835258066559845    0.000000000000000000    0.001102156325667042    0.013493194055175413    0.000000000000000000
5.330    -0.001539601857879268    -0.000846134031378604    0.000000000000000000    0.001067935993153205    0.011811354615831951    0.000000000000000000
5.335    -0.001538161995651899    -0.000856714712331967    0.000000000000000000    0.000950133452184629    0.010209267984630753    0.000000000000000000
5.340    -0.001536698380088225    -0.000867040161585715    0.000000000000000000    0.001117015593545684    0.008127896444195051    0.000000000000000000
5.345    -0.001535206839134713    -0.000877162413428357    0.000000000000000000    0.000924007237486021    0.005923429145576406    0.000000000000000000
5.350    -0.001533692198000263    -0.000887136579542361    0.000000000000000000    0.000657604441369614    0.003819968811399552    0.000000000000000000
5.355    -0.001532161116754779    -0.000897015246436079    0.000000000000000000    0.000584214909296610    0.001651172797105700    0.000000000000000000
5.360    -0.001530615430136563    -0.000906852634009869    0.000000000000000000    0.000663757255886174    -0.000603301001681975    0.000000000000000000
5.365    -0.001529053149586950    -0.000916705104108702    0.000000000000000000    0.000981358594057818    -0.002604248428021878    0.000000000000000000
5.370    -0.001527466335072485    -0.000926622680418235    0.000000000000000000    0.000939203022905927    -0.004592565072637431    0.000000000000000000
5.375    -0.001525856040482447    -0.000936655070854584    0.000000000000000000    0.000761454927028504    -0.006465856649236559    0.000000000000000000
5.380    -0.001524226709519234    -0.000946849107707164    0.000000000000000000    0.000555895240802670    -0.008190883392612466    0.000000000000000000
5.385    -0.001522583481175001    -0.000957247916644559    0.000000000000000000    0.000054116729222842    -0.009245472158340810    0.000000000000000000
5.390    -0.001520938899912537    -0.000967877862385913    0.000000000000000000    -0.000110891490660153    -0.009932797620749653    0.000000000000000000
5.395    -0.001519297090937340    -0.000978756128067785    0.000000000000000000    -0.000314303332180077    -0.010700373961874260    0.000000000000000000
5.400    -0.001517663139545447    -0.000989901903098705    0.000000000000000000    -0.001253478809602748    -0.011229142934717634    0.000000000000000000
5.405    -0.001516060525123794    -0.001001328406702992    0.000000000000000000    -0.002122587512091295    -0.011255310607390448    0.000000000000000000
5.410    -0.001514510975389944    -0.001013036293072464    0.000000000000000000    -0.002723599489429934    -0.010942612590561507    0.000000000000000000
5.415    -0.001513029515643329    -0.001025017744756700    0.000000000000000000    -0.003268788167374095    -0.010818924618830397    0.000000000000000000
5.420    -0.001511629775600899    -0.001037269669556407    0.000000000000000000    -0.003598390476023533    -0.010777093278884625    0.000000000000000000
5.425    -0.001510319995320369    -0.001049791021688086    0.000000000000000000    -0.003710253047468914    -0.010710408475458899    0.000000000000000000
5.430    -0.001509102971366026    -0.001062580134031652    0.000000000000000000    -0.003437675055962749    -0.010428868075481115    0.000000000000000000
5.435    -0.001507971889288082    -0.001075629968077104    0.000000000000000000    -0.003323127930957015    -0.010104950990625153    0.000000000000000000
5.440    -0.001506923885408412    -0.001088932425897322    0.000000000000000000    -0.003044841733875966    -0.009742933102397516    0.000000000000000000
5.445    -0.001505952002572089    -0.001102478457045100    0.000000000000000000    -0.002618572445224274    -0.008819286125604300    0.000000000000000000
5.450    -0.001505045584046896    -0.001116244970346019    0.000000000000000000    -0.002145545563783657    -0.007729811441099799    0.000000000000000000
5.455    -0.001504192804160798    -0.001130204728932964    0.000000000000000000    -0.001918018470645211    -0.006636964923730296    0.000000000000000000
5.460    -0.001503387974736467    -0.001144330411643003    0.000000000000000000    -0.001342590864846296    -0.005545517373422779    0.000000000000000000
5.465    -0.001502616710083756    -0.001158594732287378    0.000000000000000000    -0.000654440682366572    -0.004656228966819914    0.000000000000000000
5.470    -0.001501861806448104    -0.001172975458655923    0.000000000000000000    0.000166066217470104    -0.003384360755635807    0.000000000000000000
5.475    -0.001501102751157016    -0.001187440794043359    0.000000000000000000    0.001272237096896014    -0.001924306034699688    0.000000000000000000
5.480    -0.001500311889938506    -0.001201954237081662    0.000000000000000000    0.002670353099953546    -0.000823310414349229    0.000000000000000000
5.485    -0.001499454269892496    -0.001216488262880324    0.000000000000000000    0.003724704199436699    0.000630353881566140    0.000000000000000000
5.490    -0.001498503532241501    -0.001231006529831947    0.000000000000000000    0.004919098263687915    0.002131412851829814    0.000000000000000000
5.495    -0.001497429817133913    -0.001245471511462274    0.000000000000000000    0.005801541264347301    0.003465648768822757    0.000000000000000000
5.500    -0.001496211063494717    -0.001259849851873381    0.000000000000000000    0.006349943802832006    0.004560904238049696    0.000000000000000000
5.505    -0.001494833561260450    -0.001274114169678536    0.000000000000000000    0.007016811843507664    0.005586830416062435    0.000000000000000000
5.510    -0.001493280638730095    -0.001288238816723290    0.000000000000000000    0.007419048713170479    0.006404129833234226    0.000000000000000000
5.515    -0.001491542239981911    -0.001302203360522213    0.000000000000000000    0.007247038928594879    0.007242923779357882    0.000000000000000000
5.520    -0.001489622665260512    -0.001315986831226652    0.000000000000000000    0.007174319485974551    0.007841005092842565    0.000000000000000000
5.525    -0.001487523732551964    -0.001329574276803770    0.000000000000000000    0.006742352240806521    0.008338860099385906    0.000000000000000000
5.530    -0.001485256241037395    -0.001342953250878403    0.000000000000000000    0.006507990180006779    0.008946343034790805    0.000000000000000000
5.535    -0.001482826049768327    -0.001356108566377167    0.000000000000000000    0.006484992017292274    0.009386416644540166    0.000000000000000000
5.540    -0.001480233733698826    -0.001369029221459817    0.000000000000000000    0.005762639962662158    0.010003285829222885    0.000000000000000000
5.545    -0.001477497351630258    -0.001381699794396736    0.000000000000000000    0.005332870120569599    0.010610804213519870    0.000000000000000000
5.550    -0.001474627647808677    -0.001394105097228318    0.000000000000000000    0.004686936109317072    0.010748490075936090    0.000000000000000000
5.555    -0.001471640770584362    -0.001406241687808001    0.000000000000000000    0.004143943696912136    0.010671019639203749    0.000000000000000000
5.560    -0.001468550294767624    -0.001418111502896704    0.000000000000000000    0.003932123921338362    0.010536771656646793    0.000000000000000000
5.565    -0.001465361515852854    -0.001429717898693991    0.000000000000000000    0.003359091182318294    0.010532928397194788    0.000000000000000000
5.570    -0.001462088759658525    -0.001441060971281348    0.000000000000000000    0.003297414627959766    0.010173889697442928    0.000000000000000000
5.575    -0.001458733568098497    -0.001452149696626269    0.000000000000000000    0.003622609124325632    0.009351821220341186    0.000000000000000000
5.580    -0.001455287811310361    -0.001463004626440681    0.000000000000000000    0.003667151112201478    0.008412928260374125    0.000000000000000000
5.585    -0.001451750375744420    -0.001473649233048584    0.000000000000000000    0.003471828397402441    0.007375061672624042    0.000000000000000000
5.590    -0.001448126144468544    -0.001484109463114671    0.000000000000000000    0.003595620985475181    0.006248632553641775    0.000000000000000000
5.595    -0.001444412022668031    -0.001494413477366918    0.000000000000000000    0.003744879184270494    0.005343249936534678    0.000000000000000000
5.600    -0.001440604278887911    -0.001504583910370751    0.000000000000000000    0.003752307416796108    0.004751131831154387    0.000000000000000000
5.605    -0.001436702727422371    -0.001514635565078805    0.000000000000000000    0.003923003069443431    0.004470170402691431    0.000000000000000000
5.610    -0.001432703100880096    -0.001524575465526792    0.000000000000000000    0.004381969322111642    0.004309812838450278    0.000000000000000000
5.615    -0.001428593925104767    -0.001534407620653817    0.000000000000000000    0.004639552414406611    0.004401541902248132    0.000000000000000000
5.620    -0.001424368760519079    -0.001544129737233287    0.000000000000000000    0.005257550486264043    0.005148413134824920    0.000000000000000000
5.625    -0.001420012157171233    -0.001553723143484385    0.000000000000000000    0.005772990145517035    0.005749036839841279    0.000000000000000000
5.630    -0.001415511229069750    -0.001563172823814488    0.000000000000000000    0.006397828068299694    0.006261327771695663    0.000000000000000000
5.635    -0.001410850355266559    -0.001572465970950298    0.000000000000000000    0.006867499703173616    0.007058536771950563    0.000000000000000000
5.640    -0.001406017793970789    -0.001581582654666810    0.000000000000000000    0.007027357114865185    0.007907291637056224    0.000000000000000000
5.645    -0.001401009548747148    -0.001590501656092395    0.000000000000000000    0.007084209455486892    0.008528748426028451    0.000000000000000000
5.650    -0.001395824198287119    -0.001599207438807330    0.000000000000000000    0.006854632176962402    0.008730627139279939    0.000000000000000000
5.655    -0.001390467482022666    -0.001607694955843782    0.000000000000000000    0.006909952266643399    0.008765109679297750    0.000000000000000000
5.660    -0.001384938016951547    -0.001615963345138252    0.000000000000000000    0.006626358380699277    0.009027751478015225    0.000000000000000000
5.665    -0.001379242892920911    -0.001624006040645772    0.000000000000000000    0.006409562126321808    0.009211023827100304    0.000000000000000000
5.670    -0.001373387529837116    -0.001631818460557614    0.000000000000000000    0.006241603868265000    0.009489004415734817    0.000000000000000000
5.675    -0.001367376126656615    -0.001639393655359062    0.000000000000000000    0.005963243189547815    0.009467823668622005    0.000000000000000000
5.680    -0.001361215642396375    -0.001646732154568796    0.000000000000000000    0.005570707588267373    0.009640869556015730    0.000000000000000000
5.685    -0.001354915890446429    -0.001653829632039628    0.000000000000000000    0.005715278922234154    0.009485878943562079    0.000000000000000000
5.690    -0.001348473256523426    -0.001660689962536872    0.000000000000000000    0.006296773268337635    0.008827289540210698    0.000000000000000000
5.695    -0.001341873203268715    -0.001667329610795611    0.000000000000000000    0.006330798065232526    0.008117086558760353    0.000000000000000000
5.700    -0.001335114880062374    -0.001673766331890380    0.000000000000000000    0.006565458317972159    0.006893461607657483    0.000000000000000000
5.705    -0.001328192420398083    -0.001680030716444958    0.000000000000000000    0.006683801291353098    0.005617616350333046    0.000000000000000000
5.710    -0.001321102865701508    -0.001686154660590778    0.000000000000000000    0.006820720898472257    0.004520266361400863    0.000000000000000000
5.715    -0.001313842792982472    -0.001692165598077563    0.000000000000000000    0.007593874957780022    0.003225495120396868    0.000000000000000000
5.720    -0.001306392873389490    -0.001698095898186337    0.000000000000000000    0.008054131589918176    0.001883281713511292    0.000000000000000000
5.725    -0.001298741600506761    -0.001703979116252274    0.000000000000000000    0.008412857670477350    0.000805598827403886    0.000000000000000000
5.730    -0.001290880006182271    -0.001709842194347526    0.000000000000000000    0.008847058807206695    -0.000225781903468586    0.000000000000000000
5.735    -0.001282797235387599    -0.001715710916990365    0.000000000000000000    0.008857477599476596    -0.001315562532617706    0.000000000000000000
5.740    -0.001274493027652941    -0.001721612528696519    0.000000000000000000    0.008914140172859922    -0.002481691103086575    0.000000000000000000
5.745    -0.001265965966413962    -0.001727576182680250    0.000000000000000000    0.009153388622600706    -0.003862222026649112    0.000000000000000000
5.750    -0.001257210070459417    -0.001733636392214647    0.000000000000000000    0.008999619553317489    -0.005045277625195799    0.000000000000000000
5.755    -0.001248229184016040    -0.001739822733689675    0.000000000000000000    0.008855052569204519    -0.006103154471075178    0.000000000000000000
5.760    -0.001239026921258432    -0.001746161654026479    0.000000000000000000    0.008454292872942665    -0.007098356090010430    0.000000000000000000
5.765    -0.001229613301179001    -0.001752678033265533    0.000000000000000000    0.007906848560066196    -0.007834868588959404    0.000000000000000000
5.770    -0.001220002009885568    -0.001759390284219312    0.000000000000000000    0.007569900057520507    -0.008103071285842436    0.000000000000000000
5.775    -0.001210201471090697    -0.001766305111955236    0.000000000000000000    0.007068376669258983    -0.008151991434486236    0.000000000000000000
5.780    -0.001200224222879095    -0.001773423739477023    0.000000000000000000    0.006415916402003827    -0.007804541794602382    0.000000000000000000
5.785    -0.001190086576757443    -0.001780737480543675    0.000000000000000000    0.005971017431579198    -0.006819051080160857    0.000000000000000000
5.790    -0.001179799655200001    -0.001788221697887331    0.000000000000000000    0.005702649240038257    -0.005656681855295900    0.000000000000000000
5.795    -0.001169370167411558    -0.001795847332277369    0.000000000000000000    0.005502714728556832    -0.004535095513040141    0.000000000000000000
5.800    -0.001158803111754901    -0.001803586344055233    0.000000000000000000    0.005248083879451360    -0.003238240672137627    0.000000000000000000
5.805    -0.001148104854001258    -0.001811406311849901    0.000000000000000000    0.004860820227367557    -0.001668754163099834    0.000000000000000000
5.810    -0.001137285075741931    -0.001819267998498646    0.000000000000000000    0.004369637765476442    -0.000441322489950005    0.000000000000000000
5.815    -0.001126356056538467    -0.001827140718209639    0.000000000000000000    0.004538435434816787    0.000533104002513676    0.000000000000000000
5.820    -0.001115313576449132    -0.001835000110320570    0.000000000000000000    0.004485899309947944    0.001330229639478347    0.000000000000000000
5.825    -0.001104158948877049    -0.001842826246690514    0.000000000000000000    0.004266261582211786    0.001822282883765305    0.000000000000000000
5.830    -0.001092897664765410    -0.001850606825988364    0.000000000000000000    0.004269107979661124    0.001860616261192480    0.000000000000000000
5.835    -0.001081529652954280    -0.001858340889879684    0.000000000000000000    0.004131034529808800    0.001714811732255947    0.000000000000000000
5.840    -0.001070058365279905    -0.001866032083477698    0.000000000000000000    0.003757722583062895    0.001528057076635725    0.000000000000000000
5.845    -0.001058493134540953    -0.001873685075648796    0.000000000000000000    0.003595949098428655    0.001194392047262210    0.000000000000000000
5.850    -0.001046838005074541    -0.001881308208018712    0.000000000000000000    0.003092521305364873    0.000992668203634792    0.000000000000000000
5.855    -0.001035105562575494    -0.001888906523683538    0.000000000000000000    0.002466531319510537    0.000783118896683158    0.000000000000000000
5.860    -0.001023311456793459    -0.001896485261375946    0.000000000000000000    0.001706063232648908    0.000698386470382104    0.000000000000000000
5.865    -0.001011474699430609    -0.001904046539406595    0.000000000000000000    0.001213974610949145    0.000831261133408048    0.000000000000000000
5.870    -0.000999607592702484    -0.001911587035908908    0.000000000000000000    0.000663735477387031    0.000953734260664141    0.000000000000000000
5.875    -0.000987723892587425    -0.001919103689054705    0.000000000000000000    -0.000215710707074379    0.001545832559370769    0.000000000000000000
5.880    -0.000975845585240043    -0.001926581696386518    0.000000000000000000    -0.000982632952306953    0.001838910345499170    0.000000000000000000
5.885    -0.000963991843716468    -0.001934013730959693    0.000000000000000000    -0.001868682276925417    0.002267463321244459    0.000000000000000000
5.890    -0.000952184819249817    -0.001941389078949837    0.000000000000000000    -0.002806386920411671    0.003195941274871522    0.000000000000000000
5.895    -0.000940447954456176    -0.001948684528408109    0.000000000000000000    -0.004427079346659875    0.003870225683700462    0.000000000000000000
5.900    -0.000928821766646201    -0.001955883222224289    0.000000000000000000    -0.005923706524893838    0.004451128275146515    0.000000000000000000
5.905    -0.000917343671499349    -0.001962970637833590    0.000000000000000000    -0.006635522787658277    0.004965556127285720    0.000000000000000000
5.910    -0.000906031464422188    -0.001969933914539709    0.000000000000000000    -0.007832531178295077    0.005423177900903270    0.000000000000000000
5.915    -0.000894915070624485    -0.001976761611798306    0.000000000000000000    -0.008475758101335155    0.005804487897241584    0.000000000000000000
5.920    -0.000884010570779315    -0.001983444196859471    0.000000000000000000    -0.008524099745603475    0.006090333554923527    0.000000000000000000
5.925    -0.000873319173427785    -0.001989974523581763    0.000000000000000000    -0.008701653729302310    0.006303650014714834    0.000000000000000000
5.930    -0.000862845317419487    -0.001996347259053688    0.000000000000000000    -0.008393036461887965    0.006146035098353320    0.000000000000000000
5.935    -0.000852581287322737    -0.002002566343648153    0.000000000000000000    -0.008387689247875245    0.005618569493687220    0.000000000000000000
5.940    -0.000842526949457183    -0.002008644964005277    0.000000000000000000    -0.008206691587400380    0.005276261664383108    0.000000000000000000
5.945    -0.000832677778881315    -0.002014591677820790    0.000000000000000000    -0.007651925922895660    0.004824978710234878    0.000000000000000000
5.950    -0.000823019906453519    -0.002020417767168548    0.000000000000000000    -0.007132574356533659    0.004503594540610639    0.000000000000000000
5.955    -0.000813540348384637    -0.002026131266652791    0.000000000000000000    -0.006421146510737080    0.004290688299258411    0.000000000000000000
5.960    -0.000804221318978522    -0.002031737498929552    0.000000000000000000    -0.005902571158723953    0.003534796175590216    0.000000000000000000
5.965    -0.000795049853851376    -0.002037255361301924    0.000000000000000000    -0.005840174890263741    0.002934616562741410    0.000000000000000000
5.970    -0.000786024393096487    -0.002042699858260227    0.000000000000000000    -0.005809835510071568    0.002555127778785388    0.000000000000000000
5.975    -0.000777144178229349    -0.002048080477024060    0.000000000000000000    -0.005455547894286060    0.001975468862606272    0.000000000000000000
5.980    -0.000768400352059568    -0.002053411709066328    0.000000000000000000    -0.005277398504007283    0.001079857157963715    0.000000000000000000
5.985    -0.000759788460852388    -0.002058715944679647    0.000000000000000000    -0.005061235889376389    0.000138823025141316    0.000000000000000000
5.990    -0.000751303100542442    -0.002064016709717338    0.000000000000000000    -0.004825040263180778    -0.000828411636996651    0.000000000000000000
5.995    -0.000742938366239076    -0.002069338185045953    0.000000000000000000    -0.004479367336062551    -0.001769477755621945    0.000000000000000000
6.000    -0.000734685616119111    -0.002074703897318459    0.000000000000000000    -0.003894211720576780    -0.002168993929966417    0.000000000000000000
6.005    -0.000726530221292160    -0.002080123834439214    0.000000000000000000    -0.003585787384458375    -0.002278095068714708    0.000000000000000000
6.010    -0.000718464471149821    -0.002085600723936687    0.000000000000000000    -0.003172689562115812    -0.002011431025298466    0.000000000000000000
6.015    -0.000710478038246535    -0.002091127899209792    0.000000000000000000    -0.003083311869577117    -0.001330958190725456    0.000000000000000000
6.020    -0.000702568688139989    -0.002096688348437666    0.000000000000000000    -0.002980864879536561    -0.000499273096043334    0.000000000000000000
6.025    -0.000694733859655430    -0.002102261279492941    0.000000000000000000    -0.002835944199574940    0.000535883394048309    0.000000000000000000
6.030    -0.000686969929775861    -0.002107820813463364    0.000000000000000000    -0.003089747473319741    0.001380805693517589    0.000000000000000000
6.035    -0.000679283243583125    -0.002113345827291450    0.000000000000000000    -0.003295443290127209    0.002069296458767633    0.000000000000000000
6.040    -0.000671678943472643    -0.002118819108708066    0.000000000000000000    -0.003083864210822775    0.002898343880522458    0.000000000000000000
6.045    -0.000664151739967431    -0.002124219931527669    0.000000000000000000    -0.003002771008669448    0.003798756517785218    0.000000000000000000
6.050    -0.000656699605737435    -0.002129525785434328    0.000000000000000000    -0.003029459094568664    0.004387027074097966    0.000000000000000000
6.055    -0.000649323207984804    -0.002134721963664134    0.000000000000000000    -0.002826801791750225    0.004713237966059991    0.000000000000000000
6.060    -0.000642017480276967    -0.002139800310944789    0.000000000000000000    -0.002513015215908389    0.004927479833015391    0.000000000000000000
6.065    -0.000634774577949527    -0.002144755471229618    0.000000000000000000    -0.002527791598721033    0.004617920436583017    0.000000000000000000
6.070    -0.000627594870412055    -0.002149595183503533    0.000000000000000000    -0.002255872485310180    0.004197330770745050    0.000000000000000000
6.075    -0.000620471559686716    -0.002154329962508179    0.000000000000000000    -0.002456515764272076    0.003699277781911425    0.000000000000000000
6.080    -0.000613409661855484    -0.002158972259568277    0.000000000000000000    -0.003085255068559917    0.003322889762964742    0.000000000000000000
6.085    -0.000606424895400966    -0.002163531484384302    0.000000000000000000    -0.003684244381601219    0.002787114017754194    0.000000000000000000
6.090    -0.000599532235055988    -0.002168021031349882    0.000000000000000000    -0.004465947239466056    0.002110588268201125    0.000000000000000000
6.095    -0.000592751223391996    -0.002172457813608757    0.000000000000000000    -0.005129371334275379    0.001606850810378230    0.000000000000000000
6.100    -0.000586098446011362    -0.002176854424597373    0.000000000000000000    -0.005922755655835867    0.001127428592567759    0.000000000000000000
6.105    -0.000579593737522123    -0.002181222849871175    0.000000000000000000    -0.006682490639423229    0.000460013090623074    0.000000000000000000
6.110    -0.000573256091298870    -0.002185579774817711    0.000000000000000000    -0.007357611256091252    -0.000425103180330677    0.000000000000000000
6.115    -0.000567102385357019    -0.002189947327343755    0.000000000000000000    -0.008078913092159079    -0.001127340438101393    0.000000000000000000
6.120    -0.000561150652242472    -0.002194343063380752    0.000000000000000000    -0.008652288569746709    -0.001984977151606171    0.000000000000000000
6.125    -0.000555415226342169    -0.002198788423846539    0.000000000000000000    -0.008686746422368295    -0.002530504602839267    0.000000000000000000
6.130    -0.000549896969102425    -0.002203297046927397    0.000000000000000000    -0.009180914782034102    -0.002836892745248371    0.000000000000000000
6.135    -0.000544608234732232    -0.002207876592326886    0.000000000000000000    -0.009744240436265414    -0.003244432369015060    0.000000000000000000
6.140    -0.000539563106372945    -0.002212537248535601    0.000000000000000000    -0.009931491657621215    -0.003122172323247185    0.000000000000000000
6.145    -0.000534766265305099    -0.002217275959052397    0.000000000000000000    -0.010377717961527685    -0.002812654497762884    0.000000000000000000
6.150    -0.000530228867186292    -0.002222084985931637    0.000000000000000000    -0.010609647438921885    -0.002672642677222642    0.000000000000000000
6.155    -0.000525956710253457    -0.002226960828877807    0.000000000000000000    -0.010632261639728982    -0.002812498064233560    0.000000000000000000
6.160    -0.000521950359861616    -0.002231906984275583    0.000000000000000000    -0.010276618131392461    -0.003171183247767384    0.000000000000000000
6.165    -0.000518200924923059    -0.002236932419254554    0.000000000000000000    -0.010037920230637418    -0.003543054016234143    0.000000000000000000
6.170    -0.000514702437990268    -0.002242046430583930    0.000000000000000000    -0.009656072554055893    -0.003739730338823272    0.000000000000000000
6.175    -0.000511445352871329    -0.002247253935171777    0.000000000000000000    -0.009298252297614690    -0.004001167952932816    0.000000000000000000
6.180    -0.000508420724059830    -0.002252561468958447    0.000000000000000000    -0.008970007402899112    -0.004049574050049576    0.000000000000000000
6.185    -0.000505620345433403    -0.002257970242096369    0.000000000000000000    -0.008535928176724335    -0.004130681806376740    0.000000000000000000
6.190    -0.000503033365011395    -0.002263482282279450    0.000000000000000000    -0.007990675185507584    -0.004248754841215674    0.000000000000000000
6.195    -0.000500646151469024    -0.002269100541333561    0.000000000000000000    -0.007662624318181648    -0.004231872672011416    0.000000000000000000
6.200    -0.000498450503534608    -0.002274824597204472    0.000000000000000000    -0.007541835848963625    -0.004116872761618373    0.000000000000000000
6.205    -0.000496443401496416    -0.002280651574894424    0.000000000000000000    -0.007630413717115911    -0.003906445174509804    0.000000000000000000
6.210    -0.000494627059801152    -0.002286576213713739    0.000000000000000000    -0.007865122371754352    -0.003809308768698560    0.000000000000000000
6.215    -0.000493007346165181    -0.002292596085252271    0.000000000000000000    -0.007923664981303487    -0.003899835464976631    0.000000000000000000
6.220    -0.000491585724153744    -0.002298713452677428    0.000000000000000000    -0.008167100912551649    -0.003647711557096950    0.000000000000000000
6.225    -0.000490368279665120    -0.002304922012891512    0.000000000000000000    -0.008480994909418685    -0.003050090193936622    0.000000000000000000
6.230    -0.000489362860049231    -0.002311206825360445    0.000000000000000000    -0.008371017033111973    -0.002450260464161719    0.000000000000000000
6.235    -0.000488566715859171    -0.002317552894340981    0.000000000000000000    -0.008753191046199059    -0.001591000166681344    0.000000000000000000
6.240    -0.000487989401445265    -0.002323938738325685    0.000000000000000000    -0.008803068299030430    -0.000662166642906303    0.000000000000000000
6.245    -0.000487632163738835    -0.002330341136476461    0.000000000000000000    -0.008545999551170559    0.000325963233332310    0.000000000000000000
6.250    -0.000487488576021184    -0.002336735385546404    0.000000000000000000    -0.008339765740872189    0.001634551174724275    0.000000000000000000
6.255    -0.000487553482447056    -0.002343088770836979    0.000000000000000000    -0.007907600865647308    0.002719273151756407    0.000000000000000000
6.260    -0.000487816078894568    -0.002349374174298759    0.000000000000000000    -0.007505723196869676    0.003599964649818321    0.000000000000000000
6.265    -0.000488266318422002    -0.002355569578644295    0.000000000000000000    -0.006846531224809389    0.004435197509550931    0.000000000000000000
6.270    -0.000488887721230056    -0.002361654103052092    0.000000000000000000    -0.006349479791656603    0.005196561765619112    0.000000000000000000
6.275    -0.000489667861032902    -0.002367608713415748    0.000000000000000000    -0.005653518555534878    0.006485835354862191    0.000000000000000000
6.280    -0.000490589338799636    -0.002373401177895532    0.000000000000000000    -0.004750661777193355    0.007746474737641007    0.000000000000000000
6.285    -0.000491629583110800    -0.002378999980506876    0.000000000000000000    -0.004142641760545261    0.008660405725717524    0.000000000000000000
6.290    -0.000492773393465978    -0.002384382272975077    0.000000000000000000    -0.003327113671774268    0.009437520084917134    0.000000000000000000
6.295    -0.000494000381662950    -0.002389528627441154    0.000000000000000000    -0.002482952484229341    0.010225976004897552    0.000000000000000000
6.300    -0.000495289443672028    -0.002394419332507110    0.000000000000000000    -0.002030847564300081    0.010693682765943596    0.000000000000000000
6.305    -0.000496629276870213    -0.002399042695503916    0.000000000000000000    -0.001894434282743995    0.010817181710313234    0.000000000000000000
6.310    -0.000498016470925467    -0.002403395628957965    0.000000000000000000    -0.001669224738497059    0.010715394502362752    0.000000000000000000
6.315    -0.000499445395599183    -0.002407480677549455    0.000000000000000000    -0.001488713101019216    0.010549368898212647    0.000000000000000000
6.320    -0.000500911538100425    -0.002411301991918489    0.000000000000000000    -0.000944798478146568    0.010558712482452298    0.000000000000000000
6.325    -0.000502401300563620    -0.002414859338475463    0.000000000000000000    -0.000467363415390318    0.010431947846736844    0.000000000000000000
6.330    -0.000503902747112200    -0.002418155886336267    0.000000000000000000    -0.000046108501292226    0.010512295213586931    0.000000000000000000
6.335    -0.000505405346373312    -0.002421189626816732    0.000000000000000000    0.000367480173855787    0.010476577335834236    0.000000000000000000
6.340    -0.000506898758630078    -0.002423961452863802    0.000000000000000000    0.001218602153460653    0.010549051332308518    0.000000000000000000
6.345    -0.000508361705833008    -0.002426469552627563    0.000000000000000000    0.002187186438126071    0.010845200908993213    0.000000000000000000
6.350    -0.000509769973374984    -0.002428706522368600    0.000000000000000000    0.003029838769263125    0.011179065102194519    0.000000000000000000
6.355    -0.000511102494947729    -0.002430664015482082    0.000000000000000000    0.004170069245186363    0.011285566104447808    0.000000000000000000
6.360    -0.000512330764789344    -0.002432339369442952    0.000000000000000000    0.004940798754749127    0.011459907664664037    0.000000000000000000
6.365    -0.000513435514662091    -0.002433728225712206    0.000000000000000000    0.005693137208060209    0.011892744026693880    0.000000000000000000
6.370    -0.000514397936104636    -0.002434819763380793    0.000000000000000000    0.006508860474967008    0.012333459266031244    0.000000000000000000
6.375    -0.000515197636035306    -0.002435602964567729    0.000000000000000000    0.006910243097210493    0.012734795830724593    0.000000000000000000
6.380    -0.000515824579888547    -0.002436067795858897    0.000000000000000000    0.007353199262928947    0.013159676222236627    0.000000000000000000
6.385    -0.000516267693760214    -0.002436203635244509    0.000000000000000000    0.007598252611375547    0.013609942576455619    0.000000000000000000
6.390    -0.000516520851316597    -0.002435999226065709    0.000000000000000000    0.007911641008388065    0.013850498522052779    0.000000000000000000
6.395    -0.000516576217847770    -0.002435448554423858    0.000000000000000000    0.007851280039833895    0.013883705946068220    0.000000000000000000
6.400    -0.000516435302377947    -0.002434550790133356    0.000000000000000000    0.008067995523660526    0.014036628459522527    0.000000000000000000
6.405    -0.000516092687020033    -0.002433302110131365    0.000000000000000000    0.008070855322655363    0.014390986508659026    0.000000000000000000
6.410    -0.000515548300279052    -0.002431693655466658    0.000000000000000000    0.007991034314388731    0.014662459118432863    0.000000000000000000
6.415    -0.000514804137680212    -0.002429718639323990    0.000000000000000000    0.008648036082807738    0.014908874580235598    0.000000000000000000
6.420    -0.000513843774179302    -0.002427370901316816    0.000000000000000000    0.009361307564161037    0.014702599778291386    0.000000000000000000
6.425    -0.000512649377989287    -0.002424655598315185    0.000000000000000000    0.010083804620041742    0.014146655087140386    0.000000000000000000
6.430    -0.000511202886683771    -0.002421586628936376    0.000000000000000000    0.010630960667950759    0.013403760039127494    0.000000000000000000
6.435    -0.000509490621361557    -0.002418182565556588    0.000000000000000000    0.011105006508566224    0.012449575163518689    0.000000000000000000
6.440    -0.000507500730876629    -0.002414467262797712    0.000000000000000000    0.011775626711355881    0.011530341517459325    0.000000000000000000
6.445    -0.000505216449723916    -0.002410463701500900    0.000000000000000000    0.012483806079541422    0.010287768733348995    0.000000000000000000
6.450    -0.000502620073419215    -0.002406202945985754    0.000000000000000000    0.013279152430464673    0.008838250106259216    0.000000000000000000
6.455    -0.000499691718303753    -0.002401721234217951    0.000000000000000000    0.013554718741081231    0.007505405148558464    0.000000000000000000
6.460    -0.000496424495219763    -0.002397051887321435    0.000000000000000000    0.013505576791561155    0.005992294091865247    0.000000000000000000
6.465    -0.000492819632715984    -0.002392232733072622    0.000000000000000000    0.013879082985295346    0.004622583959067866    0.000000000000000000
6.470    -0.000488867793137573    -0.002387298014224832    0.000000000000000000    0.014487705762527940    0.003125713839494115    0.000000000000000000
6.475    -0.000484553760915099    -0.002382285152531055    0.000000000000000000    0.014988078875823041    0.001389625561894897    0.000000000000000000
6.480    -0.000479865026720729    -0.002377237550198231    0.000000000000000000    0.015538654807331458    -0.000435141101536723    0.000000000000000000
6.485    -0.000474787826156176    -0.002372200826392945    0.000000000000000000    0.016046931552811047    -0.002091292544120077    0.000000000000000000
6.490    -0.000469309452302803    -0.002367216384901262    0.000000000000000000    0.016066985544078115    -0.003440610742509037    0.000000000000000000
6.495    -0.000463429403810828    -0.002362317958678141    0.000000000000000000    0.015973466084145960    -0.004484719748135135    0.000000000000000000
6.500    -0.000457150018666749    -0.002357531650448724    0.000000000000000000    0.016058742929225735    -0.005321368017723038    0.000000000000000000
6.505    -0.000450469164949439    -0.002352878376419750    0.000000000000000000    0.015479981440972863    -0.005523027078232351    0.000000000000000000
6.510    -0.000443401311696105    -0.002348363178067732    0.000000000000000000    0.015009324260681963    -0.005593726626323264    0.000000000000000000
6.515    -0.000435958225336254    -0.002343987822881372    0.000000000000000000    0.014195431354726944    -0.005495089275917714    0.000000000000000000
6.520    -0.000428160253192535    -0.002339749844926910    0.000000000000000000    0.013385527084671354    -0.005082613567086031    0.000000000000000000
6.525    -0.000420027642871699    -0.002335638932311626    0.000000000000000000    0.012717993621376347    -0.004911637118045625    0.000000000000000000
6.530    -0.000411577082710329    -0.002331650810624292    0.000000000000000000    0.011141625859269026    -0.004648748317109125    0.000000000000000000
6.535    -0.000402847981902477    -0.002327778907644886    0.000000000000000000    0.009756244987641806    -0.004181051359037485    0.000000000000000000
6.540    -0.000393874974969934    -0.002324011530949456    0.000000000000000000    0.008267298845258605    -0.003754873369784389    0.000000000000000000
6.545    -0.000384695285566259    -0.002320338026088270    0.000000000000000000    0.006615580399839047    -0.003370963729560500    0.000000000000000000
6.550    -0.000375350206652589    -0.002316748795320324    0.000000000000000000    0.005347699736635552    -0.003444768420547695    0.000000000000000000
6.555    -0.000365871435245502    -0.002313245683762891    0.000000000000000000    0.004212858406326455    -0.003621720976107468    0.000000000000000000
6.560    -0.000356287342378258    -0.002309833115229861    0.000000000000000000    0.003034398304440928    -0.003847055433450763    0.000000000000000000
6.565    -0.000346627389553402    -0.002306516723082667    0.000000000000000000    0.001675267431470659    -0.004411317637061790    0.000000000000000000
6.570    -0.000336925555042760    -0.002303310613876400    0.000000000000000000    0.000675377778759124    -0.004630473202545116    0.000000000000000000
6.575    -0.000327206836087648    -0.002300220266500196    0.000000000000000000    -0.000262728955149720    -0.005004695882403210    0.000000000000000000
6.580    -0.000317494685356416    -0.002297255036521053    0.000000000000000000    -0.001280651190532257    -0.005205178304178160    0.000000000000000000
6.585    -0.000307814550904947    -0.002294419935999514    0.000000000000000000    -0.002937647440575276    -0.005124071570904165    0.000000000000000000
6.590    -0.000298207857639492    -0.002291712937267247    0.000000000000000000    -0.004467894969546575    -0.004979501794476204    0.000000000000000000
6.595    -0.000288712861748275    -0.002289130426079843    0.000000000000000000    -0.005699105824761349    -0.004389674452959236    0.000000000000000000
6.600    -0.000279360343502678    -0.002286657656753762    0.000000000000000000    -0.006907941313752646    -0.003409042921651700    0.000000000000000000
6.605    -0.000270180523789925    -0.002284270113500723    0.000000000000000000    -0.007814017746383441    -0.002247878346049031    0.000000000000000000
6.610    -0.000261196054520831    -0.002281938767206335    0.000000000000000000    -0.008550401160618577    -0.000737269162925241    0.000000000000000000
6.615    -0.000252425345280753    -0.002279625852641020    0.000000000000000000    -0.009221027056985354    0.000605070309689371    0.000000000000000000
6.620    -0.000243885161717099    -0.002277297811317963    0.000000000000000000    -0.009838082762267386    0.002169077435425909    0.000000000000000000
6.625    -0.000235590930222502    -0.002274915543059020    0.000000000000000000    -0.010651670339775418    0.003675309997244747    0.000000000000000000
6.630    -0.000227562990486399    -0.002272441392050146    0.000000000000000000    -0.011043553071703313    0.005505646541951320    0.000000000000000000
6.635    -0.000219811139577089    -0.002269829599877723    0.000000000000000000    -0.011907047530692509    0.007115461459900052    0.000000000000000000
6.640    -0.000212356964856046    -0.002267039921168803    0.000000000000000000    -0.012767956424479011    0.008615096725433230    0.000000000000000000
6.645    -0.000205221989045616    -0.002264034865041747    0.000000000000000000    -0.013388541148625288    0.009657305989722864    0.000000000000000000
6.650    -0.000198421726763900    -0.002260788376264948    0.000000000000000000    -0.014058666118838209    0.010469451342601244    0.000000000000000000
6.655    -0.000191972931135156    -0.002257280151204584    0.000000000000000000    -0.014816325211462538    0.011530796865388826    0.000000000000000000
6.660    -0.000185894543636699    -0.002253483656222585    0.000000000000000000    -0.015261746210081494    0.012187830183887222    0.000000000000000000
6.665    -0.000180197699793493    -0.002249382465485989    0.000000000000000000    -0.015904433783643947    0.012503000827723820    0.000000000000000000
6.670    -0.000174898466794879    -0.002244968699728699    0.000000000000000000    -0.016433481080985104    0.012487282495376312    0.000000000000000000
6.675    -0.000170010070823289    -0.002240242751909026    0.000000000000000000    -0.016782952279669305    0.012083458293676852    0.000000000000000000
6.680    -0.000165541248658691    -0.002235214717632010    0.000000000000000000    -0.017052711013298191    0.011346157743480356    0.000000000000000000
6.685    -0.000161498744269425    -0.002229903029411408    0.000000000000000000    -0.016739590017697016    0.010098212091611686    0.000000000000000000
6.690    -0.000157874729630602    -0.002224338885888515    0.000000000000000000    -0.015834913248990480    0.008755318271769230    0.000000000000000000
6.695    -0.000154646587823003    -0.002218555859408828    0.000000000000000000    -0.014686494657381545    0.007489708442557502    0.000000000000000000
6.700    -0.000151785608381839    -0.002212585590218077    0.000000000000000000    -0.013491576451847651    0.005747348142751130    0.000000000000000000
6.705    -0.000149261918351971    -0.002206471637323757    0.000000000000000000    -0.011908972826694779    0.003961387049604415    0.000000000000000000
6.710    -0.000147035952642771    -0.002200258649753198    0.000000000000000000    -0.010306189318829134    0.002376941329439858    0.000000000000000000
6.715    -0.000145067641666541    -0.002193986238649402    0.000000000000000000    -0.008774708837914168    0.000810247786486168    0.000000000000000000
6.720    -0.000143318698411260    -0.002187693571350944    0.000000000000000000    -0.007418173946794606    -0.000561238556063409    0.000000000000000000
6.725    -0.000141755209504648    -0.002181414935016387    0.000000000000000000    -0.006003499877267485    -0.001532860501012728    0.000000000000000000
6.730    -0.000140341808094967    -0.002175174620194356    0.000000000000000000    -0.004966980998079989    -0.002035394518727640    0.000000000000000000
6.735    -0.000139052581210239    -0.002168985190235293    0.000000000000000000    -0.004084279145425860    -0.002210930670539651    0.000000000000000000
6.740    -0.000137865461304146    -0.002162851033542994    0.000000000000000000    -0.003220242094319594    -0.001788514993137508    0.000000000000000000
6.745    -0.000136758847450412    -0.002156761589725523    0.000000000000000000    -0.002181299149273033    -0.001158466664177155    0.000000000000000000
6.750    -0.000135706766075409    -0.002150701107574656    0.000000000000000000    -0.001203997275472241    -0.000254840468640744    0.000000000000000000
6.755    -0.000134684784632293    -0.002144646996435506    0.000000000000000000    -0.000703356253474105    0.001145802350117908    0.000000000000000000
6.760    -0.000133680387095514    -0.002138564240237602    0.000000000000000000    -0.000202465867168555    0.002646041039906094    0.000000000000000000
6.765    -0.000132681051205414    -0.002132415333013701    0.000000000000000000    0.000305387648315064    0.004326927830859695    0.000000000000000000
6.770    -0.000131674080624106    -0.002126158252594029    0.000000000000000000    0.000393218287152251    0.005628274813186673    0.000000000000000000
6.775    -0.000130657279585620    -0.002119760465304026    0.000000000000000000    0.000301222921158173    0.006980905545399263    0.000000000000000000
6.780    -0.000129632947974104    -0.002113188155375389    0.000000000000000000    0.000163686542916991    0.008150278758261437    0.000000000000000000
6.785    -0.000128604524199016    -0.002106412088477795    0.000000000000000000    -0.000065187408384649    0.008796302815687607    0.000000000000000000
6.790    -0.000127577730109137    -0.002099416114009809    0.000000000000000000    0.000053444915378053    0.009255802225840992    0.000000000000000000
6.795    -0.000126549599896373    -0.002092188744486177    0.000000000000000000    -0.000048905997954716    0.009274965519934925    0.000000000000000000
6.800    -0.000125522692333559    -0.002084729500824547    0.000000000000000000    -0.000147789482733999    0.008959653061239858    0.000000000000000000
6.805    -0.000124499479507813    -0.002077046265836385    0.000000000000000000    0.000224022515556534    0.008184006599683963    0.000000000000000000
6.810    -0.000123470666119178    -0.002069158430683232    0.000000000000000000    0.000533904249253210    0.007107630082565236    0.000000000000000000
6.815    -0.000122428505124311    -0.002061092904778014    0.000000000000000000    0.000911401693555296    0.005713327156254416    0.000000000000000000
6.820    -0.000121363559087106    -0.002052884545693890    0.000000000000000000    0.001173256650028849    0.004176607187513642    0.000000000000000000
6.825    -0.000120269281633650    -0.002044571771430078    0.000000000000000000    0.001082536419314798    0.002781044518215814    0.000000000000000000
6.830    -0.000119147940769711    -0.002036189471053311    0.000000000000000000    0.001182896696462488    0.001856419504023266    0.000000000000000000
6.835    -0.000117997027488361    -0.002027760760188943    0.000000000000000000    0.000965843869044211    0.000961676662643296    0.000000000000000000
6.840    -0.000116821968110285    -0.002019308007408010    0.000000000000000000    0.001392207091292156    0.000417424206849287    0.000000000000000000
6.845    -0.000115612103554926    -0.002010844819021904    0.000000000000000000    0.001824446075516140    -0.000076597856737970    0.000000000000000000
6.850    -0.000114356627847679    -0.002002383545582218    0.000000000000000000    0.002350281594871257    -0.000342753463770940    0.000000000000000000
6.855    -0.000113042395100561    -0.001993930840979125    0.000000000000000000    0.003231499580003258    -0.000380021952812309    0.000000000000000000
6.860    -0.000111647374863942    -0.001985487636924853    0.000000000000000000    0.003676328543024692    -0.000353978811748479    0.000000000000000000
6.865    -0.000110160446413748    -0.001977053282340875    0.000000000000000000    0.004244823817509797    0.000234454216076208    0.000000000000000000
6.870    -0.000108567397368116    -0.001968613066401495    0.000000000000000000    0.004585368433995970    0.001344719251280407    0.000000000000000000
6.875    -0.000106859714111634    -0.001960139232480832    0.000000000000000000    0.004689951483515236    0.002753608800386276    0.000000000000000000
6.880    -0.000105034782068065    -0.001951596558340160    0.000000000000000000    0.004888018329683350    0.004470670031588714    0.000000000000000000
6.885    -0.000103087649566253    -0.001942942117448699    0.000000000000000000    0.004919745697205846    0.006389933181628199    0.000000000000000000
6.890    -0.000101017523422011    -0.001934127928227696    0.000000000000000000    0.004669810015345819    0.008339307902066259    0.000000000000000000
6.895    -0.000098830652027385    -0.001925105256309142    0.000000000000000000    0.004334175526992724    0.010142138735643944    0.000000000000000000
6.900    -0.000096535426244585    -0.001915829030922197    0.000000000000000000    0.004121738639691563    0.011673375232904015    0.000000000000000000
6.905    -0.000094137156995792    -0.001906260971154430    0.000000000000000000    0.003724208432830220    0.012958904887878583    0.000000000000000000
6.910    -0.000091645782536179    -0.001896368938764465    0.000000000000000000    0.003719338554683104    0.013908294497488871    0.000000000000000000
6.915    -0.000089061424612698    -0.001886129199012063    0.000000000000000000    0.004045700675513967    0.015206362206600030    0.000000000000000000
6.920    -0.000086375924172330    -0.001875509300204496    0.000000000000000000    0.004375146375722454    0.016434884105029704    0.000000000000000000
6.925    -0.000083581045072569    -0.001864478529294303    0.000000000000000000    0.005023350335621349    0.017753471254966166    0.000000000000000000
6.930    -0.000080660582214417    -0.001853003921602737    0.000000000000000000    0.005893448829314622    0.018955701467544828    0.000000000000000000
6.935    -0.000077592783135532    -0.001841055421374481    0.000000000000000000    0.006736033102700402    0.020071696875262335    0.000000000000000000
6.940    -0.000074356583229080    -0.001828605128724344    0.000000000000000000    0.007739724491253219    0.021210078117650175    0.000000000000000000
6.945    -0.000070926890210346    -0.001815624584121266    0.000000000000000000    0.008667631734079615    0.022364108420132658    0.000000000000000000
6.950    -0.000067280506398260    -0.001802084936807684    0.000000000000000000    0.009309209283553365    0.023547110443592270    0.000000000000000000
6.955    -0.000063401392354086    -0.001787956611733013    0.000000000000000000    0.009703706225634949    0.024224129033982925    0.000000000000000000
6.960    -0.000059279685654270    -0.001773222683432492    0.000000000000000000    0.010059873587191388    0.024450053555296128    0.000000000000000000
6.965    -0.000054906482114775    -0.001757877503793089    0.000000000000000000    0.009991097730901760    0.024268634623500485    0.000000000000000000
6.970    -0.000050283501132008    -0.001741925608288098    0.000000000000000000    0.009984604908382435    0.023712102714089356    0.000000000000000000
6.975    -0.000045410905026530    -0.001725380910215255    0.000000000000000000    0.009918585505924541    0.022944492131075911    0.000000000000000000
6.980    -0.000040290344283405    -0.001708262599839135    0.000000000000000000    0.010001347034131344    0.022195700515367095    0.000000000000000000
6.985    -0.000034919749864426    -0.001690589396950131    0.000000000000000000    0.009724556515427453    0.021545351782600863    0.000000000000000000
6.990    -0.000029306041532562    -0.001672377560266562    0.000000000000000000    0.008961457267210137    0.021154274691577435    0.000000000000000000
6.995    -0.000023468296769018    -0.001653636866715703    0.000000000000000000    0.008035967475942634    0.020651705277818788    0.000000000000000000
7.000    -0.000017429652818574    -0.001634379880532899    0.000000000000000000    0.007204410822237713    0.020058616200194918    0.000000000000000000
7.005    -0.000011210898597575    -0.001614621428945090    0.000000000000000000    0.006152160201023933    0.019615258353691475    0.000000000000000000
7.010    -0.000004838340371551    -0.001594372595898439    0.000000000000000000    0.005046440187681178    0.019027576946047814    0.000000000000000000
7.015    0.000001660378859166    -0.001573648073428136    0.000000000000000000    0.003835586882073910    0.018353473725035360    0.000000000000000000
7.020    0.000008254987761935    -0.001552464714114708    0.000000000000000000    0.002565118983774046    0.017439755967798079    0.000000000000000000
7.025    0.000014913724639298    -0.001530845360902085    0.000000000000000000    0.001750360193235280    0.015976240543809708    0.000000000000000000
7.030    0.000021616220521491    -0.001508826601675866    0.000000000000000000    0.000723090534043369    0.014210761851750700    0.000000000000000000
7.035    0.000028336793667036    -0.001486452573403354    0.000000000000000000    -0.000449757457305261    0.011955137547365116    0.000000000000000000
7.040    0.000035046122876149    -0.001463779666692157    0.000000000000000000    -0.001194577627383088    0.009677341799713135    0.000000000000000000
7.045    0.000041725587644576    -0.001440864826435968    0.000000000000000000    -0.001708145647003252    0.007782874501824702    0.000000000000000000
7.050    0.000048362348771829    -0.001417755414317233    0.000000000000000000    -0.001999089222705266    0.005985469514911343    0.000000000000000000
7.055    0.000054949132668514    -0.001394496365460626    0.000000000000000000    -0.001882517528923287    0.003860037984526610    0.000000000000000000
7.060    0.000061488853626976    -0.001371140815654405    0.000000000000000000    -0.001708783289256161    0.002317107507298147    0.000000000000000000
7.065    0.000067985855003206    -0.001347727338160502    0.000000000000000000    -0.001416187358967711    0.000817756447644286    0.000000000000000000
7.070    0.000074447451695462    -0.001324293416755407    0.000000000000000000    -0.000606400379314230    -0.000621534949826752    0.000000000000000000
7.075    0.000080893888378236    -0.001300875033724058    0.000000000000000000    0.000142821545484270    -0.001785452956341513    0.000000000000000000
7.080    0.000087343895599646    -0.001277501287016618    0.000000000000000000    0.000249816490347898    -0.002757464929994610    0.000000000000000000
7.085    0.000093800148233316    -0.001254196476932428    0.000000000000000000    0.000129015471116763    -0.003824840404276914    0.000000000000000000
7.090    0.000100259626253763    -0.001230987287858345    0.000000000000000000    0.000132844299063732    -0.004942446997901334    0.000000000000000000
7.095    0.000106722425381686    -0.001207901659959209    0.000000000000000000    0.000085463398567277    -0.005979546082654497    0.000000000000000000
7.100    0.000113187361094574    -0.001184965520712139    0.000000000000000000    0.000063382009186995    -0.007025782310828010    0.000000000000000000
7.105    0.000119653881357692    -0.001162205026022840    0.000000000000000000    0.000044980427978212    -0.008081591089418791    0.000000000000000000
7.110    0.000126121526131509    -0.001139646571110777    0.000000000000000000    -0.000155864327831584    -0.009285970320417267    0.000000000000000000
7.115    0.000132585274297130    -0.001117320265456724    0.000000000000000000    -0.000541672789608483    -0.010030526453276220    0.000000000000000000
7.120    0.000139035480643011    -0.001095244722964003    0.000000000000000000    -0.000974764720455303    -0.010048795330763402    0.000000000000000000
7.125    0.000145461317870881    -0.001073420400354551    0.000000000000000000    -0.001617938705454061    -0.009852504038827467    0.000000000000000000
7.130    0.000151846706631114    -0.001051842390346070    0.000000000000000000    -0.002521370856424900    -0.009394768028274034    0.000000000000000000
7.135    0.000158169061119937    -0.001030499249538296    0.000000000000000000    -0.003431188149162186    -0.008734904327666396    0.000000000000000000
7.140    0.000164405635905031    -0.001009374481338713    0.000000000000000000    -0.003699986525205513    -0.007870135749678958    0.000000000000000000
7.145    0.000170549711026994    -0.000988446466532872    0.000000000000000000    -0.003587758115264567    -0.006778375479495405    0.000000000000000000
7.150    0.000176604092196076    -0.000967687911114019    0.000000000000000000    -0.003400725907457382    -0.005650215045274395    0.000000000000000000
7.155    0.000182573455217471    -0.000947070611071298    0.000000000000000000    -0.003118246770073647    -0.004645255165846088    0.000000000000000000
7.160    0.000188464862069615    -0.000926569442407722    0.000000000000000000    -0.002377179711135968    -0.003731906867425645    0.000000000000000000
7.165    0.000194296839428980    -0.000906161571415832    0.000000000000000000    -0.001705567593150497    -0.002944832104300778    0.000000000000000000
7.170    0.000200086177598517    -0.000885827321226550    0.000000000000000000    -0.001368979489223309    -0.002516738872426066    0.000000000000000000
7.175    0.000205841291280823    -0.000865555989509078    0.000000000000000000    -0.000585794835744526    -0.002393470021609147    0.000000000000000000
7.180    0.000211581760092235    -0.000845344494542147    0.000000000000000000    -0.000206155276691886    -0.002523926465399125    0.000000000000000000
7.185    0.000217317075021730    -0.000825196097736851    0.000000000000000000    0.000172433363515535    -0.002770908256424960    0.000000000000000000
7.190    0.000223056700785313    -0.000805116973637965    0.000000000000000000    0.000689610954346690    -0.003193201494390042    0.000000000000000000
7.195    0.000228813566822754    -0.000785117679576439    0.000000000000000000    0.000828876548791694    -0.003704514010545272    0.000000000000000000
7.200    0.000234591154773915    -0.000765210998365176    0.000000000000000000    0.001123165662498052    -0.004183420428583058    0.000000000000000000
7.205    0.000240396821866639    -0.000745408902664629    0.000000000000000000    0.001262268967203032    -0.004585307288879764    0.000000000000000000
7.210    0.000246234045683543    -0.000725721439646303    0.000000000000000000    0.001365391181400773    -0.005108548853344046    0.000000000000000000
7.215    0.000252105404279982    -0.000706161690349311    0.000000000000000000    0.000934628652477041    -0.005983211369335432    0.000000000000000000
7.220    0.000258000128592733    -0.000686751521336552    0.000000000000000000    0.000377031519158567    -0.006660853557535762    0.000000000000000000
7.225    0.000263904278693462    -0.000667507873662731    0.000000000000000000    -0.000656504224893530    -0.007123916879246510    0.000000000000000000
7.230    0.000269792016188570    -0.000648442323910892    0.000000000000000000    -0.001676673282548571    -0.007423433452864205    0.000000000000000000
7.235    0.000275637836851614    -0.000629562359995374    0.000000000000000000    -0.003145826364169338    -0.007783753495798663    0.000000000000000000
7.240    0.000281405011855553    -0.000610876989917252    0.000000000000000000    -0.004483359459545467    -0.008205610037494322    0.000000000000000000
7.245    0.000287060102873004    -0.000592396760090066    0.000000000000000000    -0.005739711215787917    -0.008374267576071771    0.000000000000000000
7.250    0.000292571701110060    -0.000574125886952283    0.000000000000000000    -0.007234496662109503    -0.008194626513130868    0.000000000000000000
7.255    0.000297902436930563    -0.000556059879477327    0.000000000000000000    -0.008555138880257922    -0.008313688917437230    0.000000000000000000
7.260    0.000303019294279060    -0.000538201714225308    0.000000000000000000    -0.009798248002451573    -0.008406078690213932    0.000000000000000000
7.265    0.000307891195427496    -0.000520553700940544    0.000000000000000000    -0.010897682177558096    -0.008407883791690211    0.000000000000000000
7.270    0.000312490654521493    -0.000503115884750572    0.000000000000000000    -0.011851366529067736    -0.008748355922127103    0.000000000000000000
7.275    0.000316793829452263    -0.000485896777458654    0.000000000000000000    -0.013186697857760395    -0.008942252924474398    0.000000000000000000
7.280    0.000320767336936589    -0.000468901226489847    0.000000000000000000    -0.014453349507046343    -0.009147564982434683    0.000000000000000000
7.285    0.000324379510683238    -0.000452134364645601    0.000000000000000000    -0.015207709914699663    -0.009647216418593330    0.000000000000000000
7.290    0.000327611491682021    -0.000435608683211820    0.000000000000000000    -0.015286176115283153    -0.010363198850843990    0.000000000000000000
7.295    0.000330461318277921    -0.000419342081749310    0.000000000000000000    -0.014949639787985823    -0.011027964649083528    0.000000000000000000
7.300    0.000332937403879122    -0.000403351179403027    0.000000000000000000    -0.014054625026176971    -0.011652071364122094    0.000000000000000000
7.305    0.000335062123854668    -0.000387651578840847    0.000000000000000000    -0.013017502311061819    -0.012220015296448422    0.000000000000000000
7.310    0.000336861406272437    -0.000372257478661079    0.000000000000000000    -0.011748726633290223    -0.012594309716465902    0.000000000000000000
7.315    0.000338366970524375    -0.000357178236224222    0.000000000000000000    -0.010558061362632345    -0.012904521187095865    0.000000000000000000
7.320    0.000339608583242246    -0.000342421606817042    0.000000000000000000    -0.009365479030365182    -0.012725357803476840    0.000000000000000000
7.325    0.000340616058984359    -0.000327983111354949    0.000000000000000000    -0.008114313793828199    -0.012240419302567661    0.000000000000000000
7.330    0.000341420676881626    -0.000313850626375421    0.000000000000000000    -0.006720648745330016    -0.011520996515289230    0.000000000000000000
7.335    0.000342057278560259    -0.000300006166308775    0.000000000000000000    -0.005475761282209158    -0.010951893041986210    0.000000000000000000
7.340    0.000342556986206837    -0.000286435503568178    0.000000000000000000    -0.004820667663611028    -0.010348997562226701    0.000000000000000000
7.345    0.000342936177161825    -0.000273123565766637    0.000000000000000000    -0.004277639125914966    -0.009542819108746946    0.000000000000000000
7.350    0.000343208427138665    -0.000260050198442815    0.000000000000000000    -0.003777436993535922    -0.008894890876219759    0.000000000000000000
7.355    0.000343386241190667    -0.000247199203390898    0.000000000000000000    -0.004112658211618148    -0.008201587856201866    0.000000000000000000
7.360    0.000343461238787378    -0.000234553248035386    0.000000000000000000    -0.005034096236902243    -0.007763205331948967    0.000000000000000000
7.365    0.000343410383978167    -0.000222101372813173    0.000000000000000000    -0.005712361435170586    -0.007451388967065486    0.000000000000000000
7.370    0.000343216720133077    -0.000209835782315137    0.000000000000000000    -0.006508188980290739    -0.006735496112897192    0.000000000000000000
7.375    0.000342860351563479    -0.000197738579219923    0.000000000000000000    -0.007545837566863816    -0.005851433038800424    0.000000000000000000
7.380    0.000342315337054709    -0.000185787661950679    0.000000000000000000    -0.008872433662153976    -0.004986935893208861    0.000000000000000000
7.385    0.000341548511704386    -0.000173961418078766    0.000000000000000000    -0.009758852625768501    -0.003873070895896733    0.000000000000000000
7.390    0.000340537715038419    -0.000162232000979249    0.000000000000000000    -0.010182461021609850    -0.003030105929293118    0.000000000000000000
7.395    0.000339272356846911    -0.000150578336527965    0.000000000000000000    -0.010328748028789938    -0.002561492825786139    0.000000000000000000
7.400    0.000337748779954683    -0.000138988709397326    0.000000000000000000    -0.010139795485809323    -0.002102632012495860    0.000000000000000000
7.405    0.000335971708175311    -0.000127451648066999    0.000000000000000000    -0.009880406736709722    -0.001682567614156661    0.000000000000000000
7.410    0.000333947626227520    -0.000115956650927026    0.000000000000000000    -0.009640755160931613    -0.001237796522473699    0.000000000000000000
7.415    0.000331682525400707    -0.000104492598700115    0.000000000000000000    -0.008824410647576431    -0.000977825562372141    0.000000000000000000
7.420    0.000329196814307703    -0.000093052992112263    0.000000000000000000    -0.008229413955714547    -0.000809897208032097    0.000000000000000000
7.425    0.000326505367865807    -0.000081633632954612    0.000000000000000000    -0.007413730734938222    -0.000157611849032680    0.000000000000000000
7.430    0.000323628578155538    -0.000070218214093187    0.000000000000000000    -0.006327941534183500    0.000388684892575633    0.000000000000000000
7.435    0.000320593589906914    -0.000058793078109448    0.000000000000000000    -0.005348320473227020    0.000837525173326328    0.000000000000000000
7.440    0.000317424893646459    -0.000047347003996375    0.000000000000000000    -0.004409399674859971    0.001291326246362064    0.000000000000000000
7.445    0.000314145962394133    -0.000035868646727143    0.000000000000000000    -0.003176197232773650    0.001325952404635997    0.000000000000000000
7.450    0.000310787626210987    -0.000024357140647795    0.000000000000000000    -0.002165405533812847    0.001267070750397457    0.000000000000000000
7.455    0.000307375154889496    -0.000012813957799688    0.000000000000000000    -0.001610654526114710    0.000744593902821350    0.000000000000000000
7.460    0.000303922417204853    -0.000001252160104010    0.000000000000000000    -0.000908098677213955    0.000318650979122786    0.000000000000000000
7.465    0.000300446977053279    0.000010317603866147    0.000000000000000000    -0.000836615532901278    -0.000266462513342079    0.000000000000000000
7.470    0.000296950621513382    0.000021880706273469    0.000000000000000000    -0.001090558219890483    -0.000746803742859969    0.000000000000000000
7.475    0.000293427002017988    0.000033425138587221    0.000000000000000000    -0.001036477093442709    -0.001195387961159486    0.000000000000000000
7.480    0.000289877470595258    0.000044939686201943    0.000000000000000000    -0.001286902700898488    -0.001330679220807273    0.000000000000000000
7.485    0.000286295766605006    0.000056420966836145    0.000000000000000000    -0.002005740243789245    -0.001226621654885343    0.000000000000000000
7.490    0.000282663919108658    0.000067871581928975    0.000000000000000000    -0.002420012782161553    -0.001083605914417086    0.000000000000000000
7.495    0.000278971571292757    0.000079295106873944    0.000000000000000000    -0.002628399676314792    -0.001023878864884792    0.000000000000000000
7.500    0.000275213513484948    0.000090693034847291    0.000000000000000000    -0.002711038522107238    -0.001011122639622505    0.000000000000000000
7.505    0.000271387679714086    0.000102065684754648    0.000000000000000000    -0.002531621773244931    -0.001407281590784255    0.000000000000000000
7.510    0.000267498555398893    0.000113403152622235    0.000000000000000000    -0.002624690835775420    -0.002099199961660384    0.000000000000000000
7.515    0.000263543813812806    0.000124688140490781    0.000000000000000000    -0.002373288508180412    -0.002930069817531802    0.000000000000000000
7.520    0.000259529740014014    0.000135899876613888    0.000000000000000000    -0.002179494962820019    -0.003757161002951055    0.000000000000000000
7.525    0.000255461178841152    0.000147017683711922    0.000000000000000000    -0.002011979069673105    -0.004541587849671552    0.000000000000000000
7.530    0.000251342318191548    0.000158021951113714    0.000000000000000000    -0.001908579286560245    -0.005432195910798961    0.000000000000000000
7.535    0.000247175743059780    0.000168890413617736    0.000000000000000000    -0.001893177086322376    -0.006239893025292717    0.000000000000000000
7.540    0.000242961838500854    0.000179602878796125    0.000000000000000000    -0.002097512922156521    -0.007143198565864959    0.000000000000000000
7.545    0.000238695496118874    0.000190136764010368    0.000000000000000000    -0.002383523144195614    -0.007701930559693036    0.000000000000000000
7.550    0.000234369565658289    0.000200478100960619    0.000000000000000000    -0.002297691455208474    -0.007700285098403026    0.000000000000000000
7.555    0.000229986192911324    0.000210626930783409    0.000000000000000000    -0.002405831724678741    -0.007591285930023733    0.000000000000000000
7.560    0.000225542674371241    0.000220585978457949    0.000000000000000000    -0.002801143422470056    -0.007314063156351261    0.000000000000000000
7.565    0.000221029127245597    0.000230362174553580    0.000000000000000000    -0.003355919260126161    -0.006984345502297155    0.000000000000000000
7.570    0.000216431682138450    0.000239963762011654    0.000000000000000000    -0.003612498142361838    -0.006446308008574604    0.000000000000000000
7.575    0.000211743924577744    0.000249404191769513    0.000000000000000000    -0.004010729539866273    -0.005628851747243842    0.000000000000000000
7.580    0.000206955898778542    0.000258703900233691    0.000000000000000000    -0.004703072498848503    -0.005183227325972900    0.000000000000000000
7.585    0.000202050296166868    0.000267874028014720    0.000000000000000000    -0.005210433098823365    -0.004822527572125122    0.000000000000000000
7.590    0.000197014432727723    0.000276923592606446    0.000000000000000000    -0.005583169771079767    -0.004737301772851383    0.000000000000000000
7.595    0.000191838990044301    0.000285854724653850    0.000000000000000000    -0.006154242302744244    -0.004429659040869859    0.000000000000000000
7.600    0.000186509691303311    0.000294675115225233    0.000000000000000000    -0.006282096087339289    -0.004084133047215291    0.000000000000000000
7.605    0.000181023340160138    0.000303393402470435    0.000000000000000000    -0.006525257627047146    -0.003948210105248883    0.000000000000000000
7.610    0.000175373857576288    0.000312012984463007    0.000000000000000000    -0.006692856518886615    -0.003509563510268893    0.000000000000000000
7.615    0.000169557053579466    0.000320544827367821    0.000000000000000000    -0.006294420003068353    -0.002976258598411802    0.000000000000000000
7.620    0.000163582889082567    0.000329002263807675    0.000000000000000000    -0.005759250708689198    -0.002630468775412578    0.000000000000000000
7.625    0.000157464743317951    0.000337393938528144    0.000000000000000000    -0.004938473093686743    -0.002571651783861949    0.000000000000000000
7.630    0.000151223135725993    0.000345721321954016    0.000000000000000000    -0.004025427462457740    -0.002946741881313959    0.000000000000000000
7.635    0.000144880892447474    0.000353975036832855    0.000000000000000000    -0.003389510804661282    -0.003107950962205272    0.000000000000000000
7.640    0.000138453911398838    0.000362151052937640    0.000000000000000000    -0.003110064374297087    -0.003597706916369341    0.000000000000000000
7.645    0.000131949178740844    0.000370237126369515    0.000000000000000000    -0.002777521653495605    -0.004104002810400350    0.000000000000000000
7.650    0.000125375008041513    0.000378220599731130    0.000000000000000000    -0.002281458063690522    -0.004505756946604923    0.000000000000000000
7.655    0.000118743800890590    0.000386091429169080    0.000000000000000000    -0.001951960442930301    -0.004998113590027123    0.000000000000000000
7.660    0.000112063794728594    0.000393837305767279    0.000000000000000000    -0.001710107540620108    -0.005546735097894384    0.000000000000000000
7.665    0.000105341035878082    0.000401444513988031    0.000000000000000000    -0.001682767363821711    -0.006278667471308879    0.000000000000000000
7.670    0.000098576207843474    0.000408894755522000    0.000000000000000000    -0.001554917284279965    -0.006597664272158226    0.000000000000000000
7.675    0.000091772506876760    0.000416180055449165    0.000000000000000000    -0.001141971094846105    -0.006787752608629349    0.000000000000000000
7.680    0.000084940256632674    0.000423295661561115    0.000000000000000000    -0.000818627004103780    -0.006766001532871116    0.000000000000000000
7.685    0.000078087540713486    0.000430242117634742    0.000000000000000000    -0.001004244000304749    -0.006809336510703833    0.000000000000000000
7.690    0.000071209718694290    0.000437018340295602    0.000000000000000000    -0.001084194007087351    -0.006988126377228867    0.000000000000000000
7.695    0.000064304791824917    0.000443619859797032    0.000000000000000000    -0.001312546963842115    -0.006784896709201814    0.000000000000000000
7.700    0.000057367051281448    0.000450051756880731    0.000000000000000000    -0.001564046824406237    -0.006365285677742243    0.000000000000000000
7.705    0.000050390209567369    0.000456324521822487    0.000000000000000000    -0.001785758321832707    -0.006062528140667739    0.000000000000000000
7.710    0.000043368723895244    0.000462445723560726    0.000000000000000000    -0.001996887991835593    -0.005688944199602405    0.000000000000000000
7.715    0.000036297316023323    0.000468424701693975    0.000000000000000000    -0.002089543660566367    -0.005419582356975573    0.000000000000000000
7.720    0.000029173669559888    0.000474268190268299    0.000000000000000000    -0.002361340230242078    -0.005018023015335594    0.000000000000000000
7.725    0.000021990989590696    0.000479986228267241    0.000000000000000000    -0.002542336986250282    -0.004598428922589909    0.000000000000000000
7.730    0.000014744751196849    0.000485589305543117    0.000000000000000000    -0.002421103651826796    -0.004017452420337995    0.000000000000000000
7.735    0.000007437985211706    0.000491091946508485    0.000000000000000000    -0.002043432701624037    -0.003354142164065793    0.000000000000000000
7.740    0.000000080133409022    0.000496510733919751    0.000000000000000000    -0.001476707805202779    -0.002743339831295412    0.000000000000000000
7.745    -0.000007314636088791    0.000501860937835235    0.000000000000000000    -0.001099690400672308    -0.002065161223818029    0.000000000000000000
7.750    -0.000014736897846622    0.000507159512720124    0.000000000000000000    -0.000607256081455082    -0.001415358269972987    0.000000000000000000
7.755    -0.000022174341006489    0.000512422703648263    0.000000000000000000    0.000073728061615537    -0.000994304552967736    0.000000000000000000
7.760    -0.000029609940964816    0.000517661036962578    0.000000000000000000    0.000280914775160397    -0.000720394105180842    0.000000000000000000
7.765    -0.000037038518053763    0.000522881360424264    0.000000000000000000    0.000374553622424197    -0.000201206918838855    0.000000000000000000
7.770    -0.000044457731302150    0.000528096653712978    0.000000000000000000    0.000266615153245902    0.000481331466255577    0.000000000000000000
7.775    -0.000051870279171706    0.000533323980288349    0.000000000000000000    0.000303438716908722    0.001276770540035131    0.000000000000000000
7.780    -0.000059275241073339    0.000538583226127221    0.000000000000000000    0.000543651978474773    0.002024867056097703    0.000000000000000000
7.785    -0.000066666611675510    0.000543893093642495    0.000000000000000000    0.000497491804242803    0.002790490814855683    0.000000000000000000
7.790    -0.000074045544982575    0.000549272723428141    0.000000000000000000    0.000353402011022156    0.003505692336967271    0.000000000000000000
7.795    -0.000081415643239365    0.000554739995522211    0.000000000000000000    0.000417547776138311    0.004079087209032245    0.000000000000000000
7.800    -0.000088775302801751    0.000560309244796506    0.000000000000000000    0.000401270275363639    0.004504628370776212    0.000000000000000000
7.805    -0.000096124930607253    0.000565991109780071    0.000000000000000000    0.000587094893429187    0.004904284880368447    0.000000000000000000
7.810    -0.000103459881040419    0.000571795581885646    0.000000000000000000    0.000713353956598465    0.005049347919089398    0.000000000000000000
7.815    -0.000110776997624671    0.000577726287689197    0.000000000000000000    0.000686037843130607    0.004804037802546429    0.000000000000000000
7.820    -0.000118076963262844    0.000583777094437812    0.000000000000000000    0.000817306711416751    0.004789631996150560    0.000000000000000000
7.825    -0.000125356496233231    0.000589947641986331    0.000000000000000000    0.000984857710942190    0.004558141007931886    0.000000000000000000
7.830    -0.000132611407760845    0.000596232143060048    0.000000000000000000    0.001293068308176690    0.004315516563759177    0.000000000000000000
7.835    -0.000139833992580755    0.000602624532047860    0.000000000000000000    0.001371293197529200    0.003841733478195802    0.000000000000000000
7.840    -0.000147022295070727    0.000609112964372626    0.000000000000000000    0.001457794582346164    0.003424207364703669    0.000000000000000000
7.845    -0.000154174152696139    0.000615687001881509    0.000000000000000000    0.001752526682224356    0.002856679619106517    0.000000000000000000
7.850    -0.000161282197154497    0.000622332456380871    0.000000000000000000    0.002067993746681209    0.002089681852860889    0.000000000000000000
7.855    -0.000168338541769187    0.000629030152926553    0.000000000000000000    0.001882855275888015    0.001588293373940008    0.000000000000000000
7.860    -0.000175347815001980    0.000635767556806585    0.000000000000000000    0.001818604467621575    0.000901246827765892    0.000000000000000000
7.865    -0.000182311623123082    0.000642527491857310    0.000000000000000000    0.002259988218739160    0.000269564009547189    0.000000000000000000
7.870    -0.000189218931538716    0.000649294166008274    0.000000000000000000    0.002598493595721077    -0.000399152909709086    0.000000000000000000
7.875    -0.000196061277614457    0.000656050861336496    0.000000000000000000    0.002680157442005310    -0.000758481825350460    0.000000000000000000
7.880    -0.000202836619754148    0.000662788594619084    0.000000000000000000    0.002717118408222200    -0.001155960074159142    0.000000000000000000
7.885    -0.000209544033933633    0.000669497428899817    0.000000000000000000    0.002972532762683536    -0.001773815258097194    0.000000000000000000
7.890    -0.000216177134794051    0.000676161917799099    0.000000000000000000    0.002964595787641492    -0.002204247588023442    0.000000000000000000
7.895    -0.000222736120759778    0.000682771300508679    0.000000000000000000    0.003154937595374607    -0.002550162600182919    0.000000000000000000
7.900    -0.000229216233285621    0.000689316929153255    0.000000000000000000    0.003493612501614778    -0.003137664258074171    0.000000000000000000
7.905    -0.000235609005498923    0.000695784116191380    0.000000000000000000    0.003975222582235007    -0.003848572461906744    0.000000000000000000
7.910    -0.000241902397147670    0.000702155088917956    0.000000000000000000    0.004204535619862539    -0.004942718440344510    0.000000000000000000
7.915    -0.000248090675405920    0.000708402493683524    0.000000000000000000    0.004882498827572671    -0.006109474413630578    0.000000000000000000
7.920    -0.000254156891193480    0.000714497161588751    0.000000000000000000    0.005228045493203739    -0.007068501577775672    0.000000000000000000
7.925    -0.000260092405843711    0.000720415116954534    0.000000000000000000    0.005599639339578470    -0.008008765765049781    0.000000000000000000
7.930    -0.000265887929510452    0.000726132853176191    0.000000000000000000    0.005867181268178964    -0.008521087080091451    0.000000000000000000
7.935    -0.000271536773645488    0.000731637562220845    0.000000000000000000    0.006221257637295443    -0.009080703560998375    0.000000000000000000
7.940    -0.000277030086339593    0.000736915253676474    0.000000000000000000    0.006937986079238925    -0.009328686620792628    0.000000000000000000
7.945    -0.000282349949381716    0.000741959727966584    0.000000000000000000    0.007430079174005570    -0.009106074714696280    0.000000000000000000
7.950    -0.000287484060444489    0.000746776550388826    0.000000000000000000    0.007632399108877929    -0.008779594810326419    0.000000000000000000
7.955    -0.000292427361529540    0.000751373882940810    0.000000000000000000    0.007956313260678617    -0.008085232792070032    0.000000000000000000
7.960    -0.000297171754783074    0.000755769084672992    0.000000000000000000    0.008415721294522272    -0.007077612337045083    0.000000000000000000
7.965    -0.000301705755004245    0.000759987346096748    0.000000000000000000    0.008940088094104310    -0.005937416772306033    0.000000000000000000
7.970    -0.000306016253023064    0.000764057172101197    0.000000000000000000    0.009531207767750176    -0.004706589024012012    0.000000000000000000
7.975    -0.000310088470847689    0.000768009333380045    0.000000000000000000    0.009795606179441221    -0.003549472853306250    0.000000000000000000
7.980    -0.000313915798517827    0.000771872757837560    0.000000000000000000    0.010169355451246104    -0.002502412662151558    0.000000000000000000
7.985    -0.000317488892301685    0.000775673621978522    0.000000000000000000    0.010707466998453354    -0.001276483923059318    0.000000000000000000
7.990    -0.000320794299410581    0.000779442574021407    0.000000000000000000    0.010657053732382980    -0.000024618636903367    0.000000000000000000
7.995    -0.000323833280176168    0.000783210910598370    0.000000000000000000    0.010308456812988150    0.000993173334459113    0.000000000000000000
8.000    -0.000326614549521430    0.000787004076508694    0.000000000000000000    0.009795347242350701    0.001802793666671847    0.000000000000000000
8.005    -0.000329150935185633    0.000790842312260685    0.000000000000000000    0.009181496654062961    0.002442560508887637    0.000000000000000000
8.010    -0.000331457783433485    0.000794741612025398    0.000000000000000000    0.008765566097200354    0.002799191678201467    0.000000000000000000
8.015    -0.000333545492528906    0.000798710891582066    0.000000000000000000    0.008012795754705569    0.003345275816708966    0.000000000000000000
8.020    -0.000335432881730460    0.000802763803034152    0.000000000000000000    0.007528039042618666    0.003836447001336236    0.000000000000000000
8.025    -0.000337132069955949    0.000806912625661271    0.000000000000000000    0.007344035233990045    0.004137169643063897    0.000000000000000000
8.030    -0.000338647657300587    0.000811164877529467    0.000000000000000000    0.007200248706284041    0.004038937789834982    0.000000000000000000
8.035    -0.000339983238427569    0.000815518102842409    0.000000000000000000    0.006937990504672469    0.003905206597963791    0.000000000000000000
8.040    -0.000341145369791934    0.000819968958320299    0.000000000000000000    0.006417478597491814    0.003908696038926532    0.000000000000000000
8.045    -0.000342147064191361    0.000824517531199163    0.000000000000000000    0.006068357719551162    0.003801547330808605    0.000000000000000000
8.050    -0.000342997049647800    0.000829161142761298    0.000000000000000000    0.005780929829073914    0.003753463479298780    0.000000000000000000
8.055    -0.000343702511858512    0.000833898590910414    0.000000000000000000    0.006132470011445835    0.003449897065313512    0.000000000000000000
8.060    -0.000344254662318938    0.000838722286486164    0.000000000000000000    0.006579869112964369    0.003227159497670024    0.000000000000000000
8.065    -0.000344642316051539    0.000843626661049355    0.000000000000000000    0.006684025203446391    0.002912570946909422    0.000000000000000000
8.070    -0.000344862869154055    0.000848603849886219    0.000000000000000000    0.007088823636381900    0.002399000570900249    0.000000000000000000
8.075    -0.000344906201665661    0.000853641013737355    0.000000000000000000    0.007899640074946618    0.002076570673999537    0.000000000000000000
8.080    -0.000344752043175393    0.000858730091855342    0.000000000000000000    0.008674656425365634    0.001898035560318756    0.000000000000000000
8.085    -0.000344381018274491    0.000863866620862336    0.000000000000000000    0.008776289296681498    0.001430510517268398    0.000000000000000000
8.090    -0.000343790586141172    0.000869038912632263    0.000000000000000000    0.008629195266934148    0.001144856484219282    0.000000000000000000
8.095    -0.000342984424126180    0.000874239825814294    0.000000000000000000    0.008812165977409303    0.000718302150030069    0.000000000000000000
8.100    -0.000341957957961753    0.000879458696550077    0.000000000000000000    0.008761047968835426    -0.000002264547859128    0.000000000000000000
8.105    -0.000340712465598104    0.000884677510672162    0.000000000000000000    0.008229657830270513    -0.000528145092004891    0.000000000000000000
8.110    -0.000339261231788699    0.000889883121166948    0.000000000000000000    0.007634905189390310    -0.000830826448316307    0.000000000000000000
8.115    -0.000337619125349559    0.000895067961000526    0.000000000000000000    0.006789505630979027    -0.001151935277612752    0.000000000000000000
8.120    -0.000335807281269645    0.000900224002452164    0.000000000000000000    0.005955177239159743    -0.001592362390704163    0.000000000000000000
8.125    -0.000333846557758752    0.000905340234844034    0.000000000000000000    0.005017604603253269    -0.001717623633293482    0.000000000000000000
8.130    -0.000331760394132777    0.000910413526645071    0.000000000000000000    0.003891161305218105    -0.001742793644663766    0.000000000000000000
8.135    -0.000329576951474172    0.000915443248604992    0.000000000000000000    0.002738391210893067    -0.001839802429111012    0.000000000000000000
8.140    -0.000327325049035294    0.000920426975504186    0.000000000000000000    0.001503010732973459    -0.001900214600860511    0.000000000000000000
8.145    -0.000325035571328093    0.000925363197038357    0.000000000000000000    0.000112469375646452    -0.001744280021813600    0.000000000000000000
8.150    -0.000322743281886500    0.000930255811571984    0.000000000000000000    -0.001251912523788593    -0.001574590374840007    0.000000000000000000
8.155    -0.000320482290258001    0.000935109061346239    0.000000000000000000    -0.002458212276879122    -0.001459206364629040    0.000000000000000000
8.160    -0.000318282753936425    0.000939925830961379    0.000000000000000000    -0.003368993250422569    -0.001226110548763724    0.000000000000000000
8.165    -0.000316167442446109    0.000944711947812799    0.000000000000000000    -0.004165220500315040    -0.001101098744305147    0.000000000000000000
8.170    -0.000314156261468301    0.000949470537195612    0.000000000000000000    -0.004825876922789560    -0.000944592429656665    0.000000000000000000
8.175    -0.000312265727413563    0.000954205511767684    0.000000000000000000    -0.005702232126968913    -0.000583558833556000    0.000000000000000000
8.180    -0.000310517749162000    0.000958925897368916    0.000000000000000000    -0.006879523377647211    0.000016314470048344    0.000000000000000000
8.185    -0.000308941758994877    0.000963646690831900    0.000000000000000000    -0.007598268909421359    0.000881786228544394    0.000000000000000000
8.190    -0.000307555725550490    0.000968389528950598    0.000000000000000000    -0.008347530587153335    0.001259347660845407    0.000000000000000000
8.195    -0.000306378380370781    0.000973163850760816    0.000000000000000000    -0.008991462929117643    0.001453649811694255    0.000000000000000000
8.200    -0.000305425821764301    0.000977974513816327    0.000000000000000000    -0.009514046959619750    0.001697580900520551    0.000000000000000000
8.205    -0.000304711114331811    0.000982827616394351    0.000000000000000000    -0.010145576981506008    0.001639952377065559    0.000000000000000000
8.210    -0.000304250046323859    0.000987721717781802    0.000000000000000000    -0.010627234662355118    0.001413442796771927    0.000000000000000000
8.215    -0.000304054659182466    0.000992651155239172    0.000000000000000000    -0.010683700970707307    0.001026134566666295    0.000000000000000000
8.220    -0.000304126364565340    0.000997606246060708    0.000000000000000000    -0.010816071965918331    0.000770659104717616    0.000000000000000000
8.225    -0.000304468471747362    0.001002580603359863    0.000000000000000000    -0.010681286746032099    0.000563401235048958    0.000000000000000000
8.230    -0.000305077611098035    0.001007569045689894    0.000000000000000000    -0.010414978546318884    0.000212496267300993    0.000000000000000000
8.235    -0.000305947124912366    0.001012562800426607    0.000000000000000000    -0.010368929408033790    -0.000174803943975982    0.000000000000000000
8.240    -0.000307075861961898    0.001017552185064721    0.000000000000000000    -0.009814311922394080    -0.000775432441044513    0.000000000000000000
8.245    -0.000308449956809490    0.001022522183891808    0.000000000000000000    -0.009387629834125850    -0.001444533714147281    0.000000000000000000
8.250    -0.000310058742402935    0.001027456069376042    0.000000000000000000    -0.008677039205822953    -0.002109636645453508    0.000000000000000000
8.255    -0.000311884453976525    0.001032337213944140    0.000000000000000000    -0.008004754133330693    -0.002670503615057399    0.000000000000000000
8.260    -0.000313910284403449    0.001037151595921861    0.000000000000000000    -0.007343559114201918    -0.003056174064826334    0.000000000000000000
8.265    -0.000316119703808228    0.001041889573547962    0.000000000000000000    -0.006488793332409988    -0.003562680839343593    0.000000000000000000
8.270    -0.000318491343046317    0.001046538484153079    0.000000000000000000    -0.005361405177575686    -0.004234413046033669    0.000000000000000000
8.275    -0.000320997017413845    0.001051081534432045    0.000000000000000000    -0.004552647270004203    -0.004585642722843356    0.000000000000000000
8.280    -0.000323616507963124    0.001055509943642940    0.000000000000000000    -0.003355757641002044    -0.004954244407530395    0.000000000000000000
8.285    -0.000326319892453427    0.001059814496743647    0.000000000000000000    -0.002028530701218487    -0.005346743992707542    0.000000000000000000
8.290    -0.000329073990211261    0.001063985381244536    0.000000000000000000    -0.000685781349394309    -0.005379405226069514    0.000000000000000000
8.295    -0.000331845232502830    0.001068021780614774    0.000000000000000000    0.000506580320304775    -0.005282299305612095    0.000000000000000000
8.300    -0.000334603810286392    0.001071926122502371    0.000000000000000000    0.001561651383410068    -0.005252065134282377    0.000000000000000000
8.305    -0.000337323346785368    0.001075699162761611    0.000000000000000000    0.002711377302712370    -0.005348376001584540    0.000000000000000000
8.310    -0.000339975098851776    0.001079338493620811    0.000000000000000000    0.003765161577082201    -0.005425707996315962    0.000000000000000000
8.315    -0.000342532721878757    0.001082842181780104    0.000000000000000000    0.004903365202974311    -0.005267031423575319    0.000000000000000000
8.320    -0.000344967760775664    0.001086214194153807    0.000000000000000000    0.006362638709615787    -0.005073893836835680    0.000000000000000000
8.325    -0.000347243733704830    0.001089459359181589    0.000000000000000000    0.007908875498227781    -0.004900388824551072    0.000000000000000000
8.330    -0.000349321984746541    0.001092582014488758    0.000000000000000000    0.008725722575296264    -0.004758024449574849    0.000000000000000000
8.335    -0.000351182092723869    0.001095585719184687    0.000000000000000000    0.009723057323085191    -0.004725109596075833    0.000000000000000000
8.340    -0.000352799124268121    0.001098471296140714    0.000000000000000000    0.010669017189268281    -0.004567333193898279    0.000000000000000000
8.345    -0.000354149430382640    0.001101242689766894    0.000000000000000000    0.011006091860414277    -0.004476645022264553    0.000000000000000000
8.350    -0.000355224584200649    0.001103902167267517    0.000000000000000000    0.011105261168479173    -0.004624280474409270    0.000000000000000000
8.355    -0.000356022106489446    0.001106446037756280    0.000000000000000000    0.011130918856155046    -0.004802084212036581    0.000000000000000000
8.360    -0.000356541355806840    0.001108869856139742    0.000000000000000000    0.010951368429941866    -0.005095198952727656    0.000000000000000000
8.365    -0.000356786820913484    0.001111166294549386    0.000000000000000000    0.010205765618499264    -0.005517872484969710    0.000000000000000000
8.370    -0.000356777141879667    0.001113324786146905    0.000000000000000000    0.009703312382057950    -0.005569692660680955    0.000000000000000000
8.375    -0.000356524880036297    0.001115344035427908    0.000000000000000000    0.009168691190830202    -0.005649546350782256    0.000000000000000000
8.380    -0.000356043400913157    0.001117222046050141    0.000000000000000000    0.008635748285365855    -0.005615402578094605    0.000000000000000000
8.385    -0.000355346028082883    0.001118959671607922    0.000000000000000000    0.007825961018882895    -0.005430826246974330    0.000000000000000000
8.390    -0.000354453006227137    0.001120561526509528    0.000000000000000000    0.007097731121172898    -0.005439877890324116    0.000000000000000000
8.395    -0.000353382541093362    0.001122027384463876    0.000000000000000000    0.006551540745142279    -0.005354539576504086    0.000000000000000000
8.400    -0.000352148287440957    0.001123359378928811    0.000000000000000000    0.006011293994905020    -0.005303795696937064    0.000000000000000000
8.405    -0.000350763751438681    0.001124558778501324    0.000000000000000000    0.005512514158528738    -0.005197187856464947    0.000000000000000000
8.410    -0.000349241402582441    0.001125628248377424    0.000000000000000000    0.005273486731220082    -0.004976072596708445    0.000000000000000000
8.415    -0.000347587216557920    0.001126573316438607    0.000000000000000000    0.005114525595418390    -0.004587062158783670    0.000000000000000000
8.420    -0.000345805167393515    0.001127403707945820    0.000000000000000000    0.004925275030958319    -0.004205855642924750    0.000000000000000000
8.425    -0.000343899986353335    0.001128128953061960    0.000000000000000000    0.004829667476337687    -0.003781564060284168    0.000000000000000000
8.430    -0.000341874063626247    0.001128759659076593    0.000000000000000000    0.004430969587335045    -0.003511201876289435    0.000000000000000000
8.435    -0.000339737366659475    0.001129302585044319    0.000000000000000000    0.004352854281021792    -0.003130496829886753    0.000000000000000000
8.440    -0.000337491848335678    0.001129767248591298    0.000000000000000000    0.004151800304847981    -0.002779171801919542    0.000000000000000000
8.445    -0.000335142535004259    0.001130162432843228    0.000000000000000000    0.003554299992233542    -0.002394516628338381    0.000000000000000000
8.450    -0.000332704364173035    0.001130497754179450    0.000000000000000000    0.003213589932090331    -0.002102399752294121    0.000000000000000000
8.455    -0.000330185853593509    0.001130780515521865    0.000000000000000000    0.002470693697986283    -0.001837701102298805    0.000000000000000000
8.460    -0.000327605575671532    0.001131017334336722    0.000000000000000000    0.001611342562433168    -0.001850630758533367    0.000000000000000000
8.465    -0.000324985014185495    0.001131207887382616    0.000000000000000000    0.001147532431536747    -0.001908225269577415    0.000000000000000000
8.470    -0.000322335764388670    0.001131350734796771    0.000000000000000000    0.000299153472857298    -0.001930899658853305    0.000000000000000000
8.475    -0.000319679035755023    0.001131445309719454    0.000000000000000000    -0.000462951380449366    -0.002386596032778743    0.000000000000000000
8.480    -0.000317033880905888    0.001131480219741318    0.000000000000000000    -0.001345840956277090    -0.003060677052895561    0.000000000000000000
8.485    -0.000314422372080659    0.001131438612836859    0.000000000000000000    -0.002273146285849004    -0.003568115461887247    0.000000000000000000
8.490    -0.000311867691912577    0.001131307803045853    0.000000000000000000    -0.002837532997023579    -0.004215858232349892    0.000000000000000000
8.495    -0.000309383950069420    0.001131071596799039    0.000000000000000000    -0.003296788616867843    -0.004985544788897039    0.000000000000000000
8.500    -0.000306982627941685    0.001130710751932502    0.000000000000000000    -0.003777836372269132    -0.005883210482324208    0.000000000000000000
8.505    -0.000304675751723256    0.001130202826803907    0.000000000000000000    -0.004364366457726334    -0.006544178012607080    0.000000000000000000
8.510    -0.000302477984666271    0.001129531297224996    0.000000000000000000    -0.004763344359944282    -0.007236574534452006    0.000000000000000000
8.515    -0.000300399301218284    0.001128678853282725    0.000000000000000000    -0.004730196404641347    -0.008097512499615975    0.000000000000000000
8.520    -0.000298438872680414    0.001127623971527963    0.000000000000000000    -0.004895086185955928    -0.008698507020258803    0.000000000000000000
8.525    -0.000296600821297192    0.001126351627097694    0.000000000000000000    -0.005084596939894468    -0.009004260732772135    0.000000000000000000
8.530    -0.000294889884837468    0.001124854176149107    0.000000000000000000    -0.004364919426174275    -0.009162950089479371    0.000000000000000000
8.535    -0.000293288071363398    0.001123127651448282    0.000000000000000000    -0.003836889225380079    -0.009554637392808832    0.000000000000000000
8.540    -0.000291782180119962    0.001121162260812637    0.000000000000000000    -0.002795694145935491    -0.009911444480573475    0.000000000000000000
8.545    -0.000290346181230175    0.001118949084064978    0.000000000000000000    -0.001682143799903654    -0.010074286170775118    0.000000000000000000
8.550    -0.000288952235935385    0.001116484050163049    0.000000000000000000    -0.001201585345111944    -0.010220763164850780    0.000000000000000000
8.555    -0.000287588330274224    0.001113763497181999    0.000000000000000000    -0.000840971579045731    -0.009972386886920523    0.000000000000000000
8.560    -0.000286245448902538    0.001110793634528776    0.000000000000000000    -0.000499148191774549    -0.009805554051405332    0.000000000000000000
8.565    -0.000284915046235647    0.001107578633024268    0.000000000000000000    0.000005898931072345    -0.009419842894884192    0.000000000000000000
8.570    -0.000283584496095479    0.001104128135447388    0.000000000000000000    0.000167730375224846    -0.009203900724974803    0.000000000000000000
8.575    -0.000282249752695930    0.001100447540352383    0.000000000000000000    -0.000218109696558007    -0.009111248440354242    0.000000000000000000
8.580    -0.000280920462038795    0.001096539164046370    0.000000000000000000    -0.000626151262172157    -0.009023617656023913    0.000000000000000000
8.585    -0.000279606825163215    0.001092405197298956    0.000000000000000000    -0.001071974868890966    -0.009013430761510219    0.000000000000000000
8.590    -0.000278319987659357    0.001088045894782504    0.000000000000000000    -0.001565882003821354    -0.009305765766446164    0.000000000000000000
8.595    -0.000277072297205594    0.001083453948121891    0.000000000000000000    -0.001843111745111498    -0.009452381619029851    0.000000000000000000
8.600    -0.000275870684545460    0.001078625691920802    0.000000000000000000    -0.002323368739783321    -0.009420502076074727    0.000000000000000000
8.605    -0.000274727156103819    0.001073561923167812    0.000000000000000000    -0.002555235487544834    -0.009524480804410512    0.000000000000000000
8.610    -0.000273647508549368    0.001068260042394711    0.000000000000000000    -0.002686958343919420    -0.009801784760692447    0.000000000000000000
8.615    -0.000272635034953514    0.001062713117002593    0.000000000000000000    -0.002815964691290588    -0.009881636280932235    0.000000000000000000
8.620    -0.000271692960474943    0.001056919150703451    0.000000000000000000    -0.002892444780848002    -0.009732910000257583    0.000000000000000000
8.625    -0.000270823197115893    0.001050881861654304    0.000000000000000000    -0.002753958945238624    -0.009582916183558873    0.000000000000000000
8.630    -0.000270022282730473    0.001044604999700567    0.000000000000000000    -0.002685624431240756    -0.009316113162120832    0.000000000000000000
8.635    -0.000269288508955835    0.001038095234917777    0.000000000000000000    -0.002052500684861843    -0.008967114168787621    0.000000000000000000
8.640    -0.000268606047698319    0.001031361292280767    0.000000000000000000    -0.001581866744654846    -0.008833182384938507    0.000000000000000000
8.645    -0.000267963133109418    0.001024406520084134    0.000000000000000000    -0.001260580549664655    -0.008271547489498848    0.000000000000000000
8.650    -0.000267351733034260    0.001017244959200264    0.000000000000000000    -0.001171211999075310    -0.007410313531660065    0.000000000000000000
8.655    -0.000266769613259078    0.001009898140478102    0.000000000000000000    -0.001138510880094659    -0.007060653783360488    0.000000000000000000
8.660    -0.000266215956255899    0.001002374805411356    0.000000000000000000    -0.000605598884223773    -0.006499670810846195    0.000000000000000000
8.665    -0.000265677439224825    0.000994688978574339    0.000000000000000000    0.000088160246173620    -0.005685817966293721    0.000000000000000000
8.670    -0.000265136718187597    0.000986861006288164    0.000000000000000000    0.000835149205338434    -0.004996452240176030    0.000000000000000000
8.675    -0.000264575118420235    0.000978908122695985    0.000000000000000000    0.001510765410119106    -0.004394536263756937    0.000000000000000000
8.680    -0.000263975749517621    0.000970845375697212    0.000000000000000000    0.001973291752584063    -0.003742555079863305    0.000000000000000000
8.685    -0.000263327048321191    0.000962689064821443    0.000000000000000000    0.002274760651011822    -0.003149000384985480    0.000000000000000000
8.690    -0.000262621478108487    0.000954454028936049    0.000000000000000000    0.002337781897809345    -0.002578473852379685    0.000000000000000000
8.695    -0.000261857463348337    0.000946154531204345    0.000000000000000000    0.002528174790402543    -0.002194899529381171    0.000000000000000000
8.700    -0.000261030244218428    0.000937800160984407    0.000000000000000000    0.002582215539784476    -0.001434399141278866    0.000000000000000000
8.705    -0.000260138469700023    0.000929409930785937    0.000000000000000000    0.002746931006035805    -0.000847366887430159    0.000000000000000000
8.710    -0.000259178021906468    0.000920998516415282    0.000000000000000000    0.002878523420531305    -0.000642874685126762    0.000000000000000000
8.715    -0.000258145611027399    0.000912571030177498    0.000000000000000000    0.002596834717716497    -0.000124166402238127    0.000000000000000000
8.720    -0.000257048279280388    0.000904140439779658    0.000000000000000000    0.002546454843624542    0.000155062063753389    0.000000000000000000
8.725    -0.000255887286162286    0.000895713725933412    0.000000000000000000    0.002435787689626916    0.000515082248602437    0.000000000000000000
8.730    -0.000254665398351943    0.000887299889143381    0.000000000000000000    0.002347540966386470    0.000686496834877669    0.000000000000000000
8.735    -0.000253384822017441    0.000878903214774222    0.000000000000000000    0.002287661922219849    0.000804022449504144    0.000000000000000000
8.740    -0.000252047054134883    0.000870526640966300    0.000000000000000000    0.002210873184386227    0.001159446177895554    0.000000000000000000
8.745    -0.000250654014422715    0.000862179053312826    0.000000000000000000    0.002192456907787899    0.001250006943830442    0.000000000000000000
8.750    -0.000249206163287853    0.000853862715832948    0.000000000000000000    0.002130956516727730    0.001639158801265868    0.000000000000000000
8.755    -0.000247705038240072    0.000845587357323101    0.000000000000000000    0.002330186812981357    0.002148357934697066    0.000000000000000000
8.760    -0.000246145658521968    0.000837365707761622    0.000000000000000000    0.002484190274158488    0.002254957729356903    0.000000000000000000
8.765    -0.000244524174047009    0.000829200432143376    0.000000000000000000    0.002565789127479453    0.002549810186403337    0.000000000000000000
8.770    -0.000242838544843863    0.000821098901779791    0.000000000000000000    0.002582649155796497    0.002942833330229176    0.000000000000000000
8.775    -0.000241088349411822    0.000813070942249462    0.000000000000000000    0.002486968746298352    0.003280005079066110    0.000000000000000000
8.780    -0.000239275979761123    0.000805124982846109    0.000000000000000000    0.002401987686786924    0.003505236359480600    0.000000000000000000
8.785    -0.000237403560418255    0.000797266654351743    0.000000000000000000    0.002080128311641050    0.003719288266847143    0.000000000000000000
8.790    -0.000235479137867596    0.000789501308064048    0.000000000000000000    0.001620964093116892    0.004274538758222354    0.000000000000000000
8.795    -0.000233514191214609    0.000781842825245309    0.000000000000000000    0.001296420034454940    0.004821651571344961    0.000000000000000000
8.800    -0.000231516834060761    0.000774304883715854    0.000000000000000000    0.001007280717618990    0.004857651080950910    0.000000000000000000
8.805    -0.000229494294888972    0.000766888383463422    0.000000000000000000    0.000673830357404660    0.004951334655009000    0.000000000000000000
8.810    -0.000227454909958248    0.000759595666577366    0.000000000000000000    0.000668015545574920    0.004975187751312705    0.000000000000000000
8.815    -0.000225398824638885    0.000752427329385092    0.000000000000000000    0.000437005210838755    0.004770679382618166    0.000000000000000000
8.820    -0.000223331814189251    0.000745378259177384    0.000000000000000000    0.000031602463042291    0.004485669861239647    0.000000000000000000
8.825    -0.000221264013678040    0.000738441330716206    0.000000000000000000    -0.000296577731092240    0.004073662272000532    0.000000000000000000
8.830    -0.000219203627610107    0.000731606243811829    0.000000000000000000    -0.000502028014029779    0.003616988037387706    0.000000000000000000
8.835    -0.000217155792242525    0.000724861581608387    0.000000000000000000    -0.000548141188243126    0.002715769617249626    0.000000000000000000
8.840    -0.000215121660404649    0.000718184813645375    0.000000000000000000    -0.000469914778548604    0.001813269686571500    0.000000000000000000
8.845    -0.000213099276436237    0.000711553377424528    0.000000000000000000    -0.000337917322992733    0.000807905707910818    0.000000000000000000
8.850    -0.000211085340400899    0.000704942138846379    0.000000000000000000    0.000014979550625079    -0.000109568811497776    0.000000000000000000
8.855    -0.000209071029876796    0.000698328161047943    0.000000000000000000    0.000337672801563804    -0.000973504014002875    0.000000000000000000
8.860    -0.000207048277532653    0.000691689845649156    0.000000000000000000    0.000480617841260977    -0.001926291493081593    0.000000000000000000
8.865    -0.000205013509742479    0.000685003372963042    0.000000000000000000    0.000743942233651877    -0.002801868390620889    0.000000000000000000
8.870    -0.000202960143396464    0.000678246853567163    0.000000000000000000    0.000992137265950566    -0.003746998553412484    0.000000000000000000
8.875    -0.000200881973618800    0.000671396659207448    0.000000000000000000    0.001341054628676555    -0.004633557977688774    0.000000000000000000
8.880    -0.000198770277475419    0.000664430625898291    0.000000000000000000    0.001408540573243555    -0.005242297524284643    0.000000000000000000
8.885    -0.000196623367817707    0.000657333535151027    0.000000000000000000    0.001670788885934932    -0.005664146825882024    0.000000000000000000
8.890    -0.000194434688437847    0.000650094840733116    0.000000000000000000    0.002128933764454976    -0.005990520033877060    0.000000000000000000
8.895    -0.000192192785713875    0.000642706383314358    0.000000000000000000    0.002472486052948648    -0.006002816149296326    0.000000000000000000
8.900    -0.000189889070838580    0.000635167855491868    0.000000000000000000    0.002500785537032889    -0.005869171927552416    0.000000000000000000
8.905    -0.000187522836324859    0.000627482598371189    0.000000000000000000    0.002503556178234164    -0.005431744451054807    0.000000000000000000
8.910    -0.000185094012906681    0.000619661547639234    0.000000000000000000    0.002779913651186020    -0.004847960243278653    0.000000000000000000
8.915    -0.000182595691647225    0.000611719297901196    0.000000000000000000    0.002403608070176023    -0.004390444112863622    0.000000000000000000
8.920    -0.000180037280186014    0.000603667287060337    0.000000000000000000    0.002284104752569866    -0.003878553556050518    0.000000000000000000
8.925    -0.000177421766105988    0.000595518312380577    0.000000000000000000    0.002198188108952590    -0.003112783142082860    0.000000000000000000
8.930    -0.000174751297323239    0.000587291518122264    0.000000000000000000    0.001704525028143732    -0.002478431119588148    0.000000000000000000
8.935    -0.000172038215414786    0.000579002763085962    0.000000000000000000    0.001362803005898949    -0.001625755836251984    0.000000000000000000
8.940    -0.000169291063431186    0.000570673364153754    0.000000000000000000    0.001189388590068291    -0.000873897462905400    0.000000000000000000
8.945    -0.000166514176732834    0.000562322117784973    0.000000000000000000    0.001024758715149161    -0.000323259811930640    0.000000000000000000
8.950    -0.000163711671066603    0.000553962789920893    0.000000000000000000    0.000661562146587850    0.000196351064973149    0.000000000000000000
8.955    -0.000160892626346708    0.000545608370833438    0.000000000000000000    0.000257405901914545    0.000755900038361401    0.000000000000000000
8.960    -0.000158067146479264    0.000537272849246943    0.000000000000000000    0.000369266018789092    0.001392561263459553    0.000000000000000000
8.965    -0.000155232434961351    0.000528972141692033    0.000000000000000000    0.000727766826518362    0.002256576396839939    0.000000000000000000
8.970    -0.000152379529272775    0.000520727848547045    0.000000000000000000    0.000828753637712593    0.003252378121309032    0.000000000000000000
8.975    -0.000149505904743257    0.000512564864855089    0.000000000000000000    0.000740242961199929    0.003825426543820933    0.000000000000000000
8.980    -0.000146613774139708    0.000504497516826729    0.000000000000000000    0.000991146136837106    0.004648043883280148    0.000000000000000000
8.985    -0.000143696864882738    0.000496546369895450    0.000000000000000000    0.001113013531144590    0.005307760543890420    0.000000000000000000
8.990    -0.000140752130287490    0.000488727916977770    0.000000000000000000    0.001048235229301987    0.005861695108462343    0.000000000000000000
8.995    -0.000137781189811509    0.000481056006437800    0.000000000000000000    0.001290254776479573    0.006666882611202664    0.000000000000000000
9.000    -0.000134777992966116    0.000473550767963111    0.000000000000000000    0.001578907702920332    0.007750084584684687    0.000000000000000000
9.005    -0.000131735323428150    0.000466239281603039    0.000000000000000000    0.001478404109510464    0.008692439088127651    0.000000000000000000
9.010    -0.000128655693787447    0.000459145106220170    0.000000000000000000    0.001131319046584643    0.009478275759550875    0.000000000000000000
9.015    -0.000125547781170578    0.000452287887731289    0.000000000000000000    0.001158652892123196    0.010187143885537209    0.000000000000000000
9.020    -0.000122410902231407    0.000445685347839548    0.000000000000000000    0.000907675646777319    0.011138266784228336    0.000000000000000000
9.025    -0.000119251331401066    0.000439361264617412    0.000000000000000000    0.000575667458609921    0.011765507039870546    0.000000000000000000
9.030    -0.000116077368884260    0.000433331319071272    0.000000000000000000    0.000551504669867421    0.012012647416339336    0.000000000000000000
9.035    -0.000112889618750708    0.000427601689710541    0.000000000000000000    0.000606485480300818    0.011910180404170294    0.000000000000000000
9.040    -0.000109686706480147    0.000422169814859915    0.000000000000000000    0.001176970829605268    0.011893958974534564    0.000000000000000000
9.045    -0.000106454369938847    0.000417035288983652    0.000000000000000000    0.001500226568329835    0.011735946440925762    0.000000000000000000
9.050    -0.000103184527733339    0.000412194161768411    0.000000000000000000    0.001607238802152355    0.011644967994866445    0.000000000000000000
9.055    -0.000099874504557776    0.000407644158753043    0.000000000000000000    0.001809950081880542    0.011224051255668763    0.000000000000000000
9.060    -0.000096519232630167    0.000403374757019066    0.000000000000000000    0.002054050188637457    0.010593717651866466    0.000000000000000000
9.065    -0.000093112609447841    0.000399370198226386    0.000000000000000000    0.001743570030171299    0.009873184445307638    0.000000000000000000
9.070    -0.000089662397014762    0.000395612469044839    0.000000000000000000    0.001518533291210611    0.009141519521776997    0.000000000000000000
9.075    -0.000086174221249402    0.000392083277851336    0.000000000000000000    0.001155840963670525    0.008750580260509858    0.000000000000000000
9.080    -0.000082657149459950    0.000388772851164346    0.000000000000000000    0.000936048453772887    0.008220306974059208    0.000000000000000000
9.085    -0.000079116676459154    0.000385667932151707    0.000000000000000000    0.001002229979598897    0.007498567454286998    0.000000000000000000
9.090    -0.000075551147708868    0.000382750477325426    0.000000000000000000    0.000954496566593242    0.007237506187082483    0.000000000000000000
9.095    -0.000071961756544418    0.000380013960153821    0.000000000000000000    0.000759528216473081    0.007082925133612781    0.000000000000000000
9.100    -0.000068353377174555    0.000377454516110557    0.000000000000000000    0.000158972733336148    0.006677806423029554    0.000000000000000000
9.105    -0.000064741023486359    0.000375062017227869    0.000000000000000000    0.000152979793005418    0.006501817757130143    0.000000000000000000
9.110    -0.000061124845303338    0.000372832063789108    0.000000000000000000    -0.000003323942242869    0.006614225388646821    0.000000000000000000
9.115    -0.000057508750218873    0.000370767465985064    0.000000000000000000    -0.000498971762063864    0.006827562883350222    0.000000000000000000
9.120    -0.000053905129428459    0.000368873557253104    0.000000000000000000    -0.001021748426775066    0.007695771857560776    0.000000000000000000
9.125    -0.000050327052348715    0.000367172042817583    0.000000000000000000    -0.001578136621905267    0.008630027358859892    0.000000000000000000
9.130    -0.000046788428684519    0.000365686279066033    0.000000000000000000    -0.001949351158905290    0.009253527618207670    0.000000000000000000
9.135    -0.000043298538799295    0.000364431853504939    0.000000000000000000    -0.002423225635146513    0.010270560630350895    0.000000000000000000
9.140    -0.000039869229554950    0.000363434191959603    0.000000000000000000    -0.002680598704115982    0.011476359142981694    0.000000000000000000
9.145    -0.000036506935278207    0.000362723439392842    0.000000000000000000    -0.002943003912554297    0.012395040171722833    0.000000000000000000
9.150    -0.000033218216099279    0.000362322562830374    0.000000000000000000    -0.003261072026470517    0.013454607407337952    0.000000000000000000
9.155    -0.000030011023721012    0.000362258051453089    0.000000000000000000    -0.003490479444634691    0.014150512322123193    0.000000000000000000
9.160    -0.000026891093328862    0.000362547302883857    0.000000000000000000    -0.003986728868959070    0.015099582761132074    0.000000000000000000
9.165    -0.000023870831158435    0.000363214043883654    0.000000000000000000    -0.004151171802024059    0.016025797074516006    0.000000000000000000
9.170    -0.000020954348283059    0.000364281429810314    0.000000000000000000    -0.004024105562591153    0.016621554483574590    0.000000000000000000
9.175    -0.000018138468046747    0.000365764354599063    0.000000000000000000    -0.003865253140634814    0.017276292559025713    0.000000000000000000
9.180    -0.000015419219138952    0.000367679186701787    0.000000000000000000    -0.003716041200942549    0.017571493070866768    0.000000000000000000
9.185    -0.000012792871261180    0.000370033306131284    0.000000000000000000    -0.003877470342175747    0.017535920969501996    0.000000000000000000
9.190    -0.000010263460141962    0.000372825823585017    0.000000000000000000    -0.003944514492205256    0.017481077632796205    0.000000000000000000
9.195    -0.000007832661885050    0.000376055367979571    0.000000000000000000    -0.003553422602496547    0.017090832711177777    0.000000000000000000
9.200    -0.000005490699193200    0.000379712183191904    0.000000000000000000    -0.003300574092089092    0.016679068406794898    0.000000000000000000
9.205    -0.000003231250853652    0.000383785975114407    0.000000000000000000    -0.003164540066905983    0.016208365876024984    0.000000000000000000
9.210    -0.000001050916015777    0.000388264976183811    0.000000000000000000    -0.003049186209534927    0.015529736496291708    0.000000000000000000
9.215    0.000001053189166860    0.000393132220665622    0.000000000000000000    -0.002862745718106015    0.014722553141012160    0.000000000000000000
9.220    0.000003085725706544    0.000398367528975958    0.000000000000000000    -0.002885727951513857    0.013562678327578084    0.000000000000000000
9.225    0.000005046119047441    0.000403941904244484    0.000000000000000000    -0.002889898670267856    0.012742033427325192    0.000000000000000000
9.230    0.000006934264921580    0.000409834830348693    0.000000000000000000    -0.002424524173506957    0.011639414066115083    0.000000000000000000
9.235    0.000008761797691382    0.000416018741804555    0.000000000000000000    -0.001947215988932401    0.010332033680575305    0.000000000000000000
9.240    0.000010540650061461    0.000422460954102431    0.000000000000000000    -0.001660192214010124    0.009440636589738271    0.000000000000000000
9.245    0.000012277997626189    0.000429139182315050    0.000000000000000000    -0.001256078073058112    0.008301044342256484    0.000000000000000000
9.250    0.000013983943239091    0.000436024936636226    0.000000000000000000    -0.000985464288739417    0.006906411214662681    0.000000000000000000
9.255    0.000015665252244774    0.000443083351237769    0.000000000000000000    -0.000245484971344356    0.005727931733968700    0.000000000000000000
9.260    0.000017340424126174    0.000450284964132661    0.000000000000000000    0.000505276804830098    0.004597392704588314    0.000000000000000000
9.265    0.000019028227927695    0.000457601511845167    0.000000000000000000    0.001421901190266141    0.003553406579879896    0.000000000000000000
9.270    0.000020751579258972    0.000465006894722171    0.000000000000000000    0.002197999174499113    0.002805604563840651    0.000000000000000000
9.275    0.000022529880569612    0.000472482417713270    0.000000000000000000    0.002567909239050293    0.001891494261887020    0.000000000000000000
9.280    0.000024372379611228    0.000480005228060917    0.000000000000000000    0.003359556911785005    0.001177396442778988    0.000000000000000000
9.285    0.000026298867575638    0.000487557473319633    0.000000000000000000    0.003968430965373414    0.000440763266063189    0.000000000000000000
9.290    0.000028324566314183    0.000495120737660001    0.000000000000000000    0.004392505676534047    -0.000089196712023832    0.000000000000000000
9.295    0.000030460077694641    0.000502681772082568    0.000000000000000000    0.004642414277489823    -0.000182447025733751    0.000000000000000000
9.300    0.000032711649432037    0.000510238245329492    0.000000000000000000    0.004637597765165752    -0.000285082052743114    0.000000000000000000
9.305    0.000035079161113562    0.000517787591525097    0.000000000000000000    0.004585844758349464    -0.000262837322683417    0.000000000000000000
9.310    0.000037561318914045    0.000525330366787635    0.000000000000000000    0.004391093825589732    -0.000309734110035334    0.000000000000000000
9.315    0.000040153254060168    0.000532865398697422    0.000000000000000000    0.004296693039986226    -0.000529893097959283    0.000000000000000000
9.320    0.000042852606532291    0.000540387183279760    0.000000000000000000    0.003956052663314248    -0.000733213769356540    0.000000000000000000
9.325    0.000045650860320997    0.000547890637517865    0.000000000000000000    0.003585188501710240    -0.001230230400983516    0.000000000000000000
9.330    0.000048538743822245    0.000555363335995944    0.000000000000000000    0.002926121221141352    -0.001432878821974390    0.000000000000000000
9.335    0.000051499780354022    0.000562800212503475    0.000000000000000000    0.002146772533659184    -0.001719892240123651    0.000000000000000000
9.340    0.000054514486199140    0.000570194091705002    0.000000000000000000    0.001567055583006304    -0.002214318303747458    0.000000000000000000
9.345    0.000057568368433834    0.000577532612948936    0.000000000000000000    0.000904714720483403    -0.002534167830251649    0.000000000000000000
9.350    0.000060644868536540    0.000584807779997113    0.000000000000000000    0.000112734916356532    -0.002636314952132388    0.000000000000000000
9.355    0.000063724187012154    0.000592017039171487    0.000000000000000000    -0.000550925677789615    -0.002706048367866892    0.000000000000000000
9.360    0.000066789732345824    0.000599158647136664    0.000000000000000000    -0.001426472117168503    -0.002744069600036508    0.000000000000000000
9.365    0.000069819615876565    0.000606231653361841    0.000000000000000000    -0.002206602916275755    -0.002961747004731619    0.000000000000000000
9.370    0.000072794334334398    0.000613230615911899    0.000000000000000000    -0.003005250326425864    -0.003197641266008966    0.000000000000000000
9.375    0.000075693921534071    0.000620149637430307    0.000000000000000000    -0.003557949542840467    -0.003201933273981952    0.000000000000000000
9.380    0.000078504559995174    0.000626988610616865    0.000000000000000000    -0.004018005918324913    -0.003041823944719378    0.000000000000000000
9.385    0.000081214748308317    0.000633751538204806    0.000000000000000000    -0.004190804000367638    -0.002697536353297135    0.000000000000000000
9.390    0.000083820166521452    0.000640447027383914    0.000000000000000000    -0.004507695376344454    -0.002339749390007154    0.000000000000000000
9.395    0.000086312892350178    0.000647084022828271    0.000000000000000000    -0.004653253117610392    -0.001837085637696780    0.000000000000000000
9.400    0.000088689286850964    0.000653675091131687    0.000000000000000000    -0.004497816607895570    -0.001163493374930526    0.000000000000000000
9.405    0.000090953235936553    0.000660237072100729    0.000000000000000000    -0.004432347012901230    -0.000374286432112438    0.000000000000000000
9.410    0.000093106376346819    0.000666789695908968    0.000000000000000000    -0.004471054819760634    0.000366693333904954    0.000000000000000000
9.415    0.000095147740386591    0.000673351487050555    0.000000000000000000    -0.003965941722261783    0.000995422912617415    0.000000000000000000
9.420    0.000097089955883306    0.000679938163764957    0.000000000000000000    -0.003828476706194584    0.001695828801533822    0.000000000000000000
9.425    0.000098936459462367    0.000686567236199398    0.000000000000000000    -0.003787967228082128    0.002668221898596661    0.000000000000000000
9.430    0.000100688263860725    0.000693263014181304    0.000000000000000000    -0.003465767478759928    0.003682135762323770    0.000000000000000000
9.435    0.000102353424072115    0.000700050845557267    0.000000000000000000    -0.002876218671938268    0.004730547943868763    0.000000000000000000
9.440    0.000103946678816706    0.000706956940631828    0.000000000000000000    -0.002314303939145233    0.005539865104427048    0.000000000000000000
9.445    0.000105482075962818    0.000714001532333999    0.000000000000000000    -0.001728944357901876    0.006312598418538318    0.000000000000000000
9.450    0.000106974249499983    0.000721203938996633    0.000000000000000000    -0.001108589548510369    0.007069023254687411    0.000000000000000000
9.455    0.000108438708298435    0.000728583071240635    0.000000000000000000    -0.000854499066611715    0.007716825716113165    0.000000000000000000
9.460    0.000109881804620222    0.000736155124127540    0.000000000000000000    -0.000634837440378444    0.008207712594823953    0.000000000000000000
9.465    0.000111309030005999    0.000743932369829315    0.000000000000000000    -0.000530693432505098    0.009040056450316733    0.000000000000000000
9.470    0.000112722988055964    0.000751935616942348    0.000000000000000000    -0.000229666550761011    0.009649796093094687    0.000000000000000000
9.475    0.000114131204442160    0.000760180108957708    0.000000000000000000    0.000045720889649140    0.010085621420714320    0.000000000000000000
9.480    0.000115540563850596    0.000768676741508587    0.000000000000000000    0.000179471249527356    0.010410436448822155    0.000000000000000000
9.485    0.000116954410040272    0.000777433634970685    0.000000000000000000    0.000489159928913972    0.010564392709444190    0.000000000000000000
9.490    0.000118380485228169    0.000786454638250520    0.000000000000000000    0.000611712818403666    0.010307886018396002    0.000000000000000000
9.495    0.000119821853236528    0.000795733338680815    0.000000000000000000    0.000833261664968661    0.010324447456888305    0.000000000000000000
9.500    0.000121284052786510    0.000805270150297532    0.000000000000000000    0.001106692405148909    0.010172650646345961    0.000000000000000000
9.505    0.000122773919646621    0.000815061278180408    0.000000000000000000    0.001387142743411755    0.009772928828513140    0.000000000000000000
9.510    0.000124298465075317    0.000825096729283997    0.000000000000000000    0.001671773620702619    0.009699717412256503    0.000000000000000000
9.515    0.000125864804844531    0.000835374673322892    0.000000000000000000    0.002060380800426908    0.009607021419270022    0.000000000000000000
9.520    0.000127482654133755    0.000845892792897268    0.000000000000000000    0.002604683174888206    0.009536347366730959    0.000000000000000000
9.525    0.000129165620502352    0.000856649321155813    0.000000000000000000    0.003098523853970608    0.009273320144627568    0.000000000000000000
9.530    0.000130926049967298    0.000867637682417974    0.000000000000000000    0.003626877466998213    0.009055062747133878    0.000000000000000000
9.535    0.000132777151368919    0.000878852420248813    0.000000000000000000    0.003930508584564516    0.008559047528591303    0.000000000000000000
9.540    0.000134726515485154    0.000890281134267867    0.000000000000000000    0.004587609763949093    0.008213692100425551    0.000000000000000000
9.545    0.000136790569845488    0.000901915190589431    0.000000000000000000    0.005206865181698423    0.007768691040700368    0.000000000000000000
9.550    0.000138984795835364    0.000913743464187013    0.000000000000000000    0.005760734979607177    0.007393021690107679    0.000000000000000000
9.555    0.000141323040199731    0.000925756563326848    0.000000000000000000    0.006191304478000113    0.006774618203876301    0.000000000000000000
9.560    0.000143816067176047    0.000937939027921779    0.000000000000000000    0.006406383788911925    0.005794903703308305    0.000000000000000000
9.565    0.000146469253747086    0.000950266365109294    0.000000000000000000    0.006716557616749360    0.004970421225150221    0.000000000000000000
9.570    0.000149290354258544    0.000962717962827437    0.000000000000000000    0.006873469486042613    0.004269561980677593    0.000000000000000000
9.575    0.000152283291507153    0.000975276299595097    0.000000000000000000    0.006877259237787455    0.003563453641018677    0.000000000000000000
9.580    0.000155448160236707    0.000987923722703782    0.000000000000000000    0.007005948947788002    0.003130176801421219    0.000000000000000000
9.585    0.000158788177689955    0.001000649400232503    0.000000000000000000    0.007030665445724883    0.002611827491861077    0.000000000000000000
9.590    0.000162303961779347    0.001013440373448520    0.000000000000000000    0.006962554161809437    0.002006335080269664    0.000000000000000000
9.595    0.000165993809722784    0.001026281505041545    0.000000000000000000    0.006853790548060415    0.001584519732904938    0.000000000000000000
9.600    0.000169855002429922    0.001039162249627891    0.000000000000000000    0.006674257041414111    0.001164007699767586    0.000000000000000000
9.605    0.000173883051563095    0.001052072094406732    0.000000000000000000    0.006552282643071004    0.000676161429988970    0.000000000000000000
9.610    0.000178074907762346    0.001064998843221323    0.000000000000000000    0.006231266292850172    0.000086775220576804    0.000000000000000000
9.615    0.000182422545618918    0.001077927761416428    0.000000000000000000    0.005801759747260269    -0.000315621513915718    0.000000000000000000
9.620    0.000186915227469171    0.001090848789073686    0.000000000000000000    0.005498448855236013    -0.000675647841485646    0.000000000000000000
9.625    0.000191545370540805    0.001103752925534906    0.000000000000000000    0.005418375423881525    -0.001125107348051713    0.000000000000000000
9.630    0.000196310972998036    0.001116628934312425    0.000000000000000000    0.005325007490001275    -0.001634952360492908    0.000000000000000000
9.635    0.000201209700642517    0.001129464069280931    0.000000000000000000    0.004809698659664777    -0.002143658375617502    0.000000000000000000
9.640    0.000206228670753490    0.001142245612790047    0.000000000000000000    0.004054632020795371    -0.002743719511805534    0.000000000000000000
9.645    0.000211349006664982    0.001154958563311368    0.000000000000000000    0.003373508864313408    -0.003373925640129741    0.000000000000000000
9.650    0.000216553680298083    0.001167587165691686    0.000000000000000000    0.002283455325718595    -0.004059934348848993    0.000000000000000000
9.655    0.000221815440314326    0.001180114269713282    0.000000000000000000    0.001339646796295066    -0.004977352536378321    0.000000000000000000
9.660    0.000227110691500477    0.001192516939921469    0.000000000000000000    0.000337012470701548    -0.005595679002448617    0.000000000000000000
9.665    0.000232414367998395    0.001204779718154595    0.000000000000000000    -0.000543885707279855    -0.006182945308024976    0.000000000000000000
9.670    0.000237704447353632    0.001216887922755020    0.000000000000000000    -0.001422263280731039    -0.006927481326756552    0.000000000000000000
9.675    0.000242958970126850    0.001228822940322277    0.000000000000000000    -0.002306366387651868    -0.007345390264376986    0.000000000000000000
9.680    0.000248155833740377    0.001240574323132924    0.000000000000000000    -0.002984100284167401    -0.007817564958495157    0.000000000000000000
9.685    0.000253278094846799    0.001252130266819608    0.000000000000000000    -0.003795828342274994    -0.008168786762245001    0.000000000000000000
9.690    0.000258305460244665    0.001263481990837236    0.000000000000000000    -0.004122151939498810    -0.008154726834994769    0.000000000000000000
9.695    0.000263229771844043    0.001274629846683990    0.000000000000000000    -0.004254251997086369    -0.008239123353032812    0.000000000000000000
9.700    0.000268047727143494    0.001285571724446917    0.000000000000000000    -0.004266859308880294    -0.008407366088617960    0.000000000000000000
9.705    0.000272759010960223    0.001296303418057630    0.000000000000000000    -0.004150846049958898    -0.008382399033970284    0.000000000000000000
9.710    0.000277366523625704    0.001306825551692493    0.000000000000000000    -0.004121636467532483    -0.008393244009261350    0.000000000000000000
9.715    0.000281870995379495    0.001317137854227124    0.000000000000000000    -0.003836363265262606    -0.008784688070011953    0.000000000000000000
9.720    0.000286279558051656    0.001327230539560005    0.000000000000000000    -0.003688785685746019    -0.008692434303033889    0.000000000000000000
9.725    0.000290595901081672    0.001337105914035310    0.000000000000000000    -0.003607699845772135    -0.008506317851261075    0.000000000000000000
9.730    0.000294822051615544    0.001346768630564334    0.000000000000000000    -0.003671082839159373    -0.008629359053817509    0.000000000000000000
9.735    0.000298956425078438    0.001356215613117012    0.000000000000000000    -0.003615979382494156    -0.008409664025415403    0.000000000000000000
9.740    0.000303000399056769    0.001365452354069055    0.000000000000000000    -0.003398731352655029    -0.007849320310497621    0.000000000000000000
9.745    0.000306959404751283    0.001374492862013336    0.000000000000000000    -0.003310468879916522    -0.007432702152183543    0.000000000000000000
9.750    0.000310835648723800    0.001383347552403812    0.000000000000000000    -0.003150682015850854    -0.007167769608502558    0.000000000000000000
9.755    0.000314633125645920    0.001392023048554075    0.000000000000000000    -0.002742745519518971    -0.007040847151591756    0.000000000000000000
9.760    0.000318362033930053    0.001400522523525549    0.000000000000000000    -0.002151555546661774    -0.006759458368423357    0.000000000000000000
9.765    0.000322037153325519    0.001408853012037812    0.000000000000000000    -0.001495371394003020    -0.006558491677530545    0.000000000000000000
9.770    0.000325674888436134    0.001417019538258136    0.000000000000000000    -0.000672782541387765    -0.006554068248685110    0.000000000000000000
9.775    0.000329295803983215    0.001425022212772244    0.000000000000000000    0.000002940576306759    -0.006646170467670270    0.000000000000000000
9.780    0.000332916793044704    0.001432858733024660    0.000000000000000000    0.000558245499872063    -0.006545054796565017    0.000000000000000000
9.785    0.000336551738243690    0.001440531626907161    0.000000000000000000    0.001335682995574038    -0.006474386727963258    0.000000000000000000
9.790    0.000340220075517565    0.001448042661121464    0.000000000000000000    0.001669226666169490    -0.006403824296509833    0.000000000000000000
9.795    0.000343930143458094    0.001455393599728354    0.000000000000000000    0.002064626326281609    -0.006239610819466085    0.000000000000000000
9.800    0.000347691827056780    0.001462588548064757    0.000000000000000000    0.002725688762275375    -0.005942391284700921    0.000000000000000000
9.805    0.000351521652874523    0.001469634936619043    0.000000000000000000    0.003142607683842731    -0.005930413838738796    0.000000000000000000
9.810    0.000355430043884362    0.001476533064827360    0.000000000000000000    0.003490230148653697    -0.006045680196516828    0.000000000000000000
9.815    0.000359425690647918    0.001483280051030764    0.000000000000000000    0.003790468617868078    -0.006044658235615508    0.000000000000000000
9.820    0.000363516099126920    0.001489875920778278    0.000000000000000000    0.003930415793252772    -0.006108452854170290    0.000000000000000000
9.825    0.000367704768000753    0.001496319079204438    0.000000000000000000    0.004278195008429464    -0.006173439615446419    0.000000000000000000
9.830    0.000372000391749798    0.001502607901640211    0.000000000000000000    0.004502353478732807    -0.006265081144412460    0.000000000000000000
9.835    0.000376408574335810    0.001508740097047374    0.000000000000000000    0.004436600862698595    -0.006356693955759940    0.000000000000000000
9.840    0.000380927671943390    0.001514713375105643    0.000000000000000000    0.004435267980387129    -0.006429427937271193    0.000000000000000000
9.845    0.000385557651250480    0.001520525917465481    0.000000000000000000    0.004699176696925256    -0.006629243685411443    0.000000000000000000
9.850    0.000390305109974993    0.001526172728733183    0.000000000000000000    0.004590922172604834    -0.006946907735337279    0.000000000000000000
9.855    0.000395167341753821    0.001531645867307502    0.000000000000000000    0.004683043501635571    -0.007294657876303484    0.000000000000000000
9.860    0.000400146649620190    0.001536936639434913    0.000000000000000000    0.004912547453403068    -0.007647286553585930    0.000000000000000000
9.865    0.000405248771172894    0.001542036229398484    0.000000000000000000    0.004851197827105986    -0.008056431716942786    0.000000000000000000
9.870    0.000410472172671275    0.001546934408569132    0.000000000000000000    0.004665907591746166    -0.008535364754537825    0.000000000000000000
9.875    0.000415812221859450    0.001551619203620916    0.000000000000000000    0.004693369386188362    -0.009099535979543993    0.000000000000000000
9.880    0.000421269605282280    0.001556076510273212    0.000000000000000000    0.004480679433643744    -0.009635131622137694    0.000000000000000000
9.885    0.000426839005690951    0.001560292938634954    0.000000000000000000    0.003910305779876010    -0.010050098366611027    0.000000000000000000
9.890    0.000432506163744119    0.001564258114537532    0.000000000000000000    0.003024735218417306    -0.010568269005880801    0.000000000000000000
9.895    0.000438248940177748    0.001567959083714962    0.000000000000000000    0.002424333172706440    -0.010551503872953047    0.000000000000000000
9.900    0.000444052324940694    0.001571396265295568    0.000000000000000000    0.002073219567001305    -0.010472589047948525    0.000000000000000000
9.905    0.000449907540192815    0.001574571632149975    0.000000000000000000    0.001678534144039512    -0.010172069927249019    0.000000000000000000
9.910    0.000455804718798537    0.001577492697256202    0.000000000000000000    0.001184774743227899    -0.010088300308741527    0.000000000000000000
9.915    0.000461731516772840    0.001580161554854710    0.000000000000000000    0.000388351114322116    -0.010142438922489810    0.000000000000000000
9.920    0.000467668023525000    0.001582576851480155    0.000000000000000000    0.000066458610021441    -0.010102357432158204    0.000000000000000000
9.925    0.000473606191742412    0.001584739589169797    0.000000000000000000    -0.000361682852975057    -0.009821160059679188    0.000000000000000000
9.930    0.000479535317888499    0.001586656797857946    0.000000000000000000    -0.000560590369849505    -0.009507123048865113    0.000000000000000000
9.935    0.000485450429275339    0.001588336328469874    0.000000000000000000    -0.000719492614397778    -0.008876097090737903    0.000000000000000000
9.940    0.000491347553346820    0.001589793956654534    0.000000000000000000    -0.001417663729914864    -0.008537664126992417    0.000000000000000000
9.945    0.000497209235825053    0.001591038143236018    0.000000000000000000    -0.001817182696019215    -0.008263487705044426    0.000000000000000000
9.950    0.000503025488735886    0.001592075742624877    0.000000000000000000    -0.002074793311840177    -0.008140496009596473    0.000000000000000000
9.955    0.000508789871813922    0.001592909829613496    0.000000000000000000    -0.002466174807117145    -0.007845397936179915    0.000000000000000000
9.960    0.000514492600521780    0.001593547781653710    0.000000000000000000    -0.002434721893913513    -0.007126345072062598    0.000000000000000000
9.965    0.000520134461182291    0.001594007575067123    0.000000000000000000    -0.002323002150418120    -0.006666992282359369    0.000000000000000000
9.970    0.000525718246789041    0.001594300693673476    0.000000000000000000    -0.002344793752404560    -0.006503380825511468    0.000000000000000000
9.975    0.000531243412551981    0.001594431227759192    0.000000000000000000    -0.002563865741656013    -0.006477697743227304    0.000000000000000000
9.980    0.000536704481671380    0.001594399819401327    0.000000000000000000    -0.002737754273419817    -0.006713642694113411    0.000000000000000000
9.985    0.000542097106933943    0.001594200569976110    0.000000000000000000    -0.002796510398983716    -0.006801837013339571    0.000000000000000000
9.990    0.000547419819436532    0.001593831274625558    0.000000000000000000    -0.002754641915819755    -0.006753203759960261    0.000000000000000000
9.995    0.000552673665891225    0.001593293149181008    0.000000000000000000    -0.002801614884494208    -0.007051624711113674    0.000000000000000000
10.000    0.000557857471973806    0.001592578733118680    0.000000000000000000    -0.002832787800188287    -0.007201712635112462    0.000000000000000000
10.005    0.000562970458361382    0.001591684274240474    0.000000000000000000    -0.002876452343896461    -0.007265206304792049    0.000000000000000000
10.010    0.000568011533440360    0.001590608185204649    0.000000000000000000    -0.003385276843973807    -0.007486430053608301    0.000000000000000000
10.015    0.000572967976598240    0.001589344935417483    0.000000000000000000    -0.003579270817775405    -0.007766919050090568    0.000000000000000000
10.020    0.000577834937985675    0.001587887512654065    0.000000000000000000    -0.004017548938862504    -0.007940434630102425    0.000000000000000000
10.025    0.000582601460649638    0.001586231579024894    0.000000000000000000    -0.004556876445180498    -0.008312040106197779    0.000000000000000000
10.030    0.000587254061402472    0.001584367844393069    0.000000000000000000    -0.004722641935325615    -0.008346748137906881    0.000000000000000000
10.035    0.000591788596106922    0.001582295441057795    0.000000000000000000    -0.004866844568120372    -0.008465197490455448    0.000000000000000000
10.040    0.000596201459697170    0.001580011407785261    0.000000000000000000    -0.005329855822179715    -0.008808958119211480    0.000000000000000000
10.045    0.000600481076891863    0.001577507150559746    0.000000000000000000    -0.005545041904982118    -0.009179076191391522    0.000000000000000000
10.050    0.000604622068038932    0.001574773416429446    0.000000000000000000    -0.005576570157516877    -0.009388868426928390    0.000000000000000000
10.055    0.000608623644932063    0.001571804960588473    0.000000000000000000    -0.005562653168345554    -0.009340804872255692    0.000000000000000000
10.060    0.000612486155495985    0.001568602984625694    0.000000000000000000    -0.005657355703248164    -0.009438246562675293    0.000000000000000000
10.065    0.000616207232167326    0.001565165052498848    0.000000000000000000    -0.005345225370196813    -0.009687870318334305    0.000000000000000000
10.070    0.000619794678204412    0.001561484923614043    0.000000000000000000    -0.005333188256560241    -0.010043358482387382    0.000000000000000000
10.075    0.000623248794535084    0.001557553710767179    0.000000000000000000    -0.005553100889807080    -0.010502250472246150    0.000000000000000000
10.080    0.000626564083343510    0.001553359941658508    0.000000000000000000    -0.005332081861029493    -0.010592879324507545    0.000000000000000000
10.085    0.000629746070105411    0.001548901350566725    0.000000000000000000    -0.005134730309231880    -0.010635048917117043    0.000000000000000000
10.090    0.000632799688609582    0.001544176883252014    0.000000000000000000    -0.004933339498571984    -0.010875704090865940    0.000000000000000000
10.095    0.000635729973626287    0.001539180523335032    0.000000000000000000    -0.005256427291423955    -0.011080298309689568    0.000000000000000000
10.100    0.000638528847960708    0.001533907155960307    0.000000000000000000    -0.005429015163959001    -0.011163865643835924    0.000000000000000000
10.105    0.000641191996916029    0.001528354691944486    0.000000000000000000    -0.005316673357953598    -0.010993237433065337    0.000000000000000000
10.110    0.000643722229037402    0.001522527396992838    0.000000000000000000    -0.004998041414454313    -0.010904905146562685    0.000000000000000000
10.115    0.000646127510123413    0.001516427479412527    0.000000000000000000    -0.004877906114963797    -0.010678398539290188    0.000000000000000000
10.120    0.000648410843556550    0.001510060601868733    0.000000000000000000    -0.004919441486898185    -0.010461217743633691    0.000000000000000000
10.125    0.000650571190952515    0.001503432193881349    0.000000000000000000    -0.004976912313160199    -0.009935429095787526    0.000000000000000000
10.130    0.000652607115540650    0.001496555400166569    0.000000000000000000    -0.005130833845602700    -0.009158282520708647    0.000000000000000000
10.135    0.000654514769282646    0.001489449649388772    0.000000000000000000    -0.005083646466784962    -0.008494850104326726    0.000000000000000000
10.140    0.000656295331862972    0.001482131527358367    0.000000000000000000    -0.004738537031051364    -0.007837646440822868    0.000000000000000000
10.145    0.000657957431017521    0.001474617464166941    0.000000000000000000    -0.005174174091686530    -0.007162503187852290    0.000000000000000000
10.150    0.000659490175819779    0.001466924338395819    0.000000000000000000    -0.005380197219745017    -0.006481796375164620    0.000000000000000000
10.155    0.000660888415691542    0.001459069167715318    0.000000000000000000    -0.005532030372566374    -0.005771666271685294    0.000000000000000000
10.160    0.000662148354803992    0.001451069705378025    0.000000000000000000    -0.005606832718710840    -0.004850581672398435    0.000000000000000000
10.165    0.000663268123098474    0.001442948978498922    0.000000000000000000    -0.005953370617452040    -0.004090830071183660    0.000000000000000000
10.170    0.000664239057127520    0.001434725980868039    0.000000000000000000    -0.006077672202752828    -0.003208899522003095    0.000000000000000000
10.175    0.000665058049351496    0.001426422760749106    0.000000000000000000    -0.005918726132046574    -0.002283544107296170    0.000000000000000000
10.180    0.000665729073422172    0.001418062452027490    0.000000000000000000    -0.005994041059982289    -0.001624468502943455    0.000000000000000000
10.185    0.000666250246466348    0.001409661531593301    0.000000000000000000    -0.006290719352492445    -0.001081383270316524    0.000000000000000000
10.190    0.000666614151526712    0.001401233576577355    0.000000000000000000    -0.006400941792114069    -0.000409366756066315    0.000000000000000000
10.195    0.000666818033042273    0.001392795387392506    0.000000000000000000    -0.006378097622641334    0.000319868542772786    0.000000000000000000
10.200    0.000666862462117268    0.001384365194921227    0.000000000000000000    -0.006787385932230904    0.000417526792402187    0.000000000000000000
10.205    0.000666737206543957    0.001375945440619758    0.000000000000000000    -0.007236679437920730    0.000464944350823601    0.000000000000000000
10.210    0.000666431033984698    0.001367537309927059    0.000000000000000000    -0.007764706683897546    0.000571933711605854    0.000000000000000000
10.215    0.000665930743758341    0.001359143477577151    0.000000000000000000    -0.007988819721049291    0.000220369940793705    0.000000000000000000
10.220    0.000665230733038959    0.001350755154475762    0.000000000000000000    -0.008099197896676603    -0.000116962308432250    0.000000000000000000
10.225    0.000664328242372159    0.001342363907316663    0.000000000000000000    -0.008204148249169388    -0.000346859304733299    0.000000000000000000
10.230    0.000663220647999131    0.001333963988674945    0.000000000000000000    -0.008007721224085641    -0.000803011985716848    0.000000000000000000
10.235    0.000661912860595500    0.001325543994733585    0.000000000000000000    -0.007908440413689939    -0.001038882829224735    0.000000000000000000
10.240    0.000660407362181527    0.001317098028721494    0.000000000000000000    -0.007659899422638068    -0.001347220046138062    0.000000000000000000
10.245    0.000658710366281988    0.001308618382208249    0.000000000000000000    -0.007342991487821991    -0.001804119583552477    0.000000000000000000
10.250    0.000656829795595253    0.001300093632705415    0.000000000000000000    -0.007025827031921159    -0.002025778004259224    0.000000000000000000
10.255    0.000654773579232720    0.001291518238752475    0.000000000000000000    -0.006717680141399632    -0.002361461201028092    0.000000000000000000
10.260    0.000652549420866653    0.001282883808269510    0.000000000000000000    -0.006342640039855643    -0.002415029243443140    0.000000000000000000
10.265    0.000650166696499589    0.001274189002055458    0.000000000000000000    -0.005621445327355645    -0.002684194514981572    0.000000000000000000
10.270    0.000647643435999341    0.001265427090978532    0.000000000000000000    -0.004959594992284301    -0.002922194194988903    0.000000000000000000
10.275    0.000644996185624286    0.001256592125046731    0.000000000000000000    -0.004424664698087638    -0.003105234825670836    0.000000000000000000
10.280    0.000642238318631778    0.001247679528244288    0.000000000000000000    -0.003709786653214968    -0.003269620661890127    0.000000000000000000
10.285    0.000639387706972941    0.001238685190925298    0.000000000000000000    -0.002981539757801813    -0.003308117709020092    0.000000000000000000
10.290    0.000636462556820158    0.001229608150663582    0.000000000000000000    -0.002719698395342411    -0.003366933721141510    0.000000000000000000
10.295    0.000633469414207492    0.001220446937058838    0.000000000000000000    -0.001945741442913734    -0.003166910192238179    0.000000000000000000
10.300    0.000630427628058753    0.001211206550699288    0.000000000000000000    -0.000948483032258036    -0.003029468998334839    0.000000000000000000
10.305    0.000627362129834207    0.001201890427614780    0.000000000000000000    -0.000535498918983676    -0.002901362821739265    0.000000000000000000
10.310    0.000624283244136687    0.001192501770459728    0.000000000000000000    -0.000323229384468875    -0.003035615272406131    0.000000000000000000
10.315    0.000621196277704555    0.001183037222922866    0.000000000000000000    0.000138831367179314    -0.003079066090583976    0.000000000000000000
10.320    0.000618112782056603    0.001173495698733739    0.000000000000000000    0.000665647631559012    -0.002922310747763279    0.000000000000000000
10.325    0.000615045927599440    0.001163881116775919    0.000000000000000000    0.000980182089643095    -0.002870043503203079    0.000000000000000000
10.330    0.000612003577694517    0.001154194783730518    0.000000000000000000    0.001251934738863425    -0.002653035209299048    0.000000000000000000
10.335    0.000608992526158067    0.001144442124804885    0.000000000000000000    0.001507167910847970    -0.002437310555308131    0.000000000000000000
10.340    0.000606019153819387    0.001134628533115369    0.000000000000000000    0.001494360028879427    -0.002158379515402112    0.000000000000000000
10.345    0.000603083140481430    0.001124760981937968    0.000000000000000000    0.001466741599807919    -0.001940111892737018    0.000000000000000000
10.350    0.000600183795683467    0.001114844927963248    0.000000000000000000    0.001698112222026441    -0.001752354562524136    0.000000000000000000
10.355    0.000597326903691056    0.001104885065124466    0.000000000000000000    0.001758513799858703    -0.001510621408604834    0.000000000000000000
10.360    0.000594513974543641    0.001094887436750468    0.000000000000000000    0.001585849140443851    -0.001278939784025296    0.000000000000000000
10.365    0.000591740691624736    0.001084857834881870    0.000000000000000000    0.001482898496821781    -0.001418218152368991    0.000000000000000000
10.370    0.000589004481168253    0.001074792777559462    0.000000000000000000    0.001607134586744351    -0.001089735248193183    0.000000000000000000
10.375    0.000586308449076438    0.001064700476855850    0.000000000000000000    0.001885524012418607    -0.000828876523502678    0.000000000000000000
10.380    0.000583659555084933    0.001054587454239150    0.000000000000000000    0.001862109745807972    -0.000954139622024938    0.000000000000000000
10.385    0.000581057213837074    0.001044450578131899    0.000000000000000000    0.001903734892839438    -0.000633851146326914    0.000000000000000000
10.390    0.000578502465961536    0.001034297855745991    0.000000000000000000    0.001863478094909533    -0.000362453374119776    0.000000000000000000
10.395    0.000575994305038370    0.001024136072025729    0.000000000000000000    0.001894869993365224    0.000031576492609889    0.000000000000000000
10.400    0.000573533515865039    0.001013975077717782    0.000000000000000000    0.001908836888345200    0.000545924027780739    0.000000000000000000
10.405    0.000571120447613916    0.001003827731510530    0.000000000000000000    0.001792893335951680    0.000637094536371299    0.000000000000000000
10.410    0.000568752201696192    0.000993696312666688    0.000000000000000000    0.001459840077446505    0.000891747706762216    0.000000000000000000
10.415    0.000566420451780404    0.000983587187515514    0.000000000000000000    0.001089290392014379    0.001289869123177745    0.000000000000000000
10.420    0.000564115934124417    0.000973510309092420    0.000000000000000000    0.000826697713449294    0.001454690147471849    0.000000000000000000
10.425    0.000561832083911266    0.000963469797923013    0.000000000000000000    0.000709793015539299    0.001554463233792436    0.000000000000000000
10.430    0.000559565978523503    0.000953468148334450    0.000000000000000000    0.000297416984573404    0.001723960472198652    0.000000000000000000
10.435    0.000557307308560354    0.000943509597757693    0.000000000000000000    -0.000140992217076766    0.002131064266151263    0.000000000000000000
10.440    0.000555045113791779    0.000933604323787589    0.000000000000000000    -0.000589856747699319    0.002613506045736833    0.000000000000000000
10.445    0.000552768172604511    0.000923764387468629    0.000000000000000000    -0.000857909943311613    0.002694693224543875    0.000000000000000000
10.450    0.000550469783668661    0.000913991818480282    0.000000000000000000    -0.001696601782605334    0.002594775359715529    0.000000000000000000
10.455    0.000548128979688245    0.000904284118875928    0.000000000000000000    -0.002263792559919348    0.002194703476658504    0.000000000000000000
10.460    0.000545731580893831    0.000894631286858491    0.000000000000000000    -0.002890500879477835    0.001721200298169211    0.000000000000000000
10.465    0.000543261919577430    0.000885021484848508    0.000000000000000000    -0.003774780360401957    0.001582650109117553    0.000000000000000000
10.470    0.000540697888752020    0.000875451249091253    0.000000000000000000    -0.004542655293207458    0.001202228548905122    0.000000000000000000
10.475    0.000538020291544279    0.000865911069047720    0.000000000000000000    -0.004918623128032269    0.000829747952325877    0.000000000000000000
10.480    0.000535219728758337    0.000856391632702996    0.000000000000000000    -0.005144375617408166    0.000641393349230801    0.000000000000000000
10.485    0.000532290556581960    0.000846888231192002    0.000000000000000000    -0.004943336479753223    0.000641545185174792    0.000000000000000000
10.490    0.000529237800993589    0.000837400868310638    0.000000000000000000    -0.005168418641386154    0.000540489524343199    0.000000000000000000
10.495    0.000526055834939184    0.000827927017667382    0.000000000000000000    -0.005369560448437519    0.000207790263905862    0.000000000000000000
10.500    0.000522739629873568    0.000818458361780724    0.000000000000000000    -0.005535156718280802    -0.000037969251015860    0.000000000000000000
10.505    0.000519285045889994    0.000808988756662791    0.000000000000000000    -0.005425262112868610    -0.000125241043226303    0.000000000000000000
10.510    0.000515694830353599    0.000799516020518777    0.000000000000000000    -0.005444219453223237    -0.000025856334525710    0.000000000000000000
10.515    0.000511968509330873    0.000790042637966400    0.000000000000000000    -0.005475759497406384    -0.000150981009725687    0.000000000000000000
10.520    0.000508105294320713    0.000780565480888779    0.000000000000000000    -0.005642744551298366    -0.000148697679044039    0.000000000000000000
10.525    0.000504101010696769    0.000771084606369183    0.000000000000000000    -0.005821632333828132    -0.000220864449919193    0.000000000000000000
10.530    0.000499951186264480    0.000761598210238338    0.000000000000000000    -0.005866211463868322    -0.000035029369105898    0.000000000000000000
10.535    0.000495654706545595    0.000752110938373266    0.000000000000000000    -0.005637313051465136    0.000257131143274227    0.000000000000000000
10.540    0.000491217294000422    0.000742630094786776    0.000000000000000000    -0.005548228117608321    0.000521425711336697    0.000000000000000000
10.545    0.000486641175752310    0.000733162286843069    0.000000000000000000    -0.005317021505813965    0.000746682626883224    0.000000000000000000
10.550    0.000481932131966552    0.000723713145965034    0.000000000000000000    -0.005063773498539988    0.001066546945335464    0.000000000000000000
10.555    0.000477096493843331    0.000714290668760633    0.000000000000000000    -0.004970624037621899    0.000938693492710113    0.000000000000000000
10.560    0.000472136590119169    0.000704891658893549    0.000000000000000000    -0.005115670058987443    0.001023655829910514    0.000000000000000000
10.565    0.000467048794643532    0.000695518240422214    0.000000000000000000    -0.005168259355726405    0.001158762419914763    0.000000000000000000
10.570    0.000461831792684002    0.000686173791011376    0.000000000000000000    -0.005327666027224107    0.000963496213407695    0.000000000000000000
10.575    0.000456481599073792    0.000676853429005873    0.000000000000000000    -0.005583499563999086    0.000868203772932778    0.000000000000000000
10.580    0.000450991817974482    0.000667554772094693    0.000000000000000000    -0.005433683028829676    0.000698736577716720    0.000000000000000000
10.585    0.000445366194799450    0.000658273583597957    0.000000000000000000    -0.005140918241889475    0.000494939748009633    0.000000000000000000
10.590    0.000439612048668372    0.000649004768594921    0.000000000000000000    -0.004626665142740127    0.000198250407258162    0.000000000000000000
10.595    0.000433742235908725    0.000639740909852066    0.000000000000000000    -0.003890613649594997    -0.000281747190070646    0.000000000000000000
10.600    0.000427775157807839    0.000630470007429459    0.000000000000000000    -0.003279269097102803    -0.000526306605836031    0.000000000000000000
10.605    0.000421726097979524    0.000621185947341707    0.000000000000000000    -0.002427822491342987    -0.000994291589834564    0.000000000000000000
10.610    0.000415616342588926    0.000611877029964208    0.000000000000000000    -0.002091361448008748    -0.001209139851238508    0.000000000000000000
10.615    0.000409454303162128    0.000602537884090429    0.000000000000000000    -0.001758871388702222    -0.001184909259599465    0.000000000000000000
10.620    0.000403248291950613    0.000593169115485160    0.000000000000000000    -0.001023566631231689    -0.001155856636657522    0.000000000000000000
10.625    0.000397016691573316    0.000583771450463974    0.000000000000000000    -0.000323549422896058    -0.001106786045746572    0.000000000000000000
10.630    0.000390777002460447    0.000574346115791644    0.000000000000000000    -0.000046280101558775    -0.001161925431820109    0.000000000000000000
10.635    0.000384536156345040    0.000564891732983519    0.000000000000000000    0.000453176144340518    -0.001067613271264929    0.000000000000000000
10.640    0.000378306639633240    0.000555410659843613    0.000000000000000000    0.001164250383344813    -0.001065748793027330    0.000000000000000000
10.645    0.000372106229181025    0.000545902942983881    0.000000000000000000    0.001754757059382276    -0.000834771268828222    0.000000000000000000
10.650    0.000365949687655294    0.000536374356842428    0.000000000000000000    0.002222554185732535    -0.000346184104030658    0.000000000000000000
10.655    0.000359848709984206    0.000526837116098374    0.000000000000000000    0.002446503201926006    0.000023340149053926    0.000000000000000000
10.660    0.000353808894893166    0.000517300458858047    0.000000000000000000    0.002343116775930208    0.000493200611570606    0.000000000000000000
10.665    0.000347827657721525    0.000507776131633009    0.000000000000000000    0.001867788621695305    0.000857627777701292    0.000000000000000000
10.670    0.000341893115265426    0.000498273245102413    0.000000000000000000    0.001520538115027878    0.001355153018602756    0.000000000000000000
10.675    0.000335996586262202    0.000488804237397283    0.000000000000000000    0.001081389640169086    0.001719761387884884    0.000000000000000000
10.680    0.000330127091999983    0.000479378223726849    0.000000000000000000    0.000689686496723949    0.001911246359032406    0.000000000000000000
10.685    0.000324274839900182    0.000469999991215392    0.000000000000000000    0.000568043559885135    0.002273815683201223    0.000000000000000000
10.690    0.000318436788889379    0.000460678604096014    0.000000000000000000    0.000343070067827279    0.002644143997413383    0.000000000000000000
10.695    0.000312607314630270    0.000451423320576572    0.000000000000000000    -0.000101934719155122    0.002783319419303633    0.000000000000000000
10.700    0.000306775292003183    0.000442237620042612    0.000000000000000000    -0.000534698577649671    0.002887857584333436    0.000000000000000000
10.705    0.000300929901911655    0.000433124115948261    0.000000000000000000    -0.001315220522872529    0.003080245077969126    0.000000000000000000
10.710    0.000295051631307055    0.000424087617980859    0.000000000000000000    -0.001882158455221526    0.003423254868082596    0.000000000000000000
10.715    0.000289126306741074    0.000415136701385159    0.000000000000000000    -0.002552296042965165    0.003662840212588937    0.000000000000000000
10.720    0.000283137174774020    0.000406277355794774    0.000000000000000000    -0.002918622099123275    0.003781443294673115    0.000000000000000000
10.725    0.000277075077254487    0.000397512546286755    0.000000000000000000    -0.003194558251991275    0.003919971121632126    0.000000000000000000
10.730    0.000270933115778654    0.000388845736056778    0.000000000000000000    -0.003671405242201137    0.003960375412447991    0.000000000000000000
10.735    0.000264699369171766    0.000380277935212111    0.000000000000000000    -0.003853478671371046    0.003860238164184616    0.000000000000000000
10.740    0.000258369285598094    0.000371806640321549    0.000000000000000000    -0.003747669670070824    0.003743249975627500    0.000000000000000000
10.745    0.000251945510282671    0.000363428926680378    0.000000000000000000    -0.003810162865786754    0.003532818128573669    0.000000000000000000
10.750    0.000245426480895602    0.000355139533492422    0.000000000000000000    -0.004137174015605722    0.003427524633608982    0.000000000000000000
10.755    0.000238804022158144    0.000346935828420305    0.000000000000000000    -0.004034729978073196    0.002976309290867677    0.000000000000000000
10.760    0.000232080695171234    0.000338806531080460    0.000000000000000000    -0.003670136972651426    0.002667422436648196    0.000000000000000000
10.765    0.000225265614760007    0.000330743919301531    0.000000000000000000    -0.003471211863952713    0.002374200173379040    0.000000000000000000
10.770    0.000218363754052181    0.000322740662526937    0.000000000000000000    -0.002909713741535433    0.002080160995568230    0.000000000000000000
10.775    0.000211389150500818    0.000314789409777232    0.000000000000000000    -0.002815944787237139    0.001908813915083452    0.000000000000000000
10.780    0.000204344148329773    0.000306885877375404    0.000000000000000000    -0.003045009011836113    0.001863656407881560    0.000000000000000000
10.785    0.000197223020933432    0.000299028936383774    0.000000000000000000    -0.002725766112078370    0.001995262855537545    0.000000000000000000
10.790    0.000190033749384290    0.000291221876963531    0.000000000000000000    -0.002646453542336311    0.001652071820413756    0.000000000000000000
10.795    0.000182778316496588    0.000283456119338799    0.000000000000000000    -0.002527805239625844    0.001592176047204939    0.000000000000000000
10.800    0.000175459688477897    0.000275730166115247    0.000000000000000000    -0.002549953522664166    0.001521082302830337    0.000000000000000000
10.805    0.000168077311621139    0.000268042239949266    0.000000000000000000    -0.002888107481578261    0.001371290630875713    0.000000000000000000
10.810    0.000160622732077341    0.000260388596049057    0.000000000000000000    -0.002813026857583813    0.001269426024156414    0.000000000000000000
10.815    0.000153097826862103    0.000252766687799451    0.000000000000000000    -0.002550109428075360    0.001250158194548122    0.000000000000000000
10.820    0.000145509168911164    0.000245176033504710    0.000000000000000000    -0.002112010377402357    0.001286465388602737    0.000000000000000000
10.825    0.000137867710700790    0.000237617540844683    0.000000000000000000    -0.002097532784327239    0.001238138984289983    0.000000000000000000
10.830    0.000130173814170807    0.000230090001659264    0.000000000000000000    -0.001668585776549471    0.001178164601724728    0.000000000000000000
10.835    0.000122438202996411    0.000222591916588887    0.000000000000000000    -0.001396677320778753    0.001248434750378627    0.000000000000000000
10.840    0.000114667674888996    0.000215125042387271    0.000000000000000000    -0.001322722133342488    0.001113418281647452    0.000000000000000000
10.845    0.000106864078728246    0.000207686003642695    0.000000000000000000    -0.001146471375477651    0.001130408629034917    0.000000000000000000
10.850    0.000099031820783110    0.000200275225113845    0.000000000000000000    -0.000822560458915646    0.000837287484971002    0.000000000000000000
10.855    0.000091178998826501    0.000192885378772120    0.000000000000000000    -0.000167724910310300    0.000521875990726209    0.000000000000000000
10.860    0.000083321983747134    0.000185508579330163    0.000000000000000000    0.000257087865102382    0.000109514406844251    0.000000000000000000
10.865    0.000075471395864395    0.000178134517748376    0.000000000000000000    0.000810514820444048    -0.000570747803539228    0.000000000000000000
10.870    0.000067641070852167    0.000170746187471502    0.000000000000000000    0.001033224524487979    -0.001142137295098451    0.000000000000000000
10.875    0.000059836576453051    0.000163329303762250    0.000000000000000000    0.001231682826361834    -0.001614328929083015    0.000000000000000000
10.880    0.000052062874124594    0.000155872061829770    0.000000000000000000    0.001599477292159161    -0.002001490867638810    0.000000000000000000
10.885    0.000044329158728441    0.000148364782625600    0.000000000000000000    0.001939793982763227    -0.002386898181983921    0.000000000000000000
10.890    0.000036643938181857    0.000140797830966881    0.000000000000000000    0.001991599916852538    -0.002667387112902314    0.000000000000000000
10.895    0.000029008507633194    0.000133164194630338    0.000000000000000000    0.001772590893535635    -0.002792526310954613    0.000000000000000000
10.900    0.000021417391856870    0.000125460745136022    0.000000000000000000    0.001525899075652547    -0.002763235947433494    0.000000000000000000
10.905    0.000013864423557437    0.000117688214743020    0.000000000000000000    0.001611081014176428    -0.003142083178155368    0.000000000000000000
10.910    0.000006351732283359    0.000109837132270564    0.000000000000000000    0.001593971112456708    -0.003421392896962774    0.000000000000000000
10.915    -0.000001121109712908    0.000101900514975684    0.000000000000000000    0.001408545289134928    -0.003492774342732201    0.000000000000000000
10.920    -0.000008558738076947    0.000093876578322236    0.000000000000000000    0.001354022007769773    -0.003572598249784102    0.000000000000000000
10.925    -0.000015962515890791    0.000085763326712543    0.000000000000000000    0.001342357061127520    -0.003653458769085492    0.000000000000000000
10.930    -0.000023332734778107    0.000077558738633623    0.000000000000000000    0.001490204530198131    -0.003403151309818971    0.000000000000000000
10.935    -0.000030665698552169    0.000069269071771958    0.000000000000000000    0.001456062869901824    -0.003401825927535121    0.000000000000000000
10.940    -0.000037962260754482    0.000060894359262104    0.000000000000000000    0.001312494190408163    -0.003199146472586834    0.000000000000000000
10.945    -0.000045226010602036    0.000052439668090435    0.000000000000000000    0.000991527777010129    -0.002905381537505244    0.000000000000000000
10.950    -0.000052464972255164    0.000043912342380329    0.000000000000000000    0.001219668338498859    -0.002710636920384441    0.000000000000000000
10.955    -0.000059673442199830    0.000035317250747213    0.000000000000000000    0.001686944640614412    -0.002489981325827723    0.000000000000000000
10.960    -0.000066839738528480    0.000026659909580952    0.000000000000000000    0.001385825084489244    -0.002253690945554481    0.000000000000000000
10.965    -0.000073971389230019    0.000017946226141052    0.000000000000000000    0.001615205578804797    -0.002059875091354199    0.000000000000000000
10.970    -0.000081062659792087    0.000009181045823867    0.000000000000000000    0.001688145102465648    -0.001736967472957906    0.000000000000000000
10.975    -0.000088111726726593    0.000000372441319859    0.000000000000000000    0.001250854414014749    -0.001193062654458553    0.000000000000000000
10.980    -0.000095129522300749    -0.000008465989750510    0.000000000000000000    0.001259082339005930    -0.000622875810267603    0.000000000000000000
10.985    -0.000102115840816430    -0.000017319992716137    0.000000000000000000    0.001267879662138487    -0.000201445571010406    0.000000000000000000
10.990    -0.000109070462340558    -0.000026179031821038    0.000000000000000000    0.001315304661933265    0.000266230590658778    0.000000000000000000
10.995    -0.000115992201248137    -0.000035031415161173    0.000000000000000000    0.000946981908457037    0.000655877936506601    0.000000000000000000
11.000    -0.000122890265608004    -0.000043867401552896    0.000000000000000000    0.000588046155239395    0.001022661283152739    0.000000000000000000
11.005    -0.000129773628813991    -0.000052677821412539    0.000000000000000000    0.000019690624076998    0.001404762534949831    0.000000000000000000
11.010    -0.000136656499754376    -0.000061453122208809    0.000000000000000000    -0.000617624807791291    0.002043806961273594    0.000000000000000000
11.015    -0.000143554811314956    -0.000070177327831047    0.000000000000000000    -0.001183907895247784    0.002466724541966801    0.000000000000000000
11.020    -0.000150482720572916    -0.000078839865339736    0.000000000000000000    -0.001876067791593784    0.002638891787025855    0.000000000000000000
11.025    -0.000157457531525667    -0.000087436430553749    0.000000000000000000    -0.002371091825608242    0.002874515617535037    0.000000000000000000
11.030    -0.000164491619774058    -0.000095961132877324    0.000000000000000000    -0.002621591249180001    0.003223760715330469    0.000000000000000000
11.035    -0.000171591247803678    -0.000104405241183015    0.000000000000000000    -0.002871418810052821    0.003331896887138856    0.000000000000000000
11.040    -0.000178762661303550    -0.000112766052066528    0.000000000000000000    -0.003132751956487620    0.003193324345016199    0.000000000000000000
11.045    -0.000186012393602334    -0.000121047029841416    0.000000000000000000    -0.003207789469443240    0.003019838739324893    0.000000000000000000
11.050    -0.000193342320637854    -0.000129252511647821    0.000000000000000000    -0.003294408180352622    0.003028032052634607    0.000000000000000000
11.055    -0.000200754607877882    -0.000137382292652909    0.000000000000000000    -0.003292046216188870    0.003124644487201853    0.000000000000000000
11.060    -0.000208249196273316    -0.000145433957545818    0.000000000000000000    -0.003019899194125781    0.003061125885023708    0.000000000000000000
11.065    -0.000215819282148602    -0.000153409094291601    0.000000000000000000    -0.003408191729127033    0.002884711330665684    0.000000000000000000
11.070    -0.000223474572817117    -0.000161312113254117    0.000000000000000000    -0.003444201039657160    0.002726548128096067    0.000000000000000000
11.075    -0.000231215968511623    -0.000169146968513431    0.000000000000000000    -0.003063336773692030    0.002563120999834632    0.000000000000000000
11.080    -0.000239033947625472    -0.000176917745747749    0.000000000000000000    -0.002901619802684035    0.002281853833581990    0.000000000000000000
11.085    -0.000246924467234387    -0.000184631476636228    0.000000000000000000    -0.002431233577153500    0.002257950499535716    0.000000000000000000
11.090    -0.000254875767682732    -0.000192288758762218    0.000000000000000000    -0.001895269798812219    0.002003518816300672    0.000000000000000000
11.095    -0.000262874449876047    -0.000199895952917801    0.000000000000000000    -0.001285142987765900    0.001815718834509992    0.000000000000000000
11.100    -0.000270905260644055    -0.000207457754102521    0.000000000000000000    -0.000744375083046225    0.001649961477023917    0.000000000000000000
11.105    -0.000278954680789141    -0.000214978306250315    0.000000000000000000    -0.000313043321451510    0.001672762020588645    0.000000000000000000
11.110    -0.000287011927017262    -0.000222457039347595    0.000000000000000000    -0.000047183155338533    0.001956626367986564    0.000000000000000000
11.115    -0.000295070352824267    -0.000229886856785675    0.000000000000000000    0.000272661324063599    0.001840748071991419    0.000000000000000000
11.120    -0.000303121962098170    -0.000237270655521955    0.000000000000000000    0.000665906129885922    0.001684856931004732    0.000000000000000000
11.125    -0.000311156923718826    -0.000244612332834960    0.000000000000000000    0.001055183580388110    0.001565480149883858    0.000000000000000000
11.130    -0.000319165505749972    -0.000251914873144218    0.000000000000000000    0.001456840219120348    0.001280665906633859    0.000000000000000000
11.135    -0.000327137666775641    -0.000259185396805810    0.000000000000000000    0.001744436030686955    0.000991454904056797    0.000000000000000000
11.140    -0.000335066216900542    -0.000266431134094801    0.000000000000000000    0.002004816236837563    0.000777777156490619    0.000000000000000000
11.145    -0.000342944646619522    -0.000273657426954879    0.000000000000000000    0.001916073930669122    0.000665978875029165    0.000000000000000000
11.150    -0.000350775174490236    -0.000280867070343082    0.000000000000000000    0.001980726380280528    0.000450622289391821    0.000000000000000000
11.155    -0.000358556184201442    -0.000288065448174050    0.000000000000000000    0.002458124900748485    0.000525474658579720    0.000000000000000000
11.160    -0.000366275740790130    -0.000295250689138553    0.000000000000000000    0.003030273479046487    0.000486102107863026    0.000000000000000000
11.165    -0.000373919540541842    -0.000302423777550360    0.000000000000000000    0.003602959822181489    0.000499696541829148    0.000000000000000000
11.170    -0.000381473266297999    -0.000309584373548621    0.000000000000000000    0.004252093419988921    0.000529951430512481    0.000000000000000000
11.175    -0.000388920689718656    -0.000316731720761119    0.000000000000000000    0.004738598628189344    0.000769916325298915    0.000000000000000000
11.180    -0.000396249648173609    -0.000323859820065485    0.000000000000000000    0.004905729352464635    0.000663768541003980    0.000000000000000000
11.185    -0.000403455963394750    -0.000330971325156326    0.000000000000000000    0.005311208287120655    0.000665348105232961    0.000000000000000000
11.190    -0.000410529498408713    -0.000338066196544535    0.000000000000000000    0.005693697464584542    0.000892200293174574    0.000000000000000000
11.195    -0.000417460690986061    -0.000345138762925416    0.000000000000000000    0.005627007391016854    0.001037471117734841    0.000000000000000000
11.200    -0.000424251208378634    -0.000352185392528353    0.000000000000000000    0.005489813581255765    0.001141910558788602    0.000000000000000000
11.205    -0.000430904480431676    -0.000359203474367321    0.000000000000000000    0.005704060018593866    0.001602166641095307    0.000000000000000000
11.210    -0.000437415150984252    -0.000366181502040261    0.000000000000000000    0.005515555007357988    0.002111914595261458    0.000000000000000000
11.215    -0.000443787932661645    -0.000373106731848319    0.000000000000000000    0.005220511380091709    0.002473894088509624    0.000000000000000000
11.220    -0.000450030201554536    -0.000379970114304165    0.000000000000000000    0.005093004430925963    0.002878157813750344    0.000000000000000000
11.225    -0.000456145145336653    -0.000386761542814667    0.000000000000000000    0.004914945592757267    0.003391102406742532    0.000000000000000000
11.230    -0.000462137215478951    -0.000393468193765000    0.000000000000000000    0.004774541625899437    0.003799010930213842    0.000000000000000000
11.235    -0.000468009922080602    -0.000400079869442078    0.000000000000000000    0.004428383715891857    0.004555858695290058    0.000000000000000000
11.240    -0.000473771919089356    -0.000406577648651774    0.000000000000000000    0.003935822977048538    0.005122899170157801    0.000000000000000000
11.245    -0.000479435520523683    -0.000412947355382216    0.000000000000000000    0.003224209911929440    0.005321689596261576    0.000000000000000000
11.250    -0.000485018516710212    -0.000419184019872752    0.000000000000000000    0.002292657792016262    0.005453581493897186    0.000000000000000000
11.255    -0.000490544196451941    -0.000425284344825939    0.000000000000000000    0.001851291796723699    0.005450399515178044    0.000000000000000000
11.260    -0.000496023593898752    -0.000431248409791248    0.000000000000000000    0.001473804909085663    0.005429870495354990    0.000000000000000000
11.265    -0.000501466146222835    -0.000437076727994173    0.000000000000000000    0.000901330679680019    0.005614690957763801    0.000000000000000000
11.270    -0.000506886165279927    -0.000442764678923153    0.000000000000000000    0.000851546473807675    0.005436184978804999    0.000000000000000000
11.275    -0.000512284895675173    -0.000448316725227663    0.000000000000000000    0.000682682942732861    0.005456581153159487    0.000000000000000000
11.280    -0.000517666558996851    -0.000453732357003345    0.000000000000000000    0.000221200039040789    0.005233693266498782    0.000000000000000000
11.285    -0.000523042692317553    -0.000459017146447364    0.000000000000000000    -0.000011827782321269    0.004842502965088109    0.000000000000000000
11.290    -0.000528419121332813    -0.000464180873317255    0.000000000000000000    -0.000532127395302777    0.004567559293555939    0.000000000000000000
11.295    -0.000533808853532956    -0.000469230411204808    0.000000000000000000    -0.000525927785102569    0.004088276918349110    0.000000000000000000
11.300    -0.000539211733927726    -0.000474177742169402    0.000000000000000000    -0.000470476457701229    0.003510173253562076    0.000000000000000000
11.305    -0.000544626376233939    -0.000479037318802657    0.000000000000000000    -0.000269890430316944    0.002921212408956222    0.000000000000000000
11.310    -0.000550047765800909    -0.000483823865125689    0.000000000000000000    -0.000072578694131076    0.002350520224064703    0.000000000000000000
11.315    -0.000555470969835233    -0.000488551648443118    0.000000000000000000    -0.000110224257815657    0.002109727231425391    0.000000000000000000
11.320    -0.000560896929476003    -0.000493226688579762    0.000000000000000000    -0.000214968059043634    0.001691557700790776    0.000000000000000000
11.325    -0.000566328263318248    -0.000497859439773886    0.000000000000000000    -0.000237681277467754    0.001026661195519668    0.000000000000000000
11.330    -0.000571765539192430    -0.000502466524438122    0.000000000000000000    -0.000504170550130571    0.000805226820104789    0.000000000000000000
11.335    -0.000577215419330365    -0.000507053478431856    0.000000000000000000    -0.000443760754683352    0.000342922690087927    0.000000000000000000
11.340    -0.000582676393487168    -0.000511631859358337    0.000000000000000000    -0.000114960951843115    -0.000380500452621529    0.000000000000000000
11.345    -0.000588140241667766    -0.000516219752796134    0.000000000000000000    0.000206826288955651    -0.000662705949808391    0.000000000000000000
11.350    -0.000593598919191141    -0.000520824213882676    0.000000000000000000    0.000451326616288106    -0.001071646176394568    0.000000000000000000
11.355    -0.000599046313549108    -0.000525455466123628    0.000000000000000000    0.000542475011729680    -0.001516241385137590    0.000000000000000000
11.360    -0.000604480146031782    -0.000530124624399208    0.000000000000000000    0.000679004560420575    -0.001967836584350693    0.000000000000000000
11.365    -0.000609897003400446    -0.000534842978589397    0.000000000000000000    0.001127819291347511    -0.002310639212375031    0.000000000000000000
11.370    -0.000615285665286826    -0.000539619098759896    0.000000000000000000    0.001408797864945605    -0.002209342667798195    0.000000000000000000
11.375    -0.000620639107226582    -0.000544450452497089    0.000000000000000000    0.001408027253914021    -0.002184371372302395    0.000000000000000000
11.380    -0.000625957348484991    -0.000549336415518590    0.000000000000000000    0.001632991238841551    -0.002060630253132578    0.000000000000000000
11.385    -0.000631234764962428    -0.000554273894296420    0.000000000000000000    0.002004648976504375    -0.001757865229017573    0.000000000000000000
11.390    -0.000636462065215453    -0.000559255319704975    0.000000000000000000    0.002553376048813373    -0.001627533194594952    0.000000000000000000
11.395    -0.000641625531067257    -0.000564277433443394    0.000000000000000000    0.002936018905922225    -0.001757754506236803    0.000000000000000000
11.400    -0.000646715596446414    -0.000569343491044470    0.000000000000000000    0.003236984435230593    -0.001728658730036116    0.000000000000000000
11.405    -0.000651724737214690    -0.000574452765113796    0.000000000000000000    0.003962608796361997    -0.001561776475939719    0.000000000000000000
11.410    -0.000656634812763056    -0.000579601083595021    0.000000000000000000    0.004352987152496032    -0.001386090421732523    0.000000000000000000
11.415    -0.000661436063632610    -0.000584784054336789    0.000000000000000000    0.004476341207895057    -0.001296753813573651    0.000000000000000000
11.420    -0.000666125405971967    -0.000589999443923897    0.000000000000000000    0.005143288049993568    -0.001125505412532396    0.000000000000000000
11.425    -0.000670686166110074    -0.000595242971146318    0.000000000000000000    0.005553268899371674    -0.000763414232437393    0.000000000000000000
11.430    -0.000675108094525697    -0.000600505583724550    0.000000000000000000    0.005494140626091486    -0.000342444545454665    0.000000000000000000
11.435    -0.000679392669425667    -0.000605776757416418    0.000000000000000000    0.005402029101039124    -0.000352369339869790    0.000000000000000000
11.440    -0.000683542193598112    -0.000611056740341783    0.000000000000000000    0.005387190136737011    -0.000273566907326057    0.000000000000000000
11.445    -0.000687557038017138    -0.000616343562439831    0.000000000000000000    0.005234405058662621    0.000124725843086808    0.000000000000000000
11.450    -0.000691441022309697    -0.000621627266391802    0.000000000000000000    0.005413004385708929    0.000410609638673044    0.000000000000000000
11.455    -0.000695189681492614    -0.000626900705102806    0.000000000000000000    0.005768085783400961    0.000755881261037955    0.000000000000000000
11.460    -0.000698794138530946    -0.000632155246782285    0.000000000000000000    0.005453755618717651    0.001061219732033901    0.000000000000000000
11.465    -0.000702262251678809    -0.000637383257968462    0.000000000000000000    0.005217896200753434    0.001444702031638302    0.000000000000000000
11.470    -0.000705599917421654    -0.000642575151603848    0.000000000000000000    0.005155189465406648    0.001921246251682454    0.000000000000000000
11.475    -0.000708808703427864    -0.000647719014082943    0.000000000000000000    0.004987486953841533    0.002346301238155372    0.000000000000000000
11.480    -0.000711892802260228    -0.000652804219031083    0.000000000000000000    0.005086065454746290    0.002761720219470430    0.000000000000000000
11.485    -0.000714849749456223    -0.000657820380973737    0.000000000000000000    0.005247804818653452    0.003159406940073627    0.000000000000000000
11.490    -0.000717675501531752    -0.000662757557742888    0.000000000000000000    0.005747150158756480    0.003670631316195390    0.000000000000000000
11.495    -0.000720357574853311    -0.000667602968729135    0.000000000000000000    0.006409248440000966    0.003896873463984929    0.000000000000000000
11.500    -0.000722879416963871    -0.000672350957878783    0.000000000000000000    0.006949431860950664    0.004300938809937392    0.000000000000000000
11.505    -0.000725227523277907    -0.000676991423558182    0.000000000000000000    0.007210167252626361    0.004751918937740893    0.000000000000000000
11.510    -0.000727395375410628    -0.000681513091264137    0.000000000000000000    0.007448019195420603    0.005118067250200337    0.000000000000000000
11.515    -0.000729377027063462    -0.000685906807288837    0.000000000000000000    0.007636349282588197    0.005306562322385765    0.000000000000000000
11.520    -0.000731167769984233    -0.000690167859255478    0.000000000000000000    0.007847909479718161    0.005354248782903949    0.000000000000000000
11.525    -0.000732762315168010    -0.000694295055002546    0.000000000000000000    0.007847968433510530    0.005412462676010997    0.000000000000000000
11.530    -0.000734160661140949    -0.000698286939182714    0.000000000000000000    0.007799273018084876    0.005441902267769305    0.000000000000000000
11.535    -0.000735364025288437    -0.000702142775806188    0.000000000000000000    0.008260206513900983    0.005313224817823925    0.000000000000000000
11.540    -0.000736360884273076    -0.000705865781809216    0.000000000000000000    0.008495656367984994    0.005530292266982435    0.000000000000000000
11.545    -0.000737145351848516    -0.000709450530505569    0.000000000000000000    0.008403477955954905    0.005786713974118354    0.000000000000000000
11.550    -0.000737719732475058    -0.000712890611352570    0.000000000000000000    0.008342071429498325    0.005954689185081255    0.000000000000000000
11.555    -0.000738085561315862    -0.000716181824969943    0.000000000000000000    0.007988504625113836    0.006056268021083569    0.000000000000000000
11.560    -0.000738251677541038    -0.000719321631886789    0.000000000000000000    0.007785826739805692    0.006354139417880968    0.000000000000000000
11.565    -0.000738223148097718    -0.000722302585318189    0.000000000000000000    0.007694175236448546    0.006416283329264971    0.000000000000000000
11.570    -0.000738002264273488    -0.000725123131666356    0.000000000000000000    0.007574037836524487    0.006424822567969134    0.000000000000000000
11.575    -0.000737592029503345    -0.000727783057450325    0.000000000000000000    0.007363788687752074    0.006582871808448118    0.000000000000000000
11.580    -0.000736997700016007    -0.000730278411439082    0.000000000000000000    0.007135773086764004    0.006685228654450606    0.000000000000000000
11.585    -0.000736224976201501    -0.000732606634711478    0.000000000000000000    0.006865535676428558    0.006751296182244682    0.000000000000000000
11.590    -0.000735280613995084    -0.000734766075579318    0.000000000000000000    0.006494259379161496    0.006895349875203280    0.000000000000000000
11.595    -0.000734173895304188    -0.000736753132700278    0.000000000000000000    0.005733973471580209    0.007152676771327200    0.000000000000000000
11.600    -0.000732923827276502    -0.000738561372901955    0.000000000000000000    0.005218942016127839    0.007271282408054074    0.000000000000000000
11.605    -0.000731543285698413    -0.000740187831043430    0.000000000000000000    0.004991347328678168    0.007423734887388247    0.000000000000000000
11.610    -0.000730037960437107    -0.000741628695812721    0.000000000000000000    0.004867600393769836    0.007591878278044410    0.000000000000000000
11.615    -0.000728410945165957    -0.000742879763625060    0.000000000000000000    0.004614332173675725    0.007738504852485527    0.000000000000000000
11.620    -0.000726668571590465    -0.000743937368816087    0.000000000000000000    0.004163262648272659    0.007909870785196942    0.000000000000000000
11.625    -0.000724822116448767    -0.000744797227237485    0.000000000000000000    0.003831265616258302    0.007859718129509669    0.000000000000000000
11.630    -0.000722879879666661    -0.000745460592705644    0.000000000000000000    0.003645430702177953    0.007819960602230627    0.000000000000000000
11.635    -0.000720846507117002    -0.000745928459158748    0.000000000000000000    0.003442860719701443    0.007674154788419110    0.000000000000000000
11.640    -0.000718727063049350    -0.000746204471742142    0.000000000000000000    0.003183224988475251    0.007240226903523252    0.000000000000000000
11.645    -0.000716528038356985    -0.000746299478652947    0.000000000000000000    0.002908581485743487    0.006986750091331553    0.000000000000000000
11.650    -0.000714256299127478    -0.000746219816811469    0.000000000000000000    0.002821070691507409    0.006790087717879409    0.000000000000000000
11.655    -0.000711914033130682    -0.000745970402777044    0.000000000000000000    0.002615568453177841    0.006488311876670996    0.000000000000000000
11.660    -0.000709506377922558    -0.000745558780945703    0.000000000000000000    0.002111660201403048    0.006163896316109876    0.000000000000000000
11.665    -0.000707045931209398    -0.000744993061706458    0.000000000000000000    0.001830043007476460    0.005632044197570289    0.000000000000000000
11.670    -0.000704539733421051    -0.000744286541362274    0.000000000000000000    0.001532248781214648    0.005021915178309889    0.000000000000000000
11.675    -0.000701995229413174    -0.000743454473138633    0.000000000000000000    0.001754564873108870    0.004396117195579023    0.000000000000000000
11.680    -0.000699406861283469    -0.000742512501985102    0.000000000000000000    0.001773040285315934    0.003869226183812226    0.000000000000000000
11.685    -0.000696774167146631    -0.000741473800176976    0.000000000000000000    0.001681219166322148    0.003347469651549320    0.000000000000000000
11.690    -0.000694099442530635    -0.000740351411627561    0.000000000000000000    0.001576628234109360    0.002681370235833348    0.000000000000000000
11.695    -0.000691385302208787    -0.000739161988822250    0.000000000000000000    0.001592021174191653    0.002122327691536467    0.000000000000000000
11.700    -0.000688631361357583    -0.000737919507824651    0.000000000000000000    0.001421125465392130    0.001576103259822229    0.000000000000000000
11.705    -0.000685841892369745    -0.000736637624245556    0.000000000000000000    0.001562560031048536    0.001039615011677424    0.000000000000000000
11.710    -0.000683013359381131    -0.000735329750291169    0.000000000000000000    0.001799205179976553    0.000663656113185189    0.000000000000000000
11.715    -0.000680139846263017    -0.000734005284933953    0.000000000000000000    0.001961093484721677    0.000027441407358247    0.000000000000000000
11.720    -0.000677217305807785    -0.000732680133541553    0.000000000000000000    0.002367596828884572    -0.000554913295531048    0.000000000000000000
11.725    -0.000674235575431831    -0.000731368854981541    0.000000000000000000    0.002780561253246973    -0.001208181405532895    0.000000000000000000
11.730    -0.000671184331024546    -0.000730087780956667    0.000000000000000000    0.003121597571963293    -0.001875307385672612    0.000000000000000000
11.735    -0.000668055046677962    -0.000728853589616435    0.000000000000000000    0.003125165746777070    -0.002406832520806569    0.000000000000000000
11.740    -0.000664847633187709    -0.000727679569089223    0.000000000000000000    0.003249024332786093    -0.002883548640424290    0.000000000000000000
11.745    -0.000661558994089135    -0.000726577637278022    0.000000000000000000    0.003309714561201826    -0.002962409813948852    0.000000000000000000
11.750    -0.000658187612126532    -0.000725549765712170    0.000000000000000000    0.003524116026993110    -0.003290861866184734    0.000000000000000000
11.755    -0.000654728127263254    -0.000724604165692972    0.000000000000000000    0.003667560646526333    -0.003543277256145942    0.000000000000000000
11.760    -0.000651176953383812    -0.000723747147605178    0.000000000000000000    0.003939290369953455    -0.003464485574290743    0.000000000000000000
11.765    -0.000647527297245122    -0.000722976741656741    0.000000000000000000    0.003658405345308667    -0.003527823669757964    0.000000000000000000
11.770    -0.000643786180972799    -0.000722294531300048    0.000000000000000000    0.003658972215392527    -0.003630114847998425    0.000000000000000000
11.775    -0.000639953590395092    -0.000721703073814555    0.000000000000000000    0.003569533848185417    -0.003765665794290551    0.000000000000000000
11.780    -0.000636031761471180    -0.000721205757973920    0.000000000000000000    0.003228658314422157    -0.003443866699722950    0.000000000000000000
11.785    -0.000632029216089407    -0.000720794538800777    0.000000000000000000    0.003417669864717865    -0.003281941667572855    0.000000000000000000
11.790    -0.000627941228961016    -0.000720465368169324    0.000000000000000000    0.003185989396522343    -0.003199272342051425    0.000000000000000000
11.795    -0.000623773592097712    -0.000720216179346422    0.000000000000000000    0.002937205743377795    -0.002947448476610555    0.000000000000000000
11.800    -0.000619532525090824    -0.000720040676735435    0.000000000000000000    0.003033074420693074    -0.002873754086506371    0.000000000000000000
11.805    -0.000615215631223418    -0.000719937017976611    0.000000000000000000    0.003134126491557802    -0.002661969682291217    0.000000000000000000
11.810    -0.000610820384193723    -0.000719899908459844    0.000000000000000000    0.003053189141007800    -0.002452161512690385    0.000000000000000000
11.815    -0.000606348807435504    -0.000719924102980895    0.000000000000000000    0.003357204762339736    -0.002347839851138053    0.000000000000000000
11.820    -0.000601793300558225    -0.000720006993498224    0.000000000000000000    0.003665554344795680    -0.002138428727982422    0.000000000000000000
11.825    -0.000597146154822327    -0.000720143344733752    0.000000000000000000    0.003643862783301623    -0.001830286545110096    0.000000000000000000
11.830    -0.000592407912516847    -0.000720325453132908    0.000000000000000000    0.003102695368844589    -0.001874541531022948    0.000000000000000000
11.835    -0.000587592102827145    -0.000720554425070340    0.000000000000000000    0.003135395963507238    -0.001513510068011995    0.000000000000000000
11.840    -0.000582697908238355    -0.000720821234759472    0.000000000000000000    0.003393410923416794    -0.001310899553526312    0.000000000000000000
11.845    -0.000577718878376480    -0.000721120816937443    0.000000000000000000    0.003057935048932266    -0.001033721090644771    0.000000000000000000
11.850    -0.000572663400138382    -0.000721446242142679    0.000000000000000000    0.003082814418733579    -0.000573640476140246    0.000000000000000000
11.855    -0.000567530851539816    -0.000721786008359819    0.000000000000000000    0.003280165517204579    -0.000194981910409120    0.000000000000000000
11.860    -0.000562316298803319    -0.000722130649124719    0.000000000000000000    0.003076700717734131    0.000241266076526914    0.000000000000000000
11.865    -0.000557024828548879    -0.000722469258237706    0.000000000000000000    0.003077437065808659    0.000675925499581814    0.000000000000000000
11.870    -0.000551656422367794    -0.000722790969213203    0.000000000000000000    0.002927921852391088    0.001026486394438940    0.000000000000000000
11.875    -0.000546214818140399    -0.000723087018028840    0.000000000000000000    0.002948850034061382    0.001485352465568739    0.000000000000000000
11.880    -0.000540699492662152    -0.000723345933032837    0.000000000000000000    0.002947223899730025    0.001786318087042965    0.000000000000000000
11.885    -0.000535110486586412    -0.000723560190084658    0.000000000000000000    0.002815935565615192    0.002235859729434950    0.000000000000000000
11.890    -0.000529451082121532    -0.000723718550643243    0.000000000000000000    0.002550489681500678    0.002719812356188379    0.000000000000000000
11.895    -0.000523727915414614    -0.000723808915892924    0.000000000000000000    0.001923426892211713    0.002728188553510931    0.000000000000000000
11.900    -0.000517956663035391    -0.000723831076428767    0.000000000000000000    0.001779613462010721    0.002591341427219535    0.000000000000000000
11.905    -0.000512140920319618    -0.000723788453428929    0.000000000000000000    0.001474562394800441    0.002395371673023609    0.000000000000000000
11.910    -0.000506288313543975    -0.000723685946137266    0.000000000000000000    0.001227773635151079    0.002520005009157798    0.000000000000000000
11.915    -0.000500405012427453    -0.000723520438720373    0.000000000000000000    0.000730226374021092    0.002707250527735940    0.000000000000000000
11.920    -0.000494503455651580    -0.000723287250040288    0.000000000000000000    0.000064168194998000    0.002817947469353418    0.000000000000000000
11.925    -0.000488600294670833    -0.000722983612673468    0.000000000000000000    -0.000441487264350726    0.002738162715749254    0.000000000000000000
11.930    -0.000482708170871694    -0.000722611521238755    0.000000000000000000    -0.000727313100973813    0.002699806296592965    0.000000000000000000
11.935    -0.000476834229900079    -0.000722171934646627    0.000000000000000000    -0.000946270389719228    0.002708656489801460    0.000000000000000000
11.940    -0.000470983945688208    -0.000721664631642254    0.000000000000000000    -0.001381212883331141    0.002627811087440972    0.000000000000000000
11.945    -0.000465168191798420    -0.000721091633360695    0.000000000000000000    -0.001771951557980652    0.002604915380018981    0.000000000000000000
11.950    -0.000459396736697581    -0.000720453512194635    0.000000000000000000    -0.002071914225634623    0.002545138371007859    0.000000000000000000
11.955    -0.000453677079452383    -0.000719751762569300    0.000000000000000000    -0.002270247892158152    0.002351881061820119    0.000000000000000000
11.960    -0.000448014178404489    -0.000718991215917420    0.000000000000000000    -0.002493142294342655    0.002204718490758650    0.000000000000000000
11.965    -0.000442413605913954    -0.000718175551303271    0.000000000000000000    -0.003056754824053935    0.001943370688227419    0.000000000000000000
11.970    -0.000436889452294020    -0.000717311302421916    0.000000000000000000    -0.003579319224772132    0.001978947063801216    0.000000000000000000
11.975    -0.000431454781654705    -0.000716397579863966    0.000000000000000000    -0.004052746129909642    0.001792476696264519    0.000000000000000000
11.980    -0.000426121429668638    -0.000715439045388610    0.000000000000000000    -0.004340430428313464    0.001687175423992389    0.000000000000000000
11.985    -0.000420896588443279    -0.000714438331527653    0.000000000000000000    -0.004675396920012474    0.001447593131380723    0.000000000000000000
11.990    -0.000415788632140920    -0.000713401427838412    0.000000000000000000    -0.004881147009170445    0.001241137152383984    0.000000000000000000
11.995    -0.000410802704513791    -0.000712333495720362    0.000000000000000000    -0.004678948767704305    0.001341398036497181    0.000000000000000000
12.000    -0.000405933750605854    -0.000711232028651399    0.000000000000000000    -0.004431072204232230    0.001592798619669440    0.000000000000000000
12.005    -0.000401175573503023    -0.000710090741616944    0.000000000000000000    -0.004155183798947026    0.002079361199115205    0.000000000000000000
12.010    -0.000396521275995166    -0.000708897470552512    0.000000000000000000    -0.003987727646168147    0.002213656884056739    0.000000000000000000
12.015    -0.000391966671678462    -0.000707648858065978    0.000000000000000000    -0.003724391663213669    0.002376483778350827    0.000000000000000000
12.020    -0.000387505177153339    -0.000706340833484985    0.000000000000000000    -0.003374861635610082    0.002530749860932616    0.000000000000000000
12.025    -0.000383128054169107    -0.000704969540157469    0.000000000000000000    -0.003018379539402542    0.002813833873452874    0.000000000000000000
12.030    -0.000378826390673359    -0.000703527900983117    0.000000000000000000    -0.002661342794990466    0.003159312330150432    0.000000000000000000
12.035    -0.000374591260747487    -0.000702007279000510    0.000000000000000000    -0.002223115418661156    0.003164411760303749    0.000000000000000000
12.040    -0.000370411708707080    -0.000700407546723897    0.000000000000000000    -0.001626226222557845    0.003360819058268252    0.000000000000000000
12.045    -0.000366272812322238    -0.000698723793970826    0.000000000000000000    -0.001316707920872434    0.003400999722975168    0.000000000000000000
12.050    -0.000362166833635417    -0.000696955016224682    0.000000000000000000    -0.000802169214679429    0.003733336264933121    0.000000000000000000
12.055    -0.000358080909178964    -0.000695092905071913    0.000000000000000000    -0.000153221328908024    0.004143019151970663    0.000000000000000000
12.060    -0.000353998815255733    -0.000693127218440346    0.000000000000000000    0.000120380561484824    0.004328468178739324    0.000000000000000000
12.065    -0.000349913711818465    -0.000691053320104310    0.000000000000000000    0.000392544341728043    0.004514432506903289    0.000000000000000000
12.070    -0.000345818794772654    -0.000688866560955602    0.000000000000000000    0.000771061339926733    0.004606423695328703    0.000000000000000000
12.075    -0.000341704601193345    -0.000686564641214510    0.000000000000000000    0.000855208887682452    0.004563751004977787    0.000000000000000000
12.080    -0.000337569027391843    -0.000684148627698294    0.000000000000000000    0.001260638317619571    0.004303537402480795    0.000000000000000000
12.085    -0.000333401937632401    -0.000681625025747016    0.000000000000000000    0.001612188175240375    0.004193096061833393    0.000000000000000000
12.090    -0.000329194543168579    -0.000678996596394192    0.000000000000000000    0.001905732984462151    0.003829347993140712    0.000000000000000000
12.095    -0.000324939505380144    -0.000676272433341539    0.000000000000000000    0.002325497331823363    0.003649957987404348    0.000000000000000000
12.100    -0.000320626330158414    -0.000673457021339202    0.000000000000000000    0.002600187875324844    0.003561990967121745    0.000000000000000000
12.105    -0.000316248150239801    -0.000670552559562686    0.000000000000000000    0.002709628731190419    0.003287808541551675    0.000000000000000000
12.110    -0.000311802229602908    -0.000667565902572631    0.000000000000000000    0.002685936410203385    0.003018472020176015    0.000000000000000000
12.115    -0.000307289160555760    -0.000664503783782073    0.000000000000000000    0.002711278459669245    0.002571169442030542    0.000000000000000000
12.120    -0.000302708309547120    -0.000661377385755463    0.000000000000000000    0.002948559123454146    0.002550656791021344    0.000000000000000000
12.125    -0.000298053744560394    -0.000658187221309078    0.000000000000000000    0.002815973506090606    0.002474679164656511    0.000000000000000000
12.130    -0.000293328780236016    -0.000654935189883576    0.000000000000000000    0.002634717974634229    0.002407651626575025    0.000000000000000000
12.135    -0.000288537947962272    -0.000651622967167410    0.000000000000000000    0.002410012233510644    0.002288410942742104    0.000000000000000000
12.140    -0.000283686865382690    -0.000648253534177676    0.000000000000000000    0.002187831928555841    0.002256743648260985    0.000000000000000000
12.145    -0.000278781087004894    -0.000644827682596735    0.000000000000000000    0.002067162215900562    0.002409600785005170    0.000000000000000000
12.150    -0.000273823629571701    -0.000641341590996169    0.000000000000000000    0.001803894525229804    0.002279612144155674    0.000000000000000000
12.155    -0.000268821074775377    -0.000637798509091999    0.000000000000000000    0.001260546870587333    0.002262097617304268    0.000000000000000000
12.160    -0.000263787006307288    -0.000634198874747396    0.000000000000000000    0.000643470493208453    0.002347668105026797    0.000000000000000000
12.165    -0.000258736851076869    -0.000630540548700168    0.000000000000000000    0.000389272620836875    0.002495135169085921    0.000000000000000000
12.170    -0.000253676964030929    -0.000626819844273712    0.000000000000000000    0.000028376106462388    0.002600848843319591    0.000000000000000000
12.175    -0.000248616367582327    -0.000623034118626174    0.000000000000000000    -0.000395008180598382    0.002498258487235172    0.000000000000000000
12.180    -0.000243565646338241    -0.000619185936516455    0.000000000000000000    -0.000651226838117250    0.002522180122259583    0.000000000000000000
12.185    -0.000238531205765107    -0.000615274699903679    0.000000000000000000    -0.000744510185738062    0.002544622552608580    0.000000000000000000
12.190    -0.000233515377946617    -0.000611299847727088    0.000000000000000000    -0.000659853516299814    0.002564378775785081    0.000000000000000000
12.195    -0.000228516046466035    -0.000607260886081102    0.000000000000000000    -0.000667250823157585    0.002398111013175892    0.000000000000000000
12.200    -0.000223533396256031    -0.000603161971659787    0.000000000000000000    -0.000844785422845964    0.002415408630589838    0.000000000000000000
12.205    -0.000218571865681598    -0.000599002672022707    0.000000000000000000    -0.000882535852977017    0.002305479707056385    0.000000000000000000
12.210    -0.000213632398503490    -0.000594785735392951    0.000000000000000000    -0.001217763017737940    0.002203150263864820    0.000000000000000000
12.215    -0.000208723375400826    -0.000590513720006598    0.000000000000000000    -0.001651804953648525    0.002183539530155147    0.000000000000000000
12.220    -0.000203855647422002    -0.000586187116131992    0.000000000000000000    -0.001538341765135870    0.002197763330513171    0.000000000000000000
12.225    -0.000199026377987307    -0.000581805568174122    0.000000000000000000    -0.001673253429498736    0.002088873447270156    0.000000000000000000
12.230    -0.000194238939888350    -0.000577371798380071    0.000000000000000000    -0.001601252751807711    0.002189703282168276    0.000000000000000000
12.235    -0.000189491533108187    -0.000572883286003965    0.000000000000000000    -0.001476322910799917    0.002172707145786310    0.000000000000000000
12.240    -0.000184781034400795    -0.000568340455949215    0.000000000000000000    -0.001614231096665935    0.002153379059796970    0.000000000000000000
12.245    -0.000180110891470819    -0.000563743791417970    0.000000000000000000    -0.001003676424442138    0.002176415846979682    0.000000000000000000
12.250    -0.000175465840451454    -0.000559092716490550    0.000000000000000000    -0.000868888114632840    0.002377902198428400    0.000000000000000000
12.255    -0.000170842511634955    -0.000554382194008170    0.000000000000000000    -0.000919419049872977    0.002275000488358853    0.000000000000000000
12.260    -0.000166242168294703    -0.000549614796513581    0.000000000000000000    -0.000725752731439494    0.002255487363080934    0.000000000000000000
12.265    -0.000161659968772737    -0.000544791011834915    0.000000000000000000    -0.000525800101793764    0.002498880937009187    0.000000000000000000
12.270    -0.000157090914253316    -0.000539904755132823    0.000000000000000000    -0.000491721850179924    0.002641029217941709    0.000000000000000000
12.275    -0.000152534152780149    -0.000534952472700283    0.000000000000000000    -0.000501625934478485    0.002625057223160261    0.000000000000000000
12.280    -0.000147989931955345    -0.000529934563837164    0.000000000000000000    -0.000421920697042276    0.002803370869617142    0.000000000000000000
12.285    -0.000143456259147966    -0.000524846570702305    0.000000000000000000    -0.000588302800199128    0.002857834281435809    0.000000000000000000
12.290    -0.000138937293910592    -0.000519687131710409    0.000000000000000000    -0.000645279874535946    0.002700325221331214    0.000000000000000000
12.295    -0.000134434460670082    -0.000514460184587981    0.000000000000000000    -0.000640345194840913    0.002816602269833067    0.000000000000000000
12.300    -0.000129947636059443    -0.000509162822408806    0.000000000000000000    -0.000735540434636250    0.002777947357723333    0.000000000000000000
12.305    -0.000125479199959669    -0.000503796011545688    0.000000000000000000    -0.000797192798685734    0.002642043026449339    0.000000000000000000
12.310    -0.000121030693679863    -0.000498363149606910    0.000000000000000000    -0.000494906344179801    0.002587450336471314    0.000000000000000000
12.315    -0.000116594560058661    -0.000492865601409719    0.000000000000000000    -0.000410133857024807    0.002452575011890543    0.000000000000000000
12.320    -0.000112168679783885    -0.000487306738837231    0.000000000000000000    -0.000308155181531007    0.002418639907693365    0.000000000000000000
12.325    -0.000107750503388647    -0.000481687410267051    0.000000000000000000    -0.000388559192278023    0.002390169986776075    0.000000000000000000
12.330    -0.000103342040973216    -0.000476008327447201    0.000000000000000000    -0.000726272965811026    0.002092490520946323    0.000000000000000000
12.335    -0.000098951735381931    -0.000470276932364328    0.000000000000000000    -0.001058749663032676    0.001846628831989310    0.000000000000000000
12.340    -0.000094587898532221    -0.000464499371560655    0.000000000000000000    -0.001540074432405622    0.001597109194053856    0.000000000000000000
12.345    -0.000090262563543321    -0.000458681883027131    0.000000000000000000    -0.001633493304951592    0.001342898108020341    0.000000000000000000
12.350    -0.000085978065887045    -0.000452830822040906    0.000000000000000000    -0.001745963771077204    0.000837384834676339    0.000000000000000000
12.355    -0.000081737217325047    -0.000446958826433814    0.000000000000000000    -0.001948534843708698    0.000414113956626484    0.000000000000000000
12.360    -0.000077545082134140    -0.000441076477977807    0.000000000000000000    -0.002187935468280378    -0.000103732130790884    0.000000000000000000
12.365    -0.000073407645329941    -0.000435196722825069    0.000000000000000000    -0.002441574183093377    -0.000441652526969854    0.000000000000000000
12.370    -0.000069331247880319    -0.000429328008985505    0.000000000000000000    -0.002959555756228984    -0.000851923880537675    0.000000000000000000
12.375    -0.000065328839324603    -0.000423480593242955    0.000000000000000000    -0.002744903839406259    -0.001437228519523149    0.000000000000000000
12.380    -0.000061395053364872    -0.000417669108213394    0.000000000000000000    -0.002473947122897486    -0.001772827723706995    0.000000000000000000
12.385    -0.000057523116083213    -0.000411901943876924    0.000000000000000000    -0.002324686528058740    -0.002353417508085473    0.000000000000000000
12.390    -0.000053709295964756    -0.000406193614978157    0.000000000000000000    -0.002251487289177368    -0.002782131756997892    0.000000000000000000
12.395    -0.000049951763028529    -0.000400554839373315    0.000000000000000000    -0.002006838605333647    -0.003273175904531210    0.000000000000000000
12.400    -0.000046244401057434    -0.000394997893166086    0.000000000000000000    -0.001641290571494688    -0.003898096798550087    0.000000000000000000
12.405    -0.000042578071350627    -0.000389538399378821    0.000000000000000000    -0.001188816628780551    -0.004458927315149734    0.000000000000000000
12.410    -0.000038941462059540    -0.000384190378774435    0.000000000000000000    -0.000743681153028610    -0.004705525186820929    0.000000000000000000
12.415    -0.000035323444797278    -0.000378959996299719    0.000000000000000000    -0.000367720938099995    -0.004791349741894383    0.000000000000000000
12.420    -0.000031714620558469    -0.000373849397568550    0.000000000000000000    -0.000102270108298067    -0.004953830390762477    0.000000000000000000
12.425    -0.000028108353072367    -0.000368862644597151    0.000000000000000000    0.000057599891644528    -0.004903373043002850    0.000000000000000000
12.430    -0.000024500645588974    -0.000363998475951826    0.000000000000000000    0.000084881945945495    -0.004635454449771880    0.000000000000000000
12.435    -0.000020890816056933    -0.000359250193667746    0.000000000000000000    0.000456935594691507    -0.004452667614206381    0.000000000000000000
12.440    -0.000017269563135024    -0.000354613228074022    0.000000000000000000    0.000783716430609657    -0.004175470502557413    0.000000000000000000
12.445    -0.000013628717302350    -0.000350080649242861    0.000000000000000000    0.000828070500132478    -0.003910003436218088    0.000000000000000000
12.450    -0.000009967169707173    -0.000345645820497605    0.000000000000000000    0.001249602683969653    -0.003660136379235977    0.000000000000000000
12.455    -0.000006274382044896    -0.000341302495161830    0.000000000000000000    0.001370968311496681    -0.003331079950583560    0.000000000000000000
12.460    -0.000002547320174832    -0.000337042446824820    0.000000000000000000    0.001343206330589750    -0.002760015933615193    0.000000000000000000
12.465    0.000001213321853497    -0.000332851398886151    0.000000000000000000    0.001298386718398274    -0.002226709552360581    0.000000000000000000
12.470    0.000005006423549785    -0.000328716018686290    0.000000000000000000    0.001335351365231327    -0.001644477071092131    0.000000000000000000
12.475    0.000008832909030205    -0.000324621750413207    0.000000000000000000    0.001617035901525440    -0.001218099506554351    0.000000000000000000
12.480    0.000012699820408162    -0.000320557934627787    0.000000000000000000    0.001987718087512554    -0.000918280931990704    0.000000000000000000
12.485    0.000016616424738308    -0.000316517075865668    0.000000000000000000    0.002193805863793255    -0.000594960238018468    0.000000000000000000
12.490    0.000020587874215048    -0.000312491091109498    0.000000000000000000    0.002622738223383305    -0.000319902949443007    0.000000000000000000
12.495    0.000024624892147373    -0.000308473103927065    0.000000000000000000    0.002758475597113859    0.000349289115807866    0.000000000000000000
12.500    0.000028730871969626    -0.000304446384516737    0.000000000000000000    0.003406011894298359    0.000563941340517987    0.000000000000000000
12.505    0.000032922002089236    -0.000300405566572895    0.000000000000000000    0.004050385199966613    0.000813847527872218    0.000000000000000000
12.510    0.000037214391838845    -0.000296344402440857    0.000000000000000000    0.004056139463502544    0.001129471083013197    0.000000000000000000
12.515    0.000041608185075042    -0.000292255001531744    0.000000000000000000    0.004195964159022446    0.001557490738940057    0.000000000000000000
12.520    0.000046106877415215    -0.000288126663354157    0.000000000000000000    0.004403864449764041    0.002051473523623833    0.000000000000000000
12.525    0.000050715666366631    -0.000283947038338479    0.000000000000000000    0.004771889119431385    0.002227239299249298    0.000000000000000000
12.530    0.000055443752546033    -0.000279711732340321    0.000000000000000000    0.004855708266599402    0.002164985239687823    0.000000000000000000
12.535    0.000060293231432101    -0.000275422301711170    0.000000000000000000    0.004686236280792948    0.002342998623246391    0.000000000000000000
12.540    0.000065259866225188    -0.000271074296116438    0.000000000000000000    0.005149296235223825    0.002517891600304495    0.000000000000000000
12.545    0.000070355233424156    -0.000266663343231698    0.000000000000000000    0.005629056313163710    0.002781735647038822    0.000000000000000000
12.550    0.000075591327030953    -0.000262182846955782    0.000000000000000000    0.005912906685545281    0.002698076627934230    0.000000000000000000
12.555    0.000080975243304888    -0.000257634898764168    0.000000000000000000    0.006105294257488557    0.002595529133401792    0.000000000000000000
12.560    0.000086511791935261    -0.000253022062344219    0.000000000000000000    0.006033496377342456    0.002601598614586798    0.000000000000000000
12.565    0.000092199177975067    -0.000248344185958905    0.000000000000000000    0.005851895075373705    0.002737045048262915    0.000000000000000000
12.570    0.000098032861391758    -0.000243597883447385    0.000000000000000000    0.006052310289298042    0.003081401855472773    0.000000000000000000
12.575    0.000104017852565681    -0.000238774545889478    0.000000000000000000    0.005612645206053406    0.002913974757876633    0.000000000000000000
12.580    0.000110143159869755    -0.000233878358962624    0.000000000000000000    0.005064043008878513    0.003020919297993694    0.000000000000000000
12.585    0.000116395068249051    -0.000228906649053320    0.000000000000000000    0.004815920337610836    0.003182509804236381    0.000000000000000000
12.590    0.000122767374636788    -0.000223855376398910    0.000000000000000000    0.004349387191525974    0.003417165734034269    0.000000000000000000
12.595    0.000129248415704313    -0.000218718674601149    0.000000000000000000    0.004080768230070760    0.003372326012966156    0.000000000000000000
12.600    0.000135831475977589    -0.000213497664653064    0.000000000000000000    0.003913374809266443    0.003308619661690059    0.000000000000000000
12.605    0.000142512370621097    -0.000208193939213437    0.000000000000000000    0.003706806186289189    0.003346289590351907    0.000000000000000000
12.610    0.000149285935419263    -0.000202806556534051    0.000000000000000000    0.003399747943938838    0.003557336149697223    0.000000000000000000
12.615    0.000156144493916027    -0.000197330240450923    0.000000000000000000    0.003078293176875030    0.003856206558498386    0.000000000000000000
12.620    0.000163080009742212    -0.000191757519203832    0.000000000000000000    0.002733080526905228    0.004084554561158832    0.000000000000000000
12.625    0.000170083852581571    -0.000186082684092712    0.000000000000000000    0.002290544912393480    0.004088022407822958    0.000000000000000000
12.630    0.000177144959043739    -0.000180305648421397    0.000000000000000000    0.001686941847569212    0.004306279936372838    0.000000000000000000
12.635    0.000184248239052096    -0.000174420955751673    0.000000000000000000    0.001337079192826902    0.004514506607557287    0.000000000000000000
12.640    0.000191384946040275    -0.000168423400416759    0.000000000000000000    0.001162349976372183    0.004557311220412807    0.000000000000000000
12.645    0.000198550711777862    -0.000162311912301335    0.000000000000000000    0.001098329503173168    0.004562987318150252    0.000000000000000000
12.650    0.000205743935753029    -0.000156086349502957    0.000000000000000000    0.000533038782613883    0.004733798498645280    0.000000000000000000
12.655    0.000212950485697761    -0.000149742441742114    0.000000000000000000    0.000018839075219528    0.004903422121157585    0.000000000000000000
12.660    0.000220157506619374    -0.000143275948428241    0.000000000000000000    -0.000325728049381004    0.004867710472676546    0.000000000000000000
12.665    0.000227356384339752    -0.000136687762352551    0.000000000000000000    -0.000924759141092673    0.004800955231980437    0.000000000000000000
12.670    0.000234532143081602    -0.000129979552396062    0.000000000000000000    -0.001463502758355939    0.004734902346835435    0.000000000000000000
12.675    0.000241671314254494    -0.000123152969880902    0.000000000000000000    -0.001689323472380856    0.004695961775706475    0.000000000000000000
12.680    0.000248768252340577    -0.000116208988321349    0.000000000000000000    -0.001792396427452089    0.004432746057287090    0.000000000000000000
12.685    0.000255820380515973    -0.000109154188110365    0.000000000000000000    -0.001848891761260362    0.003859260193380233    0.000000000000000000
12.690    0.000262826286397337    -0.000102002906394545    0.000000000000000000    -0.001669812548369450    0.003563939223471288    0.000000000000000000
12.695    0.000269790446964992    -0.000094762526198139    0.000000000000000000    -0.001315260126856684    0.003032609445757892    0.000000000000000000
12.700    0.000276721726029476    -0.000087446330765589    0.000000000000000000    -0.001285371350006042    0.002212200553922670    0.000000000000000000
12.705    0.000283620870810210    -0.000080074830319191    0.000000000000000000    -0.001256166337840897    0.001507405497006399    0.000000000000000000
12.710    0.000290488611432498    -0.000072665644735367    0.000000000000000000    -0.001033557768439618    0.001215771937726029    0.000000000000000000
12.715    0.000297330513110574    -0.000065226064853101    0.000000000000000000    -0.001115814533376395    0.000893755509898749    0.000000000000000000
12.720    0.000304144519425317    -0.000057764141083087    0.000000000000000000    -0.000586740233734021    0.000276754730553020    0.000000000000000000
12.725    0.000310943857234216    -0.000050295298444809    0.000000000000000000    -0.000104512745014319    -0.000168693248280602    0.000000000000000000
12.730    0.000317740582224489    -0.000042830673137738    0.000000000000000000    0.000047525944336674    -0.000754370822106908    0.000000000000000000
12.735    0.000324538495363371    -0.000035384907101220    0.000000000000000000    0.000487391535295041    -0.001578395229101255    0.000000000000000000
12.740    0.000331348593290636    -0.000027978600945429    0.000000000000000000    0.000824084499351056    -0.002171640920052304    0.000000000000000000
12.745    0.000338179293330384    -0.000020626585812640    0.000000000000000000    0.000639738160074493    -0.002769383337979320    0.000000000000000000
12.750    0.000345025986824134    -0.000013343805263300    0.000000000000000000    0.001022453259369536    -0.003551652541594971    0.000000000000000000
12.755    0.000351898241649368    -0.000006149816027501    0.000000000000000000    0.001432998759454476    -0.004028094790213638    0.000000000000000000
12.760    0.000358806321443589    0.000000943470838544    0.000000000000000000    0.001605342879386785    -0.004404440646561259    0.000000000000000000
12.765    0.000365754534809794    0.000007926646688425    0.000000000000000000    0.001760875387782617    -0.004632016038677658    0.000000000000000000
12.770    0.000372746770060694    0.000014794022137338    0.000000000000000000    0.002007952666629662    -0.004867161982795103    0.000000000000000000
12.775    0.000379789204128259    0.000021539718536682    0.000000000000000000    0.002292415437585467    -0.005372165636373827    0.000000000000000000
12.780    0.000386888948581765    0.000028151110795116    0.000000000000000000    0.002176761341025381    -0.005553125743319069    0.000000000000000000
12.785    0.000394043112068796    0.000034623674909968    0.000000000000000000    0.002276187410258593    -0.005397109797348326    0.000000000000000000
12.790    0.000401254180241083    0.000040961311279885    0.000000000000000000    0.002495061231010207    -0.005159363569559247    0.000000000000000000
12.795    0.000408527624944146    0.000047169963560564    0.000000000000000000    0.002674571950680212    -0.004871315637592602    0.000000000000000000
12.800    0.000415867933945975    0.000053256832950303    0.000000000000000000    0.002907548076666860    -0.004699382402086548    0.000000000000000000
12.805    0.000423280931649721    0.000059226217779990    0.000000000000000000    0.003260879534088077    -0.004451440164835938    0.000000000000000000
12.810    0.000430775451341820    0.000065084316605556    0.000000000000000000    0.003360476410981840    -0.004168507209997938    0.000000000000000000
12.815    0.000438353982944193    0.000070838202750871    0.000000000000000000    0.003331792991607355    -0.004176324614420571    0.000000000000000000
12.820    0.000446015809371356    0.000076487680780827    0.000000000000000000    0.003066289914655136    -0.004354102725795460    0.000000000000000000
12.825    0.000453754293046386    0.000082028306242637    0.000000000000000000    0.003146606164310898    -0.004528359605190848    0.000000000000000000
12.830    0.000461571441875523    0.000087455722714318    0.000000000000000000    0.003574901884370249    -0.004936225474713751    0.000000000000000000
12.835    0.000469477963251770    0.000092759733549131    0.000000000000000000    0.003819013017628600    -0.005310237748826826    0.000000000000000000
12.840    0.000477479959953457    0.000097930988440223    0.000000000000000000    0.004038470241159425    -0.006086545096772823    0.000000000000000000
12.845    0.000485582918411173    0.000102950079703896    0.000000000000000000    0.003827674619509211    -0.006558420988855905    0.000000000000000000
12.850    0.000493781568734377    0.000107805210442847    0.000000000000000000    0.003292600795777503    -0.006789807105664087    0.000000000000000000
12.855    0.000502062534077476    0.000112490596004157    0.000000000000000000    0.003073224511037503    -0.007218180657794738    0.000000000000000000
12.860    0.000510420330033350    0.000116995527049022    0.000000000000000000    0.002489274015353427    -0.007384695887699064    0.000000000000000000
12.865    0.000518840357839608    0.000121315840696695    0.000000000000000000    0.002347737993371041    -0.007532273052906764    0.000000000000000000
12.870    0.000527319079095701    0.000125447847518045    0.000000000000000000    0.002065098265546621    -0.007970081248015850    0.000000000000000000
12.875    0.000535849427808432    0.000129380602308194    0.000000000000000000    0.001477359252250940    -0.008227904289195148    0.000000000000000000
12.880    0.000544416710502470    0.000133107659491114    0.000000000000000000    0.001083724182338042    -0.008128541207867842    0.000000000000000000
12.885    0.000553011086301066    0.000136631503143837    0.000000000000000000    0.000753484894213362    -0.008374283079660852    0.000000000000000000
12.890    0.000561624299222017    0.000139945989719568    0.000000000000000000    0.000251265009237368    -0.008350924381886424    0.000000000000000000
12.895    0.000570243793768199    0.000143051703185752    0.000000000000000000    -0.000091297836985783    -0.008121574952077307    0.000000000000000000
12.900    0.000578861005868457    0.000145954377278134    0.000000000000000000    -0.000492290157488688    -0.008079360362811669    0.000000000000000000
12.905    0.000587465910714777    0.000148655067361446    0.000000000000000000    -0.001116663595011197    -0.007932507938157455    0.000000000000000000
12.910    0.000596042898971222    0.000151157444746304    0.000000000000000000    -0.001692643989662131    -0.007498297004194555    0.000000000000000000
12.915    0.000604577571127925    0.000153472364706058    0.000000000000000000    -0.002082711071369793    -0.007372780952464870    0.000000000000000000
12.920    0.000613060175507845    0.000155602965141999    0.000000000000000000    -0.002727524610478434    -0.007281291181915860    0.000000000000000000
12.925    0.000621474591772502    0.000157551533298393    0.000000000000000000    -0.003173994375499888    -0.006962387332222182    0.000000000000000000
12.930    0.000629809658177772    0.000159326041771481    0.000000000000000000    -0.003062250639369359    -0.006771015204643785    0.000000000000000000
12.935    0.000638068168317057    0.000160931274864453    0.000000000000000000    -0.003208067736798145    -0.006221993891922586    0.000000000000000000
12.940    0.000646246476762923    0.000162380958110127    0.000000000000000000    -0.003378686230567224    -0.005991738412148596    0.000000000000000000
12.945    0.000654340318053024    0.000163680847895497    0.000000000000000000    -0.003560157934394403    -0.005983497301244008    0.000000000000000000
12.950    0.000662345155394766    0.000164831150248336    0.000000000000000000    -0.004018045831615143    -0.005578424588497397    0.000000000000000000
12.955    0.000670249541590717    0.000165841991986463    0.000000000000000000    -0.004348231670983985    -0.005236735601896062    0.000000000000000000
12.960    0.000678045221994894    0.000166721915334542    0.000000000000000000    -0.004787580643382354    -0.004793872621940533    0.000000000000000000
12.965    0.000685721212882986    0.000167481991867073    0.000000000000000000    -0.005072260570084669    -0.004157416678040237    0.000000000000000000
12.970    0.000693270397256825    0.000168138132982653    0.000000000000000000    -0.004895151998517491    -0.003615167572585580    0.000000000000000000
12.975    0.000700697202830702    0.000168703894908918    0.000000000000000000    -0.004829898306740223    -0.003209221677174558    0.000000000000000000
12.980    0.000708003260946911    0.000169189426293254    0.000000000000000000    -0.004698592093450686    -0.002856921846332208    0.000000000000000000
12.985    0.000715191854260783    0.000169603534631431    0.000000000000000000    -0.004525661036433072    -0.002378061576450248    0.000000000000000000
12.990    0.000722267306048744    0.000169958191430198    0.000000000000000000    -0.004427895335164939    -0.001818554964382610    0.000000000000000000
12.995    0.000729232060453327    0.000170267384354854    0.000000000000000000    -0.004286535425410652    -0.001378855198192440    0.000000000000000000
13.000    0.000736089651472274    0.000170542105899556    0.000000000000000000    -0.004264429089590599    -0.001170891421034201    0.000000000000000000
13.005    0.000742840631763981    0.000170787555158732    0.000000000000000000    -0.004187331127309714    -0.000804646506282619    0.000000000000000000
13.010    0.000749486928777505    0.000171012888255251    0.000000000000000000    -0.004234917530140068    -0.000635700266738825    0.000000000000000000
13.015    0.000756027352852776    0.000171222328845101    0.000000000000000000    -0.004017287908563566    -0.000531101788815019    0.000000000000000000
13.020    0.000762467344730333    0.000171418491890231    0.000000000000000000    -0.003710222155101257    -0.000519500350476369    0.000000000000000000
13.025    0.000768814581054013    0.000171601667426600    0.000000000000000000    -0.003247981647958725    -0.000644588944729088    0.000000000000000000
13.030    0.000775080617836493    0.000171768728239350    0.000000000000000000    -0.002852697626072598    -0.000364028679586360    0.000000000000000000
13.035    0.000781275337178322    0.000171926688335110    0.000000000000000000    -0.002254649864750699    -0.000689095835739199    0.000000000000000000
13.040    0.000787413690273531    0.000172067421034977    0.000000000000000000    -0.002016887685812527    -0.000855687997681738    0.000000000000000000
13.045    0.000793501621176596    0.000172186761534901    0.000000000000000000    -0.002000318021083691    -0.000921029763322530    0.000000000000000000
13.050    0.000799539544129133    0.000172283076290743    0.000000000000000000    -0.001594709031272658    -0.001167029008211900    0.000000000000000000
13.055    0.000805537599355889    0.000172350215321379    0.000000000000000000    -0.001579915901639070    -0.001391502953738228    0.000000000000000000
13.060    0.000811496156685103    0.000172382566778172    0.000000000000000000    -0.001490062643948881    -0.001575897935911143    0.000000000000000000
13.065    0.000817417462448219    0.000172375520786568    0.000000000000000000    -0.001225827109298250    -0.001707170296656431    0.000000000000000000
13.070    0.000823308122533603    0.000172325795537546    0.000000000000000000    -0.001200916989146754    -0.001874705326435728    0.000000000000000000
13.075    0.000829168759694257    0.000172229202655364    0.000000000000000000    -0.001185455665454055    -0.002329328980208442    0.000000000000000000
13.080    0.000834999760463276    0.000172074376548677    0.000000000000000000    -0.001246623651733440    -0.002598762489639710    0.000000000000000000
13.085    0.000840799595641001    0.000171854581379748    0.000000000000000000    -0.000829989597688451    -0.002833374700559254    0.000000000000000000
13.090    0.000846578681078784    0.000171563951843306    0.000000000000000000    -0.000709562372278733    -0.003030671847754299    0.000000000000000000
13.095    0.000852340027457260    0.000171197555510670    0.000000000000000000    -0.000477972218644596    -0.003105145169095486    0.000000000000000000
13.100    0.000858089424530269    0.000170753530548806    0.000000000000000000    -0.000520641481923517    -0.003354694531030895    0.000000000000000000
13.105    0.000863825805566231    0.000170225638223667    0.000000000000000000    -0.000766209295476918    -0.003348554258892494    0.000000000000000000
13.110    0.000869543031369806    0.000169614032042055    0.000000000000000000    -0.000909390791923453    -0.003160071509605844    0.000000000000000000
13.115    0.000875237522403582    0.000168923424072704    0.000000000000000000    -0.001139110666747295    -0.002808187682432723    0.000000000000000000
13.120    0.000880903535670690    0.000168162611411291    0.000000000000000000    -0.001222543108284416    -0.002675651220740037    0.000000000000000000
13.125    0.000886538985360091    0.000167334907469360    0.000000000000000000    -0.001054464549552804    -0.002761880802993905    0.000000000000000000
13.130    0.000892148073435753    0.000166438156507354    0.000000000000000000    -0.001250520596960888    -0.002532156568196310    0.000000000000000000
13.135    0.000897725898496491    0.000165478101631143    0.000000000000000000    -0.001119425824570863    -0.002614246018113825    0.000000000000000000
13.140    0.000903275737911615    0.000164452690604479    0.000000000000000000    -0.000596024190015719    -0.002904061499911471    0.000000000000000000
13.145    0.000908810676721989    0.000163354678040318    0.000000000000000000    -0.000750585212772222    -0.003085443099085311    0.000000000000000000
13.150    0.000914326850902043    0.000162179529398679    0.000000000000000000    -0.000890709698120502    -0.002899972150803651    0.000000000000000000
13.155    0.000919820757339644    0.000160931881453270    0.000000000000000000    -0.000883401509474240    -0.002696909611919155    0.000000000000000000
13.160    0.000925292578739508    0.000159616810767564    0.000000000000000000    -0.001288887606122613    -0.002745433971391119    0.000000000000000000
13.165    0.000930732177949219    0.000158233104232572    0.000000000000000000    -0.001429906762787092    -0.002850680501204853    0.000000000000000000
13.170    0.000936136029489860    0.000156778130685051    0.000000000000000000    -0.001415344283370312    -0.003033508040630991    0.000000000000000000
13.175    0.000941504497423418    0.000155247319436513    0.000000000000000000    -0.001388963410914150    -0.003042956002002580    0.000000000000000000
13.180    0.000946838241271702    0.000153640434287926    0.000000000000000000    -0.001246689260653647    -0.003010918661114749    0.000000000000000000
13.185    0.000952140817888470    0.000151958276172810    0.000000000000000000    -0.001126800059101166    -0.003178257557263876    0.000000000000000000
13.190    0.000957415224503761    0.000150196661618763    0.000000000000000000    -0.001422641571569364    -0.003297848685808024    0.000000000000000000
13.195    0.000962654065079762    0.000148352600847571    0.000000000000000000    -0.001704087868271628    -0.003550529513845482    0.000000000000000000
13.200    0.000967850303459056    0.000146419776838533    0.000000000000000000    -0.002049658561912096    -0.003888726800632333    0.000000000000000000
13.205    0.000972995300374303    0.000144389734659479    0.000000000000000000    -0.002238411836623724    -0.004071350202884726    0.000000000000000000
13.210    0.000978084336993634    0.000142257908725353    0.000000000000000000    -0.002561826820063687    -0.004233962161399136    0.000000000000000000
13.215    0.000983109327942463    0.000140020233737192    0.000000000000000000    -0.002916042840224800    -0.004553835885337748    0.000000000000000000
13.220    0.000988061417820287    0.000137668712851897    0.000000000000000000    -0.003320703937537833    -0.004692004907143202    0.000000000000000000
13.225    0.000992930490099673    0.000135199891843924    0.000000000000000000    -0.003503299991136286    -0.004573891612455862    0.000000000000000000
13.230    0.000997711979879280    0.000132616723545639    0.000000000000000000    -0.003404377453032625    -0.004771569014897685    0.000000000000000000
13.235    0.001002408360222561    0.000129914266021982    0.000000000000000000    -0.003549111463399535    -0.005266393313437673    0.000000000000000000
13.240    0.001007016012779257    0.000127080148665489    0.000000000000000000    -0.003738030317362862    -0.005677202768073104    0.000000000000000000
13.245    0.001011530214578019    0.000124104101239795    0.000000000000000000    -0.003913279698021174    -0.005859098760721592    0.000000000000000000
13.250    0.001015946584384331    0.000120981576345082    0.000000000000000000    -0.004120439036272433    -0.006291317873368318    0.000000000000000000
13.255    0.001020259943214735    0.000117701768503535    0.000000000000000000    -0.004374395555385019    -0.006828101728432599    0.000000000000000000
13.260    0.001024463942156256    0.000114251258118777    0.000000000000000000    -0.005054954711741083    -0.006992806715492086    0.000000000000000000
13.265    0.001028541567229982    0.000110625927566132    0.000000000000000000    -0.005463119299086924    -0.007174632669156196    0.000000000000000000
13.270    0.001032482614321232    0.000106821231196758    0.000000000000000000    -0.005650633610404868    -0.007333799157090756    0.000000000000000000
13.275    0.001036282395572221    0.000102833189848456    0.000000000000000000    -0.005707101571302345    -0.007493531062366084    0.000000000000000000
13.280    0.001039939499283928    0.000098657810223596    0.000000000000000000    -0.005993768964250926    -0.007692688296145130    0.000000000000000000
13.285    0.001043446758771528    0.000094290113391332    0.000000000000000000    -0.006044028264453466    -0.007689166224352385    0.000000000000000000
13.290    0.001046802917552517    0.000089730187403459    0.000000000000000000    -0.006027261207500537    -0.007705731239436293    0.000000000000000000
13.295    0.001050008394803319    0.000084977618134600    0.000000000000000000    -0.006277824602220552    -0.007600633215542577    0.000000000000000000
13.300    0.001053056926439065    0.000080035033035353    0.000000000000000000    -0.006450812947908502    -0.007351074910698363    0.000000000000000000
13.305    0.001055944187751114    0.000074908671063338    0.000000000000000000    -0.006419139315311587    -0.007276953842326808    0.000000000000000000
13.310    0.001058670970580279    0.000069600385245265    0.000000000000000000    -0.006448609876918976    -0.006985469142775235    0.000000000000000000
13.315    0.001061236538162522    0.000064117462698622    0.000000000000000000    -0.006771045143495746    -0.006717711094224028    0.000000000000000000
13.320    0.001063632829616177    0.000058466597374624    0.000000000000000000    -0.006883839650312015    -0.006549205509291016    0.000000000000000000
13.325    0.001065857025078575    0.000052652001912894    0.000000000000000000    -0.007051735221568628    -0.006232466611153040    0.000000000000000000
13.330    0.001067904927160433    0.000046681594785885    0.000000000000000000    -0.006739545954405346    -0.006373408346828520    0.000000000000000000
13.335    0.001069784340593431    0.000040551852450205    0.000000000000000000    -0.006682158853266520    -0.006605169687334030    0.000000000000000000
13.340    0.001071496700055097    0.000034256980872342    0.000000000000000000    -0.006597076170605093    -0.006595236168215274    0.000000000000000000
13.345    0.001073044132612499    0.000027797228390273    0.000000000000000000    -0.006135141681845938    -0.006782099133159191    0.000000000000000000
13.350    0.001074438186627854    0.000021167923429876    0.000000000000000000    -0.005729430211948855    -0.006818186123709667    0.000000000000000000
13.355    0.001075689004887910    0.000014368163816386    0.000000000000000000    -0.005403421266233013    -0.007141629952994884    0.000000000000000000
13.360    0.001076804737616311    0.000007389863454071    0.000000000000000000    -0.004545981896666301    -0.007384569577616065    0.000000000000000000
13.365    0.001077806820797295    0.000000226948852315    0.000000000000000000    -0.004323436604419806    -0.007259217536676564    0.000000000000000000
13.370    0.001078700818063168    -0.000007117446187857    0.000000000000000000    -0.004276090222812834    -0.007081801030388150    0.000000000000000000
13.375    0.001079487913073472    -0.000014638886253790    0.000000000000000000    -0.003886334282356824    -0.006917532750619120    0.000000000000000000
13.380    0.001080177849726716    -0.000022333264638487    0.000000000000000000    -0.003512254282168892    -0.007029296587215267    0.000000000000000000
13.385    0.001080779980022906    -0.000030203375437865    0.000000000000000000    -0.002806323123362431    -0.006853185024644311    0.000000000000000000
13.390    0.001081311952241012    -0.000038244815862859    0.000000000000000000    -0.002587310641540344    -0.007053057112220039    0.000000000000000000
13.395    0.001081779241693079    -0.000046462582715659    0.000000000000000000    -0.002971320767798658    -0.007056553797588050    0.000000000000000000
13.400    0.001082172248125952    -0.000054856763413398    0.000000000000000000    -0.002863477888007462    -0.006755190914250120    0.000000000000000000
13.405    0.001082493667611624    -0.000063419823883994    0.000000000000000000    -0.002880338747209346    -0.006717810307150314    0.000000000000000000
13.410    0.001082743078628616    -0.000072150829612268    0.000000000000000000    -0.003259269878734192    -0.006440523909867339    0.000000000000000000
13.415    0.001082911007898640    -0.000081042848438289    0.000000000000000000    -0.003599117701673024    -0.006170599911162525    0.000000000000000000
13.420    0.001082988959226121    -0.000090089132262089    0.000000000000000000    -0.004051234850878035    -0.005638005658918730    0.000000000000000000
13.425    0.001082965629682331    -0.000099276366227362    0.000000000000000000    -0.003892458361725443    -0.005165929266865289    0.000000000000000000
13.430    0.001082844988679498    -0.000108592748424307    0.000000000000000000    -0.003893937352171181    -0.004828318365544988    0.000000000000000000
13.435    0.001082626999242861    -0.000118029838580390    0.000000000000000000    -0.004336685249994518    -0.004338838272654848    0.000000000000000000
13.440    0.001082300592674973    -0.000127575399693290    0.000000000000000000    -0.004691486987853932    -0.003722548635636327    0.000000000000000000
13.445    0.001081856898932390    -0.000137214024522081    0.000000000000000000    -0.004960447546661223    -0.003250803173838416    0.000000000000000000
13.450    0.001081289194001139    -0.000146933919430217    0.000000000000000000    -0.005015447319834526    -0.002662275114505026    0.000000000000000000
13.455    0.001080596102886893    -0.000156720371216216    0.000000000000000000    -0.005116878189432086    -0.001832754557944127    0.000000000000000000
13.460    0.001079775089817911    -0.000166552641866164    0.000000000000000000    -0.005293461603269461    -0.001066522949209198    0.000000000000000000
13.465    0.001078821740208848    -0.000176411575589842    0.000000000000000000    -0.005520263469307313    -0.000427221057074881    0.000000000000000000
13.470    0.001077730384013051    -0.000186281189839947    0.000000000000000000    -0.005601956406670050    -0.000001031386455191    0.000000000000000000
13.475    0.001076498978907088    -0.000196150829874713    0.000000000000000000    -0.005637177049426512    0.000195125099010287    0.000000000000000000
13.480    0.001075126644374890    -0.000206015591782004    0.000000000000000000    -0.005787432540019580    0.000522302029753400    0.000000000000000000
13.485    0.001073609624029190    -0.000215867296138551    0.000000000000000000    -0.005854974202794405    0.000892644528300689    0.000000000000000000
13.490    0.001071946229328421    -0.000225696684381891    0.000000000000000000    -0.006051174665337722    0.001000849386590275    0.000000000000000000
13.495    0.001070131555261019    -0.000235501051390566    0.000000000000000000    -0.006124285875644050    0.001291606715513385    0.000000000000000000
13.500    0.001068163774046725    -0.000245273128231353    0.000000000000000000    -0.006113771007596608    0.001503716332074741    0.000000000000000000
13.505    0.001066043148557242    -0.000255007612163838    0.000000000000000000    -0.005740549893816851    0.001638745289777362    0.000000000000000000
13.510    0.001063779009320413    -0.000264701127464079    0.000000000000000000    -0.005610738447502442    0.002020880290193316    0.000000000000000000
13.515    0.001061374601622396    -0.000274344120757065    0.000000000000000000    -0.005274654014883473    0.002447802552923897    0.000000000000000000
13.520    0.001058838327574008    -0.000283925918986228    0.000000000000000000    -0.005045686590253798    0.002814768953229071    0.000000000000000000
13.525    0.001056175911360863    -0.000293437347991560    0.000000000000000000    -0.004714848522964846    0.003141353680830190    0.000000000000000000
13.530    0.001053395623934643    -0.000302870243154871    0.000000000000000000    -0.004555244636061245    0.003295572100236489    0.000000000000000000
13.535    0.001050501455392523    -0.000312220749015677    0.000000000000000000    -0.003972738092175576    0.003410391152280402    0.000000000000000000
13.540    0.001047507968398098    -0.000321485995097675    0.000000000000000000    -0.003357369372739699    0.003366709619423425    0.000000000000000000
13.545    0.001044430547169354    -0.000330667073439188    0.000000000000000000    -0.002975345749769640    0.003505886487131966    0.000000000000000000
13.550    0.001041278742296867    -0.000339760504618522    0.000000000000000000    -0.002690382400454688    0.003545986052885374    0.000000000000000000
13.555    0.001038059677864368    -0.000348765286146535    0.000000000000000000    -0.002489859689388738    0.003713297530092818    0.000000000000000000
13.560    0.001034778366939634    -0.000357677235236295    0.000000000000000000    -0.002211171587981897    0.003964988847457440    0.000000000000000000
13.565    0.001031441776725200    -0.000366490059604868    0.000000000000000000    -0.001554469416546397    0.004088016109457266    0.000000000000000000
13.570    0.001028066324775353    -0.000375200683570706    0.000000000000000000    -0.000913856949402020    0.004083419033369413    0.000000000000000000
13.575    0.001024668026401771    -0.000383809222060709    0.000000000000000000    -0.000344410656062319    0.003952070936959640    0.000000000000000000
13.580    0.001021261117761788    -0.000392318958777288    0.000000000000000000    0.000223894819576659    0.003751058402373404    0.000000000000000000
13.585    0.001017859806492293    -0.000400734919033807    0.000000000000000000    0.000808640139796785    0.003545697021857530    0.000000000000000000
13.590    0.001014478711226294    -0.000409062236864781    0.000000000000000000    0.001083924629054558    0.003224435229463168    0.000000000000000000
13.595    0.001011124714076021    -0.000417308943815017    0.000000000000000000    0.001298405709077716    0.002819175090261992    0.000000000000000000
13.600    0.001007803177068475    -0.000425485171387997    0.000000000000000000    0.001484265363706216    0.002424432730253976    0.000000000000000000
13.605    0.001004518746695022    -0.000433600788142721    0.000000000000000000    0.001430301626833066    0.002061037949069051    0.000000000000000000
13.610    0.001001270073862239    -0.000441664878948718    0.000000000000000000    0.001213869514436056    0.001673712541146091    0.000000000000000000
13.615    0.000998051747767318    -0.000449687126941186    0.000000000000000000    0.000879903597483800    0.001205838095280024    0.000000000000000000
13.620    0.000994855419262333    -0.000457679228981273    0.000000000000000000    0.000518873440637224    0.000960082739047755    0.000000000000000000
13.625    0.000991672062593365    -0.000465647328952883    0.000000000000000000    0.000234536097270741    0.000867719082539489    0.000000000000000000
13.630    0.000988494569326828    -0.000473593735947430    0.000000000000000000    -0.000357750870238691    0.000835757922815900    0.000000000000000000
13.635    0.000985308132288535    -0.000481519248993906    0.000000000000000000    -0.001027237761840397    0.000711510969053121    0.000000000000000000
13.640    0.000982096014306196    -0.000489426974266156    0.000000000000000000    -0.001528958353752899    0.000766525905726220    0.000000000000000000
13.645    0.000978845672365014    -0.000497315536390763    0.000000000000000000    -0.002210737065763344    0.000713558191418710    0.000000000000000000
13.650    0.000975540061997187    -0.000505186259560584    0.000000000000000000    -0.002388301830408626    0.000783534406818137    0.000000000000000000
13.655    0.000972174744083600    -0.000513037394370235    0.000000000000000000    -0.002413930265151958    0.000920884703878473    0.000000000000000000
13.660    0.000968749077913385    -0.000520865507062289    0.000000000000000000    -0.002491601451340419    0.001235628267859216    0.000000000000000000
13.665    0.000965261121706885    -0.000528662729047646    0.000000000000000000    -0.002694983084693646    0.001733705021675878    0.000000000000000000
13.670    0.000961705790923269    -0.000536416608407462    0.000000000000000000    -0.003014773806778170    0.002077522858489646    0.000000000000000000
13.675    0.000958075090794483    -0.000544118549695815    0.000000000000000000    -0.003374323243156632    0.002285316051142162    0.000000000000000000
13.680    0.000954360032584618    -0.000551763358082890    0.000000000000000000    -0.003901810246482486    0.002418165352593288    0.000000000000000000
13.685    0.000950547429118591    -0.000559347712336150    0.000000000000000000    -0.004573824486388788    0.002608869859618661    0.000000000000000000
13.690    0.000946620480040405    -0.000566866844842919    0.000000000000000000    -0.004815026213712652    0.002586242888280403    0.000000000000000000
13.695    0.000942573155306875    -0.000574321321277481    0.000000000000000000    -0.004825065317232494    0.002630533339730012    0.000000000000000000
13.700    0.000938405203940415    -0.000581710034378551    0.000000000000000000    -0.004729739078611003    0.002676941782747341    0.000000000000000000
13.705    0.000934119009096990    -0.000589031823935051    0.000000000000000000    -0.004274550601934130    0.002798046479829570    0.000000000000000000
13.710    0.000929725950488516    -0.000596283662329556    0.000000000000000000    -0.004131732535385749    0.002646129007915707    0.000000000000000000
13.715    0.000925229598566657    -0.000603469347498863    0.000000000000000000    -0.003883987278528560    0.002190730598022189    0.000000000000000000
13.720    0.000920636146962836    -0.000610600264403219    0.000000000000000000    -0.003496223143369635    0.001940308725733968    0.000000000000000000
13.725    0.000915955289780430    -0.000617682673589432    0.000000000000000000    -0.003365857840034216    0.001571559286959318    0.000000000000000000
13.730    0.000911190286152023    -0.000624725793793471    0.000000000000000000    -0.003102490052438352    0.001316134769654108    0.000000000000000000
13.735    0.000906347720272305    -0.000631736010628269    0.000000000000000000    -0.003122673858380054    0.001105105063132182    0.000000000000000000
13.740    0.000901427087546128    -0.000638718599836488    0.000000000000000000    -0.002863241198546029    0.000767632004064142    0.000000000000000000
13.745    0.000896434873789987    -0.000645681998244606    0.000000000000000000    -0.002558403749209140    0.000883803212940737    0.000000000000000000
13.750    0.000891378699940116    -0.000652623301572400    0.000000000000000000    -0.002359482879302904    0.000734495393542658    0.000000000000000000
13.755    0.000886263539018262    -0.000659546242515355    0.000000000000000000    -0.001910619646565762    0.000587721749501120    0.000000000000000000
13.760    0.000881100612605244    -0.000666454490414574    0.000000000000000000    -0.001705540123783655    0.000421997151337644    0.000000000000000000
13.765    0.000875895047689132    -0.000673352188385008    0.000000000000000000    -0.001160269502559208    0.000226092297943466    0.000000000000000000
13.770    0.000870660476035455    -0.000680244234047994    0.000000000000000000    -0.000831811640396134    0.000121483985588214    0.000000000000000000
13.775    0.000865405109090769    -0.000687133242611341    0.000000000000000000    -0.000829642608337136    -0.000015027231780977    0.000000000000000000
13.780    0.000860129001080874    -0.000694022626855482    0.000000000000000000    -0.000550677892517497    0.000129588588683623    0.000000000000000000
13.785    0.000854839126123666    -0.000700908771384905    0.000000000000000000    -0.000559124178041784    0.000081559586198425    0.000000000000000000
13.790    0.000849535273062007    -0.000707792876924674    0.000000000000000000    -0.000538059924020187    0.000028669505103274    0.000000000000000000
13.795    0.000844217968502248    -0.000714676265726815    0.000000000000000000    -0.000473925757132378    0.000138079474455884    0.000000000000000000
13.800    0.000838888815798561    -0.000721556202542095    0.000000000000000000    -0.000417270694884862    0.000364683185078048    0.000000000000000000
13.805    0.000833549231327501    -0.000728427022277748    0.000000000000000000    -0.000465736613238128    0.000568550885789512    0.000000000000000000
13.810    0.000828198003441110    -0.000735283628241256    0.000000000000000000    -0.000601805552153875    0.000603100090952949    0.000000000000000000
13.815    0.000822831730415916    -0.000742125156702491    0.000000000000000000    -0.000321733150121517    0.000742239135553130    0.000000000000000000
13.820    0.000817457414061968    -0.000748948129185336    0.000000000000000000    -0.000344631253560920    0.000719243282388746    0.000000000000000000
13.825    0.000812074481926682    -0.000755753120586122    0.000000000000000000    -0.000266101454608238    0.000781009204418523    0.000000000000000000
13.830    0.000806684897255030    -0.000762538586756797    0.000000000000000000    -0.000244194292729413    0.000901376587037796    0.000000000000000000
13.835    0.000801289207726060    -0.000769301518512797    0.000000000000000000    -0.000194104572133307    0.001067256086696548    0.000000000000000000
13.840    0.000795888665582787    -0.000776037768866629    0.000000000000000000    -0.000141151580441284    0.001116872553256869    0.000000000000000000
13.845    0.000790484594650002    -0.000782746097406629    0.000000000000000000    -0.000267196766179714    0.001125346072257047    0.000000000000000000
13.850    0.000785073843798063    -0.000789426292294824    0.000000000000000000    -0.000615098760914194    0.001233862286665471    0.000000000000000000
13.855    0.000779647715477102    -0.000796075640625851    0.000000000000000000    -0.000638985434889792    0.001125985079459234    0.000000000000000000
13.860    0.000774205612520268    -0.000802696839329892    0.000000000000000000    -0.000524061340261006    0.001122797273077521    0.000000000000000000
13.865    0.000768750408029927    -0.000809289968102106    0.000000000000000000    -0.000570867327962139    0.001257485183641695    0.000000000000000000
13.870    0.000763280931856388    -0.000815851659744729    0.000000000000000000    -0.000528874400571554    0.001643614659322529    0.000000000000000000
13.875    0.000757798233822834    -0.000822372261020869    0.000000000000000000    -0.000472952139348760    0.001921546519062858    0.000000000000000000
13.880    0.000752303711985796    -0.000828844823634033    0.000000000000000000    -0.000367388446583308    0.002140086383002615    0.000000000000000000
13.885    0.000746800005437594    -0.000835263884087621    0.000000000000000000    -0.000253966267395496    0.002147253295903435    0.000000000000000000
13.890    0.000741289949732707    -0.000841629263208812    0.000000000000000000    -0.000144291525234173    0.002389121945009856    0.000000000000000000
13.895    0.000735776286739689    -0.000847934914281377    0.000000000000000000    -0.000053935173809777    0.002527622055786653    0.000000000000000000
13.900    0.000730261275367326    -0.000854177374802548    0.000000000000000000    -0.000009942941921193    0.002329779187080008    0.000000000000000000
13.905    0.000724746015421415    -0.000860361590844042    0.000000000000000000    0.000210303623014371    0.002233110409618003    0.000000000000000000
13.910    0.000719236013066079    -0.000866489979125295    0.000000000000000000    0.000401968727756566    0.002236496935083439    0.000000000000000000
13.915    0.000713736059928937    -0.000872562454983171    0.000000000000000000    0.000441072756495603    0.002081680708387358    0.000000000000000000
13.920    0.000708247133610708    -0.000878582888823338    0.000000000000000000    0.000662063930718590    0.001860272601222207    0.000000000000000000
13.925    0.000702774758890746    -0.000884556815848474    0.000000000000000000    0.000709056911926340    0.001878131791976066    0.000000000000000000
13.930    0.000697320110593583    -0.000890483789578811    0.000000000000000000    0.000875717856966586    0.001857125736946970    0.000000000000000000
13.935    0.000691887355242844    -0.000896364335165724    0.000000000000000000    0.001120417783594466    0.001875964876860842    0.000000000000000000
13.940    0.000686482610336695    -0.000902197981630715    0.000000000000000000    0.001363448817212447    0.002001746250541135    0.000000000000000000
13.945    0.000681111951650976    -0.000907981584439443    0.000000000000000000    0.001853812406425563    0.001985568746113928    0.000000000000000000
13.950    0.000675787638275417    -0.000913715548029518    0.000000000000000000    0.002062682654289591    0.001806872927403134    0.000000000000000000
13.955    0.000670514891966216    -0.000919404339796408    0.000000000000000000    0.001926703543692239    0.002054258344723683    0.000000000000000000
13.960    0.000665290313245607    -0.000925041775104680    0.000000000000000000    0.001810200655994951    0.002147789762963447    0.000000000000000000
13.965    0.000660110989541398    -0.000930625515668878    0.000000000000000000    0.001448837899787996    0.002398817697890979    0.000000000000000000
13.970    0.000654967886784684    -0.000936149285790629    0.000000000000000000    0.001433602226388019    0.002622979442855680    0.000000000000000000
13.975    0.000649860624083629    -0.000941607481426308    0.000000000000000000    0.001596410920384067    0.002882121366435189    0.000000000000000000
13.980    0.000644793271655584    -0.000946993624027826    0.000000000000000000    0.001528277260988246    0.002793219575133316    0.000000000000000000
13.985    0.000639764126159064    -0.000952309936139966    0.000000000000000000    0.001991969556260596    0.002479478979321159    0.000000000000000000
13.990    0.000634784779901450    -0.000957564261277623    0.000000000000000000    0.002402156087833070    0.002620164764747038    0.000000000000000000
13.995    0.000629865487546033    -0.000962753082296161    0.000000000000000000    0.002637045776886400    0.002693086944426278    0.000000000000000000
14.000    0.000625012121335037    -0.000967874576141089    0.000000000000000000    0.002995410243729173    0.002485438329578350    0.000000000000000000
14.005    0.000620233640380134    -0.000972933934027777    0.000000000000000000    0.003060208895464336    0.002400205509488391    0.000000000000000000
14.010    0.000615531664647618    -0.000977933286776728    0.000000000000000000    0.003228065272920834    0.002229778421707594    0.000000000000000000
14.015    0.000610910390546926    -0.000982876895065136    0.000000000000000000    0.003190703169080392    0.002205122804502593    0.000000000000000000
14.020    0.000606368884025460    -0.000987765375283432    0.000000000000000000    0.003045734912124343    0.002212572970854490    0.000000000000000000
14.025    0.000601903520876797    -0.000992598541177456    0.000000000000000000    0.002619148214109968    0.001960844947402479    0.000000000000000000
14.030    0.000597503636433487    -0.000997382685947795    0.000000000000000000    0.002333536509345827    0.001914968244306342    0.000000000000000000
14.035    0.000593162090402910    -0.001002118956512027    0.000000000000000000    0.002451967773069684    0.001984774714615389    0.000000000000000000
14.040    0.000588881843566661    -0.001006805607708393    0.000000000000000000    0.002278499727907148    0.002236205256713614    0.000000000000000000
14.045    0.000584658559223609    -0.001011436353773341    0.000000000000000000    0.002233593962806812    0.002265877056652557    0.000000000000000000
14.050    0.000580491114729627    -0.001016010452911874    0.000000000000000000    0.002124493314564595    0.001981907555882734    0.000000000000000000
14.055    0.000576376782568509    -0.001020535004361508    0.000000000000000000    0.001920817513435293    0.002025863972123995    0.000000000000000000
14.060    0.000572310470845228    -0.001025008909211840    0.000000000000000000    0.001502452250941137    0.001902974906447044    0.000000000000000000
14.065    0.000568281720428219    -0.001029435239689511    0.000000000000000000    0.001267413168638300    0.001711553808013064    0.000000000000000000
14.070    0.000564284655340427    -0.001033818781321981    0.000000000000000000    0.001358414201541036    0.001958431892620446    0.000000000000000000
14.075    0.000560321550607673    -0.001038153362157136    0.000000000000000000    0.001502471736721314    0.002107528234360223    0.000000000000000000
14.080    0.000556396007668338    -0.001042435254786432    0.000000000000000000    0.001147595914364682    0.002101527502669162    0.000000000000000000
14.085    0.000552499154626861    -0.001046664609228161    0.000000000000000000    0.001412610220732566    0.002071168890326394    0.000000000000000000
14.090    0.000548637616840903    -0.001050842184447632    0.000000000000000000    0.001554259328475326    0.002401222476237919    0.000000000000000000
14.095    0.000544814935538156    -0.001054959729105197    0.000000000000000000    0.001061482650297450    0.002521795005507727    0.000000000000000000
14.100    0.000541018791301667    -0.001059014228887625    0.000000000000000000    0.000907248682434532    0.002884694413835334    0.000000000000000000
14.105    0.000537245328282239    -0.001062996611309706    0.000000000000000000    0.001147086442459914    0.003187613880099513    0.000000000000000000
14.110    0.000533500542423872    -0.001066899303384785    0.000000000000000000    0.001117969640413233    0.003358907888582202    0.000000000000000000
14.115    0.000529783705806516    -0.001070718022762649    0.000000000000000000    0.000768055149250567    0.003795443383513078    0.000000000000000000
14.120    0.000526086070567891    -0.001074441856055926    0.000000000000000000    0.000557447272808188    0.003911425402319813    0.000000000000000000
14.125    0.000522402371511086    -0.001078067903714145    0.000000000000000000    0.000578032075342592    0.003838501032920813    0.000000000000000000
14.130    0.000518733123256165    -0.001081597988846540    0.000000000000000000    0.000577564915095474    0.003875062021463024    0.000000000000000000
14.135    0.000515078314124121    -0.001085031197428399    0.000000000000000000    0.000751390321243432    0.003913639632568619    0.000000000000000000
14.140    0.000511442289750108    -0.001088366565019444    0.000000000000000000    0.001059010467006037    0.003990430896593303    0.000000000000000000
14.145    0.000507832740637771    -0.001091602171838074    0.000000000000000000    0.001196354759377440    0.003859932962901533    0.000000000000000000
14.150    0.000504253100394417    -0.001094741280332631    0.000000000000000000    0.001173472407431028    0.003962654711916341    0.000000000000000000
14.155    0.000500702796961250    -0.001097781322459391    0.000000000000000000    0.000965702682941688    0.003726674329424667    0.000000000000000000
14.160    0.000497176636095156    -0.001100728197727915    0.000000000000000000    0.000879055463273368    0.003681214448911924    0.000000000000000000
14.165    0.000493672451615644    -0.001103583042635216    0.000000000000000000    0.000776066704207337    0.003764720154786350    0.000000000000000000
14.170    0.000490187668803737    -0.001106343769538647    0.000000000000000000    0.000564490577727519    0.003675214147944028    0.000000000000000000
14.175    0.000486716998256274    -0.001109012616088380    0.000000000000000000    0.000813622129417976    0.003395726138784305    0.000000000000000000
14.180    0.000483266668262045    -0.001111596569484643    0.000000000000000000    0.000990052879071973    0.002991290983314632    0.000000000000000000
14.185    0.000479841089589794    -0.001114105740606323    0.000000000000000000    0.000840479232877556    0.002654765447040325    0.000000000000000000
14.190    0.000476436522898365    -0.001116548542591828    0.000000000000000000    0.000574630495259448    0.002552144409313784    0.000000000000000000
14.195    0.000473046321969317    -0.001118927540967099    0.000000000000000000    0.000659446891136586    0.002255833971981369    0.000000000000000000
14.200    0.000469672607212547    -0.001121250143493071    0.000000000000000000    0.000794072593762307    0.002006803124007112    0.000000000000000000
14.205    0.000466318744270622    -0.001123522575940943    0.000000000000000000    0.000563390797269844    0.001804663160983808    0.000000000000000000
14.210    0.000462978966098628    -0.001125749891809790    0.000000000000000000    0.000373193645702031    0.001509361331674883    0.000000000000000000
14.215    0.000459648517767777    -0.001127939473645345    0.000000000000000000    0.000274863188208171    0.001154261541590207    0.000000000000000000
14.220    0.000456324941016631    -0.001130100198942361    0.000000000000000000    0.000339114058810815    0.000937828705475235    0.000000000000000000
14.225    0.000453009842116956    -0.001132237478521740    0.000000000000000000    0.000062259885573891    0.000752764132026448    0.000000000000000000
14.230    0.000449696299714419    -0.001134355938997818    0.000000000000000000    -0.000061794429814018    0.000549898373893368    0.000000000000000000
14.235    0.000446381212451138    -0.001136460652014548    0.000000000000000000    -0.000256137757813531    0.000411686323842017    0.000000000000000000
14.240    0.000443059721743911    -0.001138555072873183    0.000000000000000000    -0.000255820644123623    0.000370030686890066    0.000000000000000000
14.245    0.000439731835520580    -0.001140640242964645    0.000000000000000000    -0.000467772353325915    0.000735727887458612    0.000000000000000000
14.250    0.000436392254988417    -0.001142707019858921    0.000000000000000000    -0.000730044445397451    0.000953167296558269    0.000000000000000000
14.255    0.000433034423345119    -0.001144749967570783    0.000000000000000000    -0.000957231109830706    0.001206137462414839    0.000000000000000000
14.260    0.000429652660924075    -0.001146762761846085    0.000000000000000000    -0.000720891793753054    0.001538578127133552    0.000000000000000000
14.265    0.000426252876208187    -0.001148737091668208    0.000000000000000000    -0.000823029983891728    0.002098524548898098    0.000000000000000000
14.270    0.000422832515742702    -0.001150658958376609    0.000000000000000000    -0.001064165671214434    0.002669291650310088    0.000000000000000000
14.275    0.000419385551135437    -0.001152514092793752    0.000000000000000000    -0.001120512451591865    0.003079471760708205    0.000000000000000000
14.280    0.000415910573716882    -0.001154292240416877    0.000000000000000000    -0.001314988430892346    0.003679760605564131    0.000000000000000000
14.285    0.000412402721587554    -0.001155978394024864    0.000000000000000000    -0.001260301708051227    0.004335828473972861    0.000000000000000000
14.290    0.000408863361915525    -0.001157556151921000    0.000000000000000000    -0.001297866290025755    0.005036513606787238    0.000000000000000000
14.295    0.000405291555586246    -0.001159007996976968    0.000000000000000000    -0.001202103745549538    0.005498906196551440    0.000000000000000000
14.300    0.000401689696663328    -0.001160322369378021    0.000000000000000000    -0.000961993228167091    0.005828793922576375    0.000000000000000000
14.305    0.000398063787909705    -0.001161491021931010    0.000000000000000000    -0.000724779620413056    0.006221616848335262    0.000000000000000000
14.310    0.000394419759665573    -0.001162504134062791    0.000000000000000000    -0.000408627667393240    0.006775487105536993    0.000000000000000000
14.315    0.000390765515729755    -0.001163347859016933    0.000000000000000000    -0.000223570609085306    0.007384619385803967    0.000000000000000000
14.320    0.000387105682528710    -0.001164006968486430    0.000000000000000000    -0.000005981447156155    0.007654369175470743    0.000000000000000000
14.325    0.000383445699791487    -0.001164474718726541    0.000000000000000000    -0.000149533706424176    0.008023228274100375    0.000000000000000000
14.330    0.000379781978711603    -0.001164741888259798    0.000000000000000000    -0.000273991909239060    0.008240429347616124    0.000000000000000000
14.335    0.000376111407833988    -0.001164803047059366    0.000000000000000000    -0.000200260760817132    0.008195030208376503    0.000000000000000000
14.340    0.000372435830437352    -0.001164659330103724    0.000000000000000000    -0.000041228345435979    0.008075572053940425    0.000000000000000000
14.345    0.000368759222332081    -0.001164313723846733    0.000000000000000000    0.000046253770744076    0.007965057467161640    0.000000000000000000
14.350    0.000365083770571078    -0.001163768991153064    0.000000000000000000    0.000352673610872715    0.007876674233305014    0.000000000000000000
14.355    0.000361417135650347    -0.001163027341603562    0.000000000000000000    0.000719297774559070    0.007873457365855513    0.000000000000000000
14.360    0.000357768483173980    -0.001162088855619913    0.000000000000000000    0.000990464857674248    0.007900160785600033    0.000000000000000000
14.365    0.000354144592319054    -0.001160952865616625    0.000000000000000000    0.001000684431476905    0.007845832796400665    0.000000000000000000
14.370    0.000350545718574916    -0.001159620729793426    0.000000000000000000    0.000922072399597157    0.007613399814095090    0.000000000000000000
14.375    0.000346969896640768    -0.001158098258974875    0.000000000000000000    0.000623106846961777    0.007516001906526099    0.000000000000000000
14.380    0.000343409652377793    -0.001156387888108661    0.000000000000000000    0.000771852474998683    0.007331370416967242    0.000000000000000000
14.385    0.000339868704426694    -0.001154494232982023    0.000000000000000000    0.001048872568226028    0.007138904391948767    0.000000000000000000
14.390    0.000336353978289800    -0.001152422105245586    0.000000000000000000    0.001232650716797602    0.007088052988166518    0.000000000000000000
14.395    0.000332870068420826    -0.001150172776184445    0.000000000000000000    0.001217377612664199    0.007061588975405819    0.000000000000000000
14.400    0.000329416592992169    -0.001147746907398918    0.000000000000000000    0.001254411913891029    0.006968761641400548    0.000000000000000000
14.405    0.000325994477861359    -0.001145146819572357    0.000000000000000000    0.000978214468156345    0.007046594704901779    0.000000000000000000
14.410    0.000322596818092253    -0.001142370566878173    0.000000000000000000    0.000527499975666069    0.007216301133247671    0.000000000000000000
14.415    0.000319212345822539    -0.001139413906655658    0.000000000000000000    0.000621780923549912    0.007186426377635627    0.000000000000000000
14.420    0.000315843418075914    -0.001136277585773702    0.000000000000000000    0.000640350209389802    0.007130834167989181    0.000000000000000000
14.425    0.000312490499084523    -0.001132962994037547    0.000000000000000000    0.000701975573047346    0.007448681184404199    0.000000000000000000
14.430    0.000309155129482458    -0.001129462185271781    0.000000000000000000    0.000645532486215350    0.007380873963055978    0.000000000000000000
14.435    0.000305835898192549    -0.001125776854656939    0.000000000000000000    0.000719472506255196    0.007429842548466528    0.000000000000000000
14.440    0.000302534653715296    -0.001121905777978385    0.000000000000000000    0.000956574094214749    0.007495282080289406    0.000000000000000000
14.445    0.000299257323590398    -0.001117847319247824    0.000000000000000000    0.000847779044021568    0.007466813653350668    0.000000000000000000
14.450    0.000296001187941601    -0.001113602190175929    0.000000000000000000    0.000633133808163218    0.007327861799152555    0.000000000000000000
14.455    0.000292760880638009    -0.001109173864559055    0.000000000000000000    0.000243530617059003    0.007285917376486511    0.000000000000000000
14.460    0.000289526661599842    -0.001104563391007770    0.000000000000000000    -0.000628405933025388    0.007077911314675930    0.000000000000000000
14.465    0.000286276732413350    -0.001099775969673617    0.000000000000000000    -0.000803222155183313    0.006621082981337137    0.000000000000000000
14.470    0.000283006722672978    -0.001094823021264931    0.000000000000000000    -0.000896217465919200    0.006609452678036851    0.000000000000000000
14.475    0.000279714307495959    -0.001089704836539294    0.000000000000000000    -0.001475975497007304    0.006647091382013318    0.000000000000000000
14.480    0.000276384992931514    -0.001084420474529106    0.000000000000000000    -0.001905315117473310    0.006557179565245402    0.000000000000000000
14.485    0.000273008045489132    -0.001078972183029788    0.000000000000000000    -0.002503810550868232    0.006497461505754892    0.000000000000000000
14.490    0.000269568502782979    -0.001073361454992825    0.000000000000000000    -0.003063101828334591    0.006303173851213845    0.000000000000000000
14.495    0.000266052382531117    -0.001067593147609583    0.000000000000000000    -0.003379618582837699    0.005851588005248085    0.000000000000000000
14.500    0.000262451771814685    -0.001061678550526209    0.000000000000000000    -0.003541343699888129    0.005377232386106004    0.000000000000000000
14.505    0.000258762627505755    -0.001055629522633182    0.000000000000000000    -0.004116860748309189    0.005130584353847320    0.000000000000000000
14.510    0.000254970561678117    -0.001049452230131309    0.000000000000000000    -0.004544440251805486    0.005153302458640527    0.000000000000000000
14.515    0.000251064884844185    -0.001043146105067971    0.000000000000000000    -0.005167883309817583    0.005113702530763764    0.000000000000000000
14.520    0.000247030010927506    -0.001036712137441363    0.000000000000000000    -0.006045892535547735    0.004739736255889720    0.000000000000000000
14.525    0.000242843989697440    -0.001030159676408358    0.000000000000000000    -0.006392701450920382    0.004441211488891497    0.000000000000000000
14.530    0.000238498150931100    -0.001023496185088130    0.000000000000000000    -0.006854934455625657    0.004273734396913892    0.000000000000000000
14.535    0.000233980938803369    -0.001016725850407980    0.000000000000000000    -0.006814351915859903    0.004074659660062430    0.000000000000000000
14.540    0.000229293367877742    -0.001009853649236328    0.000000000000000000    -0.006785118018089913    0.004187257097235109    0.000000000000000000
14.545    0.000224436169001663    -0.001002876766637245    0.000000000000000000    -0.007180706070007443    0.004441087445806666    0.000000000000000000
14.550    0.000219399452473834    -0.000995788856852018    0.000000000000000000    -0.007169889427701207    0.004512846340232191    0.000000000000000000
14.555    0.000214183488710312    -0.000988588125908284    0.000000000000000000    -0.007076012910650804    0.004618892465594118    0.000000000000000000
14.560    0.000208790624624024    -0.000981271922652910    0.000000000000000000    -0.007090204039740793    0.004809363589016249    0.000000000000000000
14.565    0.000203220505436742    -0.000973835485307811    0.000000000000000000    -0.006846510992323997    0.005020358240584444    0.000000000000000000
14.570    0.000197479223474652    -0.000966273539006698    0.000000000000000000    -0.006542306062417820    0.005103635563274110    0.000000000000000000
14.575    0.000191574383861002    -0.000958584001816503    0.000000000000000000    -0.006373715863863903    0.005049993611833462    0.000000000000000000
14.580    0.000185510201350755    -0.000950768214786011    0.000000000000000000    -0.005972717538168994    0.004801265267996395    0.000000000000000000
14.585    0.000179296700902054    -0.000942832396123820    0.000000000000000000    -0.005804607084789869    0.005192318827730059    0.000000000000000000
14.590    0.000172938085276233    -0.000934766769490936    0.000000000000000000    -0.005511696545914841    0.005313606209504315    0.000000000000000000
14.595    0.000166441677236764    -0.000926568302702814    0.000000000000000000    -0.005232350624518115    0.005363475019254382    0.000000000000000000
14.600    0.000159814460431683    -0.000918235749039210    0.000000000000000000    -0.004927537347474082    0.005660254955800609    0.000000000000000000
14.605    0.000153064055192914    -0.000909761689001712    0.000000000000000000    -0.004664426942975258    0.005798537235290543    0.000000000000000000
14.610    0.000146197039280571    -0.000901142665533331    0.000000000000000000    -0.004449022423842633    0.005935412243562518    0.000000000000000000
14.615    0.000139218797807632    -0.000892375256758862    0.000000000000000000    -0.004317032490734054    0.006256227930751153    0.000000000000000000
14.620    0.000132132630522425    -0.000883451442286123    0.000000000000000000    -0.004060613935664417    0.006363985137177244    0.000000000000000000
14.625    0.000124944947888826    -0.000874368528184955    0.000000000000000000    -0.003661207792432855    0.006256214952725381    0.000000000000000000
14.630    0.000117665735060416    -0.000865129208709969    0.000000000000000000    -0.003421335323466022    0.006160530999083091    0.000000000000000000
14.635    0.000110300988848920    -0.000855735875960006    0.000000000000000000    -0.003352848811696146    0.005806414660925081    0.000000000000000000
14.640    0.000102852421417131    -0.000846197382843520    0.000000000000000000    -0.003271388359854586    0.005222045608597667    0.000000000000000000
14.645    0.000095322069276346    -0.000836528338586819    0.000000000000000000    -0.003091373663128096    0.004922073207611934    0.000000000000000000
14.650    0.000087714432793982    -0.000826736242499927    0.000000000000000000    -0.003089054543976280    0.004588308151745255    0.000000000000000000
14.655    0.000080029569948020    -0.000816829438709242    0.000000000000000000    -0.003035973990862546    0.004249109886189130    0.000000000000000000
14.660    0.000072268807752285    -0.000806816407171402    0.000000000000000000    -0.002694303604021072    0.003986520013257375    0.000000000000000000
14.665    0.000064440687966451    -0.000796703712633231    0.000000000000000000    -0.002536499934660866    0.003540784761970478    0.000000000000000000
14.670    0.000056549155682249    -0.000786502498476010    0.000000000000000000    -0.002472167456133052    0.003377719717482380    0.000000000000000000
14.675    0.000048595819211644    -0.000776216841325853    0.000000000000000000    -0.001949389626316783    0.003308992481136815    0.000000000000000000
14.680    0.000040593748000382    -0.000765848459363667    0.000000000000000000    -0.001586760633515356    0.003137471955285895    0.000000000000000000
14.685    0.000032552007773281    -0.000755401640602599    0.000000000000000000    -0.001170567063058284    0.002920602600684635    0.000000000000000000
14.690    0.000024481003369604    -0.000744881806776513    0.000000000000000000    -0.000756050060566347    0.002432558368508676    0.000000000000000000
14.695    0.000016391097714413    -0.000734301158991215    0.000000000000000000    -0.000464712121808124    0.002128544485799008    0.000000000000000000
14.700    0.000008289574256177    -0.000723667297593772    0.000000000000000000    -0.000187474893314848    0.001927570231984553    0.000000000000000000
14.705    0.000000183363925608    -0.000712985246940530    0.000000000000000000    -0.000087082236537717    0.001598841697755989    0.000000000000000000
14.710    -0.000007925023460875    -0.000702263225244843    0.000000000000000000    0.000037252019545095    0.001430114211272565    0.000000000000000000
14.715    -0.000016032479546869    -0.000691505450693875    0.000000000000000000    -0.000175604857156973    0.001299907321796433    0.000000000000000000
14.720    -0.000024144325754292    -0.000680715178459862    0.000000000000000000    -0.000350642544438427    0.001469590431768183    0.000000000000000000
14.725    -0.000032264938025326    -0.000669888166465054    0.000000000000000000    -0.000112760959466800    0.001666673927116363    0.000000000000000000
14.730    -0.000040388369320346    -0.000659019487622069    0.000000000000000000    0.000440713746265747    0.001809469145812662    0.000000000000000000
14.735    -0.000048500782771710    -0.000648105572050438    0.000000000000000000    0.000609585337549691    0.002208970295196691    0.000000000000000000
14.740    -0.000056597956589636    -0.000637136432221428    0.000000000000000000    0.000683141190154261    0.002506454717179918    0.000000000000000000
14.745    -0.000064678051877807    -0.000626104631024488    0.000000000000000000    0.000542254718237573    0.002400202940410628    0.000000000000000000
14.750    -0.000072744590798022    -0.000615012824754037    0.000000000000000000    0.000568163910003895    0.002512950298336203    0.000000000000000000
14.755    -0.000080796925620488    -0.000603858194726129    0.000000000000000000    0.000361024872489097    0.002513049907866896    0.000000000000000000
14.760    -0.000088840234821141    -0.000592640738450523    0.000000000000000000    0.000067863698004255    0.002221212221775043    0.000000000000000000
14.765    -0.000096881847429344    -0.000581367751869374    0.000000000000000000    0.000135877861037943    0.002083906911576165    0.000000000000000000
14.770    -0.000104920063091021    -0.000570042667615434    0.000000000000000000    0.000126999968705528    0.001958504359661495    0.000000000000000000
14.775    -0.000112955103753480    -0.000558668620752504    0.000000000000000000    0.000248947543335571    0.001406035303338181    0.000000000000000000
14.780    -0.000120983920727356    -0.000547259423006989    0.000000000000000000    0.000202001853768369    0.000757876434044798    0.000000000000000000
14.785    -0.000129007687654888    -0.000535831278350624    0.000000000000000000    0.000638512921948475    0.000424395440634835    0.000000000000000000
14.790    -0.000137015491759371    -0.000524392523808243    0.000000000000000000    0.000733869231321627    -0.000023139239122873    0.000000000000000000
14.795    -0.000145004949133071    -0.000512954347746840    0.000000000000000000    0.000639403071626618    -0.000222406583267297    0.000000000000000000
14.800    -0.000152978421429980    -0.000501521731850019    0.000000000000000000    0.000922998139912725    -0.000634499393334202    0.000000000000000000
14.805    -0.000160928818773392    -0.000490104978438030    0.000000000000000000    0.001208069266231144    -0.000885513131735835    0.000000000000000000
14.810    -0.000168849014385148    -0.000478710362854336    0.000000000000000000    0.001410422191437059    -0.001022507723877526    0.000000000000000000
14.815    -0.000176733949442117    -0.000467341309963738    0.000000000000000000    0.001311658350844911    -0.001396997861592697    0.000000000000000000
14.820    -0.000184586093040316    -0.000456007182019680    0.000000000000000000    0.001315894826216810    -0.001574305039696907    0.000000000000000000
14.825    -0.000192405339267859    -0.000444712411701615    0.000000000000000000    0.001297240863113889    -0.001961030191570574    0.000000000000000000
14.830    -0.000200192154473825    -0.000433466667138339    0.000000000000000000    0.001632778230539148    -0.001961169843209352    0.000000000000000000
14.835    -0.000207938150224027    -0.000422269951821143    0.000000000000000000    0.001779660488541611    -0.002060399029951785    0.000000000000000000
14.840    -0.000215639654462015    -0.000411124746479696    0.000000000000000000    0.001652776684395608    -0.002073374606183752    0.000000000000000000
14.845    -0.000223299839282894    -0.000400031375503403    0.000000000000000000    0.001790185598998188    -0.001974573309447732    0.000000000000000000
14.850    -0.000230915269463797    -0.000388987368859847    0.000000000000000000    0.001725346302333111    -0.001925781035368168    0.000000000000000000
14.855    -0.000238487565987143    -0.000377991506742175    0.000000000000000000    0.001464884364411629    -0.001625605881769559    0.000000000000000000
14.860    -0.000246023240401378    -0.000367036284771547    0.000000000000000000    0.001342579055823570    -0.001430510719743153    0.000000000000000000
14.865    -0.000253525350339217    -0.000356116825568912    0.000000000000000000    0.001108605588201646    -0.001416585778016115    0.000000000000000000
14.870    -0.000260999745137351    -0.000345232781010728    0.000000000000000000    0.000832743689423935    -0.001539221867912551    0.000000000000000000
14.875    -0.000268453321343250    -0.000334387216999242    0.000000000000000000    0.000940191647513453    -0.001624327620041322    0.000000000000000000
14.880    -0.000275883392757961    -0.000323582261178257    0.000000000000000000    0.001085002739131900    -0.001622748452502400    0.000000000000000000
14.885    -0.000283286339104194    -0.000312817874068585    0.000000000000000000    0.000810811712935108    -0.001469663961680811    0.000000000000000000
14.890    -0.000290669015157603    -0.000302090228557954    0.000000000000000000    0.000790635725908193    -0.001650911278219726    0.000000000000000000
14.895    -0.000298031925317864    -0.000291403855829279    0.000000000000000000    0.000431307057757648    -0.001373794304715143    0.000000000000000000
14.900    -0.000305384052801682    -0.000280751827958222    0.000000000000000000    0.000112511515976306    -0.001383070698489364    0.000000000000000000
14.905    -0.000312733367497600    -0.000270134376854627    0.000000000000000000    -0.000089709556001186    -0.001284642634484957    0.000000000000000000
14.910    -0.000320084924932418    -0.000259549041816894    0.000000000000000000    -0.000461922695536507    -0.000881338959599423    0.000000000000000000
14.915    -0.000327448030434625    -0.000248985740253152    0.000000000000000000    -0.000445932507341703    -0.000673919417421617    0.000000000000000000
14.920    -0.000334822284249515    -0.000238439286674844    0.000000000000000000    -0.000307190765548495    -0.000436473506872960    0.000000000000000000
14.925    -0.000342204217833544    -0.000227903744934209    0.000000000000000000    -0.000349228521866977    -0.000138658276721331    0.000000000000000000
14.930    -0.000349594882130619    -0.000217371669650492    0.000000000000000000    -0.000332997075682025    0.000277456943845959    0.000000000000000000
14.935    -0.000356993871354587    -0.000206832657943178    0.000000000000000000    -0.000326341152009565    0.000545152323473295    0.000000000000000000
14.940    -0.000364401019107355    -0.000196280017427778    0.000000000000000000    -0.000265972618890102    0.000646192290370022    0.000000000000000000
14.945    -0.000371814816175595    -0.000185711222105118    0.000000000000000000    -0.000381867012121638    0.000884256582317283    0.000000000000000000
14.950    -0.000379238159919138    -0.000175120320367900    0.000000000000000000    -0.000689435616558782    0.001183579511867183    0.000000000000000000
14.955    -0.000386678739553095    -0.000164499829142886    0.000000000000000000    -0.000856748219178922    0.001073700277041739    0.000000000000000000
14.960    -0.000394140737892532    -0.000153852495410946    0.000000000000000000    -0.001100330797973621    0.001010321827021052    0.000000000000000000
14.965    -0.000401630244501918    -0.000143179903633330    0.000000000000000000    -0.001182013482769334    0.000846073311029649    0.000000000000000000
14.970    -0.000409149301448373    -0.000132486160022938    0.000000000000000000    -0.001033461344125772    0.000428962470881656    0.000000000000000000
14.975    -0.000416694194928431    -0.000121781692350775    0.000000000000000000    -0.001031422089848178    0.000372016710543542    0.000000000000000000
14.980    -0.000424264873960735    -0.000111067924260847    0.000000000000000000    -0.000883898920148087    0.000394996050149827    0.000000000000000000
14.985    -0.000431857650466044    -0.000100344281269666    0.000000000000000000    -0.000735235819689702    0.000063762146347351    0.000000000000000000
14.990    -0.000439468807866844    -0.000089619044224827    0.000000000000000000    -0.000326384466732034    -0.000313177554654405    0.000000000000000000
14.995    -0.000447088124879313    -0.000078901636618853    0.000000000000000000    -0.000110192494248186    -0.000817685716117639    0.000000000000000000
15.000    -0.000454710196704138    -0.000068204671155783    0.000000000000000000    -0.000459727863169439    -0.000920063208546861    0.000000000000000000
15.005    -0.000462343761725542    -0.000057530707272926    0.000000000000000000    -0.000553630864533715    -0.000943826393504511    0.000000000000000000
15.010    -0.000469991167518559    -0.000046880339049907    0.000000000000000000    -0.000389728978956571    -0.001322662971525875    0.000000000000000000
15.015    -0.000477648316536051    -0.000036263037401176    0.000000000000000000    -0.000155153341431079    -0.001488805326414560    0.000000000000000000
15.020    -0.000485309344387078    -0.000025682955885606    0.000000000000000000    0.000058150200100016    -0.001584989620069868    0.000000000000000000
15.025    -0.000492968918483103    -0.000015142499110537    0.000000000000000000    0.000400650128761382    -0.001810995793488938    0.000000000000000000
15.030    -0.000500618476325908    -0.000004647317230305    0.000000000000000000    0.000649660966789249    -0.002057457495039408    0.000000000000000000
15.035    -0.000508251792644544    0.000005796428212550    0.000000000000000000    0.000681322944551081    -0.002414845549541036    0.000000000000000000
15.040    -0.000515868075889567    0.000016179802516667    0.000000000000000000    0.000845939520377481    -0.002691369089696453    0.000000000000000000
15.045    -0.000523463210646579    0.000026495892593542    0.000000000000000000    0.000833909751382297    -0.003005989305068411    0.000000000000000000
15.050    -0.000531037497659808    0.000036736832937790    0.000000000000000000    0.000743241375593222    -0.002873866188141718    0.000000000000000000
15.055    -0.000538593203638646    0.000046905926627334    0.000000000000000000    0.000731038075087696    -0.002583781606085910    0.000000000000000000
15.060    -0.000546130633665607    0.000057010425776726    0.000000000000000000    0.001106028840710052    -0.002363029476958761    0.000000000000000000
15.065    -0.000553640412971550    0.000067055849189195    0.000000000000000000    0.001343169343274650    -0.002140161865203129    0.000000000000000000
15.070    -0.000561116613043912    0.000077047768555033    0.000000000000000000    0.001527680554965979    -0.001946923266363601    0.000000000000000000
15.075    -0.000568554621102399    0.000086991014839212    0.000000000000000000    0.001991063695492255    -0.001675630176103168    0.000000000000000000
15.080    -0.000575942852568499    0.000096892370368989    0.000000000000000000    0.001889559436141219    -0.001274054690555688    0.000000000000000000
15.085    -0.000583283845048696    0.000106761874531501    0.000000000000000000    0.001741255847482505    -0.001052998468676312    0.000000000000000000
15.090    -0.000590581306132705    0.000116605053732297    0.000000000000000000    0.001843407418000882    -0.000923172006352634    0.000000000000000000
15.095    -0.000597832682031265    0.000126425153632934    0.000000000000000000    0.001940455839643564    -0.001162782365715697    0.000000000000000000
15.100    -0.000605035546533833    0.000136216183974428    0.000000000000000000    0.001908875711404551    -0.001150465301143645    0.000000000000000000
15.105    -0.000612190689143616    0.000145978452683393    0.000000000000000000    0.001779896729630151    -0.000971728288065056    0.000000000000000000
15.110    -0.000619301334335159    0.000155716428185157    0.000000000000000000    0.002016560044604092    -0.000941747561897330    0.000000000000000000
15.115    -0.000626361565525586    0.000165430859997874    0.000000000000000000    0.001769686964517812    -0.000727342481225300    0.000000000000000000
15.120    -0.000633377554541901    0.000175127108248559    0.000000000000000000    0.001570744345711153    -0.001026296592988559    0.000000000000000000
15.125    -0.000640354274949573    0.000184797699084420    0.000000000000000000    0.001692495673593503    -0.001380251585230557    0.000000000000000000
15.130    -0.000647288682965404    0.000194433783630651    0.000000000000000000    0.001831021482264633    -0.001516940223158462    0.000000000000000000
15.135    -0.000654177315444180    0.000204031944671302    0.000000000000000000    0.002051016750096411    -0.001771651455008665    0.000000000000000000
15.140    -0.000661014672504202    0.000213585814425578    0.000000000000000000    0.002184887758810601    -0.002056339819843985    0.000000000000000000
15.145    -0.000667797407370255    0.000223088275684358    0.000000000000000000    0.002285158786346358    -0.002374610032560140    0.000000000000000000
15.150    -0.000674523013266649    0.000232531371692324    0.000000000000000000    0.002474542858312695    -0.002847968681427872    0.000000000000000000
15.155    -0.000681186755591585    0.000241903268483254    0.000000000000000000    0.002670183052570253    -0.003109081915940882    0.000000000000000000
15.160    -0.000687783743340207    0.000251197438226286    0.000000000000000000    0.002450236648130107    -0.003314108550167907    0.000000000000000000
15.165    -0.000694319475172625    0.000260408755255564    0.000000000000000000    0.002462399154991128    -0.004140973967677476    0.000000000000000000
15.170    -0.000700793647026169    0.000269516547935649    0.000000000000000000    0.002404424268719237    -0.004686507954784844    0.000000000000000000
15.175    -0.000707207708272995    0.000278507177916865    0.000000000000000000    0.002341176827173018    -0.004916545511253565    0.000000000000000000
15.180    -0.000713563240099141    0.000287374894260300    0.000000000000000000    0.002477956939669727    -0.005269090975221300    0.000000000000000000
15.185    -0.000719856823001796    0.000296110883329354    0.000000000000000000    0.002774753411743242    -0.005774546618041686    0.000000000000000000
15.190    -0.000726081037069157    0.000304702508732957    0.000000000000000000    0.003006530829730708    -0.006068599780020053    0.000000000000000000
15.195    -0.000732230087865775    0.000313142419142060    0.000000000000000000    0.002841772137620290    -0.006117933007811563    0.000000000000000000
15.200    -0.000738308094358953    0.000321429381225967    0.000000000000000000    0.002779507816746615    -0.005973777631278210    0.000000000000000000
15.205    -0.000744316613156711    0.000329566998869093    0.000000000000000000    0.002670525672530434    -0.005663319215369351    0.000000000000000000
15.210    -0.000750258368812657    0.000337563033531834    0.000000000000000000    0.002673234581048942    -0.005491623493235169    0.000000000000000000
15.215    -0.000756133293604076    0.000345421777607244    0.000000000000000000    0.002769807266409657    -0.005477944562794559    0.000000000000000000
15.220    -0.000761938973213835    0.000353143573068584    0.000000000000000000    0.002648750448597421    -0.005483929580746717    0.000000000000000000
15.225    -0.000767678434062379    0.000360728270290406    0.000000000000000000    0.002668254230624341    -0.005428304597219005    0.000000000000000000
15.230    -0.000773351188555157    0.000368177259897297    0.000000000000000000    0.002421478537783898    -0.005516226583945731    0.000000000000000000
15.235    -0.000778963406084491    0.000375488343839590    0.000000000000000000    0.002606729803786463    -0.005524470822876586    0.000000000000000000
15.240    -0.000784510455368730    0.000382661316011311    0.000000000000000000    0.002357162284722693    -0.005609906072762561    0.000000000000000000
15.245    -0.000789998575595852    0.000389694040531212    0.000000000000000000    0.002452040963416696    -0.005799737505503624    0.000000000000000000
15.250    -0.000795425394798887    0.000396581771613476    0.000000000000000000    0.002455837649199301    -0.005965422072119145    0.000000000000000000
15.255    -0.000800790818060693    0.000403320367143937    0.000000000000000000    0.002443534786477665    -0.006348566346974296    0.000000000000000000
15.260    -0.000806095152952837    0.000409900248515724    0.000000000000000000    0.002611374766686020    -0.006635130518888727    0.000000000000000000
15.265    -0.000811334203475813    0.000416314251624538    0.000000000000000000    0.002713109661699534    -0.006820814305455794    0.000000000000000000
15.270    -0.000816505426257248    0.000422557734375717    0.000000000000000000    0.002722819784899827    -0.007171133032889652    0.000000000000000000
15.275    -0.000821608578544059    0.000428621938801072    0.000000000000000000    0.002650771230364168    -0.007571402473429203    0.000000000000000000
15.280    -0.000826645461550112    0.000434496858164592    0.000000000000000000    0.002712270802691236    -0.007702290474756283    0.000000000000000000
15.285    -0.000831614537786097    0.000440179220266244    0.000000000000000000    0.002565095228355095    -0.007838651483469197    0.000000000000000000
15.290    -0.000836519486641373    0.000445665616080808    0.000000000000000000    0.002462657467264609    -0.007863503795663054    0.000000000000000000
15.295    -0.000841362869059968    0.000450955424300481    0.000000000000000000    0.002748008445211010    -0.008071485309137181    0.000000000000000000
15.300    -0.000846137551267433    0.000456043445387426    0.000000000000000000    0.002565873458795255    -0.008246054998605010    0.000000000000000000
15.305    -0.000850848086638427    0.000460925315099405    0.000000000000000000    0.002531854860388268    -0.008197211138118859    0.000000000000000000
15.310    -0.000855495325637912    0.000465602254532931    0.000000000000000000    0.002276226112258098    -0.008248588176434837    0.000000000000000000
15.315    -0.000860085658984591    0.000470072979262047    0.000000000000000000    0.002397397209797508    -0.008453037427789446    0.000000000000000000
15.320    -0.000864616057401024    0.000474332378055467    0.000000000000000000    0.002409245567101467    -0.008575238829144211    0.000000000000000000
15.325    -0.000869086224678280    0.000478377395878160    0.000000000000000000    0.002487302194361350    -0.008516837722279211    0.000000000000000000
15.330    -0.000873494209400677    0.000482209492757795    0.000000000000000000    0.002451892617246279    -0.008164052356274439    0.000000000000000000
15.335    -0.000877840896807643    0.000485837488328523    0.000000000000000000    0.002426790087078912    -0.008049097876073122    0.000000000000000000
15.340    -0.000882126914462432    0.000489264256452350    0.000000000000000000    0.002325403868565397    -0.007838226183849457    0.000000000000000000
15.345    -0.000886354797020506    0.000492495068921580    0.000000000000000000    0.002263831078235488    -0.007413311453262870    0.000000000000000000
15.350    -0.000890526083801625    0.000495540548604479    0.000000000000000000    0.002172981992698032    -0.006995582507714031    0.000000000000000000
15.355    -0.000894643046032926    0.000498411138724684    0.000000000000000000    0.002125310741545733    -0.006787701534280606    0.000000000000000000
15.360    -0.000898706875495689    0.000501112036306533    0.000000000000000000    0.002274948488535135    -0.006712763559531439    0.000000000000000000
15.365    -0.000902713831246238    0.000503645114799394    0.000000000000000000    0.002294544397324003    -0.006506635195982491    0.000000000000000000
15.370    -0.000906663423386855    0.000506015527412355    0.000000000000000000    0.001956134591941765    -0.006388958320980263    0.000000000000000000
15.375    -0.000910564112162672    0.000508226216067291    0.000000000000000000    0.001966039455889024    -0.006321820856980583    0.000000000000000000
15.380    -0.000914415649952093    0.000510278859200803    0.000000000000000000    0.002110435638907372    -0.006171117595257444    0.000000000000000000
15.385    -0.000918214426850540    0.000512177224394434    0.000000000000000000    0.002415505815675338    -0.006064440756809591    0.000000000000000000
15.390    -0.000921952816103596    0.000513923978569144    0.000000000000000000    0.002128035719918021    -0.006085620458070630    0.000000000000000000
15.395    -0.000925638004463654    0.000515518592232402    0.000000000000000000    0.001899478928209242    -0.005979973724434991    0.000000000000000000
15.400    -0.000929275705850507    0.000516963706552550    0.000000000000000000    0.001483557380004170    -0.005828967129255409    0.000000000000000000
15.405    -0.000932876318302860    0.000518263096694466    0.000000000000000000    0.001179650981840939    -0.005722929673030938    0.000000000000000000
15.410    -0.000936447439480666    0.000519419413594557    0.000000000000000000    0.001173507127435677    -0.005788552340708387    0.000000000000000000
15.415    -0.000939989222980287    0.000520431016686129    0.000000000000000000    0.000850379110340499    -0.005743163467844190    0.000000000000000000
15.420    -0.000943509747002149    0.000521299040691006    0.000000000000000000    0.000572416312539896    -0.005674258164128747    0.000000000000000000
15.425    -0.000947015960616198    0.000522025208241779    0.000000000000000000    0.000469214621848409    -0.005499318711825116    0.000000000000000000
15.430    -0.000950510443864700    0.000522613892824757    0.000000000000000000    0.000460785857954969    -0.005331714734370559    0.000000000000000000
15.435    -0.000953993407466754    0.000523069284539376    0.000000000000000000    0.000195956524010749    -0.005127198262817358    0.000000000000000000
15.440    -0.000957471472155707    0.000523396496297424    0.000000000000000000    0.000000390296423652    -0.005018165727772514    0.000000000000000000
15.445    -0.000960949527087250    0.000523598253912278    0.000000000000000000    -0.000171421770771285    -0.004610810503662827    0.000000000000000000
15.450    -0.000964431867563062    0.000523684741264540    0.000000000000000000    -0.000238815136372958    -0.004285625564174819    0.000000000000000000
15.455    -0.000967920178417283    0.000523664087977698    0.000000000000000000    -0.000254721833508643    -0.004315389845110582    0.000000000000000000
15.460    -0.000971414857317342    0.000523535549944728    0.000000000000000000    -0.000008266809407159    -0.004295145680176769    0.000000000000000000
15.465    -0.000974909742887636    0.000523299633269754    0.000000000000000000    0.000254053492388349    -0.004096715258165504    0.000000000000000000
15.470    -0.000978398277120621    0.000522961298713325    0.000000000000000000    0.000372115224423972    -0.003791694193587547    0.000000000000000000
15.475    -0.000981877508472995    0.000522528171802057    0.000000000000000000    0.000671240644465124    -0.003705512706254736    0.000000000000000000
15.480    -0.000985339958809257    0.000522002407073132    0.000000000000000000    0.000587610059551297    -0.003448168308189080    0.000000000000000000
15.485    -0.000988787718894031    0.000521390438136503    0.000000000000000000    0.000384115539644667    -0.003261198982975992    0.000000000000000000
15.490    -0.000992225876090313    0.000520696939225299    0.000000000000000000    0.000559519534419628    -0.003005257255177599    0.000000000000000000
15.495    -0.000995650045298235    0.000519928308882716    0.000000000000000000    0.000905171866879065    -0.002778543270989982    0.000000000000000000
15.500    -0.000999051585209485    0.000519090214958359    0.000000000000000000    0.000935662530093806    -0.002786183903673821    0.000000000000000000
15.505    -0.001002429733557482    0.000518182466436409    0.000000000000000000    0.000788668882752835    -0.002484266550077663    0.000000000000000000
15.510    -0.001005788165183411    0.000517212611250707    0.000000000000000000    0.000774805262969414    -0.002236629877455827    0.000000000000000000
15.515    -0.001009127226677766    0.000516186840318069    0.000000000000000000    0.000847199116884439    -0.002075267874520996    0.000000000000000000
15.520    -0.001012445108194198    0.000515109187688568    0.000000000000000000    0.001109902521669384    -0.002172926265513013    0.000000000000000000
15.525    -0.001015735242147589    0.000513977211902429    0.000000000000000000    0.001195213828776576    -0.002203657673816549    0.000000000000000000
15.530    -0.001018995495755260    0.000512790144674445    0.000000000000000000    0.001316462977770175    -0.002239758541415678    0.000000000000000000
15.535    -0.001022222837788487    0.000511547083482925    0.000000000000000000    0.001687982563985252    -0.002146251533714609    0.000000000000000000
15.540    -0.001025407980257614    0.000510250366003063    0.000000000000000000    0.001832406885870705    -0.002213453133914980    0.000000000000000000
15.545    -0.001028547312554595    0.000508898312194852    0.000000000000000000    0.001887729442415220    -0.002045363798946695    0.000000000000000000
15.550    -0.001031639451615515    0.000507495124291668    0.000000000000000000    0.001991922441010527    -0.001978504575441895    0.000000000000000000
15.555    -0.001034681792615410    0.000506042473774098    0.000000000000000000    0.001765961866592378    -0.002137314073693414    0.000000000000000000
15.560    -0.001037679984568640    0.000504536390404686    0.000000000000000000    0.001663577368369099    -0.002136047625926445    0.000000000000000000
15.565    -0.001040636587087661    0.000502976905844625    0.000000000000000000    0.001558047848003799    -0.002511958163186126    0.000000000000000000
15.570    -0.001043554238410482    0.000501354622330485    0.000000000000000000    0.001602006084724591    -0.002517204483647520    0.000000000000000000
15.575    -0.001046431839581185    0.000499669408704253    0.000000000000000000    0.001685587061577704    -0.002685366617565833    0.000000000000000000
15.580    -0.001049267301075348    0.000497917060912583    0.000000000000000000    0.001654875066659997    -0.003092682882180169    0.000000000000000000
15.585    -0.001052061390692845    0.000496087396048858    0.000000000000000000    0.001569339911980383    -0.003187117162441189    0.000000000000000000
15.590    -0.001054816246812542    0.000494178053256071    0.000000000000000000    0.001842818666587809    -0.003305406495886752    0.000000000000000000
15.595    -0.001057525032465575    0.000492186075300888    0.000000000000000000    0.001857389332268755    -0.003421377514369571    0.000000000000000000
15.600    -0.001060187383385300    0.000490108562907846    0.000000000000000000    0.001712516198145927    -0.003570640493728849    0.000000000000000000
15.605    -0.001062806921400073    0.000487941784502460    0.000000000000000000    0.001563470725090416    -0.003670579973857890    0.000000000000000000
15.610    -0.001065387372646718    0.000485683241597727    0.000000000000000000    0.001511426142601288    -0.004151881287609710    0.000000000000000000
15.615    -0.001067930038239798    0.000483320901660805    0.000000000000000000    0.001702870862417896    -0.004198301329224555    0.000000000000000000
15.620    -0.001070430132061317    0.000480853604190652    0.000000000000000000    0.002217597812595104    -0.004152566914475322    0.000000000000000000
15.625    -0.001072874785937522    0.000478282492547637    0.000000000000000000    0.002406817900474714    -0.004079226266155266    0.000000000000000000
15.630    -0.001075259269366214    0.000475609400247968    0.000000000000000000    0.002304289022933906    -0.003978242216580094    0.000000000000000000
15.635    -0.001077586145569334    0.000472836851892885    0.000000000000000000    0.002065112762773824    -0.003760994117273965    0.000000000000000000
15.640    -0.001079861393953384    0.000469970278684870    0.000000000000000000    0.002086871902715060    -0.003904208953800330    0.000000000000000000
15.645    -0.001082084470539866    0.000467006100253009    0.000000000000000000    0.001937720197813311    -0.004001090234298336    0.000000000000000000
15.650    -0.001084259104121403    0.000463941894565292    0.000000000000000000    0.001795508544778085    -0.003858731027640144    0.000000000000000000
15.655    -0.001086388849989320    0.000460781220601883    0.000000000000000000    0.001993867888260004    -0.003669383039648158    0.000000000000000000
15.660    -0.001088468749160031    0.000457528812062483    0.000000000000000000    0.002137549244786083    -0.003449579841681167    0.000000000000000000
15.665    -0.001090495209599622    0.000454190164027041    0.000000000000000000    0.002350582520181319    -0.003281571060204276    0.000000000000000000
15.670    -0.001092462905476209    0.000450769476715094    0.000000000000000000    0.002199750611438928    -0.003160967281565057    0.000000000000000000
15.675    -0.001094375607587509    0.000447269765221108    0.000000000000000000    0.002417013054527295    -0.003263028910483259    0.000000000000000000
15.680    -0.001096227884372447    0.000443688478004360    0.000000000000000000    0.002866750229181536    -0.003420992206108579    0.000000000000000000
15.685    -0.001098008492401655    0.000440021665982459    0.000000000000000000    0.002698146779906568    -0.003358716101021977    0.000000000000000000
15.690    -0.001099721646761365    0.000436270886058032    0.000000000000000000    0.002451614457520124    -0.003300335889707892    0.000000000000000000
15.695    -0.001101373510759638    0.000432437597736363    0.000000000000000000    0.002543860077716328    -0.003195653580341865    0.000000000000000000
15.700    -0.001102961778255967    0.000428524418075186    0.000000000000000000    0.002689902264306834    -0.003294753857774856    0.000000000000000000
15.705    -0.001104482798195689    0.000424528869567563    0.000000000000000000    0.002497166613924656    -0.003270157335731345    0.000000000000000000
15.710    -0.001105941388970062    0.000420451567126548    0.000000000000000000    0.002535867270987355    -0.003034004004793742    0.000000000000000000
15.715    -0.001107336583062661    0.000416298414585413    0.000000000000000000    0.002519304903407515    -0.002915406214934555    0.000000000000000000
15.720    -0.001108668794532675    0.000412072376888904    0.000000000000000000    0.002265685419720539    -0.002639004605393784    0.000000000000000000
15.725    -0.001109944363867196    0.000407780364077261    0.000000000000000000    0.002222765537185367    -0.002541752511062579    0.000000000000000000
15.730    -0.001111164364063287    0.000403424807452841    0.000000000000000000    0.002251858335503357    -0.002410231934525837    0.000000000000000000
15.735    -0.001112328067800990    0.000399008995030058    0.000000000000000000    0.002190976407549436    -0.002092438738611393    0.000000000000000000
15.740    -0.001113436997128505    0.000394540871638809    0.000000000000000000    0.002488354453739072    -0.001943151060842564    0.000000000000000000
15.745    -0.001114483717594676    0.000390024169471040    0.000000000000000000    0.002025395536399757    -0.001875833200923327    0.000000000000000000
15.750    -0.001115479803172438    0.000385460571473247    0.000000000000000000    0.001581082897774214    -0.001623150526410422    0.000000000000000000
15.755    -0.001116436361677755    0.000380856394712294    0.000000000000000000    0.001352193819692538    -0.001508512748943022    0.000000000000000000
15.760    -0.001117359115337579    0.000376214505132618    0.000000000000000000    0.000976383382842588    -0.001095587160136486    0.000000000000000000
15.765    -0.001118257459412833    0.000371545225873938    0.000000000000000000    0.000793737673764755    -0.000798858996889449    0.000000000000000000
15.770    -0.001119135960046242    0.000366855975140336    0.000000000000000000    0.000440603599403955    -0.000889623140648901    0.000000000000000000
15.775    -0.001120003445589667    0.000362144483828218    0.000000000000000000    0.000547383409068430    -0.000765819875071273    0.000000000000000000
15.780    -0.001120857246547864    0.000357413847019223    0.000000000000000000    0.000110652420663715    -0.000631150973455161    0.000000000000000000
15.785    -0.001121708281195545    0.000352667431435891    0.000000000000000000    -0.000201513100546447    -0.000343220185792213    0.000000000000000000
15.790    -0.001122564353670740    0.000347912435347915    0.000000000000000000    -0.000412335919566451    0.000160364231997778    0.000000000000000000
15.795    -0.001123430734543924    0.000343161448365739    0.000000000000000000    -0.000713661825104545    0.000179793701504585    0.000000000000000000
15.800    -0.001124314956962736    0.000338414956226100    0.000000000000000000    -0.001007794318700142    -0.000043180913801219    0.000000000000000000
15.805    -0.001125224374239515    0.000333667384563616    0.000000000000000000    -0.001357866291490373    -0.000174751662402814    0.000000000000000000
15.810    -0.001126167738173581    0.000328915444109572    0.000000000000000000    -0.001632525231318183    -0.000069903597352868    0.000000000000000000
15.815    -0.001127151915238430    0.000324161756065595    0.000000000000000000    -0.001894941972745146    -0.000103987872384151    0.000000000000000000
15.820    -0.001128183465852598    0.000319405468324808    0.000000000000000000    -0.002020242279143075    -0.000124455066721069    0.000000000000000000
15.825    -0.001129265522523744    0.000314646069207352    0.000000000000000000    -0.002322288617838744    -0.000107422785948670    0.000000000000000000
15.830    -0.001130405636410337    0.000309883984520248    0.000000000000000000    -0.002516502599593171    -0.000124298001667831    0.000000000000000000
15.835    -0.001131608662861919    0.000305118792383103    0.000000000000000000    -0.002578904010940367    -0.000067715690257788    0.000000000000000000
15.840    -0.001132876161913775    0.000300351907353701    0.000000000000000000    -0.002762784116396716    -0.000085913402997698    0.000000000000000000
15.845    -0.001134212730568540    0.000295582874489224    0.000000000000000000    -0.002826650927758786    0.000127905947764663    0.000000000000000000
15.850    -0.001135619965496500    0.000290817039273441    0.000000000000000000    -0.002781607706791450    0.000120457395720412    0.000000000000000000
15.855    -0.001137096740617129    0.000286054215492551    0.000000000000000000    -0.002660134585386054    -0.000079598653334855    0.000000000000000000
15.860    -0.001138640019102393    0.000281289401745327    0.000000000000000000    -0.002660972866852865    -0.000121617730586797    0.000000000000000000
15.865    -0.001140249821909329    0.000276521547554840    0.000000000000000000    -0.002707865474488313    0.000028902274636089    0.000000000000000000
15.870    -0.001141927321353126    0.000271754415921217    0.000000000000000000    -0.002417683567981083    0.000332125876523204    0.000000000000000000
15.875    -0.001143665262886123    0.000266995587434508    0.000000000000000000    -0.002205685046335545    0.000602189821269968    0.000000000000000000
15.880    -0.001145458346545279    0.000262251813693331    0.000000000000000000    -0.001968048461767347    0.000673498824496979    0.000000000000000000
15.885    -0.001147300631415978    0.000257524877422766    0.000000000000000000    -0.001873605898518316    0.000965474949330639    0.000000000000000000
15.890    -0.001149189756434141    0.000252822078025935    0.000000000000000000    -0.001831129227457609    0.001222931143162083    0.000000000000000000
15.895    -0.001151124659682990    0.000248149851907682    0.000000000000000000    -0.001716420933491752    0.001452958980087925    0.000000000000000000
15.900    -0.001153102473455177    0.000243513949763932    0.000000000000000000    -0.001393531000783849    0.001620497644893529    0.000000000000000000
15.905    -0.001155115125502383    0.000238918560061304    0.000000000000000000    -0.001261581684267390    0.001829666215790501    0.000000000000000000
15.910    -0.001157159317091695    0.000234368912014071    0.000000000000000000    -0.001038730813975389    0.002174897547520000    0.000000000000000000
15.915    -0.001159229476951357    0.000229873636405526    0.000000000000000000    -0.000621037132579258    0.002162879449710753    0.000000000000000000
15.920    -0.001161315162739334    0.000225432432783223    0.000000000000000000    -0.000186204916520494    0.002359500228742931    0.000000000000000000
15.925    -0.001163405503650223    0.000221050216666640    0.000000000000000000    0.000076506656461472    0.002645736462643161    0.000000000000000000
15.930    -0.001165493931894701    0.000216734143961622    0.000000000000000000    0.000484056736907088    0.002525004047710701    0.000000000000000000
15.935    -0.001167570258720757    0.000212481196357797    0.000000000000000000    0.000653500141336097    0.002792153739215528    0.000000000000000000
15.940    -0.001169630248043278    0.000208298052597452    0.000000000000000000    0.000898037007543775    0.003226196319858861    0.000000000000000000
15.945    -0.001171667786440612    0.000204195563745104    0.000000000000000000    0.000979640602293344    0.003395253971004170    0.000000000000000000
15.950    -0.001173680833822888    0.000200177956242031    0.000000000000000000    0.000861673643418395    0.003648847620167824    0.000000000000000000
15.955    -0.001175672339364078    0.000196251569929462    0.000000000000000000    0.000869077491942247    0.003773199277551592    0.000000000000000000
15.960    -0.001177642117967970    0.000192419513598832    0.000000000000000000    0.001160841608706387    0.003736110082896635    0.000000000000000000
15.965    -0.001179582875531645    0.000188680860020275    0.000000000000000000    0.001393388763450826    0.003955890699887908    0.000000000000000000
15.970    -0.001181488798376233    0.000185041103709214    0.000000000000000000    0.001516648684063079    0.004232208200980392    0.000000000000000000
15.975    -0.001183356805003719    0.000181507152603178    0.000000000000000000    0.001801820631924453    0.004209562048000182    0.000000000000000000
15.980    -0.001185179766115407    0.000178078440548342    0.000000000000000000    0.001637685443367509    0.004159691014611090    0.000000000000000000
15.985    -0.001186961785091012    0.000174753720768872    0.000000000000000000    0.001870354569407859    0.004370931304114190    0.000000000000000000
15.990    -0.001188697045202381    0.000171538274272004    0.000000000000000000    0.001773693698798109    0.004404369598203124    0.000000000000000000
15.995    -0.001190387962971280    0.000168432937015091    0.000000000000000000    0.001562771779484162    0.004482659177271892    0.000000000000000000
16.000    -0.001192039811445691    0.000165439666237610    0.000000000000000000    0.001387834071596775    0.004583419424227832    0.000000000000000000
16.005    -0.001193656964068313    0.000162560980945735    0.000000000000000000    0.001161722070668406    0.004367288688966959    0.000000000000000000
16.010    -0.001195245073639169    0.000159791477871084    0.000000000000000000    0.001021323163923060    0.004042673732826581    0.000000000000000000
16.015    -0.001196807650130926    0.000157123041639754    0.000000000000000000    0.001171600626558369    0.003708884755105821    0.000000000000000000
16.020    -0.001198340936607019    0.000154547327527301    0.000000000000000000    0.000909604259040700    0.003528022689009563    0.000000000000000000
16.025    -0.001199851482976636    0.000152059813982073    0.000000000000000000    0.001048678464742742    0.003513947094405849    0.000000000000000000
16.030    -0.001201335812384635    0.000149660149114206    0.000000000000000000    0.001323551917361762    0.003142238887245737    0.000000000000000000
16.035    -0.001202787052994700    0.000147339040218520    0.000000000000000000    0.001191525486670883    0.002761845133554498    0.000000000000000000
16.040    -0.001204208505467597    0.000145086977451172    0.000000000000000000    0.001153506028663681    0.002436808057872109    0.000000000000000000
16.045    -0.001205601120289779    0.000142895834885272    0.000000000000000000    0.001186659720339364    0.002400184196409052    0.000000000000000000
16.050    -0.001206964068618951    0.000140764696924282    0.000000000000000000    0.001133493780806558    0.002010126223442711    0.000000000000000000
16.055    -0.001208298679603604    0.000138683812118877    0.000000000000000000    0.000786392621325224    0.001675296629959988    0.000000000000000000
16.060    -0.001209613630772724    0.000136644809729222    0.000000000000000000    0.000523136093827717    0.001469170916400643    0.000000000000000000
16.065    -0.001210915503539497    0.000134642536612477    0.000000000000000000    0.000981285806873552    0.001159390329436016    0.000000000000000000
16.070    -0.001212192844161099    0.000132669248253968    0.000000000000000000    0.001148070895833769    0.001045202267630461    0.000000000000000000
16.075    -0.001213441483010305    0.000130722089952149    0.000000000000000000    0.000933078487365749    0.001030608483256141    0.000000000000000000
16.080    -0.001214666794897327    0.000128800696862412    0.000000000000000000    0.000827784767563552    0.000867942350103864    0.000000000000000000
16.085    -0.001215871412165160    0.000126901002331427    0.000000000000000000    0.000990437306032724    0.000564375169394673    0.000000000000000000
16.090    -0.001217051268500342    0.000125015417179678    0.000000000000000000    0.001370616045763551    0.000667034713289954    0.000000000000000000
16.095    -0.001218196859434380    0.000123146507895760    0.000000000000000000    0.001481072034572109    0.000677717146213216    0.000000000000000000
16.100    -0.001219305423567554    0.000121294541540498    0.000000000000000000    0.001664258567702151    0.000696876154992641    0.000000000000000000
16.105    -0.001220372381236535    0.000119459997089111    0.000000000000000000    0.001745998091818440    0.000609106319488309    0.000000000000000000
16.110    -0.001221395688953221    0.000117640680295711    0.000000000000000000    0.001875857695747898    0.000626652932728925    0.000000000000000000
16.115    -0.001222372100227512    0.000115837029825629    0.000000000000000000    0.001915845539617392    0.000749748238941051    0.000000000000000000
16.120    -0.001223300615363314    0.000114052123061520    0.000000000000000000    0.002204230683195210    0.000939179812193603    0.000000000000000000
16.125    -0.001224174024732036    0.000112290695792717    0.000000000000000000    0.002240121236589052    0.001037744288803939    0.000000000000000000
16.130    -0.001224991431069843    0.000110555212131133    0.000000000000000000    0.001954345672508170    0.000953924191174696    0.000000000000000000
16.135    -0.001225759978765837    0.000108843576574329    0.000000000000000000    0.002136353170756333    0.000795225622104599    0.000000000000000000
16.140    -0.001226475117632562    0.000107151821658078    0.000000000000000000    0.002311336802169120    0.000672337692715977    0.000000000000000000
16.145    -0.001227132473079233    0.000105476875184144    0.000000000000000000    0.002594838326821017    0.000608588110964257    0.000000000000000000
16.150    -0.001227724957567734    0.000103817143412985    0.000000000000000000    0.003106309427848911    0.000411974771222148    0.000000000000000000
16.155    -0.001228239784320538    0.000102167711011106    0.000000000000000000    0.003069538904451954    0.000501770231049162    0.000000000000000000
16.160    -0.001228677872600731    0.000100530822865004    0.000000000000000000    0.003171367410166256    0.000308969778325431    0.000000000000000000
16.165    -0.001229036676695670    0.000098901658963359    0.000000000000000000    0.003040717946860977    0.000186275073659598    0.000000000000000000
16.170    -0.001229319462841937    0.000097277151938556    0.000000000000000000    0.003027435094464861    0.000035344490945653    0.000000000000000000
16.175    -0.001229526563110843    0.000095653528526027    0.000000000000000000    0.003167458160324016    -0.000047310485696704    0.000000000000000000
16.180    -0.001229654476925740    0.000094028722351355    0.000000000000000000    0.003345898918647935    -0.000108590442974427    0.000000000000000000
16.185    -0.001229698743267672    0.000092401201415609    0.000000000000000000    0.003660079382220363    0.000040417514076243    0.000000000000000000
16.190    -0.001229651507625048    0.000090774690917714    0.000000000000000000    0.003691958144402471    0.000074098904024916    0.000000000000000000
16.195    -0.001229511973028814    0.000089150032892421    0.000000000000000000    0.003581306515050217    -0.000280479862430245    0.000000000000000000
16.200    -0.001229282905769703    0.000087518362870566    0.000000000000000000    0.003240807739338797    -0.000552104981736321    0.000000000000000000
16.205    -0.001228972818317109    0.000085872890224169    0.000000000000000000    0.003067813729509816    -0.000721916064892422    0.000000000000000000
16.210    -0.001228586035521278    0.000084209369676149    0.000000000000000000    0.003059954973025705    -0.001021098979609369    0.000000000000000000
16.215    -0.001228122753851120    0.000082520321653638    0.000000000000000000    0.003048168219898367    -0.001350039232838013    0.000000000000000000
16.220    -0.001227583267975466    0.000080797522650307    0.000000000000000000    0.002939878654042299    -0.001378886718402601    0.000000000000000000
16.225    -0.001226970285133460    0.000079040251479016    0.000000000000000000    0.002985228064458431    -0.001584967646491042    0.000000000000000000
16.230    -0.001226282671589843    0.000077243356116562    0.000000000000000000    0.003171734089656847    -0.001542037730638377    0.000000000000000000
16.235    -0.001225515764693984    0.000075407909810842    0.000000000000000000    0.003048368648634475    -0.001461893408003304    0.000000000000000000
16.240    -0.001224672648581909    0.000073535916169923    0.000000000000000000    0.002960700060516269    -0.001454622680225866    0.000000000000000000
16.245    -0.001223755514968322    0.000071627556961997    0.000000000000000000    0.003125287260765178    -0.001236739900754326    0.000000000000000000
16.250    -0.001222760249173215    0.000069688279256553    0.000000000000000000    0.002854824105794074    -0.001294341179261483    0.000000000000000000
16.255    -0.001221693612775464    0.000067716643021628    0.000000000000000000    0.002850117957024778    -0.001540141151983618    0.000000000000000000
16.260    -0.001220555723428787    0.000065706503257902    0.000000000000000000    0.002725286678073938    -0.001655064773570659    0.000000000000000000
16.265    -0.001219349701915158    0.000063654986874838    0.000000000000000000    0.002779382530177302    -0.001674668157161554    0.000000000000000000
16.270    -0.001218074195838275    0.000061561603787844    0.000000000000000000    0.003045413446527145    -0.001739392337183742    0.000000000000000000
16.275    -0.001216722554425228    0.000059424735892421    0.000000000000000000    0.002954491861344513    -0.001366677973039729    0.000000000000000000
16.280    -0.001215297050715648    0.000057253701047672    0.000000000000000000    0.002776054436473899    -0.001235145998298016    0.000000000000000000
16.285    -0.001213802145645156    0.000055051787552965    0.000000000000000000    0.002717441930522729    -0.001360118312636435    0.000000000000000000
16.290    -0.001212239304526401    0.000052815871100443    0.000000000000000000    0.002864437965068717    -0.001371858536082353    0.000000000000000000
16.295    -0.001210604852458519    0.000050545658184518    0.000000000000000000    0.002743071144430120    -0.001422905794130295    0.000000000000000000
16.300    -0.001208901823612027    0.000048239872623740    0.000000000000000000    0.002727827967622526    -0.001491101955861237    0.000000000000000000
16.305    -0.001207130599066344    0.000045896809514066    0.000000000000000000    0.002762891404151785    -0.001377745093951378    0.000000000000000000
16.310    -0.001205290302235557    0.000043519302777043    0.000000000000000000    0.002582132376622789    -0.001304539511505010    0.000000000000000000
16.315    -0.001203385452095354    0.000041109182552232    0.000000000000000000    0.002757655522492991    -0.001125357212193134    0.000000000000000000
16.320    -0.001201411660567090    0.000038670928397116    0.000000000000000000    0.002710271355408148    -0.000988864493746769    0.000000000000000000
16.325    -0.001199370112254940    0.000036207952629657    0.000000000000000000    0.002751640380462689    -0.001035972302389459    0.000000000000000000
16.330    -0.001197259772933278    0.000033719077554638    0.000000000000000000    0.002763865685848771    -0.000922311686953092    0.000000000000000000
16.335    -0.001195080336969470    0.000031207144687445    0.000000000000000000    0.003087326450922426    -0.001120252030270856    0.000000000000000000
16.340    -0.001192823717844390    0.000028667205519495    0.000000000000000000    0.002933766532781795    -0.001333075860641291    0.000000000000000000
16.345    -0.001190493754555989    0.000026093939455030    0.000000000000000000    0.002786123237492541    -0.001390843936812996    0.000000000000000000
16.350    -0.001188094138186652    0.000023485902292144    0.000000000000000000    0.002675131531007166    -0.001410835816876568    0.000000000000000000
16.355    -0.001185627643529039    0.000020842594233836    0.000000000000000000    0.002844087558405081    -0.001442691813875112    0.000000000000000000
16.360    -0.001183090046682466    0.000018163218880181    0.000000000000000000    0.002890445115746529    -0.001297714089886599    0.000000000000000000
16.365    -0.001180480188707999    0.000015451400674279    0.000000000000000000    0.002906832910183968    -0.001196559844140224    0.000000000000000000
16.370    -0.001177797659910778    0.000012709668472273    0.000000000000000000    0.002960637343896177    -0.001175103871951122    0.000000000000000000
16.375    -0.001175041115179959    0.000009938558673469    0.000000000000000000    0.003200843471584322    -0.001058194925462777    0.000000000000000000
16.380    -0.001172204549362351    0.000007140994001528    0.000000000000000000    0.003223981583653016    -0.000885044777797236    0.000000000000000000
16.385    -0.001169287384005151    0.000004321303210143    0.000000000000000000    0.003371201781716612    -0.000636943917373468    0.000000000000000000
16.390    -0.001166285938603409    0.000001485688820823    0.000000000000000000    0.003340194158190507    -0.000568049989857047    0.000000000000000000
16.395    -0.001163200988347712    -0.000001364126818244    0.000000000000000000    0.003139986526328603    -0.000218388420866011    0.000000000000000000
16.400    -0.001160037538428856    -0.000004219402167832    0.000000000000000000    0.003271462567077527    0.000321352345553832    0.000000000000000000
16.405    -0.001156792301945824    -0.000007066643708781    0.000000000000000000    0.003361099050061891    0.000587492736662900    0.000000000000000000
16.410    -0.001153463037986540    -0.000009899197931314    0.000000000000000000    0.002854469304241353    0.001252402170015024    0.000000000000000000
16.415    -0.001150062412294650    -0.000012700442099596    0.000000000000000000    0.002527435459887331    0.001726398529263508    0.000000000000000000
16.420    -0.001146598600716263    -0.000015458526304647    0.000000000000000000    0.002490213631021684    0.002038029980338074    0.000000000000000000
16.425    -0.001143072533797100    -0.000018165659760190    0.000000000000000000    0.002069049034403650    0.002459182336398622    0.000000000000000000
16.430    -0.001139494740652077    -0.000020811313657322    0.000000000000000000    0.001734388150494148    0.002822494996188902    0.000000000000000000
16.435    -0.001135873587803292    -0.000023386405179550    0.000000000000000000    0.001594440961535243    0.003214876640351293    0.000000000000000000
16.440    -0.001132212573930469    -0.000025881124785768    0.000000000000000000    0.001311472740163355    0.003695984040846621    0.000000000000000000
16.445    -0.001128518773239141    -0.000028283444790966    0.000000000000000000    0.001269021377330384    0.004070746626130719    0.000000000000000000
16.450    -0.001124793247013380    -0.000030583996130510    0.000000000000000000    0.001307389080294763    0.004476272446392489    0.000000000000000000
16.455    -0.001121035036060612    -0.000032772640658895    0.000000000000000000    0.001317819532343709    0.004662023937789200    0.000000000000000000
16.460    -0.001117243879619535    -0.000034844734588835    0.000000000000000000    0.001147067599941223    0.005158942234847064    0.000000000000000000
16.465    -0.001113424046488460    -0.000036787854962904    0.000000000000000000    0.000937837311828713    0.005469975305424934    0.000000000000000000
16.470    -0.001109580767424588    -0.000038594225954337    0.000000000000000000    0.000805373139046994    0.005467419508651443    0.000000000000000000
16.475    -0.001105717354032241    -0.000040263911458054    0.000000000000000000    0.000763338972829819    0.005448753431891277    0.000000000000000000
16.480    -0.001101834857165573    -0.000041797378125973    0.000000000000000000    0.000549460705242047    0.005527932998180521    0.000000000000000000
16.485    -0.001097938623781274    -0.000043192646468938    0.000000000000000000    0.000688818573221783    0.005504332660128698    0.000000000000000000
16.490    -0.001094025169932645    -0.000044450306495400    0.000000000000000000    0.000616586496287458    0.005319802495954014    0.000000000000000000
16.495    -0.001090096301421608    -0.000045574971459463    0.000000000000000000    0.001017768239174391    0.004882471965302125    0.000000000000000000
16.500    -0.001086141988704592    -0.000046577574624393    0.000000000000000000    0.001252446954333117    0.004717421696246013    0.000000000000000000
16.505    -0.001082156364813717    -0.000047462242246917    0.000000000000000000    0.001093852761008263    0.004638111654585864    0.000000000000000000
16.510    -0.001078143394603817    -0.000048230957078077    0.000000000000000000    0.000953195629319753    0.004518695671219754    0.000000000000000000
16.515    -0.001074106594503185    -0.000048886704517456    0.000000000000000000    0.001338993987978765    0.004319012113689416    0.000000000000000000
16.520    -0.001070036319552853    -0.000049434476653993    0.000000000000000000    0.001647187322919783    0.004211771482296942    0.000000000000000000
16.525    -0.001065924864919447    -0.000049876954503472    0.000000000000000000    0.001440833457891366    0.004230851235266280    0.000000000000000000
16.530    -0.001061777389449595    -0.000050213661072070    0.000000000000000000    0.001351098483431609    0.004323392941887449    0.000000000000000000
16.535    -0.001057596136517657    -0.000050442282817121    0.000000000000000000    0.001048477819686616    0.004496226929756012    0.000000000000000000
16.540    -0.001053388671640226    -0.000050558498888927    0.000000000000000000    0.000920386370416304    0.004660447787372963    0.000000000000000000
16.545    -0.001049158197103536    -0.000050558203766050    0.000000000000000000    0.001179110344440640    0.004676931386726323    0.000000000000000000
16.550    -0.001044898244808234    -0.000050440985358504    0.000000000000000000    0.001367070946662122    0.004606036849054016    0.000000000000000000
16.555    -0.001040604115739265    -0.000050208616029732    0.000000000000000000    0.001345108334681322    0.004784100165793276    0.000000000000000000
16.560    -0.001036276358961930    -0.000049856644196815    0.000000000000000000    0.001417788735910003    0.004735200863747037    0.000000000000000000
16.565    -0.001031913157466197    -0.000049386292342304    0.000000000000000000    0.001270186752921551    0.004734673352522502    0.000000000000000000
16.570    -0.001027518201301641    -0.000048797573653980    0.000000000000000000    0.001221462351376837    0.004586522057098234    0.000000000000000000
16.575    -0.001023092708578300    -0.000048094191914229    0.000000000000000000    0.001307969884614332    0.004291260010786356    0.000000000000000000
16.580    -0.001018634516607844    -0.000047283528674208    0.000000000000000000    0.001057145326416320    0.004149489994916607    0.000000000000000000
16.585    -0.001014149896004228    -0.000046369128184314    0.000000000000000000    0.000890723236852270    0.003949142904702339    0.000000000000000000
16.590    -0.001009643007319690    -0.000045355999121803    0.000000000000000000    0.001145575150296452    0.003790505975180959    0.000000000000000000
16.595    -0.001005107479256395    -0.000044248107409912    0.000000000000000000    0.001269224967938298    0.003476693725452007    0.000000000000000000
16.600    -0.001000540220568902    -0.000043053298354885    0.000000000000000000    0.001101919702159795    0.003186336839451263    0.000000000000000000
16.605    -0.000995945413888854    -0.000041778830878872    0.000000000000000000    0.000728912616697677    0.003188444245778345    0.000000000000000000
16.610    -0.000991332384393389    -0.000040424652296714    0.000000000000000000    0.000787628151484310    0.003097119928495114    0.000000000000000000
16.615    -0.000986699664194137    -0.000038993045716344    0.000000000000000000    0.000827108433002280    0.002894117861280607    0.000000000000000000
16.620    -0.000982046266284060    -0.000037489086189441    0.000000000000000000    0.000582509161973707    0.002929882938391168    0.000000000000000000
16.625    -0.000977378305644933    -0.000035911879589079    0.000000000000000000    0.000532257866479174    0.002908655417716770    0.000000000000000000
16.630    -0.000972697038559145    -0.000034261956603274    0.000000000000000000    0.000469760091026047    0.002561081751500092    0.000000000000000000
16.635    -0.000968004027471081    -0.000032548006573682    0.000000000000000000    0.000347623499499794    0.002527750682726211    0.000000000000000000
16.640    -0.000963302325795529    -0.000030770862777021    0.000000000000000000    0.000486038705125105    0.002450383712231184    0.000000000000000000
16.645    -0.000958588473152350    -0.000028932459387555    0.000000000000000000    0.000539314672799024    0.002295869543481087    0.000000000000000000
16.650    -0.000953861137642350    -0.000027036659259501    0.000000000000000000    0.000564510179898968    0.002354097021193039    0.000000000000000000
16.655    -0.000949119689377853    -0.000025082006705918    0.000000000000000000    0.000499696862239080    0.002121460352836149    0.000000000000000000
16.660    -0.000944365748691800    -0.000023074317643514    0.000000000000000000    0.000390442170521837    0.002219861126209321    0.000000000000000000
16.665    -0.000939602046951484    -0.000021011132052955    0.000000000000000000    0.000261102197276347    0.002328997843422021    0.000000000000000000
16.670    -0.000934831817656236    -0.000018889721516310    0.000000000000000000    0.000124931659609487    0.002101983945011987    0.000000000000000000
16.675    -0.000930058465069498    -0.000016715761381039    0.000000000000000000    0.000217070193590796    0.002260245896459873    0.000000000000000000
16.680    -0.000925279685727920    -0.000014485295098358    0.000000000000000000    0.000352524202385830    0.002148568132732259    0.000000000000000000
16.685    -0.000920492093281282    -0.000012201114612358    0.000000000000000000    0.000195479595765588    0.001842916105551038    0.000000000000000000
16.690    -0.000915699613844750    -0.000009870861223719    0.000000000000000000    0.000057346610008412    0.001720426923546201    0.000000000000000000
16.695    -0.000910905700742968    -0.000007497597161991    0.000000000000000000    -0.000113418213965565    0.001643225307610511    0.000000000000000000
16.700    -0.000906114623096535    -0.000005083252467574    0.000000000000000000    -0.000007648159072206    0.001469333078945286    0.000000000000000000
16.705    -0.000901323736654079    -0.000002632174446182    0.000000000000000000    0.000149087229089906    0.001209823280040306    0.000000000000000000
16.710    -0.000896529123030896    -0.000000150850842790    0.000000000000000000    0.000223699580565069    0.000877605662996130    0.000000000000000000
16.715    -0.000891728916918198    0.000002352412902177    0.000000000000000000    0.000515249224024641    0.000708366317150295    0.000000000000000000
16.720    -0.000886915829574900    0.000004873385805074    0.000000000000000000    0.000636494459829023    0.000568745180362788    0.000000000000000000
16.725    -0.000882086829870107    0.000007408577337479    0.000000000000000000    0.000871116269500483    0.000549964694233870    0.000000000000000000
16.730    -0.000877236052258575    0.000009957517987240    0.000000000000000000    0.000979098133146485    0.000771802693146797    0.000000000000000000
16.735    -0.000872360797193715    0.000012525753704329    0.000000000000000000    0.000699811257749185    0.000534046590854633    0.000000000000000000
16.740    -0.000867468046847412    0.000015107340586190    0.000000000000000000    0.000363482359254721    0.000275172707229709    0.000000000000000000
16.745    -0.000862566209442127    0.000017695806785732    0.000000000000000000    0.000218060989417256    0.000168514754157230    0.000000000000000000
16.750    -0.000857658920512106    0.000020288485854128    0.000000000000000000    0.000193452137781103    0.000251154282466870    0.000000000000000000
16.755    -0.000852746795278641    0.000022887443779585    0.000000000000000000    -0.000067696658712785    0.000378359019157328    0.000000000000000000
16.760    -0.000847836362461644    0.000025495860680521    0.000000000000000000    -0.000008967682030986    0.000419903338365655    0.000000000000000000
16.765    -0.000842926153836697    0.000028114775164917    0.000000000000000000    -0.000122799568695077    0.000452331341573280    0.000000000000000000
16.770    -0.000838019015200968    0.000030744997932851    0.000000000000000000    -0.000271209948448856    0.000351662420766457    0.000000000000000000
16.775    -0.000833118656813951    0.000033384012261305    0.000000000000000000    -0.000042089085012381    0.000423208998682394    0.000000000000000000
16.780    -0.000828219350654058    0.000036033606814726    0.000000000000000000    -0.000128841582732603    0.000569179544938989    0.000000000000000000
16.785    -0.000823323265533734    0.000038697430856771    0.000000000000000000    -0.000091990859118520    0.000698304499193640    0.000000000000000000
16.790    -0.000818429480184888    0.000041378712511295    0.000000000000000000    -0.000516887201230769    0.000663538373325715    0.000000000000000000
16.795    -0.000813548617016072    0.000044076582625152    0.000000000000000000    -0.000881084662035514    0.000754664275385078    0.000000000000000000
16.800    -0.000808689780963808    0.000046793319345895    0.000000000000000000    -0.000978386953307507    0.000703775091103072    0.000000000000000000
16.805    -0.000803855404585376    0.000049527650443914    0.000000000000000000    -0.001219920409646288    0.000752750251063825    0.000000000000000000
16.810    -0.000799051526217185    0.000052280800298210    0.000000000000000000    -0.001127424578747233    0.000886064253486068    0.000000000000000000
16.815    -0.000794275833463463    0.000055056101758844    0.000000000000000000    -0.001206552955523507    0.000913390038582388    0.000000000000000000
16.820    -0.000789530304533629    0.000057854237970442    0.000000000000000000    -0.001076902736490623    0.000837874707140763    0.000000000000000000
16.825    -0.000784811698172207    0.000060673321049718    0.000000000000000000    -0.000897261930076290    0.000802679516891157    0.000000000000000000
16.830    -0.000780115523359037    0.000063512471116917    0.000000000000000000    -0.000639092257717286    0.001026133859459921    0.000000000000000000
16.835    -0.000775435325852311    0.000066377274530602    0.000000000000000000    -0.000390066104642012    0.001291199216992781    0.000000000000000000
16.840    -0.000770764879998200    0.000069274357924712    0.000000000000000000    -0.000171437235050448    0.001532170974393875    0.000000000000000000
16.845    -0.000766098720074965    0.000072209745593182    0.000000000000000000    -0.000031924071480956    0.001731267086574687    0.000000000000000000
16.850    -0.000761433358253518    0.000075188414938816    0.000000000000000000    0.000234077394503131    0.001789245432448432    0.000000000000000000
16.855    -0.000756762144497208    0.000078211815420262    0.000000000000000000    0.000629749422782766    0.002112231159080344    0.000000000000000000
16.860    -0.000752075187005328    0.000081288021680684    0.000000000000000000    0.001031260375961539    0.002349559499392143    0.000000000000000000
16.865    -0.000747362448004049    0.000084422966928592    0.000000000000000000    0.001657711243834188    0.002245005228443116    0.000000000000000000
16.870    -0.000742608266221675    0.000087614037307210    0.000000000000000000    0.002167327435285450    0.002211101858236374    0.000000000000000000
16.875    -0.000737799901253418    0.000090860385232284    0.000000000000000000    0.002458766608938977    0.002394262051629275    0.000000000000000000
16.880    -0.000732930067119938    0.000094166589708649    0.000000000000000000    0.002993562457720769    0.002543534170826420    0.000000000000000000
16.885    -0.000727985393925014    0.000097536382539285    0.000000000000000000    0.003308703344739698    0.002505616753159913    0.000000000000000000
16.890    -0.000722958003146473    0.000100968815788750    0.000000000000000000    0.003481972111951323    0.002585547214262879    0.000000000000000000
16.895    -0.000717843563065132    0.000104465887718571    0.000000000000000000    0.004127453586771045    0.002481930978614328    0.000000000000000000
16.900    -0.000712625936644123    0.000108025007922857    0.000000000000000000    0.004573573296039884    0.002368095314065656    0.000000000000000000
16.905    -0.000707293970890712    0.000111643330509996    0.000000000000000000    0.004890900572231821    0.002000486703002710    0.000000000000000000
16.910    -0.000701839732622995    0.000115311665264709    0.000000000000000000    0.005150193767788046    0.001672400652169732    0.000000000000000000
16.915    -0.000696256739511084    0.000119021810035727    0.000000000000000000    0.005450019967467509    0.001441109645848419    0.000000000000000000
16.920    -0.000690537495899986    0.000122767982547890    0.000000000000000000    0.005489618757929457    0.001165414122565904    0.000000000000000000
16.925    -0.000684681011819940    0.000126543290413118    0.000000000000000000    0.005560134788322804    0.000886901559417038    0.000000000000000000
16.930    -0.000678685524370186    0.000130340770817332    0.000000000000000000    0.005489071735454397    0.000605358333104168    0.000000000000000000
16.935    -0.000672552810127045    0.000134153385179872    0.000000000000000000    0.005049316196235887    0.000372224441308640    0.000000000000000000
16.940    -0.000666293862978999    0.000137975305153446    0.000000000000000000    0.004594637472987717    0.000048910302566938    0.000000000000000000
16.945    -0.000659920049894127    0.000141798447884584    0.000000000000000000    0.004400241949685003    -0.000363876324417948    0.000000000000000000
16.950    -0.000653436230760514    0.000145612493707611    0.000000000000000000    0.004162209558222600    -0.000615701345706154    0.000000000000000000
16.955    -0.000646848356387945    0.000149411146996996    0.000000000000000000    0.003747158108069297    -0.000834294489583881    0.000000000000000000
16.960    -0.000640166803062675    0.000153188942924141    0.000000000000000000    0.003577817830934318    -0.001343787191790055    0.000000000000000000
16.965    -0.000633395804291631    0.000156933144171492    0.000000000000000000    0.003278837452575824    -0.001805210457142938    0.000000000000000000
16.970    -0.000626542834584272    0.000160632215157413    0.000000000000000000    0.003034530274698133    -0.001904544922635499    0.000000000000000000
16.975    -0.000619614001620046    0.000164283672520269    0.000000000000000000    0.002748905834661086    -0.002052308579513287    0.000000000000000000
16.980    -0.000612616446009954    0.000167883822168637    0.000000000000000000    0.002344978939534947    -0.002204807533192016    0.000000000000000000
16.985    -0.000605560265926373    0.000171428851628676    0.000000000000000000    0.001939351627201595    -0.002279223994252830    0.000000000000000000
16.990    -0.000598455602052113    0.000174916900488858    0.000000000000000000    0.001972477187447801    -0.002219665978768362    0.000000000000000000
16.995    -0.000591301626248166    0.000178349457699570    0.000000000000000000    0.002013163091910998    -0.002254079814705120    0.000000000000000000
17.000    -0.000584097321366921    0.000181725662914916    0.000000000000000000    0.002378663137422507    -0.002373567762505155    0.000000000000000000
17.005    -0.000576833549907241    0.000185042528936198    0.000000000000000000    0.002655812500096562    -0.002413150195282581    0.000000000000000000
17.010    -0.000569503383135058    0.000188299066202598    0.000000000000000000    0.002785849948553319    -0.002497878694152338    0.000000000000000000
17.015    -0.000562103570114161    0.000191493156501645    0.000000000000000000    0.003013815879104355    -0.002525363329668184    0.000000000000000000
17.020    -0.000554628411696287    0.000194624112717450    0.000000000000000000    0.002861711332047788    -0.002360161948944135    0.000000000000000000
17.025    -0.000547081710495112    0.000197696064884531    0.000000000000000000    0.002762776687625576    -0.002523856096390111    0.000000000000000000
17.030    -0.000539465939876746    0.000200704920649203    0.000000000000000000    0.002916873107620434    -0.002559886398189942    0.000000000000000000
17.035    -0.000531777247430689    0.000203649779253920    0.000000000000000000    0.002846023212997421    -0.002500889953760974    0.000000000000000000
17.040    -0.000524017404404308    0.000206532115609792    0.000000000000000000    0.003263615978390567    -0.002654511416492642    0.000000000000000000
17.045    -0.000516175970978467    0.000209348089180253    0.000000000000000000    0.003247927970635722    -0.002871819834109448    0.000000000000000000
17.050    -0.000508253339353360    0.000212092267254861    0.000000000000000000    0.003068714021421150    -0.002914586035157596    0.000000000000000000
17.055    -0.000500253989877717    0.000214763580678589    0.000000000000000000    0.003049519959790262    -0.002817067309738523    0.000000000000000000
17.060    -0.000492178402403080    0.000217364467419575    0.000000000000000000    0.002692118933850067    -0.002701242563129440    0.000000000000000000
17.065    -0.000484035511955096    0.000219897823096482    0.000000000000000000    0.002374342420829838    -0.002699560332539803    0.000000000000000000
17.070    -0.000475833262946592    0.000222363689765076    0.000000000000000000    0.002112804331571259    -0.002716022185363619    0.000000000000000000
17.075    -0.000467578193829798    0.000224761655879035    0.000000000000000000    0.001913724802867119    -0.002864447973714105    0.000000000000000000
17.080    -0.000459275281592933    0.000227088010793652    0.000000000000000000    0.002070998051555747    -0.002821861669925155    0.000000000000000000
17.085    -0.000450920594404778    0.000229343819166520    0.000000000000000000    0.002069159067549439    -0.002709540851868544    0.000000000000000000
17.090    -0.000442514178239935    0.000231531889018092    0.000000000000000000    0.001858321895785182    -0.002310831608716944    0.000000000000000000
17.095    -0.000434061304027698    0.000233662188079446    0.000000000000000000    0.001527762863446757    -0.001763299823433770    0.000000000000000000
17.100    -0.000425570235743874    0.000235748404645214    0.000000000000000000    0.001211177946744673    -0.001293842938231886    0.000000000000000000
17.105    -0.000417048888011381    0.000237802275137526    0.000000000000000000    0.001383070516295694    -0.001052339434877642    0.000000000000000000
17.110    -0.000408492963515982    0.000239829837143967    0.000000000000000000    0.001406463384040577    -0.000679563509031712    0.000000000000000000
17.115    -0.000399901877435981    0.000241840410062681    0.000000000000000000    0.001375670255826175    -0.000359526349441369    0.000000000000000000
17.120    -0.000391276399599584    0.000243841994822660    0.000000000000000000    0.001153319376190690    -0.000155656857385054    0.000000000000000000
17.125    -0.000382622088778783    0.000245839688161203    0.000000000000000000    0.001225734852880900    0.000168457362386722    0.000000000000000000
17.130    -0.000373937134586660    0.000247841592933807    0.000000000000000000    0.001667839344492682    0.000338944302776499    0.000000000000000000
17.135    -0.000365210484410924    0.000249851971313980    0.000000000000000000    0.001699507692291390    0.000554615954293045    0.000000000000000000
17.140    -0.000356441346542881    0.000251876215093010    0.000000000000000000    0.001310835151828362    0.000951193636223712    0.000000000000000000
17.145    -0.000347639437796043    0.000253924238712946    0.000000000000000000    0.000966310110608881    0.001325250454822617    0.000000000000000000
17.150    -0.000338813371296439    0.000256005393594252    0.000000000000000000    0.001002843134491425    0.001614502332567512    0.000000000000000000
17.155    -0.000329962233718473    0.000258126911033873    0.000000000000000000    0.001246382472343613    0.001786724478473889    0.000000000000000000
17.160    -0.000321079936578698    0.000260293096585456    0.000000000000000000    0.001197253603649022    0.002121074243852279    0.000000000000000000
17.165    -0.000312167708098832    0.000262512308993134    0.000000000000000000    0.000787515718912377    0.002550752479246483    0.000000000000000000
17.170    -0.000303235791725993    0.000264795290212794    0.000000000000000000    0.000506965790948895    0.002683258702922218    0.000000000000000000
17.175    -0.000294291201208381    0.000267145352900027    0.000000000000000000    0.000685398793417395    0.003010627989870080    0.000000000000000000
17.180    -0.000285329475720933    0.000269570681287007    0.000000000000000000    0.000691777085279083    0.003211485989449564    0.000000000000000000
17.185    -0.000276350455806353    0.000272076296823723    0.000000000000000000    0.000358526381987693    0.003213238876779208    0.000000000000000000
17.190    -0.000267362472732224    0.000274662243332358    0.000000000000000000    0.000481196816707122    0.003130667412555837    0.000000000000000000
17.195    -0.000258362459737677    0.000277326456526308    0.000000000000000000    0.000746652894761512    0.002942082373081148    0.000000000000000000
17.200    -0.000249343780420760    0.000280064221779584    0.000000000000000000    0.000953055381859840    0.002571428953268996    0.000000000000000000
17.205    -0.000240301274719297    0.000282866272756692    0.000000000000000000    0.001013659377306023    0.002431566931769113    0.000000000000000000
17.210    -0.000231233427533402    0.000285729112907095    0.000000000000000000    0.000911227042529232    0.002072693057310424    0.000000000000000000
17.215    -0.000222142799671443    0.000288643770383930    0.000000000000000000    0.000871300186363342    0.001791657599065598    0.000000000000000000
17.220    -0.000213030389304826    0.000291603219300741    0.000000000000000000    0.001188827116769880    0.001736149944885079    0.000000000000000000
17.225    -0.000203888258260289    0.000294606071966175    0.000000000000000000    0.001384744918775426    0.001752379833303529    0.000000000000000000
17.230    -0.000194711508592782    0.000297652734127442    0.000000000000000000    0.001353665411590356    0.001792913977441499    0.000000000000000000
17.235    -0.000185500917289986    0.000300744219138144    0.000000000000000000    0.001401563881285031    0.001700521128889486    0.000000000000000000
17.240    -0.000176255286890158    0.000303878217177069    0.000000000000000000    0.001244979087602297    0.001397731335187058    0.000000000000000000
17.245    -0.000166978532013140    0.000307047158499373    0.000000000000000000    0.001010962824139717    0.001212826156679093    0.000000000000000000
17.250    -0.000157676503065518    0.000310246420475595    0.000000000000000000    0.000709525069283838    0.000929308713705848    0.000000000000000000
17.255    -0.000148356735991164    0.000313468915169659    0.000000000000000000    0.000410655685683650    0.000811543220688785    0.000000000000000000
17.260    -0.000139026702524668    0.000316711698444240    0.000000000000000000    0.000350776665765211    0.000850851931820818    0.000000000000000000
17.265    -0.000129687899641528    0.000319975753017117    0.000000000000000000    0.000565489811330281    0.000837824852314550    0.000000000000000000
17.270    -0.000120334959513105    0.000323260753211301    0.000000000000000000    0.000726011165305164    0.000783063426837861    0.000000000000000000
17.275    -0.000110963869105549    0.000326565329991157    0.000000000000000000    0.000800979626552531    0.000496276486071454    0.000000000000000000
17.280    -0.000101572754207329    0.000329882313683164    0.000000000000000000    0.000758653143107533    0.000178449511604138    0.000000000000000000
17.285    -0.000092162672980531    0.000333203758612962    0.000000000000000000    0.000419767260534387    -0.000040834224313523    0.000000000000000000
17.290    -0.000082742097572221    0.000336524182687151    0.000000000000000000    0.000038034245534958    -0.000362817447082091    0.000000000000000000
17.295    -0.000073320571307771    0.000339835536325164    0.000000000000000000    -0.000201205397105269    -0.000660541406565397    0.000000000000000000
17.300    -0.000063904075178250    0.000343130376428012    0.000000000000000000    -0.000585081671946219    -0.001007518108540797    0.000000000000000000
17.305    -0.000054502206090527    0.000346400028578147    0.000000000000000000    -0.000751102493523332    -0.001109246158474252    0.000000000000000000
17.310    -0.000045119114565142    0.000349641949574320    0.000000000000000000    -0.000789520798656379    -0.001318069628869229    0.000000000000000000
17.315    -0.000035755761059723    0.000352850918829772    0.000000000000000000    -0.000658497717921517    -0.001818467736062340    0.000000000000000000
17.320    -0.000026408869997253    0.000356014426391821    0.000000000000000000    -0.000645601924156804    -0.002197873122241831    0.000000000000000000
17.325    -0.000017078118982887    0.000359122987125815    0.000000000000000000    -0.000807492932849968    -0.002401009190438307    0.000000000000000000
17.330    -0.000007767555291841    0.000362171522630048    0.000000000000000000    -0.000871522357899203    -0.002563458156373214    0.000000000000000000
17.335    0.000001521220340256    0.000365155971680371    0.000000000000000000    -0.000858553097040198    -0.002837452291065169    0.000000000000000000
17.340    0.000010788532144928    0.000368069484423418    0.000000000000000000    -0.000699777474660621    -0.003258470530191106    0.000000000000000000
17.345    0.000020038349512733    0.000370901535403210    0.000000000000000000    -0.000895527359419016    -0.003565292998036068    0.000000000000000000
17.350    0.000029265778696553    0.000373644454058051    0.000000000000000000    -0.001063886550548780    -0.003753917645712458    0.000000000000000000
17.355    0.000038466610716609    0.000376293524771750    0.000000000000000000    -0.000988532270110011    -0.003762806697609356    0.000000000000000000
17.360    0.000047642729429912    0.000378848525318008    0.000000000000000000    -0.001325848782024745    -0.003966879555483780    0.000000000000000000
17.365    0.000056785701923665    0.000381304353875379    0.000000000000000000    -0.001548502970477909    -0.004251403217558122    0.000000000000000000
17.370    0.000065889961843156    0.000383653897352311    0.000000000000000000    -0.002268738028423463    -0.004333805365473557    0.000000000000000000
17.375    0.000074937503311936    0.000385895095695106    0.000000000000000000    -0.002647829048626127    -0.004322530122212800    0.000000000000000000
17.380    0.000083918849054500    0.000388028230784846    0.000000000000000000    -0.002541140492559211    -0.004079940470939989    0.000000000000000000
17.385    0.000092836666284751    0.000390059367362812    0.000000000000000000    -0.002579960115696423    -0.004150148711389631    0.000000000000000000
17.390    0.000101689984512109    0.000391986750222994    0.000000000000000000    -0.002621855722377033    -0.004132764460525705    0.000000000000000000
17.395    0.000110477756346408    0.000393810813971662    0.000000000000000000    -0.002924555288880376    -0.004040269778783374    0.000000000000000000
17.400    0.000119192414298484    0.000395533870975861    0.000000000000000000    -0.003021694902186111    -0.003931080747104302    0.000000000000000000
17.405    0.000127831529878006    0.000397158650961383    0.000000000000000000    -0.003243777831717760    -0.003569738387851872    0.000000000000000000
17.410    0.000136389551011735    0.000398694187487208    0.000000000000000000    -0.003451419916561827    -0.003289498169529136    0.000000000000000000
17.415    0.000144861286647550    0.000400147486558794    0.000000000000000000    -0.003700799824053269    -0.002909185399455061    0.000000000000000000
17.420    0.000153240502287764    0.000401528055995395    0.000000000000000000    -0.003735121112854707    -0.002659011511998294    0.000000000000000000
17.425    0.000161526339900156    0.000402842150144195    0.000000000000000000    -0.003517606004658537    -0.002626761398650222    0.000000000000000000
17.430    0.000169724237362432    0.000404090575258029    0.000000000000000000    -0.003570855957368618    -0.002370835731227514    0.000000000000000000
17.435    0.000177832863425774    0.000405279729478583    0.000000000000000000    -0.003725550462592821    -0.002278664531748294    0.000000000000000000
17.440    0.000185848350727551    0.000406411917085843    0.000000000000000000    -0.003532376389635489    -0.002334413235563493    0.000000000000000000
17.445    0.000193775528619587    0.000407485744362213    0.000000000000000000    -0.002813964809215324    -0.002480915333650906    0.000000000000000000
17.450    0.000201632357391392    0.000408497548755243    0.000000000000000000    -0.002212528153844144    -0.002600687210177824    0.000000000000000000
17.455    0.000209433872959351    0.000409444335968018    0.000000000000000000    -0.002485352533529266    -0.002515048085408294    0.000000000000000000
17.460    0.000217173254713973    0.000410328246978658    0.000000000000000000    -0.002594423889484571    -0.002555375170098552    0.000000000000000000
17.465    0.000224847775871357    0.000411148273610045    0.000000000000000000    -0.002486524342835755    -0.002573373680324169    0.000000000000000000
17.470    0.000232460133920170    0.000411903965899424    0.000000000000000000    -0.002535218186034902    -0.002739409786555250    0.000000000000000000
17.475    0.000240009111514332    0.000412591172944139    0.000000000000000000    -0.002718940182229890    -0.002705760479915567    0.000000000000000000
17.480    0.000247490115603939    0.000413210735976857    0.000000000000000000    -0.002867893804331476    -0.002764030388659623    0.000000000000000000
17.485    0.000254899422348437    0.000413761198249858    0.000000000000000000    -0.002678821699082790    -0.002664323929687205    0.000000000000000000
17.490    0.000262241758550458    0.000414245052424617    0.000000000000000000    -0.002425492936005292    -0.002615906723190970    0.000000000000000000
17.495    0.000269523457429079    0.000414663508931296    0.000000000000000000    -0.002187379572020365    -0.002681501777368825    0.000000000000000000
17.500    0.000276750471818400    0.000415014927893540    0.000000000000000000    -0.001972683323181283    -0.002602966689805881    0.000000000000000000
17.505    0.000283928169124641    0.000415301272688540    0.000000000000000000    -0.002094974028902900    -0.002638676592590233    0.000000000000000000
17.510    0.000291053492080160    0.000415521650568725    0.000000000000000000    -0.002232890551246043    -0.002560667548277048    0.000000000000000000
17.515    0.000298122992771897    0.000415678011760203    0.000000000000000000    -0.002550350049800379    -0.002407835118605189    0.000000000000000000
17.520    0.000305128734712389    0.000415774177073716    0.000000000000000000    -0.002834971646087543    -0.002208282389359797    0.000000000000000000
17.525    0.000312063602361729    0.000415815135327495    0.000000000000000000    -0.002679888277225869    -0.002132258438754947    0.000000000000000000
17.530    0.000318931472804139    0.000415802787120304    0.000000000000000000    -0.002517030907680552    -0.002108978425024392    0.000000000000000000
17.535    0.000325736417473856    0.000415737714452489    0.000000000000000000    -0.002028953739129612    -0.001993032193771133    0.000000000000000000
17.540    0.000332490638300095    0.000415622815979829    0.000000000000000000    -0.001858408614028445    -0.002118934382805675    0.000000000000000000
17.545    0.000339198398910984    0.000415454944147599    0.000000000000000000    -0.001853271457397370    -0.001977068233031867    0.000000000000000000
17.550    0.000345859827735438    0.000415237645609543    0.000000000000000000    -0.001655415090492940    -0.001851389293523829    0.000000000000000000
17.555    0.000352479871182629    0.000414974062339149    0.000000000000000000    -0.001840190764976213    -0.001715126455752777    0.000000000000000000
17.560    0.000359053909860696    0.000414667600907361    0.000000000000000000    -0.001815908505556872    -0.001596028585779553    0.000000000000000000
17.565    0.000365582550826124    0.000414321238760929    0.000000000000000000    -0.001792974771137965    -0.001563018347764279    0.000000000000000000
17.570    0.000372066367422273    0.000413935801155802    0.000000000000000000    -0.001887541166123961    -0.001369555705816195    0.000000000000000000
17.575    0.000378502995489269    0.000413516124658031    0.000000000000000000    -0.001488107823053881    -0.001415113068646296    0.000000000000000000
17.580    0.000384902420860689    0.000413061070333543    0.000000000000000000    -0.001257329254663198    -0.001384579200220011    0.000000000000000000
17.585    0.000391270413000743    0.000412571401529049    0.000000000000000000    -0.000941055054444039    -0.001157547522636932    0.000000000000000000
17.590    0.000397614878764435    0.000412052794036490    0.000000000000000000    -0.000797139749258904    -0.001117403988476050    0.000000000000000000
17.595    0.000403939416034396    0.000411506251444219    0.000000000000000000    -0.000955374035976203    -0.000737624113371447    0.000000000000000000
17.600    0.000410240068953458    0.000410941268249113    0.000000000000000000    -0.000942361913179850    -0.000590618981725216    0.000000000000000000
17.605    0.000416517162824690    0.000410361519579464    0.000000000000000000    -0.001324834087153108    -0.000279854204337203    0.000000000000000000
17.610    0.000422761135843743    0.000409774774554707    0.000000000000000000    -0.001721847701701903    0.000015954509811813    0.000000000000000000
17.615    0.000428962062670253    0.000409188428392695    0.000000000000000000    -0.001659648866214440    0.000107154002585048    0.000000000000000000
17.620    0.000435121498275109    0.000408604761080748    0.000000000000000000    -0.001709883176441614    0.000682583584492042    0.000000000000000000
17.625    0.000441238186800553    0.000408038158358413    0.000000000000000000    -0.002057230669306326    0.001034126722004435    0.000000000000000000
17.630    0.000447303444559264    0.000407497408804129    0.000000000000000000    -0.002060925236137615    0.001178862604250732    0.000000000000000000
17.635    0.000453317179187072    0.000406986130814950    0.000000000000000000    -0.001940095202548290    0.001255081906305442    0.000000000000000000
17.640    0.000459282411434817    0.000406506229873429    0.000000000000000000    -0.001501857304995330    0.001412557726629751    0.000000000000000000
17.645    0.000465210097249936    0.000406061642875074    0.000000000000000000    -0.001256477930079453    0.001625301082820892    0.000000000000000000
17.650    0.000471106371116804    0.000405657688403789    0.000000000000000000    -0.001108977453062598    0.001390092852875113    0.000000000000000000
17.655    0.000476974920547345    0.000405288486253827    0.000000000000000000    -0.001220492953763440    0.001371382144031274    0.000000000000000000
17.660    0.000482812957654042    0.000404953568657465    0.000000000000000000    -0.001204535416993602    0.001227049803926086    0.000000000000000000
17.665    0.000488620881375314    0.000404649327306201    0.000000000000000000    -0.001297383728083960    0.001092509674287864    0.000000000000000000
17.670    0.000494396370503384    0.000404372398696794    0.000000000000000000    -0.001466285884182093    0.001164204812375939    0.000000000000000000
17.675    0.000500135202484349    0.000404124575207697    0.000000000000000000    -0.001457873095951287    0.001006200976191429    0.000000000000000000
17.680    0.000505837587637916    0.000403901906743005    0.000000000000000000    -0.001286998078412968    0.001091388535934268    0.000000000000000000
17.685    0.000511507797839522    0.000403706522991711    0.000000000000000000    -0.001178482368423099    0.000776222146708656    0.000000000000000000
17.690    0.000517148545981918    0.000403530544794084    0.000000000000000000    -0.001209423973356702    0.000949045397815804    0.000000000000000000
17.695    0.000522759058524979    0.000403378292731403    0.000000000000000000    -0.001318458937916468    0.001250946100456174    0.000000000000000000
17.700    0.000528336609594593    0.000403257314321234    0.000000000000000000    -0.001555700015610888    0.001012137911837220    0.000000000000000000
17.705    0.000533875268163817    0.000403161639358860    0.000000000000000000    -0.001569724090476690    0.001024225752392117    0.000000000000000000
17.710    0.000539374683630779    0.000403091570040296    0.000000000000000000    -0.001598179802052811    0.001073433652759408    0.000000000000000000
17.715    0.000544834144602689    0.000403048336563051    0.000000000000000000    -0.001848425036721571    0.001149000242940852    0.000000000000000000
17.720    0.000550247394948681    0.000403033828091880    0.000000000000000000    -0.002262988416249292    0.001338851132271033    0.000000000000000000
17.725    0.000555604070584267    0.000403052790899016    0.000000000000000000    -0.003004121009396975    0.001283957461041367    0.000000000000000000
17.730    0.000560885643194618    0.000403103852642677    0.000000000000000000    -0.003567934340892309    0.001309506686109855    0.000000000000000000
17.735    0.000566078017446447    0.000403187652053491    0.000000000000000000    -0.003502382585913316    0.001279280812478602    0.000000000000000000
17.740    0.000571182832133628    0.000403303433484618    0.000000000000000000    -0.003648489641200174    0.001489572116417093    0.000000000000000000
17.745    0.000576196434579779    0.000403456454218654    0.000000000000000000    -0.003536007861472054    0.001666833318676644    0.000000000000000000
17.750    0.000581121636829394    0.000403651145785658    0.000000000000000000    -0.003621471031207621    0.001943596539067186    0.000000000000000000
17.755    0.000585956302303228    0.000403894427266138    0.000000000000000000    -0.004091265986875224    0.002313098505922918    0.000000000000000000
17.760    0.000590688686127390    0.000404195536209266    0.000000000000000000    -0.004355101168337754    0.002492005341484405    0.000000000000000000
17.765    0.000595312192422343    0.000404558945285932    0.000000000000000000    -0.004896608858649155    0.002512991635957463    0.000000000000000000
17.770    0.000599813283495831    0.000404985179153496    0.000000000000000000    -0.005080520051191535    0.002656655329802329    0.000000000000000000
17.775    0.000604187361568039    0.000405477829404305    0.000000000000000000    -0.005385522678707719    0.002750534877891692    0.000000000000000000
17.780    0.000608426801573279    0.000406039243027062    0.000000000000000000    -0.005409197548346227    0.002432947813727371    0.000000000000000000
17.785    0.000612531011639810    0.000406661480345162    0.000000000000000000    -0.005106210789478267    0.002307499601744093    0.000000000000000000
17.790    0.000616507566436604    0.000407341405153306    0.000000000000000000    -0.004635321034234148    0.002090131364202667    0.000000000000000000
17.795    0.000620368238207543    0.000408073583245554    0.000000000000000000    -0.004663772078640840    0.001658883857127546    0.000000000000000000
17.800    0.000624112315676515    0.000408847233434231    0.000000000000000000    -0.004733348886432585    0.001189200086941337    0.000000000000000000
17.805    0.000627738059423327    0.000409650613625081    0.000000000000000000    -0.004584923303358433    0.001347760978935748    0.000000000000000000
17.810    0.000631249180087555    0.000410487687840405    0.000000000000000000    -0.004424493873240315    0.001053646305714234    0.000000000000000000
17.815    0.000634649688404951    0.000411351103213371    0.000000000000000000    -0.004456153596065458    0.000896208716258048    0.000000000000000000
17.820    0.000637938792882447    0.000412236923804244    0.000000000000000000    -0.004533097561001953    0.000916283965492291    0.000000000000000000
17.825    0.000641114569920917    0.000413145651494255    0.000000000000000000    -0.004533952820181403    0.000776246704269502    0.000000000000000000
17.830    0.000644176998138882    0.000414073785351872    0.000000000000000000    -0.004575864307027576    0.000886782971407617    0.000000000000000000
17.835    0.000647125029749172    0.000415024088783774    0.000000000000000000    -0.004309981426254585    0.000660738539196796    0.000000000000000000
17.840    0.000649965311823805    0.000415990910679156    0.000000000000000000    -0.003913279819195946    0.000458392963515516    0.000000000000000000
17.845    0.000652707761902959    0.000416969192398626    0.000000000000000000    -0.003539447232521302    0.000354473709950759    0.000000000000000000
17.850    0.000655361725801299    0.000417956335960845    0.000000000000000000    -0.003611875034701534    0.000465463053679876    0.000000000000000000
17.855    0.000657925392823772    0.000418955116099406    0.000000000000000000    -0.003774127821801546    0.000545143259529039    0.000000000000000000
17.860    0.000660394706650700    0.000419967524819455    0.000000000000000000    -0.004044155219387613    0.000431711511322472    0.000000000000000000
17.865    0.000662762916597144    0.000420990726327287    0.000000000000000000    -0.004081339156193978    0.000228445441057858    0.000000000000000000
17.870    0.000665029093064682    0.000422019638971145    0.000000000000000000    -0.003852651181890029    0.000228300600206306    0.000000000000000000
17.875    0.000667198953252673    0.000423054259130009    0.000000000000000000    -0.003677894622753156    0.000192161530316454    0.000000000000000000
17.880    0.000669276866075095    0.000424093683327130    0.000000000000000000    -0.003388474477871925    0.000352739449452962    0.000000000000000000
17.885    0.000671270067035571    0.000425141926010488    0.000000000000000000    -0.003022813252948585    0.000338964796656530    0.000000000000000000
17.890    0.000673187697664723    0.000426198642813763    0.000000000000000000    -0.002906323486092516    0.000063726655905386    0.000000000000000000
17.895    0.000675032670206722    0.000427256952783435    0.000000000000000000    -0.002612368837687749    0.000004161726629547    0.000000000000000000
17.900    0.000676812333527780    0.000428315366796272    0.000000000000000000    -0.002099425858992365    0.000083967876488705    0.000000000000000000
17.905    0.000678539511202362    0.000429375880006022    0.000000000000000000    -0.001956020958910828    0.000246953493598500    0.000000000000000000
17.910    0.000680217788352972    0.000430442567053112    0.000000000000000000    -0.001721223061175968    0.000163525988388334    0.000000000000000000
17.915    0.000681853034927052    0.000431513342249912    0.000000000000000000    -0.001395037292797711    0.000084148968142964    0.000000000000000000
17.920    0.000683453405568812    0.000432586221170915    0.000000000000000000    -0.001259495438173976    -0.000028461238797597    0.000000000000000000
17.925    0.000685022288824618    0.000433658388560948    0.000000000000000000    -0.001245915211712384    -0.000099322244779838    0.000000000000000000
17.930    0.000686560024200132    0.000434728072894862    0.000000000000000000    -0.001228717960398418    -0.000136171721708874    0.000000000000000000
17.935    0.000688067041626635    0.000435794352935733    0.000000000000000000    -0.001051194043221772    -0.000135954836171567    0.000000000000000000
17.940    0.000689547779202058    0.000436857234105700    0.000000000000000000    -0.001050981901398566    -0.000101877215801915    0.000000000000000000
17.945    0.000691002242229945    0.000437917568345271    0.000000000000000000    -0.001292703182957135    -0.000196619853063892    0.000000000000000000
17.950    0.000692424387678259    0.000438972987088516    0.000000000000000000    -0.001919732389322332    -0.000455636856395644    0.000000000000000000
17.955    0.000693798539816840    0.000440017014910351    0.000000000000000000    -0.002005825612155267    -0.000467827042823204    0.000000000000000000
17.960    0.000695122546315117    0.000441049347056116    0.000000000000000000    -0.001989777657948437    -0.000376899198606482    0.000000000000000000
17.965    0.000696396808371945    0.000442072256721915    0.000000000000000000    -0.002158297730770961    -0.000422528952969455    0.000000000000000000
17.970    0.000697617112985504    0.000443084603163891    0.000000000000000000    -0.002213703392331401    -0.000380245230580112    0.000000000000000000
17.975    0.000698782075014255    0.000444087443475101    0.000000000000000000    -0.002502753385525552    -0.000627556399626032    0.000000000000000000
17.980    0.000699884468208367    0.000445074594876321    0.000000000000000000    -0.002671327967089347    -0.000994205402548957    0.000000000000000000
17.985    0.000700920078203302    0.000446036891142478    0.000000000000000000    -0.002898182187844982    -0.000990532341674406    0.000000000000000000
17.990    0.000701883233643541    0.000446974424100092    0.000000000000000000    -0.003432368891344816    -0.001015701834386224    0.000000000000000000
17.995    0.000702760579861497    0.000447886564511847    0.000000000000000000    -0.003715373367309781    -0.001040150184577343    0.000000000000000000
18.000    0.000703545041745270    0.000448772701168987    0.000000000000000000    -0.003731413575074234    -0.001104017220525388    0.000000000000000000
18.005    0.000704236218289666    0.000449631237395615    0.000000000000000000    -0.003693231367769487    -0.001214467399784057    0.000000000000000000
18.010    0.000704835064049867    0.000450459411937247    0.000000000000000000    -0.003857290839077120    -0.001465183744268472    0.000000000000000000
18.015    0.000705337477539092    0.000451250956885273    0.000000000000000000    -0.004087203090280545    -0.001763301488385584    0.000000000000000000
18.020    0.000705737710951060    0.000451998419296089    0.000000000000000000    -0.004039249320211130    -0.001587285717525103    0.000000000000000000
18.025    0.000706036963130022    0.000452706199563968    0.000000000000000000    -0.004007921895455256    -0.001549154561642559    0.000000000000000000
18.030    0.000706236017261598    0.000453375250967805    0.000000000000000000    -0.003968669526456872    -0.001692287835677788    0.000000000000000000
18.035    0.000706335854655013    0.000454001995175750    0.000000000000000000    -0.003779076159140388    -0.001494971254675966    0.000000000000000000
18.040    0.000706341215144449    0.000454591365102328    0.000000000000000000    -0.003613511225849381    -0.001312931721124573    0.000000000000000000
18.045    0.000706256237853239    0.000455147911735878    0.000000000000000000    -0.003810201438738010    -0.001235157176368747    0.000000000000000000
18.050    0.000706076005526060    0.000455673579440019    0.000000000000000000    -0.004005253583321509    -0.001026993022917259    0.000000000000000000
18.055    0.000705795641859299    0.000456173572318587    0.000000000000000000    -0.004443992228900413    -0.000843272309500407    0.000000000000000000
18.060    0.000705404178386815    0.000456652483389418    0.000000000000000000    -0.004606123394724007    -0.000567885018480305    0.000000000000000000
18.065    0.000704897561829462    0.000457117197334786    0.000000000000000000    -0.004361095722175447    -0.000380225952678354    0.000000000000000000
18.070    0.000704281917879056    0.000457572405631338    0.000000000000000000    -0.004327410259908661    -0.000154380265183964    0.000000000000000000
18.075    0.000703558088672151    0.000458023754421260    0.000000000000000000    -0.004443300302007028    -0.000204057112533195    0.000000000000000000
18.080    0.000702723176957697    0.000458470001783368    0.000000000000000000    -0.004438403602728333    -0.000261011748037537    0.000000000000000000
18.085    0.000701777305153174    0.000458909723851776    0.000000000000000000    -0.004097715608402178    -0.000022185378120102    0.000000000000000000
18.090    0.000700728990458441    0.000459348891285730    0.000000000000000000    -0.004089177823283531    0.000258692988207125    0.000000000000000000
18.095    0.000699578446318127    0.000459794526044390    0.000000000000000000    -0.004079140840354718    0.000370851401616714    0.000000000000000000
18.100    0.000698325923656803    0.000460249432088090    0.000000000000000000    -0.003966773753378422    0.000655325184154790    0.000000000000000000
18.105    0.000696974231651645    0.000460720721261395    0.000000000000000000    -0.003832246520335883    0.000536296753273630    0.000000000000000000
18.110    0.000695526733483478    0.000461205417853531    0.000000000000000000    -0.004041537057159796    0.000555839261258753    0.000000000000000000
18.115    0.000693978196888883    0.000461704010427198    0.000000000000000000    -0.004017597099725823    0.000471384032038093    0.000000000000000000
18.120    0.000692329220366794    0.000462214387601666    0.000000000000000000    -0.004041084021113618    0.000496365742080722    0.000000000000000000
18.125    0.000690579216744177    0.000462737173919687    0.000000000000000000    -0.003714010797799434    0.000549860114625652    0.000000000000000000
18.130    0.000688736362851616    0.000463273706740573    0.000000000000000000    -0.003116571423811103    0.000437850638736366    0.000000000000000000
18.135    0.000686815594673459    0.000463821185827427    0.000000000000000000    -0.003281645866810498    0.000718084697348773    0.000000000000000000
18.140    0.000684812785348632    0.000464386617031715    0.000000000000000000    -0.003322484847852886    0.000808291244526471    0.000000000000000000
18.145    0.000682726913902609    0.000464972255517117    0.000000000000000000    -0.003352267335153883    0.001143067571308248    0.000000000000000000
18.150    0.000680557235773206    0.000465586470691801    0.000000000000000000    -0.003233827327556345    0.001467796959587521    0.000000000000000000
18.155    0.000678306711960615    0.000466237380790474    0.000000000000000000    -0.003179803358759579    0.001526398462272250    0.000000000000000000
18.160    0.000675976693064055    0.000466926450850705    0.000000000000000000    -0.003301346042780193    0.001425673740653322    0.000000000000000000
18.165    0.000673564140516425    0.000467651162754452    0.000000000000000000    -0.003259503731380640    0.001071081500163447    0.000000000000000000
18.170    0.000671070100375511    0.000468402651695703    0.000000000000000000    -0.003169774680676293    0.001011732229437654    0.000000000000000000
18.175    0.000668496815867580    0.000469179433942690    0.000000000000000000    -0.002917300845738796    0.001059484399019463    0.000000000000000000
18.180    0.000665850598838506    0.000469982703299652    0.000000000000000000    -0.002877396920700388    0.000909848674322984    0.000000000000000000
18.185    0.000663132446886414    0.000470808718873472    0.000000000000000000    -0.002797009540913761    0.000652206445796947    0.000000000000000000
18.190    0.000660344369695799    0.000471651039608438    0.000000000000000000    -0.002672927959038174    0.000717646712450858    0.000000000000000000
18.195    0.000657489469306208    0.000472511301511214    0.000000000000000000    -0.002749545004762481    0.000755334316757724    0.000000000000000000
18.200    0.000654565830291498    0.000473390446771910    0.000000000000000000    -0.002796199710659690    0.000567972693328155    0.000000000000000000
18.205    0.000651572286284022    0.000474283791349939    0.000000000000000000    -0.002549715310759537    0.000359076343392235    0.000000000000000000
18.210    0.000648514999393776    0.000475186112836552    0.000000000000000000    -0.002475937016977077    0.000138106200568526    0.000000000000000000
18.215    0.000645395814078106    0.000476091886978180    0.000000000000000000    -0.002458041168389331    -0.000021531132705747    0.000000000000000000
18.220    0.000642215177733227    0.000476997122841490    0.000000000000000000    -0.002144808215580329    -0.000119299483642560    0.000000000000000000
18.225    0.000638980921182958    0.000477899376217709    0.000000000000000000    -0.002165171644891162    -0.000135962044279375    0.000000000000000000
18.230    0.000635692535341566    0.000478798230542821    0.000000000000000000    -0.001990808534673566    -0.000263971587017350    0.000000000000000000
18.235    0.000632354379286808    0.000479690485578258    0.000000000000000000    -0.001659892127606373    -0.000365711918717121    0.000000000000000000
18.240    0.000628974725928860    0.000480573597815727    0.000000000000000000    -0.001448115318838927    -0.000339614071472299    0.000000000000000000
18.245    0.000625558869687941    0.000481448219701409    0.000000000000000000    -0.001545442288235048    -0.000634561153581726    0.000000000000000000
18.250    0.000622104377389815    0.000482306977558251    0.000000000000000000    -0.001632496125299372    -0.000661999334256730    0.000000000000000000
18.255    0.000618609072688558    0.000483149185431737    0.000000000000000000    -0.001454243336177288    -0.000530897966432870    0.000000000000000000
18.260    0.000615077411903896    0.000483978120856062    0.000000000000000000    -0.001468603035470646    -0.000733018829129385    0.000000000000000000
18.265    0.000611509036043347    0.000484788730809659    0.000000000000000000    -0.001414152949277304    -0.000624595469984369    0.000000000000000000
18.270    0.000607905306359066    0.000485583725876507    0.000000000000000000    -0.001593333949743980    -0.000618292047554082    0.000000000000000000
18.275    0.000604261743326042    0.000486363263642165    0.000000000000000000    -0.001476656263463966    -0.000763728782945429    0.000000000000000000
18.280    0.000600581263886431    0.000487123708188250    0.000000000000000000    -0.001538298770031865    -0.000464407684255212    0.000000000000000000
18.285    0.000596862326977569    0.000487872542542228    0.000000000000000000    -0.001346357492472416    -0.000152270180188777    0.000000000000000000
18.290    0.000593109731131395    0.000488617570141702    0.000000000000000000    -0.001482495063619138    -0.000040969634924198    0.000000000000000000
18.295    0.000589320072908631    0.000489361573500303    0.000000000000000000    -0.001721582866633965    0.000013234409106805    0.000000000000000000
18.300    0.000585487375114201    0.000490105907719131    0.000000000000000000    -0.001701871812274068    -0.000004827388710126    0.000000000000000000
18.305    0.000581612130524464    0.000490850121253242    0.000000000000000000    -0.001776580480046183    -0.000036555327246127    0.000000000000000000
18.310    0.000577692471422726    0.000491593420904171    0.000000000000000000    -0.001566669568064775    -0.000070233397105914    0.000000000000000000
18.315    0.000573733645581787    0.000492334964720173    0.000000000000000000    -0.001641548016679921    -0.000091208307521212    0.000000000000000000
18.320    0.000569733781040430    0.000493074228328486    0.000000000000000000    -0.001829206475565011    -0.000082011781931540    0.000000000000000000
18.325    0.000565688186337185    0.000493811441642252    0.000000000000000000    -0.001561410649872363    -0.000219846983118277    0.000000000000000000
18.330    0.000561603556367692    0.000494543158781439    0.000000000000000000    -0.001388808203947080    -0.000328111210315223    0.000000000000000000
18.335    0.000557484206193101    0.000495266673140369    0.000000000000000000    -0.001307162389102903    -0.000503558533915954    0.000000000000000000
18.340    0.000553332176958782    0.000495977598535950    0.000000000000000000    -0.001156222262147476    -0.000650736938227932    0.000000000000000000
18.345    0.000549151242167910    0.000496672255508076    0.000000000000000000    -0.000942599098141192    -0.000722161248084205    0.000000000000000000
18.350    0.000544946742399584    0.000497348858449000    0.000000000000000000    -0.000873218481797951    -0.001140216968967267    0.000000000000000000
18.355    0.000540720412169213    0.000497996955965700    0.000000000000000000    -0.001002403827413297    -0.001102995618022275    0.000000000000000000
18.360    0.000536469021843157    0.000498617478591949    0.000000000000000000    -0.001039037291002305    -0.001120021355335322    0.000000000000000000
18.365    0.000532191655584825    0.000499210000684315    0.000000000000000000    -0.000971800513506829    -0.001282970552613123    0.000000000000000000
18.370    0.000527889994313657    0.000499770448512865    0.000000000000000000    -0.000992219013782811    -0.001303105744425610    0.000000000000000000
18.375    0.000523563527567143    0.000500298318697805    0.000000000000000000    -0.000969416607253006    -0.001459229177812674    0.000000000000000000
18.380    0.000519212825405448    0.000500789708153300    0.000000000000000000    -0.000597169334359653    -0.001539566572292608    0.000000000000000000
18.385    0.000514847194010394    0.000501242608444487    0.000000000000000000    -0.000436768072230309    -0.001273693213529534    0.000000000000000000
18.390    0.000510470643413535    0.000501663666405336    0.000000000000000000    -0.000503494957289352    -0.001535165501504419    0.000000000000000000
18.395    0.000506081505442743    0.000502046345228647    0.000000000000000000    -0.000550379724989503    -0.001365365763636092    0.000000000000000000
18.400    0.000501678607978826    0.000502394889907867    0.000000000000000000    -0.000766584620816302    -0.001271994166853613    0.000000000000000000
18.405    0.000497256545899389    0.000502711634732916    0.000000000000000000    -0.000918401585636199    -0.001387783557529020    0.000000000000000000
18.410    0.000492811523780311    0.000502993684969027    0.000000000000000000    -0.000672021231279928    -0.001503690737099384    0.000000000000000000
18.415    0.000488349701130451    0.000503238142936711    0.000000000000000000    -0.000588332923516163    -0.001662877362777412    0.000000000000000000
18.420    0.000483873170157504    0.000503441028970325    0.000000000000000000    -0.000465177383075950    -0.001737477454528090    0.000000000000000000
18.425    0.000479385009749979    0.000503600478067575    0.000000000000000000    -0.000310704540771971    -0.001930851817807944    0.000000000000000000
18.430    0.000474889081728935    0.000503711655869381    0.000000000000000000    -0.000228759018472760    -0.002344280302067625    0.000000000000000000
18.435    0.000470387434732429    0.000503764226663635    0.000000000000000000    -0.000094843055293073    -0.002785481688881430    0.000000000000000000
18.440    0.000465883416659541    0.000503747160415666    0.000000000000000000    -0.000075606846621119    -0.003272992026679029    0.000000000000000000
18.445    0.000461377508415487    0.000503648269367031    0.000000000000000000    0.000023094480167216    -0.003686138809293193    0.000000000000000000
18.450    0.000456872177533438    0.000503457224848164    0.000000000000000000    -0.000204837363455661    -0.003799811841807832    0.000000000000000000
18.455    0.000452361725717302    0.000503171185033251    0.000000000000000000    -0.000166297263904259    -0.004019107975876575    0.000000000000000000
18.460    0.000447847116469568    0.000502784667518941    0.000000000000000000    0.000110178345455372    -0.003958418563305630    0.000000000000000000
18.465    0.000443335261680471    0.000502299189540549    0.000000000000000000    0.000162712553185892    -0.004186124547807604    0.000000000000000000
18.470    0.000438827474705204    0.000501709058448462    0.000000000000000000    0.000135323883459614    -0.004393328371975549    0.000000000000000000
18.475    0.000434323070827023    0.000501009094147075    0.000000000000000000    0.000286008923118270    -0.004625760553810324    0.000000000000000000
18.480    0.000429825817171920    0.000500193485831843    0.000000000000000000    0.000565468256980180    -0.004666614714593856    0.000000000000000000
18.485    0.000425342700223241    0.000499261212148746    0.000000000000000000    0.000615962411532230    -0.004630319806585986    0.000000000000000000
18.490    0.000420874982334851    0.000498213180470484    0.000000000000000000    0.000249540468338829    -0.004648844207930450    0.000000000000000000
18.495    0.000416413502958170    0.000497048927687024    0.000000000000000000    0.000155670107193206    -0.004614005625499205    0.000000000000000000
18.500    0.000411955915334168    0.000495769324762927    0.000000000000000000    0.000019605931481179    -0.004549526068809567    0.000000000000000000
18.505    0.000407498817858453    0.000494375983687109    0.000000000000000000    -0.000007850748855263    -0.004263863841898197    0.000000000000000000
18.510    0.000403041524114017    0.000492876046015244    0.000000000000000000    -0.000026714474380459    -0.004051921261489545    0.000000000000000000
18.515    0.000398583562507721    0.000491274810311842    0.000000000000000000    0.000159233219739104    -0.003545376692083539    0.000000000000000000
18.520    0.000394129581731919    0.000489584940191138    0.000000000000000000    0.000747154914172796    -0.003233544999645295    0.000000000000000000
18.525    0.000389694279828971    0.000487814231445442    0.000000000000000000    0.001200725021509221    -0.002800960929045387    0.000000000000000000
18.530    0.000385288996051560    0.000485973498676521    0.000000000000000000    0.001348893794719200    -0.002470931070551463    0.000000000000000000
18.535    0.000380917434619018    0.000484070992630836    0.000000000000000000    0.001688967178048711    -0.001987067680105179    0.000000000000000000
18.540    0.000376588097365927    0.000482118809893148    0.000000000000000000    0.001932611962507207    -0.001615402217044343    0.000000000000000000
18.545    0.000372307075411899    0.000480126242100034    0.000000000000000000    0.002106974079367930    -0.001543284547287326    0.000000000000000000
18.550    0.000368078727809855    0.000478095092193237    0.000000000000000000    0.002224003982065868    -0.001573251001744068    0.000000000000000000
18.555    0.000363905980307362    0.000476024611011397    0.000000000000000000    0.002224719643057708    -0.001815425717602293    0.000000000000000000
18.560    0.000359788850795946    0.000473908744186618    0.000000000000000000    0.002408996395268127    -0.001929578174930582    0.000000000000000000
18.565    0.000355731946194412    0.000471744637907464    0.000000000000000000    0.002710995011220071    -0.001709009549983979    0.000000000000000000
18.570    0.000351742816468158    0.000469537806389562    0.000000000000000000    0.003114324812825749    -0.001873686394865751    0.000000000000000000
18.575    0.000347831544862225    0.000467284132711787    0.000000000000000000    0.003523136314013530    -0.001949224532947578    0.000000000000000000
18.580    0.000344008351664142    0.000464981728420689    0.000000000000000000    0.003873332514552075    -0.002003496626719770    0.000000000000000000
18.585    0.000340281991778923    0.000462629236713923    0.000000000000000000    0.004137218289771219    -0.002150584955764624    0.000000000000000000
18.590    0.000336659062350948    0.000460222980383263    0.000000000000000000    0.004105927131330817    -0.002233835275221741    0.000000000000000000
18.595    0.000333138781101256    0.000457760878170722    0.000000000000000000    0.003781633838811742    -0.002051039603571166    0.000000000000000000
18.600    0.000329713040697535    0.000455247499968092    0.000000000000000000    0.003537208044333134    -0.001963523087438607    0.000000000000000000
18.605    0.000326375730494922    0.000452685033688276    0.000000000000000000    0.003210541045372151    -0.002057758479892362    0.000000000000000000
18.610    0.000323118683818443    0.000450071123446463    0.000000000000000000    0.002869816765733134    -0.001948783446058342    0.000000000000000000
18.615    0.000319933382561108    0.000447408493618498    0.000000000000000000    0.002587633594957825    -0.001686315815249695    0.000000000000000000
18.620    0.000316812772143647    0.000444703705895152    0.000000000000000000    0.002335074716914957    -0.001422181046836866    0.000000000000000000
18.625    0.000313750538594108    0.000441963363645635    0.000000000000000000    0.002195064012699630    -0.001290311674229973    0.000000000000000000
18.630    0.000310743181644887    0.000439190763604263    0.000000000000000000    0.002099151550120307    -0.000921404342479285    0.000000000000000000
18.635    0.000307788303484420    0.000436395128454328    0.000000000000000000    0.001910283548621581    -0.000703866478689048    0.000000000000000000
18.640    0.000304881182412667    0.000433581896642426    0.000000000000000000    0.001531911256057086    -0.000554692990188069    0.000000000000000000
18.645    0.000302012359122316    0.000430754797505770    0.000000000000000000    0.001162086885990454    -0.000336428730624873    0.000000000000000000
18.650    0.000299172588004115    0.000427919287650847    0.000000000000000000    0.000676691766503690    -0.000433605907589930    0.000000000000000000
18.655    0.000296349734180076    0.000425072937648235    0.000000000000000000    0.000746419288328703    -0.000261858613605660    0.000000000000000000
18.660    0.000293545540838246    0.000422220041180283    0.000000000000000000    0.000826121764982857    -0.000304126287929349    0.000000000000000000
18.665    0.000290762000540540    0.000419359541555133    0.000000000000000000    0.000652985293024544    -0.000480661292477993    0.000000000000000000
18.670    0.000287994784875160    0.000416487025397671    0.000000000000000000    0.000454335185033801    -0.000441765824314450    0.000000000000000000
18.675    0.000285238927589405    0.000413603465094601    0.000000000000000000    0.000207851287234179    -0.000472924192055843    0.000000000000000000
18.680    0.000282488266585832    0.000410708081686729    0.000000000000000000    0.000216015838463285    -0.000658240277085290    0.000000000000000000
18.685    0.000279743005978220    0.000407796242271930    0.000000000000000000    0.000292670011656660    -0.000673551942072421    0.000000000000000000
18.690    0.000277005062120899    0.000404867564058580    0.000000000000000000    0.000118494692365537    -0.000974855795280935    0.000000000000000000
18.695    0.000274270080630888    0.000401914514450347    0.000000000000000000    -0.000037554646924783    -0.001247188992454726    0.000000000000000000
18.700    0.000271534160274703    0.000398930285117304    0.000000000000000000    0.000026408501618141    -0.001503336570266803    0.000000000000000000
18.705    0.000268798900131059    0.000395908472370003    0.000000000000000000    -0.000022603356580105    -0.001553820398231178    0.000000000000000000
18.710    0.000266063074903501    0.000392847814112747    0.000000000000000000    -0.000367386232633798    -0.001330941135522720    0.000000000000000000
18.715    0.000263318065020126    0.000389753882327102    0.000000000000000000    -0.000152952644111391    -0.001322733284938628    0.000000000000000000
18.720    0.000260569231320649    0.000386626882209335    0.000000000000000000    0.000082605183073566    -0.001333042913350020    0.000000000000000000
18.725    0.000257822462750749    0.000383466556018733    0.000000000000000000    -0.000098498860279066    -0.001408799871597827    0.000000000000000000
18.730    0.000255073231709342    0.000380271009831341    0.000000000000000000    -0.000506288137731067    -0.001359594611948043    0.000000000000000000
18.735    0.000252311343464491    0.000377041473778651    0.000000000000000000    -0.000828249242849043    -0.001284003600214578    0.000000000000000000
18.740    0.000249528748988569    0.000373779837635956    0.000000000000000000    -0.000985052247878121    -0.001322856618588778    0.000000000000000000
18.745    0.000246721528206450    0.000370485130077795    0.000000000000000000    -0.000948546474818703    -0.001162927060886255    0.000000000000000000
18.750    0.000243890593762461    0.000367161349343113    0.000000000000000000    -0.000747942793836651    -0.001132543401725569    0.000000000000000000
18.755    0.000241040960748626    0.000363809255023387    0.000000000000000000    -0.000699009771897756    -0.001121211299667628    0.000000000000000000
18.760    0.000238173852490493    0.000360429130421170    0.000000000000000000    -0.000440509352449964    -0.001078142335935849    0.000000000000000000
18.765    0.000235295731498549    0.000357022052260554    0.000000000000000000    -0.000101105250470629    -0.000881536788054429    0.000000000000000000
18.770    0.000232415082875344    0.000353592935680237    0.000000000000000000    -0.000152799419765202    -0.000845984604979765    0.000000000000000000
18.775    0.000229530614266644    0.000350142669484796    0.000000000000000000    0.000049158199306966    -0.000712134257026004    0.000000000000000000
18.780    0.000226647374612927    0.000346674599932928    0.000000000000000000    0.000310074834529309    -0.000724584831577387    0.000000000000000000
18.785    0.000223771886830073    0.000343188415760272    0.000000000000000000    0.000585200645683874    -0.000844712434611584    0.000000000000000000
18.790    0.000220911029063361    0.000339681113776750    0.000000000000000000    0.000440751157557802    -0.001019784107356408    0.000000000000000000
18.795    0.000218061190075588    0.000336148317190544    0.000000000000000000    0.000444704636784737    -0.001258497102571421    0.000000000000000000
18.800    0.000215222468703735    0.000332584058176774    0.000000000000000000    0.000586396151568917    -0.001285467311606253    0.000000000000000000
18.805    0.000212398407235671    0.000328987662480213    0.000000000000000000    0.000668118320945599    -0.001313189186560263    0.000000000000000000
18.810    0.000209591048725631    0.000325358437053989    0.000000000000000000    0.000668123781430094    -0.001201231367962702    0.000000000000000000
18.815    0.000206800393310126    0.000321699180843566    0.000000000000000000    0.000746207087250596    -0.000920167820082224    0.000000000000000000
18.820    0.000204028393071803    0.000318016920437640    0.000000000000000000    0.001165780915066139    -0.000948737042204793    0.000000000000000000
18.825    0.000201285537356356    0.000314310941605660    0.000000000000000000    0.001450428147666038    -0.000928000497609632    0.000000000000000000
18.830    0.000198578942344601    0.000310581762761239    0.000000000000000000    0.001251784897033942    -0.000672398832006222    0.000000000000000000
18.835    0.000195903641955272    0.000306835773946018    0.000000000000000000    0.001293199943559623    -0.000550304092958483    0.000000000000000000
18.840    0.000193260671564532    0.000303076027528473    0.000000000000000000    0.001447077003291020    -0.000572247271510892    0.000000000000000000
18.845    0.000190653878098874    0.000299301974929141    0.000000000000000000    0.001187838375115140    -0.000711323537051778    0.000000000000000000
18.850    0.000188076780592594    0.000295510139241382    0.000000000000000000    0.001069223239118407    -0.000982637649235563    0.000000000000000000
18.855    0.000185526413667292    0.000291693737612392    0.000000000000000000    0.001053855614535594    -0.000945370189325400    0.000000000000000000
18.860    0.000183002393132353    0.000287853701728669    0.000000000000000000    0.001188471335897452    -0.000751453614409713    0.000000000000000000
18.865    0.000180508084380812    0.000283994879504586    0.000000000000000000    0.001223543035714768    -0.000808554171032125    0.000000000000000000
18.870    0.000178044364205163    0.000280115843426227    0.000000000000000000    0.001466854194023554    -0.000962908690187517    0.000000000000000000
18.875    0.000175617315384366    0.000276212734630613    0.000000000000000000    0.001865209901824203    -0.001010338916682986    0.000000000000000000
18.880    0.000173236896811113    0.000272284367362082    0.000000000000000000    0.001819515237851425    -0.001229725207049955    0.000000000000000000
18.885    0.000170901966118807    0.000268325256963375    0.000000000000000000    0.002317994664796218    -0.001637375402398916    0.000000000000000000
18.890    0.000168624985293121    0.000264325212179608    0.000000000000000000    0.002389152110852553    -0.001790957006963904    0.000000000000000000
18.895    0.000166407733270207    0.000260280393470667    0.000000000000000000    0.002583436988682448    -0.001693955463139690    0.000000000000000000
18.900    0.000164255067172009    0.000256193225875147    0.000000000000000000    0.002752811353923029    -0.001669308841178475    0.000000000000000000
18.905    0.000162171221357660    0.000252064325558598    0.000000000000000000    0.002436273841787111    -0.001683772604085029    0.000000000000000000
18.910    0.000160148282389355    0.000247893330926947    0.000000000000000000    0.002630152147091794    -0.001480285627057480    0.000000000000000000
18.915    0.000158191097224727    0.000243685329154619    0.000000000000000000    0.002700965415618770    -0.001386403810947276    0.000000000000000000
18.920    0.000156301436195490    0.000239442667287018    0.000000000000000000    0.002537246825773734    -0.001135712710612080    0.000000000000000000
18.925    0.000154475206336897    0.000235171612601651    0.000000000000000000    0.002508041484041486    -0.001016742791039782    0.000000000000000000
18.930    0.000152711677515406    0.000230875139346509    0.000000000000000000    0.002507953547705756    -0.000870726086765186    0.000000000000000000
18.935    0.000151010847532606    0.000226556897939197    0.000000000000000000    0.002390334557007432    -0.000525465812150272    0.000000000000000000
18.940    0.000149369775913733    0.000222225519886582    0.000000000000000000    0.002587688878343116    -0.000066259342221915    0.000000000000000000
18.945    0.000147793396516817    0.000217892485350411    0.000000000000000000    0.002442533879137799    0.000328597011365218    0.000000000000000000
18.950    0.000146278080466880    0.000213567665739524    0.000000000000000000    0.002323026152843601    0.000645561176174829    0.000000000000000000
18.955    0.000144820840070765    0.000209258985158041    0.000000000000000000    0.002163679050344938    0.001160040174892326    0.000000000000000000
18.960    0.000143417691650907    0.000204979305580931    0.000000000000000000    0.002246606485707377    0.001364584904153116    0.000000000000000000
18.965    0.000142070708393193    0.000200733740626425    0.000000000000000000    0.002198497672616356    0.001494229217048875    0.000000000000000000
18.970    0.000140778687577294    0.000196525531402345    0.000000000000000000    0.002028342561377324    0.001686905457148370    0.000000000000000000
18.975    0.000139537375325429    0.000192359494814693    0.000000000000000000    0.002264306683755083    0.001824172937293488    0.000000000000000000
18.980    0.000138352670740658    0.000188239062550474    0.000000000000000000    0.002090655090656581    0.001736179641725769    0.000000000000000000
18.985    0.000137220232533154    0.000184162034777298    0.000000000000000000    0.002469783193767604    0.001438476560853804    0.000000000000000000
18.990    0.000136149538905494    0.000180120968918143    0.000000000000000000    0.002564411877008666    0.001333100853378663    0.000000000000000000
18.995    0.000135142955574759    0.000176113230580323    0.000000000000000000    0.002269973777675955    0.001215578050474397    0.000000000000000000
19.000    0.000134193121588466    0.000172135881693765    0.000000000000000000    0.002654948853047720    0.000785717206060058    0.000000000000000000
19.005    0.000133309661323499    0.000168178175737358    0.000000000000000000    0.002923659011157655    0.000746307526624211    0.000000000000000000
19.010    0.000132499292533811    0.000164239127469117    0.000000000000000000    0.003061070215294899    0.000677634952614501    0.000000000000000000
19.015    0.000131765450499506    0.000160317020074691    0.000000000000000000    0.003088605425915830    0.000442225772454138    0.000000000000000000
19.020    0.000131108823600848    0.000156405968324577    0.000000000000000000    0.003059554982913059    0.000234382229926527    0.000000000000000000
19.025    0.000130528685576763    0.000152500776130210    0.000000000000000000    0.003263861538344232    -0.000105225238147388    0.000000000000000000
19.030    0.000130030144091137    0.000148592953304890    0.000000000000000000    0.003198042313484360    -0.000378925252905856    0.000000000000000000
19.035    0.000129611553663348    0.000144675657348248    0.000000000000000000    0.003165044736786393    -0.000328533270890731    0.000000000000000000
19.040    0.000129272089353979    0.000140750148059833    0.000000000000000000    0.002859082884363673    -0.000337984092931920    0.000000000000000000
19.045    0.000129004102116718    0.000136816189169095    0.000000000000000000    0.003057732731401048    -0.000607442143546076    0.000000000000000000
19.050    0.000128812558197743    0.000132867044224768    0.000000000000000000    0.003117911872282724    -0.000667954799773085    0.000000000000000000
19.055    0.000128698962075575    0.000128901200410447    0.000000000000000000    0.003097191621255621    -0.000395727076293309    0.000000000000000000
19.060    0.000128662795743938    0.000124925463419218    0.000000000000000000    0.003189386741525319    -0.000462296540410835    0.000000000000000000
19.065    0.000128706364080839    0.000120938169014479    0.000000000000000000    0.002965324632270457    -0.000328743236778723    0.000000000000000000
19.070    0.000128824065533547    0.000116942656028821    0.000000000000000000    0.002624820489378812    0.000000139955678882    0.000000000000000000
19.075    0.000129007387498490    0.000112947146542055    0.000000000000000000    0.002550445599769141    0.000064999914563182    0.000000000000000000
19.080    0.000129254470603426    0.000108953262053153    0.000000000000000000    0.002639836046764614    0.000254636869412338    0.000000000000000000
19.085    0.000129567549609532    0.000104965743485986    0.000000000000000000    0.002794014722066638    0.000508093968547437    0.000000000000000000
19.090    0.000129950478983690    0.000100990927268033    0.000000000000000000    0.002970879678477556    0.000641621954561539    0.000000000000000000
19.095    0.000130407680349809    0.000097032151598943    0.000000000000000000    0.003186035011982537    0.000805860361833524    0.000000000000000000
19.100    0.000130944532591228    0.000093093522438900    0.000000000000000000    0.002843348466016445    0.000991297986903373    0.000000000000000000
19.105    0.000131552468544298    0.000089179675728529    0.000000000000000000    0.002973654146986226    0.001172606886585387    0.000000000000000000
19.110    0.000132234745851042    0.000085295144190323    0.000000000000000000    0.003134172577670159    0.001207060646921110    0.000000000000000000
19.115    0.000132995377472228    0.000081440789168290    0.000000000000000000    0.003257156182064243    0.001185996125670783    0.000000000000000000
19.120    0.000133837437997965    0.000077616084049399    0.000000000000000000    0.003369509344499765    0.001249316646942866    0.000000000000000000
19.125    0.000134763736257315    0.000073822611846681    0.000000000000000000    0.003612388810005302    0.001260983804070434    0.000000000000000000
19.130    0.000135780344236915    0.000070060664239065    0.000000000000000000    0.003381348575582895    0.001376655973835128    0.000000000000000000
19.135    0.000136881485930905    0.000066333133030795    0.000000000000000000    0.003230066714308673    0.001558053301623668    0.000000000000000000
19.140    0.000138063379292752    0.000062644553155066    0.000000000000000000    0.003235534399671303    0.001844996618495173    0.000000000000000000
19.145    0.000139326161014591    0.000059002098194798    0.000000000000000000    0.002912120021671518    0.001736441768436080    0.000000000000000000
19.150    0.000140661745736972    0.000055403054278742    0.000000000000000000    0.002789304096851002    0.002017191925383346    0.000000000000000000
19.155    0.000142067063061774    0.000051854440160821    0.000000000000000000    0.002698269432263589    0.002122232804519116    0.000000000000000000
19.160    0.000143539837122383    0.000048358881863012    0.000000000000000000    0.002337861734534683    0.002334560953038951    0.000000000000000000
19.165    0.000145071057726355    0.000044921687589029    0.000000000000000000    0.002099521374749128    0.002441524997712132    0.000000000000000000
19.170    0.000146654766364696    0.000041545531439989    0.000000000000000000    0.001855819130281659    0.002359021574505646    0.000000000000000000
19.175    0.000148284870481294    0.000038228350830312    0.000000000000000000    0.001997773315077448    0.002402028512860186    0.000000000000000000
19.180    0.000149964918930769    0.000034971220933456    0.000000000000000000    0.001982296512122996    0.002444954758350226    0.000000000000000000
19.185    0.000151694524793047    0.000031775214905559    0.000000000000000000    0.001773571105236288    0.002630585161203286    0.000000000000000000
19.190    0.000153468469932956    0.000028644973506692    0.000000000000000000    0.001470804064582221    0.002775625141591921    0.000000000000000000
19.195    0.000155279185174479    0.000025584122736365    0.000000000000000000    0.000982979524991783    0.003017967247552033    0.000000000000000000
19.200    0.000157114474904127    0.000022598721147227    0.000000000000000000    0.000988761732406479    0.002827106010864860    0.000000000000000000
19.205    0.000158974483677086    0.000019683997208360    0.000000000000000000    0.000980641296064897    0.002836710488392279    0.000000000000000000
19.210    0.000160859008482446    0.000016840191031704    0.000000000000000000    0.000724825113365994    0.002783306692783627    0.000000000000000000
19.215    0.000162761653915640    0.000014065967522366    0.000000000000000000    0.000436513471096297    0.002361409258700429    0.000000000000000000
19.220    0.000164675212185611    0.000011350779244496    0.000000000000000000    0.000367786815789854    0.002492689401963971    0.000000000000000000
19.225    0.000166597965125978    0.000008697908201676    0.000000000000000000    0.000168048157218057    0.002548724825355677    0.000000000000000000
19.230    0.000168524919270274    0.000006108755279489    0.000000000000000000    -0.000082063668301090    0.002378271907923758    0.000000000000000000
19.235    0.000170449821822864    0.000003579059155000    0.000000000000000000    0.000075690196298106    0.002177567222358557    0.000000000000000000
19.240    0.000172376616630360    0.000001103802211071    0.000000000000000000    -0.000073769469052234    0.001909810884010950    0.000000000000000000
19.245    0.000174301567201131    -0.000001323709460759    0.000000000000000000    0.000090677489073205    0.001859703642068523    0.000000000000000000
19.250    0.000176228784709128    -0.000003704728541537    0.000000000000000000    0.000233341217886502    0.002007772804732674    0.000000000000000000
19.255    0.000178161835747572    -0.000006035553302196    0.000000000000000000    0.000094166374028882    0.001989021912385633    0.000000000000000000
19.260    0.000180097240945367    -0.000008316652515046    0.000000000000000000    0.000145292019514695    0.002046221067310420    0.000000000000000000
19.265    0.000182036278443650    -0.000010546596201213    0.000000000000000000    0.000382984605346633    0.002149478889718851    0.000000000000000000
19.270    0.000183984890557067    -0.000012722802915137    0.000000000000000000    0.000556147167924412    0.001877149226513832    0.000000000000000000
19.275    0.000185947406349682    -0.000014852080898398    0.000000000000000000    0.000646114805119818    0.002176203990061632    0.000000000000000000
19.280    0.000187926075012424    -0.000016926953781908    0.000000000000000000    0.000601353705408092    0.002378978775134329    0.000000000000000000
19.285    0.000189919777517802    -0.000018942352196039    0.000000000000000000    0.000662482732571596    0.002296390075578873    0.000000000000000000
19.290    0.000191930042091494    -0.000020900340858281    0.000000000000000000    0.000880474434819534    0.002453468153338251    0.000000000000000000
19.295    0.000193962318526057    -0.000022796992816689    0.000000000000000000    0.000961988050970529    0.002504236521355007    0.000000000000000000
19.300    0.000196018644661894    -0.000024631038862064    0.000000000000000000    0.001102398051103367    0.002405077137087734    0.000000000000000000
19.305    0.000198102530749009    -0.000026404957979011    0.000000000000000000    0.001514902451089321    0.002445186840460375    0.000000000000000000
19.310    0.000200224289397400    -0.000028117747424947    0.000000000000000000    0.001731154128886778    0.002345588015721515    0.000000000000000000
19.315    0.000202389326899014    -0.000029771897170490    0.000000000000000000    0.001643995258379573    0.002246296582600782    0.000000000000000000
19.320    0.000204595464282088    -0.000031369889501467    0.000000000000000000    0.001781281410166615    0.002069786754233807    0.000000000000000000
19.325    0.000206846133700415    -0.000032916137163589    0.000000000000000000    0.002077384796484241    0.001915342583575506    0.000000000000000000
19.330    0.000209148737738655    -0.000034414501261122    0.000000000000000000    0.002562102126419091    0.001894021977247990    0.000000000000000000
19.335    0.000211515394330055    -0.000035865514809223    0.000000000000000000    0.002933494770810145    0.001981922191613241    0.000000000000000000
19.340    0.000213955388290726    -0.000037266980302534    0.000000000000000000    0.002849550879663147    0.001501721453927251    0.000000000000000000
19.345    0.000216466621023388    -0.000038630902759497    0.000000000000000000    0.003011092026869010    0.001233927642759218    0.000000000000000000
19.350    0.000219053131056722    -0.000039963977025391    0.000000000000000000    0.003118213720818041    0.001307141710366131    0.000000000000000000
19.355    0.000221717596433076    -0.000041264372748525    0.000000000000000000    0.002763569448580114    0.000955641535439538    0.000000000000000000
19.360    0.000224451151045644    -0.000042540877433274    0.000000000000000000    0.002704574971098802    0.000587870117966529    0.000000000000000000
19.365    0.000227252320032491    -0.000043802685365073    0.000000000000000000    0.002483341659002478    0.000566742487645010    0.000000000000000000
19.370    0.000230115572560812    -0.000045050324734682    0.000000000000000000    0.002615001705988298    0.000429725052722863    0.000000000000000000
19.375    0.000233044200131783    -0.000046287220977972    0.000000000000000000    0.002283946981994833    0.000242198846998019    0.000000000000000000
19.380    0.000236029926377304    -0.000047518062250087    0.000000000000000000    0.001908205887155316    0.000480762353032775    0.000000000000000000
19.385    0.000239063357770003    -0.000048736884463377    0.000000000000000000    0.001968412121724529    0.000467858186668573    0.000000000000000000
19.390    0.000242145999465746    -0.000049944010222000    0.000000000000000000    0.001565202447632473    0.000418329909086671    0.000000000000000000
19.395    0.000245267771222680    -0.000051140677732895    0.000000000000000000    0.001397752559246894    0.000484637928364624    0.000000000000000000
19.400    0.000248424486793594    -0.000052325229295582    0.000000000000000000    0.001126162522862087    0.000481176605143308    0.000000000000000000
19.405    0.000251609356427581    -0.000053497751443140    0.000000000000000000    0.000988326948505973    0.000446533365390728    0.000000000000000000
19.410    0.000254818934235280    -0.000054659110256563    0.000000000000000000    0.001313086344149027    0.000359339465905108    0.000000000000000000
19.415    0.000258061339201582    -0.000055811485583339    0.000000000000000000    0.001463472255800163    0.000254184616064719    0.000000000000000000
19.420    0.000261340330974280    -0.000056957506294713    0.000000000000000000    0.001493068785593087    0.000147896280691250    0.000000000000000000
19.425    0.000264656649466618    -0.000058099829599069    0.000000000000000000    0.001293709741437363    0.000065330223576016    0.000000000000000000
19.430    0.000268005310702491    -0.000059240519647837    0.000000000000000000    0.001171419620085538    -0.000002891209760481    0.000000000000000000
19.435    0.000271383257428867    -0.000060381281976848    0.000000000000000000    0.001176454858268974    0.000112060766239562    0.000000000000000000
19.440    0.000274790615526699    -0.000061519242786703    0.000000000000000000    0.001289938766275457    0.000258702635201158    0.000000000000000000
19.445    0.000278230222093688    -0.000062650736030678    0.000000000000000000    0.001337655976241768    0.000155633202885471    0.000000000000000000
19.450    0.000281703270060084    -0.000063778338444582    0.000000000000000000    0.001154145209993074    0.000199883051035278    0.000000000000000000
19.455    0.000285205171656729    -0.000064900943782209    0.000000000000000000    0.001339703075277192    0.000238607137137718    0.000000000000000000
19.460    0.000288740565830256    -0.000066017583941408    0.000000000000000000    0.001373384900971598    -0.000081334236570686    0.000000000000000000
19.465    0.000292310294626307    -0.000067136257456521    0.000000000000000000    0.001240423548535662    -0.000374549409822792    0.000000000000000000
19.470    0.000295911034011072    -0.000068264294706879    0.000000000000000000    0.001236167417560663    -0.000399485339754491    0.000000000000000000
19.475    0.000299542677581276    -0.000069402319090732    0.000000000000000000    0.001087918990194149    -0.000325177284307807    0.000000000000000000
19.480    0.000303201519126234    -0.000070548472906692    0.000000000000000000    0.000877887738285482    -0.000320970243251136    0.000000000000000000
19.485    0.000306882307864650    -0.000071702650978733    0.000000000000000000    0.000811620243018271    -0.000337107684895066    0.000000000000000000
19.490    0.000310583387109141    -0.000072865256742897    0.000000000000000000    0.000758733910111945    0.000013301470603135    0.000000000000000000
19.495    0.000314303434701385    -0.000074027529970296    0.000000000000000000    0.000434265094528905    0.000470646115333356    0.000000000000000000
19.500    0.000318034338920992    -0.000075178037044811    0.000000000000000000    -0.000039406377512225    0.000802771538329370    0.000000000000000000
19.505    0.000321764257981162    -0.000076308474830869    0.000000000000000000    -0.000485938519236874    0.000941544396955863    0.000000000000000000
19.510    0.000325482028578350    -0.000077415374007002    0.000000000000000000    -0.000485411121400100    0.000877077980696809    0.000000000000000000
19.515    0.000329187663897504    -0.000078500346233618    0.000000000000000000    -0.000382481184421895    0.000810183423136449    0.000000000000000000
19.520    0.000332883737187046    -0.000079565063874655    0.000000000000000000    -0.000152121010764134    0.000993933021784638    0.000000000000000000
19.525    0.000336576007451320    -0.000080604933190148    0.000000000000000000    -0.000150174188932786    0.001088160380888475    0.000000000000000000
19.530    0.000340264523360871    -0.000081617598496119    0.000000000000000000    -0.000206753465170888    0.001009534303334381    0.000000000000000000
19.535    0.000343947870433792    -0.000082605025444506    0.000000000000000000    -0.000026930405702761    0.001170755172147679    0.000000000000000000
19.540    0.000347630544246571    -0.000083563183513590    0.000000000000000000    0.000134195181106678    0.001185928496012941    0.000000000000000000
19.545    0.000351316572938877    -0.000084491693370273    0.000000000000000000    -0.000120474628341992    0.001062307785098431    0.000000000000000000
19.550    0.000354999589765475    -0.000085393645532329    0.000000000000000000    -0.000470789167433469    0.000875826058311605    0.000000000000000000
19.555    0.000358670836862887    -0.000086273702042927    0.000000000000000000    -0.000223088352921050    0.000571578180503791    0.000000000000000000
19.560    0.000362336506751476    -0.000087139469099012    0.000000000000000000    -0.000001594975779055    0.000493863303333507    0.000000000000000000
19.565    0.000366002136765670    -0.000087992889572514    0.000000000000000000    0.000277419433885543    0.000393516024806010    0.000000000000000000
19.570    0.000369674702265712    -0.000088836472145396    0.000000000000000000    0.000239480736534750    0.000340611127209968    0.000000000000000000
19.575    0.000373353254784167    -0.000089671539440098    0.000000000000000000    -0.000093865137769638    0.000260418441531182    0.000000000000000000
19.580    0.000377029460674177    -0.000090500096273761    0.000000000000000000    -0.000402685725094803    0.000344757431737985    0.000000000000000000
19.585    0.000380695599421061    -0.000091320034171631    0.000000000000000000    -0.000602147593644492    0.000424716246104156    0.000000000000000000
19.590    0.000384346684478103    -0.000092129354163349    0.000000000000000000    -0.000848303291357648    0.000408731022526394    0.000000000000000000
19.595    0.000387976561952861    -0.000092928455879503    0.000000000000000000    -0.000961240788528717    0.000548696156507395    0.000000000000000000
19.600    0.000391582408407906    -0.000093713840191744    0.000000000000000000    -0.000852082447933000    0.000568398122610886    0.000000000000000000
19.605    0.000395166952801753    -0.000094485014550921    0.000000000000000000    -0.000905949907596855    0.000688850062782634    0.000000000000000000
19.610    0.000398728848447910    -0.000095238967658527    0.000000000000000000    -0.000809840006537037    0.000866817067483958    0.000000000000000000
19.615    0.000402270498093903    -0.000095971250339447    0.000000000000000000    -0.000854031753266035    0.001072129870033638    0.000000000000000000
19.620    0.000405790796946065    -0.000096676729773616    0.000000000000000000    -0.001238102286501078    0.001155653079286368    0.000000000000000000
19.625    0.000409280143241064    -0.000097353317880802    0.000000000000000000    -0.001490932011439204    0.001026068374064223    0.000000000000000000
19.630    0.000412732216235777    -0.000098004254278637    0.000000000000000000    -0.001464194731746419    0.000982955360841285    0.000000000000000000
19.635    0.000416147684362197    -0.000098630616792451    0.000000000000000000    -0.001696272268244658    0.000943444110879359    0.000000000000000000
19.640    0.000419520745681910    -0.000099233393203493    0.000000000000000000    -0.001698905893259776    0.001210891029707777    0.000000000000000000
19.645    0.000422851334354292    -0.000099805897338792    0.000000000000000000    -0.001479363438909153    0.001172732735604093    0.000000000000000000
19.650    0.000426144938940701    -0.000100349083155701    0.000000000000000000    -0.001372286247843489    0.001106230568795243    0.000000000000000000
19.655    0.000429404236370915    -0.000100864613208391    0.000000000000000000    -0.001131033724017204    0.001183358013317429    0.000000000000000000
19.660    0.000432635257958027    -0.000101350559310747    0.000000000000000000    -0.000865466765460985    0.000876205655886766    0.000000000000000000
19.665    0.000435844642876003    -0.000101814600271706    0.000000000000000000    -0.000745997859479854    0.000613572411303797    0.000000000000000000
19.670    0.000439035377847493    -0.000102263301922383    0.000000000000000000    -0.001066615302281002    0.000405589430605433    0.000000000000000000
19.675    0.000442199447436425    -0.000102701863837294    0.000000000000000000    -0.001305070379468802    0.000364437678129401    0.000000000000000000
19.680    0.000445330890265870    -0.000103131314810252    0.000000000000000000    -0.001331794918183610    -0.000061837082979089    0.000000000000000000
19.685    0.000448429038222361    -0.000103562311710285    0.000000000000000000    -0.001438784044381376    -0.000354894478749252    0.000000000000000000
19.690    0.000451491216577742    -0.000104002180972286    0.000000000000000000    -0.001293082395341285    -0.000266918461930494    0.000000000000000000
19.695    0.000454521067873240    -0.000104448723195836    0.000000000000000000    -0.001437369817295243    -0.000010622053983459    0.000000000000000000
19.700    0.000457514984923306    -0.000104895530970735    0.000000000000000000    -0.001702586401551576    0.000016524347242635    0.000000000000000000
19.705    0.000460466337313332    -0.000105341925636954    0.000000000000000000    -0.001483395181290509    -0.000046135433881957    0.000000000000000000
19.710    0.000463380604823827    -0.000105789473689019    0.000000000000000000    -0.001549069794748534    -0.000408260229856137    0.000000000000000000
19.715    0.000466256145589452    -0.000106247228246830    0.000000000000000000    -0.001690991831800655    -0.000308428375881179    0.000000000000000000
19.720    0.000469089411559283    -0.000106712693514039    0.000000000000000000    -0.001574719897950994    -0.000010334064569784    0.000000000000000000
19.725    0.000471883309531665    -0.000107178417132862    0.000000000000000000    -0.001972719021654541    0.000140363272884032    0.000000000000000000
19.730    0.000474627889528505    -0.000107640631669863    0.000000000000000000    -0.002351000182078140    0.000340308977918595    0.000000000000000000
19.735    0.000477313694520794    -0.000108094338482416    0.000000000000000000    -0.002365051571841248    0.000662558017906203    0.000000000000000000
19.740    0.000479940373223786    -0.000108531481344521    0.000000000000000000    -0.002549047466962780    0.000620811037073551    0.000000000000000000
19.745    0.000482503325740105    -0.000108953103930699    0.000000000000000000    -0.002393412585899313    0.000519149013734010    0.000000000000000000
19.750    0.000485006442941776    -0.000109361747791534    0.000000000000000000    -0.002155391764981779    0.000302133923246826    0.000000000000000000
19.755    0.000487455675349322    -0.000109762838304288    0.000000000000000000    -0.002219071148683652    0.000258396955828285    0.000000000000000000
19.760    0.000489849430978151    -0.000110157468893146    0.000000000000000000    -0.002054761009569195    0.000256329396873295    0.000000000000000000
19.765    0.000492191817581741    -0.000110545691247083    0.000000000000000000    -0.001752141471850557    0.000066887296416092    0.000000000000000000
19.770    0.000494490400648535    -0.000110932241418608    0.000000000000000000    -0.001704963047749128    -0.000063536728574795    0.000000000000000000
19.775    0.000496746359639135    -0.000111320380008349    0.000000000000000000    -0.001802132064592302    -0.000316304663165777    0.000000000000000000
19.780    0.000498957265328121    -0.000111716426214668    0.000000000000000000    -0.001894931329388290    -0.000644201667508704    0.000000000000000000
19.785    0.000501120797733871    -0.000112128577462675    0.000000000000000000    -0.001902011510274311    -0.000823110196547364    0.000000000000000000
19.790    0.000503236779851865    -0.000112561306465596    0.000000000000000000    -0.001748228368645376    -0.000837821005616741    0.000000000000000000
19.795    0.000505309056260642    -0.000113014980993657    0.000000000000000000    -0.002024194044867623    -0.000862913508037247    0.000000000000000000
19.800    0.000507330727818298    -0.000113490228359420    0.000000000000000000    -0.001920289590985613    -0.000800036073612758    0.000000000000000000
19.805    0.000509304392136180    -0.000113985476627022    0.000000000000000000    -0.002137634569779681    -0.000627260303781791    0.000000000000000000
19.810    0.000511224615589816    -0.000114496406402219    0.000000000000000000    -0.002482241118818319    -0.000455437621093993    0.000000000000000000
19.815    0.000513082783015483    -0.000115018722117943    0.000000000000000000    -0.002550015545210553    -0.000380438167327420    0.000000000000000000
19.820    0.000514877200052519    -0.000115550548787851    0.000000000000000000    -0.002836312682054712    -0.000408960473714261    0.000000000000000000
19.825    0.000516600709272503    -0.000116092599469601    0.000000000000000000    -0.003347410260038514    -0.000170897738061698    0.000000000000000000
19.830    0.000518240533235987    -0.000116638922594803    0.000000000000000000    -0.003223343789139632    -0.000037785226200617    0.000000000000000000
19.835    0.000519799773604742    -0.000117186190350660    0.000000000000000000    -0.003680182824408219    0.000134746203663254    0.000000000000000000
19.840    0.000521267009402887    -0.000117730089451426    0.000000000000000000    -0.004048539270088206    0.000307359212427662    0.000000000000000000
19.845    0.000522633031719280    -0.000118266304571880    0.000000000000000000    -0.003951058433660122    0.000643329824589122    0.000000000000000000
19.850    0.000523900277574831    -0.000118786436446720    0.000000000000000000    -0.003952377710943027    0.000752582110890004    0.000000000000000000
19.855    0.000525068713987609    -0.000119287753768788    0.000000000000000000    -0.004429386842421182    0.000941962191609446    0.000000000000000000
19.860    0.000526126415729326    -0.000119765522036066    0.000000000000000000    -0.004585436712760231    0.001080854304035483    0.000000000000000000
19.865    0.000527069481553225    -0.000120216268945742    0.000000000000000000    -0.004656303176867743    0.001105830052563735    0.000000000000000000
19.870    0.000527896139797701    -0.000120639370104105    0.000000000000000000    -0.004642269418315796    0.001075200508228306    0.000000000000000000
19.875    0.000528606741306720    -0.000121035591249762    0.000000000000000000    -0.004487957387471452    0.001171236127927981    0.000000000000000000
19.880    0.000529205143881051    -0.000121402531492220    0.000000000000000000    -0.004586484274350655    0.000919193000717996    0.000000000000000000
19.885    0.000529688884348524    -0.000121746491909661    0.000000000000000000    -0.004626206166428309    0.000629232598832593    0.000000000000000000
19.890    0.000530056969661837    -0.000122074721512131    0.000000000000000000    -0.004459264328019602    0.000605434464996842    0.000000000000000000
19.895    0.000530313573366949    -0.000122387815252976    0.000000000000000000    -0.004230074419349188    0.000657434303110663    0.000000000000000000
19.900    0.000530464425211577    -0.000122684473136243    0.000000000000000000    -0.004109726116823323    0.000434427660211392    0.000000000000000000
19.905    0.000530512533903284    -0.000122970270328005    0.000000000000000000    -0.003785456733130556    0.000426659028619422    0.000000000000000000
19.910    0.000530466006176664    -0.000123245401044051    0.000000000000000000    -0.003634424638188083    0.000484052225056125    0.000000000000000000
19.915    0.000530328617834088    -0.000123508430454471    0.000000000000000000    -0.003566872022651123    0.000725417094963200    0.000000000000000000
19.920    0.000530102057690946    -0.000123753324437517    0.000000000000000000    -0.003817932667051806    0.000841229291992851    0.000000000000000000
19.925    0.000529780049231128    -0.000123977187688263    0.000000000000000000    -0.004361964328295637    0.000848671536503396    0.000000000000000000
19.930    0.000529348991663103    -0.000124179834150596    0.000000000000000000    -0.004419182644253318    0.000863479629669784    0.000000000000000000
19.935    0.000528807454528971    -0.000124360893622188    0.000000000000000000    -0.004093888791461588    0.001099046080233444    0.000000000000000000
19.940    0.000528163570175053    -0.000124514476941774    0.000000000000000000    -0.004215441418422769    0.001491397867783590    0.000000000000000000
19.945    0.000527414299785674    -0.000124630775314665    0.000000000000000000    -0.004321451049951568    0.002009058415894599    0.000000000000000000
19.950    0.000526556993120047    -0.000124696847227159    0.000000000000000000    -0.004416823062270391    0.002216887736377444    0.000000000000000000
19.955    0.000525589265877862    -0.000124707496946244    0.000000000000000000    -0.004514010657026210    0.002198013069298595    0.000000000000000000
19.960    0.000524508688369252    -0.000124663196338596    0.000000000000000000    -0.004484906881785725    0.002264211926950683    0.000000000000000000
19.965    0.000523315988188598    -0.000124562290432774    0.000000000000000000    -0.004487231915748825    0.002152931031551607    0.000000000000000000
19.970    0.000522011107210049    -0.000124407561251164    0.000000000000000000    -0.004379058567609631    0.002355354937267403    0.000000000000000000
19.975    0.000520596749767311    -0.000124193948196121    0.000000000000000000    -0.004350933953622092    0.002485203776083017    0.000000000000000000
19.980    0.000519073618975731    -0.000123918205046677    0.000000000000000000    -0.004241814517478952    0.002315333172960921    0.000000000000000000
19.985    0.000517444442821215    -0.000123584578567909    0.000000000000000000    -0.004246966441379466    0.002109919470266340    0.000000000000000000
19.990    0.000515709092505665    -0.000123198204102384    0.000000000000000000    -0.004014901553595768    0.001833710313978339    0.000000000000000000
19.995    0.000513873369651274    -0.000122765986879010    0.000000000000000000    -0.003498305839052217    0.001657655615970761    0.000000000000000000
20.000    0.000511950189150907    -0.000122292328265236    0.000000000000000000    -0.003009720762796667    0.001358386572754191    0.000000000000000000
20.005    0.000509951765631470    -0.000121784709987143    0.000000000000000000    -0.003298152272831166    0.001191265646152640    0.000000000000000000
20.010    0.000507870888305213    -0.000121247310067897    0.000000000000000000    -0.003497890720036666    0.001000006045154636    0.000000000000000000
20.015    0.000505702563710954    -0.000120684909997522    0.000000000000000000    -0.003420673727861333    0.000744015558477905    0.000000000000000000
20.020    0.000503448722273499    -0.000120103909538185    0.000000000000000000    -0.003129772638160201    0.000693365388455131    0.000000000000000000
20.025    0.000501116636520090    -0.000119505574944136    0.000000000000000000    -0.003172833437361730    0.000602423164332722    0.000000000000000000
20.030    0.000498705229930747    -0.000118892179770979    0.000000000000000000    -0.003372628890711826    0.000515128372494903    0.000000000000000000
20.035    0.000496209507619136    -0.000118265906388510    0.000000000000000000    -0.003434924952631924    0.000544637181209054    0.000000000000000000
20.040    0.000493627912183710    -0.000117626017076511    0.000000000000000000    -0.003375863962089276    0.000713323582265317    0.000000000000000000
20.045    0.000490961920149231    -0.000116968294674954    0.000000000000000000    -0.003324639292331608    0.000929732095466271    0.000000000000000000
20.050    0.000488212812132444    -0.000116287328971012    0.000000000000000000    -0.003421846706177373    0.001209958963342499    0.000000000000000000
20.055    0.000485378157948002    -0.000115576114292985    0.000000000000000000    -0.003517179641319371    0.001274210970566322    0.000000000000000000
20.060    0.000482455574272528    -0.000114833044340695    0.000000000000000000    -0.003775998858408444    0.001302337300282115    0.000000000000000000
20.065    0.000479438590625593    -0.000114057415955897    0.000000000000000000    -0.003548671774461064    0.001488090872051647    0.000000000000000000
20.070    0.000476332890184296    -0.000113244585299299    0.000000000000000000    -0.003377708718860662    0.001517965469853186    0.000000000000000000
20.075    0.000473142747025029    -0.000112393805505953    0.000000000000000000    -0.003530669066566759    0.001314127720653912    0.000000000000000000
20.080    0.000469864337139097    -0.000111510172519592    0.000000000000000000    -0.003559877888791810    0.001497810790971948    0.000000000000000000
20.085    0.000466496930305945    -0.000110589094263456    0.000000000000000000    -0.003460991398979239    0.001546487398593438    0.000000000000000000
20.090    0.000463042998687819    -0.000109629353822356    0.000000000000000000    -0.003236943267904968    0.001382344383203779    0.000000000000000000
20.095    0.000459508143487995    -0.000108635054771675    0.000000000000000000    -0.003082948371209426    0.001331672766182639    0.000000000000000000
20.100    0.000455896214578890    -0.000107607463901840    0.000000000000000000    -0.003188295011565846    0.001061729115819053    0.000000000000000000
20.105    0.000452204578294497    -0.000106553329804109    0.000000000000000000    -0.002761672248557164    0.001001895556119320    0.000000000000000000
20.110    0.000448443900203890    -0.000105474148317475    0.000000000000000000    -0.002312433764501288    0.000546144837878376    0.000000000000000000
20.115    0.000444625411269170    -0.000104381313209894    0.000000000000000000    -0.002196185037437511    -0.000067072209615211    0.000000000000000000
20.120    0.000440752017708515    -0.000103290154907554    0.000000000000000000    -0.001917245544612138    -0.000200195719740766    0.000000000000000000
20.125    0.000436830693009244    -0.000102204001498207    0.000000000000000000    -0.001782673488153787    -0.000188900318140494    0.000000000000000000
20.130    0.000432864801472769    -0.000101122570596814    0.000000000000000000    -0.001764181773496881    -0.000228493944622846    0.000000000000000000
20.135    0.000428854805391956    -0.000100046852044036    0.000000000000000000    -0.001588254301800388    -0.000358215104742394    0.000000000000000000
20.140    0.000424805102953599    -0.000098980088868877    0.000000000000000000    -0.001706596958128085    -0.000466417069596163    0.000000000000000000
20.145    0.000420712735591289    -0.000097924986120458    0.000000000000000000    -0.001923529051087690    -0.000465478493696762    0.000000000000000000
20.150    0.000416572280002701    -0.000096881520334381    0.000000000000000000    -0.001881379676916661    -0.000306483826402601    0.000000000000000000
20.155    0.000412384789922190    -0.000095845716643964    0.000000000000000000    -0.001710735355424375    0.000130074602466552    0.000000000000000000
20.160    0.000408154531457794    -0.000094806661088486    0.000000000000000000    -0.001453287015601174    0.000249358445435677    0.000000000000000000
20.165    0.000403887940818008    -0.000093761371571872    0.000000000000000000    -0.001809380291350679    0.000466143037836965    0.000000000000000000
20.170    0.000399576115670938    -0.000092704428479311    0.000000000000000000    -0.002157514209281085    0.000699842271184819    0.000000000000000000
20.175    0.000395210352668636    -0.000091629989329971    0.000000000000000000    -0.002296781163148645    0.000785779738639541    0.000000000000000000
20.180    0.000390787170137255    -0.000090535905687166    0.000000000000000000    -0.002094066465035092    0.000899600603347715    0.000000000000000000
20.185    0.000386311635944249    -0.000089419332029276    0.000000000000000000    -0.002050186567415999    0.000902074241325109    0.000000000000000000
20.190    0.000381784847087057    -0.000088280206515353    0.000000000000000000    -0.002078040850189526    0.000733397271911055    0.000000000000000000
20.195    0.000377206107208610    -0.000087122746069633    0.000000000000000000    -0.001847359120947956    0.000858170956919259    0.000000000000000000
20.200    0.000372581183352140    -0.000085943831349989    0.000000000000000000    -0.001762250020304144    0.000901297707565940    0.000000000000000000
20.205    0.000367912203245162    -0.000084742384187657    0.000000000000000000    -0.001469590174491345    0.000685654083251263    0.000000000000000000
20.210    0.000363206483383821    -0.000083523795673243    0.000000000000000000    -0.001341939803237158    0.000442870029927029    0.000000000000000000
20.215    0.000358467215027400    -0.000082294135408081    0.000000000000000000    -0.001160039826719229    0.000025365477191548    0.000000000000000000
20.220    0.000353698945675311    -0.000081063841005989    0.000000000000000000    -0.000879670890934457    -0.000304144214681554    0.000000000000000000
20.225    0.000348908684550948    -0.000079841150209264    0.000000000000000000    -0.000849423438845868    -0.000605097619998333    0.000000000000000000
20.230    0.000344097187840614    -0.000078633586853039    0.000000000000000000    -0.000748952448724558    -0.000959557311669824    0.000000000000000000
20.235    0.000339266967319063    -0.000077450012429606    0.000000000000000000    -0.000654940494134067    -0.001028695008482004    0.000000000000000000
20.240    0.000334420373285157    -0.000076292155381385    0.000000000000000000    -0.000512897646574081    -0.001133179440396303    0.000000000000000000
20.245    0.000329560956810088    -0.000075162627819174    0.000000000000000000    -0.000371041301656851    -0.001176852519295802    0.000000000000000000
20.250    0.000324692264302477    -0.000074062521569945    0.000000000000000000    -0.000222071263556931    -0.001132729296282153    0.000000000000000000
20.255    0.000319818020013277    -0.000072990733553124    0.000000000000000000    -0.000289995336088828    -0.000901928593823888    0.000000000000000000
20.260    0.000314936525840675    -0.000071941493751148    0.000000000000000000    -0.000586845443984255    -0.000834636493808301    0.000000000000000000
20.265    0.000310040360531973    -0.000070913119861517    0.000000000000000000    -0.000791759739468371    -0.000528445047047791    0.000000000000000000
20.270    0.000305124401229785    -0.000069897957098062    0.000000000000000000    -0.000862967398460729    -0.000239528452732063    0.000000000000000000
20.275    0.000300186867742635    -0.000068888782545926    0.000000000000000000    -0.000978605609017365    -0.000039942358133547    0.000000000000000000
20.280    0.000295224869115259    -0.000067880606552743    0.000000000000000000    -0.001005656849091281    0.000280333486732225    0.000000000000000000
20.285    0.000290237729066657    -0.000066865422222391    0.000000000000000000    -0.000646314808861684    0.000435074907050308    0.000000000000000000
20.290    0.000285234431147832    -0.000065839361019364    0.000000000000000000    -0.000474700498831124    0.000649537908803464    0.000000000000000000
20.295    0.000280219265716537    -0.000064797061368616    0.000000000000000000    -0.000509544461084390    0.000737276119679750    0.000000000000000000
20.300    0.000275191361673715    -0.000063736329814876    0.000000000000000000    -0.000554011636776878    0.000656587100824582    0.000000000000000000
20.305    0.000270149607339974    -0.000062659183583616    0.000000000000000000    -0.000395418493226440    0.000687102197697003    0.000000000000000000
20.310    0.000265097967543901    -0.000061564859797413    0.000000000000000000    0.000058612122208652    0.000622354776422685    0.000000000000000000
20.315    0.000260047793050885    -0.000060454977141800    0.000000000000000000    0.000024822808216470    0.000372097792920140    0.000000000000000000
20.320    0.000254998239128073    -0.000059335792041364    0.000000000000000000    -0.000140470324655993    0.000091767362534324    0.000000000000000000
20.325    0.000249945173447145    -0.000058214312756864    0.000000000000000000    0.000169413735932617    -0.000219531359240603    0.000000000000000000
20.330    0.000244896343109615    -0.000057098321756346    0.000000000000000000    0.000377271047766019    -0.000819909239201230    0.000000000000000000
20.335    0.000239856944548280    -0.000056002828486807    0.000000000000000000    0.000551562235758495    -0.000989982686295686    0.000000000000000000
20.340    0.000234831335042838    -0.000054932084784426    0.000000000000000000    0.000768211934128616    -0.001112963341347339    0.000000000000000000
20.345    0.000229824930835750    -0.000053889165165578    0.000000000000000000    0.001067722845033174    -0.001201142815211687    0.000000000000000000
20.350    0.000224845219699787    -0.000052876274117111    0.000000000000000000    0.001360222322124632    -0.001364773495239223    0.000000000000000000
20.355    0.000219899514121878    -0.000051897502406025    0.000000000000000000    0.001500843340322472    -0.001635360314225010    0.000000000000000000
20.360    0.000214991329627477    -0.000050959614702794    0.000000000000000000    0.001142950262769064    -0.001409833094091664    0.000000000000000000
20.365    0.000210111718889645    -0.000050056972826916    0.000000000000000000    0.000893832273493687    -0.001276813421820222    0.000000000000000000
20.370    0.000205254453958650    -0.000049186251286583    0.000000000000000000    0.000807524289913588    -0.001112212971489130    0.000000000000000000
20.375    0.000200417377134903    -0.000048343335070537    0.000000000000000000    0.000711823326108489    -0.000967671534839881    0.000000000000000000
20.380    0.000195598095894309    -0.000047524610642863    0.000000000000000000    0.000612378617196718    -0.000566904891294566    0.000000000000000000
20.385    0.000190794124119144    -0.000046720058837470    0.000000000000000000    0.000478601593048751    -0.000242611752823544    0.000000000000000000
20.390    0.000186002117383806    -0.000045921572325899    0.000000000000000000    0.000355325618520488    0.000189154952777437    0.000000000000000000
20.395    0.000181218993788931    -0.000045118356940508    0.000000000000000000    0.000043281852058537    0.000486700639200366    0.000000000000000000
20.400    0.000176436952240358    -0.000044302974039137    0.000000000000000000    -0.000267865954416439    0.000573856443950016    0.000000000000000000
20.405    0.000171648214042924    -0.000043473244726667    0.000000000000000000    -0.000015411544957962    0.000719881057737229    0.000000000000000000
20.410    0.000166859090556866    -0.000042625518387753    0.000000000000000000    0.000274726002316185    0.000681593910578746    0.000000000000000000
20.415    0.000162076835220866    -0.000041760752201076    0.000000000000000000    0.000482066510218123    0.000741158510790551    0.000000000000000000
20.420    0.000157306631547621    -0.000040877457051628    0.000000000000000000    0.000822342619556356    0.000579375345493194    0.000000000000000000
20.425    0.000152556986439865    -0.000039979677518543    0.000000000000000000    0.000953051334049576    0.000147262894761825    0.000000000000000000
20.430    0.000147831167615461    -0.000039078216413089    0.000000000000000000    0.000931125237336582    0.000004545637038436    0.000000000000000000
20.435    0.000143128626921990    -0.000038176641666710    0.000000000000000000    0.000947417210108532    -0.000421458661603070    0.000000000000000000
20.440    0.000138449771658771    -0.000037285603386870    0.000000000000000000    0.001080382494037186    -0.000718103616042967    0.000000000000000000
20.445    0.000133797925957904    -0.000036412517697431    0.000000000000000000    0.001269122251830110    -0.000753933355236724    0.000000000000000000
20.450    0.000129177808313332    -0.000035558280341873    0.000000000000000000    0.001518164494669454    -0.001183693741574690    0.000000000000000000
20.455    0.000124595644781127    -0.000034733635329855    0.000000000000000000    0.001938487342970389    -0.001527088731513755    0.000000000000000000
20.460    0.000120061943432497    -0.000033947167536124    0.000000000000000000    0.002159333998263133    -0.001641584593931023    0.000000000000000000
20.465    0.000115582225433823    -0.000033201739357242    0.000000000000000000    0.001958524730950244    -0.001795028574586618    0.000000000000000000
20.470    0.000111151470553422    -0.000032501186892724    0.000000000000000000    0.001846644564431786    -0.001909528756539609    0.000000000000000000
20.475    0.000106766881787133    -0.000031848372647120    0.000000000000000000    0.001627057131234669    -0.001725437467512629    0.000000000000000000
20.480    0.000102422969449124    -0.000031238694338204    0.000000000000000000    0.001652799433315326    -0.001596078547230816    0.000000000000000000
20.485    0.000098120377096948    -0.000030668917992968    0.000000000000000000    0.001431062268892388    -0.001146413393148589    0.000000000000000000
20.490    0.000093853561301495    -0.000030127801982561    0.000000000000000000    0.001413950281542822    -0.000518860533044478    0.000000000000000000
20.495    0.000089622094263080    -0.000029599657485481    0.000000000000000000    0.001426065932247735    0.000021245713669116    0.000000000000000000
20.500    0.000085426278872971    -0.000029070981845558    0.000000000000000000    0.001403782364361853    0.000392210162941919    0.000000000000000000
20.505    0.000081265558041972    -0.000028532500951562    0.000000000000000000    0.001155433278534875    0.000538339346379868    0.000000000000000000
20.510    0.000077133723042935    -0.000027980561573907    0.000000000000000000    0.001307535098814304    0.000650214518703029    0.000000000000000000
20.515    0.000073034576421369    -0.000027412366833284    0.000000000000000000    0.001333207103721931    0.000815927462426071    0.000000000000000000
20.520    0.000068968759977396    -0.000026823773906100    0.000000000000000000    0.001198717237153781    0.000667579002757508    0.000000000000000000
20.525    0.000064932911464352    -0.000026218491503847    0.000000000000000000    0.001389781947466165    0.000585384248268371    0.000000000000000000
20.530    0.000060931807499995    -0.000025598574495388    0.000000000000000000    0.001633492605673716    0.000518924763100891    0.000000000000000000
20.535    0.000056971540850780    -0.000024965684367851    0.000000000000000000    0.001689431206902572    0.000177082170786067    0.000000000000000000
20.540    0.000053053509981737    -0.000024328367186045    0.000000000000000000    0.001719226295482910    0.000120248332777538    0.000000000000000000
20.545    0.000049178459770081    -0.000023688043795919    0.000000000000000000    0.001950933733813542    -0.000094614938476052    0.000000000000000000
20.550    0.000045352182901770    -0.000023050085779254    0.000000000000000000    0.002362901606323944    -0.000510545057336566    0.000000000000000000
20.555    0.000041584978573618    -0.000022424891389024    0.000000000000000000    0.002697277473775854    -0.001124366097544286    0.000000000000000000
20.560    0.000037885206182310    -0.000021827806151232    0.000000000000000000    0.002838365188362259    -0.001653537610969908    0.000000000000000000
20.565    0.000034256392920711    -0.000021272059353714    0.000000000000000000    0.003023992219911432    -0.001991476843123731    0.000000000000000000
20.570    0.000030703179464609    -0.000020766099477274    0.000000000000000000    0.003260982060225071    -0.002164987760530109    0.000000000000000000
20.575    0.000027231490560014    -0.000020314264294848    0.000000000000000000    0.003125799375916082    -0.001964379915518095    0.000000000000000000
20.580    0.000023837946639816    -0.000019911538610309    0.000000000000000000    0.002990726050797226    -0.001863912157358468    0.000000000000000000
20.585    0.000020519170870888    -0.000019555410729705    0.000000000000000000    0.003115023691367728    -0.001631760034895925    0.000000000000000000
20.590    0.000017278270694245    -0.000019240076849972    0.000000000000000000    0.002632614035069072    -0.001215082180867493    0.000000000000000000
20.595    0.000014103185868478    -0.000018955120024762    0.000000000000000000    0.002218026515540372    -0.001030977540164384    0.000000000000000000
20.600    0.000010983551705599    -0.000018695937638056    0.000000000000000000    0.002041907560470802    -0.000608857412885379    0.000000000000000000
20.605    0.000007914965231733    -0.000018451976686671    0.000000000000000000    0.002047374115181193    -0.000133499229578121    0.000000000000000000
20.610    0.000004897563110746    -0.000018211353216027    0.000000000000000000    0.001684259937594486    0.000125553514799306    0.000000000000000000
20.615    0.000001922267488199    -0.000017967590907512    0.000000000000000000    0.001605124926079066    0.000301282764466866    0.000000000000000000
20.620    -0.000001012900011197    -0.000017716296529885    0.000000000000000000    0.001725417103345394    0.000770716689155594    0.000000000000000000
20.625    -0.000003904932083008    -0.000017445734235030    0.000000000000000000    0.001576876819553268    0.000955349746464964    0.000000000000000000
20.630    -0.000006757542234331    -0.000017151288196513    0.000000000000000000    0.001643036805095149    0.001054377058399430    0.000000000000000000
20.635    -0.000009569076465526    -0.000016830482731536    0.000000000000000000    0.001609804631249193    0.000872723006501146    0.000000000000000000
20.640    -0.000012340365580940    -0.000016487859191397    0.000000000000000000    0.001772885229748143    0.000829147753648226    0.000000000000000000
20.645    -0.000015067332565611    -0.000016124506957416    0.000000000000000000    0.001806968805632671    0.000510990780904484    0.000000000000000000
20.650    -0.000017749125330140    -0.000015748379953913    0.000000000000000000    0.002185572048299484    0.000214731354618449    0.000000000000000000
20.655    -0.000020376278793463    -0.000015366884666544    0.000000000000000000    0.002387791986074855    -0.000140746846075281    0.000000000000000000
20.660    -0.000022943737457133    -0.000014988908050327    0.000000000000000000    0.002753779673993694    -0.000745109008747199    0.000000000000000000
20.665    -0.000025442351628953    -0.000014629559159329    0.000000000000000000    0.003144818060367150    -0.001240078965653469    0.000000000000000000
20.670    -0.000027862345349264    -0.000014301212242472    0.000000000000000000    0.003162467453307393    -0.001645879053770641    0.000000000000000000
20.675    -0.000030203277383243    -0.000014014012301960    0.000000000000000000    0.002907301300466447    -0.001997051306057833    0.000000000000000000
20.680    -0.000032471526884710    -0.000013776738644099    0.000000000000000000    0.003038377712409710    -0.002227104614008907    0.000000000000000000
20.685    -0.000034663816943366    -0.000013595142601588    0.000000000000000000    0.003055004728418304    -0.002199232798841589    0.000000000000000000
20.690    -0.000036779731883813    -0.000013468527379048    0.000000000000000000    0.002819407002140203    -0.002298084047993334    0.000000000000000000
20.695    -0.000038825161649205    -0.000013399364257708    0.000000000000000000    0.002483448115602198    -0.002079013202672345    0.000000000000000000
20.700    -0.000040808505211708    -0.000013382176466435    0.000000000000000000    0.002584269730108448    -0.001716487822266070    0.000000000000000000
20.705    -0.000042727242030958    -0.000013407900870718    0.000000000000000000    0.002763743850672004    -0.001219386147395353    0.000000000000000000
20.710    -0.000044576885253941    -0.000013464109928686    0.000000000000000000    0.002227156379048373    -0.000736779152908833    0.000000000000000000
20.715    -0.000046370849567448    -0.000013538738465477    0.000000000000000000    0.001703345120403210    -0.000197476020717417    0.000000000000000000
20.720    -0.000048122230252945    -0.000013618303902786    0.000000000000000000    0.001566915809177399    0.000521157973192013    0.000000000000000000
20.725    -0.000049834438043212    -0.000013684840390766    0.000000000000000000    0.001354719603702107    0.001006247859135733    0.000000000000000000
20.730    -0.000051512777843387    -0.000013726220682266    0.000000000000000000    0.001342599457938626    0.001157738619541400    0.000000000000000000
20.735    -0.000053157552657113    -0.000013738657508279    0.000000000000000000    0.001462540995554379    0.001374516643799849    0.000000000000000000
20.740    -0.000054765763945951    -0.000013716731418196    0.000000000000000000    0.001455204751615109    0.001661055433493811    0.000000000000000000
20.745    -0.000056337595115998    -0.000013653278942276    0.000000000000000000    0.001287880239035459    0.001729162732224475    0.000000000000000000
20.750    -0.000057877229280069    -0.000013546597398050    0.000000000000000000    0.001393898767672026    0.001675449287480131    0.000000000000000000
20.755    -0.000059382015974949    -0.000013398029621637    0.000000000000000000    0.001627118591543354    0.001663919179115269    0.000000000000000000
20.760    -0.000060846124705040    -0.000013207863865747    0.000000000000000000    0.001794817356786640    0.001260985620979348    0.000000000000000000
20.765    -0.000062265363001211    -0.000012986173469332    0.000000000000000000    0.002250842850366785    0.000840683236633447    0.000000000000000000
20.770    -0.000063628330226123    -0.000012743465992001    0.000000000000000000    0.002492629926095866    0.000392640193053171    0.000000000000000000
20.775    -0.000064928981702882    -0.000012490942509843    0.000000000000000000    0.002891855214723132    0.000082639043162642    0.000000000000000000
20.780    -0.000066157336799274    -0.000012236353051607    0.000000000000000000    0.002872743526837114    -0.000401075836679193    0.000000000000000000
20.785    -0.000067313873307495    -0.000011991790489288    0.000000000000000000    0.002648604834081425    -0.000923897998499418    0.000000000000000000
20.790    -0.000068404194694863    -0.000011770325376931    0.000000000000000000    0.002823957677369911    -0.000848475896640240    0.000000000000000000
20.795    -0.000069423917140297    -0.000011570072161990    0.000000000000000000    0.002907223891999034    -0.000587341468100608    0.000000000000000000
20.800    -0.000070370958988432    -0.000011384502483752    0.000000000000000000    0.002729448369993837    -0.000429267468815710    0.000000000000000000
20.805    -0.000071249764627316    -0.000011209664492234    0.000000000000000000    0.002453669922018818    0.000048983932356676    0.000000000000000000
20.810    -0.000072067228518150    -0.000011033601902407    0.000000000000000000    0.002413201020391676    0.000593340937276660    0.000000000000000000
20.815    -0.000072824362383475    -0.000010842705789148    0.000000000000000000    0.002227482631924271    0.001183827357918929    0.000000000000000000
20.820    -0.000073525809183001    -0.000010622213991942    0.000000000000000000    0.001622269542842533    0.002050103906771990    0.000000000000000000
20.825    -0.000074186699243956    -0.000010350469597065    0.000000000000000000    0.001394625429922093    0.002566448524365911    0.000000000000000000
20.830    -0.000074812723669163    -0.000010014563989080    0.000000000000000000    0.001181770160120521    0.002976566520711453    0.000000000000000000
20.835    -0.000075409203840367    -0.000009604244218077    0.000000000000000000    0.000869514858147240    0.003317778496034342    0.000000000000000000
20.840    -0.000075983946140117    -0.000009110979984673    0.000000000000000000    0.000910758451359134    0.003696093817383712    0.000000000000000000
20.845    -0.000076535919478584    -0.000008525313405835    0.000000000000000000    0.000609528174595579    0.003878160392983311    0.000000000000000000
20.850    -0.000077072654612685    -0.000007842692817172    0.000000000000000000    0.000364293577317931    0.003910572337004688    0.000000000000000000
20.855    -0.000077600282407354    -0.000007062307920084    0.000000000000000000    0.000505016549103487    0.003811143138309454    0.000000000000000000
20.860    -0.000078115284788295    -0.000006186644444538    0.000000000000000000    0.000727422797204319    0.003496769023974317    0.000000000000000000
20.865    -0.000078612101599305    -0.000005223561743393    0.000000000000000000    0.000745477407376131    0.003016590404403636    0.000000000000000000
20.870    -0.000079090281475132    -0.000004185064282138    0.000000000000000000    0.001169990477721192    0.002558644346353127    0.000000000000000000
20.875    -0.000079539211589015    -0.000003082600712223    0.000000000000000000    0.001703758123960887    0.001664910212073549    0.000000000000000000
20.880    -0.000079945547749800    -0.000001938514387007    0.000000000000000000    0.002290761741290982    0.000772383252712588    0.000000000000000000
20.885    -0.000080294614867052    -0.000000775118480474    0.000000000000000000    0.002382005407226525    0.000300736287428593    0.000000000000000000
20.890    -0.000080584131849123    0.000000395795833246    0.000000000000000000    0.002402327055756048    -0.000330106155735654    0.000000000000000000
20.895    -0.000080813590654801    0.000001558457493072    0.000000000000000000    0.002223015987939795    -0.000795266461194940    0.000000000000000000
20.900    -0.000080987474060780    0.000002701237491368    0.000000000000000000    0.002287084951407684    -0.001326969929822996    0.000000000000000000
20.905    -0.000081104180342974    0.000003810843241419    0.000000000000000000    0.002339428245972395    -0.001602754106120325    0.000000000000000000
20.910    -0.000081162400919018    0.000004880380138817    0.000000000000000000    0.002170993491196985    -0.001332757818517452    0.000000000000000000
20.915    -0.000081166346657783    0.000005916598090751    0.000000000000000000    0.001996965040816125    -0.001110178925139198    0.000000000000000000
20.920    -0.000081120368270527    0.000006925061569557    0.000000000000000000    0.001891414648067685    -0.000605050178609713    0.000000000000000000
20.925    -0.000081027104517069    0.000007918398793898    0.000000000000000000    0.001634893628251833    0.000148776957088943    0.000000000000000000
20.930    -0.000080892968422906    0.000008915455442167    0.000000000000000000    0.001301210803689168    0.000887091983852359    0.000000000000000000
20.935    -0.000080726302058650    0.000009934689390031    0.000000000000000000    0.000908693814018376    0.001593972136870213    0.000000000000000000
20.940    -0.000080536918349043    0.000010993772641318    0.000000000000000000    0.000558775331313912    0.002409903668273698    0.000000000000000000
20.945    -0.000080333565256154    0.000012113103484311    0.000000000000000000    0.000071154272785769    0.003005863938812677    0.000000000000000000
20.950    -0.000080128433306445    0.000013307580925774    0.000000000000000000    -0.000309579835121093    0.003561163410288531    0.000000000000000000
20.955    -0.000079931040852614    0.000014591087452495    0.000000000000000000    -0.000480356580170090    0.003876395742808669    0.000000000000000000
20.960    -0.000079745657313287    0.000015971503872786    0.000000000000000000    -0.000534810109540707    0.003908894664624059    0.000000000000000000
20.965    -0.000079573644026699    0.000017449642659692    0.000000000000000000    -0.000585074871195935    0.003997344234055617    0.000000000000000000
20.970    -0.000079416257611891    0.000019027715052450    0.000000000000000000    -0.000685544547958101    0.003619479443701679    0.000000000000000000
20.975    -0.000079276009810781    0.000020696274431300    0.000000000000000000    -0.000139907134076751    0.003053163145304001    0.000000000000000000
20.980    -0.000079139259688024    0.000022441162888783    0.000000000000000000    0.000074480146682802    0.002513712607877459    0.000000000000000000
20.985    -0.000079000647561600    0.000024248894161463    0.000000000000000000    0.000421518768959988    0.001550831029375642    0.000000000000000000
20.990    -0.000078851497465951    0.000026095396209878    0.000000000000000000    0.001049841628072501    0.000239031218741699    0.000000000000000000
20.995    -0.000078676101329601    0.000027947874038761    0.000000000000000000    0.001583370963465988    -0.000987626052087026    0.000000000000000000
21.000    -0.000078461120919164    0.000029775661216341    0.000000000000000000    0.002071882759184626    -0.001820805711615921    0.000000000000000000
21.005    -0.000078194343439747    0.000031557928251132    0.000000000000000000    0.002132531206667804    -0.002461787184964472    0.000000000000000000
21.010    -0.000077874252680164    0.000033278650606298    0.000000000000000000    0.002060254780091248    -0.002960201158697703    0.000000000000000000
21.015    -0.000077502655551079    0.000034925367932496    0.000000000000000000    0.002153042334925893    -0.003184219957851509    0.000000000000000000
21.020    -0.000077077232363620    0.000036492479759749    0.000000000000000000    0.002042087345636642    -0.003116958601591174    0.000000000000000000
21.025    -0.000076600756992520    0.000037981667621962    0.000000000000000000    0.001697600704037017    -0.003170060687326514    0.000000000000000000
21.030    -0.000076081841603820    0.000039391603966991    0.000000000000000000    0.001493522700910421    -0.002426403454481229    0.000000000000000000
21.035    -0.000075525588147597    0.000040740880225659    0.000000000000000000    0.001169302130514809    -0.001506644461598530    0.000000000000000000
21.040    -0.000074940102138111    0.000042052490372786    0.000000000000000000    0.000866290726015718    -0.000220160633827686    0.000000000000000000
21.045    -0.000074332958860474    0.000043358596504068    0.000000000000000000    0.000391226023870820    0.000870061564358900    0.000000000000000000
21.050    -0.000073716034932241    0.000044686454174459    0.000000000000000000    -0.000430656557819987    0.001967907280525302    0.000000000000000000
21.055    -0.000073109877417953    0.000046063509526863    0.000000000000000000    -0.001030465945098757    0.002981861954602844    0.000000000000000000
21.060    -0.000072529481552293    0.000047515111428132    0.000000000000000000    -0.001482781655717390    0.003876951886257901    0.000000000000000000
21.065    -0.000071986155228025    0.000049063637126557    0.000000000000000000    -0.001858021326031634    0.004807553805627831    0.000000000000000000
21.070    -0.000071489279436909    0.000050732351670123    0.000000000000000000    -0.001985471084785034    0.004998112952833375    0.000000000000000000
21.075    -0.000071042040422912    0.000052526019037510    0.000000000000000000    -0.002134868941228315    0.005003792386810794    0.000000000000000000
21.080    -0.000070648173132445    0.000054444781214568    0.000000000000000000    -0.001889945886784841    0.004712112531187742    0.000000000000000000
21.085    -0.000070301554489149    0.000056481346204905    0.000000000000000000    -0.001574352142803912    0.003817228089147810    0.000000000000000000
21.090    -0.000069994294649422    0.000058613341897470    0.000000000000000000    -0.000855900679211570    0.002525860241801750    0.000000000000000000
21.095    -0.000069708432326676    0.000060808484096081    0.000000000000000000    -0.000247846019733422    0.001125577023046410    0.000000000000000000
21.100    -0.000069428766154423    0.000063031765720268    0.000000000000000000    0.000236516539596173    -0.000299896096758311    0.000000000000000000
21.105    -0.000069143187068680    0.000065247549942036    0.000000000000000000    0.000643054268351139    -0.001813446295621693    0.000000000000000000
21.110    -0.000068841531626228    0.000067417998006413    0.000000000000000000    0.001428200859835641    -0.003472417622075183    0.000000000000000000
21.115    -0.000068504171162281    0.000069501635630238    0.000000000000000000    0.002327235999865368    -0.004870270586888100    0.000000000000000000
21.120    -0.000068108629798337    0.000071463516489392    0.000000000000000000    0.002737431992054810    -0.005924506432196234    0.000000000000000000
21.125    -0.000067644652634591    0.000073277284687740    0.000000000000000000    0.002865926114917292    -0.006545999180504014    0.000000000000000000
21.130    -0.000067109027317973    0.000074927402906576    0.000000000000000000    0.002769840629107570    -0.006821948173582138    0.000000000000000000
21.135    -0.000066504155985627    0.000076406972421072    0.000000000000000000    0.002333544147853708    -0.006540851814605697    0.000000000000000000
21.140    -0.000065840946049584    0.000077723020640203    0.000000000000000000    0.001722759546674262    -0.005686946188072960    0.000000000000000000
21.145    -0.000065134667124875    0.000078896895204632    0.000000000000000000    0.001074533878136249    -0.004436023879660967    0.000000000000000000
21.150    -0.000064401524853212    0.000079959869172070    0.000000000000000000    0.000316288429974771    -0.002534008703513712    0.000000000000000000
21.155    -0.000063660475370800    0.000080959492921920    0.000000000000000000    -0.000459906966984009    -0.000236884073290624    0.000000000000000000
21.160    -0.000062930923562563    0.000081953194569938    0.000000000000000000    -0.001292869574191693    0.002239638873973489    0.000000000000000000
21.165    -0.000062233693493680    0.000083002887189805    0.000000000000000000    -0.002395498949667695    0.004691158074585241    0.000000000000000000
21.170    -0.000061596350898539    0.000084169858761536    0.000000000000000000    -0.003330204556829222    0.006801098443900131    0.000000000000000000
21.175    -0.000061042263417319    0.000085506857794365    0.000000000000000000    -0.004043406670472703    0.008399119273944208    0.000000000000000000
21.180    -0.000060589261102860    0.000087053834809043    0.000000000000000000    -0.004626461366914432    0.009399769958860337    0.000000000000000000
21.185    -0.000060251920322575    0.000088835806072692    0.000000000000000000    -0.005176911527055786    0.010035910424038928    0.000000000000000000
21.190    -0.000060044002330465    0.000090868675096942    0.000000000000000000    -0.005002285794505998    0.010164840252337441    0.000000000000000000
21.195    -0.000059961141483219    0.000093155665127501    0.000000000000000000    -0.004402801624384577    0.009243755861274320    0.000000000000000000
21.200    -0.000059988350676582    0.000095673749054591    0.000000000000000000    -0.003695434018688947    0.007471510471562261    0.000000000000000000
21.205    -0.000060107945720412    0.000098378620743471    0.000000000000000000    -0.002478811298832354    0.004981365468098640    0.000000000000000000
21.210    -0.000060289511046713    0.000101208026569053    0.000000000000000000    -0.001414895858952326    0.001662862758588244    0.000000000000000000
21.215    -0.000060506448769488    0.000104079003963599    0.000000000000000000    0.000249363404991934    -0.002204456076862157    0.000000000000000000
21.220    -0.000060717152407138    0.000106894869956225    0.000000000000000000    0.002339384227728755    -0.006288785013370190    0.000000000000000000
21.225    -0.000060869371439095    0.000109553516323515    0.000000000000000000    0.003953534432102855    -0.010525230704071133    0.000000000000000000
21.230    -0.000060922752110249    0.000111949031923205    0.000000000000000000    0.005490530952777922    -0.014671647779240033    0.000000000000000000
21.235    -0.000060838869507584    0.000113977756328413    0.000000000000000000    0.006629968345523091    -0.018623901894443295    0.000000000000000000
21.240    -0.000060589237696281    0.000115540883186260    0.000000000000000000    0.007859521265269264    -0.022202091631191596    0.000000000000000000
21.245    -0.000060143117853346    0.000116548957753327    0.000000000000000000    0.008962794174642769    -0.024820014387862046    0.000000000000000000
21.250    -0.000059472928156045    0.000116936531960698    0.000000000000000000    0.009336788870230131    -0.026350715933254699    0.000000000000000000
21.255    -0.000058569318736988    0.000116665338269737    0.000000000000000000    0.009558560622817651    -0.027010158550306401    0.000000000000000000
21.260    -0.000057426745302361    0.000115718890615019    0.000000000000000000    0.009499721502288956    -0.026517453978348177    0.000000000000000000
21.265    -0.000056046678830177    0.000114109506610842    0.000000000000000000    0.008659809268840579    -0.024876536486045538    0.000000000000000000
21.270    -0.000054450117126271    0.000111878209194513    0.000000000000000000    0.007269901008159969    -0.022101943901532736    0.000000000000000000
21.275    -0.000052671807897162    0.000109094363180647    0.000000000000000000    0.005639187573302259    -0.018264312465209886    0.000000000000000000
21.280    -0.000050752518978720    0.000105853909355150    0.000000000000000000    0.004089247703990655    -0.013582186940590333    0.000000000000000000
21.285    -0.000048730998867678    0.000102273900856139    0.000000000000000000    0.002348925456908371    -0.008483758782577344    0.000000000000000000
21.290    -0.000046650755620214    0.000098481798387563    0.000000000000000000    0.000042294482522091    -0.002859352196877044    0.000000000000000000
21.295    -0.000044569455010686    0.000094618212114065    0.000000000000000000    0.000042294482522091    -0.002859352196877044    0.000000000000000000
