LNEC Test File eXtractor

File: kobe_3.DRV

Created in: 2026-04-27 14:43:19.137467

Number of channels: 3

Name:	DispT	DispL	DispV
Type:	Displacement	Displacement	Displacement
Unit:	m	m	m
No. of Samples:	6000	6000	6000
Time step [s]:	0.005	0.005	0.005
Trigger date:	1970-01-01	1970-01-01	1970-01-01
Trigger time:	00:00:00.000000	00:00:00.000000	00:00:00.000000
Duration [s]:	29.995	29.995	29.995
Data:
DispT	DispL	DispV
2.9856736306464224e-07	1.1005196570530847e-07	0.0
9.204423150215962e-08	1.9552597769036033e-08	0.0
-1.1447890006032297e-07	1.9552597769036033e-08	0.0
-1.1447890006032297e-07	1.1005196570530847e-07	0.0
9.204423150215962e-08	1.1005196570530847e-07	0.0
1.9530579728340094e-07	2.9105070157785335e-07	0.0
2.9856736306464224e-07	4.7204943745039825e-07	0.0
2.9856736306464224e-07	5.625488053866707e-07	0.0
2.9856736306464224e-07	4.7204943745039825e-07	0.0
9.204423150215962e-08	3.8155006951412577e-07	0.0
-1.1217334279081677e-08	2.9105070157785335e-07	0.0
-1.1447890006032297e-07	2.005513336415809e-07	0.0
-1.1217334279081677e-08	2.005513336415809e-07	0.0
1.9530579728340094e-07	3.8155006951412577e-07	0.0
4.0182892884588354e-07	4.7204943745039825e-07	0.0
4.0182892884588354e-07	5.625488053866707e-07	0.0
5.050904946271247e-07	5.625488053866707e-07	0.0
2.9856736306464224e-07	5.625488053866707e-07	0.0
2.9856736306464224e-07	3.8155006951412577e-07	0.0
9.204423150215962e-08	3.8155006951412577e-07	0.0
9.204423150215962e-08	2.9105070157785335e-07	0.0
1.9530579728340094e-07	2.9105070157785335e-07	0.0
2.9856736306464224e-07	3.8155006951412577e-07	0.0
4.0182892884588354e-07	4.7204943745039825e-07	0.0
4.0182892884588354e-07	5.625488053866707e-07	0.0
4.0182892884588354e-07	5.625488053866707e-07	0.0
2.9856736306464224e-07	5.625488053866707e-07	0.0
1.9530579728340094e-07	4.7204943745039825e-07	0.0
1.9530579728340094e-07	4.7204943745039825e-07	0.0
1.9530579728340094e-07	3.8155006951412577e-07	0.0
2.9856736306464224e-07	3.8155006951412577e-07	0.0
2.9856736306464224e-07	4.7204943745039825e-07	0.0
2.9856736306464224e-07	4.7204943745039825e-07	0.0
2.9856736306464224e-07	4.7204943745039825e-07	0.0
2.9856736306464224e-07	3.8155006951412577e-07	0.0
1.9530579728340094e-07	2.9105070157785335e-07	0.0
1.9530579728340094e-07	2.9105070157785335e-07	0.0
2.9856736306464224e-07	2.9105070157785335e-07	0.0
4.0182892884588354e-07	2.9105070157785335e-07	0.0
4.0182892884588354e-07	2.9105070157785335e-07	0.0
5.050904946271247e-07	3.8155006951412577e-07	0.0
4.0182892884588354e-07	3.8155006951412577e-07	0.0
2.9856736306464224e-07	2.9105070157785335e-07	0.0
9.204423150215962e-08	2.9105070157785335e-07	0.0
-1.1217334279081677e-08	2.005513336415809e-07	0.0
-1.1217334279081677e-08	2.005513336415809e-07	0.0
9.204423150215962e-08	1.1005196570530847e-07	0.0
9.204423150215962e-08	1.9552597769036033e-08	0.0
2.9856736306464224e-07	1.9552597769036033e-08	0.0
2.9856736306464224e-07	1.9552597769036033e-08	0.0
4.0182892884588354e-07	1.9552597769036033e-08	0.0
1.9530579728340094e-07	-7.09467701672364e-08	0.0
1.9530579728340094e-07	-7.09467701672364e-08	0.0
9.204423150215962e-08	-7.09467701672364e-08	0.0
-1.1447890006032297e-07	-7.09467701672364e-08	0.0
-1.1217334279081677e-08	-7.09467701672364e-08	0.0
9.204423150215962e-08	-7.09467701672364e-08	0.0
1.9530579728340094e-07	-1.6144613810350886e-07	0.0
1.9530579728340094e-07	-3.4244487397605373e-07	0.0
1.9530579728340094e-07	-4.3294424191232615e-07	0.0
9.204423150215962e-08	-4.3294424191232615e-07	0.0
-1.1217334279081677e-08	-4.3294424191232615e-07	0.0
-1.1217334279081677e-08	-4.3294424191232615e-07	0.0
-1.1217334279081677e-08	-4.3294424191232615e-07	0.0
-1.1217334279081677e-08	-5.234436098485985e-07	0.0
-1.1217334279081677e-08	-6.13942977784871e-07	0.0
-1.1217334279081677e-08	-7.044423457211435e-07	0.0
-1.1217334279081677e-08	-7.044423457211435e-07	0.0
-1.1217334279081677e-08	-7.94941713657416e-07	0.0
-1.1447890006032297e-07	-7.044423457211435e-07	0.0
-1.1447890006032297e-07	-7.94941713657416e-07	0.0
-1.1447890006032297e-07	-7.94941713657416e-07	0.0
-1.1447890006032297e-07	-8.854410815936883e-07	0.0
-1.1447890006032297e-07	-9.75940449529961e-07	0.0
-2.1774046584156427e-07	-1.0664398174662332e-06	0.0
-2.1774046584156427e-07	-1.1569391854025057e-06	0.0
-2.1774046584156427e-07	-1.2474385533387781e-06	0.0
-3.210020316228056e-07	-1.2474385533387781e-06	0.0
-3.210020316228056e-07	-1.3379379212750506e-06	0.0
-3.210020316228056e-07	-1.3379379212750506e-06	0.0
-3.210020316228056e-07	-1.3379379212750506e-06	0.0
-3.210020316228056e-07	-1.4284372892113229e-06	0.0
-3.210020316228056e-07	-1.6094360250838678e-06	0.0
-4.242635974040468e-07	-1.6094360250838678e-06	0.0
-4.242635974040468e-07	-1.69993539302014e-06	0.0
-5.275251631852882e-07	-1.7904347609564128e-06	0.0
-5.275251631852882e-07	-1.69993539302014e-06	0.0
-5.275251631852882e-07	-1.7904347609564128e-06	0.0
-5.275251631852882e-07	-1.880934128892685e-06	0.0
-6.307867289665295e-07	-1.7904347609564128e-06	0.0
-6.307867289665295e-07	-2.0619328647652302e-06	0.0
-6.307867289665295e-07	-2.1524322327015025e-06	0.0
-6.307867289665295e-07	-2.3334309685740474e-06	0.0
-7.340482947477708e-07	-2.4239303365103197e-06	0.0
-7.340482947477708e-07	-2.4239303365103197e-06	0.0
-7.340482947477708e-07	-2.514429704446592e-06	0.0
-7.340482947477708e-07	-2.4239303365103197e-06	0.0
-8.373098605290121e-07	-2.3334309685740474e-06	0.0
-8.373098605290121e-07	-2.514429704446592e-06	0.0
-8.373098605290121e-07	-2.6049290723828647e-06	0.0
-9.405714263102534e-07	-2.876427176191682e-06	0.0
-9.405714263102534e-07	-3.057425912064227e-06	0.0
-9.405714263102534e-07	-3.2384246479367718e-06	0.0
-9.405714263102534e-07	-3.2384246479367718e-06	0.0
-1.0438329920914947e-06	-3.2384246479367718e-06	0.0
-1.0438329920914947e-06	-3.3289240158730445e-06	0.0
-1.0438329920914947e-06	-3.2384246479367718e-06	0.0
-1.1470945578727358e-06	-3.2384246479367718e-06	0.0
-1.1470945578727358e-06	-3.3289240158730445e-06	0.0
-1.1470945578727358e-06	-3.509922751745589e-06	0.0
-1.1470945578727358e-06	-3.6909214876181335e-06	0.0
-1.2503561236539773e-06	-3.962419591426951e-06	0.0
-1.2503561236539773e-06	-4.143418327299496e-06	0.0
-1.2503561236539773e-06	-4.143418327299496e-06	0.0
-1.3536176894352184e-06	-4.233917695235769e-06	0.0
-1.3536176894352184e-06	-4.233917695235769e-06	0.0
-1.3536176894352184e-06	-4.143418327299496e-06	0.0
-1.45687925521646e-06	-4.324417063172041e-06	0.0
-1.45687925521646e-06	-4.414916431108313e-06	0.0
-1.45687925521646e-06	-4.414916431108313e-06	0.0
-1.560140820997701e-06	-4.595915166980858e-06	0.0
-1.560140820997701e-06	-4.8674132707896755e-06	0.0
-1.560140820997701e-06	-4.957912638725948e-06	0.0
-1.6634023867789425e-06	-5.048412006662221e-06	0.0
-1.6634023867789425e-06	-5.138911374598492e-06	0.0
-1.6634023867789425e-06	-5.229410742534765e-06	0.0
-1.7666639525601836e-06	-5.319910110471038e-06	0.0
-1.8699255183414251e-06	-5.319910110471038e-06	0.0
-1.7666639525601836e-06	-5.41040947840731e-06	0.0
-1.8699255183414251e-06	-5.591408214279855e-06	0.0
-1.8699255183414251e-06	-5.681907582216128e-06	0.0
-1.9731870841226662e-06	-5.7724069501524e-06	0.0
-1.9731870841226662e-06	-5.953405686024944e-06	0.0
-1.9731870841226662e-06	-6.0439050539612175e-06	0.0
-2.0764486499039073e-06	-6.224903789833762e-06	0.0
-2.0764486499039073e-06	-6.315403157770035e-06	0.0
-2.1797102156851492e-06	-6.496401893642579e-06	0.0
-2.2829717814663903e-06	-6.586901261578852e-06	0.0
-2.2829717814663903e-06	-6.586901261578852e-06	0.0
-2.3862333472476314e-06	-6.677400629515124e-06	0.0
-2.3862333472476314e-06	-6.85839936538767e-06	0.0
-2.4894949130288725e-06	-6.85839936538767e-06	0.0
-2.4894949130288725e-06	-7.039398101260214e-06	0.0
-2.4894949130288725e-06	-7.220396837132759e-06	0.0
-2.592756478810114e-06	-7.310896205069031e-06	0.0
-2.6960180445913555e-06	-7.5823943088778486e-06	0.0
-2.6960180445913555e-06	-7.67289367681412e-06	0.0
-2.7992796103725966e-06	-7.853892412686665e-06	0.0
-2.7992796103725966e-06	-7.944391780622938e-06	0.0
-2.9025411761538377e-06	-8.034891148559212e-06	0.0
-2.9025411761538377e-06	-8.125390516495483e-06	0.0
-2.9025411761538377e-06	-8.215889884431756e-06	0.0
-2.9025411761538377e-06	-8.3968886203043e-06	0.0
-3.0058027419350792e-06	-8.487387988240574e-06	0.0
-3.0058027419350792e-06	-8.577887356176847e-06	0.0
-3.212325873497562e-06	-8.75888609204939e-06	0.0
-3.212325873497562e-06	-8.939884827921934e-06	0.0
-3.315587439278803e-06	-9.12088356379448e-06	0.0
-3.4188490050600445e-06	-9.211382931730752e-06	0.0
-3.522110570841286e-06	-9.301882299667025e-06	0.0
-3.522110570841286e-06	-9.48288103553957e-06	0.0
-3.522110570841286e-06	-9.573380403475843e-06	0.0
-3.4188490050600445e-06	-9.754379139348387e-06	0.0
-3.522110570841286e-06	-9.84487850728466e-06	0.0
-3.625372136622527e-06	-1.0025877243157203e-05	0.0
-3.728633702403768e-06	-1.0116376611093476e-05	0.0
-3.83189526818501e-06	-1.029737534696602e-05	0.0
-3.83189526818501e-06	-1.0478374082838567e-05	0.0
-4.038418399747493e-06	-1.0568873450774838e-05	0.0
-4.038418399747493e-06	-1.0659372818711112e-05	0.0
-4.141679965528733e-06	-1.0840371554583656e-05	0.0
-4.038418399747493e-06	-1.1021370290456202e-05	0.0
-4.038418399747493e-06	-1.1111869658392474e-05	0.0
-4.038418399747493e-06	-1.1292868394265018e-05	0.0
-4.244941531309975e-06	-1.1473867130137563e-05	0.0
-4.348203097091216e-06	-1.1654865866010107e-05	0.0
-4.348203097091216e-06	-1.174536523394638e-05	0.0
-4.554726228653699e-06	-1.1926363969818925e-05	0.0
-4.554726228653699e-06	-1.2107362705691471e-05	0.0
-4.554726228653699e-06	-1.2197862073627743e-05	0.0
-4.65798779443494e-06	-1.2378860809500289e-05	0.0
-4.65798779443494e-06	-1.2559859545372832e-05	0.0
-4.761249360216181e-06	-1.2650358913309105e-05	0.0
-4.761249360216181e-06	-1.283135764918165e-05	0.0
-4.864510925997423e-06	-1.3012356385054194e-05	0.0
-4.967772491778663e-06	-1.3102855752990467e-05	0.0
-4.967772491778663e-06	-1.3283854488863013e-05	0.0
-5.071034057559905e-06	-1.3464853224735558e-05	0.0
-5.174295623341146e-06	-1.3645851960608102e-05	0.0
-5.174295623341146e-06	-1.3736351328544375e-05	0.0
-5.2775571891223875e-06	-1.3917350064416918e-05	0.0
-5.2775571891223875e-06	-1.4007849432353191e-05	0.0
-5.4840803206848705e-06	-1.4188848168225736e-05	0.0
-5.587341886466112e-06	-1.4369846904098282e-05	0.0
-5.587341886466112e-06	-1.4550845639970827e-05	0.0
-5.6906034522473535e-06	-1.4731844375843371e-05	0.0
-5.6906034522473535e-06	-1.5003342479652189e-05	0.0
-5.6906034522473535e-06	-1.5184341215524733e-05	0.0
-5.793865018028594e-06	-1.5365339951397276e-05	0.0
-5.897126583809836e-06	-1.545583931933355e-05	0.0
-6.103649715372318e-06	-1.5636838055206097e-05	0.0
-6.20691128115356e-06	-1.581783679107864e-05	0.0
-6.20691128115356e-06	-1.581783679107864e-05	0.0
-6.3101728469348e-06	-1.5998835526951183e-05	0.0
-6.20691128115356e-06	-1.617983426282373e-05	0.0
-6.3101728469348e-06	-1.6451332366632547e-05	0.0
-6.413434412716042e-06	-1.6722830470441364e-05	0.0
-6.413434412716042e-06	-1.690382920631391e-05	0.0
-6.619957544278524e-06	-1.7084827942186453e-05	0.0
-6.723219110059766e-06	-1.7175327310122728e-05	0.0
-6.826480675841007e-06	-1.735632604599527e-05	0.0
-6.826480675841007e-06	-1.7537324781867817e-05	0.0
-6.929742241622248e-06	-1.762782414980409e-05	0.0
-6.929742241622248e-06	-1.7808822885676635e-05	0.0
-7.03300380740349e-06	-1.798982162154918e-05	0.0
-7.1362653731847305e-06	-1.8261319725358e-05	0.0
-7.2395269389659725e-06	-1.8532817829166813e-05	0.0
-7.342788504747214e-06	-1.8713816565039356e-05	0.0
-7.446050070528455e-06	-1.8985314668848173e-05	0.0
-7.446050070528455e-06	-1.9075814036784448e-05	0.0
-7.5493116363096966e-06	-1.916631340472072e-05	0.0
-7.652573202090938e-06	-1.9347312140593266e-05	0.0
-7.75583476787218e-06	-1.952831087646581e-05	0.0
-7.75583476787218e-06	-1.9799808980274626e-05	0.0
-7.85909633365342e-06	-1.9980807716147173e-05	0.0
-8.065619465215902e-06	-2.016180645201972e-05	0.0
-8.168881030997144e-06	-2.034280518789226e-05	0.0
-8.168881030997144e-06	-2.061430329170108e-05	0.0
-8.272142596778386e-06	-2.0795302027573626e-05	0.0
-8.272142596778386e-06	-2.097630076344617e-05	0.0
-8.375404162559626e-06	-2.115729949931871e-05	0.0
-8.478665728340868e-06	-2.1338298235191257e-05	0.0
-8.58192729412211e-06	-2.1519296971063804e-05	0.0
-8.68518885990335e-06	-2.179079507487262e-05	0.0
-8.788450425684592e-06	-2.206229317868144e-05	0.0
-8.891711991465832e-06	-2.2333791282490257e-05	0.0
-8.891711991465832e-06	-2.2424290650426528e-05	0.0
-8.994973557247074e-06	-2.2605289386299074e-05	0.0
-9.098235123028316e-06	-2.278628812217162e-05	0.0
-9.098235123028316e-06	-2.2876787490107892e-05	0.0
-9.201496688809557e-06	-2.3057786225980438e-05	0.0
-9.40801982037204e-06	-2.3329284329789256e-05	0.0
-9.51128138615328e-06	-2.3510283065661795e-05	0.0
-9.717804517715763e-06	-2.3781781169470613e-05	0.0
-9.821066083497005e-06	-2.396277990534316e-05	0.0
-9.717804517715763e-06	-2.4143778641215705e-05	0.0
-9.717804517715763e-06	-2.4415276745024523e-05	0.0
-9.821066083497005e-06	-2.4596275480897066e-05	0.0
-9.821066083497005e-06	-2.4867773584705883e-05	0.0
-9.924327649278247e-06	-2.51392716885147e-05	0.0
-1.023411234662197e-05	-2.5320270424387247e-05	0.0
-1.0440635478184453e-05	-2.5501269160259794e-05	0.0
-1.0647158609746935e-05	-2.577276726406861e-05	0.0
-1.0647158609746935e-05	-2.5863266632004883e-05	0.0
-1.0750420175528175e-05	-2.6044265367877425e-05	0.0
-1.0750420175528175e-05	-2.6315763471686243e-05	0.0
-1.0647158609746935e-05	-2.6496762207558786e-05	0.0
-1.0750420175528175e-05	-2.6768260311367604e-05	0.0
-1.0750420175528175e-05	-2.703975841517642e-05	0.0
-1.095694330709066e-05	-2.7401755886921514e-05	0.0
-1.1163466438653142e-05	-2.7582754622794056e-05	0.0
-1.1266728004434383e-05	-2.767325399073033e-05	0.0
-1.1473251135996866e-05	-2.7854252726602874e-05	0.0
-1.1473251135996866e-05	-2.803525146247542e-05	0.0
-1.1576512701778108e-05	-2.8306749566284238e-05	0.0
-1.1679774267559348e-05	-2.8487748302156784e-05	0.0
-1.1679774267559348e-05	-2.884974577390187e-05	0.0
-1.178303583334059e-05	-2.9030744509774416e-05	0.0
-1.188629739912183e-05	-2.9302242613583234e-05	0.0
-1.1989558964903072e-05	-2.9483241349455777e-05	0.0
-1.2196082096465556e-05	-2.9664240085328323e-05	0.0
-1.2299343662246796e-05	-2.993573818913714e-05	0.0
-1.2402605228028036e-05	-3.0207236292945958e-05	0.0
-1.2505866793809278e-05	-3.0478734396754776e-05	0.0
-1.2505866793809278e-05	-3.07502325005636e-05	0.0
-1.260912835959052e-05	-3.102173060437241e-05	0.0
-1.2712389925371762e-05	-3.1202729340244954e-05	0.0
-1.2918913056934243e-05	-3.1383728076117503e-05	0.0
-1.3022174622715485e-05	-3.1474227444053775e-05	0.0
-1.3125436188496727e-05	-3.174572554786259e-05	0.0
-1.3228697754277968e-05	-3.201722365167141e-05	0.0
-1.3331959320059209e-05	-3.2288721755480224e-05	0.0
-1.3331959320059209e-05	-3.265071922722531e-05	0.0
-1.343522088584045e-05	-3.292221733103413e-05	0.0
-1.3538482451621691e-05	-3.3193715434842945e-05	0.0
-1.3641744017402933e-05	-3.337471417071549e-05	0.0
-1.3745005583184175e-05	-3.364621227452431e-05	0.0
-1.3745005583184175e-05	-3.382721101039685e-05	0.0
-1.3951528714746657e-05	-3.3917710378333124e-05	0.0
-1.4158051846309139e-05	-3.4189208482141945e-05	0.0
-1.4364574977871623e-05	-3.446070658595076e-05	0.0
-1.4571098109434103e-05	-3.482270405769585e-05	0.0
-1.4674359675215345e-05	-3.5184701529440944e-05	0.0
-1.4777621240996587e-05	-3.5365700265313487e-05	0.0
-1.4674359675215345e-05	-3.554669900118603e-05	0.0
-1.4674359675215345e-05	-3.572769773705858e-05	0.0
-1.488088280677783e-05	-3.599919584086739e-05	0.0
-1.488088280677783e-05	-3.6270693944676214e-05	0.0
-1.498414437255907e-05	-3.654219204848503e-05	0.0
-1.5190667504121552e-05	-3.681369015229385e-05	0.0
-1.5397190635684036e-05	-3.7175687624038935e-05	0.0
-1.560371376724652e-05	-3.7447185727847756e-05	0.0
-1.5810236898809e-05	-3.7718683831656564e-05	0.0
-1.591349846459024e-05	-3.789968256752911e-05	0.0
-1.591349846459024e-05	-3.8080681303401656e-05	0.0
-1.591349846459024e-05	-3.82616800392742e-05	0.0
-1.591349846459024e-05	-3.853317814308302e-05	0.0
-1.601676003037148e-05	-3.8804676246891834e-05	0.0
-1.6223283161933964e-05	-3.9076174350700655e-05	0.0
-1.6326544727715208e-05	-3.943817182244575e-05	0.0
-1.653306785927769e-05	-3.9800169294190833e-05	0.0
-1.6739590990840172e-05	-3.998116803006338e-05	0.0
-1.6842852556621416e-05	-4.02526661338722e-05	0.0
-1.6842852556621416e-05	-4.052416423768102e-05	0.0
-1.6946114122402656e-05	-4.079566234148983e-05	0.0
-1.7049375688183893e-05	-4.1067160445298654e-05	0.0
-1.7152637253965137e-05	-4.133865854910747e-05	0.0
-1.7255898819746377e-05	-4.161015665291629e-05	0.0
-1.735916038552762e-05	-4.18816547567251e-05	0.0
-1.7668945082871345e-05	-4.2243652228470196e-05	0.0
-1.7772206648652585e-05	-4.251515033227901e-05	0.0
-1.787546821443383e-05	-4.2786648436087824e-05	0.0
-1.797872978021507e-05	-4.296764717196037e-05	0.0
-1.8081991345996306e-05	-4.323914527576919e-05	0.0
-1.8081991345996306e-05	-4.342014401164173e-05	0.0
-1.828851447755879e-05	-4.369164211545055e-05	0.0
-1.8391776043340033e-05	-4.3963140219259366e-05	0.0
-1.8598299174902514e-05	-4.423463832306819e-05	0.0
-1.8701560740683757e-05	-4.459663579481327e-05	0.0
-1.8804822306464998e-05	-4.4868133898622094e-05	0.0
-1.890808387224624e-05	-4.513963200243091e-05	0.0
-1.901134543802748e-05	-4.541113010623973e-05	0.0
-1.9114607003808718e-05	-4.5682628210048543e-05	0.0
-1.9217868569589962e-05	-4.6044625681793636e-05	0.0
-1.9424391701152446e-05	-4.631612378560245e-05	0.0
-1.9527653266933686e-05	-4.658762188941127e-05	0.0
-1.963091483271493e-05	-4.6859119993220085e-05	0.0
-1.973417639849617e-05	-4.7130618097028906e-05	0.0
-1.983743796427741e-05	-4.740211620083772e-05	0.0
-2.0043961095839894e-05	-4.776411367258281e-05	0.0
-2.0147222661621138e-05	-4.803561177639163e-05	0.0
-2.0250484227402375e-05	-4.830710988020044e-05	0.0
-2.045700735896486e-05	-4.857860798400926e-05	0.0
-2.0663530490527342e-05	-4.885010608781808e-05	0.0
-2.0766792056308583e-05	-4.91216041916269e-05	0.0
-2.0766792056308583e-05	-4.9483601663371984e-05	0.0
-2.0870053622089823e-05	-4.9755099767180805e-05	0.0
-2.1076576753652307e-05	-5.002659787098962e-05	0.0
-2.117983831943355e-05	-5.029809597479844e-05	0.0
-2.1283099885214787e-05	-5.0660093446543526e-05	0.0
-2.148962301677727e-05	-5.093159155035235e-05	0.0
-2.1696146148339755e-05	-5.120308965416116e-05	0.0
-2.1799407714120995e-05	-5.156508712590625e-05	0.0
-2.1902669279902235e-05	-5.1836585229715074e-05	0.0
-2.210919241146472e-05	-5.219858270146016e-05	0.0
-2.2212453977245963e-05	-5.247008080526898e-05	0.0
-2.2212453977245963e-05	-5.2741578909077795e-05	0.0
-2.2315715543027203e-05	-5.3013077012886616e-05	0.0
-2.2522238674589684e-05	-5.3375074484631695e-05	0.0
-2.2625500240370924e-05	-5.3646572588440516e-05	0.0
-2.2832023371933408e-05	-5.391807069224933e-05	0.0
-2.303854650349589e-05	-5.428006816399442e-05	0.0
-2.3141808069277132e-05	-5.4551566267803244e-05	0.0
-2.3348331200839616e-05	-5.491356373954833e-05	0.0
-2.3451592766620856e-05	-5.518506184335715e-05	0.0
-2.3451592766620856e-05	-5.5456559947165965e-05	0.0
-2.3554854332402096e-05	-5.581855741891106e-05	0.0
-2.376137746396458e-05	-5.609005552271988e-05	0.0
-2.386463902974582e-05	-5.636155362652869e-05	0.0
-2.4174423727089544e-05	-5.6723551098273785e-05	0.0
-2.4277685292870788e-05	-5.69950492020826e-05	0.0
-2.438094685865203e-05	-5.726654730589142e-05	0.0
-2.458746999021451e-05	-5.7628544777636506e-05	0.0
-2.469073155599575e-05	-5.79905422493816e-05	0.0
-2.4793993121776993e-05	-5.8352539721126684e-05	0.0
-2.4897254687558233e-05	-5.86240378249355e-05	0.0
-2.5000516253339477e-05	-5.889553592874432e-05	0.0
-2.5103777819120717e-05	-5.9257533400489405e-05	0.0
-2.541356251646444e-05	-5.9529031504298226e-05	0.0
-2.5516824082245685e-05	-5.989102897604332e-05	0.0
-2.572334721380816e-05	-6.016252707985213e-05	0.0
-2.5826608779589405e-05	-6.0524524551597225e-05	0.0
-2.5929870345370646e-05	-6.079602265540604e-05	0.0
-2.613639347693313e-05	-6.115802012715113e-05	0.0
-2.6239655042714373e-05	-6.142951823095995e-05	0.0
-2.6239655042714373e-05	-6.179151570270505e-05	0.0
-2.6446178174276854e-05	-6.206301380651385e-05	0.0
-2.6549439740058097e-05	-6.242501127825895e-05	0.0
-2.6755962871620578e-05	-6.269650938206776e-05	0.0
-2.7065747568964302e-05	-6.305850685381286e-05	0.0
-2.7272270700526786e-05	-6.333000495762167e-05	0.0
-2.7375532266308026e-05	-6.369200242936677e-05	0.0
-2.7478793832089266e-05	-6.405399990111185e-05	0.0
-2.758205539787051e-05	-6.432549800492067e-05	0.0
-2.768531696365175e-05	-6.468749547666576e-05	0.0
-2.778857852943299e-05	-6.495899358047458e-05	0.0
-2.789184009521423e-05	-6.532099105221966e-05	0.0
-2.8098363226776714e-05	-6.568298852396476e-05	0.0
-2.8304886358339198e-05	-6.595448662777356e-05	0.0
-2.851140948990168e-05	-6.631648409951866e-05	0.0
-2.8717932621464163e-05	-6.667848157126374e-05	0.0
-2.8821194187245406e-05	-6.694997967507256e-05	0.0
-2.9027717318807883e-05	-6.731197714681765e-05	0.0
-2.9130978884589127e-05	-6.767397461856274e-05	0.0
-2.9130978884589127e-05	-6.794547272237156e-05	0.0
-2.9234240450370367e-05	-6.830747019411666e-05	0.0
-2.944076358193285e-05	-6.866946766586174e-05	0.0
-2.9647286713495335e-05	-6.894096576967056e-05	0.0
-2.9957071410839056e-05	-6.930296324141565e-05	0.0
-3.016359454240154e-05	-6.966496071316073e-05	0.0
-3.0370117673964023e-05	-7.002695818490583e-05	0.0
-3.0473379239745264e-05	-7.029845628871464e-05	0.0
-3.057664080552651e-05	-7.0750953128396e-05	0.0
-3.0679902371307744e-05	-7.11129506001411e-05	0.0
-3.088642550287023e-05	-7.138444870394991e-05	0.0
-3.088642550287023e-05	-7.165594680775873e-05	0.0
-3.098968706865147e-05	-7.201794427950383e-05	0.0
-3.1196210200213956e-05	-7.237994175124892e-05	0.0
-3.1402733331776436e-05	-7.2741939222994e-05	0.0
-3.1609256463338917e-05	-7.31039366947391e-05	0.0
-3.1815779594901404e-05	-7.346593416648419e-05	0.0
-3.2022302726463884e-05	-7.391843100616555e-05	0.0
-3.212556429224513e-05	-7.428042847791064e-05	0.0
-3.233208742380761e-05	-7.455192658171946e-05	0.0
-3.243534898958885e-05	-7.482342468552828e-05	0.0
-3.274513368693257e-05	-7.509492278933709e-05	0.0
-3.284839525271381e-05	-7.545692026108219e-05	0.0
-3.295165681849505e-05	-7.572841836489099e-05	0.0
-3.3054918384276294e-05	-7.609041583663609e-05	0.0
-3.315817995005754e-05	-7.663341204425371e-05	0.0
-3.336470308162002e-05	-7.69954095159988e-05	0.0
-3.346796464740126e-05	-7.744790635568017e-05	0.0
-3.367448777896374e-05	-7.771940445948898e-05	0.0
-3.388101091052623e-05	-7.808140193123408e-05	0.0
-3.419079560786995e-05	-7.826240066710662e-05	0.0
-3.4397318739432434e-05	-7.86243981388517e-05	0.0
-3.460384187099492e-05	-7.898639561059679e-05	0.0
-3.470710343677616e-05	-7.934839308234189e-05	0.0
-3.470710343677616e-05	-7.980088992202325e-05	0.0
-3.4810365002557395e-05	-8.025338676170462e-05	0.0
-3.501688813411988e-05	-8.06153842334497e-05	0.0
-3.522341126568236e-05	-8.097738170519479e-05	0.0
-3.542993439724484e-05	-8.133937917693989e-05	0.0
-3.563645752880733e-05	-8.16108772807487e-05	0.0
-3.584298066036981e-05	-8.188237538455752e-05	0.0
-3.5946242226151054e-05	-8.215387348836634e-05	0.0
-3.6152765357713535e-05	-8.26063703280477e-05	0.0
-3.625602692349478e-05	-8.296836779979279e-05	0.0
-3.646255005505726e-05	-8.351136400741043e-05	0.0
-3.65658116208385e-05	-8.387336147915552e-05	0.0
-3.677233475240098e-05	-8.42353589509006e-05	0.0
-3.6978857883963463e-05	-8.45973564226457e-05	0.0
-3.7185381015525944e-05	-8.495935389439079e-05	0.0
-3.739190414708843e-05	-8.523085199819961e-05	0.0
-3.749516571286967e-05	-8.559284946994469e-05	0.0
-3.759842727865091e-05	-8.595484694168978e-05	0.0
-3.78049504102134e-05	-8.640734378137114e-05	0.0
-3.801147354177588e-05	-8.685984062105249e-05	0.0
-3.821799667333836e-05	-8.722183809279759e-05	0.0
-3.842451980490085e-05	-8.758383556454268e-05	0.0
-3.863104293646333e-05	-8.794583303628776e-05	0.0
-3.8837566068025815e-05	-8.821733114009658e-05	0.0
-3.8837566068025815e-05	-8.857932861184167e-05	0.0
-3.9044089199588295e-05	-8.903182545152303e-05	0.0
-3.925061233115077e-05	-8.94843222912044e-05	0.0
-3.935387389693201e-05	-8.98463197629495e-05	0.0
-3.966365859427574e-05	-9.020831723469458e-05	0.0
-3.9870181725838224e-05	-9.057031470643967e-05	0.0
-3.997344329161946e-05	-9.093231217818477e-05	0.0
-4.017996642318195e-05	-9.129430964992985e-05	0.0
-4.038648955474443e-05	-9.174680648961122e-05	0.0
-4.0593012686306916e-05	-9.201830459342004e-05	0.0
-4.069627425208815e-05	-9.238030206516512e-05	0.0
-4.090279738365064e-05	-9.283279890484649e-05	0.0
-4.110932051521312e-05	-9.319479637659157e-05	0.0
-4.1315843646775594e-05	-9.355679384833667e-05	0.0
-4.141910521255684e-05	-9.400929068801802e-05	0.0
-4.1625628344119325e-05	-9.437128815976312e-05	0.0
-4.1832151475681806e-05	-9.482378499944449e-05	0.0
-4.2038674607244286e-05	-9.518578247118957e-05	0.0
-4.2245197738806774e-05	-9.563827931087094e-05	0.0
-4.234845930458801e-05	-9.600027678261602e-05	0.0
-4.25549824361505e-05	-9.645277362229739e-05	0.0
-4.276150556771298e-05	-9.681477109404248e-05	0.0
-4.2968028699275465e-05	-9.717676856578756e-05	0.0
-4.3174551830837946e-05	-9.753876603753264e-05	0.0
-4.327781339661919e-05	-9.790076350927774e-05	0.0
-4.348433652818166e-05	-9.826276098102283e-05	0.0
-4.369085965974415e-05	-9.880575718864046e-05	0.0
-4.389738279130663e-05	-9.916775466038555e-05	0.0
-4.410390592286911e-05	-9.962025150006692e-05	0.0
-4.4207167488650355e-05	-9.9982248971812e-05	0.0
-4.441369062021284e-05	-0.00010034424644355709	0.0
-4.462021375177532e-05	-0.00010070624391530219	0.0
-4.48267368833378e-05	-0.00010106824138704727	0.0
-4.503326001490029e-05	-0.00010152073822672864	0.0
-4.523978314646277e-05	-0.00010188273569847372	0.0
-4.544630627802526e-05	-0.00010233523253815509	0.0
-4.554956784380649e-05	-0.00010278772937783645	0.0
-4.5756090975368976e-05	-0.00010324022621751782	0.0
-4.5962614106931456e-05	-0.00010369272305719918	0.0
-4.616913723849394e-05	-0.000103964221161008	0.0
-4.6375660370056424e-05	-0.00010432621863275309	0.0
-4.668544506740015e-05	-0.00010468821610449817	0.0
-4.678870663318139e-05	-0.00010514071294417954	0.0
-4.699522976474387e-05	-0.0001055932097838609	0.0
-4.7098491330525116e-05	-0.00010604570662354226	0.0
-4.7305014462087596e-05	-0.00010649820346322363	0.0
-4.740827602786884e-05	-0.00010686020093496871	0.0
-4.761479915943132e-05	-0.00010731269777465006	0.0
-4.78213222909938e-05	-0.00010767469524639516	0.0
-4.8131106988337525e-05	-0.00010803669271814025	0.0
-4.8337630119900006e-05	-0.00010848918955782161	0.0
-4.854415325146249e-05	-0.00010894168639750298	0.0
-4.875067638302497e-05	-0.0001094846826051206	0.0
-4.8957199514587454e-05	-0.0001098466800768657	0.0
-4.9266984211931185e-05	-0.00011029917691654707	0.0
-4.937024577771242e-05	-0.00011057067502035588	0.0
-4.957676890927491e-05	-0.00011093267249210097	0.0
-4.978329204083739e-05	-0.00011129466996384606	0.0
-4.978329204083739e-05	-0.00011183766617146369	0.0
-4.998981517239986e-05	-0.00011229016301114505	0.0
-5.0299599869743594e-05	-0.00011274265985082642	0.0
-5.0506123001306074e-05	-0.00011319515669050778	0.0
-5.0712646132868555e-05	-0.00011355715416225288	0.0
-5.091916926443104e-05	-0.00011400965100193423	0.0
-5.112569239599352e-05	-0.00011437164847367933	0.0
-5.1228953961774766e-05	-0.00011473364594542441	0.0
-5.143547709333725e-05	-0.00011518614278510578	0.0
-5.1642000224899734e-05	-0.00011563863962478714	0.0
-5.1848523356462214e-05	-0.0001160911364644685	0.0
-5.2055046488024695e-05	-0.00011654363330414987	0.0
-5.236483118536842e-05	-0.00011699613014383123	0.0
-5.25713543169309e-05	-0.00011735812761557632	0.0
-5.2881139014274624e-05	-0.00011781062445525767	0.0
-5.308766214583711e-05	-0.00011826312129493903	0.0
-5.319092371161835e-05	-0.0001187156181346204	0.0
-5.3397446843180835e-05	-0.00011907761560636548	0.0
-5.3397446843180835e-05	-0.00011953011244604685	0.0
-5.3603969974743316e-05	-0.00011998260928572821	0.0
-5.391375467208704e-05	-0.00012052560549334585	0.0
-5.412027780364953e-05	-0.00012088760296509094	0.0
-5.4430062500993244e-05	-0.0001213400998047723	0.0
-5.4636585632555725e-05	-0.00012161159790858112	0.0
-5.494637032989945e-05	-0.00012206409474826247	0.0
-5.5152893461461936e-05	-0.00012251659158794384	0.0
-5.535941659302442e-05	-0.0001229690884276252	0.0
-5.55659397245869e-05	-0.00012351208463524284	0.0
-5.566920129036814e-05	-0.0001239645814749242	0.0
-5.587572442193063e-05	-0.00012450757768254185	0.0
-5.608224755349311e-05	-0.00012486957515428694	0.0
-5.618550911927435e-05	-0.00012523157262603202	0.0
-5.6392032250836826e-05	-0.0001255935700977771	0.0
-5.6598555382399306e-05	-0.00012604606693745847	0.0
-5.6805078513961794e-05	-0.00012649856377713983	0.0
-5.711486321130552e-05	-0.00012695106061682117	0.0
-5.7321386342868e-05	-0.00012740355745650256	0.0
-5.7734432605992966e-05	-0.00012803705303205646	0.0
-5.783769417177421e-05	-0.00012848954987173782	0.0
-5.804421730333669e-05	-0.00012876104797554663	0.0
-5.825074043489918e-05	-0.00012921354481522802	0.0
-5.845726356646166e-05	-0.00012966604165490935	0.0
-5.866378669802414e-05	-0.00013011853849459075	0.0
-5.8767048263805375e-05	-0.00013066153470220836	0.0
-5.897357139536786e-05	-0.00013111403154188972	0.0
-5.918009452693034e-05	-0.0001315665283815711	0.0
-5.948987922427407e-05	-0.00013210952458918873	0.0
-5.979966392161779e-05	-0.00013247152206093382	0.0
-6.000618705318028e-05	-0.0001328335195326789	0.0
-6.021271018474276e-05	-0.000133195517004424	0.0
-6.0419233316305246e-05	-0.00013364801384410535	0.0
-6.062575644786773e-05	-0.00013410051068378672	0.0
-6.08322795794302e-05	-0.00013473400625934064	0.0
-6.103880271099268e-05	-0.00013527700246695825	0.0
-6.13485874083364e-05	-0.0001358199986745759	0.0
-6.155511053989889e-05	-0.00013636299488219353	0.0
-6.176163367146138e-05	-0.00013663449298600234	0.0
-6.196815680302387e-05	-0.00013699649045774743	0.0
-6.217467993458634e-05	-0.0001373584879294925	0.0
-6.238120306614883e-05	-0.0001377204854012376	0.0
-6.248446463193006e-05	-0.00013826348160885524	0.0
-6.279424932927379e-05	-0.0001387159784485366	0.0
-6.300077246083628e-05	-0.0001394399733920268	0.0
-6.320729559239875e-05	-0.00013989247023170814	0.0
-6.362034185552372e-05	-0.00014034496707138953	0.0
-6.38268649870862e-05	-0.00014070696454313462	0.0
-6.403338811864869e-05	-0.00014115946138281595	0.0
-6.413664968442992e-05	-0.00014152145885456104	0.0
-6.434317281599241e-05	-0.00014197395569424243	0.0
-6.454969594755488e-05	-0.00014242645253392377	0.0
-6.475621907911737e-05	-0.0001429694487415414	0.0
-6.506600377646111e-05	-0.00014351244494915905	0.0
-6.527252690802358e-05	-0.0001440554411567767	0.0
-6.55823116053673e-05	-0.00014450793799645803	0.0
-6.589209630271103e-05	-0.00014496043483613942	0.0
-6.60986194342735e-05	-0.0001453224323078845	0.0
-6.620188100005475e-05	-0.00014577492914756584	0.0
-6.640840413161724e-05	-0.00014613692661931093	0.0
-6.671818882896095e-05	-0.00014667992282692857	0.0
-6.692471196052344e-05	-0.0001472229190345462	0.0
-6.723449665786716e-05	-0.00014767541587422758	0.0
-6.744101978942965e-05	-0.00014821841208184522	0.0
-6.775080448677337e-05	-0.00014867090892152658	0.0
-6.795732761833585e-05	-0.00014912340576120795	0.0
-6.816385074989834e-05	-0.00014957590260088928	0.0
-6.816385074989834e-05	-0.00015002839944057067	0.0
-6.847363544724206e-05	-0.000150480896280252	0.0
-6.878342014458578e-05	-0.00015102389248786965	0.0
-6.909320484192951e-05	-0.00015147638932755104	0.0
-6.929972797349198e-05	-0.00015192888616723238	0.0
-6.971277423661696e-05	-0.00015238138300691377	0.0
-6.991929736817944e-05	-0.0001529243792145314	0.0
-7.012582049974192e-05	-0.00015337687605421275	0.0
-7.03323436313044e-05	-0.0001538293728938941	0.0
-7.053886676286689e-05	-0.00015428186973357548	0.0
-7.064212832864813e-05	-0.0001548248659411931	0.0
-7.095191302599185e-05	-0.00015527736278087446	0.0
-7.115843615755434e-05	-0.00015591085835642838	0.0
-7.136495928911683e-05	-0.00015636335519610971	0.0
-7.167474398646054e-05	-0.00015690635140372736	0.0
-7.198452868380428e-05	-0.00015726834887547244	0.0
-7.219105181536675e-05	-0.00015772084571515383	0.0
-7.239757494692924e-05	-0.00015817334255483517	0.0
-7.270735964427296e-05	-0.0001587163387624528	0.0
-7.291388277583543e-05	-0.00015916883560213418	0.0
-7.312040590739792e-05	-0.00015962133244181554	0.0
-7.353345217052288e-05	-0.00016025482801736946	0.0
-7.373997530208537e-05	-0.0001607978242249871	0.0
-7.38432368678666e-05	-0.00016125032106466844	0.0
-7.40497599994291e-05	-0.00016170281790434983	0.0
-7.435954469677282e-05	-0.00016215531474403117	0.0
-7.466932939411654e-05	-0.00016260781158371256	0.0
-7.487585252567902e-05	-0.0001630603084233939	0.0
-7.50823756572415e-05	-0.00016360330463101154	0.0
-7.539216035458523e-05	-0.00016414630083862915	0.0
-7.570194505192895e-05	-0.0001646892970462468	0.0
-7.590846818349144e-05	-0.00016523229325386444	0.0
-7.611499131505393e-05	-0.00016577528946148208	0.0
-7.63215144466164e-05	-0.00016622778630116341	0.0
-7.652803757817889e-05	-0.0001665897837729085	0.0
-7.683782227552261e-05	-0.00016713277998052614	0.0
-7.704434540708508e-05	-0.00016758527682020753	0.0
-7.735413010442881e-05	-0.00016803777365988887	0.0
-7.766391480177253e-05	-0.0001685807698675065	0.0
-7.797369949911626e-05	-0.00016903326670718788	0.0
-7.818022263067874e-05	-0.00016957626291480552	0.0
-7.828348419646e-05	-0.0001702097584903594	0.0
-7.85932688938037e-05	-0.00017075275469797705	0.0
-7.879979202536619e-05	-0.00017120525153765842	0.0
-7.900631515692868e-05	-0.00017165774837733978	0.0
-7.941936142005364e-05	-0.00017211024521702114	0.0
-7.962588455161613e-05	-0.0001726532414246388	0.0
-7.993566924895984e-05	-0.00017310573826432012	0.0
-8.014219238052233e-05	-0.00017355823510400151	0.0
-8.045197707786605e-05	-0.00017410123131161913	0.0
-8.065850020942854e-05	-0.00017464422751923674	0.0
-8.076176177520977e-05	-0.00017518722372685439	0.0
-8.107154647255351e-05	-0.0001758207193024083	0.0
-8.127806960411597e-05	-0.00017627321614208967	0.0
-8.169111586724095e-05	-0.00017681621234970729	0.0
-8.189763899880342e-05	-0.0001771782098214524	0.0
-8.220742369614716e-05	-0.00017772120602907	0.0
-8.241394682770965e-05	-0.00017826420223668766	0.0
-8.262046995927212e-05	-0.00017871669907636902	0.0
-8.293025465661584e-05	-0.00017925969528398666	0.0
-8.313677778817833e-05	-0.00017989319085954055	0.0
-8.344656248552204e-05	-0.00018034568769922195	0.0
-8.365308561708453e-05	-0.0001808886839068396	0.0
-8.396287031442825e-05	-0.0001814316801144572	0.0
-8.416939344599074e-05	-0.00018188417695413857	0.0
-8.447917814333446e-05	-0.00018242717316175618	0.0
-8.468570127489694e-05	-0.0001827891706335013	0.0
-8.499548597224068e-05	-0.0001833321668411189	0.0
-8.499548597224068e-05	-0.00018387516304873655	0.0
-8.530527066958439e-05	-0.0001844181592563542	0.0
-8.571831693270936e-05	-0.00018505165483190809	0.0
-8.613136319583432e-05	-0.00018559465103952573	0.0
-8.633788632739681e-05	-0.00018613764724714334	0.0
-8.664767102474053e-05	-0.00018659014408682473	0.0
-8.6854194156303e-05	-0.00018713314029444238	0.0
-8.70607172878655e-05	-0.0001875856371341237	0.0
-8.716397885364674e-05	-0.0001879476346058688	0.0
-8.747376355099045e-05	-0.00018858113018142272	0.0
-8.768028668255294e-05	-0.00018912412638904036	0.0
-8.80933329456779e-05	-0.000189667122596658	0.0
-8.850637920880288e-05	-0.0001903006181722119	0.0
-8.871290234036536e-05	-0.00019084361437982954	0.0
-8.902268703770908e-05	-0.00019138661058744715	0.0
-8.922921016927156e-05	-0.0001919296067950648	0.0
-8.943573330083405e-05	-0.00019229160426680988	0.0
-8.953899486661529e-05	-0.00019274410110649127	0.0
-8.984877956395901e-05	-0.00019328709731410891	0.0
-9.026182582708397e-05	-0.00019383009352172653	0.0
-9.05716105244277e-05	-0.00019446358909728042	0.0
-9.088139522177142e-05	-0.00019509708467283432	0.0
-9.108791835333391e-05	-0.00019573058024838824	0.0
-9.12944414848964e-05	-0.0001961830770880696	0.0
-9.16042261822401e-05	-0.00019672607329568724	0.0
-9.170748774802136e-05	-0.00019726906950330486	0.0
-9.201727244536508e-05	-0.00019772156634298625	0.0
-9.232705714270879e-05	-0.00019808356381473133	0.0
-9.274010340583376e-05	-0.00019862656002234898	0.0
-9.304988810317749e-05	-0.0001991695562299666	0.0
-9.325641123473998e-05	-0.0001998030518055205	0.0
-9.35661959320837e-05	-0.00020034604801313813	0.0
-9.377271906364617e-05	-0.00020097954358869205	0.0
-9.387598062942742e-05	-0.00020161303916424594	0.0
-9.418576532677115e-05	-0.00020206553600392733	0.0
-9.439228845833362e-05	-0.00020260853221154497	0.0
-9.48053347214586e-05	-0.0002030610290512263	0.0
-9.521838098458356e-05	-0.0002035135258909077	0.0
-9.542490411614604e-05	-0.00020405652209852531	0.0
-9.573468881348976e-05	-0.00020450901893820668	0.0
-9.594121194505224e-05	-0.00020514251451376057	0.0
-9.614773507661473e-05	-0.00020586650945725074	0.0
-9.635425820817722e-05	-0.00020640950566486838	0.0
-9.666404290552093e-05	-0.00020713350060835856	0.0
-9.70770891686459e-05	-0.00020776699618391248	0.0
-9.738687386598963e-05	-0.00020812899365565756	0.0
-9.759339699755211e-05	-0.00020858149049533893	0.0
-9.790318169489582e-05	-0.00020912448670295657	0.0
-9.821296639223956e-05	-0.00020948648417470165	0.0
-9.83162279580208e-05	-0.00021011997975025557	0.0
-9.862601265536451e-05	-0.00021066297595787322	0.0
-9.893579735270825e-05	-0.0002112964715334271	0.0
-9.914232048427073e-05	-0.00021192996710898103	0.0
-9.945210518161444e-05	-0.0002126539620524712	0.0
-9.976188987895818e-05	-0.00021319695826008884	0.0
-0.00010017493614208314	-0.00021373995446770646	0.0
-0.00010038145927364563	-0.00021419245130738782	0.0
-0.00010069124397098934	-0.00021464494814706919	0.0
-0.00010079450553677058	-0.00021509744498675055	0.0
-0.00010110429023411432	-0.0002156404411943682	0.0
-0.00010131081336567679	-0.00021627393676992208	0.0
-0.00010172385962880176	-0.000216907432345476	0.0
-0.00010203364432614547	-0.00021745042855309362	0.0
-0.0001025499521550517	-0.0002180839241286475	0.0
-0.00010275647528661416	-0.0002188079190721377	0.0
-0.0001030662599839579	-0.00021926041591181908	0.0
-0.00010337604468130162	-0.00021971291275150044	0.0
-0.00010337604468130162	-0.00022025590895911805	0.0
-0.0001035825678128641	-0.0002207989051667357	0.0
-0.00010389235251020783	-0.0002212514020064171	0.0
-0.00010420213720755154	-0.0002217943982140347	0.0
-0.00010461518347067652	-0.00022233739442165234	0.0
-0.00010502822973380148	-0.00022288039062926999	0.0
-0.00010554453756270768	-0.00022360438557276016	0.0
-0.00010595758382583265	-0.0002241473817803778	0.0
-0.0001060608453916139	-0.00022469037798799544	0.0
-0.00010626736852317638	-0.00022523337419561308	0.0
-0.00010647389165473886	-0.00022568587103529442	0.0
-0.00010668041478630135	-0.00022622886724291206	0.0
-0.0001070934610494263	-0.0002267718634505297	0.0
-0.00010740324574677004	-0.00022731485965814732	0.0
-0.000107816292009895	-0.00022785785586576496	0.0
-0.0001083325998388012	-0.0002284008520733826	0.0
-0.00010864238453614493	-0.00022885334891306394	0.0
-0.00010895216923348864	-0.00022939634512068158	0.0
-0.00010915869236505113	-0.00022993934132829922	0.0
-0.00010946847706239485	-0.00023048233753591684	0.0
-0.00010977826175973858	-0.00023102533374353448	0.0
-0.0001100880464570823	-0.00023156832995115212	0.0
-0.00011050109272020726	-0.00023211132615876977	0.0
-0.00011091413898333224	-0.00023265432236638738	0.0
-0.0001113271852464572	-0.00023319731857400502	0.0
-0.00011174023150958216	-0.00023374031478162266	0.0
-0.00011194675464114465	-0.00023419281162130403	0.0
-0.00011215327777270713	-0.00023473580782892167	0.0
-0.0001125663240358321	-0.0002352788040365393	0.0
-0.00011287610873317582	-0.00023573130087622065	0.0
-0.0001130826318647383	-0.0002362742970838383	0.0
-0.0001135989396936445	-0.00023672679392351966	0.0
-0.00011401198595676946	-0.00023726979013113727	0.0
-0.0001143217706541132	-0.0002378127863387549	0.0
-0.00011473481691723816	-0.00023835578254637255	0.0
-0.00011514786318036314	-0.00023880827938605392	0.0
-0.00011545764787770685	-0.00023935127559367156	0.0
-0.00011587069414083182	-0.0002398942718012892	0.0
-0.00011628374040395678	-0.0002402562692730343	0.0
-0.00011669678666708175	-0.00024079926548065193	0.0
-0.00011700657136442547	-0.00024125176232033327	0.0
-0.00011741961762755043	-0.00024170425916001466	0.0
-0.0001178326638906754	-0.000242156755999696	0.0
-0.0001183489717195816	-0.00024269975220731364	0.0
-0.00011876201798270656	-0.000243152249046995	0.0
-0.0001190718026800503	-0.00024360474588667636	0.0
-0.00011948484894317526	-0.00024405724272635773	0.0
-0.00012000115677208147	-0.00024450973956603907	0.0
-0.00012041420303520643	-0.0002447812376698479	0.0
-0.00012093051086411263	-0.0002452337345095293	0.0
-0.00012144681869301886	-0.00024568623134921063	0.0
-0.00012196312652192506	-0.00024604822882095574	0.0
-0.00012247943435083125	-0.0002465007256606371	0.0
-0.00012289248061395623	-0.0002470437218682547	0.0
-0.00012340878844286244	-0.0002474057193399998	0.0
-0.00012371857314020615	-0.00024785821617968114	0.0
-0.00012423488096911236	-0.00024822021365142625	0.0
-0.0001248544503637998	-0.0002485822111231713	0.0
-0.00012526749662692478	-0.0002489442085949164	0.0
-0.00012568054289004973	-0.00024930620606666154	0.0
-0.00012619685071895594	-0.0002497587029063429	0.0
-0.00012671315854786213	-0.00025021119974602427	0.0
-0.0001271262048109871	-0.0002505731972177693	0.0
-0.00012753925107411208	-0.000251116193425387	0.0
-0.00012795229733723705	-0.00025156869026506833	0.0
-0.00012846860516614326	-0.00025193068773681344	0.0
-0.0001288816514292682	-0.0002522926852085585	0.0
-0.00012939795925817445	-0.0002527451820482399	0.0
-0.0001298110055212994	-0.00025310717951998495	0.0
-0.00013032731335020558	-0.0002535596763596663	0.0
-0.00013084362117911182	-0.00025401217319934773	0.0
-0.00013125666744223677	-0.00025446467003902907	0.0
-0.00013177297527114298	-0.0002549171668787104	0.0
-0.00013228928310004916	-0.00025536966371839174	0.0
-0.0001328055909289554	-0.00025573166119013686	0.0
-0.00013352842188942408	-0.00025609365866188197	0.0
-0.00013414799128411153	-0.00025645565613362703	0.0
-0.00013466429911301772	-0.00025681765360537214	0.0
-0.0001352838685077052	-0.000257089151709181	0.0
-0.00013569691477083017	-0.00025745114918092603	0.0
-0.0001363164841655176	-0.00025772264728473487	0.0
-0.00013693605356020506	-0.00025790364602060737	0.0
-0.00013745236138911125	-0.00025808464475648	0.0
-0.00013817519234957993	-0.0002582656434923525	0.0
-0.00013889802331004864	-0.00025835614286028876	0.0
-0.00013951759270473607	-0.00025844664222822504	0.0
-0.00014003390053364228	-0.0002587181403320338	0.0
-0.00014065346992832973	-0.00025889913906790643	0.0
-0.0001412730393230172	-0.00025917063717171527	0.0
-0.00014189260871770462	-0.000259442135275524	0.0
-0.00014251217811239207	-0.0002596231340113966	0.0
-0.00014313174750707952	-0.00025989463211520544	0.0
-0.0001438545784675482	-0.00025998513148314166	0.0
-0.00014447414786223565	-0.00025998513148314166	0.0
-0.0001450937172569231	-0.0002601661302190142	0.0
-0.0001456100250858293	-0.0002602566295869505	0.0
-0.00014612633291473552	-0.00026043762832282305	0.0
-0.00014674590230942297	-0.0002607091264266319	0.0
-0.00014715894857254795	-0.00026098062453044067	0.0
-0.00014767525640145413	-0.00026125212263424945	0.0
-0.0001480883026645791	-0.00026143312137012206	0.0
-0.00014850134892770405	-0.0002617046194739309	0.0
-0.00014901765675661026	-0.00026197611757773967	0.0
-0.0001496372261512977	-0.00026224761568154845	0.0
-0.00015015353398020392	-0.00026260961315329357	0.0
-0.00015077310337489137	-0.0002629716106250387	0.0
-0.00015149593433536008	-0.00026333360809678374	0.0
-0.00015232202686161	-0.0002638766043044014	0.0
-0.00015294159625629745	-0.0002642386017761465	0.0
-0.00015366442721676614	-0.000264419600512019	0.0
-0.00015438725817723482	-0.0002646005992478916	0.0
-0.0001551100891377035	-0.00026469109861582786	0.0
-0.00015583292009817222	-0.00026478159798376413	0.0
-0.00015665901262442214	-0.00026478159798376413	0.0
-0.00015748510515067204	-0.00026469109861582786	0.0
-0.000158311197676922	-0.00026469109861582786	0.0
-0.0001593438133347344	-0.0002646005992478916	0.0
-0.00016027316742676557	-0.0002646005992478916	0.0
-0.0001610992599530155	-0.000264419600512019	0.0
-0.00016202861404504668	-0.0002641481024082102	0.0
-0.00016295796813707786	-0.0002637861049364651	0.0
-0.00016388732222910902	-0.00026333360809678374	0.0
-0.0001648166763211402	-0.0002627906118891661	0.0
-0.00016595255354473384	-0.00026233811504948473	0.0
-0.00016688190763676503	-0.00026161412010599456	0.0
-0.00016791452329457742	-0.0002611616232663132	0.0
-0.0001688438773866086	-0.00026043762832282305	0.0
-0.000169876493044421	-0.0002597136333793328	0.0
-0.00017070258557067095	-0.00025908013780377893	0.0
-0.00017173520122848335	-0.0002582656434923525	0.0
-0.0001725612937547333	-0.00025745114918092603	0.0
-0.00017359390941254572	-0.0002566366548694996	0.0
-0.00017462652507035812	-0.00025573166119013686	0.0
-0.0001756591407281705	-0.0002549171668787104	0.0
-0.0001765884948202017	-0.00025419317193522024	0.0
-0.00017772437204379536	-0.00025346917699173006	0.0
-0.00017886024926738902	-0.0002526546826803036	0.0
-0.0001800993880567639	-0.00025193068773681344	0.0
-0.0001813385268461388	-0.000251116193425387	0.0
-0.0001825776656355137	-0.0002503016991139605	0.0
-0.0001839200659906698	-0.00024948720480253404	0.0
-0.00018546898947738845	-0.00024867271049110765	0.0
-0.00018670812826676334	-0.0002479487155476174	0.0
-0.00018825705175348195	-0.00024722472060412725	0.0
-0.00018949619054285685	-0.0002465007256606371	0.0
-0.000190838590898013	-0.00024568623134921063	0.0
-0.0001920777296873879	-0.0002447812376698479	0.0
-0.0001933168684767628	-0.0002438762439904852	0.0
-0.00019455600726613767	-0.00024279025157524992	0.0
-0.00019579514605551257	-0.0002417947585279509	0.0
-0.00019713754641066873	-0.00024070876611271563	0.0
-0.00019847994676582483	-0.00023971327306541665	0.0
-0.000199822347120981	-0.00023871778001811764	0.0
-0.00020095822434457465	-0.0002379032857066912	0.0
-0.00020219736313394955	-0.00023708879139526474	0.0
-0.00020333324035754318	-0.000236183797715902	0.0
-0.0002045723791469181	-0.00023536930340447556	0.0
-0.0002056049948047305	-0.0002342833109892403	0.0
-0.00020663761046254292	-0.00023319731857400502	0.0
-0.00020767022612035532	-0.00023183982805496096	0.0
-0.0002085995802123865	-0.00023057283690385314	0.0
-0.00020942567273863645	-0.00022921534638480903	0.0
-0.00021004524213332387	-0.00022785785586576496	0.0
-0.00021066481152801132	-0.00022631936661084831	0.0
-0.00021128438092269877	-0.00022487137672386797	0.0
-0.00021211047344894872	-0.00022333288746895132	0.0
-0.00021273004284363614	-0.00022170389884609842	0.0
-0.00021324635067254235	-0.0002201654095911818	0.0
-0.00021396918163301104	-0.00021844592160039263	0.0
-0.0002145887510276985	-0.0002168169329775397	0.0
-0.00021500179729082346	-0.00021518794435468683	0.0
-0.0002153115819881672	-0.00021355895573183393	0.0
-0.0002156213666855109	-0.00021202046647691728	0.0
-0.00021582788981707338	-0.0002105724765899369	0.0
-0.00021624093608019836	-0.00020912448670295657	0.0
-0.0002165507207775421	-0.0002076764968159762	0.0
-0.00021696376704066707	-0.00020640950566486838	0.0
-0.000217376813303792	-0.00020523301388169685	0.0
-0.00021778985956691696	-0.00020432802020233412	0.0
-0.00021840942896160444	-0.0002034230265229714	0.0
-0.00021892573679051065	-0.00020251803284360867	0.0
-0.00021964856775097934	-0.00020161303916424594	0.0
-0.00022037139871144802	-0.0002007080454848832	0.0
-0.0002210942296719167	-0.00019962205306964795	0.0
-0.00022192032219816663	-0.00019862656002234898	0.0
-0.00022284967629019781	-0.00019735956887124116	0.0
-0.0002235725072506665	-0.00019627357645600588	0.0
-0.00022429533821113518	-0.00019527808340870687	0.0
-0.0002249149076058226	-0.0001942825903614079	0.0
-0.0002251214307373851	-0.00019346809604998144	0.0
-0.00022543121543472884	-0.00019274410110649127	0.0
-0.00022553447700051008	-0.00019202010616300107	0.0
-0.0002258442616978538	-0.0001915676093233197	0.0
-0.00022615404639519753	-0.0001912961112195109	0.0
-0.00022656709265832248	-0.00019102461311570207	0.0
-0.0002270834004872287	-0.00019084361437982954	0.0
-0.0002275997083161349	-0.00019075311501189326	0.0
-0.00022842580084238482	-0.00019057211627602073	0.0
-0.00022894210867129103	-0.00019011961943633934	0.0
-0.00022966493963175972	-0.00018948612386078545	0.0
-0.00023018124746066593	-0.00018849063081348644	0.0
-0.0002305942937237909	-0.0001873141390303149	0.0
-0.00023111060155269711	-0.000185685150407462	0.0
-0.0002313171246842596	-0.00018387516304873655	0.0
-0.0002316269093816033	-0.00018188417695413857	0.0
-0.00023203995564472827	-0.00017962169275573175	0.0
-0.00023224647877629077	-0.00017754020729319748	0.0
-0.00023245300190785322	-0.00017518722372685439	0.0
-0.00023255626347363448	-0.00017283424016051134	0.0
-0.00023255626347363448	-0.00017048125659416825	0.0
-0.00023245300190785322	-0.00016803777365988887	0.0
-0.0002321432172105095	-0.00016568479009354577	0.0
-0.00023173017094738456	-0.00016315080779133017	0.0
-0.00023100733998691588	-0.0001607978242249871	0.0
-0.00023018124746066593	-0.00015817334255483517	0.0
-0.00022914863180285353	-0.00015563936025261954	0.0
-0.00022770296988191614	-0.00015310537795040394	0.0
-0.00022625730796097877	-0.000150480896280252	0.0
-0.0002246051229084789	-0.00014785641461010013	0.0
-0.0002226431531586353	-0.0001452319329399482	0.0
-0.00022068118340879173	-0.00014278845000566888	0.0
-0.00021871921365894815	-0.00014052596580726206	0.0
-0.0002166539823433233	-0.00013862547908060033	0.0
-0.00021448548946191725	-0.00013681549172187487	0.0
-0.00021242025814629243	-0.00013536750183489453	0.0
-0.00021014850369910514	-0.00013401001131585044	0.0
-0.0002080832723834803	-0.0001328335195326789	0.0
-0.0002056049948047305	-0.0001314760290136348	0.0
-0.00020343650192332444	-0.000130209037862527	0.0
-0.00020126800904191836	-0.00012894204671141918	0.0
-0.0001990995161605123	-0.00012749405682443881	0.0
-0.00019693102327910622	-0.00012604606693745847	0.0
-0.00019476253039770017	-0.00012450757768254185	0.0
-0.00019269729908207535	-0.00012287858905968892	0.0
-0.0001906320677664505	-0.00012143059917270857	0.0
-0.00018846357488504445	-0.00011980161054985567	0.0
-0.00018619182043785716	-0.00011826312129493903	0.0
-0.0001838168044248886	-0.00011681513140795869	0.0
-0.00018123526528035754	-0.00011536714152097832	0.0
-0.00017844720300426404	-0.00011382865226606169	0.0
-0.00017545261759660804	-0.00011247116174701761	0.0
-0.00017266455532051453	-0.00011120417059590978	0.0
-0.00016977323147863977	-0.00010993717944480197	0.0
-0.0001670884307683275	-0.0001088511870295667	0.0
-0.00016471341475535894	-0.0001078556939822677	0.0
-0.00016264818343973412	-0.00010676970156703245	0.0
-0.00016089273682145302	-0.00010577420851973344	0.0
-0.00015944707490051562	-0.00010477871547243445	0.0
-0.00015800141297957825	-0.00010342122495339036	0.0
-0.00015686553575598462	-0.00010179223633053746	0.0
-0.00015572965853239096	-9.989174960387573e-05	0.0
-0.00015469704287457853	-9.753876603753264e-05	0.0
-0.0001538709503483286	-9.491428436738075e-05	0.0
-0.00015325138095364116	-9.192780522548376e-05	0.0
-0.0001531481193878599	-8.84888292439054e-05	0.0
-0.0001530448578220787	-8.486885452645451e-05	0.0
-0.0001530448578220787	-8.079638296932225e-05	0.0
-0.00015325138095364116	-7.672391141218999e-05	0.0
-0.00015345790408520367	-7.247044111918518e-05	0.0
-0.00015356116565098487	-6.81264714582441e-05	0.0
-0.00015376768878254738	-6.369200242936677e-05	0.0
-0.00015407747347989109	-5.898603529668059e-05	0.0
-0.0001545937813087973	-5.4370567531930694e-05	0.0
-0.00015521335070348475	-4.9574101031308255e-05	0.0
-0.00015572965853239096	-4.4687135162749544e-05	0.0
-0.0001563492279270784	-3.952867119038202e-05	0.0
-0.00015686553575598462	-3.4279707850078216e-05	0.0
-0.0001572785820191096	-2.894024514183814e-05	0.0
-0.00015748510515067204	-2.3419783697725527e-05	0.0
-0.00015769162828223454	-1.7899322253612906e-05	0.0
-0.00015800141297957825	-1.246936017743656e-05	0.0
-0.00015841445924270322	-7.129897469196486e-06	0.0
-0.00015893076707160944	-1.9714334968289575e-06	0.0
-0.00015965359803207812	3.0965311076022987e-06	0.0
-0.0001605829521241093	7.98349697616101e-06	0.0
-0.00016171882934770297	1.277996347678345e-05	0.0
-0.00016275144500551536	1.7757428713278432e-05	0.0
-0.00016399058379489026	2.2734893949773418e-05	0.0
-0.0001653329841500464	2.7712359186268404e-05	0.0
-0.00016667538450520252	3.278032379069966e-05	0.0
-0.0001683275695577024	3.793878776306719e-05	0.0
-0.00016997975461020227	4.3097251735434714e-05	0.0
-0.00017194172436004585	4.8255715707802246e-05	0.0
-0.00017390369410988943	5.341417968016978e-05	0.0
-0.00017607218699129549	5.85726436525373e-05	0.0
-0.00017834394143848278	6.373110762490483e-05	0.0
-0.00018061569588567012	6.879907222933608e-05	0.0
-0.00018278418876707618	7.377653746583107e-05	0.0
-0.0001851592047800447	7.884450207026232e-05	0.0
-0.0001873276976614508	8.373146793882103e-05	0.0
-0.00018949619054285685	8.879943254325229e-05	0.0
-0.00019166468342426293	9.377689777974728e-05	0.0
-0.0001936266531741065	9.89353617521148e-05	0.0
-0.00019548536135816885	0.00010427482446035488	0.0
-0.00019744733110801244	0.00010952378780065868	0.0
-0.00019930603929207478	0.00011495374987683503	0.0
-0.00020126800904191836	0.00012047421132094764	0.0
-0.00020322997879176194	0.00012590417339712398	0.0
-0.0002052952101073868	0.00013106263736949154	0.0
-0.0002073604414230116	0.00013613060197392276	0.0
-0.00020942567273863645	0.00014101756784248149	0.0
-0.00021169742718582375	0.0001459045337110402	0.0
-0.0002138659200672298	0.0001505200014757901	0.0
-0.00021624093608019836	0.0001554069673443488	0.0
-0.0002188224752247294	0.00016029393321290752	0.0
-0.00022140401436926042	0.0001652713984494025	0.0
-0.00022408881507957268	0.00017033936305383378	0.0
-0.00022667035422410374	0.00017549782702620128	0.0
-0.00022925189336863474	0.00018056579163063256	0.0
-0.00023193669407894704	0.00018581475497093637	0.0
-0.0002346214947892593	0.0001908827195753676	0.0
-0.00023751281863113404	0.00019604118354773516	0.0
-0.00024050740403879008	0.00020110914815216639	0.0
-0.0002436052510122273	0.00020617711275659764	0.0
-0.00024690962111722706	0.00021133557672896517	0.0
-0.0002501107296564455	0.00021658454006926898	0.0
-0.0002532085766298827	0.00022192400277750904	0.0
-0.00025640968516910123	0.00022753496358955794	0.0
-0.00025930100901097597	0.00023314592440160683	0.0
-0.0002623988559844132	0.00023893788394952826	0.0
-0.00026549670295785045	0.00024482034286538596	0.0
-0.00026869781149706896	0.0002506123024133074	0.0
-0.00027210544316784994	0.0002564947613291651	0.0
-0.00027551307483863086	0.0002623772202450228	0.0
-0.0002790239680751931	0.00026816917979294427	0.0
-0.0002822250766144115	0.000274051638708802	0.0
-0.00028552944671941127	0.0002799340976246597	0.0
-0.0002887305552586297	0.0002856355578046448	0.0
-0.00029203492536362946	0.0002914275173525663	0.0
-0.0002952360339028479	0.00029721947690048773	0.0
-0.00029874692713941013	0.00030310193581634543	0.0
-0.0003024643435075348	0.0003091653934680757	0.0
-0.00030628502144144074	0.0003151383517518697	0.0
-0.00031020896094112796	0.0003212923087715362	0.0
-0.0003143394235723776	0.00032726526705533014	0.0
-0.0003186764093351897	0.0003334192240749967	0.0
-0.0003230133950980019	0.0003393016829908544	0.0
-0.000327763427123939	0.0003450031431708396	0.0
-0.0003324101975840948	0.00035061410398288845	0.0
-0.0003373667527415944	0.0003560440660590648	0.0
-0.00034222004633331274	0.00036138352876730485	0.0
-0.0003468668167934686	0.00036672299147554494	0.0
-0.00035120380255628073	0.000372062454183785	0.0
-0.00035512774205596795	0.00037758291562789767	0.0
-0.0003586386352925301	0.00038310337707201026	0.0
-0.00036183974383174856	0.00038871433788405913	0.0
-0.00036473106767362335	0.0003942347993281717	0.0
-0.00036720934525237315	0.0003996647614043481	0.0
-0.00036968762283112294	0.0004050042241125882	0.0
-0.00037195937727831026	0.0004100721887170195	0.0
-0.00037402460859393505	0.0004150496539535144	0.0
-0.00037619310147534113	0.0004197556210862006	0.0
-0.00037805180965940345	0.0004241900901150779	0.0
-0.000380013779409247	0.000428534059776019	0.0
-0.0003820790107248719	0.000432516031965215	0.0
-0.000384247503606278	0.000436498004154411	0.0
-0.000386415996487684	0.00044020847823979817	0.0
-0.0003889975356322151	0.00044409995106105786	0.0
-0.00039126929007940236	0.0004480819232502539	0.0
-0.00039374756765815216	0.0004522448941753224	0.0
-0.0003960193221053395	0.0004565888638362635	0.0
-0.0003984975996840892	0.00046129483096894963	0.0
-0.0004006660925654953	0.00046618179683750833	0.0
-0.00040252480074955767	0.0004712497614419396	0.0
-0.00040438350893362004	0.00047649872478224345	0.0
-0.00040603569398611983	0.0004818381874904835	0.0
-0.0004075846174728385	0.0004874491483025324	0.0
-0.0004089270178279946	0.0004932411078504539	0.0
-0.00041026941818315076	0.0004992140661342478	0.0
-0.00041150855697252565	0.0005053680231539143	0.0
-0.0004127476957619005	0.0005117029789094533	0.0
-0.0004140900961170567	0.0005180379346649925	0.0
-0.00041553575803799405	0.0005245538891564041	0.0
-0.00041708468152471266	0.0005312508423836882	0.0
-0.00041842708187986885	0.0005380382949789086	0.0
-0.0004199760053665874	0.0005449162469420654	0.0
-0.00042152492885330606	0.0005519751976410946	0.0
-0.00042307385234002467	0.0005593056464439326	0.0
-0.00042493256052408704	0.000566726594614707	0.0
-0.00042699779183971183	0.0005743285415213539	0.0
-0.00042926954628689915	0.000582020987795937	0.0
-0.0004316445622998677	0.0005898039334384565	0.0
-0.00043422610144439874	0.0005976773784489122	0.0
-0.00043670437902314853	0.0006057318221952405	0.0
-0.00043928591816767956	0.000613876765309505	0.0
-0.00044176419574642935	0.0006222932065275782	0.0
-0.00044424247332517915	0.000630800147113588	0.0
-0.0004471337971670539	0.0006393975870675338	0.0
-0.00044981859787736615	0.0006479045276535435	0.0
-0.0004528131832850222	0.0006563209688716168	0.0
-0.0004559110302584594	0.0006645564113538175	0.0
-0.00045900887723189667	0.0006724298563642732	0.0
-0.0004622099857711151	0.0006799413039029838	0.0
-0.00046530783274455233	0.0006871812533378856	0.0
-0.0004684056797179896	0.0006939687059331061	0.0
-0.0004715035266914268	0.0007006656591603903	0.0
-0.00047449811209908285	0.0007071816136518019	0.0
-0.0004774926975067388	0.0007135165694073409	0.0
-0.00048038402134861356	0.00071985152516288	0.0
-0.0004832753451904883	0.0007263674796542917	0.0
-0.00048606340746658186	0.0007329739335136395	0.0
-0.000488644946611113	0.0007397613861088599	0.0
-0.0004914330088872064	0.0007469108361758255	0.0
-0.0004940145480317375	0.0007544222837145361	0.0
-0.0004964928256104873	0.0007621147299891192	0.0
-0.0004988678416234558	0.0007698976756316387	0.0
-0.0005008298113732994	0.000777952119377967	0.0
-0.000502791781123143	0.0007860065631242951	0.0
-0.0005045472277414241	0.000794242005606496	0.0
-0.0005059928896623615	0.0008024774480886967	0.0
-0.0005074385515832988	0.0008108033899388338	0.0
-0.0005089874750700174	0.0008193103305248433	0.0
-0.0005103298754251737	0.0008279077704787893	0.0
-0.0005115690142145485	0.0008366862091686077	0.0
-0.0005127048914381422	0.0008452836491225536	0.0
-0.0005135309839643921	0.000854062087812372	0.0
-0.000513944030227517	0.000862659527766318	0.0
-0.000513944030227517	0.0008711664683523274	0.0
-0.0005137375070959545	0.0008794019108345283	0.0
-0.0005132211992670484	0.0008874563545808565	0.0
-0.0005129114145697045	0.0008952393002233759	0.0
-0.0005126016298723609	0.0009029317464979592	0.0
-0.0005126016298723609	0.0009103526946687335	0.0
-0.0005126016298723609	0.0009175926441036353	0.0
-0.0005127048914381422	0.0009248325935385371	0.0
-0.0005127048914381422	0.0009318915442375663	0.0
-0.0005127048914381422	0.0009387694962007231	0.0
-0.0005126016298723609	0.000945737947531816	0.0
-0.0005129114145697045	0.0009525254001270365	0.0
-0.0005134277223986108	0.0009594938514581294	0.0
-0.0005144603380564232	0.0009661908046854136	0.0
-0.0005158027384115793	0.0009730687566485703	0.0
-0.0005175581850298605	0.000979946708611727	0.0
-0.0005194168932139228	0.00098691515994282	0.0
-0.0005210690782664227	0.0009940646100097855	0.0
-0.0005224114786215788	0.0010013045594446871	0.0
-0.0005235473558451724	0.001008544508879589	0.0
-0.0005243734483714224	0.001015874957682427	0.0
-0.0005249930177661098	0.0010232054064852653	0.0
-0.0005255093255950161	0.0010303548565522307	0.0
-0.000526335418121266	0.0010376853053550687	0.0
-0.000527161510647516	0.0010449252547899705	0.0
-0.000528090864739547	0.0010518937061210637	0.0
-0.0005288136957000158	0.0010587716580842204	0.0
-0.0005296397882262657	0.0010656496100473769	0.0
-0.0005301560960551719	0.0010723465632746611	0.0
-0.0005306724038840781	0.0010791340158698814	0.0
-0.0005309821885814218	0.0010859214684651019	0.0
-0.0005312919732787656	0.0010929804191641313	0.0
-0.000531498496410328	0.0011004013673349055	0.0
-0.0005317050195418905	0.0011080938136094887	0.0
-0.0005318082811076718	0.0011163292560916896	0.0
-0.000531911542673453	0.0011248361966776992	0.0
-0.0005322213273707967	0.0011337956341033902	0.0
-0.0005321180658050156	0.0011428455708970173	0.0
-0.0005320148042392342	0.0011522575051623898	0.0
-0.0005317050195418905	0.0011617599387956984	0.0
-0.0005310854501472031	0.001171624369900752	0.0
-0.0005304658807525157	0.0011816697997416783	0.0
-0.000529743049792047	0.0011919867276864134	0.0
-0.0005287104341342345	0.0012024846543670208	0.0
-0.0005278843416079846	0.0012132540791514373	0.0
-0.0005269549875159534	0.0012240235039358538	0.0
-0.0005262321565554847	0.001234702429352334	0.0
-0.0005256125871607973	0.0012452908554008778	0.0
-0.0005249930177661098	0.0012556077833456127	0.0
-0.0005244767099372036	0.001265653213186539	0.0
-0.0005241669252398598	0.0012755176442915928	0.0
-0.000523753878976735	0.0012849295785569651	0.0
-0.0005236506174109537	0.0012943415128223374	0.0
-0.0005235473558451724	0.0013036629477197735	0.0
-0.0005235473558451724	0.0013128033838813368	0.0
-0.000523753878976735	0.0013218533206749642	0.0
-0.0005240636636740787	0.0013308127581006552	0.0
-0.0005244767099372036	0.001340043693630155	0.0
-0.0005247864946345473	0.0013491841297917184	0.0
-0.0005249930177661098	0.0013583245659532822	0.0
-0.0005251995408976723	0.0013674650021148456	0.0
-0.0005255093255950161	0.0013764244395405366	0.0
-0.0005261288949897035	0.0013852933775982913	0.0
-0.0005268517259501722	0.0013938908175522371	0.0
-0.0005278843416079846	0.001402126260034438	0.0
-0.0005292267419631407	0.0014100902044128299	0.0
-0.0005306724038840781	0.0014179636494232855	0.0
-0.0005322213273707967	0.0014254750969619962	0.0
-0.0005337702508575152	0.0014330770438686431	0.0
-0.0005352159127784527	0.0014404979920394174	0.0
-0.0005368680978309526	0.0014480094395781281	0.0
-0.0005385202828834525	0.0014555208871168386	0.0
-0.0005402757295017335	0.0014628513359196767	0.0
-0.0005422376992515772	0.001470272284090451	0.0
-0.0005443029305672019	0.0014777837316291616	0.0
-0.0005465746850143893	0.0014854761779037448	0.0
-0.0005490529625931391	0.0014934401222821368	0.0
-0.0005514279786061076	0.0015014945660284651	0.0
-0.0005539062561848574	0.001509820507878602	0.0
-0.0005563845337636073	0.0015183274484646117	0.0
-0.0005586562882107945	0.0015271058871544302	0.0
-0.0005610313042237631	0.0015361558239480573	0.0
-0.0005630965355393879	0.0015453867594775572	0.0
-0.000565265028420794	0.0015547986937429295	0.0
-0.0005672269981706375	0.0015644821261121106	0.0
-0.0005690857063546999	0.0015743465572171642	0.0
-0.000570841152972981	0.0015843919870580905	0.0
-0.0005724933380254809	0.001594527916266953	0.0
-0.0005741455230779807	0.0016046638454758155	0.0
-0.0005755911849989181	0.0016148902740526143	0.0
-0.0005770368469198555	0.0016248452045256043	0.0
-0.0005782759857092303	0.0016347096356306582	0.0
-0.000579411862932824	0.0016445740667357118	0.0
-0.0005806510017221988	0.0016544384978407654	0.0
-0.0005815803558142301	0.0016641219302099466	0.0
-0.0005825097099062613	0.0016740768606829366	0.0
-0.000583645587129855	0.0016839412917879903	0.0
-0.0005846782027876672	0.0016936247241571714	0.0
-0.0005858140800112609	0.0017033081565263526	0.0
-0.0005871564803664171	0.0017129010895275973	0.0
-0.0005886021422873545	0.001722403523160906	0.0
-0.0005899445426425106	0.001732086955530087	0.0
-0.0005912869429976667	0.0017414988897954595	0.0
-0.0005923195586554792	0.001751001323428768	0.0
-0.0005934554358790729	0.0017606847557979494	0.0
-0.0005942815284053228	0.0017702776887991943	0.0
-0.0005950043593657915	0.001779870621800439	0.0
-0.0005956239287604789	0.0017893730554337478	0.0
-0.0005960369750236038	0.00179878498969912	0.0
-0.0005966565444182914	0.001808106424596556	0.0
-0.000596966329115635	0.001817065862022247	0.0
-0.0005971728522471975	0.0018255728026082565	0.0
-0.0005975858985103224	0.0018337177457225212	0.0
-0.0005976891600761037	0.0018412291932612317	0.0
-0.0005979989447734474	0.0018481071452243886	0.0
-0.0005979989447734474	0.0018543516016119913	0.0
-0.0005981022063392287	0.0018600530617919765	0.0
-0.0005977924216418849	0.0018651210263964076	0.0
-0.0005974826369445411	0.0018696459947932214	0.0
-0.0005968630675498537	0.0018737184663503534	0.0
-0.0005962434981551663	0.001877519439803677	0.0
-0.0005954174056289164	0.0018805964183135104	0.0
-0.0005945913131026664	0.0018834018987195348	0.0
-0.0005938684821421978	0.0018854833841820688	0.0
-0.0005933521743132916	0.0018872028721728582	0.0
-0.0005928358664843853	0.0018881078658522208	0.0
-0.0005925260817870416	0.0018885603626919024	0.0
-0.0005925260817870416	0.0018886508620598386	0.0
-0.0005924228202212604	0.0018881078658522208	0.0
-0.0005927326049186041	0.0018873838709087308	0.0
-0.0005928358664843853	0.0018862978784934955	0.0
-0.0005932489127475104	0.0018853023854461964	0.0
-0.0005934554358790729	0.0018843973917668337	0.0
-0.0005938684821421978	0.0018836733968233435	0.0
-0.0005938684821421978	0.0018833113993515984	0.0
-0.0005937652205764166	0.001883130400615726	0.0
-0.0005933521743132916	0.001883492398087471	0.0
-0.0005928358664843853	0.0018842163930309613	0.0
-0.0005919065123923541	0.0018850308873423875	0.0
-0.0005907706351687605	0.0018861168797576228	0.0
-0.0005893249732478232	0.0018872933715407944	0.0
-0.0005880858344584483	0.001888469863323966	0.0
-0.0005866401725375109	0.00188982735384301	0.0
-0.0005856075568796984	0.0018910943449941178	0.0
-0.0005847814643534486	0.0018925423348810982	0.0
-0.000584161894958761	0.001893809326032206	0.0
-0.000583645587129855	0.0018951668165512502	0.0
-0.0005834390639982924	0.0018966148064382305	0.0
-0.0005833358024325112	0.0018981532956931471	0.0
-0.0005833358024325112	0.0018999632830518725	0.0
-0.0005833358024325112	0.001902044768514407	0.0
-0.0005835423255640736	0.0019043977520807498	0.0
-0.0005837488486956362	0.001907112733118838	0.0
-0.0005840586333929798	0.001910099212260735	0.0
-0.0005842651565245424	0.001913357189506441	0.0
-0.0005843684180903236	0.0019166151667521468	0.0
-0.0005843684180903236	0.0019198731439978526	0.0
-0.0005842651565245424	0.001923040621875622	0.0
-0.000584161894958761	0.0019258461022816464	0.0
-0.000584161894958761	0.0019283800845838622	0.0
-0.0005843684180903236	0.0019307330681502051	0.0
-0.0005846782027876672	0.0019328145536127396	0.0
-0.0005855042953139172	0.0019344435422355925	0.0
-0.0005863303878401671	0.0019360725308584454	0.0
-0.0005875695266295421	0.001937249022641617	0.0
-0.0005889119269846982	0.0019380635169530432	0.0
-0.0005903575889056356	0.0019386970125285972	0.0
-0.0005913902045634479	0.0019392400087362147	0.0
-0.0005923195586554792	0.0019394210074720872	0.0
-0.0005930423896159478	0.0019395115068400236	0.0
-0.000593558697444854	0.0019395115068400236	0.0
-0.0005936619590106352	0.0019394210074720872	0.0
-0.000593558697444854	0.001939330508104151	0.0
-0.0005932489127475104	0.0019390590100003423	0.0
-0.0005928358664843853	0.0019385160137927247	0.0
-0.0005924228202212604	0.001937973017585107	0.0
-0.0005920097739581355	0.001937249022641617	0.0
-0.000591803250826573	0.0019361630302263816	0.0
-0.0005916999892607917	0.0019348960390752736	0.0
-0.000591803250826573	0.0019330860517165482	0.0
-0.0005924228202212604	0.001931004566254014	0.0
-0.0005932489127475104	0.0019284705839517984	0.0
-0.0005945913131026664	0.0019255746041778377	0.0
-0.0005963467597209475	0.0019224071263000682	0.0
-0.0005986185141681348	0.0019188776509505535	0.0
-0.0006012000533126659	0.001915348175601039	0.0
-0.0006038848540229783	0.0019115472021477154	0.0
-0.0006066729162990717	0.0019079272274302645	0.0
-0.000609357717009384	0.0019043072527128136	0.0
-0.0006118359945881338	0.0019008682767312354	0.0
-0.0006141077490353211	0.0018975198001175933	0.0
-0.0006161729803509459	0.0018945333209756962	0.0
-0.0006182382116665707	0.0018919088393055444	0.0
-0.000620096919850633	0.0018893748570033286	0.0
-0.0006221621511662579	0.0018870218734369855	0.0
-0.0006244339056134451	0.0018847593892385788	0.0
-0.0006268089216264138	0.0018823159063042995	0.0
-0.000629493722336726	0.0018799629227379564	0.0
-0.0006320752614812571	0.0018774289404357408	0.0
-0.0006346568006257881	0.0018749854575014612	0.0
-0.0006373416013361004	0.001872541974567182	0.0
-0.0006400264020464126	0.001870188991000839	0.0
-0.0006425046796251625	0.001867926506802432	0.0
-0.0006449829572039122	0.0018658450213398978	0.0
-0.0006474612347826621	0.0018641255333491087	0.0
-0.0006497329892298494	0.001862587044094192	0.0
-0.0006516949589796929	0.0018614105523110205	0.0
-0.000653450405597974	0.0018605055586316578	0.0
-0.0006548960675189114	0.0018597815636881676	0.0
-0.0006560319447425051	0.0018593290668484864	0.0
-0.0006569612988345363	0.0018590575687446773	0.0
-0.0006576841297950049	0.0018589670693767411	0.0
-0.0006584069607554736	0.0018589670693767411	0.0
-0.000659026530150161	0.0018587860706408687	0.0
-0.0006596460995448484	0.0018586955712729322	0.0
-0.0006602656689395359	0.0018585145725370598	0.0
-0.0006609884999000047	0.0018581525750653147	0.0
-0.0006619178539920358	0.0018577000782256333	0.0
-0.0006632602543471919	0.0018570665826500795	0.0
-0.0006647059162681292	0.0018562520883386529	0.0
-0.0006664613628864105	0.0018553470946592902	0.0
-0.0006683200710704728	0.0018541706028761186	0.0
-0.000670178779254535	0.0018531751098288197	0.0
-0.0006716244411754725	0.0018519986180456482	0.0
-0.0006727603183990661	0.0018510031249983493	0.0
-0.0006734831493595348	0.0018500981313189864	0.0
-0.0006734831493595348	0.0018495551351113688	0.0
-0.0006730701030964098	0.0018491931376396237	0.0
-0.0006723472721359412	0.0018489216395358148	0.0
-0.000671004871780785	0.0018487406407999424	0.0
-0.0006696624714256289	0.001848288143960261	0.0
-0.000668010286373129	0.001847926146488516	0.0
-0.0006664613628864105	0.0018472021515450257	0.0
-0.000664602654702348	0.0018462066584977268	0.0
-0.000662847208084067	0.0018450301667145552	0.0
-0.0006608852383342234	0.0018434916774596386	0.0
-0.0006589232685843798	0.001841681690100913	0.0
-0.0006570645604003175	0.0018395097052704425	0.0
-0.0006548960675189114	0.0018370662223361632	0.0
-0.0006527275746375053	0.0018345322400339476	0.0
-0.0006502492970587556	0.001831636260259987	0.0
-0.0006474612347826621	0.0018288307798539625	0.0
-0.0006442601262434436	0.0018258443007120656	0.0
-0.0006405427098753188	0.001823038820306041	0.0
-0.0006362057241125066	0.0018202333399000166	0.0
-0.0006313524305207884	0.0018174278594939922	0.0
-0.000626086090665945	0.0018148033778238402	0.0
-0.000620096919850633	0.0018119073980498795	0.0
-0.0006137979643379773	0.0018089209189079826	0.0
-0.0006072924856937591	0.001805753441030213	0.0
-0.0006004772223521973	0.001802404964416571	0.0
-0.0005936619590106352	0.0017986944903311836	0.0
-0.0005868466956690734	0.0017948935168778603	0.0
-0.0005802379554590739	0.0017906400465848556	0.0
-0.0005736292152490745	0.001786205577555978	0.0
-0.0005673302597364187	0.001781499610423292	0.0
-0.0005610313042237631	0.001776522145186797	0.0
-0.0005547323487111074	0.0017713636812144295	0.0
-0.0005483301316326703	0.001765843219770317	0.0
-0.0005420311761200146	0.0017603227583262043	0.0
-0.0005356289590415777	0.0017546212981462191	0.0
-0.0005292267419631407	0.0017488293385982975	0.0
-0.0005227212633189225	0.0017427658809465675	0.0
-0.0005160092615431419	0.0017365214245589644	0.0
-0.0005092972597673612	0.001729733971963744	0.0
-0.0005022754732942368	0.0017224940225288423	0.0
-0.0004951504252553311	0.0017148015762542593	0.0
-0.0004879221156506442	0.0017064756344041222	0.0
-0.00048079706761173857	0.001697425697610495	0.0
-0.0004737752811386142	0.0016877422652413136	0.0
-0.0004667534946654897	0.0016773348379286424	0.0
-0.0004599382313239278	0.001666293915040417	0.0
-0.00045322622954814713	0.0016544384978407654	0.0
-0.00044641096620658523	0.0016417685863296873	0.0
-0.00043959570286502327	0.0016283746798751188	0.0
-0.00043278043952346137	0.001614075779741188	0.0
-0.0004258619146161182	0.0015988718859278942	0.0
-0.00041873686657721256	0.00158294399717111	0.0
-0.0004116118185383069	0.0015661111147349635	0.0
-0.0004044867704994012	0.0015484637379873905	0.0
-0.00039705193776315184	0.0015298208681925184	0.0
-0.00038951384346112123	0.0015103635040862198	0.0
-0.00038156270289596567	0.0014899106469326222	0.0
-0.0003730952545019039	0.001468643295467598	0.0
-0.00036411149827893593	0.0014465614496911477	0.0
-0.0003545081726612804	0.0014235746102353344	0.0
-0.0003442852776489376	0.0013996827771001585	0.0
-0.00033323629011034476	0.0013749764496535561	0.0
-0.0003214644716112832	0.0013491841297917184	0.0
-0.0003087632990201906	0.0013225773156184545	0.0
-0.00029544255703441044	0.0012949750083978912	0.0
-0.00028077941469347416	0.0012663772081300292	0.0
-0.00026549670295785045	0.0012367839148148682	0.0
-0.0002488715908670706	0.001206195128452408	0.0
-0.0002313171246842596	0.0011747013484105853	0.0
-0.00021273004284363614	0.0011423025746893998	0.0
-0.00019321360691098156	0.001108817808552979	0.0
-0.00017245803218895203	0.001074247050001323	0.0
-0.00015077310337489137	0.001038771297770304	0.0
-0.0001276425126398933	0.00100220955312405	0.0
-0.00010337604468130162	0.0009646523154304969	0.0
-7.766391480177253e-05	0.0009260090853217086	0.0
-5.0506123001306074e-05	0.000886279862797685	0.0
-2.1902669279902235e-05	0.000845736145962235	0.0
8.14644636243898e-06	0.0008040159373436134	0.0
3.953796235993633e-05	0.0007614812344135653	0.0
7.227187871258982e-05	0.0007176795403324095	0.0
0.0001064514569861807	0.0006728823532039547	0.0
0.0001419734356149277	0.0006269991736602645	0.0
0.0001791475992961746	0.0005800300017013391	0.0
0.0002179739480299213	0.0005318843379592422	0.0
0.00025845248181616785	0.0004828336805377825	0.0
0.00030078972378647686	0.00043278753006902385	0.0
0.0003450889355066293	0.0003818363859209025	0.0
0.0003912468554108442	0.00033025174619722716	0.0
0.00043916022193334016	0.00027785261216212544	0.0
0.0004889322966398985	0.0002247294831835335	0.0
0.0005400467717016128	0.0001711538573652602	0.0
0.0005927101702500459	0.0001170352353393693	0.0
0.0006465094460220727	6.246411647379701e-05	0.0
0.0007016511221492555	7.350001400607103e-06	0.0
0.0007576188908026883	-4.830710988020044e-05	0.0
0.0008142062288508086	-0.00010450721736862563	0.0
0.0008716196594251788	-0.000161431319800541	0.0
0.0009293428746968926	-0.0002191699165438828	0.0
0.0009873758746659503	-0.00027754200886277855	0.0
0.0010457186593323515	-0.0003365475967572282	0.0
0.0011040614439987528	-0.00039609618085929545	0.0
0.0011627140133624978	-0.0004556447649613627	0.0
0.0012212633211604617	-0.00051519334906343	0.0
0.001279502844261082	-0.0005742894363258158	0.0
0.0013376391057959207	-0.000632480529908839	0.0
0.0013951557979360724	-0.0006897666298124995	0.0
0.0014517431359841924	-0.0007458762379329884	0.0
0.001507091335242938	-0.000800899853638242	0.0
0.0015612003957123082	-0.0008545659788244516	0.0
0.0016135540095633975	-0.0009067841141236808	0.0
0.0016641521767962058	-0.0009578257576397384	0.0
0.0017127883742791706	-0.001007509910636752	0.0
0.001759256078880729	-0.0010559270724826578	0.0
0.0018037618137324441	-0.0011029867438095194	0.0
0.001845995794136972	-0.0011487794239852733	0.0
0.001886267804791656	-0.0011929431155381742	0.0
0.0019238550147360276	-0.0012356588172040947	0.0
0.001959480254930556	-0.0012765645315112898	0.0
0.001992523955980553	-0.0013158412571956323	0.0
0.0020231926410175815	-0.00135303649741744	0.0
0.0020516928331732044	-0.0013882407515446503	0.0
0.002077508224618515	-0.0014212730208413896	0.0
0.0021010518616166375	-0.0014522238046755947	0.0
0.0021221172210360113	-0.001480912104311393	0.0
0.0021407043028766346	-0.0015072474203808484	0.0
0.002156813107138508	-0.0015312297528839605	0.0
0.0021704436338216317	-0.0015525876037169209	0.0
0.002181699144491787	-0.0015714114722476657	0.0
0.002190373116017411	-0.0015874298603723858	0.0
0.0021966720715300672	-0.001600823766826954	0.0
0.002200389487898192	-0.0016115026922434341	0.0
0.0022016286266875666	-0.0016195571359897624	0.0
0.002199976441635067	-0.0016252585961697478	0.0
0.0021955361943064734	-0.0016285165734154533	0.0
0.0021881013615702243	-0.0016296025658306887	0.0
0.002177465420294756	-0.0016284260740475171	0.0
0.0021636283704800697	-0.0016254395949056202	0.0
0.0021465902121261655	-0.0016202811309332526	0.0
0.002126144422101479	-0.0016133126796021597	0.0
0.0021027040466691377	-0.0016045342409123414	0.0
0.0020762690858291397	-0.0015940363142317336	0.0
0.0020469428011472674	-0.0015819998982962093	0.0
0.0020150349773208637	-0.0015684249931057685	0.0
0.001981061922178835	-0.0015534925973962838	0.0
0.0019450236357211822	-0.001537021712431882	0.0
0.0019072299026452477	-0.0015194648350522451	0.0
0.0018678872460825948	-0.0015007314658894368	0.0
0.001827305450730567	-0.0014808216049434569	0.0
0.0017858975628522893	-0.0014597352522143054	0.0
0.0017435603208819804	-0.0014376534064378548	0.0
0.0017007067710827653	-0.0014144855682461694	0.0
0.001657440175020425	-0.0013900507389033756	0.0
0.0016141735789580848	-0.0013647109158812193	0.0
0.0015705971981984012	-0.001338104101707955	0.0
0.001526917555872936	-0.0013104112951194558	0.0
0.0014831346519816897	-0.0012817229954836576	0.0
0.0014395582712220059	-0.0012520392028005601	0.0
0.0013959818904623223	-0.0012215409158060362	0.0
0.0013527152943999818	-0.0011904091332359586	0.0
0.0013096552214692044	-0.0011584628563544544	0.0
0.0012675245026304578	-0.0011258830838973965	0.0
0.001226013353186399	-0.0010927603152327205	0.0
0.0011854315578343712	-0.001059004050992491	0.0
0.001145572593442812	-0.0010245237918087714	0.0
0.001106642983143284	-0.0009896815351533063	0.0
0.0010683329422384433	-0.0009542962822902238	0.0
0.0010309522554256341	-0.00091845853258746	0.0
0.000994191138007512	-0.0008820777866770784	0.0
0.0009582561131156402	-0.0008455160420308243	0.0
0.0009231471807500182	-0.0008084113011769526	0.0
0.0008887610793448647	-0.0007713970596910173	0.0
0.000855510855163305	-0.000734111320101273	0.0
0.0008228802003764329	-0.0006966445817756561	0.0
0.0007911788996815917	-0.0006592683428179757	0.0
0.0007604069530787818	-0.0006217111051244227	0.0
0.0007302545758706594	-0.0005842443667988058	0.0
0.0007011348143203493	-0.0005466871291052528	0.0
0.0006728411452962893	-0.0005093108901475723	0.0
0.000645373568798479	-0.000472025150557828	0.0
0.0006188353463927	-0.0004351014084398288	0.0
0.0005930199549473897	-0.00039853966379357474	0.0
0.000567927394462548	-0.00036279241345874713	0.0
0.0005434544033723938	-0.0003275881593315372	0.0
0.0005196009816769272	-0.00029356039698749876	0.0
0.0004963671293761478	-0.0002603471289548868	0.0
0.0004735463233384935	-0.00022849135144131885	0.0
0.0004511385635639642	-0.00019790256507885878	0.0
0.0004293503731841222	-0.0001686712692354428	0.0
0.0004075621828042803	-0.00014070696454313462	0.0
0.0003861870386875634	-0.00011428114910574305	0.0
0.00036450210987350266	-8.939382292326813e-05	0.0
0.0003429204426252233	-6.586398725983731e-05	0.0
0.0003210289906796001	-4.3872640851323095e-05	0.0
0.0002990342771681957	-2.3510283065661795e-05	0.0
0.00027693630209101006	-4.505415799044586e-06	0.0
0.0002549415885796057	1.2689464108847177e-05	0.0
0.0002329468750682013	2.8345854761822307e-05	0.0
0.0002112619462541406	4.2373256791944536e-05	0.0
0.00018968027900586118	5.450017209540505e-05	0.0
0.00016840839645492547	6.490759940807638e-05	0.0
0.00014713651390398978	7.350503936202225e-05	0.0
0.00012617441605039778	8.05639900610515e-05	0.0
0.00010552210289414952	8.590345276929158e-05	0.0
8.497305130368251e-05	8.961392685467874e-05	0.0
6.483704597634045e-05	9.169541231721301e-05	0.0
4.5217348477904604e-05	9.214790915689438e-05	0.0
2.611395880837497e-05	9.088091800578657e-05	0.0
7.526876967751532e-06	8.780393949595331e-05	0.0
-1.0543897043965693e-05	8.291697362739459e-05	0.0
-2.8098363226776714e-05	7.640101913598298e-05	0.0
-4.492999844911905e-05	6.80750772858459e-05	0.0
-6.103880271099268e-05	5.802964744491967e-05	0.0
-7.663129914396012e-05	4.6174230245267976e-05	0.0
-9.119117991911514e-05	3.250882568689084e-05	0.0
-0.00010502822973380148	1.7033433769788254e-05	0.0
-0.00011803918702223788	-3.4244487397605373e-07	0.0
-0.00013012079021864313	-1.9709309612338355e-05	0.0
-0.0001413763008887984	-4.1157659813234925e-05	0.0
-0.00015170245746692256	-6.441599737285694e-05	0.0
-0.00016120252151879675	-8.966532102707694e-05	0.0
-0.0001695667083470773	-0.0001170866295117675	0.0
-0.00017700154108332667	-0.00014649892409105604	0.0
-0.00018340375816176363	-0.0001781737028687514	0.0
-0.00018877335958238816	-0.00021220146521278984	0.0
-0.00019290382221363782	-0.00024867271049110765	0.0
-0.00019620819231863754	-0.0002874064399678322	0.0
-0.00019837668520004362	-0.0003286741517467725	0.0
-0.00019930603929207478	-0.00037220434772411947	0.0
-0.00019930603929207478	-0.0004181780266357459	0.0
-0.00019817016206848112	-0.0004662331910099066	0.0
-0.0001955886229239501	-0.0005167318383183466	0.0
-0.00019166468342426293	-0.0005694024704572571	0.0
-0.00018629508200363837	-0.0006242450874266382	0.0
-0.00017937655709629523	-0.0006812596892264898	0.0
-0.00017090910870223343	-0.000740446275856812	0.0
-0.00016089273682145302	-0.0008013523504779235	0.0
-0.00014901765675661026	-0.0008639779130898238	0.0
-0.0001353871300734864	-0.000928141964956641	0.0
-0.0001195881105089565	-0.0009933920092386936	0.0
-0.000101827121194583	-0.0010599090446718538	0.0
-8.189763899880342e-05	-0.001127421573152313	0.0
-5.9696402355836554e-05	-0.0011959295946800713	0.0
-3.542993439724484e-05	-0.0012655236086230649	0.0
-8.788450425684592e-06	-0.0013358416175095484	0.0
2.002152642728173e-05	-0.001407155119443331	0.0
5.110325772743536e-05	-0.0014790116175847315	0.0
8.445674347477631e-05	-0.001551320612565813	0.0
0.0001199787221035233	-0.0016240821043865762	0.0
0.00015787571674523887	-0.0016972960930470204	0.0
0.0001982509889657042	-0.0017708720791792098	0.0
0.00024069149250179436	-0.001844629064047272	0.0
0.0002855070120508531	-0.0019188385457550156	0.0
0.00033238776291553664	-0.001993138526830695	0.0
0.00038164352979318874	-0.0020676195066422474	0.0
0.0004330677895522469	-0.002142190985821736	0.0
0.00048666054219271117	-0.002216671965633288	0.0
0.0005426283108461439	-0.002290790947973095	0.0
0.0006009710955125453	-0.0023649099303129023	0.0
0.0006614823730603526	-0.002438576415813028	0.0
0.0007245751897526911	-0.0025118809038414086	0.0
0.0007899397608922169	-0.0025845518962942355	0.0
0.0008575760864789299	-0.0026565893931715084	0.0
0.000927793951210174	-0.002727631397001482	0.0
0.0010002835703886053	-0.002797587408416221	0.0
0.0010751482055800052	-0.0028661859293119154	0.0
0.00115207807208703	-0.002933426959688566	0.0
0.0012310731699096795	-0.002999220000178236	0.0
0.001312133499047954	-0.003063384052045053	0.0
0.0013949492748045098	-0.003125919115289017	0.0
0.0014792107124820028	-0.0031867346905421925	0.0
0.0015647112889488704	-0.003245649779068706	0.0
0.0016514510042051132	-0.0033027548802364937	0.0
0.0017390168119876058	-0.0033579594946776194	0.0
0.0018274087122963484	-0.003410811125552403	0.0
0.0019162136588682158	-0.003461671770332588	0.0
0.002005431651703208	-0.003510541429018175	0.0
0.002094752906103982	-0.0035570581041374193	0.0
0.0021840741605047556	-0.003601312295058256	0.0
0.0022729823686424046	-0.003643394501148623	0.0
0.0023611677458195844	-0.003683214223040583	0.0
0.0024485270304705144	-0.0037206809613662	0.0
0.0025349569610294137	-0.0037558852154934096	0.0
0.0026204575374962815	-0.0037885554873184043	0.0
0.0027048222367395554	-0.0038189632749449916	0.0
0.002788051058759236	-0.003847018079005236	0.0
0.0028698342188579794	-0.0038727198994991377	0.0
0.0029504815017331286	-0.0038959782370587594	0.0
0.003029786384253122	-0.003916702592316166	0.0
0.0031075423432863967	-0.003935164463375165	0.0
0.0031835428557013905	-0.003951001852764013	0.0
0.0032579944446296653	-0.003964395759218581	0.0
0.0033305873253738775	-0.003975165184002998	0.0
0.0034014247594998095	-0.003983219627749326	0.0
0.0034703002238758974	-0.003988649589825502	0.0
0.003537316980067923	-0.003991364570863591	0.0
0.003602371766510105	-0.003991274071495654	0.0
0.003665464583202443	-0.00398846859108963	0.0
0.003726698691710719	-0.003982857630277581	0.0
0.0037857643073375895	-0.003974350689691571	0.0
0.003842558168517272	-0.003962857269963665	0.0
0.003897183536815549	-0.003948467870461797	0.0
0.003949227365969294	-0.003930910993082161	0.0
0.003998792917544291	-0.003910367636560627	0.0
0.004045673668408974	-0.003886566302793387	0.0
0.004089869618563345	-0.0038597784898842507	0.0
0.004131174244875842	-0.003830004197833217	0.0
0.004169690808912245	-0.0037973339260082223	0.0
0.004205109525975211	-0.003761677175041331	0.0
0.004237740180762083	-0.003723395942404288	0.0
0.004267066465443955	-0.003682490228097093	0.0
0.004293191641586609	-0.0036393220295914907	0.0
0.004315805924492701	-0.0035937103481516095	0.0
0.00433480605259645	-0.003546017181249194	0.0
0.004350088764332073	-0.0034965140269880525	0.0
0.0043615507981337905	-0.0034453818841040586	0.0
0.004369192154001602	-0.0033928922507010205	0.0
0.004372806308803947	-0.0033392261255148115	0.0
0.004372703047238165	-0.0032847455060171756	0.0
0.004368675846172697	-0.0032293598928401766	0.0
0.004360518182475979	-0.0031736122821914327	0.0
0.004348023533016448	-0.003117231175967135	0.0
0.004331708205623012	-0.003060669071006965	0.0
0.004311055892466764	-0.0030041069660467945	0.0
0.004286789424508173	-0.002947544861086624	0.0
0.004258702278615675	-0.0028911637548623267	0.0
0.004227000977920834	-0.0028350541467418375	0.0
0.004192305091818336	-0.0027793970354610302	0.0
0.004154408097176621	-0.0027242829203878403	0.0
0.004113723040258812	-0.002669711801522268	0.0
0.004070456444196471	-0.0026158646776001855	0.0
0.004024918093686944	-0.00256283204798953	0.0
0.003977107988730229	-0.002510613912690301	0.0
0.0039273359140236715	-0.002459481769806307	0.0
0.0038757051311330507	-0.0024092546206016755	0.0
0.003822318901624149	-0.0023599324650764074	0.0
0.0037675902717600913	-0.0023117868013343102	0.0
0.003711415979975096	-0.002264546131271576	0.0
0.003654209072532288	-0.0022181199555202685	0.0
0.0035958662878658866	-0.002172508274080387	0.0
0.0035366974106732355	-0.0021278015863198684	0.0
0.0034771154872174593	-0.00208381889350284	0.0
0.0034170172559327768	-0.0020405601956293017	0.0
0.0033564027168191883	-0.0019979349933313176	0.0
0.003295581654574037	-0.001955852787240951	0.0
0.0032343475460657606	-0.0019143135773582018	0.0
0.003173216699123266	-0.0018731363649471978	0.0
0.003111776067483428	-0.001832321150007939	0.0
0.00305043869740937	-0.0017916869338045528	0.0
0.0029888948042037507	-0.0017515957138087839	0.0
0.002927454172563912	-0.0017115949931809516	0.0
0.0028660135409240735	-0.001672227768128673	0.0
0.0028047794324157975	-0.001633584538019885	0.0
0.002743545323907521	-0.0015956653028545867	0.0
0.0026825177385308074	-0.0015587415607365874	0.0
0.002622006460983	-0.0015229943104017598	0.0
0.0025619082296983176	-0.00148851405121804	0.0
0.0025023263062425413	-0.001455572281289237	0.0
0.002443570475313015	-0.0014238975025115414	0.0
0.0023856407369097386	-0.001393489714884954	0.0
0.0023286403525984937	-0.001363986920937729	0.0
0.0022725693223792794	-0.0013352986213019306	0.0
0.002217634169383659	-0.0013072438172416862	0.0
0.0021636283704800697	-0.0012794605112852507	0.0
0.002110551925668512	-0.0012518582040646875	0.0
0.0020586113580805475	-0.001224708393683806	0.0
0.0020081164524135206	-0.001197830081406733	0.0
0.0019589639471016495	-0.0011711327678655325	0.0
0.0019113603652764974	-0.0011448879511640135	0.0
0.001865305706938064	-0.0011190051319342395	0.0
0.00182090323365213	-0.0010933938108082747	0.0
0.0017782562069844775	-0.001068053987786118	0.0
0.0017370548422377622	-0.001042714164763962	0.0
0.0016974024009777655	-0.0010176458398456145	0.0
0.0016596086679018312	-0.0009923965161913945	0.0
0.001623157335181053	-0.0009672376919051108	0.0
0.0015885647106443372	-0.0009418978688829544	0.0
0.0015553144864627775	-0.0009164675464928619	0.0
0.0015236131857679365	-0.0008906752266310243	0.0
0.001493460808559814	-0.0008648829067691867	0.0
0.0014645475701410664	-0.0008388190888035402	0.0
0.0014368734705116936	-0.000812483772734085	0.0
0.0014105417712374773	-0.0007858769585608208	0.0
0.0013854492107526356	-0.000758998646283748	0.0
0.001361595789057169	-0.0007317583365349298	0.0
0.0013390847677168581	-0.0007041560293143669	0.0
0.0013177096236001412	-0.000676010725886186	0.0
0.0012973670951412367	-0.0006475939243541965	0.0
0.0012780571823401443	-0.0006188151253504619	0.0
0.0012592635773679586	-0.0005896743288749821	0.0
0.0012411928033562415	-0.00056035253366363	0.0
0.0012236383371734302	-0.0005310307384522777	0.0
0.0012062903941221816	-0.000501618443872989	0.0
0.0011892522357682769	-0.0004723871480295731	0.0
0.001172110815848591	-0.00044333685092202963	0.0
0.0011548661343631235	-0.00041437705318242245	0.0
0.001137518191311875	-0.00038577925291456033	0.0
0.0011198604635632827	-0.0003574529507505071	0.0
0.0011019962126831279	-0.00032948864605819887	0.0
0.0010837189155398484	-0.0003018863388376358	0.0
0.0010651318336992249	-0.00027482702782469036	0.0
0.0010463382287270388	-0.00024822021365142625	0.0
0.0010270283159259468	-0.00022233739442165234	0.0
0.0010073053568617298	-0.00019681657266362352	0.0
0.0009869628284028252	-0.00017174824774527606	0.0
0.000966310515246577	-0.00014740391777041874	0.0
0.0009448321095640789	-0.00012351208463524284	0.0
0.0009229406576184556	-0.00010025374707562083	0.0
0.000900429636278145	-7.753840572361644e-05	0.0
0.0008770925224115845	-5.5456559947165965e-05	0.0
0.0008531358391503365	-3.373671164246058e-05	0.0
0.0008285595864944011	-1.2559859545372832e-05	0.0
0.0008031572413122156	8.526493183778644e-06	0.0
0.000777135326735343	2.9431847177057577e-05	0.0
0.0007500807965006577	5.024670180240024e-05	0.0
0.000722406696871285	7.10615564277429e-05	0.0
0.0006940097662814437	9.160491294927674e-05	0.0
0.000664993266296915	0.00011205777010287431	0.0
0.0006352539353519173	0.00013196763104885426	0.0
0.0006048950350122324	0.00015142499515515283	0.0
0.0005736067805805163	0.00017033936305383378	0.0
0.0005413891720567691	0.00018871073474489706	0.0
0.0005082422094409905	0.0002063581114924702	0.0
0.00047416589273318097	0.0002234624920324257	0.0
0.00043895369880177763	0.00024002387636476352	0.0
0.0004030186739099057	0.00025586126575361125	0.0
0.00036615429492600256	0.00027115565893484124	0.0
0.0003285670849816307	0.0002856355578046448	0.0
0.0002899472593794465	0.000299662959834767	0.0
0.0002507078643825748	0.0003130568662893354	0.0
0.0002102293305963282	0.0003257267778004135	0.0
0.00016902796584961291	0.0003380346918397466	0.0
0.000126690723879304	0.000349799609671462	0.0
8.363065094852638e-05	0.0003609310319276235	0.0
3.984774705728006e-05	0.0003717909560799762	0.0
-4.554726228653699e-06	0.0003822888827605838	0.0
-4.9266984211931185e-05	0.0003925153113373826	0.0
-9.439228845833362e-05	0.0004027417399141814	0.0
-0.00013962085427051733	0.0004128776691230439	0.0
-0.000184849420082701	0.00042310409769984273	0.0
-0.00023018124746066593	0.00043360202438045024	0.0
-0.00027520329014128715	0.0004443714491648667	0.0
-0.0003201220712561271	0.0004551408739492831	0.0
-0.00036473106767362335	0.00046609129746957205	0.0
-0.00040913354095955715	0.0004769512216219248	0.0
-0.00045332949111392837	0.0004876301470384049	0.0
-0.0004975254412682996	0.0004981280737190126	0.0
-0.0005412050835937647	0.0005081735035599388	0.0
-0.000584574941221886	0.0005180379346649925	0.0
-0.0006276350141526636	0.0005275403682983011	0.0
-0.0006699722561229727	0.0005367713038278008	0.0
-0.0007116899286985941	0.0005459117399893644	0.0
-0.0007525815087479656	0.000554780678047119	0.0
-0.0007927502578368684	0.0005634686173690012	0.0
-0.0008320929143995215	0.0005719755579550109	0.0
-0.0008711257862648306	0.0005801205010692754	0.0
-0.00090933256560389	0.0005878129473438585	0.0
-0.000947436083377168	0.0005947813986749515	0.0
-0.0009849200317557586	0.0006012068537984269	0.0
-0.0010221974570027868	0.0006067273152425395	0.0
-0.0010591650975524712	0.0006114332823752256	0.0
-0.0010959262149705929	0.0006152342558285491	0.0
-0.0011324808092571523	0.0006183112343383823	0.0
-0.0011689321419779306	0.0006204832191688529	0.0
-0.0012054867362644899	0.0006220217084237695	0.0
-0.001242247853682612	0.0006227457033672597	0.0
-0.0012789057095349526	0.0006228362027351959	0.0
-0.0013156668269530744	0.000622202707159642	0.0
-0.0013525312059369777	0.000621207214112343	0.0
-0.0013892923233550993	0.0006196687248574264	0.0
-0.0014260534407732214	0.0006176777387628284	0.0
-0.0014629178197571244	0.0006151437564606129	0.0
-0.0014996789371752462	0.0006122477766866521	0.0
-0.0015366465777249308	0.0006089897994409463	0.0
-0.00157320117201149	0.0006051888259876228	0.0
-0.0016096525047322684	0.0006012973531663631	0.0
-0.0016455875296241403	0.0005970438828733583	0.0
-0.0016811095082528873	0.0005923379157406721	0.0
-0.0017159086559211656	0.0005877224479759222	0.0
-0.0017503980188921001	0.0005827449827394272	0.0
-0.0017844743355999097	0.0005775865187670597	0.0
-0.001817931082913032	0.0005722470560588197	0.0
-0.0018510780455288102	0.000566364597142962	0.0
-0.0018837087003156828	0.0005601201407553591	0.0
-0.0019157197857078674	0.0005534231875280749	0.0
-0.0019470080401395836	0.0005460927387252369	0.0
-0.001977573463610831	0.0005384002924506538	0.0
-0.0020074160561216097	0.0005302553493363892	0.0
-0.0020365358176719197	0.0005217484087503796	0.0
-0.0020649327482617614	0.0005130604694284975	0.0
-0.0020925035863253528	0.0005041010320028065	0.0
-0.0021192483318626942	0.0004952320939450518	0.0
-0.002145166984873786	0.0004862726565193608	0.0
-0.0021700530222270647	0.00047776571593335124	0.0
-0.0021934933976594066	0.00046943977408321413	0.0
-0.002216004418999717	0.00046165682844069475	0.0
-0.002237276301550653	0.0004545073783737292	0.0
-0.002257412306877995	0.0004481724226181901	0.0
-0.002276309173415962	0.000442470962438205	0.0
-0.002293966901164554	0.0004377649953055188	0.0
-0.0023103854901237717	0.00043396402185219535	0.0
-0.0023252551555962703	0.0004309775427102984	0.0
-0.002338782420713613	0.00042907705598363666	0.0
-0.0023506575007784555	0.00042817206230427393	0.0
-0.00236098365735658	0.00042817206230427393	0.0
-0.0023697608904479856	0.0004293485540874455	0.0
-0.0023771957231842346	0.00043143003954997973	0.0
-0.0023833914171311095	0.000434507018059813	0.0
-0.0023881414491570465	0.0004383984908810727	0.0
-0.002391445819262046	0.00044301395864582263	0.0
-0.002393614312143452	0.00044844392072199894	0.0
-0.002394440404669702	0.00045468837710960176	0.0
-0.0023941306199723586	0.0004614758297048222	0.0
-0.0023925816964856395	0.0004686252797717877	0.0
-0.0023900001573411087	0.00047631772604637084	0.0
-0.002386386002538765	0.0004841911710568266	0.0
-0.0023818424936443905	0.0004922456148031549	0.0
-0.0023763696306579847	0.0005004810572853556	0.0
-0.002369967413579548	0.0005086260003996201	0.0
-0.00236263584240908	0.0005169519422497571	0.0
-0.0023543749171465803	0.0005250063859960854	0.0
-0.0023453911609236126	0.0005331513291103499	0.0
-0.0023355813121743946	0.0005412057728566782	0.0
-0.0023253584171620515	0.0005490792178671339	0.0
-0.00231441269118924	0.0005568621635096534	0.0
-0.0023030539189533034	0.0005641926123124914	0.0
-0.0022913853620200233	0.0005712515630115207	0.0
-0.0022790972356920556	0.0005779485162388049	0.0
-0.0022666025862325256	0.0005841929726264076	0.0
-0.002253591628944089	0.0005898944328063928	0.0
-0.002240477410089871	0.0005951433961466965	0.0
-0.0022271566681040912	0.0005997588639114465	0.0
-0.0022136294029867485	0.0006033788386288975	0.0
-0.0021997923531720622	0.0006061843190349218	0.0
-0.0021857487802258136	0.000607903807025711	0.0
-0.002171395422582221	0.0006086278019692012	0.0
-0.002156835541807066	0.0006083563038653923	0.0
-0.0021417593532030046	0.0006070893127142846	0.0
-0.0021263733799015997	0.0006047363291479415	0.0
-0.002110780883468632	0.0006016593506381082	0.0
-0.0020950851254698836	0.0005977678778168485	0.0
-0.0020791828443395724	0.0005929714113162261	0.0
-0.00206317730164348	0.0005872699511362409	0.0
-0.0020471717589473875	0.0005807539966448293	0.0
-0.0020309596931197328	0.0005733330484740548	0.0
-0.002014541104160515	0.0005649166072559816	0.0
-0.001998019253635517	0.0005555951723585455	0.0
-0.0019812908799789557	0.000545459243149683	0.0
-0.0019645625063223946	0.000534508819629394	0.0
-0.0019473178248369271	0.0005227439017976786	0.0
-0.0019299698817856787	0.0005105264871262818	0.0
-0.0019122088924713053	0.0004978565756152037	0.0
-0.0018940348568938067	0.00048473416726444417	0.0
-0.0018754477750531832	0.0004716117589136847	0.0
-0.0018562411238178724	0.0004585798499308615	0.0
-0.001836724687885218	0.00044572893968391076	0.0
-0.0018167952056894383	0.0004330590281728327	0.0
-0.0017964526772305338	0.00042093211286937216	0.0
-0.0017756971025085042	0.0004091671950376567	0.0
-0.0017544252199575686	0.00039812627214943147	0.0
-0.0017328435527092891	0.00038744734673295134	0.0
-0.0017110553623294472	0.0003774924162599614	0.0
-0.001688750864120699	0.00036826148073046156	0.0
-0.0016662398427803884	0.00035993553888032456	0.0
-0.0016436255598742966	0.00035224309260574135	0.0
-0.0016208047538366424	0.0003455461393784572	0.0
-0.0015978806862332066	0.0003395731810946632	0.0
-0.0015748533570639901	0.00033450521649023196	0.0
-0.0015515162431974294	0.0003304327449330997	0.0
-0.001527766083067744	0.0003271747676873939	0.0
-0.0015034996151091521	0.0003249122834889871	0.0
-0.0014787168393216544	0.0003236452923378793	0.0
-0.0014531079710079064	0.0003231927954981979	0.0
-0.0014269827948652524	0.00032382629107375184	0.0
-0.0014003413108936921	0.0003252742809607322	0.0
-0.001373286780659007	0.0003278987626308841	0.0
-0.0013457159425954157	0.0003316997360842075	0.0
-0.001318041842966043	0.00033658670195276625	0.0
-0.0012901612202051078	0.00034283115834036907	0.0
-0.0012620740743126103	0.0003502521065111434	0.0
-0.0012338836668543314	0.0003590305452009618	0.0
-0.0012051769515671463	0.00036880447693807923	0.0
-0.0011762637131483987	0.00037957390172249563	0.0
-0.0011467309053349638	0.0003913388195542111	0.0
-0.0011167850512584037	0.00040391823169735294	0.0
-0.0010862196277871563	0.0004170406400481124	0.0
-0.0010551378964870027	0.0004306155452385533	0.0
-0.0010235398573579428	0.0004448239460045481	0.0
-0.000991528771965758	0.00045921334550641534	0.0
-0.0009595176865735732	0.000473693244376219	0.0
-0.0009274033396156072	0.0004885351407177676	0.0
-0.0008953922542234224	0.0005032865376913801	0.0
-0.000864000738225925	0.0005177664365611836	0.0
-0.0008330222684915526	0.0005320653366951147	0.0
-0.0008026633681518677	0.0005460022393573007	0.0
-0.0007729240372068702	0.0005593056464439326	0.0
-0.0007440107987881226	0.0005719755579550109	0.0
-0.0007156138681982812	0.0005837404757867263	0.0
-0.0006879397685689086	0.0005947813986749515	0.0
-0.0006606787152026609	0.0006048268285158778	0.0
-0.0006339339696653193	0.0006136052672056962	0.0
-0.0006077055319568842	0.0006213882128482156	0.0
-0.0005819934020773551	0.000628175665443436	0.0
-0.0005566943184609509	0.0006337866262554849	0.0
-0.0005316017579761093	0.0006384020940202349	0.0
-0.0005068189821886113	0.000642112568105622	0.0
-0.0004821394679668947	0.0006447370497757738	0.0
-0.00045766647687674053	0.0006462755390306905	0.0
-0.0004334000089181488	0.0006467280358703718	0.0
-0.00040923680252533834	0.0006457325428230729	0.0
-0.00038538338082987165	0.0006435605579926024	0.0
-0.0003617364822659673	0.0006399405832751515	0.0
-0.00033819284526784434	0.000634782119302784	0.0
-0.00031485573140128384	0.0006282661648113723	0.0
-0.0002915186175347233	0.0006200307223291714	0.0
-0.0002680782421023815	0.0006105282886958628	0.0
-0.0002444313435384772	0.0005994873658076377	0.0
-0.0002205779218430105	0.000586998453032432	0.0
-0.00019641471545020004	0.0005729710510023098	0.0
-0.00017194172436004585	0.0005576766578210798	0.0
-0.00014746873326989166	0.0005408437753849331	0.0
-0.00012268595748239373	0.0005223819043259336	0.0
-9.821296639223956e-05	0.0005023815440120173	0.0
-7.363671373630412e-05	0.00048093319381112076	0.0
-4.90604610803687e-05	0.0004575843568835625	0.0
-2.4484208424433272e-05	0.00043278753006902385	0.0
1.9530579728340094e-07	0.0004063617146316323	0.0
2.4874820019000073e-05	0.00037830691057138784	0.0
4.986411893806046e-05	0.000348804116624163	0.0
7.526646412024582e-05	0.00031812483089376664	0.0
0.00010097859399977491	0.0002862690533801988	0.0
0.00012751681640555394	0.00025341778281933185	0.0
0.00015488113133758287	0.00021966151857910225	0.0
0.00018317480036164296	0.00018536225813125498	0.0
0.0002125010850435155	0.00015006750463610874	0.0
0.0002429632469489817	0.00011432025430128113	0.0
0.00027445802451226027	7.793950839089961e-05	0.0
0.00030739846399647624	4.101576627290045e-05	0.0
0.0003414747807042859	3.6395273152199335e-06	0.0
0.0003767902362014704	-3.382721101039685e-05	0.0
0.0004135513536195923	-7.156544743982247e-05	0.0
0.00045155160982708907	-0.0001094846826051206	0.0
0.0004907910048239608	-0.0001473134184024825	0.0
0.0005311662770444262	-0.00018505165483190809	0.0
0.0005724709033569226	-0.00022260889252546115	0.0
0.0006147048837614504	-0.0002601661302190142	0.0
0.0006577649566922281	-0.0002975423691766947	0.0
0.0007017543837150367	-0.00033473760939850273	0.0
0.000746363380132533	-0.0003715708521485656	0.0
0.0007917984690762791	-0.0004081325967948197	0.0
0.0008378531274147127	-0.0004444228433372649	0.0
0.0008844240935820527	-0.0004802605930400288	0.0
0.0009313048444467362	-0.000515555346535175	0.0
0.000978701903140326	-0.0005504881025585761	0.0
0.0010263054849654783	-0.0005847873630064234	0.0
0.0010740123283564116	-0.0006186341266145893	0.0
0.0011218224333131264	-0.0006517568952792651	0.0
0.0011697357998356223	-0.0006842461683683868	0.0
0.0012177524279238996	-0.0007159209471460823	0.0
0.0012655625328806142	-0.0007466907322444149	0.0
0.0013132693762715477	-0.0007767365223992573	0.0
0.0013604599118335753	-0.0008057868195068008	0.0
0.001407134139566696	-0.0008340226223029177	0.0
0.00145318879790513	-0.0008615344301555446	0.0
0.0014983141021515324	-0.0008884127424326175	0.0
0.0015425100523059035	-0.000914476560398264	0.0
0.0015857766483682435	-0.0009398163834204202	0.0
0.0016277008440754278	-0.0009646132102349588	0.0
0.0016683859009932367	-0.0009886860421060074	0.0
0.0017075220344243273	-0.0010120348790335655	0.0
0.0017447994596713552	-0.001034659721017634	0.0
0.0017805279614316648	-0.0010568320661620205	0.0
0.0018141912318763494	-0.0010783709157308533	0.0
0.0018458925325711903	-0.001099185770356196	0.0
0.001875631863516188	-0.0011193671294059849	0.0
0.0019032027015797794	-0.0011389149928802196	0.0
0.0019287083083277458	-0.001157648362043028	0.0
0.001951838899062744	-0.0011755672368944099	0.0
0.001972594473784774	-0.0011925811180664293	0.0
0.001990768509362272	-0.0012086900055590856	0.0
0.0020062577442294584	-0.0012239843987403157	0.0
0.002019268701517895	-0.0012384642976101192	0.0
0.0020294915965302376	-0.0012521297021684964	0.0
0.0020370296908322682	-0.0012648901130475109	0.0
0.002041676461292424	-0.0012767455302471625	0.0
0.002043328646344924	-0.0012877864531353877	0.0
0.0020418829844239864	-0.0012980128817121866	0.0
0.0020371329523980494	-0.0013076058147134314	0.0
0.0020286655040039877	-0.0013165652521391225	0.0
0.002016687162373364	-0.0013251626920930681	0.0
0.0020010946659403963	-0.001333398134575269	0.0
0.0019818880147050855	-0.001341362078953661	0.0
0.0019589639471016495	-0.0013487830271244354	0.0
0.001932528986261652	-0.0013557514784555283	0.0
0.0019024798706193107	-0.0013621769335790037	0.0
0.0018689198617404072	-0.0013677878943910526	0.0
0.0018322620058880666	-0.001372584360891675	0.0
0.0017924030414965075	-0.0013765663330808711	0.0
0.0017500657995261986	-0.0013796433115907043	0.0
0.0017051470184113588	-0.0013820867945249836	0.0
0.0016584727906782375	-0.0013835347844119638	0.0
0.0016099398547610542	-0.0013841682799875178	0.0
0.0015599612569229333	-0.0013838967818837092	0.0
0.001508950043427	-0.0013827202901005376	0.0
0.0014570094758390357	-0.0013809103027418123	0.0
0.0014047591235537276	-0.0013782858210716602	0.0
0.0013524055097026383	-0.0013750278438259544	0.0
0.0013006714652462363	-0.0013711363710046946	0.0
0.0012498667748818656	-0.0013667924013437535	0.0
0.0012001979617410885	-0.001361905435475195	0.0
0.0011516650258239051	-0.001356656472134891	0.0
0.0011043712286960966	-0.001350593014483161	0.0
0.0010580067856603194	-0.0013440770599917491	0.0
0.0010123651735850106	-0.0013368371105568473	0.0
0.0009672398693386082	-0.001329054164914328	0.0
0.0009228373960526744	-0.0013207282230641908	0.0
0.000879054492161428	-0.0013122212824781814	0.0
0.0008366139886253379	-0.0013035333431562993	0.0
0.0007954126238786227	-0.0012952074013061622	0.0
0.0007559667057501885	-0.0012873339562957063	0.0
0.0007185860189373791	-0.001280184506228741	0.0
0.0006832705634401946	-0.0012736685517373292	0.0
0.0006502268623901974	-0.0012680575909252802	0.0
0.0006193516542216062	-0.0012631706250567218	0.0
0.0005906449389344212	-0.0012589171547637168	0.0
0.0005636936702655172	-0.0012552066806783297	0.0
0.0005383945866491131	-0.0012517677046967512	0.0
0.0005143346418220837	-0.001248690726186918	0.0
0.0004916170973502108	-0.001245704247045021	0.0
0.0004700354301019313	-0.0012430797653748692	0.0
0.0004493831169456831	-0.0012404552837047172	0.0
0.00042986668101302846	-0.0012381023001383743	0.0
0.00041127959917240496	-0.0012358398159399674	0.0
0.000393725132989594	-0.0012335773317415607	0.0
0.0003769967593330329	-0.0012311338488072811	0.0
0.00036088795507115926	-0.0012285998665050655	0.0
0.0003450889355066293	-0.0012256133873631684	0.0
0.00032959970063944314	-0.0012221744113815902	0.0
0.00031390394264069443	-0.0012181924391923941	0.0
0.0002980016615103833	-0.001213848469531453	0.0
0.0002816863341169472	-0.0012093235011346394	0.0
0.0002647514373288236	-0.001204436535266081	0.0
0.0002470937095802313	-0.0011992780712937131	0.0
0.00022830010460804542	-0.0011940291079534095	0.0
0.0002084738839780471	-0.001188599145877233	0.0
0.0001874085245586739	-0.001182897685697248	0.0
0.00016489750321836328	-0.0011770152267813903	0.0
0.0001409408199571153	-0.0011710422684975963	0.0
0.00011564173634071117	-0.0011648883114779298	0.0
8.858720610602596e-05	-0.001158372356986518	0.0
6.0087013950403355e-05	-0.0011515849043912977	0.0
3.0037898308062136e-05	-0.0011445259536922686	0.0
-1.560140820997701e-06	-0.0011371955048894305	0.0
-3.491362656833864e-05	-0.0011293220598789747	0.0
-7.012582049974192e-05	-0.0011211771167647102	0.0
-0.00010699019948364506	-0.0011126701761787006	0.0
-0.00014550676352004807	-0.0011035297400171372	0.0
-0.00018526246634582597	-0.0010939368070158923	0.0
-0.00022636056952676	-0.0010838008778070295	0.0
-0.00026859454993128767	-0.001073212451758486	0.0
-0.0003115513612962841	-0.001061628532662643	0.0
-0.00035533426518753037	-0.0010494111179912462	0.0
-0.00039994326160502664	-0.0010360172115366777	0.0
-0.0004450685658514291	-0.0010219898095065556	0.0
-0.0004905036547951752	-0.001007147913165007	0.0
-0.0005363517900020463	-0.0009913105237761592	0.0
-0.0005819934020773551	-0.0009752016362835028	0.0
-0.0006274284910211012	-0.0009586402519511649	0.0
-0.0006723472721359412	-0.0009419883682508908	0.0
-0.0007165432222903124	-0.0009251554858147441	0.0
-0.0007602228646157775	-0.0009082321040106611	0.0
-0.0008031796759807739	-0.0008914897209424507	0.0
-0.0008452071332537392	-0.0008747473378742404	0.0
-0.0008864084980004544	-0.0008580954541739661	0.0
-0.0009263707239577948	-0.0008418055679454371	0.0
-0.0009648872879941978	-0.0008257871798207169	0.0
-0.0010019581901096635	-0.0008104927866394868	0.0
-0.0010370671224752854	-0.0007958318890338108	0.0
-0.0010704206082226264	-0.0007823474832113062	0.0
-0.00110150233952278	-0.0007700395691719731	0.0
-0.00113062210107309	-0.0007589081469158116	0.0
-0.001157573369741994	-0.000749405713282503	0.0
-0.001182356145529492	-0.0007413512695361747	0.0
-0.0012049704284355838	-0.0007347448156768268	0.0
-0.0012253129568944882	-0.0007296768510723957	0.0
-0.001243177207774643	-0.0007259663769870084	0.0
-0.0012587697042076105	-0.0007236133934206653	0.0
-0.0012718839230618283	-0.0007224369016374939	0.0
-0.0012823133412057336	-0.0007223464022695575	0.0
-0.0012900579586393266	-0.0007234323946847929	0.0
-0.0012950145137968262	-0.0007255138801473271	0.0
-0.0012971830066782321	-0.0007288623567609691	0.0
-0.0012964601757177636	-0.0007332063264219103	0.0
-0.00129284602091542	-0.0007387267878660228	0.0
-0.001286340542271202	-0.0007453332417253708	0.0
-0.0012770470013508902	-0.0007528446892640814	0.0
-0.001264965398154485	-0.0007612611304821548	0.0
-0.0012501989942477673	-0.0007704015666437182	0.0
-0.0012327477896307377	-0.0007801754983808357	0.0
-0.0012128183074349582	-0.0007906734250614433	0.0
-0.0011904105476604288	-0.0008018048473176047	0.0
-0.0011656277718729308	-0.0008133887664134476	0.0
-0.001138366718506683	-0.0008255156817169082	0.0
-0.0011089371722590292	-0.0008381855932279862	0.0
-0.0010772358715641884	-0.0008511270028428732	0.0
-0.0010435726011195038	-0.0008644304099295053	0.0
-0.0010079473609249754	-0.0008780053151199461	0.0
-0.0009704634125463848	-0.000891580220310387	0.0
-0.0009312240175495131	-0.0009052456248687642	0.0
-0.0008906422221974852	-0.0009189110294271413	0.0
-0.00084861476492452	-0.0009325764339855184	0.0
-0.0008050383841648362	-0.000946060839808023	0.0
-0.0007602228646157775	-0.0009592737475267188	0.0
-0.0007140649447115627	-0.0009723056565095421	0.0
-0.0006667711475837542	-0.0009849755680206203	0.0
-0.000618341473232352	-0.000997192982692017	0.0
-0.0005690857063546999	-0.001009229398627541	0.0
-0.0005190038469507979	-0.001021084815827193	0.0
-0.00046830241815220836	-0.0010326687349230357	0.0
-0.0004173944662220564	-0.0010443431533868148	0.0
-0.00036648651429190443	-0.001056017571850594	0.0
-0.0003158883470590962	-0.001067601490946437	0.0
-0.00026549670295785045	-0.0010793664087781524	0.0
-0.00021593115138285462	-0.0010909503278739951	0.0
-0.00016719169233410874	-0.001102172249498093	0.0
-0.00011938158737739403	-0.001113122673018382	0.0
-7.291388277583543e-05	-0.0011235301003310531	0.0
-2.768531696365175e-05	-0.0011333040320681707	0.0
1.62008484933758e-05	-0.0011424444682297341	0.0
5.864135202946597e-05	-0.0011508609094478075	0.0
9.973945521040002e-05	-0.0011585533557223907	0.0
0.00013939189647039666	-0.0011656123064214198	0.0
0.00017780519894101843	-0.0011717662634410863	0.0
0.00021518588575382777	-0.0011771057261493266	0.0
0.0002514306953430435	-0.0011817211939140764	0.0
0.0002865396277086655	-0.0011854316679994637	0.0
0.0003208224675480376	-0.0011884181471413606	0.0
0.00035417595329537854	-0.0011907711307077035	0.0
0.00038639356181912585	-0.0011925811180664293	0.0
0.0004177850778166232	-0.0011937576098496007	0.0
0.0004483505012878706	-0.0011946626035289633	0.0
0.0004778833091013056	-0.0011950246010007084	0.0
0.0005065900243884907	-0.0011946626035289633	0.0
0.000534057600886301	-0.001193576611113728	0.0
0.0005602860385947361	-0.0011915856250191302	0.0
0.0005851720759480154	-0.0011887801446131057	0.0
0.000608509189814576	-0.0011849791711597822	0.0
0.0006302973801944179	-0.0011801827046591597	0.0
0.0006504333855217598	-0.0011744812444791745	0.0
0.0006688139442308208	-0.0011680557893556994	0.0
0.0006856455794531631	-0.001161268336760479	0.0
0.0007007217680572243	-0.0011538473885897044	0.0
0.0007141457716087857	-0.0011465169397868664	0.0
0.0007259175901078472	-0.0011390054922481559	0.0
0.0007361404851201901	-0.0011316750434453178	0.0
0.000745020979777377	-0.0011246160927462885	0.0
0.000752352550947845	-0.001117828640151068	0.0
0.0007588580295920632	-0.0011116746831314015	0.0
0.0007644341541442502	-0.0011058827235834801	0.0
0.0007691841861701874	-0.001100814758979049	0.0
0.0007734179103672182	-0.001096561288686044	0.0
0.0007772385883011242	-0.0010929413139685931	0.0
0.0007807494815376863	-0.0010904073316663776	0.0
0.000784053851642686	-0.0010890498411473336	0.0
0.000787461483313467	-0.0010886878436755885	0.0
0.0007906625918526855	-0.0010897738360908236	0.0
0.0007940702235234665	-0.0010923983177609756	0.0
0.0007974778551942474	-0.001096561288686044	0.0
0.0008009887484308097	-0.001102534246969838	0.0
0.0008044996416673719	-0.0011101361938764848	0.0
0.0008079072733381529	-0.0011193671294059849	0.0
0.0008113149050089338	-0.0011304985516621463	0.0
0.000814825798245496	-0.0011430779638052881	0.0
0.0008185432146136207	-0.0011572863645712829	0.0
0.0008224671541133078	-0.0011729427552242579	0.0
0.0008264943551787762	-0.0011900471357642135	0.0
0.0008311411256389321	-0.0012084185074552767	0.0
0.0008356846345333068	-0.001228056870297448	0.0
0.0008406411896908063	-0.0012487812255548543	0.0
0.0008454944832825247	-0.0012705010738595598	0.0
0.0008506575615715866	-0.0012930354164756915	0.0
0.0008556141167290863	-0.001316112755299441	0.0
0.0008605706718865859	-0.0013398235896987442	0.0
0.0008655272270440855	-0.0013638059222018566	0.0
0.0008703805206358039	-0.0013877882547049687	0.0
0.0008751305526617409	-0.0014118610865760173	0.0
0.0008798805846876779	-0.0014356624203432568	0.0
0.0008843208320162714	-0.001458920757902879	0.0
0.000888864340910646	-0.0014817265986228198	0.0
0.0008929948035418957	-0.0015038989437672064	0.0
0.000897022004607364	-0.0015254377933360392	0.0
0.00090084268254127	-0.0015460716492255093	0.0
0.0009042503142120509	-0.0015659815101714892	0.0
0.0009073481611854882	-0.0015850768768060426	0.0
0.0009099297003300192	-0.0016033577491291699	0.0
0.000911994931645644	-0.0016206431284049977	0.0
0.000913647116698144	-0.0016371140133693994	0.0
0.0009144732092243938	-0.0016524989059185655	0.0
0.0009147829939217376	-0.001666888305420433	0.0
0.000914576470790175	-0.0016800107137711923	0.0
0.0009137503782639251	-0.0016920471297067168	0.0
0.0009127177626061128	-0.001702726055123197	0.0
0.0009114786238167378	-0.001712047490020633	0.0
0.000910239485027363	-0.0017199209350310888	0.0
0.0009091036078037693	-0.0017266178882583728	0.0
0.0009082775152775193	-0.0017316858528628042	0.0
0.0009078644690143944	-0.0017354868263161273	0.0
0.0009078644690143944	-0.001737930309250407	0.0
0.0009086905615406444	-0.0017391068010335785	0.0
0.000910239485027363	-0.0017391973004015147	0.0
0.0009124079779087691	-0.0017381113079862794	0.0
0.0009152993017506438	-0.0017362108212596178	0.0
0.0009191199796845498	-0.001733676838957402	0.0
0.0009237667501447056	-0.0017304188617116962	0.0
0.0009292396131311114	-0.0017265273888904364	0.0
0.0009354353070779858	-0.0017221834192294955	0.0
0.0009426636166826728	-0.001717386952728873	0.0
0.0009506147572478283	-0.0017124094874923779	0.0
0.0009595985134707962	-0.0017069795254162016	0.0
0.0009697181469173579	-0.0017014590639720891	0.0
0.0009810769191532945	-0.0016960291018959127	0.0
0.0009937780917443871	-0.001690780138555609	0.0
0.0010081314493879795	-0.0016856216745832413	0.0
0.0010243435152156345	-0.001680825208082619	0.0
0.001042517550793133	-0.0016763907390537416	0.0
0.0010626535561204752	-0.0016719562700248643	0.0
0.0010847515311976608	-0.0016676123003639231	0.0
0.001109224522287815	-0.001663539828806791	0.0
0.001135866006259375	-0.0016595578566175949	0.0
0.001164985767809685	-0.001655937881900144	0.0
0.0011963772838071824	-0.0016526799046544384	0.0
0.0012302470773834298	-0.0016500554229842864	0.0
0.0012664918869726453	-0.0016480644368896881	0.0
0.0013049051894432671	-0.001646978444474453	0.0
0.0013454869847952951	-0.0016467974457385806	0.0
0.0013880307498971664	-0.0016477929387858795	0.0
0.0014323299616173192	-0.0016500554229842864	0.0
0.0014779715736926277	-0.0016538563964376097	0.0
0.001525162109254655	-0.0016594673572496586	0.0
0.0015734885220402759	-0.001666888305420433	0.0
0.0016228475504837091	-0.0016763907390537416	0.0
0.0016729294098876113	-0.001688155656885457	0.0
0.0017235275771204195	-0.001702092559547643	0.0
0.0017743322674847904	-0.001718110947672363	0.0
0.001825136957849161	-0.0017361203218916813	0.0
0.0018759416482135316	-0.0017561206822055975	0.0
0.001926126769183215	-0.0017781120286141116	0.0
0.0019757955823239922	-0.001801732363645479	0.0
0.0020248448260700817	-0.0018272531854035077	0.0
0.002072861454158359	-0.001854221997048517	0.0
0.002119638943457261	-0.0018829102966843151	0.0
0.0021649707708352264	-0.001913046586207094	0.0
0.0022088569362922533	-0.0019444498668809804	0.0
0.0022507811319994377	-0.0019770296393380386	0.0
0.0022910531426541215	-0.002010695404210332	0.0
0.0023289501372958372	-0.002045447161497861	0.0
0.002364781900621928	-0.002081103912464752	0.0
0.0023982386479350503	-0.00211757515774307	0.0
0.002429320379235204	-0.00215495139670075	0.0
0.0024577173098250453	-0.0021928706318660486	0.0
0.0024835327012703553	-0.0022315138619748366	0.0
0.002506663292005353	-0.00227051908955537	0.0
0.0025272123435958207	-0.0023098863146076487	0.0
0.002545283117607538	-0.0023493440390278636	0.0
0.0025610821371720677	-0.0023886207647122056	0.0
0.0025747126638551916	-0.002427535492924803	0.0
0.002586484482354253	-0.002466088223665655	0.0
0.002596397592669252	-0.0025037359607271445	0.0
0.0026045552563659703	-0.0025403882047413348	0.0
0.00261116399657597	-0.0025759544563402894	0.0
0.0026161205517334692	-0.0026101632174202007	0.0
0.002619321660272688	-0.0026425619911413863	0.0
0.002621077106890969	-0.002673422275607655	0.0
0.0026212836300225314	-0.0027024725727151987	0.0
0.0026201477527989375	-0.0027294413843602077	0.0
0.00261787599835175	-0.002754238211174746	0.0
0.0026141585819836255	-0.0027766820544229418	0.0
0.0026094085499576885	-0.002796682414736858	0.0
0.0026038324254055016	-0.002813967794012686	0.0
0.0025973269467612836	-0.0028286286916183625	0.0
0.0025899953755908153	-0.002840484108818014	0.0
0.002582147496591441	-0.0028496245449795773	0.0
0.0025733702635000353	-0.002856140499470989	0.0
0.002564283245711286	-0.0028599414729243125	0.0
0.0025544733969620685	-0.002861117964707484	0.0
0.002544043978818163	-0.002859579475452567	0.0
0.0025332015144111323	-0.0028554165045274987	0.0
0.0025220492653067585	-0.0028485385525643422	0.0
0.002510690493070822	-0.002839217117666906	0.0
0.0024993317208348853	-0.002827542699203127	0.0
0.00248807621016473	-0.002813605796540941	0.0
0.0024772337457576996	-0.0027974969090482846	0.0
0.0024667010660480134	-0.002779487534828966	0.0
0.002456374909469889	-0.0027597586726188592	0.0
0.002446255276023327	-0.0027384008217858987	0.0
0.002435929119445203	-0.0027156854804338943	0.0
0.002425602962867079	-0.002691703147930782	0.0
0.0024148637600258298	-0.002666725322380371	0.0
0.002403711510921456	-0.002641114001254406	0.0
0.002391939692422394	-0.0026150501832887594	0.0
0.0023794450429628646	-0.002588714867219304	0.0
0.0023662275625428654	-0.0025622890517819122	0.0
0.002351874204899273	-0.0025360442350803934	0.0
0.002336488231597868	-0.002509889917746811	0.0
0.0023197598579413068	-0.0024841880972529093	0.0
0.00230168908392959	-0.002459119772334562	0.0
0.002282069386431154	-0.002434594443623832	0.0
0.0022612105501433433	-0.0024109741085924646	0.0
0.002238906051934595	-0.0023885302653442694	0.0
0.0022153624149364717	-0.0023672629138792455	0.0
0.0021907861622805364	-0.0023472625535653296	0.0
0.0021651772939667887	-0.002328619683770457	0.0
0.0021385358099952284	-0.002311605802598438	0.0
0.0021112747566289806	-0.0022959494119454624	0.0
0.002083187610736483	-0.0022818315105474045	0.0
0.002054584157015079	-0.0022692520984042624	0.0
0.0020252578723332065	-0.0022583016748839737	0.0
0.0019953120182566466	-0.0022489802399865374	0.0
0.0019649531179169615	-0.0022410162956081454	0.0
0.0019339746481825892	-0.0022345908404846695	0.0
0.001902686393750873	-0.002229432376512302	0.0
0.0018709850930560322	-0.0022257219024269153	0.0
0.0018391805307954097	-0.0022231879201246997	0.0
0.0018075824916663498	-0.0022220114283415283	0.0
0.0017761909756688525	-0.002222101927709464	0.0
0.0017454190290660428	-0.002223278419492636	0.0
0.0017151633902921391	-0.002225631403058979	0.0
0.001685630582478704	-0.0022290703790405573	0.0
0.0016573369134546439	-0.0022334143487014986	0.0
0.0016298693369568337	-0.0022386633120418022	0.0
0.0016035376376826171	-0.002244636270325596	0.0
0.0015788581234609006	-0.002251242724184944	0.0
0.0015557275327259025	-0.002258482673619846	0.0
0.0015343523886091855	-0.0022663561186303015	0.0
0.0015147326911107498	-0.002274682060480439	0.0
0.001496868440230595	-0.0022835509985381936	0.0
0.0014809661591002837	-0.0022926009353318208	0.0
0.0014666128014566913	-0.0023018318708613204	0.0
0.0014543246751287237	-0.0023111533057587567	0.0
0.0014437919954190367	-0.0023202937419203196	0.0
0.0014351180238934124	-0.0023293436787139472	0.0
0.0014285092836834132	-0.0023382126167717015	0.0
0.0014239657747890386	-0.002346810056725648	0.0
0.0014213842356445075	-0.0023553169973116574	0.0
0.0014208679278156014	-0.002363461940425922	0.0
0.0014222103281707574	-0.002371425884804314	0.0
0.001425411436709976	-0.0023789373323430244	0.0
0.0014304712534332566	-0.0023861772817779263	0.0
0.0014372865167748185	-0.0023927837356372745	0.0
0.0014458572267346617	-0.0023989376926569408	0.0
0.001456286644878567	-0.0024045486534689897	0.0
0.0014684715096407535	-0.002409435619337548	0.0
0.0014826183441527835	-0.0024138700883664255	0.0
0.0014984173637173136	-0.002417671061819749	0.0
0.0015160750914659058	-0.0024208385396975187	0.0
0.0015351784811354354	-0.002423101023895925	0.0
0.001556037317423246	-0.0024247300125187785	0.0
0.0015784450771977757	-0.002425273008726396	0.0
0.00160209197576168	-0.002425001510622587	0.0
0.0016273910593780838	-0.002423463021367671	0.0
0.0016542390664812067	-0.0024206575409616462	0.0
0.0016824294739394854	-0.0024164945700365778	0.0
0.001712168804884483	-0.0024110646079604013	0.0
0.0017434570593161992	-0.002404005657261372	0.0
0.0017760877141030714	-0.0023955892160432988	0.0
0.0018100607692450997	-0.0023857247849382447	0.0
0.0018451697016107218	-0.0023745933626820835	0.0
0.0018815177727657187	-0.002362104449906878	0.0
0.0019186919364469655	-0.002348620044084373	0.0
0.001956692192654462	-0.0023340496458466335	0.0
0.0019954152798224278	-0.002318664753297467	0.0
0.0020345514132535185	-0.0023025558658048106	0.0
0.0020741005929477336	-0.002285722983368664	0.0
0.002113649772641949	-0.0022683471047248997	0.0
0.0021535087370335086	-0.00225060922860939	0.0
0.002193264439859286	-0.0022324188556541997	0.0
0.0022328136195535015	-0.0022139569845951996	0.0
0.0022720530145503735	-0.002195133116064455	0.0
0.0023106728401525575	-0.0021758567506940294	0.0
0.002348569834794273	-0.002156308887219794	0.0
0.0023856407369097386	-0.0021364895256417507	0.0
0.0024218855464989545	-0.002116760663431643	0.0
0.0024570977404303578	-0.0020968508024856634	0.0
0.002491174057138167	-0.002077393438379365	0.0
0.0025238047119250395	-0.0020581170730089387	0.0
0.0025551962279225368	-0.002039202705110258	0.0
0.0025849355588675343	-0.0020208313334191944	0.0
0.002613022704760032	-0.00200273145983194	0.0
0.0026392511424684676	-0.0019852650818202393	0.0
0.0026637241335586218	-0.0019680702019123477	0.0
0.002686235154898932	-0.0019511468201082647	0.0
0.0027070939911867428	-0.0019348569338797357	0.0
0.00272599085772471	-0.0019189290451229518	0.0
0.0027432355392101775	-0.001903453653205849	0.0
0.002758931297208926	-0.0018884307581284278	0.0
0.002773181393286737	-0.0018734078630510066	0.0
0.0027857793043120486	-0.0018587469654453305	0.0
0.0027973445996795476	-0.001844267066575527	0.0
0.0028075674946918907	-0.001829696668337787	0.0
0.002816757774046421	-0.0018153072688359198	0.0
0.0028249154377431394	-0.0018009178693340524	0.0
0.002832040485782045	-0.001786528469832185	0.0
0.002838442702860482	-0.001772229569698254	0.0
0.002843812304281106	-0.001757930669564323	0.0
0.002848665597872825	-0.0017433602713265832	0.0
0.0028524862758067307	-0.0017284278756170982	0.0
0.002856100430609074	-0.0017132239818038045	0.0
0.0028590950160167303	-0.001697477091782893	0.0
0.0028618830782928236	-0.0016812777049223003	0.0
0.002864671140568917	-0.0016646258212220262	0.0
0.002867562464410792	-0.0016475214406820706	0.0
0.0028705570498184477	-0.0016299645633024338	0.0
0.002873758158357666	-0.0016118646897151795	0.0
0.002877062528462666	-0.0015933123192882436	0.0
0.002880573421699228	-0.0015743979513895626	0.0
0.0028844973611989156	-0.0015550310866512002	0.0
0.002888524562264384	-0.0015352117250731565	0.0
0.002892861548027196	-0.0015153018641271766	0.0
0.002897405056921571	-0.0014951205050773879	0.0
0.00290236161207907	-0.0014748486466596628	0.0
0.0029074214288023507	-0.0014544862888740016	0.0
0.0029127910302229757	-0.0014339429323524677	0.0
0.0029182638932093814	-0.0014133090764629976	0.0
0.002923633494630006	-0.0013923132231017823	0.0
0.0029290030960506305	-0.001370864872900886	0.0
0.002934372697471255	-0.0013491450245961805	0.0
0.0029398455604576607	-0.0013270631788197301	0.0
0.0029452151618782852	-0.0013044383368356618	0.0
0.0029502749786015662	-0.0012813609980119123	0.0
0.002955334795324847	-0.0012578311623484815	0.0
0.002959878304219222	-0.001233667831109497	0.0
0.00296390550528469	-0.001209142502398767	0.0
0.002967416398521252	-0.001183893178744547	0.0
0.0029703077223631274	-0.0011582818576185818	0.0
0.002972682738376096	-0.0011322180396529354	0.0
0.0029744381849943764	-0.0011057922242155439	0.0
0.002975883846915314	-0.0010790044113064073	0.0
0.0029766066778757825	-0.0010518546009255253	0.0
0.0029767099394415637	-0.001024433292440835	0.0
0.0029760903700468766	-0.0009968309852202719	0.0
0.0029746447081259388	-0.0009688666805279637	0.0
0.0029724762152445326	-0.0009407213770997829	0.0
0.002969378368271096	-0.0009123950749357297	0.0
0.002965351167205627	-0.0008840687727716764	0.0
0.002960497873613909	-0.0008557424706076231	0.0
0.0029547152259301597	-0.0008274161684435698	0.0
0.0029478999625885973	-0.0007992708650153891	0.0
0.0029401553451550047	-0.0007713970596910173	0.0
0.002931378112063599	-0.0007435232543666452	0.0
0.0029213617401828186	-0.0007160114465140185	0.0
0.002910209491078445	-0.0006885901380293279	0.0
0.0028979213647504767	-0.0006615308270163825	0.0
0.0028841875765015716	-0.0006347430141072459	0.0
0.002869008126331729	-0.0006081361999339817	0.0
0.002852589537372512	-0.000581619885128654	0.0
0.002834312240229232	-0.0005552845690591987	0.0
0.002814589281165015	-0.0005290397523576797	0.0
0.0027933173986140793	-0.0005028854350240969	0.0
0.002770599854142206	-0.00047682161705845045	0.0
0.002746539909315177	-0.0004508482984607403	0.0
0.002721240825698773	-0.0004250559785989026	0.0
0.002694702603292994	-0.00039953515684087375	0.0
0.00266692524209784	-0.00037437633255459003	0.0
0.00263780548054753	-0.00034930800763624255	0.0
0.0026073433186420635	-0.0003246016801896402	0.0
0.002575745279513004	-0.0002999858521109741	0.0
0.0025429081015945695	-0.00027546052340024426	0.0
0.0025090383080183217	-0.000251116193425387	0.0
0.0024740326372184812	-0.00022695286218640223	0.0
0.0024384073970239533	-0.00020288003031535375	0.0
0.002401956064303175	-0.00017889769781224158	0.0
0.002364885162187709	-0.00015536786214881074	0.0
0.0023269881675459935	-0.00013201902522125245	0.0
0.002288781388206934	-0.00010903218576543924	0.0
0.0022496452547758443	-8.649784314930742e-05	0.0
0.002209992813515847	-6.450649674079322e-05	0.0
0.0021698240644269446	-4.332964464370546e-05	0.0
0.002129242269074917	-2.2605289386299074e-05	0.0
0.00208793764276242	-2.6049290723828647e-06	0.0
0.00204632323175258	1.6399938194234347e-05	0.0
0.002003985989782271	3.495230862117019e-05	0.0
0.0019614422246803996	5.259968536874332e-05	0.0
0.0019180723670522782	6.961356654076253e-05	0.0
0.0018745992478583755	8.608445150516413e-05	0.0
0.0018306098208355668	0.00010201234026194806	0.0
0.0017865171322469767	0.00011721623407524184	0.0
0.0017422179205268244	0.00013160563357710918	0.0
0.0016977121856751093	0.00014536153750342257	0.0
0.0016533097123891754	0.0001583934464862458	0.0
0.0016089072391032417	0.00017070136052557886	0.0
0.0015648145505146515	0.000182375778989358	0.0
0.0015208251234918428	0.0001935072012455195	0.0
0.001477248742732159	0.0002040051279261271	0.0
0.0014339821466698187	0.00021405055776705335	0.0
0.0013913351200021662	0.00022364349076829825	0.0
0.0013495141858607634	0.0002326029281939892	0.0
0.0013083128211140483	0.00024083837067619	0.0
0.0012678342873278015	0.00024844031758283687	0.0
0.0012281818460678049	0.0002551372708101211	0.0
0.0011895620204656206	0.000261110229093915	0.0
0.001151974810521249	0.00026608769433041004	0.0
0.0011155234778004706	0.00027006966651960595	0.0
0.0010804145454348486	0.000273056145661503	0.0
0.0010465447518586016	0.0002749566323881647	0.0
0.0010141206202032918	0.00027577112669959115	0.0
0.0009829356273373569	0.00027540912922784604	0.0
0.000953093034826578	0.0002739611393408657	0.0
0.000924799365802518	0.0002713366576707138	0.0
0.0008976415740020515	0.0002677166829532629	0.0
0.0008719294441225224	0.00026292021645264046	0.0
0.0008475597145981495	0.00025703775753678276	0.0
0.0008245323854289327	0.00025006930620568977	0.0
0.0008026409334833095	0.0002421053618272978	0.0
0.0007819886203270613	0.00023305542503367056	0.0
0.0007622656612628441	0.00022328149329655313	0.0
0.0007435753178564395	0.00021251206851213673	0.0
0.0007255045438447223	0.00020101864878423013	0.0
0.0007083631239250362	0.0001886202353769608	0.0
0.0006918412734000375	0.0001755883263941376	0.0
0.0006763520385328515	0.0001617419230998879	0.0
0.0006615856346261339	0.00014708102549421175	0.0
0.0006474388001141038	0.00013187713168091799	0.0
0.0006341180581283237	0.0001160397422920703	0.0
0.0006214168855372311	9.947835795973244e-05	0.0
0.000609438543906607	8.237397741977696e-05	0.0
0.0005979765101048893	6.48171000401401e-05	0.0
0.0005870307841320776	4.662672708494934e-05	0.0
0.000576911150685516	2.807435665801349e-05	0.0
0.0005673078250678606	8.978990023460008e-06	0.0
0.0005583240688448926	-1.0749872186647385e-05	0.0
0.0005497533588850497	-3.111222997230868e-05	0.0
0.0005416989567541127	-5.1927084597651346e-05	0.0
0.000534057600886301	-7.337543479854791e-05	0.0
0.0005266227681500515	-9.536678120706211e-05	0.0
0.0005199107663742708	-0.00011790112382319395	0.0
0.0005136118108616151	-0.00014097846264694342	0.0
0.0005078291631778656	-0.00016450829831037426	0.0
0.0005026660848888035	-0.00018858113018142272	0.0
0.0004980193144286477	-0.00021310645889215254	0.0
0.0004938888517973981	-0.00023799378507462747	0.0
0.0004902746969950546	-0.0002630621099929749	0.0
0.0004869703268900549	-0.0002884019330151312	0.0
0.00048428552617974256	-0.0003136512566693512	0.0
0.0004820137717325553	-0.0003387195815876987	0.0
0.0004803615866800554	-0.00036360690777017363	0.0
0.00047943223258802427	-0.00038822273584883973	0.0
0.00047912244789068056	-0.0004124765664557607	0.0
0.00047943223258802427	-0.00043636839959093664	0.0
0.0004803615866800554	-0.00045980773588643123	0.0
0.00048180724860099277	-0.0004825230772384356	0.0
0.0004837692183508364	-0.0005046954223828223	0.0
0.00048635075749536746	-0.0005263247713195914	0.0
0.0004894486044688047	-0.0005470491265769978	0.0
0.0004932692824027105	-0.0005669589875229778	0.0
0.0004978127912970852	-0.00058632585226134	0.0
0.0005030791311519285	-0.0006047877233203397	0.0
0.0005089650404014593	-0.0006224351000679128	0.0
0.0005153672574798962	-0.0006393584818719958	0.0
0.0005223890439530206	-0.0006551958712608434	0.0
0.0005301336613866138	-0.0006702187663382646	0.0
0.0005383945866491131	-0.0006842461683683868	0.0
0.000547378342872081	-0.00069727807735121	0.0
0.0005570849300555177	-0.0007093144932867343	0.0
0.0005677208713309856	-0.0007203554161749596	0.0
0.0005789763820011409	-0.0007305818447517583	0.0
0.0005911612467633274	-0.0007397222809133218	0.0
0.0006038624193544199	-0.0007478672240275863	0.0
0.0006171831613402001	-0.0007551071734624882	0.0
0.0006313299958522301	-0.0007614421292180272	0.0
0.0006458898766273852	-0.0007665100938224585	0.0
0.0006613791114945714	-0.000770673064747527	0.0
0.0006772813926248825	-0.0007738405426252966	0.0
0.0006939065047156624	-0.0007760125274557671	0.0
0.0007109446630695673	-0.0007771890192389387	0.0
0.0007281893445550345	-0.000777279518606875	0.0
0.0007457438107378456	-0.0007765555236633847	0.0
0.0007636080616180003	-0.0007749265350405317	0.0
0.0007813690509323737	-0.0007726640508421249	0.0
0.0007991300402467473	-0.000769677571700228	0.0
0.0008167877679953397	-0.0007664195944545222	0.0
0.0008342389726123694	-0.0007627091203691351	0.0
0.0008509673462689304	-0.0007589081469158116	0.0
0.0008672826736623666	-0.0007551071734624882	0.0
0.0008827719085295528	-0.000751396699377101	0.0
0.0008974350508704891	-0.0007478672240275863	0.0
0.0009110655775536129	-0.0007446997461498169	0.0
0.0009235602270131431	-0.0007417132670079199	0.0
0.0009349189992490796	-0.0007392697840736405	0.0
0.0009450386326956413	-0.0007372787979790425	0.0
0.0009539191273528281	-0.0007360118068279347	0.0
0.0009613539600890774	-0.0007351068131485719	0.0
0.0009675496540359519	-0.0007347448156768268	0.0
0.000972299686061889	-0.0007347448156768268	0.0
0.0009760171024300136	-0.0007353783112523807	0.0
0.0009784953800087634	-0.000736464303667616	0.0
0.0009799410419297008	-0.0007379122935545964	0.0
0.0009803540881928258	-0.0007399937790171307	0.0
0.0009799410419297008	-0.0007426182606872825	0.0
0.0009784953800087634	-0.0007457857385650521	0.0
0.0009760171024300136	-0.0007495867120183756	0.0
0.0009728159938907952	-0.0007540211810472529	0.0
0.0009687887928253267	-0.0007590891456516842	0.0
0.0009640387607993897	-0.0007650621039354781	0.0
0.0009586691593787651	-0.0007715780584268898	0.0
0.0009527832501292344	-0.0007790895059656003	0.0
0.0009464842946165786	-0.0007870534503439924	0.0
0.0009397722928407979	-0.0007960128877696833	0.0
0.0009327505063676736	-0.0008053343226671194	0.0
0.0009252124120656429	-0.0008152892531401094	0.0
0.0009173645330662686	-0.0008255156817169082	0.0
0.0009093101309353318	-0.0008358326096616432	0.0
0.0009009459441070512	-0.0008461495376063783	0.0
0.0008924784957129895	-0.0008565569649190496	0.0
0.0008838045241873651	-0.0008668738928637846	0.0
0.0008750272910959597	-0.0008769193227047108	0.0
0.0008660435348729918	-0.0008868742531777009	0.0
0.0008570597786500238	-0.000896557685546882	0.0
0.0008480760224270558	-0.0009059696198122543	0.0
0.0008389890046383064	-0.0009152005553417542	0.0
0.0008301085099811197	-0.0009242504921353813	0.0
0.0008213312768897142	-0.0009329384314572635	0.0
0.0008128638284956524	-0.0009415358714112094	0.0
0.0008048094263647155	-0.0009499523126292827	0.0
0.0007969615473653412	-0.0009583687538473561	0.0
0.0007894234530633106	-0.0009663326982257481	0.0
0.0007824016665901862	-0.0009741156438682674	0.0
0.0007757929263801867	-0.000981627091406978	0.0
0.000769493970867531	-0.0009885955427380712	0.0
0.000763917846315344	-0.0009951114972294828	0.0
0.0007585482448947195	-0.001001174954881213	0.0
0.0007536949513030012	-0.0010068764150611982	0.0
0.0007492547039744077	-0.001012125378401502	0.0
0.000745020979777377	-0.001017102843637997	0.0
0.000741200301843471	-0.0010216278120348105	0.0
0.0007375861470411275	-0.0010260622810636878	0.0
0.0007341785153703465	-0.0010302252519887563	0.0
0.0007310806683969094	-0.0010341167248100161	0.0
0.0007281893445550345	-0.0010379176982633397	0.0
0.0007257110669762847	-0.0010416281723487266	0.0
0.0007233360509633162	-0.001045338646434114	0.0
0.0007212708196476914	-0.0010488681217836284	0.0
0.0007196186345951915	-0.0010525785958690158	0.0
0.0007181729726742542	-0.0010561080712185303	0.0
0.0007170370954506605	-0.0010599090446718538	0.0
0.000716417526055973	-0.0010638005174931134	0.0
0.0007161077413586293	-0.0010675109915785005	0.0
0.0007160044797928481	-0.0010713119650318241	0.0
0.000716417526055973	-0.00107529393722102	0.0
0.0007169338338848792	-0.0010790949106743435	0.0
0.0007179664495426916	-0.0010830768828635395	0.0
0.000719412111463629	-0.0010870588550527353	0.0
0.0007213740812134726	-0.0010910408272419314	0.0
0.0007240588819237848	-0.0010950227994311274	0.0
0.0007272599904630033	-0.0010990047716203236	0.0
0.000731390453094253	-0.0011029867438095194	0.0
0.0007362437466859713	-0.0011070592153666517	0.0
0.0007418198712381584	-0.001111131686923784	0.0
0.0007481188267508141	-0.0011153851572167888	0.0
0.0007552438747897198	-0.00111972912687773	0.0
0.0007631950153548753	-0.0011239825971707347	0.0
0.0007716624637489371	-0.0011285075655675483	0.0
0.0007809560046692489	-0.0011330325339643618	0.0
0.0007907658534184668	-0.0011376480017291119	0.0
0.0008011952715623722	-0.001142353968861798	0.0
0.0008120377359694024	-0.0011472409347303568	0.0
0.000823396508205339	-0.0011522183999668517	0.0
0.000834961803572838	-0.0011572863645712829	0.0
0.0008469401452034621	-0.0011625353279115867	0.0
0.0008588152252683048	-0.0011678747906198267	0.0
0.0008711033515962725	-0.0011734857514318756	0.0
0.0008833914779242402	-0.0011790967122439243	0.0
0.0008954730811206454	-0.0011851601698956548	0.0
0.0009074514227512694	-0.0011914046262832575	0.0
0.0009191199796845498	-0.0011980110801426054	0.0
0.0009303754903547051	-0.0012050700308416347	0.0
0.0009410114316301729	-0.001212490979012409	0.0
0.000951337588208297	-0.0012202739246549286	0.0
0.0009609409138259524	-0.001228780865240938	0.0
0.0009699246700489204	-0.0012376498032986927	0.0
0.0009783921184429822	-0.0012471522369320014	0.0
0.0009858269511792317	-0.0012574691648767364	0.0
0.0009925389529550123	-0.0012683290890290891	0.0
0.000998424862204543	-0.0012799130081249319	0.0
0.0010031748942304802	-0.0012921304227963288	0.0
0.0010073053568617298	-0.0013050718324112158	0.0
0.0010102999422693857	-0.001318737236969593	0.0
0.0010123651735850106	-0.0013331266364714602	0.0
0.0010135010508086043	-0.0013480590321809452	0.0
0.0010137075739401666	-0.0013638059222018566	0.0
0.0010126749582823542	-0.0013801863077983218	0.0
0.001010816250098292	-0.0013972001889703412	0.0
0.001007821664690636	-0.0014149380650858505	0.0
0.0010038977251909489	-0.0014329474393051686	0.0
0.000999250954730793	-0.001451590309100041	0.0
0.0009939846148759497	-0.001470504676998722	0.0
0.0009880987056264188	-0.0014899620411050203	0.0
0.0009819030116795444	-0.0015096004039471915	0.0
0.000975294271469545	-0.0015295102648931714	0.0
0.000968479008127983	-0.001549601124575024	0.0
0.0009614572216548586	-0.0015696919842568765	0.0
0.0009540223889186092	-0.0015896923445707924	0.0
0.0009466908177481412	-0.0016096927048847088	0.0
0.0009392559850118918	-0.0016295120664627525	0.0
0.0009320276754072049	-0.0016490599299369873	0.0
0.0009250058889340804	-0.0016685172940432858	0.0
0.000918397148724081	-0.001687793659413712	0.0
0.0009117884085140815	-0.001706708027312393	0.0
0.0009056959761329883	-0.0017258033939469464	0.0
0.0008999133284492387	-0.0017445367631097545	0.0
0.0008945437270286143	-0.0017630891335366906	0.0
0.0008895871718711147	-0.0017812795064918814	0.0
0.0008851469245425213	-0.0017993793800791357	0.0
0.0008814295081743966	-0.0018172077555625814	0.0
0.0008781251380693968	-0.0018351266304139633	0.0
0.0008756468604906472	-0.0018527740071615367	0.0
0.0008737881523065848	-0.0018704213839091097	0.0
0.0008725490135172098	-0.001888068760656683	0.0
0.0008720327056883036	-0.0019056256380363197	0.0
0.0008722392288198662	-0.001923001516680084	0.0
0.0008729620597803348	-0.0019401963965879757	0.0
0.0008745109832670535	-0.001957210277759995	0.0
0.000876885999280022	-0.001974043160196142	0.0
0.0008797773231218967	-0.0019906045445284796	0.0
0.0008835980010558027	-0.0020068944307570086	0.0
0.0008878317252528337	-0.002022912818881729	0.0
0.0008927882804103332	-0.0020387502082705763	0.0
0.000898261143396739	-0.0020540446014518064	0.0
0.0009041470526462697	-0.0020689769971612916	0.0
0.0009107557928562692	-0.0020833663966631586	0.0
0.0009175710561978311	-0.002097303299325345	0.0
0.0009249026273682993	-0.002110878204515786	0.0
0.0009323374601045485	-0.0021239101134986086	0.0
0.0009401853391039229	-0.0021364895256417507	0.0
0.0009480332181032973	-0.0021487069403131475	0.0
0.0009559843586684528	-0.0021603813587769264	0.0
0.0009640387607993897	-0.0021717842791368967	0.0
0.0009717833782329828	-0.0021825537039213134	0.0
0.000979631257232357	-0.0021925991337622395	0.0
0.0009873758746659503	-0.002202373065499357	0.0
0.0009949139689679808	-0.0022115135016609203	0.0
0.0010021422785726677	-0.0022202014409828026	0.0
0.0010089575419142296	-0.00222852738283294	0.0
0.0010153597589926666	-0.0022364008278433953	0.0
0.0010213489298079785	-0.00224382177601417	0.0
0.0010269250543601656	-0.0022506997279773265	0.0
0.0010320881326492278	-0.002257215682468738	0.0
0.0010367349031093836	-0.002263188640752532	0.0
0.0010406588426090707	-0.002268528103460772	0.0
0.001044169735845633	-0.002273505568697267	0.0
0.0010470610596875077	-0.0022777590389902722	0.0
0.0010491262910031324	-0.002281650511811532	0.0
0.001050675214489851	-0.0022849989884251736	0.0
0.001051501307016101	-0.0022877139694632617	0.0
0.0010516045685818824	-0.0022902479517654777	0.0
0.0010510882607529762	-0.0022922389378600755	0.0
0.0010498491219636014	-0.002294048925218801	0.0
0.0010476806290821952	-0.0022954969151057813	0.0
0.0010446860436745392	-0.002296673406888953	0.0
0.0010405555810432893	-0.002297487901200379	0.0
0.00103559902588579	-0.0022983023955118055	0.0
0.0010295065935046965	-0.002298664392983551	0.0
0.0010225880685973533	-0.0022989358910873595	0.0
0.001014636928032198	-0.0022988453917194233	0.0
0.0010059629565065736	-0.002298664392983551	0.0
0.0009964628924546994	-0.0022983023955118055	0.0
0.0009861367358765753	-0.002297759399304188	0.0
0.0009749844867722012	-0.002297125903728634	0.0
0.000963315929838921	-0.002296311409417208	0.0
0.0009508212803793907	-0.002295406415737845	0.0
0.0009377070615251732	-0.002294591921426419	0.0
0.0009238700117104868	-0.002293686927747056	0.0
0.0009095166540668943	-0.002293053432171502	0.0
0.0008946469885943955	-0.0022926009353318208	0.0
0.0008791577537272093	-0.0022924199365959483	0.0
0.0008633587341626794	-0.0022926914346997566	0.0
0.0008469401452034621	-0.002293234430907375	0.0
0.000830211771546901	-0.00229432042332261	0.0
0.0008131736131929961	-0.00229576841320959	0.0
0.0007958256701417475	-0.002297487901200379	0.0
0.000778477727090499	-0.0022996598860308497	0.0
0.0007610265224734693	-0.002302646365172747	0.0
0.0007437818409880019	-0.0023059043424184526	0.0
0.0007263306363709722	-0.002309976813975585	0.0
0.0007090859548855049	-0.0023145017823723983	0.0
0.0006920477965316001	-0.00231956974697683	0.0
0.0006752161613092578	-0.002325090208420942	0.0
0.0006587975723500403	-0.0023310631667047364	0.0
0.000642792029653948	-0.0023374886218282117	0.0
0.0006273027947867617	-0.0023440950756875596	0.0
0.0006125363908800443	-0.0023510635270186527	0.0
0.0005984928179337955	-0.0023583939758214907	0.0
0.0005850688143822342	-0.0023659054233602012	0.0
0.0005723676417911414	-0.0023735978696347846	0.0
0.0005608023464236424	-0.0023812903159093676	0.0
0.0005498566204508308	-0.002389163760919823	0.0
0.0005399435101358317	-0.0023968562071944068	0.0
0.0005308564923470824	-0.0024045486534689897	0.0
0.0005226988286503643	-0.0024120601010077	0.0
0.00051567704217724	-0.0024194810491784745	0.0
0.0005096878713619279	-0.0024267209986133763	0.0
0.0005044215315070847	-0.0024341419467841506	0.0
0.0005001878073100538	-0.002441381896219053	0.0
0.0004969866987708353	-0.002448531346286018	0.0
0.000494714944323648	-0.00245577129572092	0.0
0.0004932692824027105	-0.002462830246419949	0.0
0.0004926497130080231	-0.0024699796964869148	0.0
0.0004928562361395856	-0.00247712914655388	0.0
0.0004935790671000543	-0.0024841880972529093	0.0
0.0004948182058894293	-0.002491428046687811	0.0
0.0004966769140734916	-0.002498758495490649	0.0
0.0004987421453891164	-0.002505998444925551	0.0
0.0005012204229678662	-0.002513328893728389	0.0
0.0005040084852439597	-0.0025204783437953546	0.0
0.0005068998090858345	-0.0025277182932302565	0.0
0.0005099976560592717	-0.002534777243929286	0.0
0.0005131987645984902	-0.0025418361946283148	0.0
0.000516606396269271	-0.0025486236472235355	0.0
0.0005199107663742708	-0.0025553206004508195	0.0
0.0005233183980450517	-0.002561746055574295	0.0
0.0005267260297158327	-0.002568081011329834	0.0
0.0005303401845181763	-0.002573782471509819	0.0
0.0005338510777547384	-0.0025793934323218677	0.0
0.0005373619709913006	-0.002584732895030108	0.0
0.0005410793873594253	-0.002589710360266603	0.0
0.0005444870190302063	-0.0025945068267672253	0.0
0.0005479979122667685	-0.0025992127938999116	0.0
0.0005515088055033307	-0.002603737762296725	0.0
0.0005548131756083304	-0.00260799123258973	0.0
0.0005580142841475488	-0.0026122447028827348	0.0
0.000561008869555205	-0.0026162266750719312	0.0
0.0005637969318312984	-0.0026200276485252544	0.0
0.0005660686862784857	-0.0026238286219785775	0.0
0.000567927394462548	-0.0026273580973280924	0.0
0.0005692697948177041	-0.0026308875726776073	0.0
0.0005701991489097353	-0.002634236049291249	0.0
0.0005705089336070791	-0.0026374940265369547	0.0
0.0005701991489097353	-0.0026406615044147243	0.0
0.0005693730563834854	-0.002643647983556621	0.0
0.0005681339175941105	-0.002646543963330582	0.0
0.0005661719478442669	-0.0026489874462648617	0.0
0.0005636936702655172	-0.002651249930463268	0.0
0.0005604925617262987	-0.002653059917821994	0.0
0.0005566718837923928	-0.002654779405812783	0.0
0.000552025113332237	-0.002656227395699763	0.0
0.0005465522503458312	-0.002657494386850871	0.0
0.0005403565563989566	-0.0026584898798981704	0.0
0.0005333347699258322	-0.00265921387484166	0.0
0.0005253836293606767	-0.0026595758723134055	0.0
0.0005167096578350525	-0.0026596663716813413	0.0
0.0005070030706516156	-0.002659485372945469	0.0
0.0004962638678103666	-0.0026590328761057877	0.0
0.00048490509557443004	-0.0026583088811622975	0.0
0.0004727202308122436	-0.002657494386850871	0.0
0.00045991579665536963	-0.0026564083944356355	0.0
0.00044638853153802706	-0.002655141403284528	0.0
0.0004324482201575595	-0.0026536029140296112	0.0
0.00041819812407974815	-0.0026519739254067583	0.0
0.0004035349817388119	-0.0026499829393121606	0.0
0.00038866531626631317	-0.002647901453849626	0.0
0.0003732793429649082	-0.0026452769721794743	0.0
0.0003579966312292845	-0.00264247149177345	0.0
0.00034250739636209834	-0.0026393945132636167	0.0
0.0003270181614949121	-0.0026358650379141022	0.0
0.00031152892662772593	-0.0026317925663569696	0.0
0.0002964527380236647	-0.0026273580973280924	0.0
0.00028147981098538465	-0.00262256163082747	0.0
0.00026661014551288594	-0.002617312667487166	0.0
0.0002523600494350746	-0.0026115207079392445	0.0
0.00023810995335726335	-0.0026052762515516416	0.0
0.00022437616510835825	-0.0025985792983243576	0.0
0.0002109521615567969	-0.002591339348889456	0.0
0.00019814772739992295	-0.0025835564032469366	0.0
0.00018575633950617402	-0.002575320960764736	0.0
0.0001739845210071125	-0.0025665425220749174	0.0
0.00016262574877117599	-0.002557221087177481	0.0
0.00015188654592992686	-0.0025472661567044913	0.0
0.0001419734356149277	-0.00253685872939182	0.0
0.00013257663312883476	-0.0025258178065035945	0.0
0.00012379940003742922	-0.0025142338874077517	0.0
0.0001159515210380549	-0.0025019259733684187	0.0
0.00010872321143336802	-0.0024888940643855956	0.0
0.00010221773278914981	-0.0024752286598272184	0.0
9.674486980274401e-05	-0.002460839260325351	0.0
9.199483777680691e-05	-0.0024457258658799933	0.0
8.79676367113385e-05	-0.0024297979771232096	0.0
8.466326660633878e-05	-0.0024131460934229353	0.0
8.208172746180775e-05	-0.0023960417128829803	0.0
8.022301927774541e-05	-0.002378213337399534	0.0
7.877735735680803e-05	-0.002359751466340535	0.0
7.815778796212059e-05	-0.0023408370984418538	0.0
7.805452639633934e-05	-0.002321560733071428	0.0
7.877735735680803e-05	-0.0023015603727575113	0.0
8.011975771196417e-05	-0.0022812885143397863	0.0
8.177194276446402e-05	-0.0022603831603465077	0.0
8.394043564587009e-05	-0.0022392968076173562	0.0
8.652197479040113e-05	-0.002217757958048523	0.0
8.931003706649465e-05	-0.0021958571110079453	0.0
9.230462247415064e-05	-0.002173775265231495	0.0
9.519594631602539e-05	-0.0021514219213512355	0.0
9.839705485524387e-05	-0.002128616080631295	0.0
0.00010139164026289987	-0.002105719740543418	0.0
0.00010448948723633711	-0.002082551902351732	0.0
0.0001074840726439931	-0.002059203065424174	0.0
0.00011047865805164911	-0.0020358542284966154	0.0
0.00011357650502508635	-0.0020123243928331846	0.0
0.0001164678288669611	-0.001988704057801818	0.0
0.00011925589114305462	-0.001965174222138387	0.0
0.00012214721498492938	-0.001941644386474956	0.0
0.00012462549256367917	-0.0019181145508115251	0.0
0.00012700050857664772	-0.0018946752145160306	0.0
0.00012916900145805378	-0.0018714168769564086	0.0
0.00013102770964211612	-0.0018483395381326594	0.0
0.00013278315626039723	-0.0018255336974127186	0.0
0.00013433207974711584	-0.0018029088554286504	0.0
0.00013557121853649074	-0.0017805555115483912	0.0
0.0001367070957600844	-0.0017584736657719406	0.0
0.00013753318828633432	-0.0017365728187313627	0.0
0.000138256019246803	-0.001715124468530466	0.0
0.00013856580394414674	-0.0016939476164333784	0.0
0.00013856580394414674	-0.001673223261175972	0.0
0.000138256019246803	-0.0016527704040223746	0.0
0.0001379462345494593	-0.0016329510424443307	0.0
0.0001372234035889906	-0.0016135841777059686	0.0
0.00013660383419430316	-0.00159485080854316	0.0
0.0001359842647996157	-0.001576569936220033	0.0
0.00013526143383914703	-0.001559013058840396	0.0
0.00013453860287867834	-0.001541999177668377	0.0
0.00013402229504977213	-0.0015256187920719118	0.0
0.00013329946408930344	-0.0015097814026830642	0.0
0.00013278315626039723	-0.0014946680082377065	0.0
0.00013237010999727226	-0.0014800976099999667	0.0
0.00013216358686570978	-0.0014661607073377808	0.0
0.00013226684843149102	-0.0014528573002511487	0.0
0.00013257663312883476	-0.0014401873887400704	0.0
0.00013319620252352218	-0.0014281509728045463	0.0
0.00013402229504977213	-0.0014166575530766396	0.0
0.00013526143383914703	-0.0014057071295563509	0.0
0.0001367070957600844	-0.0013954807009795521	0.0
0.00013856580394414674	-0.0013857067692424345	0.0
0.00014063103525977156	-0.0013766568324488073	0.0
0.00014321257440430262	-0.0013681498918627977	0.0
0.0001462071598119586	-0.001360276446852342	0.0
0.00014961479148273957	-0.0013529459980495039	0.0
0.00015353873098242674	-0.0013462490448222198	0.0
0.00015787571674523887	-0.0013400045884346171	0.0
0.0001627290103369572	-0.0013342126288866955	0.0
0.00016799535019180052	-0.0013288731661784555	0.0
0.00017367473630976876	-0.0013238957009419606	0.0
0.00017987043025664327	-0.0013190992344413379	0.0
0.00018658243203242394	-0.0013146647654124605	0.0
0.0001937074800713296	-0.0013103207957515196	0.0
0.00020134883593914143	-0.001306157824826451	0.0
0.00020929997650429702	-0.001302175852637255	0.0
0.00021776742489835882	-0.0012982843798159953	0.0
0.0002264413964239831	-0.0012946644050985446	0.0
0.00023552841421273232	-0.0012910444303810935	0.0
0.00024461543200148157	-0.001287514955031579	0.0
0.0002540122344875745	-0.0012838044809461917	0.0
0.00026361556010522997	-0.001280184506228741	0.0
0.0002735286704202291	-0.0012763835327754174	0.0
0.00028354504230100955	-0.0012725825593220938	0.0
0.0002937679373133524	-0.0012685100877649618	0.0
0.0003041973554572578	-0.0012642566174719569	0.0
0.00031483329673272567	-0.001259641149707207	0.0
0.0003253659764424122	-0.0012549351825745208	0.0
0.00033610517928366133	-0.0012498672179700897	0.0
0.0003467411205591292	-0.0012445277552618494	0.0
0.00035706727713725333	-0.0012390072938177367	0.0
0.0003672901721495962	-0.0012332153342698153	0.0
0.0003773065440303766	-0.0012272423759860213	0.0
0.00038690986964803203	-0.0012210884189663548	0.0
0.000396306672134125	-0.001214753463210816	0.0
0.0004056002130544367	-0.0012081470093514679	0.0
0.000414687230843186	-0.0012012690573883114	0.0
0.0004234644639345915	-0.001194210106689282	0.0
0.0004321384354602157	-0.0011866986591505715	0.0
0.000440399360722715	-0.001178915713508052	0.0
0.00044814397815630814	-0.0011710422684975963	0.0
0.0004555788108925575	-0.001162987824751268	0.0
0.00046249733579990066	-0.0011547523822690673	0.0
0.0004688995528783376	-0.0011466074391548028	0.0
0.0004747854621278684	-0.001138371996672602	0.0
0.0004801550635484929	-0.0011302270535583374	0.0
0.0004850083571402113	-0.0011220821104440729	0.0
0.0004894486044688047	-0.0011142086654336173	0.0
0.0004932692824027105	-0.001106425719791098	0.0
0.0004966769140734916	-0.0010989142722523872	0.0
0.0004995682379153663	-0.001091583823449549	0.0
0.0005020465154941161	-0.0010844343733825838	0.0
0.0005040084852439597	-0.0010773754226835544	0.0
0.000505454147164897	-0.0010704974707203977	0.0
0.0005065900243884907	-0.0010638910168610499	0.0
0.0005071063322173968	-0.001057646560473447	0.0
0.0005074161169147407	-0.0010516736021896529	0.0
0.0005072095937831782	-0.0010459721420096677	0.0
0.000506693285954272	-0.0010409946767731728	0.0
0.0005059704549938033	-0.0010362887096404868	0.0
0.0005050411009017721	-0.0010322162380833543	0.0
0.0005039052236781784	-0.001028415264630031	0.0
0.0005028726080203661	-0.0010251572873843252	0.0
0.0005017367307967724	-0.0010222613076103645	0.0
0.0005003943304416162	-0.001019817824676085	0.0
0.0004990519300864601	-0.0010180078373173596	0.0
0.0004978127912970852	-0.0010167408461662518	0.0
0.000496470390941929	-0.001016107350590698	0.0
0.0004951279905867729	-0.0010161978499586342	0.0
0.0004938888517973981	-0.001016831345534188	0.0
0.0004929594977053669	-0.0010180078373173596	0.0
0.0004922366667448982	-0.0010199083240440211	0.0
0.0004917203589159919	-0.0010223518069783007	0.0
0.0004914105742186483	-0.0010254287854881338	0.0
0.0004915138357844295	-0.0010293202583093936	0.0
0.0004917203589159919	-0.0010338452267062072	0.0
0.0004922366667448982	-0.0010394561875182561	0.0
0.0004929594977053669	-0.0010457911432737953	0.0
0.0004941986364947417	-0.0010530310927086971	0.0
0.0004957475599814603	-0.0010610855364550254	0.0
0.0004975030065997414	-0.0010697734757769074	0.0
0.0004996714994811476	-0.0010793664087781524	0.0
0.0005021497770598974	-0.001089502337987015	0.0
0.0005048345777702096	-0.0011003622621393676	0.0
0.0005077259016120845	-0.0011119461812352104	0.0
0.0005109270101513029	-0.001124073096538671	0.0
0.0005143346418220837	-0.0011369240067856216	0.0
0.0005180520581902085	-0.0011501369145043175	0.0
0.0005222857823872395	-0.0011638023190626945	0.0
0.0005270358144131765	-0.0011781012191966257	0.0
0.0005321988927022385	-0.0011924906186984929	0.0
0.0005378782788202068	-0.0012074230144079779	0.0
0.0005439707112013001	-0.001222445909485399	0.0
0.0005503729282797371	-0.0012377403026666292	0.0
0.0005569816684897366	-0.0012531251952157955	0.0
0.0005642099780944234	-0.0012685100877649618	0.0
0.0005715415492648916	-0.0012838044809461917	0.0
0.0005793894282642659	-0.001298917875391549	0.0
0.0005876503535267652	-0.0013138502711010343	0.0
0.0005962210634866082	-0.0013285111687067104	0.0
0.0006052048197095762	-0.0013429005682085778	0.0
0.0006144983606298878	-0.0013569279702386999	0.0
0.000623998424681762	-0.001370864872900886	0.0
0.0006339115349967612	-0.0013843492787233905	0.0
0.0006440311684433229	-0.00139747168707415	0.0
0.0006544605865872283	-0.0014100510992172918	0.0
0.0006651997894284773	-0.0014222685138886885	0.0
0.0006762487769670702	-0.0014341239310883404	0.0
0.000687710810768788	-0.0014451648539765655	0.0
0.0006994826292678495	-0.0014558437793930456	0.0
0.0007115642324642547	-0.0014657987098660357	0.0
0.0007240588819237848	-0.0014751201447634717	0.0
0.0007367600545148776	-0.0014837175847174176	0.0
0.0007496677502375328	-0.0014915910297278732	0.0
0.0007629884922233129	-0.0014985594810589663	0.0
0.0007764124957748743	-0.0015047134380786328	0.0
0.0007903528071553418	-0.0015100529007868728	0.0
0.0008043963801015907	-0.0015146683685516226	0.0
0.0008187497377451831	-0.0015182883432690738	0.0
0.0008334128800861194	-0.0015210938236750982	0.0
0.0008483858071243994	-0.0015227228122979511	0.0
0.0008633587341626794	-0.0015235373066093774	0.0
0.0008785381843325219	-0.001523356307873505	0.0
0.0008939241576339269	-0.0015221798160903334	0.0
0.0009092068693695506	-0.0015200983306277991	0.0
0.0009245928426709555	-0.0015171118514859022	0.0
0.0009402886006697041	-0.0015131298792967062	0.0
0.0009559843586684528	-0.001508061914692275	0.0
0.000971886639798764	-0.0015021794557764172	0.0
0.000987788920929075	-0.0014952110044453243	0.0
0.0010036912020593863	-0.0014871565606989958	0.0
0.0010194902216239161	-0.0014781066239053686	0.0
0.0010354957643200088	-0.0014679706946965061	0.0
0.001051501307016101	-0.001456929771808281	0.0
0.0010671970650148496	-0.0014453458527124382	0.0
0.001082686299882036	-0.0014328569399372324	0.0
0.0010979690116176598	-0.0014199155303223454	0.0
0.001113045200221721	-0.0014063406251319046	0.0
0.0011278116041284383	-0.0013923132231017823	0.0
0.0011423714849035933	-0.0013778333242319787	0.0
0.0011566215809814047	-0.0013629914278904301	0.0
0.001170871677059216	-0.0013476970347092	0.0
0.0011848119884396834	-0.0013322216427920975	0.0
0.0011985457766885885	-0.001316474752771186	0.0
0.0012122795649374938	-0.0013003658652785295	0.0
0.001225600306923274	-0.001284256977785873	0.0
0.0012387145257774913	-0.0012678765921894078	0.0
0.001251312436802803	-0.0012514057072250063	0.0
0.0012638070862623333	-0.0012349348222606047	0.0
0.001275785427892957	-0.0012185544366641393	0.0
0.0012874539848262375	-0.001202174051067674	0.0
0.001298812757062174	-0.0011857936654712086	0.0
0.0013098617446007667	-0.0011696847779785523	0.0
0.0013208074705735784	-0.0011537568892217682	0.0
0.0013315466734148274	-0.0011376480017291119	0.0
0.0013420793531245141	-0.0011217201129723278	0.0
0.0013524055097026383	-0.0011057922242155439	0.0
0.0013624218815834188	-0.0010900453341946325	0.0
0.0013722317303326366	-0.0010744794429095937	0.0
0.0013817317943845108	-0.001059004050992491	0.0
0.0013909220737390413	-0.0010438906565471335	0.0
0.0013999058299620094	-0.001029048760205585	0.0
0.0014084765399218523	-0.0010145688613357813	0.0
0.0014168407267501329	-0.0010004509599377228	0.0
0.0014249983904468509	-0.0009866950560114094	0.0
0.001432743007880444	-0.000973301149556841	0.0
0.001440384363748256	-0.0009602692405740178	0.0
0.0014475094117871617	-0.0009476898284308759	0.0
0.0014544279366945048	-0.0009354724137594791	0.0
0.001460933415338723	-0.0009237979952957	0.0
0.0014670258477198163	-0.0009124855743036659	0.0
0.0014728084954035658	-0.0009018066488871857	0.0
0.0014782813583899715	-0.0008913992215745145	0.0
0.0014833411751132525	-0.0008815347904694607	0.0
0.001487884684007627	-0.0008722133555720248	0.0
0.0014921184082046578	-0.0008631634187783974	0.0
0.0014961456092701263	-0.0008546564781923879	0.0
0.0014996565025066884	-0.0008465115350781233	0.0
0.0015028576110459068	-0.0008389095881714765	0.0
0.0015059554580193443	-0.0008315791393686384	0.0
0.0015086402587296563	-0.0008247916867734179	0.0
0.0015108087516110624	-0.0008182757322820063	0.0
0.0015128739829266874	-0.0008120312758944035	0.0
0.0015144229064134058	-0.0008061488169785458	0.0
0.001515352260505437	-0.000800537856166497	0.0
0.0015159718299001246	-0.0007951983934582569	0.0
0.0015160750914659058	-0.0007900399294858893	0.0
0.0015158685683343434	-0.0007852434629852669	0.0
0.001515352260505437	-0.0007807184945884532	0.0
0.0015144229064134058	-0.0007761935261916396	0.0
0.0015133902907555935	-0.0007722115540024437	0.0
0.001511841367268875	-0.0007685010799170566	0.0
0.0015100859206505937	-0.0007650621039354781	0.0
0.001508020689334969	-0.0007621661241615174	0.0
0.001505852196453563	-0.0007595416424913655	0.0
0.001503373918874813	-0.0007574601570288313	0.0
0.001500792379730282	-0.0007557406690380421	0.0
0.0014980043174541886	-0.0007543831785189979	0.0
0.0014950097320465326	-0.0007532971861037627	0.0
0.0014920151466388766	-0.000752754189896145	0.0
0.001488814038099658	-0.0007524826917923363	0.0
0.0014855096679946582	-0.000752754189896145	0.0
0.0014821020363238774	-0.0007532971861037627	0.0
0.0014783846199557527	-0.0007541116804151892	0.0
0.0014747704651534093	-0.0007552881721983607	0.0
0.0014709497872195032	-0.00075700766018915	0.0
0.0014670258477198163	-0.0007589081469158116	0.0
0.0014632051697859103	-0.0007611706311142184	0.0
0.0014593844918520042	-0.0007638856121523066	0.0
0.001455873598615442	-0.0007668720912942036	0.0
0.001452465966944661	-0.0007702205679078457	0.0
0.0014490583352738803	-0.0007740215413611691	0.0
0.0014458572267346617	-0.0007780940129183014	0.0
0.0014427593797612245	-0.0007824379825792424	0.0
0.001439971317485131	-0.0007872344490798648	0.0
0.0014374930399063813	-0.0007923024136842961	0.0
0.0014353245470249752	-0.0007979133744963451	0.0
0.001433569100406694	-0.0008037958334122028	0.0
0.0014321234384857566	-0.0008100402897998056	0.0
0.001430987561262163	-0.0008167372430270898	0.0
0.0014302647303016942	-0.0008237961937261189	0.0
0.0014298516840385693	-0.000831126642528957	0.0
0.0014298516840385693	-0.0008389095881714765	0.0
0.0014302647303016942	-0.0008468735325498684	0.0
0.0014310908228279443	-0.0008552899737679417	0.0
0.0014323299616173192	-0.0008639779130898238	0.0
0.0014339821466698187	-0.0008732088486193237	0.0
0.0014361506395512249	-0.0008826207828846961	0.0
0.001438628917129975	-0.0008922137158859409	0.0
0.001441726764103412	-0.0009019876476230583	0.0
0.0014452376573399744	-0.0009119425780960482	0.0
0.0014491615968396615	-0.0009219880079369745	0.0
0.0014532920594709112	-0.0009320334377779008	0.0
0.001457938829931067	-0.000942078867618827	0.0
0.0014627921235227852	-0.0009521242974597533	0.0
0.0014678519402460662	-0.000962350726036552	0.0
0.0014734280647982533	-0.0009726676539812871	0.0
0.001478900927784659	-0.0009829845819260222	0.0
0.0014846835754684085	-0.000993211010502821	0.0
0.0014907760078495017	-0.0010034374390796197	0.0
0.0014969717017963762	-0.0010135733682884822	0.0
0.0015031673957432506	-0.0010236187981294085	0.0
0.0015095696128216876	-0.0010335737286023986	0.0
0.001516178353031687	-0.0010435286590753886	0.0
0.0015226838316759054	-0.001053393090180442	0.0
0.001529395833451686	-0.0010632575212854958	0.0
0.0015359013120959041	-0.001073212451758486	0.0
0.0015425100523059035	-0.0010830768828635395	0.0
0.0015488090078185593	-0.0010929413139685931	0.0
0.0015551079633312152	-0.0011027152457057105	0.0
0.0015607873494491832	-0.0011127606755466368	0.0
0.0015662602124355892	-0.0011227156060196269	0.0
0.0015714232907246511	-0.0011329420345964256	0.0
0.0015761733227505881	-0.0011430779638052881	0.0
0.0015806135700791816	-0.0011535758904858957	0.0
0.0015847440327104313	-0.0011639833177985671	0.0
0.0015886679722101184	-0.0011744812444791745	0.0
0.0015920756038808994	-0.0011851601698956548	0.0
0.0015951734508543366	-0.0011955675972083262	0.0
0.0015978582515646488	-0.0012060655238889338	0.0
0.0015999234828802738	-0.001216744449305414	0.0
0.0016015756679327736	-0.001227423374721894	0.0
0.001602608283590586	-0.0012382832988742467	0.0
0.0016032278529852736	-0.0012494147211304083	0.0
0.0016031245914194922	-0.0012607271421224422	0.0
0.0016029180682879296	-0.0012721300624824125	0.0
0.00160209197576168	-0.0012837139815782554	0.0
0.0016010593601038675	-0.0012952979006740984	0.0
0.0015998202213144926	-0.0013068818197699414	0.0
0.0015981680362619926	-0.001318465738865784	0.0
0.0015962060665121488	-0.001330049657961627	0.0
0.0015939343120649617	-0.0013417240764254062	0.0
0.0015914560344862118	-0.0013533984948891854	0.0
0.0015886679722101184	-0.0013651634127209008	0.0
0.0015853636021051188	-0.0013771093292884887	0.0
0.0015821624935659002	-0.001389236244591949	0.0
0.001578651600329338	-0.001401453659263346	0.0
0.0015750374455269945	-0.0014139425720385516	0.0
0.0015711135060273074	-0.0014266124835496297	0.0
0.00156718956652762	-0.0014394633937965804	0.0
0.0015630591038963706	-0.0014524953027794036	0.0
0.0015588253796993397	-0.001465889209233972	0.0
0.0015544883939365274	-0.001479554613792349	0.0
0.0015503579313052777	-0.0014933105177186623	0.0
0.001546124207108247	-0.0015075189184846573	0.0
0.0015422002676085597	-0.0015216368198827158	0.0
0.0015382763281088729	-0.001536026219384583	0.0
0.0015344556501749667	-0.0015505061182543866	0.0
0.0015305317106752796	-0.0015651670158600627	0.0
0.0015267110327413737	-0.0015800994115695477	0.0
0.001522993616373249	-0.0015952128060149051	0.0
0.0015191729384393432	-0.0016105071991961352	0.0
0.0015156620452027806	-0.001626073090481174	0.0
0.0015122544135319999	-0.0016417294811341492	0.0
0.0015090533049927815	-0.0016575668705229969	0.0
0.0015061619811509066	-0.0016734042599118447	0.0
0.001503373918874813	-0.0016892416493006924	0.0
0.0015008956412960633	-0.0017049885393216036	0.0
0.0014988304099804383	-0.0017206449299745788	0.0
0.0014970749633621573	-0.0017362108212596178	0.0
0.0014957325630070013	-0.0017515957138087839	0.0
0.00149480320891497	-0.0017667996076220778	0.0
0.001494390162651845	-0.0017817320033315627	0.0
0.001494390162651845	-0.0017963024015693026	0.0
0.0014946999473491888	-0.00181069180107117	0.0
0.0014954227783096575	-0.0018248097024692283	0.0
0.0014964553939674698	-0.0018385656063955418	0.0
0.001497797794322626	-0.0018521405115859827	0.0
0.001499449979375126	-0.0018654439186726146	0.0
0.0015014119491249696	-0.001878475827655438	0.0
0.0015037869651379381	-0.0018912362385344523	0.0
0.0015065750274140316	-0.0019036346519417215	0.0
0.0015094663512559064	-0.0019158520666131185	0.0
0.001512770721360906	-0.0019276169844448339	0.0
0.0015160750914659058	-0.0019392009035406768	0.0
0.0015194827231366868	-0.0019504228251647744	0.0
0.0015228903548074677	-0.0019612827493171274	0.0
0.00152640124804403	-0.0019719616747336075	0.0
0.001529912141280592	-0.0019820976039424698	0.0
0.0015334230345171542	-0.001991871535679587	0.0
0.0015369339277537164	-0.002001102471209087	0.0
0.0015403415594244974	-0.002010061908634778	0.0
0.0015437491910952786	-0.002018297351116979	0.0
0.0015470535612002781	-0.002026261295495371	0.0
0.0015500481466079342	-0.0020335012449302727	0.0
0.001552939470449809	-0.0020401981981575568	0.0
0.0015558307942916837	-0.0020462616558092873	0.0
0.0015584123334362147	-0.0020516916178854633	0.0
0.0015609938725807458	-0.0020563975850181495	0.0
0.0015632656270279331	-0.002060470056575282	0.0
0.001565434119909339	-0.0020637280338209876	0.0
0.00156718956652762	-0.0020663525154911394	0.0
0.0015687384900143389	-0.0020680720034819285	0.0
0.0015696678441063702	-0.002069157995897164	0.0
0.0015703906750668387	-0.0020697009921047814	0.0
0.0015708037213299638	-0.0020693389946330365	0.0
0.0015708037213299638	-0.0020682530022178014	0.0
0.0015703906750668387	-0.0020663525154911394	0.0
0.0015696678441063702	-0.002063637534453051	0.0
0.0015685319668827765	-0.0020600175597356002	0.0
0.0015667765202644953	-0.002055583090706723	0.0
0.0015647112889488704	-0.002050334127366419	0.0
0.001561923226672777	-0.002044180170346753	0.0
0.0015588253796993397	-0.0020371212196477234	0.0
0.0015550047017654338	-0.002029338274005204	0.0
0.001550874239134184	-0.0020205598353153858	0.0
0.0015462274686740283	-0.0020109669023141404	0.0
0.0015411676519507473	-0.0020005594750014694	0.0
0.0015354882658327792	-0.0019892470540094354	0.0
0.0015294990950174671	-0.001977120138705975	0.0
0.001522993616373249	-0.001964269228459024	0.0
0.0015162816145974684	-0.0019506943232685833	0.0
0.0015091565665585626	-0.0019365764218705248	0.0
0.0015018249953880946	-0.0019217345255289763	0.0
0.0014941836395202825	-0.0019062591336118735	0.0
0.001486232498955127	-0.001890150246119217	0.0
0.001478074835258409	-0.001873498362418943	0.0
0.0014697106484301283	-0.0018563939818789874	0.0
0.0014611399384702854	-0.0018389276038672869	0.0
0.0014523627053788799	-0.0018210992283838412	0.0
0.001443378949155912	-0.0018028183560607142	0.0
0.001434395192932944	-0.001784446984369651	0.0
0.0014253081751441949	-0.0017658041145747786	0.0
0.0014159113726581016	-0.0017470707454119703	0.0
0.0014065145701720088	-0.0017284278756170982	0.0
0.001396807982988572	-0.0017097850058222263	0.0
0.0013872046573709168	-0.0016913231347632266	0.0
0.00137749807018748	-0.0016729517630721632	0.0
0.0013677914830040432	-0.001654942388852845	0.0
0.001358188157386388	-0.0016371140133693994	0.0
0.0013486880933345135	-0.001619738134725635	0.0
0.0013394978139799828	-0.0016026337541856794	0.0
0.0013302042730596712	-0.0015859818704854055	0.0
0.0013211172552709221	-0.001569872982992749	0.0
0.0013120302374821729	-0.0015541260929718376	0.0
0.001303046481259205	-0.0015391031978944163	0.0
0.001294165986602018	-0.0015248042977604852	0.0
0.001285595276642175	-0.001511048393834172	0.0
0.0012770245666823322	-0.0014980164848513488	0.0
0.001268453856722489	-0.0014856180714440791	0.0
0.0012600896698942083	-0.0014739436529803002	0.0
0.0012518287446317091	-0.0014629932294600112	0.0
0.0012433612962376472	-0.0014527668008832125	0.0
0.0012349971094093668	-0.00144335486661784	0.0
0.0012267361841468676	-0.0014345764279280215	0.0
0.0012185785204501494	-0.0014267029829175659	0.0
0.0012105241183192126	-0.0014196440322185367	0.0
0.0012026762393198382	-0.0014131280777271251	0.0
0.0011950348834520264	-0.0014073361181792038	0.0
0.0011877033122815583	-0.0014021776542068362	0.0
0.0011803717411110902	-0.0013976526858100224	0.0
0.0011732466930721845	-0.0013937612129887628	0.0
0.0011663281681648415	-0.001390503235743057	0.0
0.001159719427954842	-0.0013877882547049687	0.0
0.0011531106877448426	-0.0013857972686103707	0.0
0.0011467084706664056	-0.0013844397780913267	0.0
0.0011404095151537497	-0.0013836252837799	0.0
0.0011342138212068753	-0.0013834442850440276	0.0
0.0011281213888257823	-0.001383806282515773	0.0
0.0011222354795762512	-0.001384892274931008	0.0
0.0011163495703267205	-0.0013866117629217972	0.0
0.0011106701842087522	-0.0013887837477522679	0.0
0.0011051973212223465	-0.0013913177300544834	0.0
0.001099827719801722	-0.0013943042091963806	0.0
0.0010945613799468788	-0.0013977431851779588	0.0
0.001089604824789379	-0.0014015441586312822	0.0
0.0010847515311976608	-0.0014055261308204782	0.0
0.0010796917144743799	-0.0014096891017455467	0.0
0.0010748384208826617	-0.0014142140701423602	0.0
0.0010699851272909433	-0.0014187390385391738	0.0
0.0010651318336992249	-0.0014234450056718603	0.0
0.0010603818016732879	-0.0014283319715404188	0.0
0.0010559415543446944	-0.0014332189374089775	0.0
0.0010513980454503198	-0.0014381964026454726	0.0
0.0010469577981217265	-0.0014431738678819675	0.0
0.001042414289227352	-0.0014480608337505262	0.0
0.0010380773034645396	-0.0014528573002511487	0.0
0.0010338435792675087	-0.0014575632673838347	0.0
0.001029609855070478	-0.001461997736412712	0.0
0.0010254793924392282	-0.0014664322054415895	0.0
0.0010212456682421973	-0.001470504676998722	0.0
0.0010171152056109476	-0.001474486649187918	0.0
0.0010129847429796981	-0.0014781971232733049	0.0
0.0010088542803484484	-0.0014819075973586922	0.0
0.0010042075098882926	-0.0014852560739723342	0.0
0.0009997672625596992	-0.0014884235518501036	0.0
0.0009949139689679808	-0.001491500530359937	0.0
0.0009899574138104812	-0.0014942155113980252	0.0
0.0009852073817845442	-0.0014969304924361134	0.0
0.000980044303495482	-0.0014992834760024565	0.0
0.00097488122520642	-0.0015013649614649908	0.0
0.0009693051006542329	-0.0015032654481916524	0.0
0.0009636257145362646	-0.0015049849361824415	0.0
0.0009575332821551714	-0.0015063424267014855	0.0
0.0009512343266425158	-0.0015072474203808484	0.0
0.0009447288479982975	-0.001507790416588466	0.0
0.0009379135846567356	-0.001508061914692275	0.0
0.0009309950597493925	-0.0015078809159564022	0.0
0.0009238700117104868	-0.0015075189184846573	0.0
0.0009164351789742374	-0.0015066139248052946	0.0
0.0009086905615406444	-0.0015055279323900593	0.0
0.0009006361594097076	-0.0015040799425030788	0.0
0.0008923752341472082	-0.0015021794557764172	0.0
0.0008835980010558027	-0.0014999169715780103	0.0
0.0008746142448328347	-0.0014972924899078583	0.0
0.0008651141807809605	-0.0014943965101338976	0.0
0.0008554075935975239	-0.001491229032256128	0.0
0.0008453912217167434	-0.0014878805556424863	0.0
0.0008350650651386193	-0.001484532079028844	0.0
0.0008242226007315889	-0.0014810931030472655	0.0
0.0008130703516272149	-0.0014776541270656873	0.0
0.0008017115793912783	-0.0014741246517161726	0.0
0.0007901462840237794	-0.0014705951763666581	0.0
0.000778477727090499	-0.0014670657010171435	0.0
0.0007667059085914376	-0.0014633552269317563	0.0
0.000754934090092376	-0.001459644752846369	0.0
0.0007431622715933145	-0.0014561152774968545	0.0
0.0007315969762258155	-0.00145258580214734	0.0
0.0007200316808583165	-0.0014491468261657614	0.0
0.0007084663854908175	-0.001445979348287992	0.0
0.0006971076132548809	-0.0014429023697781586	0.0
0.0006858521025847257	-0.0014399158906362617	0.0
0.0006751128997434765	-0.001437019910862301	0.0
0.0006646834815995711	-0.0014344859285600853	0.0
0.0006544605865872283	-0.0014320424456258061	0.0
0.0006448572609695729	-0.0014298704607953355	0.0
0.0006355637200492611	-0.0014279699740686739	0.0
0.0006267864869578556	-0.001426340985445821	0.0
0.000618422300129575	-0.0014249834949267768	0.0
0.0006105744211302007	-0.0014238975025115414	0.0
0.0006032428499597325	-0.0014229020094642425	0.0
0.0005964275866181707	-0.001422087515152816	0.0
0.0005903351542370774	-0.0014215445189451983	0.0
0.0005845525065533279	-0.0014210015227375807	0.0
0.0005793894282642659	-0.0014208205240017083	0.0
0.0005746393962383288	-0.001420730024633772	0.0
0.0005701991489097353	-0.0014208205240017083	0.0
0.0005660686862784857	-0.001421092022105517	0.0
0.0005624545314761423	-0.001421454019577262	0.0
0.0005591501613711425	-0.0014218160170490074	0.0
0.0005562588375292677	-0.001422359013256625	0.0
0.0005537805599505181	-0.0014229020094642425	0.0
0.0005518185902006744	-0.0014235355050397965	0.0
0.000549959882016612	-0.0014243499993512228	0.0
0.0005484109585298934	-0.0014251644936626494	0.0
0.0005471718197405186	-0.0014261599867099483	0.0
0.0005462424656484874	-0.0014271554797572472	0.0
0.0005454163731222375	-0.0014283319715404188	0.0
0.0005449000652933313	-0.0014294179639556541	0.0
0.0005446935421617688	-0.0014305944557388257	0.0
0.0005445902805959875	-0.001431770947521997	0.0
0.0005445902805959875	-0.0014329474393051686	0.0
0.0005444870190302063	-0.0014342144304562766	0.0
0.0005446935421617688	-0.001435300422871512	0.0
0.0005446935421617688	-0.0014364769146546835	0.0
0.0005445902805959875	-0.0014375629070699186	0.0
0.0005446935421617688	-0.0014384679007492813	0.0
0.0005444870190302063	-0.0014394633937965804	0.0
0.0005442804958986438	-0.0014401873887400704	0.0
0.0005439707112013001	-0.001441001883051497	0.0
0.0005433511418066126	-0.0014415448792591146	0.0
0.0005427315724119251	-0.0014420878754667322	0.0
0.0005418022183198939	-0.0014424498729384773	0.0
0.0005405630795305191	-0.0014425403723064137	0.0
0.0005393239407411442	-0.0014425403723064137	0.0
0.0005376717556886443	-0.0014421783748346684	0.0
0.0005359163090703633	-0.0014418163773629233	0.0
0.000534057600886301	-0.001441001883051497	0.0
0.0005316825848733323	-0.0014400968893721342	0.0
0.0005293075688603638	-0.0014387393988530902	0.0
0.0005267260297158327	-0.0014372914089661097	0.0
0.0005237314443081768	-0.0014355719209753206	0.0
0.0005203238126373958	-0.00143339993614485	0.0
0.000516606396269271	-0.001431046952578507	0.0
0.0005124759336380215	-0.0014283319715404188	0.0
0.0005078291631778656	-0.0014252549930305856	0.0
0.0005027693464545849	-0.001422087515152816	0.0
0.0004969866987708353	-0.0014184675404353652	0.0
0.0004909975279555232	-0.0014146665669820418	0.0
0.0004844920493113051	-0.0014105940954249096	0.0
0.0004773670012723995	-0.0014063406251319046	0.0
0.0004700354301019313	-0.0014017251573671548	0.0
0.00046218755110255695	-0.001396838191498596	0.0
0.0004540298874058389	-0.0013917702268941648	0.0
0.0004454591774459958	-0.001386249765450052	0.0
0.00043668194435459036	-0.001380548305270067	0.0
0.00042749166500005985	-0.0013746658463542091	0.0
0.0004183013856455294	-0.0013683308905986702	0.0
0.000408698060027874	-0.0013617244367393221	0.0
0.0003987849497128748	-0.001355027483512038	0.0
0.0003887685778320944	-0.001347968532813009	0.0
0.00037864894438553276	-0.0013407285833781071	0.0
0.0003681162646758461	-0.0013331266364714602	0.0
0.0003574803234003783	-0.0013255246895648135	0.0
0.0003464313358617855	-0.0013177417439222939	0.0
0.00033527908675741144	-0.0013096873001759658	0.0
0.00032392031452147484	-0.0013016328564296373	0.0
0.00031256154228553835	-0.0012933069145795004	0.0
0.00030120277004960175	-0.0012849809727293632	0.0
0.0002898439978136652	-0.0012766550308792263	0.0
0.00027838196401194743	-0.001267967091557344	0.0
0.00026691993021022965	-0.0012594601509713344	0.0
0.0002555611579742931	-0.001250681712281516	0.0
0.00024409912417257536	-0.0012415412761199525	0.0
0.00023274035193663882	-0.0012324913393263253	0.0
0.000221278318134921	-0.001223079405060953	0.0
0.0002100228074647657	-0.0012135769714276443	0.0
0.00019887055836039167	-0.001203803039690527	0.0
0.0001877183092560176	-0.0011940291079534095	0.0
0.00017656606015164353	-0.001183893178744547	0.0
0.00016531054948148825	-0.0011737572495356845	0.0
0.00015405503881133292	-0.001163621320326822	0.0
0.00014259300500961514	-0.0011533043923820869	0.0
0.00013102770964211612	-0.001142987464437352	0.0
0.00011925589114305462	-0.001132670536492617	0.0
0.00010738081107821187	-0.0011223536085478818	0.0
9.519594631602539e-05	-0.001112127179971083	0.0
8.290781998805768e-05	-0.0011017197526584114	0.0
7.041317052852749e-05	-0.0010914028247136765	0.0
5.7711997937434806e-05	-0.001080995397401005	0.0
4.459777908321716e-05	-0.001070587970088334	0.0
3.127703709743703e-05	-0.0010599090446718538	0.0
1.774977198009442e-05	-0.0010490491205195009	0.0
3.8094605996268463e-06	-0.0010380986969992121	0.0
-1.023411234662197e-05	-0.001026786276007178	0.0
-2.469073155599575e-05	-0.0010152928562792713	0.0
-3.935387389693201e-05	-0.0010036184378154922	0.0
-5.4430062500993244e-05	-0.0009916725212479043	0.0
-6.98160358023982e-05	-0.0009795456059444438	0.0
-8.551179380114687e-05	-0.0009671471925371746	0.0
-0.00010172385962880176	-0.000954658279761969	0.0
-0.00011803918702223788	-0.000942078867618827	0.0
-0.00013487082224458022	-0.0009294994554756851	0.0
-0.00015201224216426627	-0.0009166485452287344	0.0
-0.00016946344678129606	-0.0009039786337176563	0.0
-0.00018722443609566955	-0.000891218222838642	0.0
-0.00020550173323894926	-0.0008784578119596275	0.0
-0.00022419207664535392	-0.0008656974010806131	0.0
-0.00024319220474910234	-0.0008531179889374713	0.0
-0.0002628119022475382	-0.0008405385767943294	0.0
-0.000282844646009099	-0.0008280496640191237	0.0
-0.00030329043603378477	-0.0008156512506118544	0.0
-0.00032404601075581424	-0.0008033433365725214	0.0
-0.00034531789330674996	-0.0007911259219011246	0.0
-0.00036689956055502944	-0.0007790895059656003	0.0
-0.0003888942740664338	-0.0007670530900300761	0.0
-0.0004110955107094007	-0.0007554691709342333	0.0
-0.0004337097936154925	-0.0007439757512063267	0.0
-0.00045632407652158435	-0.0007325728308463563	0.0
-0.00047955792882236367	-0.0007216224073260673	0.0
-0.0005026885195573617	-0.000710852982541651	0.0
-0.0005261288949897035	-0.0007003550558610433	0.0
-0.0005496725319878265	-0.0006903096260201172	0.0
-0.0005733194305517307	-0.0006806261936509359	0.0
-0.0005971728522471975	-0.0006715762568573088	0.0
-0.0006210262739426642	-0.0006628883175354266	0.0
-0.000644879695638131	-0.0006549243731570345	0.0
-0.0006686298557678164	-0.0006475034249862603	0.0
-0.0006921734927659394	-0.0006408064717589761	0.0
-0.0007156138681982812	-0.0006347430141072459	0.0
-0.0007388477204990605	-0.0006292225526631332	0.0
-0.0007617717881024962	-0.0006243355867945745	0.0
-0.0007844893325743692	-0.000620172615869506	0.0
-0.0008070003539146799	-0.0006169146386238002	0.0
-0.0008290983289918654	-0.0006141091582177757	0.0
-0.0008507832578059262	-0.0006122086714911141	0.0
-0.0008719518787910806	-0.0006109416803400062	0.0
-0.0008928107150788913	-0.000610579682868261	0.0
-0.0009130499819720146	-0.0006107606816041337	0.0
-0.0009327729410362317	-0.0006116656752834964	0.0
-0.0009518763307057614	-0.0006131136651704767	0.0
-0.0009700503662832598	-0.000615195150633011	0.0
-0.0009878113555976333	-0.0006178196323031629	0.0
-0.0010046429908199756	-0.0006210776095488687	0.0
-0.0010208550566476304	-0.0006246975842663196	0.0
-0.0010361377683832543	-0.0006288605551913881	0.0
-0.0010506976491584093	-0.0006334760229561381	0.0
-0.001064328175841533	-0.000638453488192633	0.0
-0.0010770293484326258	-0.0006437024515329368	0.0
-0.001089110951629031	-0.0006495849104487945	0.0
-0.0011003664622991863	-0.0006555578687325884	0.0
-0.0011106926188773104	-0.0006619833238560638	0.0
-0.0011202959444949658	-0.0006688612758192205	0.0
-0.001128866654454809	-0.0006761012252541223	0.0
-0.0011368177950199646	-0.0006835221734248966	0.0
-0.0011437363199273078	-0.0006912146196994799	0.0
-0.0011499320138741822	-0.0006990880647099356	0.0
-0.0011551983537290253	-0.0007070520090883275	0.0
-0.001159328816360275	-0.0007152874515705284	0.0
-0.0011628397095968372	-0.0007237943921565379	0.0
-0.001165317987175587	-0.0007323918321104838	0.0
-0.0011668669106623057	-0.0007412607701682384	0.0
-0.0011676930031885558	-0.000750401206329802	0.0
-0.0011676930031885558	-0.0007596321418593019	0.0
-0.001166970172228087	-0.0007693155742284829	0.0
-0.0011654212487413685	-0.0007789990065976641	0.0
-0.0011632527558599623	-0.0007890444364385904	0.0
-0.0011604646935838687	-0.0007994518637512617	0.0
-0.0011569538003473065	-0.0008104022872715506	0.0
-0.0011530298608476194	-0.0008217147082635847	0.0
-0.0011484863519532448	-0.0008335701254632364	0.0
-0.0011435297967957452	-0.0008456970407666968	0.0
-0.0011379536722435583	-0.0008582764529098388	0.0
-0.0011320677629940274	-0.0008712178625247257	0.0
-0.001125872069047153	-0.000884249771507549	0.0
-0.0011193665904029346	-0.0008976436779621172	0.0
-0.0011125513270613728	-0.0009113090825204944	0.0
-0.001105323017456686	-0.0009253364845506166	0.0
-0.001098094707851999	-0.0009396353846845476	0.0
-0.0010906598751157497	-0.0009542962822902238	0.0
-0.001083121780813719	-0.0009691381786317725	0.0
-0.001075377163380126	-0.00098425157307713	0.0
-0.001067735807512314	-0.0009995459662583601	0.0
-0.001059991190078721	-0.0010147498600716538	0.0
-0.0010523498342109093	-0.0010302252519887563	0.0
-0.0010448117399088786	-0.0010458816426417315	0.0
-0.0010373769071726291	-0.001061628532662643	0.0
-0.0010301485975679422	-0.0010774659220514906	0.0
-0.0010230235495290365	-0.0010933938108082747	0.0
-0.0010161050246216934	-0.0011092312001971224	0.0
-0.001009496284411694	-0.0011252495883218425	0.0
-0.0010030940673332572	-0.0011409964783427537	0.0
-0.0009967951118206014	-0.0011566528689957289	0.0
-0.0009907026794395081	-0.0011721282609128316	0.0
-0.0009850232933215398	-0.0011875131534619977	0.0
-0.0009793439072035715	-0.001202807546643228	0.0
-0.0009741808289145095	-0.0012178304417206492	0.0
-0.00096922427375701	-0.0012325818386942616	0.0
-0.000964577503296854	-0.0012471522369320014	0.0
-0.0009601372559682606	-0.0012611796389621237	0.0
-0.0009561100549027922	-0.0012748450435205007	0.0
-0.0009521861154031051	-0.0012881484506071328	0.0
-0.0009486752221665429	-0.001300818362118211	0.0
-0.000945267590495762	-0.001313126276157544	0.0
-0.0009420664819565434	-0.001324800694621323	0.0
-0.0009390718965488875	-0.0013359321168774846	0.0
-0.000936283834272794	-0.0013465205429260285	0.0
-0.0009337022951282629	-0.0013563849740310823	0.0
-0.0009312240175495131	-0.0013655254101926457	0.0
-0.0009290555246681071	-0.001373941851410719	0.0
-0.0009270935549182634	-0.0013816342976853023	0.0
-0.0009252348467342011	-0.0013886932483843316	0.0
-0.0009235826616817012	-0.001395209202875743	0.0
-0.0009220337381949826	-0.0014010011624236644	0.0
-0.0009206913378398265	-0.0014061596263960322	0.0
-0.0009195554606162328	-0.0014106845947928458	0.0
-0.0009182130602610767	-0.0014145760676141056	0.0
-0.0009169739214717017	-0.001417743545491875	0.0
-0.0009158380442481081	-0.001420096529058218	0.0
-0.0009147021670245144	-0.0014218160170490074	0.0
-0.0009135662898009209	-0.0014229020094642425	0.0
-0.0009125336741431084	-0.0014232640069359876	0.0
-0.0009116043200510773	-0.0014231735075680512	0.0
-0.0009107782275248273	-0.0014226305113604336	0.0
-0.0009100553965643586	-0.0014216350183131345	0.0
-0.00090933256560389	-0.0014201870284261543	0.0
-0.0009087129962092025	-0.0014182865416994925	0.0
-0.0009081966883802962	-0.001416114556869022	0.0
-0.0009078869036829526	-0.0014135805745668065	0.0
-0.0009075771189856088	-0.001410775094160782	0.0
-0.0009074738574198275	-0.0014076076162830124	0.0
-0.0009073705958540463	-0.001404168640301434	0.0
-0.0009074738574198275	-0.0014006391649519195	0.0
-0.0009074738574198275	-0.0013966571927627235	0.0
-0.0009076803805513901	-0.0013924037224697186	0.0
-0.0009078869036829526	-0.0013879692534408412	0.0
-0.0009082999499460775	-0.0013832632863081552	0.0
-0.000908919519340765	-0.0013784668198075327	0.0
-0.0009096423503012337	-0.001373308355835165	0.0
-0.0009104684428274837	-0.001368240391230734	0.0
-0.0009116043200510773	-0.0013629914278904301	0.0
-0.0009128434588404522	-0.0013577424645501263	0.0
-0.0009143923823271708	-0.0013524030018418863	0.0
-0.0009161478289454519	-0.0013468825403977736	0.0
-0.0009182130602610767	-0.001341362078953661	0.0
-0.0009203815531424827	-0.0013359321168774846	0.0
-0.0009228598307212326	-0.0013301401573295633	0.0
-0.0009255446314315448	-0.0013244386971495781	0.0
-0.0009283326937076382	-0.001318737236969593	0.0
-0.0009314305406810756	-0.0013130357767896076	0.0
-0.0009345283876545129	-0.0013072438172416862	0.0
-0.000938039280891075	-0.0013014518576937649	0.0
-0.0009415501741276372	-0.0012956598981458433	0.0
-0.0009449578057984182	-0.0012897774392299857	0.0
-0.0009486752221665429	-0.0012840759790500005	0.0
-0.00095259916166623	-0.0012781935201341427	0.0
-0.0009565231011659173	-0.0012724920599541576	0.0
-0.0009606535637971668	-0.0012667905997741724	0.0
-0.000964990549559979	-0.00126127013833006	0.0
-0.0009694307968885723	-0.0012560211749897562	0.0
-0.000973974305782947	-0.0012510437097532612	0.0
-0.0009786210762431028	-0.0012464282419885112	0.0
-0.0009835776314006024	-0.0012419032735916976	0.0
-0.000988534186558102	-0.0012381023001383743	0.0
-0.0009934907417156016	-0.0012345728247888594	0.0
-0.0009984472968731012	-0.0012313148475431538	0.0
-0.001003507113596382	-0.0012285093671371293	0.0
-0.0010083604071881003	-0.0012261563835707862	0.0
-0.0010131104392140373	-0.001224074898108252	0.0
-0.0010175506865426308	-0.001222445909485399	0.0
-0.0010215778876080993	-0.0012211789183342913	0.0
-0.0010256050886735678	-0.0012202739246549286	0.0
-0.0010290127203443488	-0.0012197309284473108	0.0
-0.0010322138288835672	-0.0012194594303435021	0.0
-0.001034795368028098	-0.0012195499297114384	0.0
-0.0010370671224752854	-0.0012199119271831833	0.0
-0.001038925830659348	-0.0012205454227587373	0.0
-0.001040268231014504	-0.0012215409158060362	0.0
-0.0010410943235407537	-0.001222807906957144	0.0
-0.0010415073698038788	-0.0012244368955799969	0.0
-0.0010413008466723165	-0.0012261563835707862	0.0
-0.0010401649694487228	-0.0012282378690333204	0.0
-0.0010387193075277852	-0.0012305003532317273	0.0
-0.0010364475530805978	-0.0012329438361660067	0.0
-0.0010336594908045046	-0.0012354778184682222	0.0
-0.0010302518591337236	-0.0012381927995063105	0.0
-0.001026121396502474	-0.0012409077805443987	0.0
-0.0010215778876080993	-0.0012438942596862956	0.0
-0.0010164148093190371	-0.0012467902394602563	0.0
-0.0010106321616352876	-0.001249686219234217	0.0
-0.001004333206122632	-0.0012526726983761141	0.0
-0.00099751794278107	-0.0012553876794142024	0.0
-0.0009902896331763832	-0.0012581026604522902	0.0
-0.0009824417541770087	-0.001260636642754506	0.0
-0.0009742840904802908	-0.0012628991269529129	0.0
-0.0009658166420862289	-0.0012648901130475109	0.0
-0.0009569361474290422	-0.0012667001004062362	0.0
-0.0009477458680745116	-0.0012683290890290891	0.0
-0.0009383490655884187	-0.0012697770789160694	0.0
-0.0009288490015365445	-0.001270953570699241	0.0
-0.0009192456759188891	-0.0012717680650106676	0.0
-0.0009096423503012337	-0.0012724015605862214	0.0
-0.000899935763117797	-0.001272854057425903	0.0
-0.0008902291759343603	-0.0012729445567938391	0.0
-0.0008806258503167049	-0.0012727635580579667	0.0
-0.0008709192631332682	-0.001272220561850349	0.0
-0.000861419199081394	-0.0012713155681709862	0.0
-0.0008519191350295198	-0.0012699580776519422	0.0
-0.0008427288556749894	-0.001268238589661153	0.0
-0.0008336418378862401	-0.0012662476035665549	0.0
-0.0008249678663606159	-0.001263713621264339	0.0
-0.000816500417966554	-0.0012607271421224422	0.0
-0.0008083427542698359	-0.0012571976667729277	0.0
-0.0008004948752704616	-0.0012532156945837317	0.0
-0.0007928535194026497	-0.001248690726186918	0.0
-0.0007856252097979628	-0.0012438037603183594	0.0
-0.0007787066848906197	-0.001238373798242183	0.0
-0.0007722012062464015	-0.0012325818386942616	0.0
-0.0007662120354310895	-0.0012261563835707862	0.0
-0.0007607391724446837	-0.0012193689309755657	0.0
-0.0007558858788529653	-0.0012120384821727277	0.0
-0.000751445631524372	-0.001204436535266081	0.0
-0.0007477282151562473	-0.0011966535896235613	0.0
-0.0007444238450512476	-0.0011884181471413606	0.0
-0.0007414292596435916	-0.0011800017059232872	0.0
-0.0007389509820648418	-0.0011713137666014052	0.0
-0.000736885750749217	-0.0011625353279115867	0.0
-0.0007353368272624984	-0.001153666389853832	0.0
-0.0007342009500389047	-0.0011445259536922686	0.0
-0.0007335813806442172	-0.0011353855175307047	0.0
-0.000733478119078436	-0.0011262450813691414	0.0
-0.0007335813806442172	-0.0011170141458396417	0.0
-0.0007339944269073422	-0.001107783210310142	0.0
-0.000734717257867811	-0.0010986427741485783	0.0
-0.0007357498735256233	-0.001089502337987015	0.0
-0.0007370922738807794	-0.0010803619018254513	0.0
-0.0007387444589332793	-0.0010713119650318241	0.0
-0.0007403966439857792	-0.001062352527606133	0.0
-0.0007422553521698415	-0.0010534835895483782	0.0
-0.0007443205834854664	-0.0010446146514906235	0.0
-0.0007463858148010911	-0.0010360172115366777	0.0
-0.0007483477845509348	-0.0010275102709506683	0.0
-0.0007502064927349971	-0.0010193653278364036	0.0
-0.0007519619393532782	-0.0010114013834580118	0.0
-0.0007538206475373406	-0.0010037994365513648	0.0
-0.0007554728325898405	-0.0009964689877485268	0.0
-0.000757021756076559	-0.0009895005364174338	0.0
-0.0007584674179974964	-0.0009828940825580858	0.0
-0.0007595000336553089	-0.0009767401255384193	0.0
-0.0007603261261815588	-0.0009710386653584342	0.0
-0.0007606359108789025	-0.0009656087032822579	0.0
-0.0007608424340104649	-0.0009606312380457629	0.0
-0.0007606359108789025	-0.000956015770281013	0.0
-0.0007599130799184338	-0.0009517622999880083	0.0
-0.0007591902489579651	-0.0009477803277988121	0.0
-0.0007580543717343715	-0.0009441603530813612	0.0
-0.0007566087098134341	-0.0009409928752035918	0.0
-0.0007547500016293717	-0.0009382778941655035	0.0
-0.0007525815087479656	-0.0009358344112312243	0.0
-0.0007497934464718721	-0.000934114923240435	0.0
-0.0007466955994984349	-0.0009326669333534546	0.0
-0.000743287967827654	-0.0009316714403061557	0.0
-0.0007394672898937481	-0.000931128444098538	0.0
-0.0007352335656967171	-0.0009308569459947293	0.0
-0.0007307933183681237	-0.0009309474453626655	0.0
-0.0007257335016448429	-0.0009314904415702831	0.0
-0.0007202606386584371	-0.0009324859346175822	0.0
-0.0007143747294089064	-0.0009338434251366263	0.0
-0.0007079725123304695	-0.0009356534124953517	0.0
-0.000700950725857345	-0.0009378253973258222	0.0
-0.0006938256778184393	-0.0009404498789959741	0.0
-0.0006861843219506276	-0.0009432553594019986	0.0
-0.0006783364429512532	-0.0009464228372797681	0.0
-0.0006699722561229727	-0.0009498618132613465	0.0
-0.0006616080692946921	-0.0009535722873467336	0.0
-0.0006526243130717241	-0.0009578257576397384	0.0
-0.0006434340337171936	-0.000962350726036552	0.0
-0.0006339339696653193	-0.0009675091900089196	0.0
-0.0006242273824818827	-0.0009731201508209685	0.0
-0.0006142110106011023	-0.0009790931091047624	0.0
-0.0006041946387203219	-0.0009855185642282378	0.0
-0.0005938684821421978	-0.0009922155174555219	0.0
-0.0005834390639982924	-0.0009992744681545512	0.0
-0.0005726998611570433	-0.0010066954163253255	0.0
-0.0005617541351842317	-0.0010142973632319724	0.0
-0.0005506018860798578	-0.001022442306346237	0.0
-0.0005394496369754836	-0.001030768248196374	0.0
-0.0005279876031737659	-0.0010394561875182561	0.0
-0.0005166288309378293	-0.0010483251255760109	0.0
-0.0005051667971361115	-0.0010574655617375743	0.0
-0.0004934982402028312	-0.001066696497267074	0.0
-0.0004816231601379885	-0.0010761989309003828	0.0
-0.0004696448185073645	-0.0010857013645336913	0.0
-0.00045735669217939677	-0.0010952942975349363	0.0
-0.00044475878115408533	-0.0011048872305361812	0.0
-0.00043205760856299266	-0.0011147516616412348	0.0
-0.00041925317440611874	-0.0011246160927462885	0.0
-0.00040644874024924483	-0.0011344805238513423	0.0
-0.0003934377829608084	-0.0011445259536922686	0.0
-0.00038063334880393453	-0.0011544808841652586	0.0
-0.00036751912994971686	-0.0011645263140061845	0.0
-0.000354301649529718	-0.0011744812444791745	0.0
-0.0003410841691097191	-0.0011843456755842284	0.0
-0.0003276601655581577	-0.001194210106689282	0.0
-0.0003143394235723776	-0.0012038935390584632	0.0
-0.0003009154200208162	-0.0012135769714276443	0.0
-0.0002874914164692549	-0.001223079405060953	0.0
-0.00027427393604925596	-0.0012324008399583891	0.0
-0.00026084993249769463	-0.0012418127742237612	0.0
-0.00024732266738035195	-0.0012508627110173888	0.0
-0.00023400192539457186	-0.0012597316490751433	0.0
-0.00022047466027722926	-0.0012685100877649618	0.0
-0.0002071539182914491	-0.0012771075277189074	0.0
-0.00019383317630566898	-0.0012855239689369808	0.0
-0.0001808222190172326	-0.001293849910787118	0.0
-0.00016781126172879618	-0.0013019043545334462	0.0
-0.00015500682757192227	-0.0013098682989118383	0.0
-0.00014220239341504833	-0.0013176512445543576	0.0
-0.00012950122082395566	-0.0013252531914610044	0.0
-0.00011690330979864423	-0.001332674139631779	0.0
-0.00010440866033911403	-0.0013399140890666805	0.0
-9.201727244536508e-05	-0.0013467920410298374	0.0
-7.993566924895984e-05	-0.0013537604923609303	0.0
-6.816385074989834e-05	-0.0013603669462202781	0.0
-5.649529381661807e-05	-0.0013667924013437535	0.0
-4.523978314646277e-05	-0.00137294635836342	0.0
-3.408753404208871e-05	-0.0013791003153830865	0.0
-2.3245069635058375e-05	-0.001384892274931008	0.0
-1.2815651491153002e-05	-0.0013907747338468657	0.0
-2.4894949130288725e-06	-0.0013962951952909784	0.0
7.32035383618905e-06	-0.001401815656735091	0.0
1.692367945384449e-05	-0.001407155119443331	0.0
2.6010697242593726e-05	-0.0014123135834156987	0.0
3.4787930333999235e-05	-0.00141738154802013	0.0
4.315211716227978e-05	-0.0014224495126245612	0.0
5.1206519293216606e-05	-0.0014275174772289923	0.0
5.8744613595247215e-05	-0.0014323139437296148	0.0
6.576640006837161e-05	-0.0014372914089661097	0.0
7.258166340993356e-05	-0.0014421783748346684	0.0
7.877735735680803e-05	-0.0014470653407032273	0.0
8.466326660633878e-05	-0.0014520428059397223	0.0
9.02393911585258e-05	-0.0014568392724403447	0.0
9.540246944758788e-05	-0.0014616357389409672	0.0
0.0001004622861708687	-0.0014664322054415895	0.0
0.00010510905663102456	-0.0014710476732063393	0.0
0.00010975582709118041	-0.001475572641603153	0.0
0.00011429933598555504	-0.001479916611264094	0.0
0.00011842979861680469	-0.0014839890828212265	0.0
0.00012256026124805432	-0.0014880615543783587	0.0
0.00012638093918196025	-0.0014920435265675547	0.0
0.0001299950939843037	-0.001495844500020878	0.0
0.00013350598722086592	-0.0014995549741062652	0.0
0.0001367070957600844	-0.0015032654481916524	0.0
0.0001397016811677404	-0.0015066139248052946	0.0
0.00014269626657539638	-0.0015100529007868728	0.0
0.00014558759041727114	-0.0015131298792967062	0.0
0.0001482723911275834	-0.0015159353597027306	0.0
0.00015075066870633323	-0.0015185598413728824	0.0
0.00015302242315352052	-0.0015209128249392254	0.0
0.00015529417760070782	-0.001523084809769696	0.0
0.0001574626704821139	-0.0015248947971284216	0.0
0.00015942464023195748	-0.001526433286383338	0.0
0.0001614898715475823	-0.001527700277534446	0.0
0.00016334857973164467	-0.0015287862699496814	0.0
0.00016510402634992575	-0.0015296007642611076	0.0
0.00016675621140242562	-0.0015301437604687254	0.0
0.00016851165802070673	-0.0015301437604687254	0.0
0.00017016384307320657	-0.0015302342598366616	0.0
0.00017171276655992518	-0.0015298722623649165	0.0
0.00017326169004664381	-0.0015292387667893625	0.0
0.00017460409040179995	-0.0015286052712138087	0.0
0.0001759464907569561	-0.0015277907769023823	0.0
0.0001769791064147685	-0.001527066781958892	0.0
0.00017811498363836214	-0.0015261617882795294	0.0
0.00017883781459883082	-0.0015253472939681027	0.0
0.00017956064555929953	-0.0015244423002887403	0.0
0.00017997369182242448	-0.0015237183053452498	0.0
0.00018028347651976822	-0.0015229943104017598	0.0
0.00018018021495398698	-0.0015223608148262058	0.0
0.00018028347651976822	-0.001521727319250652	0.0
0.00018018021495398698	-0.0015211843230430345	0.0
0.00017987043025664327	-0.001520731826203353	0.0
0.00017956064555929953	-0.0015202793293636716	0.0
0.0001792508608619558	-0.0015196458337881178	0.0
0.00017863129146726838	-0.0015191933369484362	0.0
0.00017811498363836214	-0.0015185598413728824	0.0
0.00017739215267789345	-0.0015180168451652647	0.0
0.00017677258328320603	-0.0015175643483255833	0.0
0.0001759464907569561	-0.0015171118514859022	0.0
0.00017532692136226863	-0.0015168403533820933	0.0
0.00017481061353336245	-0.0015164783559103482	0.0
0.00017439756727023747	-0.0015162973571744755	0.0
0.00017419104413867497	-0.001516116358438603	0.0
0.0001739845210071125	-0.0015159353597027306	0.0
0.00017377799787555003	-0.0015159353597027306	0.0
0.0001739845210071125	-0.001515754360966858	0.0
0.0001739845210071125	-0.0015158448603347942	0.0
0.00017429430570445624	-0.0015158448603347942	0.0
0.00017470735196758119	-0.0015160258590706669	0.0
0.00017522365979648742	-0.0015162973571744755	0.0
0.0001759464907569561	-0.0015164783559103482	0.0
0.00017677258328320603	-0.0015169308527500295	0.0
0.00017759867580945595	-0.0015173833495897109	0.0
0.0001787345530330496	-0.0015178358464293922	0.0
0.00017987043025664327	-0.00151837884263701	0.0
0.00018121283061179938	-0.0015190123382125638	0.0
0.00018265849253273678	-0.0015196458337881178	0.0
0.00018431067758523662	-0.0015202793293636716	0.0
0.00018627264733508023	-0.0015209128249392254	0.0
0.0001880280939533613	-0.001521365321778907	0.0
0.00019009332526898615	-0.0015218178186185882	0.0
0.00019215855658461097	-0.0015219988173544607	0.0
0.00019412052633445455	-0.0015222703154582696	0.0
0.00019608249608429816	-0.0015225418135620785	0.0
0.00019814772739992295	-0.001522632312930015	0.0
0.00020041948184711027	-0.0015229038110338236	0.0
0.00020258797472851633	-0.0015229943104017598	0.0
0.0002047564676099224	-0.001523084809769696	0.0
0.00020692496049132847	-0.0015229943104017598	0.0
0.00020909345337273455	-0.0015227228122979511	0.0
0.00021136520781992187	-0.0015222703154582696	0.0
0.00021363696226710916	-0.0015216368198827158	0.0
0.00021580545514851524	-0.0015209128249392254	0.0
0.00021787068646414003	-0.0015200983306277991	0.0
0.00022003917934554612	-0.0015191933369484362	0.0
0.0002220011490953897	-0.0015181073445332009	0.0
0.00022406638041101454	-0.0015169308527500295	0.0
0.0002257185654635144	-0.0015156638615989218	0.0
0.00022726748895023302	-0.0015142158717119415	0.0
0.0002287131508711704	-0.0015126773824570248	0.0
0.00023005555122632653	-0.0015109578944662357	0.0
0.00023139795158148266	-0.0015093289058433826	0.0
0.00023263709037085756	-0.0015076999172205297	0.0
0.00023387622916023245	-0.0015060709285976768	0.0
0.0002350121063838261	-0.0015045324393427601	0.0
0.0002359414604758573	-0.0015029034507199072	0.0
0.00023707733769945096	-0.0015010934633611819	0.0
0.00023780016865991964	-0.0014993739753703928	0.0
0.00023852299962038833	-0.001497473488643731	0.0
0.00023934909214663825	-0.0014956635012850054	0.0
0.00024007192310710693	-0.00149385351392628	0.0
0.00024069149250179436	-0.0014920435265675547	0.0
0.00024131106189648183	-0.0014904145379447018	0.0
0.00024203389285695052	-0.0014889665480577214	0.0
0.00024265346225163796	-0.0014875185581707411	0.0
0.0002432730316463254	-0.0014860705682837607	0.0
0.00024389260104101286	-0.001484803577132653	0.0
0.0002443056473041378	-0.0014837175847174176	0.0
0.00024482195513304405	-0.0014826315923021822	0.0
0.00024533826296195023	-0.0014817265986228198	0.0
0.0002459578323566377	-0.0014810931030472655	0.0
0.0002465774017513251	-0.0014803691081037755	0.0
0.00024730023271179384	-0.001479916611264094	0.0
0.0002481263252380438	-0.0014793736150564764	0.0
0.00024884915619851245	-0.0014790116175847315	0.0
0.0002499850334221061	-0.0014786496201129862	0.0
0.00025101764907991853	-0.001478287622641241	0.0
0.0002523600494350746	-0.0014779256251694962	0.0
0.00025380571135601203	-0.0014777446264336235	0.0
0.00025535463484273064	-0.001477563627697751	0.0
0.00025731660459257425	-0.0014774731283298149	0.0
0.00025917531277663657	-0.001477563627697751	0.0
0.0002611372825264802	-0.0014777446264336235	0.0
0.00026320251384210497	-0.0014779256251694962	0.0
0.0002654742682892923	-0.001478287622641241	0.0
0.0002679525458680421	-0.0014786496201129862	0.0
0.0002705340850125731	-0.0014792831156885402	0.0
0.0002734254088544479	-0.0014798261118961578	0.0
0.0002765232558278851	-0.0014803691081037755	0.0
0.0002796211028013224	-0.0014810026036793293	0.0
0.00028292547290632207	-0.0014816360992548833	0.0
0.00028622984301132176	-0.0014823600941983736	0.0
0.0002895342131163215	-0.0014830840891418636	0.0
0.00029273532165554	-0.00148389858345329	0.0
0.000296142953326321	-0.0014847130777647167	0.0
0.00029934406186553944	-0.0014857085708120156	0.0
0.0003026484319705391	-0.001486523065123442	0.0
0.00030595280207553887	-0.0014874280588028047	0.0
0.0003092571721805386	-0.0014882425531142311	0.0
0.0003123550191539758	-0.0014890570474256578	0.0
0.00031565938925897557	-0.0014897810423691478	0.0
0.00031875723623241283	-0.0014903240385767654	0.0
0.00032175182164006876	-0.001490776535416447	0.0
0.00032464314548194355	-0.0014911385328881918	0.0
0.0003275344693238183	-0.0014913195316240645	0.0
0.0003302192700341306	-0.0014914100309920007	0.0
0.00033280080917866164	-0.0014914100309920007	0.0
0.0003350725636258489	-0.001491229032256128	0.0
0.0003373443180730362	-0.0014911385328881918	0.0
0.00033940954938866107	-0.0014908670347843832	0.0
0.0003413715191385047	-0.001490505037312638	0.0
0.00034333348888834824	-0.0014900525404729565	0.0
0.00034529545863819184	-0.0014893285455294665	0.0
0.00034694764369069163	-0.0014886950499539125	0.0
0.00034870309030897277	-0.0014876995569066136	0.0
0.00035004549066412896	-0.0014867040638593145	0.0
0.0003515944141508475	-0.0014853465733402705	0.0
0.00035262702980866	-0.0014840795821891627	0.0
0.00035365964546647235	-0.0014827220916701184	0.0
0.00035448573799272225	-0.0014813646011510744	0.0
0.0003553118305189722	-0.0014800071106320302	0.0
0.0003559313999136597	-0.00147855912074505	0.0
0.0003563444461767846	-0.0014774731283298149	0.0
0.00035655096930834715	-0.001476206137178707	0.0
0.0003567574924399096	-0.0014750296453955355	0.0
0.00035686075400569086	-0.0014739436529803002	0.0
0.00035665423087412833	-0.0014729481599330013	0.0
0.00035644770774256586	-0.0014720431662536384	0.0
0.0003562411846110034	-0.001471228671942212	0.0
0.00035582813834787844	-0.0014705951763666581	0.0
0.0003554150920847535	-0.0014700521801590406	0.0
0.0003550020458216285	-0.0014697806820552315	0.0
0.00035448573799272225	-0.0014696901826872953	0.0
0.00035365964546647235	-0.0014697806820552315	0.0
0.0003528335529402224	-0.001470233178894913	0.0
0.0003519041988481913	-0.0014708666744704668	0.0
0.0003509748447561601	-0.0014717716681498297	0.0
0.0003497357059667852	-0.0014728576605650648	0.0
0.00034870309030897277	-0.001474305650452045	0.0
0.00034736068995381664	-0.001475844139706962	0.0
0.0003461215511644418	-0.0014777446264336235	0.0
0.00034488241237506684	-0.0014798261118961578	0.0
0.00034333348888834824	-0.0014821790954625009	0.0
0.0003419910885331921	-0.0014847130777647167	0.0
0.00034064868817803597	-0.0014874280588028047	0.0
0.00033899650312553607	-0.0014903240385767654	0.0
0.00033765410277037994	-0.0014933105177186623	0.0
0.00033610517928366133	-0.001496477995596432	0.0
0.0003347627789285052	-0.001499826472210074	0.0
0.00033321385544178654	-0.0015031749488237161	0.0
0.000331664931955068	-0.0015068854229091033	0.0
0.0003302192700341306	-0.0015107768957303628	0.0
0.00032867034654741195	-0.0015147588679195589	0.0
0.00032712142306069334	-0.0015189218388446276	0.0
0.0003256757611397559	-0.0015232658085055687	0.0
0.00032402357608725613	-0.0015276097781665096	0.0
0.00032247465260053747	-0.001532044247195387	0.0
0.0003208224675480376	-0.0015365692155922006	0.0
0.00031937680562710025	-0.0015410941839890141	0.0
0.0003177246205746004	-0.0015458001511217004	0.0
0.00031627895865366304	-0.0015505061182543866	0.0
0.0003147300351669444	-0.0015553930841229453	0.0
0.00031318111168022577	-0.0015600990512556314	0.0
0.00031152892662772593	-0.0015648955177562538	0.0
0.00030998000314100727	-0.0015694204861530676	0.0
0.0003083278180885074	-0.0015740359539178175	0.0
0.0003066756330360076	-0.0015782894242108224	0.0
0.00030502344798350774	-0.0015827238932396997	0.0
0.0003034745244967891	-0.0015870678629006409	0.0
0.00030182233944428923	-0.0015913213331936456	0.0
0.00030037667752335186	-0.0015953033053828414	0.0
0.0002988277540366332	-0.0015992852775720374	0.0
0.0002970723074183521	-0.001603086251025361	0.0
0.0002955233839316335	-0.0016065252270069392	0.0
0.0002937679373133524	-0.0016098737036205812	0.0
0.0002921157522608526	-0.001612769683394542	0.0
0.0002905668287741339	-0.0016155751638005664	0.0
0.00028881138215585284	-0.0016181996454707184	0.0
0.0002872624586691342	-0.0016206431284049977	0.0
0.00028540375048507187	-0.001622724613867532	0.0
0.00028354504230100955	-0.00162471559996213	0.0
0.00028147981098538465	-0.001626344588584983	0.0
0.0002793113181039786	-0.0016276115797360907	0.0
0.00027703956365679135	-0.0016286070727833898	0.0
0.00027456128607804156	-0.0016294215670948162	0.0
0.00027218627006507295	-0.0016299645633024338	0.0
0.0002696047309205419	-0.0016304170601421151	0.0
0.00026702319177601095	-0.0016305075595100514	0.0
0.00026413186793413615	-0.0016305980588779876	0.0
0.00026134380565804265	-0.001630326560774179	0.0
0.00025814269711882414	-0.0016299645633024338	0.0
0.0002547350654480432	-0.0016291500689910074	0.0
0.00025122417221148095	-0.0016282450753116447	0.0
0.0002475067558433563	-0.0016270685835284731	0.0
0.0002436860779094504	-0.0016258015923773653	0.0
0.00023976213840976322	-0.0016240821043865762	0.0
0.00023563167577851356	-0.0016222721170278506	0.0
0.00023129469001570142	-0.0016203716303011889	0.0
0.0002267511811213268	-0.001618018646734846	0.0
0.00022210441066117096	-0.0016156656631685028	0.0
0.0002172511170694526	-0.0016131316808662872	0.0
0.00021239782347773426	-0.0016102357010923266	0.0
0.00020744126832023468	-0.001607158722582493	0.0
0.0002024847131627351	-0.001603810245968851	0.0
0.00019752815800523553	-0.0016002807706193365	0.0
0.00019277812597929842	-0.0015963892977980767	0.0
0.0001877183092560176	-0.0015923168262409445	0.0
0.00018286501566429925	-0.0015877918578441309	0.0
0.0001780117220725809	-0.0015830858907114446	0.0
0.00017326169004664381	-0.0015781989248428861	0.0
0.0001687181811522692	-0.0015729499615025821	0.0
0.0001642779338236758	-0.0015675199994264059	0.0
0.00016014747119242617	-0.0015617280398784843	0.0
0.00015612027012695777	-0.0015557550815946905	0.0
0.0001521963306272706	-0.001549329626471215	0.0
0.00014847891425914589	-0.0015426326732439308	0.0
0.00014486475945680246	-0.0015356642219128379	0.0
0.00014145712778602148	-0.0015286052712138087	0.0
0.00013804949611524053	-0.0015212748224109707	0.0
0.0001349516491418033	-0.00151376337487226	0.0
0.00013185380216836607	-0.0015059804292297406	0.0
0.0001289624783264913	-0.0014981974835872212	0.0
0.0001259678929188353	-0.0014902335392088292	0.0
0.00012307656907696056	-0.0014820885960945647	0.0
0.00012008198366930454	-0.0014738531536123637	0.0
0.00011708739826164855	-0.0014655272117622268	0.0
0.00011388628972243006	-0.0014572012699120898	0.0
0.00011058191961743035	-0.0014487848286940165	0.0
0.00010738081107821187	-0.0014405493862118155	0.0
0.0001039731794074309	-0.0014321329449937424	0.0
0.0001004622861708687	-0.0014236260044077327	0.0
9.674486980274401e-05	-0.0014152095631896594	0.0
9.261440717149436e-05	-0.001406521623867777	0.0
8.858720610602596e-05	-0.0013980146832817675	0.0
8.414695877743257e-05	-0.0013894172433278216	0.0
7.929366518571424e-05	-0.0013810008021097485	0.0
7.454363315977714e-05	-0.0013726748602596113	0.0
6.938055487071507e-05	-0.0013644394177774104	0.0
6.401095345009052e-05	-0.0013563849740310823	0.0
5.843482889790349e-05	-0.0013484210296526903	0.0
5.2445658082591496e-05	-0.001340638084010171	0.0
4.614670256993578e-05	-0.0013329456377355877	0.0
3.943470079415509e-05	-0.0013255246895648135	0.0
3.230965275524944e-05	-0.0013183752394978479	0.0
2.4978081584781313e-05	-0.0013114972875346912	0.0
1.754324884853194e-05	-0.0013050718324112158	0.0
9.59210828337636e-06	-0.0012990083747594853	0.0
1.5377061524395379e-06	-0.0012931259158436277	0.0
-6.826480675841007e-06	-0.0012876054543995152	0.0
-1.5500452201465276e-05	-0.0012822659916912752	0.0
-2.4174423727089544e-05	-0.0012772885264547803	0.0
-3.315817995005754e-05	-0.0012725825593220938	0.0
-4.2245197738806774e-05	-0.001268238589661153	0.0
-5.133221552755601e-05	-0.0012644376162078295	0.0
-6.052249488208648e-05	-0.001260998640226251	0.0
-6.98160358023982e-05	-0.0012579216617164177	0.0
-7.900631515692868e-05	-0.0012554781787821386	0.0
-8.819659451145914e-05	-0.001253306193951668	0.0
-9.738687386598963e-05	-0.001251677205328815	0.0
-0.00010647389165473886	-0.0012504102141777072	0.0
-0.00011545764787770685	-0.001249686219234217	0.0
-0.00012413161940333112	-0.0012493242217624719	0.0
-0.00013249580623161166	-0.0012495052204983446	0.0
-0.00014065346992832973	-0.0012500482167059621	0.0
-0.00014850134892770405	-0.0012510437097532612	0.0
-0.00015583292009817222	-0.0012524012002723052	0.0
-0.00016264818343973412	-0.0012540301888951581	0.0
-0.00016915366208395232	-0.0012561116743576924	0.0
-0.00017493630976770183	-0.0012583741585560993	0.0
-0.00018020264962254515	-0.0012610891395941875	0.0
-0.00018505594321426347	-0.0012638946200002118	0.0
-0.00018918640584551314	-0.001267243096613854	0.0
-0.00019269729908207535	-0.001270591573227496	0.0
-0.00019548536135816885	-0.0012743925466808196	0.0
-0.0001975505926737937	-0.001278284019502079	0.0
-0.00019899625459473107	-0.0012824469904271477	0.0
-0.000199822347120981	-0.0012867909600880888	0.0
-0.000199822347120981	-0.0012911349297490297	0.0
-0.0001990995161605123	-0.0012954788994099708	0.0
-0.0001975505926737937	-0.0013000038678067844	0.0
-0.00019527883822660638	-0.001304528836203598	0.0
-0.0001923875143847316	-0.0013090538046004116	0.0
-0.00018867009801660692	-0.001313488273629289	0.0
-0.00018422985068801358	-0.0013179227426581663	0.0
-0.00017917003396473273	-0.0013223572116870437	0.0
-0.00017349064784676446	-0.0013267011813479848	0.0
-0.00016698516920254626	-0.0013309546516409895	0.0
-0.0001598601211636406	-0.0013351176225660582	0.0
-0.00015190898059848503	-0.0013391900941231904	0.0
-0.00014344153220442323	-0.001342991067576514	0.0
-0.00013425125284989277	-0.0013467920410298374	0.0
-0.0001246479272322373	-0.001350321516379352	0.0
-0.00011442503221989444	-0.001353669992992994	0.0
-0.00010378909094442658	-0.0013570184696066361	0.0
-9.263684184005253e-05	-0.0013601859474844057	0.0
-8.107154647255351e-05	-0.0013633534253621753	0.0
-6.909320484192951e-05	-0.0013664304038720086	0.0
-5.690834007974304e-05	-0.0013694168830139055	0.0
-4.451695218599408e-05	-0.00137222236341993	0.0
-3.1815779594901404e-05	-0.001374937344458018	0.0
-1.8804822306464998e-05	-0.00137756182612817	0.0
-5.793865018028594e-06	-0.0013800958084303856	0.0
7.526876967751532e-06	-0.0013824487919967287	0.0
2.074435738775042e-05	-0.0013848017755630718	0.0
3.3961837807749306e-05	-0.0013869737603935423	0.0
4.717931822774819e-05	-0.0013890552458560765	0.0
6.01902755161846e-05	-0.0013910462319506745	0.0
7.299470967305852e-05	-0.0013929467186773363	0.0
8.56958822641512e-05	-0.0013945757073001892	0.0
9.798400859211891e-05	-0.001396114196555106	0.0
0.0001099623502227429	-0.0013975621864420861	0.0
0.00012194069185336689	-0.0013988291775931941	0.0
0.00013340272565508468	-0.0014000056693763657	0.0
0.000144245190062115	-0.0014010011624236644	0.0
0.00015508765446914537	-0.0014019061561030273	0.0
0.000165207287915707	-0.0014026301510465173	0.0
0.00017481061353336245	-0.0014030826478861988	0.0
0.0001840008928878929	-0.001403444645357944	0.0
0.0001924683412819547	-0.0014035351447258802	0.0
0.0002005227434128915	-0.0014033541459900077	0.0
0.00020785431458335965	-0.0014030826478861988	0.0
0.00021456631635914035	-0.001402539651678581	0.0
0.00022065874874023356	-0.0014019061561030273	0.0
0.00022613161172663934	-0.0014010916617916008	0.0
0.00023098490531835768	-0.001400096168744302	0.0
0.00023511536794960738	-0.0013989196769611304	0.0
0.00023872952275195077	-0.0013976526858100224	0.0
0.00024182736972538804	-0.001396114196555106	0.0
0.00024451217043570034	-0.0013946662066681255	0.0
0.0002464741401855439	-0.0013929467186773363	0.0
0.00024822958680382497	-0.001391136731318611	0.0
0.00024936546402741863	-0.0013893267439598854	0.0
0.0002501915565536686	-0.0013876072559690963	0.0
0.0002506046028167935	-0.0013857067692424345	0.0
0.0002505013412510123	-0.0013837157831478365	0.0
0.00025008829498788734	-0.0013820867945249836	0.0
0.00024946872559319987	-0.0013804578059021307	0.0
0.00024853937150116874	-0.001378919316647214	0.0
0.00024730023271179384	-0.00137756182612817	0.0
0.0002458545707908564	-0.001376475833712935	0.0
0.00024409912417257536	-0.001375570840033572	0.0
0.00024213715442273175	-0.001374937344458018	0.0
0.00023996866154132567	-0.0013745753469862729	0.0
0.0002374903839625759	-0.0013745753469862729	0.0
0.00023532189108116982	-0.001374937344458018	0.0
0.00023274035193663882	-0.0013752993419297633	0.0
0.00023036533592367026	-0.0013760233368732533	0.0
0.00022788705834492047	-0.0013771093292884887	0.0
0.0002257185654635144	-0.0013782858210716602	0.0
0.00022365333414788957	-0.0013799148096945131	0.0
0.000221691364398046	-0.0013817247970532385	0.0
0.00022014244091132738	-0.0013837157831478365	0.0
0.00021880004055617122	-0.0013859782673462434	0.0
0.00021756090176679632	-0.001388512249648459	0.0
0.00021663154767476516	-0.001391136731318611	0.0
0.00021580545514851524	-0.001394123210460508	0.0
0.0002154956704511715	-0.0013972001889703412	0.0
0.00021539240888539027	-0.001400458166216047	0.0
0.00021590871671429645	-0.0014039876415655615	0.0
0.00021683807080632764	-0.0014076981156509486	0.0
0.00021807720959570253	-0.0014115895884722084	0.0
0.0002197293946482024	-0.001415752559397277	0.0
0.00022179462596382722	-0.001420096529058218	0.0
0.0002239631188452333	-0.0014246214974550316	0.0
0.0002265446579897643	-0.0014291464658518454	0.0
0.00022953924339742034	-0.001433671434248659	0.0
0.00023284361350242003	-0.0014382869020134088	0.0
0.00023614798360741977	-0.0014429023697781586	0.0
0.00023976213840976322	-0.0014475178375429085	0.0
0.00024358281634366912	-0.0014519523065717858	0.0
0.0002474034942775751	-0.0014563867756006632	0.0
0.00025122417221148095	-0.0014607307452616043	0.0
0.00025514811171116817	-0.0014649842155546092	0.0
0.0002589687896450741	-0.0014689661877438052	0.0
0.00026278946757898	-0.0014726766618291922	0.0
0.0002665068839471047	-0.0014761156378107708	0.0
0.0002702243003152294	-0.0014792831156885402	0.0
0.0002737351935517916	-0.0014821790954625009	0.0
0.0002772460867883538	-0.001484532079028844	0.0
0.000280343933761791	-0.001486794563227251	0.0
0.000283338519169447	-0.0014884235518501036	0.0
0.00028602331987975934	-0.0014899620411050203	0.0
0.0002882950743269466	-0.0014910480335202556	0.0
0.0002902570440767902	-0.0014916815290958094	0.0
0.0002920124906950713	-0.0014919530271996185	0.0
0.00029335489105022743	-0.0014916815290958094	0.0
0.00029438750670803985	-0.001491229032256128	0.0
0.0002951103376685085	-0.0014902335392088292	0.0
0.0002955233839316335	-0.001488876048689785	0.0
0.00029531686080007104	-0.001487247060066932	0.0
0.0002948005529711648	-0.001485165574604398	0.0
0.00029366467574757114	-0.0014829030904059911	0.0
0.0002921157522608526	-0.001480188109367903	0.0
0.0002898439978136652	-0.0014772921295939424	0.0
0.0002874689818006967	-0.0014739436529803002	0.0
0.00028437113482725944	-0.0014704141776307855	0.0
0.000280756980024916	-0.0014667037035453983	0.0
0.0002768330405252288	-0.0014628122307241388	0.0
0.0002723927931966355	-0.0014587397591670065	0.0
0.00026753949960491713	-0.0014547577869778103	0.0
0.0002619633750527301	-0.0014505043166848056	0.0
0.0002561807273689806	-0.0014462508463918007	0.0
0.00024988177185632487	-0.0014419068767308595	0.0
0.0002432730316463254	-0.0014375629070699186	0.0
0.00023635450673898224	-0.00143339993614485	0.0
0.0002292294587000766	-0.0014291464658518454	0.0
0.00022189788752960846	-0.0014251644936626494	0.0
0.00021415327009601537	-0.001421454019577262	0.0
0.00020640865266242226	-0.0014175625467560025	0.0
0.0001984575120972667	-0.0014142140701423602	0.0
0.00019029984840054863	-0.001410775094160782	0.0
0.0001822454462696118	-0.0014076076162830124	0.0
0.00017408778257289374	-0.0014047116365090517	0.0
0.00016593011887617567	-0.0014021776542068362	0.0
0.00015797897831102008	-0.0013998246706404928	0.0
0.00015013109931164576	-0.001397833684545895	0.0
0.00014238648187805267	-0.0013962046959230421	0.0
0.00013484838757602205	-0.0013949377047719343	0.0
0.00012731029327399144	-0.0013939422117246352	0.0
0.00012008198366930454	-0.0013933992155170177	0.0
0.0001129569356303989	-0.0013933087161490814	0.0
0.00010603841072305572	-0.001393489714884954	0.0
9.953293207883753e-05	-0.0013939422117246352	0.0
9.323397656618181e-05	-0.001394847205403998	0.0
8.714154418508858e-05	-0.0013960236971871697	0.0
8.156541963290154e-05	-0.0013975621864420861	0.0
7.609255664649576e-05	-0.0013993721738008117	0.0
7.103273992321494e-05	-0.0014013631598954097	0.0
6.617944633149659e-05	-0.0014036256440938164	0.0
6.163593743712198e-05	-0.0014062501257639684	0.0
5.7195690108528595e-05	-0.0014089651068020567	0.0
5.3065227477278944e-05	-0.0014119515859439536	0.0
4.924454954337302e-05	-0.0014151190638217231	0.0
4.573365630681081e-05	-0.0014185580398033014	0.0
4.232602463602985e-05	-0.001422087515152816	0.0
3.9124916096811366e-05	-0.0014257979892382032	0.0
3.623359225493662e-05	-0.0014295989626915268	0.0
3.34455299788431e-05	-0.0014334904355127864	0.0
3.096725240009331e-05	-0.001437381908334046	0.0
2.8385713255562272e-05	-0.0014412733811553057	0.0
2.611395880837497e-05	-0.0014454363520803744	0.0
2.39454659269689e-05	-0.0014494183242695702	0.0
2.1880234611344075e-05	-0.0014534002964587663	0.0
1.9918264861500487e-05	-0.0014575632673838347	0.0
1.8059556677438146e-05	-0.001461545239573031	0.0
1.6304110059157045e-05	-0.0014655272117622268	0.0
1.4342140309313458e-05	-0.0014695091839514228	0.0
1.2483432125251115e-05	-0.001473581655508555	0.0
1.0314939243845048e-05	-0.0014774731283298149	0.0
8.249707928220221e-06	-0.0014813646011510744	0.0
6.081215046814155e-06	-0.001485165574604398	0.0
3.8094605996268463e-06	-0.001488876048689785	0.0
1.640967718220779e-06	-0.0014922245253034272	0.0
-7.340482947477708e-07	-0.0014953920031811967	0.0
-3.1090643077163208e-06	-0.0014982879829551574	0.0
-5.6906034522473535e-06	-0.0015010029639932457	0.0
-8.272142596778386e-06	-0.001503536946295461	0.0
-1.0853681741309417e-05	-0.0015057089311259317	0.0
-1.3745005583184175e-05	-0.0015076094178525935	0.0
-1.653306785927769e-05	-0.0015095099045792553	0.0
-1.9527653266933686e-05	-0.0015109578944662357	0.0
-2.2625500240370924e-05	-0.0015120438868814708	0.0
-2.5929870345370646e-05	-0.0015129488805608335	0.0
-2.9234240450370367e-05	-0.0015135823761363873	0.0
-3.2641872121151326e-05	-0.0015138538742401964	0.0
-3.625602692349478e-05	-0.0015140348729760689	0.0
-3.976692016005698e-05	-0.0015139443736081326	0.0
-4.348433652818166e-05	-0.00151376337487226	0.0
-4.699522976474387e-05	-0.001513491876768451	0.0
-5.0506123001306074e-05	-0.0015128583811928973	0.0
-5.401701623786828e-05	-0.001512134386249407	0.0
-5.7527909474430486e-05	-0.0015112293925700444	0.0
-6.08322795794302e-05	-0.001510143400154809	0.0
-6.413664968442992e-05	-0.0015090574077395737	0.0
-6.73377582236484e-05	-0.0015078809159564022	0.0
-7.03323436313044e-05	-0.0015067044241732308	0.0
-7.322366747317916e-05	-0.0015056184317579955	0.0
-7.590846818349144e-05	-0.001504441939974824	0.0
-7.849000732802247e-05	-0.0015034464469275248	0.0
-8.096828490677226e-05	-0.0015024509538802261	0.0
-8.324003935395957e-05	-0.001501455460832927	0.0
-8.540853223536564e-05	-0.0015005504671535641	0.0
-8.737050198520923e-05	-0.0014997359728421379	0.0
-8.912594860349033e-05	-0.0014990119778986474	0.0
-9.088139522177142e-05	-0.0014985594810589663	0.0
-9.243031870849004e-05	-0.0014981974835872212	0.0
-9.387598062942742e-05	-0.0014979259854834123	0.0
-9.511511941880231e-05	-0.0014977449867475399	0.0
-9.614773507661473e-05	-0.0014976544873796034	0.0
-9.718035073442714e-05	-0.0014976544873796034	0.0
-9.800644326067707e-05	-0.001497835486115476	0.0
-9.862601265536451e-05	-0.0014980164848513488	0.0
-9.934884361583321e-05	-0.0014982879829551574	0.0
-9.996841301052066e-05	-0.001498830979162775	0.0
-0.00010048472083942687	-0.0014993739753703928	0.0
-0.00010110429023411432	-0.0014999169715780103	0.0
-0.00010172385962880176	-0.0015006409665215006	0.0
-0.00010244669058927045	-0.0015012744620970543	0.0
-0.00010327278311552038	-0.0015019079576726083	0.0
-0.0001040988756417703	-0.0015025414532481623	0.0
-0.00010502822973380148	-0.0015033559475595886	0.0
-0.0001060608453916139	-0.0015042609412389515	0.0
-0.00010729998418098878	-0.0015051659349183141	0.0
-0.00010884890766770742	-0.0015060709285976768	0.0
-0.00011029456958864479	-0.0015068854229091033	0.0
-0.00011215327777270713	-0.0015076094178525935	0.0
-0.00011442503221989444	-0.00150842391216402	0.0
-0.00011680004823286298	-0.00150914790710751	0.0
-0.0001195881105089565	-0.0015097814026830642	0.0
-0.00012247943435083125	-0.0015102338995227453	0.0
-0.000125783804455831	-0.0015106863963624266	0.0
-0.00012929469769239318	-0.0015111388932021082	0.0
-0.00013301211406051785	-0.0015113198919379806	0.0
-0.00013693605356020506	-0.0015115008906738533	0.0
-0.00014116977775723594	-0.0015115008906738533	0.0
-0.00014540350195426684	-0.0015114103913059168	0.0
-0.00014974048771707895	-0.001511048393834172	0.0
-0.00015418073504567235	-0.0015106863963624266	0.0
-0.00015862098237426572	-0.0015102338995227453	0.0
-0.00016295796813707786	-0.0015096909033151277	0.0
-0.0001673982154656712	-0.0015090574077395737	0.0
-0.0001718384627942646	-0.0015085144115319562	0.0
-0.0001763819716886392	-0.0015078809159564022	0.0
-0.00018071895745145133	-0.0015073379197487846	0.0
-0.00018526246634582597	-0.0015068854229091033	0.0
-0.00018980597524020058	-0.0015066139248052946	0.0
-0.00019424622256879396	-0.001506432926069422	0.0
-0.00019868646989738733	-0.0015062519273335493	0.0
-0.00020312671722598073	-0.0015062519273335493	0.0
-0.0002073604414230116	-0.001506161427965613	0.0
-0.00021159416562004248	-0.0015059804292297406	0.0
-0.00021551810511972967	-0.0015058899298618044	0.0
-0.00021933878305363557	-0.0015058899298618044	0.0
-0.00022315946098754152	-0.001505799430493868	0.0
-0.00022667035422410374	-0.0015057089311259317	0.0
-0.00022997472432910346	-0.0015056184317579955	0.0
-0.0002328660481709782	-0.0015056184317579955	0.0
-0.00023544758731550925	-0.0015057089311259317	0.0
-0.00023802912646004026	-0.0015057089311259317	0.0
-0.00024019761934144634	-0.0015059804292297406	0.0
-0.00024215958909128995	-0.001506161427965613	0.0
-0.00024381177414378976	-0.0015066139248052946	0.0
-0.00024525743606472716	-0.0015072474203808484	0.0
-0.00024649657485410206	-0.0015078809159564022	0.0
-0.0002475291905119145	-0.001508785909635765	0.0
-0.00024825202147238314	-0.0015097814026830642	0.0
-0.0002488715908670706	-0.0015109578944662357	0.0
-0.0002493878986959768	-0.0015122248856173433	0.0
-0.0002498009449591018	-0.0015136728755043237	0.0
-0.00025000746809066427	-0.001515392363495113	0.0
-0.0002501107296564455	-0.0015172928502217747	0.0
-0.0002501107296564455	-0.001519374335684309	0.0
-0.00024990420652488304	-0.001521727319250652	0.0
-0.00024990420652488304	-0.0015242613015528676	0.0
-0.00024990420652488304	-0.001527066781958892	0.0
-0.0002498009449591018	-0.0015300532611007892	0.0
-0.00024990420652488304	-0.001533311238346495	0.0
-0.0002498009449591018	-0.001537021712431882	0.0
-0.0002498009449591018	-0.0015408226858852055	0.0
-0.0002495944218275393	-0.0015448951574423377	0.0
-0.0002493878986959768	-0.0015491486277353426	0.0
-0.0002490781139986331	-0.0015537640955000924	0.0
-0.0002487683293012894	-0.0015583795632648422	0.0
-0.00024845854460394567	-0.0015631760297654647	0.0
-0.0002481487599066019	-0.001568243994369896	0.0
-0.0002478389752092582	-0.0015734929577101997	0.0
-0.0002476324520776957	-0.0015789229197863762	0.0
-0.00024721940581457077	-0.0015844433812304888	0.0
-0.00024690962111722706	-0.0015903258401463464	0.0
-0.0002463933132883208	-0.0015962987984301405	0.0
-0.00024567048232785216	-0.0016023622560818707	0.0
-0.0002450509129331647	-0.0016082447149977283	0.0
-0.00024422482040691474	-0.0016143986720173948	0.0
-0.00024329546631488358	-0.0016203716303011889	0.0
-0.0002423661122228524	-0.0016265255873208556	0.0
-0.00024123023499925876	-0.001632679544340522	0.0
-0.00024019761934144634	-0.0016389240007281247	0.0
-0.00023895848055207144	-0.0016450779577477912	0.0
-0.0002376160801969153	-0.0016513224141353942	0.0
-0.00023617041827597794	-0.0016574763711550606	0.0
-0.0002346214947892593	-0.0016634493294388547	0.0
-0.0002331758328683219	-0.0016693317883547123	0.0
-0.0002316269093816033	-0.0016750332485346974	0.0
-0.00023018124746066593	-0.001680825208082619	0.0
-0.0002288388471055098	-0.0016865266682626041	0.0
-0.00022728992361879116	-0.001692137629074653	0.0
-0.0002258442616978538	-0.0016977485898867018	0.0
-0.00022429533821113518	-0.0017032690513308145	0.0
-0.00022295293785597902	-0.001708699013406991	0.0
-0.00022150727593504165	-0.0017139479767472948	0.0
-0.00022016487557988552	-0.0017188349426158535	0.0
-0.00021902899835629186	-0.0017236314091164757	0.0
-0.0002178931211326982	-0.001728337376249162	0.0
-0.00021696376704066707	-0.001732952844013912	0.0
-0.00021593115138285462	-0.0017375683117786618	0.0
-0.00021489853572504222	-0.0017418217820716667	0.0
-0.00021396918163301104	-0.001745984752996735	0.0
-0.0002128333044094174	-0.0017498762258179948	0.0
-0.00021180068875160498	-0.0017536771992713183	0.0
-0.00021097459622535506	-0.0017570256758849604	0.0
-0.00021004524213332387	-0.0017602836531306662	0.0
-0.0002093224111728552	-0.0017634511310084355	0.0
-0.00020870284177816774	-0.0017663471107823962	0.0
-0.000208393057080824	-0.0017693335899242933	0.0
-0.0002080832723834803	-0.0017719580715944451	0.0
-0.00020777348768613658	-0.001774492053896661	0.0
-0.00020767022612035532	-0.0017769355368309403	0.0
-0.00020767022612035532	-0.0017791075216614107	0.0
-0.00020787674925191782	-0.0017811890071239452	0.0
-0.00020818653394926153	-0.0017830894938506067	0.0
-0.00020870284177816774	-0.0017848994812093323	0.0
-0.00020952893430441766	-0.001786528469832185	0.0
-0.00021045828839644885	-0.001788157458455038	0.0
-0.00021128438092269877	-0.0017896054483420183	0.0
-0.00021242025814629243	-0.0017909629388610624	0.0
-0.0002135561353698861	-0.001792139430644234	0.0
-0.00021489853572504222	-0.001793134923691533	0.0
-0.00021624093608019836	-0.001794130416738832	0.0
-0.00021768659800113575	-0.0017950354104181948	0.0
-0.00021923552148785436	-0.001795759405361685	0.0
-0.00022088770654035423	-0.001796483400305175	0.0
-0.00022253989159285408	-0.0017971168958807288	0.0
-0.00022419207664535392	-0.0017976598920883466	0.0
-0.0002258442616978538	-0.0017982933876639004	0.0
-0.0002275997083161349	-0.0017986553851356457	0.0
-0.00022925189336863474	-0.001799107881975327	0.0
-0.00023111060155269711	-0.0017995603788150084	0.0
-0.0002328660481709782	-0.0017999223762867533	0.0
-0.0002346214947892593	-0.0018002843737584986	0.0
-0.0002365834645391029	-0.0018008273699661162	0.0
-0.000238338911157384	-0.0018010988680699249	0.0
-0.00024019761934144634	-0.0018015513649096062	0.0
-0.00024215958909128995	-0.0018018228630134153	0.0
-0.00024391503570957103	-0.0018023658592210329	0.0
-0.00024577374389363334	-0.0018027278566927778	0.0
-0.0002475291905119145	-0.0018033613522683318	0.0
-0.0002491813755644143	-0.0018039043484759493	0.0
-0.0002509368221826954	-0.0018046283434194398	0.0
-0.0002525890072351953	-0.0018052618389949935	0.0
-0.00025393140759035144	-0.0018059858339384838	0.0
-0.00025527380794550757	-0.0018067098288819738	0.0
-0.00025651294673488247	-0.0018074338238254642	0.0
-0.0002576488239584761	-0.0018082483181368905	0.0
-0.0002587847011820698	-0.0018090628124483171	0.0
-0.00025971405527410097	-0.0018100583054956158	0.0
-0.00026043688623456963	-0.001811053798542915	0.0
-0.00026105645562925705	-0.0018122302903260865	0.0
-0.00026136624032660076	-0.001813406782109258	0.0
-0.00026146950189238205	-0.0018144927745244932	0.0
-0.00026136624032660076	-0.0018158502650435374	0.0
-0.00026115971719503834	-0.001817026756826709	0.0
-0.00026074667093191334	-0.001818384247345753	0.0
-0.0002603336246687884	-0.0018199227366006696	0.0
-0.0002595075321425385	-0.0018214612258555863	0.0
-0.00025868143961628855	-0.0018230902144784392	0.0
-0.0002575455623926949	-0.0018249002018371646	0.0
-0.00025630642360331994	-0.0018267101891958901	0.0
-0.00025486076168238257	-0.0018287011752904881	0.0
-0.0002532085766298827	-0.0018304206632812773	0.0
-0.0002513498684458204	-0.001832321150007939	0.0
-0.0002493878986959768	-0.0018342216367346008	0.0
-0.00024732266738035195	-0.0018360316240933262	0.0
-0.0002450509129331647	-0.0018378416114520515	0.0
-0.00024267589692019613	-0.001839651598810777	0.0
-0.0002400943577756651	-0.0018413710868015662	0.0
-0.0002373062954995716	-0.001842909576056483	0.0
-0.00023451823322347807	-0.0018445385646793358	0.0
-0.0002316269093816033	-0.0018458960551983798	0.0
-0.00022873558553972856	-0.0018471630463494878	0.0
-0.00022563773856629132	-0.0018483395381326594	0.0
-0.00022253989159285408	-0.0018494255305478945	0.0
-0.00021944204461941684	-0.0018503305242272572	0.0
-0.00021624093608019836	-0.00185123551790662	0.0
-0.00021303982754097985	-0.00185195951285011	0.0
-0.00020973545743598016	-0.0018525025090577276	0.0
-0.00020663761046254292	-0.0018530455052653454	0.0
-0.00020353976348910568	-0.0018533170033691543	0.0
-0.00020064843964723091	-0.001853588501472963	0.0
-0.00019796363893691865	-0.0018536790008408992	0.0
-0.00019538209979238762	-0.0018537695002088354	0.0
-0.0001928005606478566	-0.001853588501472963	0.0
-0.0001905288062006693	-0.0018532265040012178	0.0
-0.00018846357488504445	-0.001852864506529473	0.0
-0.00018650160513520087	-0.001852231010953919	0.0
-0.0001845396353853573	-0.0018515975153783652	0.0
-0.0001830939734644199	-0.001850964019802811	0.0
-0.00018164831154348252	-0.0018501495254913847	0.0
-0.00018061569588567012	-0.0018491540324440856	0.0
-0.00017958308022785767	-0.001848249038764723	0.0
-0.00017865372613582654	-0.0018469820476136151	0.0
-0.0001778276336095766	-0.0018456245570945711	0.0
-0.00017700154108332667	-0.0018440860678396545	0.0
-0.0001763819716886392	-0.0018424570792168013	0.0
-0.00017576240229395177	-0.0018407375912260122	0.0
-0.0001755558791623893	-0.001838656105763478	0.0
-0.0001753493560308268	-0.0018367556190368164	0.0
-0.00017545261759660804	-0.001834674133574282	0.0
-0.00017576240229395177	-0.0018324116493758753	0.0
-0.00017607218699129549	-0.0018301491651774684	0.0
-0.0001765884948202017	-0.0018277961816111252	0.0
-0.00017720806421488914	-0.0018253526986768461	0.0
-0.00017793089517535786	-0.0018228187163746303	0.0
-0.00017896351083317025	-0.001820375233440351	0.0
-0.00018030591118832639	-0.0018179317505060716	0.0
-0.00018185483467504502	-0.001815397768203856	0.0
-0.0001836102812933261	-0.0018128637859016403	0.0
-0.00018557225104316968	-0.0018102393042314885	0.0
-0.00018753422079301326	-0.001807705321929273	0.0
-0.0001895994521086381	-0.0018048998415232484	0.0
-0.0001918712065558254	-0.0018021848604851602	0.0
-0.00019424622256879396	-0.0017992888807111995	0.0
-0.00019662123858176251	-0.0017965738996731113	0.0
-0.00019940930085785602	-0.0017937684192670868	0.0
-0.00020230062469973079	-0.0017910534382289988	0.0
-0.00020539847167316803	-0.0017883384571909106	0.0
-0.0002082897955150428	-0.0017856234761528225	0.0
-0.00021138764248848004	-0.0017829084951147343	0.0
-0.00021427896633035478	-0.0017800125153407736	0.0
-0.00021717029017222952	-0.0017772975343026854	0.0
-0.00022006161401410428	-0.0017746730526325334	0.0
-0.00022284967629019781	-0.0017719580715944451	0.0
-0.0002258442616978538	-0.0017693335899242933	0.0
-0.0002288388471055098	-0.0017667091082541415	0.0
-0.00023173017094738456	-0.0017640846265839895	0.0
-0.00023441497165769683	-0.0017614601449138377	0.0
-0.00023699651080222786	-0.0017587451638757495	0.0
-0.00023947478838097763	-0.0017562111815735337	0.0
-0.00024184980439394618	-0.0017536771992713183	0.0
-0.00024401829727535226	-0.0017512337163370388	0.0
-0.0002460835285909771	-0.0017487902334027594	0.0
-0.0002481487599066019	-0.0017463467504684803	0.0
-0.00024990420652488304	-0.0017439032675342007	0.0
-0.0002516596531431641	-0.0017414597845999214	0.0
-0.000253311838195664	-0.001738925802297706	0.0
-0.0002547575001166014	-0.0017363918199954902	0.0
-0.00025589337734019504	-0.0017339483370612109	0.0
-0.00025692599299800747	-0.0017315048541269315	0.0
-0.00025795860865581984	-0.001728970871824716	0.0
-0.0002587847011820698	-0.0017265273888904364	0.0
-0.0002595075321425385	-0.0017241744053240935	0.0
-0.0002600238399714447	-0.0017217309223898141	0.0
-0.0002603336246687884	-0.001719377938823471	0.0
-0.00026043688623456963	-0.001717024955257128	0.0
-0.0002606434093661321	-0.0017144909729549123	0.0
-0.00026043688623456963	-0.0017119569906526965	0.0
-0.0002603336246687884	-0.0017095135077184172	0.0
-0.0002600238399714447	-0.0017071605241520743	0.0
-0.0002598173168398822	-0.0017048980399536674	0.0
-0.0002596107937083197	-0.0017023640576514518	0.0
-0.00025930100901097597	-0.0016999205747171725	0.0
-0.000258887962747851	-0.0016972960930470204	0.0
-0.00025837165491894484	-0.0016946716113768686	0.0
-0.00025775208552425736	-0.0016919566303387804	0.0
-0.0002568227314322262	-0.0016890606505648195	0.0
-0.0002560999004717575	-0.001686164670790859	0.0
-0.00025517054637972633	-0.001683178191648962	0.0
-0.00025424119228769515	-0.0016800107137711923	0.0
-0.0002532085766298827	-0.0016769337352613592	0.0
-0.00025217596097207035	-0.001673494759279781	0.0
-0.00025114334531425793	-0.001669965283930266	0.0
-0.00025000746809066427	-0.0016664358085807516	0.0
-0.0002487683293012894	-0.001662634835127428	0.0
-0.00024742592894613324	-0.001658924361042041	0.0
-0.0002460835285909771	-0.0016550328882207813	0.0
-0.0002446378666700397	-0.001651231914767458	0.0
-0.00024329546631488358	-0.0016473404419461981	0.0
-0.0002416432812623837	-0.001643358469757002	0.0
-0.0002400943577756651	-0.0016392859981998699	0.0
-0.00023844217272316523	-0.0016351230272748014	0.0
-0.0002365834645391029	-0.0016308695569817967	0.0
-0.00023482801792082178	-0.0016264350879529193	0.0
-0.0002328660481709782	-0.0016219101195561057	0.0
-0.00023080081685535338	-0.0016175661498951646	0.0
-0.00022873558553972856	-0.0016129506821304146	0.0
-0.00022667035422410374	-0.0016085162131015372	0.0
-0.00022439859977691642	-0.0016040817440726599	0.0
-0.0002223333684612916	-0.0015996472750437825	0.0
-0.00022016487557988552	-0.0015953033053828414	0.0
-0.00021778985956691696	-0.0015909593357219002	0.0
-0.00021551810511972967	-0.0015867963647968318	0.0
-0.00021324635067254235	-0.0015826333938717635	0.0
-0.00021087133465957382	-0.0015786514216825673	0.0
-0.000208393057080824	-0.001574578950125435	0.0
-0.000205811517936293	-0.001570596977936239	0.0
-0.00020333324035754318	-0.0015667055051149794	0.0
-0.00020064843964723091	-0.0015628140322937196	0.0
-0.00019806690050269988	-0.0015591035582083327	0.0
-0.00019538209979238762	-0.0015553930841229453	0.0
-0.0001925940375162941	-0.0015517731094054946	0.0
-0.00018980597524020058	-0.0015481531346880435	0.0
-0.00018701791296410705	-0.001544623659338529	0.0
-0.00018422985068801358	-0.0015411846833569506	0.0
-0.00018123526528035754	-0.0015378362067433086	0.0
-0.00017834394143848278	-0.0015344877301296665	0.0
-0.00017524609446504556	-0.0015312297528839605	0.0
-0.00017214824749160832	-0.0015282432737420636	0.0
-0.00016894713895238984	-0.0015252567946001665	0.0
-0.00016574603041317134	-0.0015222703154582696	0.0
-0.00016244166030817165	-0.001519374335684309	0.0
-0.00015924055176895317	-0.0015164783559103482	0.0
-0.00015593618166395343	-0.001513491876768451	0.0
-0.00015263181155895372	-0.0015105053976265542	0.0
-0.000149327441453954	-0.0015075189184846573	0.0
-0.00014581654821739179	-0.0015046229387106964	0.0
-0.0001426154396781733	-0.0015016364595687995	0.0
-0.0001393110695731736	-0.001498830979162775	0.0
-0.00013621322259973635	-0.0014960254987567505	0.0
-0.0001331153756262991	-0.0014931295189827898	0.0
-0.00013012079021864313	-0.0014903240385767654	0.0
-0.0001271262048109871	-0.0014874280588028047	0.0
-0.0001243381425348936	-0.0014844415796609076	0.0
-0.00012144681869301886	-0.0014814551005190107	0.0
-0.00011845223328536285	-0.0014783781220091775	0.0
-0.00011576743257505057	-0.0014753916428672804	0.0
-0.00011287610873317582	-0.0014724051637253835	0.0
-0.00011029456958864479	-0.0014694186845834866	0.0
-0.00010771303044411375	-0.0014663417060736532	0.0
-0.0001053380144311452	-0.00146326472756382	0.0
-0.00010285973685239541	-0.0014600972496860505	0.0
-0.00010048472083942687	-0.001456929771808281	0.0
-9.83162279580208e-05	-0.001453671794562575	0.0
-9.594121194505224e-05	-0.001450323317948933	0.0
-9.366945749786494e-05	-0.0014471558400711636	0.0
-9.139770305067763e-05	-0.0014438978628254578	0.0
-8.912594860349033e-05	-0.0014406398855797517	0.0
-8.70607172878655e-05	-0.0014371104102302373	0.0
-8.478896284067819e-05	-0.001433671434248659	0.0
-8.262046995927212e-05	-0.0014299609601632717	0.0
-8.034871551208481e-05	-0.0014261599867099483	0.0
-7.807696106489751e-05	-0.001422359013256625	0.0
-7.580520661771019e-05	-0.0014184675404353652	0.0
-7.353345217052288e-05	-0.0014144855682461694	0.0
-7.136495928911683e-05	-0.0014104130966890369	0.0
-6.919646640771076e-05	-0.0014062501257639684	0.0
-6.702797352630469e-05	-0.0014019061561030273	0.0
-6.496274221067986e-05	-0.0013975621864420861	0.0
-6.300077246083628e-05	-0.0013930372180452726	0.0
-6.103880271099268e-05	-0.0013886027490163952	0.0
-5.90768329611491e-05	-0.0013841682799875178	0.0
-5.7011601645524274e-05	-0.0013797338109586407	0.0
-5.494637032989945e-05	-0.0013752993419297633	0.0
-5.308766214583711e-05	-0.0013707743735329497	0.0
-5.1228953961774766e-05	-0.0013663399045040724	0.0
-4.937024577771242e-05	-0.001361905435475195	0.0
-4.771806072521256e-05	-0.0013574709664463177	0.0
-4.5962614106931456e-05	-0.00135303649741744	0.0
-4.441369062021284e-05	-0.0013488735264923716	0.0
-4.265824400193174e-05	-0.0013447105555673031	0.0
-4.110932051521312e-05	-0.0013407285833781071	0.0
-3.9457135462713256e-05	-0.0013368371105568473	0.0
-3.801147354177588e-05	-0.0013331266364714602	0.0
-3.646255005505726e-05	-0.0013293256630181368	0.0
-3.501688813411988e-05	-0.001325705688300686	0.0
-3.367448777896374e-05	-0.001322085713583235	0.0
-3.233208742380761e-05	-0.0013186467376016568	0.0
-3.088642550287023e-05	-0.0013152982609880147	0.0
-2.9544025147714095e-05	-0.001312130783110245	0.0
-2.8304886358339198e-05	-0.0013089633052324754	0.0
-2.7065747568964302e-05	-0.0013059768260905785	0.0
-2.5929870345370646e-05	-0.0013028093482128089	0.0
-2.4897254687558233e-05	-0.0012999133684388482	0.0
-2.386463902974582e-05	-0.0012970173886648875	0.0
-2.2832023371933408e-05	-0.001294211908258863	0.0
-2.1902669279902235e-05	-0.001291587426588711	0.0
-2.0973315187871066e-05	-0.0012887819461826866	0.0
-1.983743796427741e-05	-0.0012864289626163437	0.0
-1.890808387224624e-05	-0.0012838044809461917	0.0
-1.8081991345996306e-05	-0.0012813609980119123	0.0
-1.7255898819746377e-05	-0.0012789175150776332	0.0
-1.6429806293496448e-05	-0.0012765645315112898	0.0
-1.570697533302776e-05	-0.0012743020473128832	0.0
-1.498414437255907e-05	-0.0012721300624824125	0.0
-1.4364574977871623e-05	-0.001270229575755751	0.0
-1.3641744017402933e-05	-0.0012685100877649618	0.0
-1.3022174622715485e-05	-0.0012669715985100451	0.0
-1.2196082096465556e-05	-0.001265342609887192	0.0
-1.1576512701778108e-05	-0.0012639851193681482	0.0
-1.095694330709066e-05	-0.0012625371294811677	0.0
-1.0440635478184453e-05	-0.001260998640226251	0.0
-9.821066083497005e-06	-0.0012598221484430797	0.0
-9.40801982037204e-06	-0.001258645656659908	0.0
-8.891711991465832e-06	-0.0012575596642446726	0.0
-8.272142596778386e-06	-0.0012565641711973737	0.0
-7.652573202090938e-06	-0.0012557496768859473	0.0
-7.1362653731847305e-06	-0.0012549351825745208	0.0
-6.619957544278524e-06	-0.0012540301888951581	0.0
-6.103649715372318e-06	-0.001253034695847859	0.0
-5.6906034522473535e-06	-0.0012521297021684964	0.0
-5.2775571891223875e-06	-0.001250953210385325	0.0
-4.864510925997423e-06	-0.0012497767186021534	0.0
-4.451464662872457e-06	-0.0012486002268189819	0.0
-4.038418399747493e-06	-0.0012475142344037465	0.0
-3.522110570841286e-06	-0.0012462472432526385	0.0
-3.1090643077163208e-06	-0.0012450707514694672	0.0
-2.7992796103725966e-06	-0.001243622761582487	0.0
-2.4894949130288725e-06	-0.0012421747716955065	0.0
-2.2829717814663903e-06	-0.0012406362824405898	0.0
-2.2829717814663903e-06	-0.0012390072938177367	0.0
-2.2829717814663903e-06	-0.0012373783051948838	0.0
-2.3862333472476314e-06	-0.0012357493165720311	0.0
-2.3862333472476314e-06	-0.001234029828581242	0.0
-2.592756478810114e-06	-0.0012324008399583891	0.0
-2.9025411761538377e-06	-0.0012306813519676	0.0
-3.315587439278803e-06	-0.001229052363344747	0.0
-3.83189526818501e-06	-0.0012272423759860213	0.0
-4.348203097091216e-06	-0.0012255228879952322	0.0
-5.174295623341146e-06	-0.001223803400004443	0.0
-6.103649715372318e-06	-0.0012219934126457177	0.0
-7.2395269389659725e-06	-0.0012203644240228648	0.0
-8.272142596778386e-06	-0.0012185544366641393	0.0
-9.40801982037204e-06	-0.0012169254480412864	0.0
-1.0543897043965693e-05	-0.0012153869587863697	0.0
-1.178303583334059e-05	-0.001213848469531453	0.0
-1.3228697754277968e-05	-0.0012124004796444728	0.0
-1.4571098109434103e-05	-0.0012110429891254285	0.0
-1.601676003037148e-05	-0.0012096854986063845	0.0
-1.746242195130886e-05	-0.0012084185074552767	0.0
-1.9114607003808718e-05	-0.0012073325150400416	0.0
-2.0663530490527342e-05	-0.0012062465226248063	0.0
-2.210919241146472e-05	-0.0012053415289454434	0.0
-2.3554854332402096e-05	-0.0012043460358981447	0.0
-2.4793993121776993e-05	-0.001203531541586718	0.0
-2.6239655042714373e-05	-0.001202807546643228	0.0
-2.7272270700526786e-05	-0.0012020835516997376	0.0
-2.840814792412044e-05	-0.0012013595567562476	0.0
-2.933750201615161e-05	-0.0012007260611806936	0.0
-3.016359454240154e-05	-0.0012000020662372036	0.0
-3.088642550287023e-05	-0.0011993685706616496	0.0
-3.1402733331776436e-05	-0.0011987350750860958	0.0
-3.1815779594901404e-05	-0.001198192078878478	0.0
-3.2022302726463884e-05	-0.001197558583302924	0.0
-3.2022302726463884e-05	-0.0011969250877273702	0.0
-3.1815779594901404e-05	-0.0011963820915197525	0.0
-3.1609256463338917e-05	-0.0011957485959441987	0.0
-3.098968706865147e-05	-0.0011952960991045171	0.0
-3.00603329766203e-05	-0.0011946626035289633	0.0
-2.9234240450370367e-05	-0.0011941196073213458	0.0
-2.8098363226776714e-05	-0.001193576611113728	0.0
-2.6755962871620578e-05	-0.0011931241142740469	0.0
-2.5207039384901957e-05	-0.0011924906186984929	0.0
-2.376137746396458e-05	-0.001191947622490875	0.0
-2.200593084568348e-05	-0.0011913141269153213	0.0
-2.0147222661621138e-05	-0.001190590131971831	0.0
-1.828851447755879e-05	-0.0011897756376604049	0.0
-1.6223283161933964e-05	-0.001188870643981042	0.0
-1.4054790280527897e-05	-0.0011878751509337428	0.0
-1.188629739912183e-05	-0.001186879657886444	0.0
-9.614542951934523e-06	-0.0011857936654712086	0.0
-7.342788504747214e-06	-0.0011847076730559733	0.0
-5.174295623341146e-06	-0.0011836216806407382	0.0
-2.7992796103725966e-06	-0.0011823546894896304	0.0
-7.340482947477708e-07	-0.0011809066996026501	0.0
1.4344445866582964e-06	-0.0011794587097156697	0.0
3.6029374680643637e-06	-0.0011780107198286894	0.0
5.564907217907949e-06	-0.0011762912318378999	0.0
7.423615401970292e-06	-0.0011746622432150472	0.0
9.385585151813875e-06	-0.0011730332545921943	0.0
1.1037770204313736e-05	-0.0011714042659693414	0.0
1.2689955256813597e-05	-0.0011698657767144247	0.0
1.3929094046188494e-05	-0.0011681462887236356	0.0
1.5168232835563388e-05	-0.0011663363013649103	0.0
1.62008484933758e-05	-0.0011645263140061845	0.0
1.7026941019625733e-05	-0.001162625827279523	0.0
1.754324884853194e-05	-0.0011606348411849251	0.0
1.7853033545875662e-05	-0.0011587343544582631	0.0
1.8059556677438146e-05	-0.0011568338677316015	0.0
1.7956295111656902e-05	-0.0011547523822690673	0.0
1.774977198009442e-05	-0.0011528518955424055	0.0
1.7336725716969457e-05	-0.0011507704100798713	0.0
1.6613894756500765e-05	-0.001148688924617337	0.0
1.5891063796032077e-05	-0.0011464264404189301	0.0
1.4755186572438424e-05	-0.001144344954956396	0.0
1.351604778306353e-05	-0.0011419919713900528	0.0
1.217364742790739e-05	-0.0011398199865595823	0.0
1.052146237540753e-05	-0.001137738501097048	0.0
8.869277322907669e-06	-0.0011355665162665776	0.0
7.113830704626568e-06	-0.0011335755301719794	0.0
5.255122520564225e-06	-0.0011314940447094454	0.0
3.396414336501881e-06	-0.0011295030586148472	0.0
1.3311830208770553e-06	-0.0011273310737843767	0.0
-8.373098605290121e-07	-0.0011255210864256513	0.0
-3.1090643077163208e-06	-0.0011235301003310531	0.0
-5.4840803206848705e-06	-0.001121810612340264	0.0
-8.065619465215902e-06	-0.0011200911243494749	0.0
-1.0543897043965693e-05	-0.0011186431344624946	0.0
-1.2815651491153002e-05	-0.0011172856439434504	0.0
-1.5293929069902792e-05	-0.0011160186527923426	0.0
-1.7668945082871345e-05	-0.001114842161009171	0.0
-1.9940699530058654e-05	-0.001113756168593936	0.0
-2.2212453977245963e-05	-0.001112851174914573	0.0
-2.458746999021451e-05	-0.0011119461812352104	0.0
-2.6962486003183058e-05	-0.0011113126856596566	0.0
-2.9234240450370367e-05	-0.001110769689452039	0.0
-3.150599489755768e-05	-0.0011104076919802937	0.0
-3.3571226213182505e-05	-0.0011103171926123575	0.0
-3.5533195963026087e-05	-0.0011103171926123575	0.0
-3.739190414708843e-05	-0.0011104076919802937	0.0
-3.925061233115077e-05	-0.0011105886907161664	0.0
-4.100605894943188e-05	-0.0011110411875558477	0.0
-4.25549824361505e-05	-0.001111493684395529	0.0
-4.4207167488650355e-05	-0.0011119461812352104	0.0
-4.5756090975368976e-05	-0.0011126701761787006	0.0
-4.7305014462087596e-05	-0.0011133941711221906	0.0
-4.854415325146249e-05	-0.0011142991648015535	0.0
-4.978329204083739e-05	-0.0011152041584809162	0.0
-5.08159076986498e-05	-0.001116199651528215	0.0
-5.174526179068097e-05	-0.0011171951445755142	0.0
-5.277787744849338e-05	-0.0011181906376228133	0.0
-5.3603969974743316e-05	-0.0011192766300380484	0.0
-5.4430062500993244e-05	-0.0011203626224532838	0.0
-5.5152893461461936e-05	-0.0011215391142364553	0.0
-5.587572442193063e-05	-0.001122806105387563	0.0
-5.6392032250836826e-05	-0.0011239825971707347	0.0
-5.711486321130552e-05	-0.0011252495883218425	0.0
-5.7734432605992966e-05	-0.0011263355807370776	0.0
-5.825074043489918e-05	-0.0011275120725202491	0.0
-5.897357139536786e-05	-0.001128688564303421	0.0
-5.9696402355836554e-05	-0.001129774556718656	0.0
-6.0315971750524e-05	-0.0011308605491338912	0.0
-6.103880271099268e-05	-0.0011319465415491265	0.0
-6.176163367146138e-05	-0.0011330325339643618	0.0
-6.25877261977113e-05	-0.0011339375276437245	0.0
-6.341381872396124e-05	-0.0011345710232192785	0.0
-6.413664968442992e-05	-0.001135114019426896	0.0
-6.506600377646111e-05	-0.0011355665162665776	0.0
-6.60986194342735e-05	-0.0011359285137383225	0.0
-6.702797352630469e-05	-0.0011361095124741952	0.0
-6.816385074989834e-05	-0.0011362000118421314	0.0
-6.940298953927323e-05	-0.0011362905112100676	0.0
-7.074538989442937e-05	-0.0011362905112100676	0.0
-7.20877902495855e-05	-0.0011361095124741952	0.0
-7.353345217052288e-05	-0.0011358380143703863	0.0
-7.50823756572415e-05	-0.0011353855175307047	0.0
-7.663129914396012e-05	-0.0011348425213230874	0.0
-7.838674576224122e-05	-0.0011342090257475334	0.0
-8.014219238052233e-05	-0.0011334850308040432	0.0
-8.189763899880342e-05	-0.0011325800371246805	0.0
-8.375634718286578e-05	-0.0011318560421811903	0.0
-8.571831693270936e-05	-0.001130770049765955	0.0
-8.778354824833418e-05	-0.0011296840573507198	0.0
-8.974551799817777e-05	-0.0011285980649354845	0.0
-9.191401087958384e-05	-0.0011272405744164405	0.0
-9.418576532677115e-05	-0.0011259735832653327	0.0
-9.635425820817722e-05	-0.001124435094010416	0.0
-9.872927422114576e-05	-0.001122806105387563	0.0
-0.00010089776710255183	-0.0011211771167647102	0.0
-0.0001030662599839579	-0.001119457628773921	0.0
-0.00010544127599692645	-0.0011176476414151955	0.0
-0.00010760976887833251	-0.0011156566553205975	0.0
-0.00010977826175973858	-0.0011135751698580635	0.0
-0.00011194675464114465	-0.0011114031850275928	0.0
-0.00011411524752255072	-0.0011092312001971224	0.0
-0.00011618047883817553	-0.0011069687159987155	0.0
-0.0001183489717195816	-0.0011047062318003086	0.0
-0.00012051746460098767	-0.0011022627488660292	0.0
-0.00012247943435083125	-0.0010998192659317499	0.0
-0.0001246479272322373	-0.001097285283629534	0.0
-0.00012671315854786213	-0.0010947513013273187	0.0
-0.0001288816514292682	-0.0010921268196571667	0.0
-0.00013105014431067426	-0.001089502337987015	0.0
-0.0001331153756262991	-0.0010869683556847991	0.0
-0.0001353871300734864	-0.0010844343733825838	0.0
-0.00013745236138911125	-0.001081900391080368	0.0
-0.00013951759270473607	-0.0010794569081460886	0.0
-0.0001415828240203609	-0.0010769229258438728	0.0
-0.00014375131690176697	-0.0010744794429095937	0.0
-0.00014602307134895426	-0.0010720359599753141	0.0
-0.00014819156423036034	-0.0010694114783051623	0.0
-0.0001505665802433289	-0.0010668774960029468	0.0
-0.00015273507312473495	-0.0010644340130686674	0.0
-0.00015500682757192227	-0.0010618095313985154	0.0
-0.0001570720588875471	-0.0010591850497283634	0.0
-0.00015924055176895317	-0.0010565605680582118	0.0
-0.00016151230621614047	-0.0010539360863880598	0.0
-0.00016368079909754655	-0.0010513116047179078	0.0
-0.00016595255354473384	-0.0010487776224156922	0.0
-0.0001683275695577024	-0.0010461531407455402	0.0
-0.00017070258557067095	-0.0010436191584433248	0.0
-0.00017297434001785824	-0.001041085176141109	0.0
-0.00017524609446504556	-0.0010385511938388935	0.0
-0.00017751784891223288	-0.0010360172115366777	0.0
-0.00017989286492520144	-0.0010333927298665259	0.0
-0.0001823711425039512	-0.0010309492469322465	0.0
-0.00018474615851691976	-0.001028415264630031	0.0
-0.00018743095922723203	-0.001025790782959879	0.0
-0.00019001249837176306	-0.0010232568006576634	0.0
-0.00019269729908207535	-0.001020813317723384	0.0
-0.00019527883822660638	-0.0010183698347891047	0.0
-0.00019796363893691865	-0.0010158358524868891	0.0
-0.00020064843964723091	-0.0010133018701846735	0.0
-0.00020333324035754318	-0.0010109488866183302	0.0
-0.0002061213026336367	-0.0010084149043161148	0.0
-0.00020870284177816774	-0.001005880922013899	0.0
-0.00021149090405426124	-0.001003527938447556	0.0
-0.000214382227896136	-0.0010012654542491492	0.0
-0.00021706702860644828	-0.0009989124706828061	0.0
-0.0002198550908825418	-0.000996559487116463	0.0
-0.0002223333684612916	-0.0009942970029180563	0.0
-0.0002251214307373851	-0.0009921250180875856	0.0
-0.00022770296988191614	-0.000989862533889179	0.0
-0.0002303877705922284	-0.0009877810484266447	0.0
-0.0002328660481709782	-0.0009856995629641103	0.0
-0.000235344325749728	-0.0009837990762374485	0.0
-0.00023771934176269654	-0.0009817175907749145	0.0
-0.0002398878346441026	-0.0009797266046803164	0.0
-0.00024195306595972745	-0.0009778261179536547	0.0
-0.00024401829727535226	-0.0009760161305949292	0.0
-0.0002458770054594146	-0.0009741156438682674	0.0
-0.0002476324520776957	-0.0009723961558774783	0.0
-0.0002493878986959768	-0.0009706766678866891	0.0
-0.0002509368221826954	-0.0009690476792638362	0.0
-0.0002523824841036328	-0.000967328191273047	0.0
-0.0002534150997614452	-0.0009657897020181305	0.0
-0.0002544477154192577	-0.0009644322114990863	0.0
-0.00025527380794550757	-0.0009628937222441697	0.0
-0.00025589337734019504	-0.0009615362317251256	0.0
-0.00025651294673488247	-0.0009602692405740178	0.0
-0.00025692599299800747	-0.0009590927487908463	0.0
-0.0002571325161295699	-0.000958006756375611	0.0
-0.0002572357776953512	-0.000957011263328312	0.0
-0.00025702925456378865	-0.0009561062696489493	0.0
-0.0002566162083006637	-0.0009551107766016503	0.0
-0.0002557901157744138	-0.0009542962822902238	0.0
-0.0002550672848139451	-0.0009534817879787974	0.0
-0.00025424119228769515	-0.0009528482924032434	0.0
-0.0002530020534983203	-0.0009524862949314984	0.0
-0.0002518661762747266	-0.0009519432987238807	0.0
-0.0002505237759195705	-0.0009517622999880083	0.0
-0.0002491813755644143	-0.0009517622999880083	0.0
-0.0002475291905119145	-0.0009518527993559445	0.0
-0.00024567048232785216	-0.0009519432987238807	0.0
-0.00024381177414378976	-0.0009521242974597533	0.0
-0.00024184980439394618	-0.0009523957955635621	0.0
-0.00023999109620988386	-0.0009527577930353072	0.0
-0.00023802912646004026	-0.0009533007892429248	0.0
-0.00023617041827597794	-0.0009540247841864151	0.0
-0.0002343117100919156	-0.0009545677803940326	0.0
-0.00023245300190785322	-0.0009554727740733954	0.0
-0.0002303877705922284	-0.0009561967690168855	0.0
-0.00022842580084238482	-0.0009569207639603757	0.0
-0.00022625730796097877	-0.000957644758903866	0.0
-0.00022429533821113518	-0.0009583687538473561	0.0
-0.0002223333684612916	-0.0009590927487908463	0.0
-0.00022026813714566676	-0.0009598167437343364	0.0
-0.00021851269052738568	-0.0009605407386778267	0.0
-0.0002168605054748858	-0.0009613552329892531	0.0
-0.0002153115819881672	-0.0009620792279327432	0.0
-0.0002135561353698861	-0.0009627127235082972	0.0
-0.00021200721188316746	-0.000963346219083851	0.0
-0.00021056154996223009	-0.0009639797146594049	0.0
-0.0002091158880412927	-0.0009646132102349588	0.0
-0.00020787674925191782	-0.0009652467058105128	0.0
-0.00020663761046254292	-0.0009656992026501941	0.0
-0.0002056049948047305	-0.0009662421988578117	0.0
-0.0002045723791469181	-0.0009669661938013019	0.0
-0.00020353976348910568	-0.0009674186906409833	0.0
-0.00020271367096285576	-0.0009678711874806647	0.0
-0.00020199084000238707	-0.000968323684320346	0.0
-0.00020126800904191836	-0.0009686856817920912	0.0
-0.00020054517808144968	-0.0009688666805279637	0.0
-0.00019992560868676223	-0.0009691381786317725	0.0
-0.00019940930085785602	-0.000969319177367645	0.0
-0.0001987897314631686	-0.000969319177367645	0.0
-0.00019827342363426239	-0.0009695906754714538	0.0
-0.0001978603773711374	-0.0009695906754714538	0.0
-0.00019724080797644996	-0.0009695906754714538	0.0
-0.00019703428484488746	-0.0009695906754714538	0.0
-0.00019672450014754375	-0.0009695001761035176	0.0
-0.00019641471545020004	-0.0009694096767355814	0.0
-0.00019620819231863754	-0.000969319177367645	0.0
-0.00019569188448973133	-0.0009691381786317725	0.0
-0.00019548536135816885	-0.0009688666805279637	0.0
-0.00019507231509504388	-0.0009686856817920912	0.0
-0.00019455600726613767	-0.0009684141836882823	0.0
-0.00019414296100301272	-0.0009681426855844735	0.0
-0.00019383317630566898	-0.000967690188744792	0.0
-0.00019321360691098156	-0.000967328191273047	0.0
-0.0001928005606478566	-0.0009667851950654294	0.0
-0.0001921809912531691	-0.0009661516994898755	0.0
-0.0001913548987269192	-0.0009655182039143216	0.0
-0.0001905288062006693	-0.0009647037096028951	0.0
-0.0001895994521086381	-0.0009640702140273412	0.0
-0.00018856683645082571	-0.0009630747209800422	0.0
-0.00018753422079301326	-0.0009622602266686158	0.0
-0.00018650160513520087	-0.0009613552329892531	0.0
-0.0001853657279116072	-0.0009605407386778267	0.0
-0.00018433311225379479	-0.0009595452456305275	0.0
-0.0001830939734644199	-0.0009586402519511649	0.0
-0.00018195809624082623	-0.0009578257576397384	0.0
-0.00018092548058301383	-0.0009567397652245031	0.0
-0.00017968634179363894	-0.0009557442721772042	0.0
-0.00017855046457004528	-0.0009548392784978415	0.0
-0.00017751784891223288	-0.0009537532860826062	0.0
-0.0001765884948202017	-0.0009527577930353072	0.0
-0.00017576240229395177	-0.0009516718006200718	0.0
-0.00017514283289926433	-0.0009505858082048366	0.0
-0.00017442000193879561	-0.0009495903151575377	0.0
-0.0001738004325441082	-0.0009485948221102386	0.0
-0.00017328412471520198	-0.0009475088296950034	0.0
-0.00017266455532051453	-0.0009464228372797681	0.0
-0.00017235477062317082	-0.0009455178436004053	0.0
-0.00017214824749160832	-0.0009444318511851701	0.0
-0.00017194172436004585	-0.0009433458587699349	0.0
-0.00017173520122848335	-0.0009421693669867632	0.0
-0.0001718384627942646	-0.0009410833745715281	0.0
-0.0001718384627942646	-0.0009399068827883564	0.0
-0.0001718384627942646	-0.000938730391005185	0.0
-0.00017194172436004585	-0.0009375538992220134	0.0
-0.00017214824749160832	-0.0009364679068067782	0.0
-0.00017235477062317082	-0.0009353819143915428	0.0
-0.00017276781688629577	-0.0009342959219763076	0.0
-0.00017318086314942074	-0.000933119430193136	0.0
-0.00017349064784676446	-0.0009321239371458371	0.0
-0.00017400695567567064	-0.0009309474453626655	0.0
-0.00017462652507035812	-0.0009298614529474302	0.0
-0.00017493630976770183	-0.0009289564592680675	0.0
-0.00017545261759660804	-0.0009279609662207686	0.0
-0.00017596892542551428	-0.0009269654731734696	0.0
-0.0001763819716886392	-0.0009260604794941068	0.0
-0.00017679501795176417	-0.0009250649864468078	0.0
-0.00017731132578067038	-0.0009240694933995089	0.0
-0.00017772437204379536	-0.0009231644997201461	0.0
-0.00017803415674113907	-0.0009222595060407833	0.0
-0.00017834394143848278	-0.0009214450117293569	0.0
-0.00017855046457004528	-0.000920449518682058	0.0
-0.00017875698770160775	-0.0009197255237385677	0.0
-0.0001790667723989515	-0.0009190015287950776	0.0
-0.00017927329553051396	-0.0009183680332195236	0.0
-0.00017927329553051396	-0.0009177345376439697	0.0
-0.00017947981866207646	-0.0009170105427004796	0.0
-0.00017927329553051396	-0.0009162865477569894	0.0
-0.00017917003396473273	-0.0009156530521814355	0.0
-0.0001790667723989515	-0.0009150195566058815	0.0
-0.00017875698770160775	-0.000914476560398264	0.0
-0.00017855046457004528	-0.0009139335641906464	0.0
-0.00017824067987270157	-0.0009134810673509649	0.0
-0.00017803415674113907	-0.0009130285705112836	0.0
-0.00017772437204379536	-0.0009124855743036659	0.0
-0.00017741458734645165	-0.0009117615793601758	0.0
-0.00017720806421488914	-0.0009110375844166856	0.0
-0.00017679501795176417	-0.0009104040888411317	0.0
-0.00017648523325442046	-0.0009096800938976415	0.0
-0.00017617544855707672	-0.0009090465983220876	0.0
-0.00017596892542551428	-0.0009083226033785974	0.0
-0.000175865663859733	-0.0009076891078030434	0.0
-0.000175865663859733	-0.0009069651128595533	0.0
-0.00017576240229395177	-0.0009063316172839993	0.0
-0.0001756591407281705	-0.0009054266236046367	0.0
-0.0001756591407281705	-0.0009046121292932102	0.0
-0.00017545261759660804	-0.0009037071356138475	0.0
-0.0001755558791623893	-0.0009028021419344849	0.0
-0.0001756591407281705	-0.0009020781469909946	0.0
-0.00017576240229395177	-0.0009014446514154407	0.0
-0.000175865663859733	-0.0009008111558398868	0.0
-0.00017617544855707672	-0.0009003586590002054	0.0
-0.0001763819716886392	-0.0008998156627925877	0.0
-0.00017679501795176417	-0.0008992726665849702	0.0
-0.00017700154108332667	-0.0008989106691132251	0.0
-0.00017731132578067038	-0.00089854867164148	0.0
-0.00017741458734645165	-0.0008982771735376712	0.0
-0.00017772437204379536	-0.0008980961748017986	0.0
-0.00017803415674113907	-0.0008980056754338624	0.0
-0.00017844720300426404	-0.0008980056754338624	0.0
-0.00017896351083317025	-0.0008980056754338624	0.0
-0.00017927329553051396	-0.0008980961748017986	0.0
-0.00017958308022785767	-0.0008980056754338624	0.0
-0.00017989286492520144	-0.0008980056754338624	0.0
-0.00018020264962254515	-0.0008980961748017986	0.0
-0.00018051243431988886	-0.0008981866741697348	0.0
-0.0001808222190172326	-0.0008982771735376712	0.0
-0.0001811320037145763	-0.00089854867164148	0.0
-0.0001813385268461388	-0.0008988201697452888	0.0
-0.00018164831154348252	-0.0008990916678490976	0.0
-0.00018185483467504502	-0.0008991821672170339	0.0
-0.0001820613578066075	-0.0008993631659529065	0.0
-0.00018226788093817	-0.0008996346640567153	0.0
-0.0001823711425039512	-0.0008999061621605242	0.0
-0.00018247440406973244	-0.000900177660264333	0.0
-0.0001825776656355137	-0.000900539657736078	0.0
-0.00018268092720129492	-0.0009009921545757593	0.0
-0.00018268092720129492	-0.0009013541520475045	0.0
-0.00018268092720129492	-0.0009016256501513133	0.0
-0.00018268092720129492	-0.0009019876476230583	0.0
-0.00018268092720129492	-0.0009024401444627397	0.0
-0.0001825776656355137	-0.0009028021419344849	0.0
-0.0001825776656355137	-0.0009032546387741661	0.0
-0.00018247440406973244	-0.0009037976349817838	0.0
-0.00018247440406973244	-0.000904521629925274	0.0
-0.00018247440406973244	-0.0009052456248687642	0.0
-0.0001825776656355137	-0.0009058791204443181	0.0
-0.0001825776656355137	-0.000906512616019872	0.0
-0.0001825776656355137	-0.0009073271103312984	0.0
-0.00018268092720129492	-0.0009081416046427249	0.0
-0.00018278418876707618	-0.0009088655995862151	0.0
-0.00018288745033285742	-0.0009099515920014502	0.0
-0.00018299071189863868	-0.0009110375844166856	0.0
-0.00018319723503020113	-0.000912214076199857	0.0
-0.00018340375816176363	-0.0009134810673509649	0.0
-0.00018371354285910736	-0.0009147480585020728	0.0
-0.0001839200659906698	-0.0009161960483890532	0.0
-0.0001841265891222323	-0.000917463039540161	0.0
-0.00018433311225379479	-0.0009189110294271413	0.0
-0.0001845396353853573	-0.0009203590193141217	0.0
-0.000184849420082701	-0.0009219880079369745	0.0
-0.00018505594321426347	-0.0009237074959277637	0.0
-0.0001851592047800447	-0.0009253364845506166	0.0
-0.00018526246634582597	-0.0009270559725414058	0.0
-0.0001853657279116072	-0.000928775460532195	0.0
-0.00018526246634582597	-0.0009304949485229841	0.0
-0.00018526246634582597	-0.0009323954352496458	0.0
-0.0001851592047800447	-0.0009343864213442439	0.0
-0.0001851592047800447	-0.0009363774074388418	0.0
-0.000184849420082701	-0.0009383683935334399	0.0
-0.00018474615851691976	-0.0009403593796280379	0.0
-0.00018443637381957605	-0.0009424408650905721	0.0
-0.00018422985068801358	-0.0009445223505531064	0.0
-0.0001839200659906698	-0.0009465133366477044	0.0
-0.0001836102812933261	-0.0009485948221102386	0.0
-0.00018319723503020113	-0.0009508573063086454	0.0
-0.00018288745033285742	-0.0009532102898749886	0.0
-0.0001823711425039512	-0.0009555632734413316	0.0
-0.0001820613578066075	-0.0009580972557435472	0.0
-0.00018164831154348252	-0.0009606312380457629	0.0
-0.00018102874214879507	-0.0009631652203479785	0.0
-0.00018061569588567012	-0.0009656992026501941	0.0
-0.00018020264962254515	-0.000968323684320346	0.0
-0.00017968634179363894	-0.0009708576666225617	0.0
-0.0001790667723989515	-0.0009734821482927135	0.0
-0.00017865372613582654	-0.0009761971293308018	0.0
-0.00017813741830692033	-0.0009790931091047624	0.0
-0.00017751784891223288	-0.0009817175907749145	0.0
-0.00017700154108332667	-0.0009846135705488751	0.0
-0.0001763819716886392	-0.000987238052219027	0.0
-0.0001756591407281705	-0.000989862533889179	0.0
-0.0001750395713334831	-0.0009923965161913945	0.0
-0.0001743167403730144	-0.0009948399991256739	0.0
-0.00017359390941254572	-0.0009973739814278894	0.0
-0.00017297434001785824	-0.0009997269649942326	0.0
-0.00017214824749160832	-0.001002170447928512	0.0
-0.00017132215496535837	-0.0010044329321269188	0.0
-0.00017049606243910845	-0.0010067859156932617	0.0
-0.00016966996991285853	-0.0010090483998916686	0.0
-0.0001686373542550461	-0.0010110393859862666	0.0
-0.0001673982154656712	-0.0010129398727129284	0.0
-0.0001661590766762963	-0.0010147498600716538	0.0
-0.00016491993788692144	-0.001016469348062443	0.0
-0.00016357753753176528	-0.0010180078373173596	0.0
-0.00016213187561082794	-0.0010196368259402125	0.0
-0.0001605829521241093	-0.0010209943164592565	0.0
-0.00015893076707160944	-0.0010223518069783007	0.0
-0.00015717532045332833	-0.0010235282987614723	0.0
-0.0001551100891377035	-0.0010245237918087714	0.0
-0.0001530448578220787	-0.00102551928485607	0.0
-0.00015077310337489137	-0.0010263337791674967	0.0
-0.00014839808736192282	-0.0010269672747430505	0.0
-0.00014571328665161055	-0.001027419771582732	0.0
-0.00014313174750707952	-0.0010278722684224134	0.0
-0.00014034368523098602	-0.0010282342658941583	0.0
-0.00013755562295489248	-0.0010285057639979672	0.0
-0.00013445777598145524	-0.0010285962633659034	0.0
-0.00013135992900801803	-0.0010285962633659034	0.0
-0.00012795229733723705	-0.0010285962633659034	0.0
-0.0001245446656664561	-0.001028415264630031	0.0
-0.00012093051086411263	-0.001028143766526222	0.0
-0.0001173163560617692	-0.001027781769054477	0.0
-0.00011390872439098823	-0.0010272387728468592	0.0
-0.00011019130802286355	-0.001026786276007178	0.0
-0.0001065771532205201	-0.0010261527804316243	0.0
-0.00010296299841817665	-0.00102551928485607	0.0
-9.924558205005196e-05	-0.0010247047905446438	0.0
-9.552816568192728e-05	-0.0010239807956011536	0.0
-9.181074931380259e-05	-0.0010232568006576634	0.0
-8.829985607724039e-05	-0.0010223518069783007	0.0
-8.489222440645942e-05	-0.0010212658145630654	0.0
-8.148459273567846e-05	-0.0010202703215157665	0.0
-7.818022263067874e-05	-0.0010192748284684674	0.0
-7.50823756572415e-05	-0.0010180983366852958	0.0
-7.198452868380428e-05	-0.0010169218449021242	0.0
-6.909320484192951e-05	-0.0010156548537510167	0.0
-6.630514256583599e-05	-0.0010143878625999089	0.0
-6.362034185552372e-05	-0.0010128493733449922	0.0
-6.124532584255517e-05	-0.0010114013834580118	0.0
-5.918009452693034e-05	-0.0010096818954672224	0.0
-5.711486321130552e-05	-0.0010080529068443695	0.0
-5.5152893461461936e-05	-0.001006152420117708	0.0
-5.3397446843180835e-05	-0.0010043424327589826	0.0
-5.1848523356462214e-05	-0.0010024419460323206	0.0
-5.0506123001306074e-05	-0.0010003604605697866	0.0
-4.9266984211931185e-05	-0.0009982789751072521	0.0
-4.844089168568125e-05	-0.0009961069902767817	0.0
-4.792458385677504e-05	-0.0009937540067104385	0.0
-4.761479915943132e-05	-0.0009914010231440956	0.0
-4.7511537593650084e-05	-0.0009890480395777525	0.0
-4.78213222909938e-05	-0.0009865140572755367	0.0
-4.8131106988337525e-05	-0.0009841610737091938	0.0
-4.8957199514587454e-05	-0.0009817175907749145	0.0
-4.9680030475056146e-05	-0.0009792741078406349	0.0
-5.1022430830212286e-05	-0.0009768306249063558	0.0
-5.2468092751149656e-05	-0.0009742061432362037	0.0
-5.4430062500993244e-05	-0.0009717626603019244	0.0
-5.6392032250836826e-05	-0.000969319177367645	0.0
-5.8767048263805375e-05	-0.0009667851950654294	0.0
-6.124532584255517e-05	-0.0009641607133952776	0.0
-6.362034185552372e-05	-0.0009617172304609981	0.0
-6.620188100005475e-05	-0.0009593642468946551	0.0
-6.898994327614827e-05	-0.0009569207639603757	0.0
-7.188126711802303e-05	-0.0009544772810260963	0.0
-7.497911409146025e-05	-0.0009522147968276895	0.0
-7.838674576224122e-05	-0.0009498618132613465	0.0
-8.189763899880342e-05	-0.0009476898284308759	0.0
-8.540853223536564e-05	-0.0009456083429683417	0.0
-8.902268703770908e-05	-0.0009435268575058073	0.0
-9.253358027427128e-05	-0.0009415358714112094	0.0
-9.614773507661473e-05	-0.000939725884052484	0.0
-9.965862831317693e-05	-0.0009379158966937585	0.0
-0.0001030662599839579	-0.0009362869080709055	0.0
-0.00010678367635208259	-0.0009346579194480527	0.0
-0.00011039783115442603	-0.0009330289308251998	0.0
-0.00011421850908833195	-0.0009315809409382195	0.0
-0.0001178326638906754	-0.0009302234504191754	0.0
-0.00012155008025880008	-0.0009290469586360038	0.0
-0.0001250609734953623	-0.0009278704668528322	0.0
-0.000128365343600362	-0.0009267844744375969	0.0
-0.00013166971370536174	-0.000925788981390298	0.0
-0.00013487082224458022	-0.000924793488342999	0.0
-0.0001380719307837987	-0.0009238884946636362	0.0
-0.00014116977775723594	-0.0009230740003522098	0.0
-0.00014406110159911068	-0.0009223500054087196	0.0
-0.00014695242544098545	-0.0009216260104652294	0.0
-0.0001496372261512977	-0.0009209925148896755	0.0
-0.0001521155037300475	-0.000920449518682058	0.0
-0.00015449051974301606	-0.0009198160231065041	0.0
-0.00015665901262442214	-0.0009193635262668226	0.0
-0.0001588275055058282	-0.0009187300306912687	0.0
-0.00016068621368989054	-0.0009181870344836512	0.0
-0.0001625449218739529	-0.0009175535389080973	0.0
-0.00016440363005801523	-0.0009168295439646071	0.0
-0.0001658492919789526	-0.0009161960483890532	0.0
-0.0001673982154656712	-0.0009155625528134992	0.0
-0.0001686373542550461	-0.0009149290572379453	0.0
-0.00016977323147863977	-0.0009143860610303276	0.0
-0.0001708058471364522	-0.0009137525654547738	0.0
-0.0001718384627942646	-0.0009131190698792199	0.0
-0.00017297434001785824	-0.0009124855743036659	0.0
-0.00017390369410988943	-0.0009117615793601758	0.0
-0.0001748330482019206	-0.0009110375844166856	0.0
-0.0001756591407281705	-0.0009102230901052591	0.0
-0.00017627871012285799	-0.000909499095161769	0.0
-0.00017700154108332667	-0.0009087751002182788	0.0
-0.00017751784891223288	-0.0009080511052747887	0.0
-0.00017824067987270157	-0.0009073271103312984	0.0
-0.00017886024926738902	-0.0009066031153878082	0.0
-0.00017958308022785767	-0.0009058791204443181	0.0
-0.00018040917275410762	-0.0009051551255008279	0.0
-0.00018102874214879507	-0.0009043406311894014	0.0
-0.00018185483467504502	-0.0009036166362459113	0.0
-0.00018268092720129492	-0.0009029831406703574	0.0
-0.00018340375816176363	-0.0009022591457268672	0.0
-0.00018422985068801358	-0.0009016256501513133	0.0
-0.0001851592047800447	-0.0009011731533116318	0.0
-0.00018629508200363837	-0.0009006301571040143	0.0
-0.0001873276976614508	-0.0008999966615284604	0.0
-0.00018846357488504445	-0.000899544164688779	0.0
-0.00018970271367441935	-0.0008990011684811613	0.0
-0.00019073532933223174	-0.00089854867164148	0.0
-0.0001918712065558254	-0.0008982771735376712	0.0
-0.0001931103453452003	-0.000897915176065926	0.0
-0.00019445274570035646	-0.0008975531785941809	0.0
-0.00019569188448973133	-0.0008972816804903722	0.0
-0.00019724080797644996	-0.0008970101823865634	0.0
-0.0001985832083316061	-0.0008966481849148183	0.0
-0.000199822347120981	-0.0008962861874430733	0.0
-0.0002010614859103559	-0.0008960146893392644	0.0
-0.00020230062469973079	-0.0008956526918675193	0.0
-0.00020343650192332444	-0.0008954716931316467	0.0
-0.00020446911758113684	-0.0008952906943957741	0.0
-0.0002056049948047305	-0.0008951096956599016	0.0
-0.00020663761046254292	-0.0008948381975560928	0.0
-0.00020756696455457408	-0.0008946571988202203	0.0
-0.000208393057080824	-0.0008942952013484752	0.0
-0.0002091158880412927	-0.0008940237032446665	0.0
-0.0002098387190017614	-0.00089393320387673	0.0
-0.00021045828839644885	-0.0008937522051408576	0.0
-0.00021087133465957382	-0.0008937522051408576	0.0
-0.00021149090405426124	-0.0008938427045087938	0.0
-0.00021190395031738622	-0.00089393320387673	0.0
-0.00021231699658051117	-0.0008941142026126027	0.0
-0.00021262678127785493	-0.0008942952013484752	0.0
-0.0002128333044094174	-0.0008944762000843477	0.0
-0.00021303982754097985	-0.0008946571988202203	0.0
-0.00021293656597519864	-0.0008949286969240291	0.0
-0.0002128333044094174	-0.0008953811937637104	0.0
-0.00021293656597519864	-0.0008958336906033918	0.0
-0.00021273004284363614	-0.0008964671861789457	0.0
-0.00021273004284363614	-0.0008971006817544997	0.0
-0.00021252351971207367	-0.0008978246766979898	0.0
-0.00021221373501472996	-0.00089854867164148	0.0
-0.00021180068875160498	-0.0008992726665849702	0.0
-0.00021149090405426124	-0.0008999966615284604	0.0
-0.00021107785779113627	-0.0009009921545757593	0.0
-0.00021056154996223009	-0.0009018971482551221	0.0
-0.0002098387190017614	-0.0009028926413024211	0.0
-0.0002093224111728552	-0.0009038881343497201	0.0
-0.00020870284177816774	-0.000904883627397019	0.0
-0.00020818653394926153	-0.0009057886210763819	0.0
-0.00020756696455457408	-0.0009066936147557445	0.0
-0.0002068441335941054	-0.0009074176096992347	0.0
-0.0002061213026336367	-0.0009082321040106611	0.0
-0.00020539847167316803	-0.0009090465983220876	0.0
-0.00020477890227848055	-0.0009097705932655778	0.0
-0.00020426259444957437	-0.0009104945882090679	0.0
-0.00020364302505488692	-0.0009112185831525581	0.0
-0.00020302345566019947	-0.000911852078728112	0.0
-0.0002026104093970745	-0.0009124855743036659	0.0
-0.00020199084000238707	-0.000912847571775411	0.0
-0.00020147453217348086	-0.0009132095692471561	0.0
-0.0002010614859103559	-0.0009136620660868375	0.0
-0.00020064843964723091	-0.0009139335641906464	0.0
-0.0002003386549498872	-0.0009142050622944552	0.0
-0.00020002887025254347	-0.0009146575591341365	0.0
-0.00019961582398941852	-0.000914838557870009	0.0
-0.00019940930085785602	-0.0009149290572379453	0.0
-0.00019899625459473107	-0.0009150195566058815	0.0
-0.00019868646989738733	-0.0009147480585020728	0.0
-0.00019847994676582483	-0.0009145670597662003	0.0
-0.00019827342363426239	-0.0009142050622944552	0.0
-0.00019796363893691865	-0.0009137525654547738	0.0
-0.00019775711580535615	-0.0009132095692471561	0.0
-0.0001975505926737937	-0.0009126665730395385	0.0
-0.00019724080797644996	-0.000911852078728112	0.0
-0.00019693102327910622	-0.0009108565856808131	0.0
-0.00019651797701598125	-0.000909861092633514	0.0
-0.00019620819231863754	-0.0009086846008503426	0.0
-0.00019579514605551257	-0.000907508109067171	0.0
-0.00019527883822660638	-0.0009061506185481269	0.0
-0.00019486579196348143	-0.0009047026286611465	0.0
-0.00019455600726613767	-0.0009032546387741661	0.0
-0.00019424622256879396	-0.0009016256501513133	0.0
-0.0001936266531741065	-0.0008999966615284604	0.0
-0.00019290382221363782	-0.0008981866741697348	0.0
-0.0001921809912531691	-0.0008961956880751368	0.0
-0.0001913548987269192	-0.0008942952013484752	0.0
-0.00019042554463488803	-0.0008923947146218135	0.0
-0.00018970271367441935	-0.0008903132291592791	0.0
-0.00018877335958238816	-0.0008883222430646812	0.0
-0.000187844005490357	-0.0008863312569700832	0.0
-0.00018701791296410705	-0.0008841592721396126	0.0
-0.00018598529730629466	-0.0008819872873091422	0.0
-0.00018505594321426347	-0.0008797248031107354	0.0
-0.0001839200659906698	-0.0008773718195443923	0.0
-0.00018299071189863868	-0.0008750188359780491	0.0
-0.00018164831154348252	-0.000872665852411706	0.0
-0.00018071895745145133	-0.0008704033682132992	0.0
-0.00017978960335942017	-0.0008680503846469562	0.0
-0.00017886024926738902	-0.0008656974010806131	0.0
-0.00017793089517535786	-0.0008633444175142701	0.0
-0.0001771048026491079	-0.0008609914339479269	0.0
-0.00017627871012285799	-0.0008585479510136476	0.0
-0.0001753493560308268	-0.0008561949674473046	0.0
-0.00017472978663613935	-0.0008538419838809613	0.0
-0.00017400695567567064	-0.0008513080015787458	0.0
-0.00017338738628098322	-0.000849045517380339	0.0
-0.0001730776015836395	-0.0008467830331819322	0.0
-0.00017266455532051453	-0.0008442490508797165	0.0
-0.00017245803218895203	-0.0008420770660492459	0.0
-0.00017214824749160832	-0.0008398145818508391	0.0
-0.00017214824749160832	-0.0008376425970203686	0.0
-0.00017204498592582706	-0.0008355611115578343	0.0
-0.00017204498592582706	-0.0008335701254632364	0.0
-0.00017214824749160832	-0.0008317601381045109	0.0
-0.00017235477062317082	-0.0008298596513778493	0.0
-0.00017245803218895203	-0.00082814016338706	0.0
-0.00017266455532051453	-0.0008265111747642072	0.0
-0.00017297434001785824	-0.0008247916867734179	0.0
-0.0001730776015836395	-0.0008232531975185014	0.0
-0.00017318086314942074	-0.0008217147082635847	0.0
-0.00017338738628098322	-0.0008202667183766043	0.0
-0.00017338738628098322	-0.0008189092278575602	0.0
-0.00017338738628098322	-0.0008175517373385162	0.0
-0.00017349064784676446	-0.0008163752455553445	0.0
-0.00017349064784676446	-0.0008151082544042368	0.0
-0.00017338738628098322	-0.0008139317626210653	0.0
-0.00017328412471520198	-0.0008129362695737662	0.0
-0.00017297434001785824	-0.000811850277158531	0.0
-0.00017245803218895203	-0.0008109452834791683	0.0
-0.00017204498592582706	-0.0008100402897998056	0.0
-0.00017152867809692087	-0.0008094067942242517	0.0
-0.00017090910870223343	-0.0008085018005448888	0.0
-0.00017028953930754598	-0.000807868304969335	0.0
-0.00016966996991285853	-0.0008071443100258448	0.0
-0.00016894713895238984	-0.0008065108144502909	0.0
-0.00016822430799192116	-0.000805877318874737	0.0
-0.00016750147703145247	-0.0008053343226671194	0.0
-0.00016667538450520252	-0.0008046103277236291	0.0
-0.00016574603041317134	-0.0008042483302518841	0.0
-0.00016471341475535894	-0.0008036148346763302	0.0
-0.00016388732222910902	-0.0008029813391007764	0.0
-0.00016306122970285907	-0.0008025288422610949	0.0
-0.00016223513717660915	-0.000801895346685541	0.0
-0.00016151230621614047	-0.0008012618511099871	0.0
-0.00016089273682145302	-0.000800537856166497	0.0
-0.0001603764289925468	-0.0007999043605909431	0.0
-0.0001598601211636406	-0.0007990898662795167	0.0
-0.00015944707490051562	-0.0007982753719680901	0.0
-0.00015893076707160944	-0.0007974608776566637	0.0
-0.00015872424394004693	-0.0007963748852414284	0.0
-0.0001585177208084845	-0.0007953793921941293	0.0
-0.0001585177208084845	-0.0007943838991468304	0.0
-0.00015872424394004693	-0.0007931169079957225	0.0
-0.00015893076707160944	-0.0007919404162125511	0.0
-0.00015944707490051562	-0.0007907639244293795	0.0
-0.0001600666442952031	-0.0007894064339103354	0.0
-0.00016068621368989054	-0.0007880489433912913	0.0
-0.0001616155677819217	-0.0007865104541363747	0.0
-0.0001625449218739529	-0.000784971964881458	0.0
-0.00016347427596598405	-0.0007833429762586052	0.0
-0.0001648166763211402	-0.0007817139876357523	0.0
-0.00016626233824207758	-0.0007801754983808357	0.0
-0.00016781126172879618	-0.0007785465097579826	0.0
-0.0001695667083470773	-0.0007768270217671935	0.0
-0.00017142541653113964	-0.000775288532512277	0.0
-0.00017328412471520198	-0.0007734785451535514	0.0
-0.0001753493560308268	-0.000772030555266571	0.0
-0.00017741458734645165	-0.0007704015666437182	0.0
-0.00017958308022785767	-0.0007688630773888016	0.0
-0.00018195809624082623	-0.0007675055868697575	0.0
-0.00018422985068801358	-0.0007661480963507133	0.0
-0.00018670812826676334	-0.0007647906058316693	0.0
-0.00018918640584551314	-0.0007636141140484978	0.0
-0.0001915614218584817	-0.0007622566235294537	0.0
-0.00019383317630566898	-0.0007611706311142184	0.0
-0.0001961049307528563	-0.0007599036399631106	0.0
-0.00019837668520004362	-0.0007589081469158116	0.0
-0.00020054517808144968	-0.0007577316551326401	0.0
-0.00020281693252863697	-0.0007568266614532774	0.0
-0.00020498542541004305	-0.0007559216677739146	0.0
-0.00020725717985723037	-0.0007550166740945518	0.0
-0.00020942567273863645	-0.0007541116804151892	0.0
-0.00021138764248848004	-0.0007532066867358265	0.0
-0.00021334961223832362	-0.0007523016930564637	0.0
-0.00021520832042238593	-0.0007514871987450373	0.0
-0.00021675724390910457	-0.0007505822050656746	0.0
-0.00021830616739582318	-0.0007498582101221844	0.0
-0.0002198550908825418	-0.0007491342151786941	0.0
-0.00022119749123769794	-0.000748410220235204	0.0
-0.00022243663002707284	-0.0007476862252917138	0.0
-0.0002236757688164477	-0.0007468717309802873	0.0
-0.0002248116460400414	-0.0007460572366688609	0.0
-0.00022563773856629132	-0.0007451522429894982	0.0
-0.00022646383109254124	-0.0007442472493101354	0.0
-0.0002270834004872287	-0.0007433422556307728	0.0
-0.00022770296988191614	-0.0007423467625834738	0.0
-0.00022821927771082235	-0.0007413512695361747	0.0
-0.00022863232397394732	-0.0007403557764888757	0.0
-0.00022894210867129103	-0.0007392697840736405	0.0
-0.00022914863180285353	-0.0007381837916584052	0.0
-0.00022914863180285353	-0.0007370977992431699	0.0
-0.000229355154934416	-0.0007359213074599984	0.0
-0.00022925189336863474	-0.0007348353150447632	0.0
-0.00022914863180285353	-0.0007337493226295279	0.0
-0.00022894210867129103	-0.0007325728308463563	0.0
-0.00022873558553972856	-0.0007313963390631848	0.0
-0.00022873558553972856	-0.0007302198472800132	0.0
-0.00022852906240816606	-0.000729133854864778	0.0
-0.00022832253927660358	-0.0007279573630816064	0.0
-0.0002281160161450411	-0.000726780871298435	0.0
-0.00022780623144769737	-0.0007256948788831997	0.0
-0.00022739318518457243	-0.0007245183871000281	0.0
-0.0002270834004872287	-0.0007234323946847929	0.0
-0.00022677361578988498	-0.0007222559029016212	0.0
-0.00022636056952676	-0.0007211699104863861	0.0
-0.0002258442616978538	-0.000720174417439087	0.0
-0.00022543121543472884	-0.0007191789243917881	0.0
-0.0002248116460400414	-0.000718183431344489	0.0
-0.00022429533821113518	-0.0007171879382971899	0.0
-0.0002235725072506665	-0.0007162829446178273	0.0
-0.00022284967629019781	-0.0007154684503064008	0.0
-0.0002223333684612916	-0.0007145634566270381	0.0
-0.00022150727593504165	-0.0007137489623156117	0.0
-0.00022088770654035423	-0.0007130249673721216	0.0
-0.00022037139871144802	-0.0007123009724286313	0.0
-0.00021964856775097934	-0.0007116674768530775	0.0
-0.00021902899835629186	-0.0007111244806454598	0.0
-0.00021820290583004194	-0.0007105814844378421	0.0
-0.0002175833364353545	-0.0007100384882302246	0.0
-0.00021696376704066707	-0.0007096764907584794	0.0
-0.00021644745921176086	-0.0007093144932867343	0.0
-0.00021582788981707338	-0.000708861996447053	0.0
-0.00021551810511972967	-0.0007084999989753079	0.0
-0.00021500179729082346	-0.0007080475021356265	0.0
-0.000214795274159261	-0.0007076855046638813	0.0
-0.00021427896633035478	-0.0007074140065600726	0.0
-0.00021376265850144856	-0.0007070520090883275	0.0
-0.00021314308910676112	-0.0007067805109845186	0.0
-0.00021262678127785493	-0.0007063280141448374	0.0
-0.00021221373501472996	-0.0007059660166730922	0.0
-0.00021180068875160498	-0.0007054230204654745	0.0
-0.00021149090405426124	-0.0007048800242578571	0.0
-0.00021128438092269877	-0.0007043370280502394	0.0
-0.00021087133465957382	-0.0007036130331067492	0.0
-0.00021045828839644885	-0.0007030700368991315	0.0
-0.00020994198056754264	-0.0007023460419556413	0.0
-0.00020952893430441766	-0.0007016220470121512	0.0
-0.00020901262647551148	-0.0007008980520686609	0.0
-0.0002085995802123865	-0.0007000835577572345	0.0
-0.0002080832723834803	-0.0006991785640778718	0.0
-0.00020777348768613658	-0.0006982735703985091	0.0
-0.00020746370298879284	-0.00069727807735121	0.0
-0.0002070506567256679	-0.0006963730836718474	0.0
-0.00020663761046254292	-0.0006953775906245485	0.0
-0.00020632782576519919	-0.0006944725969451856	0.0
-0.00020570825637051174	-0.0006935676032658229	0.0
-0.00020519194854160553	-0.0006926626095864602	0.0
-0.00020467564071269934	-0.0006917576159070976	0.0
-0.00020415933288379313	-0.0006908526222277347	0.0
-0.00020374628662066816	-0.0006900381279163083	0.0
-0.00020302345566019947	-0.0006890426348690093	0.0
-0.00020240388626551202	-0.0006881376411896466	0.0
-0.00020178431687082457	-0.0006871421481423475	0.0
-0.0002010614859103559	-0.0006863276538309211	0.0
-0.0002003386549498872	-0.0006853321607836222	0.0
-0.00019961582398941852	-0.000684608165840132	0.0
-0.0001987897314631686	-0.0006837936715287055	0.0
-0.00019796363893691865	-0.0006830696765852154	0.0
-0.00019713754641066873	-0.0006825266803775977	0.0
-0.00019631145388441878	-0.00068198368416998	0.0
-0.00019527883822660638	-0.0006814406879623624	0.0
-0.00019424622256879396	-0.000680988191122681	0.0
-0.0001933168684767628	-0.0006804451949150634	0.0
-0.00019228425281895038	-0.0006801736968112546	0.0
-0.00019114837559535672	-0.0006798116993395095	0.0
-0.00019011575993754432	-0.0006795402012357007	0.0
-0.0001890831442797319	-0.0006793592024998281	0.0
-0.00018805052862191948	-0.0006793592024998281	0.0
-0.00018681138983254458	-0.0006793592024998281	0.0
-0.00018567551260895095	-0.0006794497018677645	0.0
-0.00018433311225379479	-0.0006794497018677645	0.0
-0.0001830939734644199	-0.0006797211999715733	0.0
-0.00018185483467504502	-0.0006798116993395095	0.0
-0.00018061569588567012	-0.0006800831974433184	0.0
-0.00017917003396473273	-0.0006802641961791909	0.0
-0.0001778276336095766	-0.0006805356942829997	0.0
-0.00017648523325442046	-0.0006808071923868086	0.0
-0.0001750395713334831	-0.0006810786904906174	0.0
-0.00017359390941254572	-0.0006813501885944262	0.0
-0.00017204498592582706	-0.0006816216866982349	0.0
-0.0001705993240048897	-0.0006818026854341075	0.0
-0.00016894713895238984	-0.00068198368416998	0.0
-0.00016729495389989	-0.0006820741835379163	0.0
-0.00016574603041317134	-0.0006822551822737889	0.0
-0.00016409384536067152	-0.0006821646829058525	0.0
-0.0001623383987423904	-0.0006820741835379163	0.0
-0.00016068621368989054	-0.0006817121860661713	0.0
-0.00015903402863739067	-0.0006813501885944262	0.0
-0.0001572785820191096	-0.0006808071923868086	0.0
-0.00015572965853239096	-0.0006801736968112546	0.0
-0.00015418073504567235	-0.0006794497018677645	0.0
-0.00015252854999317248	-0.000678635207556338	0.0
-0.00015118614963801632	-0.0006775492151411027	0.0
-0.0001498437492828602	-0.0006763727233579312	0.0
-0.00014860461049348532	-0.0006749247334709509	0.0
-0.00014746873326989166	-0.0006734767435839704	0.0
-0.00014622959448051676	-0.0006717572555931812	0.0
-0.00014540350195426684	-0.0006698567688665196	0.0
-0.00014447414786223565	-0.0006679562821398578	0.0
-0.00014375131690176697	-0.0006658747966773235	0.0
-0.00014323500907286078	-0.0006636123124789167	0.0
-0.00014271870124395454	-0.0006613498282805099	0.0
-0.0001423056549808296	-0.000658725346610358	0.0
-0.00014199587028348589	-0.0006559198662043337	0.0
-0.00014168608558614212	-0.0006530238864303729	0.0
-0.00014168608558614212	-0.0006499469079205395	0.0
-0.0001415828240203609	-0.0006466889306748338	0.0
-0.0001415828240203609	-0.0006434309534291279	0.0
-0.00014178934715192339	-0.0006399014780796135	0.0
-0.00014220239341504833	-0.000636462502098035	0.0
-0.00014251217811239207	-0.0006327520280126479	0.0
-0.00014292522437551702	-0.0006289510545593245	0.0
-0.00014344153220442323	-0.0006252405804739373	0.0
-0.00014395784003332947	-0.0006214396070206138	0.0
-0.0001448871941253606	-0.0006173671354634815	0.0
-0.00014571328665161055	-0.0006134756626422217	0.0
-0.00014664264074364173	-0.0006094936904530258	0.0
-0.00014767525640145413	-0.0006055117182638299	0.0
-0.0001488111336250478	-0.0006015297460746339	0.0
-0.00015005027241442269	-0.0005976382732533742	0.0
-0.00015149593433536008	-0.0005935658016962418	0.0
-0.00015273507312473495	-0.0005896743288749821	0.0
-0.00015407747347989109	-0.0005857828560537225	0.0
-0.00015531661226926598	-0.0005818913832324628	0.0
-0.00015676227419020335	-0.0005779999104112031	0.0
-0.00015820793611114075	-0.0005742894363258158	0.0
-0.00015996338272942186	-0.0005705789622404287	0.0
-0.0001616155677819217	-0.0005669589875229778	0.0
-0.00016306122970285907	-0.0005633390128055269	0.0
-0.0001646101531895777	-0.0005598095374560123	0.0
-0.0001660558151105151	-0.0005563705614744338	0.0
-0.0001673982154656712	-0.0005529315854928556	0.0
-0.00016853409268926487	-0.000549764107615086	0.0
-0.00016977323147863977	-0.0005466871291052528	0.0
-0.00017090910870223343	-0.0005435196512274833	0.0
-0.00017214824749160832	-0.0005403521733497136	0.0
-0.00017349064784676446	-0.0005373656942078167	0.0
-0.00017472978663613935	-0.0005342887156979835	0.0
-0.000175865663859733	-0.0005313927359240227	0.0
-0.0001768982795175454	-0.000528496756150062	0.0
-0.00017772437204379536	-0.0005256007763761013	0.0
-0.00017844720300426404	-0.0005228857953380131	0.0
-0.0001790667723989515	-0.0005201708142999249	0.0
-0.00017947981866207646	-0.0005174558332618368	0.0
-0.00017989286492520144	-0.0005149218509596211	0.0
-0.00018030591118832639	-0.0005123878686574054	0.0
-0.00018071895745145133	-0.0005098538863551899	0.0
-0.00018092548058301383	-0.0005073199040529742	0.0
-0.0001811320037145763	-0.0005046954223828223	0.0
-0.00018123526528035754	-0.0005020709407126705	0.0
-0.0001811320037145763	-0.000499627457778391	0.0
-0.00018102874214879507	-0.0004971839748441117	0.0
-0.0001808222190172326	-0.0004946499925418961	0.0
-0.00018051243431988886	-0.000492297008975553	0.0
-0.00018030591118832639	-0.0004898535260412736	0.0
-0.00017989286492520144	-0.000487319543739058	0.0
-0.00017958308022785767	-0.0004847855614368424	0.0
-0.0001790667723989515	-0.0004823420785025631	0.0
-0.00017855046457004528	-0.0004798080962003474	0.0
-0.00017803415674113907	-0.00047736461326606806	0.0
-0.00017751784891223288	-0.00047483063096385243	0.0
-0.00017700154108332667	-0.0004722966486616368	0.0
-0.0001763819716886392	-0.0004696721669914849	0.0
-0.00017576240229395177	-0.000467047685321333	0.0
-0.00017514283289926433	-0.00046442320365118115	0.0
-0.00017452326350457688	-0.00046179872198102924	0.0
-0.0001738004325441082	-0.0004591742403108773	0.0
-0.00017328412471520198	-0.0004565497586407254	0.0
-0.00017276781688629577	-0.0004539252769705735	0.0
-0.00017214824749160832	-0.0004513007953004216	0.0
-0.00017163193966270214	-0.00044858581426233344	0.0
-0.00017111563183379593	-0.00044587083322424525	0.0
-0.00017049606243910845	-0.0004430653528182208	0.0
-0.000169876493044421	-0.00044007887367632383	0.0
-0.00016925692364973358	-0.00043727339327029937	0.0
-0.00016894713895238984	-0.00043437741349633863	0.0
-0.0001683275695577024	-0.0004315719330903142	0.0
-0.00016801778486035869	-0.00042885695205222604	0.0
-0.0001676047385972337	-0.00042605147164620163	0.0
-0.0001670884307683275	-0.00042324599124017717	0.0
-0.00016667538450520252	-0.0004204405108341527	0.0
-0.0001661590766762963	-0.00041754453106019197	0.0
-0.00016564276884739013	-0.00041473905065416756	0.0
-0.00016512646101848392	-0.0004119335702481431	0.0
-0.00016450689162379647	-0.00040912808984211864	0.0
-0.00016399058379489026	-0.0004064131088040305	0.0
-0.00016347427596598405	-0.00040369812776594227	0.0
-0.00016295796813707786	-0.00040098314672785414	0.0
-0.00016244166030817165	-0.00039826816568976596	0.0
-0.00016182209091348418	-0.00039564368401961405	0.0
-0.00016120252151879675	-0.00039292870298152587	0.0
-0.00016047969055832807	-0.00039039472067931024	0.0
-0.00015965359803207812	-0.0003879512377450309	0.0
-0.0001588275055058282	-0.00038541725544281527	0.0
-0.000157898151413797	-0.0003829737725085359	0.0
-0.00015717532045332833	-0.0003806207889421928	0.0
-0.00015614270479551593	-0.0003781773060079135	0.0
-0.00015500682757192227	-0.00037573382307363415	0.0
-0.00015397421191410985	-0.00037338083950729103	0.0
-0.00015263181155895372	-0.00037102785594094796	0.0
-0.00015139267276957882	-0.0003686748723746049	0.0
-0.00015005027241442269	-0.00036641238817619804	0.0
-0.00014860461049348532	-0.00036414990397779125	0.0
-0.00014715894857254795	-0.0003619779191473207	0.0
-0.00014591980978317305	-0.00035980593431685017	0.0
-0.00014437088629645442	-0.0003573624513825708	0.0
-0.00014292522437551702	-0.00035509996718416397	0.0
-0.0001412730393230172	-0.00035256598488194834	0.0
-0.00013951759270473607	-0.00035012250194766905	0.0
-0.00013796866921801746	-0.0003475885196454534	0.0
-0.0001363164841655176	-0.000345145036711174	0.0
-0.00013476756067879898	-0.0003426110544089584	0.0
-0.00013321863719208035	-0.0003399865727388065	0.0
-0.00013177297527114298	-0.00033736209106865464	0.0
-0.00013022405178442437	-0.0003345566106626302	0.0
-0.00012877838986348697	-0.0003317511302566057	0.0
-0.00012722946637676837	-0.0003287646511147087	0.0
-0.000125783804455831	-0.000325868671340748	0.0
-0.00012423488096911236	-0.00032279169283091477	0.0
-0.00012289248061395623	-0.0003196242149531452	0.0
-0.00012144681869301886	-0.0003163662377074394	0.0
-0.00012031094146942518	-0.0003131082604617336	0.0
-0.00011917506424583154	-0.00030985028321602775	0.0
-0.00011793592545645664	-0.00030632080786651317	0.0
-0.00011680004823286298	-0.0003029723312528711	0.0
-0.00011545764787770685	-0.00029944285590335646	0.0
-0.0001143217706541132	-0.0002960038799217781	0.0
-0.00011328915499630078	-0.00029265540330813603	0.0
-0.00011215327777270713	-0.0002892164273265577	0.0
-0.0001113271852464572	-0.0002859584500808519	0.0
-0.00011060435428598851	-0.0002825194740992735	0.0
-0.00010977826175973858	-0.0002791709974856314	0.0
-0.00010895216923348864	-0.0002758225208719893	0.0
-0.00010822933827301997	-0.0002725645436262835	0.0
-0.00010750650731255127	-0.00026921606701264144	0.0
-0.00010668041478630135	-0.00026586759039899936	0.0
-0.00010616410695739513	-0.00026242861441742106	0.0
-0.00010554453756270768	-0.00025908013780377893	0.0
-0.00010502822973380148	-0.00025573166119013686	0.0
-0.00010451192190489528	-0.0002522926852085585	0.0
-0.0001040988756417703	-0.0002490347079628527	0.0
-0.0001035825678128641	-0.00024568623134921063	0.0
-0.0001030662599839579	-0.00024242825410350483	0.0
-0.00010244669058927045	-0.00023917027685779903	0.0
-0.00010203364432614547	-0.0002359122996120932	0.0
-0.00010151733649723928	-0.00023265432236638738	0.0
-0.00010100102866833307	-0.00022948684448861786	0.0
-0.0001005879824052081	-0.00022622886724291206	0.0
-0.00010007167457630189	-0.00022306138936514254	0.0
-9.945210518161444e-05	-0.00022007491022324552	0.0
-9.8832535786927e-05	-0.00021699793171341226	0.0
-9.821296639223956e-05	-0.00021392095320357901	0.0
-9.769665856333335e-05	-0.0002110249734296183	0.0
-9.70770891686459e-05	-0.00020812899365565756	0.0
-9.666404290552093e-05	-0.0002053235132496331	0.0
-9.614773507661473e-05	-0.00020251803284360867	0.0
-9.552816568192728e-05	-0.00019971255243758423	0.0
-9.501185785302108e-05	-0.00019690707203155977	0.0
-9.428902689255239e-05	-0.00019410159162553534	0.0
-9.35661959320837e-05	-0.0001912961112195109	0.0
-9.284336497161501e-05	-0.000188671629549359	0.0
-9.201727244536508e-05	-0.0001860471478792071	0.0
-9.139770305067763e-05	-0.0001833321668411189	0.0
-9.05716105244277e-05	-0.00018070768517096703	0.0
-8.995204112974025e-05	-0.00017799270413287885	0.0
-8.922921016927156e-05	-0.00017554922119859947	0.0
-8.840311764302163e-05	-0.00017283424016051134	0.0
-8.75770251167717e-05	-0.0001702097584903594	0.0
-8.675093259052177e-05	-0.0001678567749240163	0.0
-8.592484006427185e-05	-0.00016559429072560952	0.0
-8.530527066958439e-05	-0.00016333180652720273	0.0
-8.447917814333446e-05	-0.0001611598216967322	0.0
-8.344656248552204e-05	-0.0001590783362341979	0.0
-8.251720839349087e-05	-0.00015699685077166363	0.0
-8.158785430145971e-05	-0.00015491536530912937	0.0
-8.055523864364729e-05	-0.00015274338047865886	0.0
-7.962588455161613e-05	-0.00015084289375199712	0.0
-7.869653045958496e-05	-0.0001488519076573991	0.0
-7.776717636755377e-05	-0.0001469514209307374	0.0
-7.683782227552261e-05	-0.00014514143357201195	0.0
-7.590846818349144e-05	-0.00014351244494915905	0.0
-7.497911409146025e-05	-0.00014179295695836987	0.0
-7.40497599994291e-05	-0.00014016396833551697	0.0
-7.291388277583543e-05	-0.0001384444803447278	0.0
-7.177800555224179e-05	-0.00013690599108981118	0.0
-7.053886676286689e-05	-0.00013527700246695825	0.0
-6.950625110505447e-05	-0.00013364801384410535	0.0
-6.847363544724206e-05	-0.00013220002395712498	0.0
-6.744101978942965e-05	-0.00013066153470220836	0.0
-6.630514256583599e-05	-0.0001291230454472917	0.0
-6.527252690802358e-05	-0.00012776555492824765	0.0
-6.403338811864869e-05	-0.000126227065673331	0.0
-6.279424932927379e-05	-0.00012477907578635066	0.0
-6.155511053989889e-05	-0.00012315008716349776	0.0
-6.021271018474276e-05	-0.00012161159790858112	0.0
-5.90768329611491e-05	-0.00011998260928572821	0.0
-5.7734432605992966e-05	-0.00011826312129493903	0.0
-5.6392032250836826e-05	-0.00011654363330414987	0.0
-5.494637032989945e-05	-0.00011473364594542441	0.0
-5.3397446843180835e-05	-0.00011301415795463524	0.0
-5.195178492224346e-05	-0.00011111367122797352	0.0
-5.040286143552483e-05	-0.0001092131845013118	0.0
-4.885393794880622e-05	-0.00010704119967084127	0.0
-4.740827602786884e-05	-0.00010505021357624327	0.0
-4.5962614106931456e-05	-0.00010287822874577273	0.0
-4.462021375177532e-05	-0.00010070624391530219	0.0
-4.327781339661919e-05	-9.853425908483165e-05	0.0
-4.193541304146305e-05	-9.618127551848856e-05	0.0
-4.0593012686306916e-05	-9.382829195214548e-05	0.0
-3.914735076536953e-05	-9.14753083858024e-05	0.0
-3.78049504102134e-05	-8.912232481945931e-05	0.0
-3.65658116208385e-05	-8.658834251724369e-05	0.0
-3.5326672831463606e-05	-8.414485958296434e-05	0.0
-3.419079560786995e-05	-8.16108772807487e-05	0.0
-3.315817995005754e-05	-7.889589624266053e-05	0.0
-3.2022302726463884e-05	-7.627141457250862e-05	0.0
-3.088642550287023e-05	-7.346593416648419e-05	0.0
-2.9750548279276575e-05	-7.0750953128396e-05	0.0
-2.8717932621464163e-05	-6.803597209030783e-05	0.0
-2.768531696365175e-05	-6.52304916842834e-05	0.0
-2.6755962871620578e-05	-6.251551064619522e-05	0.0
-2.5929870345370646e-05	-5.980052960810704e-05	0.0
-2.4897254687558233e-05	-5.69950492020826e-05	0.0
-2.3967900595527064e-05	-5.418956879605815e-05	0.0
-2.293528493771465e-05	-5.138408839003371e-05	0.0
-2.1902669279902235e-05	-4.857860798400926e-05	0.0
-2.1076576753652307e-05	-4.5773127577984815e-05	0.0
-2.0250484227402375e-05	-4.296764717196037e-05	0.0
-1.9527653266933686e-05	-4.034316550180847e-05	0.0
-1.8701560740683757e-05	-3.7718683831656564e-05	0.0
-1.8081991345996306e-05	-3.509420216150467e-05	0.0
-1.7255898819746377e-05	-3.256021985928904e-05	0.0
-1.6326544727715208e-05	-3.0026237557073412e-05	0.0
-1.5500452201465276e-05	-2.7582754622794056e-05	0.0
-1.4571098109434103e-05	-2.5229771056450976e-05	0.0
-1.3745005583184175e-05	-2.2967286858044163e-05	0.0
-1.3125436188496727e-05	-2.0885801395509897e-05	0.0
-1.2299343662246796e-05	-1.8713816565039356e-05	0.0
-1.1679774267559348e-05	-1.6813329838377636e-05	0.0
-1.095694330709066e-05	-1.4912843111715917e-05	0.0
-9.924327649278247e-06	-1.3012356385054194e-05	0.0
-9.201496688809557e-06	-1.1292868394265018e-05	0.0
-8.065619465215902e-06	-9.573380403475843e-06	0.0
-7.2395269389659725e-06	-8.215889884431756e-06	0.0
-6.3101728469348e-06	-6.948898733323942e-06	0.0
-5.793865018028594e-06	-5.862906318088672e-06	0.0
-5.2775571891223875e-06	-4.8674132707896755e-06	0.0
-4.65798779443494e-06	-4.0529189593632234e-06	0.0
-4.038418399747493e-06	-3.2384246479367718e-06	0.0
-3.212325873497562e-06	-2.2429316006377747e-06	0.0
-2.2829717814663903e-06	-1.69993539302014e-06	0.0
-1.3536176894352184e-06	-1.0664398174662332e-06	0.0
-7.340482947477708e-07	-6.13942977784871e-07	0.0
-3.210020316228056e-07	-4.3294424191232615e-07	0.0
-4.242635974040468e-07	-4.3294424191232615e-07	0.0
-5.275251631852882e-07	-5.234436098485985e-07	0.0
-7.340482947477708e-07	-5.234436098485985e-07	0.0
-9.405714263102534e-07	-4.3294424191232615e-07	0.0
-9.405714263102534e-07	-1.6144613810350886e-07	0.0
-6.307867289665295e-07	1.1005196570530847e-07	0.0
-3.210020316228056e-07	2.9105070157785335e-07	0.0
9.204423150215962e-08	4.7204943745039825e-07	0.0
2.9856736306464224e-07	4.7204943745039825e-07	0.0
4.0182892884588354e-07	3.8155006951412577e-07	0.0
