time    PosT    PosL    PosV    accT    accL    accV
0.000    0.000000013004662996    0.000000005926156482    0.000000000000000000    0.018833736949042498    0.008563793067556769    0.000000000000000000
0.005    0.000000009006992260    0.000000004711792206    0.000000000000000000    0.018833736949042498    0.008563793067556769    0.000000000000000000
0.010    0.000000475852745251    0.000000217592254619    0.000000000000000000    0.042059934139549345    0.020040279914669876    0.000000000000000000
0.015    0.000001994196851730    0.000000931479714899    0.000000000000000000    0.034170140989669681    0.017998495345795975    0.000000000000000000
0.020    0.000004366794482951    0.000002095329558824    0.000000000000000000    0.022229668726403296    0.013189456000328949    0.000000000000000000
0.025    0.000007295133832332    0.000003588915802757    0.000000000000000000    0.004481455307987900    0.004965119642652390    0.000000000000000000
0.030    0.000010335509564413    0.000005206630037756    0.000000000000000000    -0.008296706331668532    -0.002216260898019952    0.000000000000000000
0.035    0.000013168467638202    0.000006768937750305    0.000000000000000000    -0.015662901524337684    -0.007252720288748666    0.000000000000000000
0.040    0.000015609853173882    0.000008149927455635    0.000000000000000000    -0.016322345705260016    -0.009477253754764235    0.000000000000000000
0.045    0.000017643180066932    0.000009293985817096    0.000000000000000000    -0.012462172774755064    -0.009382787362050936    0.000000000000000000
0.050    0.000019364952640612    0.000010203474494505    0.000000000000000000    -0.006416801025213336    -0.007430678996950382    0.000000000000000000
0.055    0.000020926305188662    0.000010927196196991    0.000000000000000000    0.000158713350647210    -0.004663420385970967    0.000000000000000000
0.060    0.000022491625570478    0.000011534332389828    0.000000000000000000    0.004825436774811002    -0.001482272911026254    0.000000000000000000
0.065    0.000024177581871664    0.000012104411759889    0.000000000000000000    0.007155599072292324    0.001060246707449073    0.000000000000000000
0.070    0.000026042428149658    0.000012700997297636    0.000000000000000000    0.007196816062061869    0.002620967933767722    0.000000000000000000
0.075    0.000028087194829203    0.000013363107033728    0.000000000000000000    0.005489945609725004    0.003424581262764483    0.000000000000000000
0.080    0.000030269210148991    0.000014110831301388    0.000000000000000000    0.002702711739564951    0.003481737397650308    0.000000000000000000
0.085    0.000032518793262269    0.000014945599003990    0.000000000000000000    -0.000786098608820588    0.003141495095661018    0.000000000000000000
0.090    0.000034748723910326    0.000015858904083983    0.000000000000000000    -0.003421518990369594    0.002318185854645273    0.000000000000000000
0.095    0.000036893116583624    0.000016830163810343    0.000000000000000000    -0.004563849520900040    0.001433256259821127    0.000000000000000000
0.100    0.000038923413018899    0.000017837254943198    0.000000000000000000    -0.004882436220688746    0.000918532571315587    0.000000000000000000
0.105    0.000040831648548657    0.000018867309390335    0.000000000000000000    -0.003790681259732644    0.000213253591718608    0.000000000000000000
0.110    0.000042645117046921    0.000019902695177266    0.000000000000000000    -0.002459888235047754    -0.000448046762096047    0.000000000000000000
0.115    0.000044397088339310    0.000020926879795145    0.000000000000000000    -0.000529267397797299    -0.000938827415621936    0.000000000000000000
0.120    0.000046135827946753    0.000021927593727632    0.000000000000000000    0.001113982589203213    -0.001349067150063088    0.000000000000000000
0.125    0.000047902417118927    0.000022894580981369    0.000000000000000000    0.002555102141723741    -0.001457269339146943    0.000000000000000000
0.130    0.000049732883844644    0.000023825136501626    0.000000000000000000    0.003297440317639642    -0.001271568736142581    0.000000000000000000
0.135    0.000051645786578302    0.000024723902803480    0.000000000000000000    0.002491202913957311    -0.001236861222394533    0.000000000000000000
0.140    0.000053620969384808    0.000025591747574775    0.000000000000000000    0.001536514668522759    -0.001210027517575157    0.000000000000000000
0.145    0.000055634565058028    0.000026429341658129    0.000000000000000000    0.000570861991551843    -0.000881158796550637    0.000000000000000000
0.150    0.000057662432281036    0.000027244906771570    0.000000000000000000    -0.000666694702418662    -0.000415939855073950    0.000000000000000000
0.155    0.000059673632136485    0.000028050073388635    0.000000000000000000    -0.001854729869382027    -0.000005433273754410    0.000000000000000000
0.160    0.000061638463745198    0.000028855104173855    0.000000000000000000    -0.002583700219743203    0.000452965067288279    0.000000000000000000
0.165    0.000063538702848418    0.000029671459085757    0.000000000000000000    -0.002771601678744850    0.001044723550775080    0.000000000000000000
0.170    0.000065369651909669    0.000030513932086429    0.000000000000000000    -0.002882806792751588    0.001369042078552509    0.000000000000000000
0.175    0.000067128530801102    0.000031390631139065    0.000000000000000000    -0.001961103391905257    0.001387370914004662    0.000000000000000000
0.180    0.000068838382107737    0.000032302014464551    0.000000000000000000    -0.000856005643699192    0.001381055059904504    0.000000000000000000
0.185    0.000070526833273279    0.000033247924166534    0.000000000000000000    0.000687594056941851    0.001289514035446608    0.000000000000000000
0.190    0.000072232474290245    0.000034226071719404    0.000000000000000000    0.001732693060068702    0.001092712893929770    0.000000000000000000
0.195    0.000073981432633713    0.000035231537094622    0.000000000000000000    0.002387564532273212    0.000719946919892911    0.000000000000000000
0.200    0.000075790080090487    0.000036255001142837    0.000000000000000000    0.002742090432235182    0.000426572172022746    0.000000000000000000
0.205    0.000077667279808068    0.000037289129495353    0.000000000000000000    0.002511317732681274    0.000336199612458918    0.000000000000000000
0.210    0.000079607262468965    0.000038331662838180    0.000000000000000000    0.001817598644691747    0.000148640520504528    0.000000000000000000
0.215    0.000081592685095980    0.000039377912194020    0.000000000000000000    0.000873469820886924    0.000145484563184234    0.000000000000000000
0.220    0.000083599944468516    0.000040427798663939    0.000000000000000000    0.000194247400770679    0.000165232741354830    0.000000000000000000
0.225    0.000085612060026073    0.000041481815952393    0.000000000000000000    -0.000600617493032849    0.000082371914417710    0.000000000000000000
0.230    0.000087609160146303    0.000042537892538706    0.000000000000000000    -0.001350279942521643    -0.000005508475719020    0.000000000000000000
0.235    0.000089572503267970    0.000043593831413127    0.000000000000000000    -0.002118102401370975    0.000206534688029574    0.000000000000000000
0.240    0.000091482893829603    0.000044654933654749    0.000000000000000000    -0.002237213450019472    0.000542156984139740    0.000000000000000000
0.245    0.000093337354054986    0.000045729589820974    0.000000000000000000    -0.002151725083859640    0.000713099752162644    0.000000000000000000
0.250    0.000095138021153272    0.000046822073481003    0.000000000000000000    -0.001357903954743423    0.000908191223165597    0.000000000000000000
0.255    0.000096904740652689    0.000047937261921611    0.000000000000000000    -0.000476401508224143    0.000962617364348738    0.000000000000000000
0.260    0.000098659550114401    0.000049076515796328    0.000000000000000000    0.001050124859153776    0.001052028830764141    0.000000000000000000
0.265    0.000100440612697592    0.000050242070391814    0.000000000000000000    0.002505276171533427    0.000840691328601027    0.000000000000000000
0.270    0.000102284307185071    0.000051428642270515    0.000000000000000000    0.003360063596758930    0.000598696873723369    0.000000000000000000
0.275    0.000104212003262469    0.000052630181571059    0.000000000000000000    0.003562560065419962    0.000220194962777416    0.000000000000000000
0.280    0.000106228763341502    0.000053837225745673    0.000000000000000000    0.003908156724733184    -0.000187025330819599    0.000000000000000000
0.285    0.000108343227338654    0.000055039594287016    0.000000000000000000    0.003477095551886818    -0.000551439756952426    0.000000000000000000
0.290    0.000110544618724603    0.000056228176834435    0.000000000000000000    0.002200035925979476    -0.000848625673454523    0.000000000000000000
0.295    0.000112801011008701    0.000057395543740018    0.000000000000000000    0.001113181613851088    -0.001024446448660453    0.000000000000000000
0.300    0.000115085232833146    0.000058537299484385    0.000000000000000000    0.000225103688728358    -0.001126009838262640    0.000000000000000000
0.305    0.000117375082249809    0.000059650904982794    0.000000000000000000    -0.000560922267088689    -0.001124038409216425    0.000000000000000000
0.310    0.000119650908609795    0.000060736409520974    0.000000000000000000    -0.001167055213058569    -0.001200533944376535    0.000000000000000000
0.315    0.000121897558589454    0.000061791900710544    0.000000000000000000    -0.001443736906130036    -0.001231170648785551    0.000000000000000000
0.320    0.000124108115146460    0.000062816612633894    0.000000000000000000    -0.001510831034904985    -0.001231271951151569    0.000000000000000000
0.325    0.000126280900927594    0.000063810542758466    0.000000000000000000    -0.001869302970359133    -0.001126917125266413    0.000000000000000000
0.330    0.000128406954134468    0.000064776299954906    0.000000000000000000    -0.001893235183124484    -0.000796573892642241    0.000000000000000000
0.335    0.000130485676461764    0.000065722142804030    0.000000000000000000    -0.001736888875652782    -0.000459309766453336    0.000000000000000000
0.340    0.000132520976567169    0.000066656502908992    0.000000000000000000    -0.001537741803745623    -0.000143369761955404    0.000000000000000000
0.345    0.000134517833127481    0.000067587278769906    0.000000000000000000    -0.001914950346286037    -0.000019542093581911    0.000000000000000000
0.350    0.000136466815929135    0.000068517566078480    0.000000000000000000    -0.002371136512650937    -0.000105088187751399    0.000000000000000000
0.355    0.000138356520317973    0.000069445226182360    0.000000000000000000    -0.002454228039664883    -0.000112409041907037    0.000000000000000000
0.360    0.000140184869005819    0.000070370076060193    0.000000000000000000    -0.002724620705070197    -0.000199392329380886    0.000000000000000000
0.365    0.000141945102176039    0.000071289941129791    0.000000000000000000    -0.002812805919800770    -0.000480143676109932    0.000000000000000000
0.370    0.000143635015198263    0.000072197802607487    0.000000000000000000    -0.002996190742829852    -0.000733146197257908    0.000000000000000000
0.375    0.000145250023451917    0.000073087335430250    0.000000000000000000    -0.003357687428717305    -0.001078617515600888    0.000000000000000000
0.380    0.000146781089519853    0.000073949902815124    0.000000000000000000    -0.003052604165420950    -0.001312082493560760    0.000000000000000000
0.385    0.000148235840483653    0.000074779668137659    0.000000000000000000    -0.002446737565692464    -0.001419380377931634    0.000000000000000000
0.390    0.000149629423008311    0.000075573948950746    0.000000000000000000    -0.001514551814833179    -0.001436663293233982    0.000000000000000000
0.395    0.000150985141737598    0.000076332313181502    0.000000000000000000    -0.000079592988079264    -0.001163301316414083    0.000000000000000000
0.400    0.000152338870642184    0.000077061594879347    0.000000000000000000    0.000753108036109177    -0.000777456327088078    0.000000000000000000
0.405    0.000153711427247672    0.000077771440169015    0.000000000000000000    0.001147386075152704    -0.000508191664009183    0.000000000000000000
0.410    0.000155112668505038    0.000078468580667083    0.000000000000000000    0.001581025607114367    -0.000185460826220051    0.000000000000000000
0.415    0.000156553435402583    0.000079161084644496    0.000000000000000000    0.001882497642086969    0.000237560957545651    0.000000000000000000
0.420    0.000158041264741180    0.000079859527645847    0.000000000000000000    0.001870178229766185    0.000712511960887573    0.000000000000000000
0.425    0.000159575848535521    0.000080575783446220    0.000000000000000000    0.001602941924122104    0.001282431311774726    0.000000000000000000
0.430    0.000161150505877965    0.000081324100029388    0.000000000000000000    0.001164202819641620    0.001779965590904798    0.000000000000000000
0.435    0.000162754268290900    0.000082116915752328    0.000000000000000000    0.000707948954341070    0.002101310348672555    0.000000000000000000
0.440    0.000164375729427693    0.000082962264233985    0.000000000000000000    0.000087667407133642    0.002393043184645478    0.000000000000000000
0.445    0.000165999382249665    0.000083867438795258    0.000000000000000000    -0.000405536420361669    0.002508525600210406    0.000000000000000000
0.450    0.000167612896661128    0.000084835326496537    0.000000000000000000    -0.000607823177863672    0.002417349418677803    0.000000000000000000
0.455    0.000169211215493144    0.000085863647933282    0.000000000000000000    -0.000912578148318981    0.002137676061736036    0.000000000000000000
0.460    0.000170786719871453    0.000086945411271571    0.000000000000000000    -0.000737629865563789    0.001800955641237953    0.000000000000000000
0.465    0.000172343783503122    0.000088072198500891    0.000000000000000000    -0.000453081240024992    0.001348657369684377    0.000000000000000000
0.470    0.000173889520103790    0.000089232702164453    0.000000000000000000    -0.000173890566539147    0.000908172488524751    0.000000000000000000
0.475    0.000175430909440295    0.000090415910140228    0.000000000000000000    0.000103534107484147    0.000324153894417723    0.000000000000000000
0.480    0.000176974887129488    0.000091607221963363    0.000000000000000000    0.000217563653542516    -0.000340795169989899    0.000000000000000000
0.485    0.000178524303910018    0.000092790013907249    0.000000000000000000    0.000104440204405816    -0.000947900496371646    0.000000000000000000
0.490    0.000180076331695659    0.000093949108338725    0.000000000000000000    -0.000209753025429268    -0.001584130061721162    0.000000000000000000
0.495    0.000181623115655665    0.000095068599518659    0.000000000000000000    0.000122496614349439    -0.002122328314223048    0.000000000000000000
0.500    0.000183172962031028    0.000096135032490737    0.000000000000000000    0.000145935607197842    -0.002577038756122903    0.000000000000000000
0.505    0.000184726456796572    0.000097137039493911    0.000000000000000000    -0.000021317078900684    -0.002871035582116674    0.000000000000000000
0.510    0.000186279418635144    0.000098067270607533    0.000000000000000000    -0.000242687888424731    -0.003074937201295674    0.000000000000000000
0.515    0.000187826313276504    0.000098920628291123    0.000000000000000000    0.000011641775176253    -0.002956314961379707    0.000000000000000000
0.520    0.000189373498962245    0.000099700078100678    0.000000000000000000    0.000585787011419571    -0.002705568300679717    0.000000000000000000
0.525    0.000190935329323270    0.000100411888702716    0.000000000000000000    0.000736934542687907    -0.002427342867205814    0.000000000000000000
0.530    0.000192515583047863    0.000101063015733073    0.000000000000000000    0.000968827625586833    -0.002153104997031758    0.000000000000000000
0.535    0.000194120057463095    0.000101660315138505    0.000000000000000000    0.001417683523450165    -0.002005795516574834    0.000000000000000000
0.540    0.000195759973966414    0.000102207469656023    0.000000000000000000    0.001875076663148192    -0.001806284996782605    0.000000000000000000
0.545    0.000197446767386312    0.000102709467048621    0.000000000000000000    0.002033872404436478    -0.001735229608463532    0.000000000000000000
0.550    0.000199184407616320    0.000103168083701008    0.000000000000000000    0.001659707691068065    -0.001639572959245697    0.000000000000000000
0.555    0.000200963540538605    0.000103585711029413    0.000000000000000000    0.001076774214122094    -0.001439559087710587    0.000000000000000000
0.560    0.000202769592816243    0.000103967349380626    0.000000000000000000    0.000133371001687305    -0.001054995255283901    0.000000000000000000
0.565    0.000204578979368923    0.000104322612850456    0.000000000000000000    -0.001427613712290431    -0.000522857420366999    0.000000000000000000
0.570    0.000206352675578796    0.000104664804884777    0.000000000000000000    -0.002394815783751279    -0.000093816722879377    0.000000000000000000
0.575    0.000208066501394076    0.000105004651501027    0.000000000000000000    -0.003227880087186899    0.000489237614874935    0.000000000000000000
0.580    0.000209699630207175    0.000105356729057648    0.000000000000000000    -0.004014795613184160    0.001094919742507076    0.000000000000000000
0.585    0.000211232389129945    0.000105736179607832    0.000000000000000000    -0.004776081620175201    0.001353940940225637    0.000000000000000000
0.590    0.000212645746012211    0.000106149478681521    0.000000000000000000    -0.005067821171859553    0.001648384738908303    0.000000000000000000
0.595    0.000213932407365180    0.000106603987373684    0.000000000000000000    -0.005027478684042387    0.001944084943643841    0.000000000000000000
0.600    0.000215093381751048    0.000107107098189437    0.000000000000000000    -0.004747629853805871    0.002049625492042012    0.000000000000000000
0.605    0.000216135665390571    0.000107661449642491    0.000000000000000000    -0.004021175097236726    0.002079945714919020    0.000000000000000000
0.610    0.000217077419652663    0.000108267799738419    0.000000000000000000    -0.003710881931729120    0.001891378642454589    0.000000000000000000
0.615    0.000217926401866462    0.000108921434300407    0.000000000000000000    -0.002579710061403288    0.001475233013395819    0.000000000000000000
0.620    0.000218710891328725    0.000109611949687731    0.000000000000000000    -0.001509300521775015    0.001047091656991030    0.000000000000000000
0.625    0.000219457648277945    0.000110328642366479    0.000000000000000000    -0.000800669822191005    0.000545369496083485    0.000000000000000000
0.630    0.000220184388481609    0.000111058969282630    0.000000000000000000    -0.000117877766544127    0.000332826244009107    0.000000000000000000
0.635    0.000220908181741110    0.000111797616854880    0.000000000000000000    0.000520558704720456    -0.000036673590538081    0.000000000000000000
0.640    0.000221644988968229    0.000112535347587368    0.000000000000000000    0.001054327331008985    -0.000358601596251763    0.000000000000000000
0.645    0.000222408154378623    0.000113264113279949    0.000000000000000000    0.001746113891848596    -0.000448818338842226    0.000000000000000000
0.650    0.000223214972636314    0.000113981658514059    0.000000000000000000    0.002459880285485792    -0.000481526753294071    0.000000000000000000
0.655    0.000224083287901141    0.000114687165579336    0.000000000000000000    0.003392087608667998    -0.000562829965817494    0.000000000000000000
0.660    0.000225036405356185    0.000115378601895468    0.000000000000000000    0.004203277974671208    -0.000409505888888874    0.000000000000000000
0.665    0.000226094604760596    0.000116059800564378    0.000000000000000000    0.004722135010530506    -0.000356194052732834    0.000000000000000000
0.670    0.000227270857540271    0.000116732094381970    0.000000000000000000    0.005061694585043559    -0.000195831700147480    0.000000000000000000
0.675    0.000228573652684571    0.000117399492407057    0.000000000000000000    0.004860907460107035    0.000188539958068633    0.000000000000000000
0.680    0.000229997970515374    0.000118071603931097    0.000000000000000000    0.004598440322635313    0.000269156885477490    0.000000000000000000
0.685    0.000231537249354243    0.000118750444377274    0.000000000000000000    0.004327903842360047    0.000222092214971904    0.000000000000000000
0.690    0.000233184725789171    0.000119434837128824    0.000000000000000000    0.003769918818393152    0.000447274223217475    0.000000000000000000
0.695    0.000234926450194558    0.000120130411735956    0.000000000000000000    0.002707534730585996    0.000493636368675918    0.000000000000000000
0.700    0.000236735862968211    0.000120838327252304    0.000000000000000000    0.001456223531210842    0.000245890227126562    0.000000000000000000
0.705    0.000238581681330144    0.000121552390024330    0.000000000000000000    -0.000306236907466565    0.000088000466704234    0.000000000000000000
0.710    0.000240419843769389    0.000122268652808024    0.000000000000000000    -0.002070627349914705    -0.000037951858871820    0.000000000000000000
0.715    0.000242206240524888    0.000122983966795246    0.000000000000000000    -0.003055865972738251    -0.000221094567999817    0.000000000000000000
0.720    0.000243916240631067    0.000123693753418268    0.000000000000000000    -0.003849446553133660    -0.000310215790970706    0.000000000000000000
0.725    0.000245530004573419    0.000124395784646516    0.000000000000000000    -0.005037722094061248    -0.000424803444650608    0.000000000000000000
0.730    0.000247017825463418    0.000125087195788648    0.000000000000000000    -0.005609469457207653    -0.000650156189210263    0.000000000000000000
0.735    0.000248365409616988    0.000125762353026049    0.000000000000000000    -0.005523131456331397    -0.000968032433693814    0.000000000000000000
0.740    0.000249574915484149    0.000126413309452608    0.000000000000000000    -0.005258663843031933    -0.001225912468165577    0.000000000000000000
0.745    0.000250652954755235    0.000127033618067463    0.000000000000000000    -0.004362980249646587    -0.001447188659112328    0.000000000000000000
0.750    0.000251621919520079    0.000127617746965840    0.000000000000000000    -0.003447953908892153    -0.001859369111524871    0.000000000000000000
0.755    0.000252504685437201    0.000128155391636429    0.000000000000000000    -0.002454171955294879    -0.002196931199397855    0.000000000000000000
0.760    0.000253326097055441    0.000128638113027033    0.000000000000000000    -0.001274972356811715    -0.002219566975899742    0.000000000000000000
0.765    0.000254115634364760    0.000129065345243240    0.000000000000000000    -0.000350389617162408    -0.001937762113440097    0.000000000000000000
0.770    0.000254896411933651    0.000129444133406610    0.000000000000000000    0.000246233366261832    -0.001640441728195706    0.000000000000000000
0.775    0.000255683345336698    0.000129781910526776    0.000000000000000000    0.000952648975818208    -0.001379987903076104    0.000000000000000000
0.780    0.000256494094964140    0.000130085187949364    0.000000000000000000    0.001346607399279904    -0.000865746054125663    0.000000000000000000
0.785    0.000257338509776564    0.000130366821720600    0.000000000000000000    0.001706709263707418    -0.000108973522468117    0.000000000000000000
0.790    0.000258225592320581    0.000130645731153774    0.000000000000000000    0.002428704167440135    0.000615782875145387    0.000000000000000000
0.795    0.000259173392468784    0.000130940035158826    0.000000000000000000    0.002071925798657979    0.001124905347428453    0.000000000000000000
0.800    0.000260172990761954    0.000131262461797564    0.000000000000000000    0.001993544848221274    0.001444821048794459    0.000000000000000000
0.805    0.000261222427676329    0.000131621008962523    0.000000000000000000    0.002100789608669787    0.001582918284022579    0.000000000000000000
0.810    0.000262324384330920    0.000132019129084581    0.000000000000000000    0.002043412125039574    0.001727196490404438    0.000000000000000000
0.815    0.000263477426288638    0.000132460429118900    0.000000000000000000    0.001783130927201365    0.001653459864586629    0.000000000000000000
0.820    0.000264675046519536    0.000132943065649833    0.000000000000000000    0.001807963940208407    0.001671567749975253    0.000000000000000000
0.825    0.000265917865848939    0.000133467491374516    0.000000000000000000    0.001771232673683943    0.001463965459163512    0.000000000000000000
0.830    0.000267204965995184    0.000134028516235678    0.000000000000000000    0.001269393571394148    0.001277140662062776    0.000000000000000000
0.835    0.000268523800980714    0.000134621469613391    0.000000000000000000    0.000820047896116227    0.000998778463634584    0.000000000000000000
0.840    0.000269863137163647    0.000135239392452696    0.000000000000000000    0.000284398377463097    0.000788586136869123    0.000000000000000000
0.845    0.000271209583306016    0.000135877029945422    0.000000000000000000    0.000001548924727628    0.000534317859549396    0.000000000000000000
0.850    0.000272556068171504    0.000136528025384637    0.000000000000000000    -0.000462696812121143    0.000122990404383258    0.000000000000000000
0.855    0.000273890985616688    0.000137182095583961    0.000000000000000000    -0.000649018436884100    0.000083782252812987    0.000000000000000000
0.860    0.000275209677600951    0.000137838260339606    0.000000000000000000    -0.001106923529677062    -0.000030555949341940    0.000000000000000000
0.865    0.000276500696496971    0.000138493661196517    0.000000000000000000    -0.001836784780057197    -0.000243555633599492    0.000000000000000000
0.870    0.000277745795773490    0.000139142973162588    0.000000000000000000    -0.001976869862842234    -0.000605238198925955    0.000000000000000000
0.875    0.000278941473303438    0.000139777154173686    0.000000000000000000    -0.001781200672321820    -0.001008481277463670    0.000000000000000000
0.880    0.000280092620816578    0.000140386123152847    0.000000000000000000    -0.001381210577679811    -0.001697576127170867    0.000000000000000000
0.885    0.000281209238065277    0.000140952652728829    0.000000000000000000    -0.000620252270822508    -0.002501385838789977    0.000000000000000000
0.890    0.000282310349007204    0.000141456647658842    0.000000000000000000    0.000229306558578463    -0.003095404622129472    0.000000000000000000
0.895    0.000283417192613096    0.000141883257473301    0.000000000000000000    0.000895602395955923    -0.003700450069423714    0.000000000000000000
0.900    0.000284546426278887    0.000142217356036024    0.000000000000000000    0.001155220135040051    -0.004199033791980368    0.000000000000000000
0.905    0.000285704540448054    0.000142446478753948    0.000000000000000000    0.001182536297681357    -0.004340735205688676    0.000000000000000000
0.910    0.000286892218024662    0.000142567083091730    0.000000000000000000    0.000867329285692345    -0.004154355504196530    0.000000000000000000
0.915    0.000288101578833414    0.000142583828541907    0.000000000000000000    0.000807022706966320    -0.004001244526334298    0.000000000000000000
0.920    0.000289331115209839    0.000142500542878926    0.000000000000000000    0.000194231949746972    -0.003506671528644015    0.000000000000000000
0.925    0.000290565507385008    0.000142329590427728    0.000000000000000000    -0.000343653789505044    -0.003019282662005286    0.000000000000000000
0.930    0.000291791308215439    0.000142083155909980    0.000000000000000000    -0.000814805100667147    -0.002455211926558282    0.000000000000000000
0.935    0.000292996738918354    0.000141775341094069    0.000000000000000000    -0.001648865137230879    -0.001829912702542950    0.000000000000000000
0.940    0.000294160947992838    0.000141421778460594    0.000000000000000000    -0.001946550988920354    -0.001316276827737070    0.000000000000000000
0.945    0.000295276493292599    0.000141035308906425    0.000000000000000000    -0.002404111597447984    -0.000900086760400372    0.000000000000000000
0.950    0.000296331935802423    0.000140626337183246    0.000000000000000000    -0.003077223354030351    -0.000349732275357721    0.000000000000000000
0.955    0.000297310447728397    0.000140208622153184    0.000000000000000000    -0.003359876572289668    0.000053900892826777    0.000000000000000000
0.960    0.000298204962740064    0.000139792254645442    0.000000000000000000    -0.003426610242548284    0.000374572743843055    0.000000000000000000
0.965    0.000299013812495667    0.000139385251456296    0.000000000000000000    -0.004163761916850528    0.000742926163681745    0.000000000000000000
0.970    0.000299718568203349    0.000138996821421242    0.000000000000000000    -0.003998553979051717    0.001072878096508448    0.000000000000000000
0.975    0.000300323360061554    0.000138635213338601    0.000000000000000000    -0.003649187950206280    0.001422438057962572    0.000000000000000000
0.980    0.000300836922221004    0.000138309166207409    0.000000000000000000    -0.003393637854191313    0.001676521462435016    0.000000000000000000
0.985    0.000301265643434100    0.000138025032112778    0.000000000000000000    -0.003041177219261903    0.001907746183685364    0.000000000000000000
0.990    0.000301618335216714    0.000137788591672739    0.000000000000000000    -0.002994797686146390    0.002004135435501033    0.000000000000000000
0.995    0.000301896157057174    0.000137602254618587    0.000000000000000000    -0.002964274297030667    0.002279181227794053    0.000000000000000000
1.000    0.000302099872040209    0.000137472897095131    0.000000000000000000    -0.002508967699170386    0.002460958813778943    0.000000000000000000
1.005    0.000302240862830764    0.000137405063542019    0.000000000000000000    -0.001614444475933532    0.002437150591231641    0.000000000000000000
1.010    0.000302341492509421    0.000137398158753687    0.000000000000000000    -0.000942596114494876    0.002344788281839153    0.000000000000000000
1.015    0.000302418557285216    0.000137449873672402    0.000000000000000000    -0.000455364536410072    0.002197205178335266    0.000000000000000000
1.020    0.000302484237947600    0.000137556518720575    0.000000000000000000    0.000529712001371904    0.002171507749345854    0.000000000000000000
1.025    0.000302563161410018    0.000137717451462481    0.000000000000000000    0.001663639570513575    0.002099759827365070    0.000000000000000000
1.030    0.000302683675861700    0.000137930878200072    0.000000000000000000    0.002725357694708351    0.001721456471538403    0.000000000000000000
1.035    0.000302872324255749    0.000138187341349451    0.000000000000000000    0.003913157950107774    0.001353331143334920    0.000000000000000000
1.040    0.000303158801598551    0.000138477637777414    0.000000000000000000    0.004526282719095019    0.000956751971903456    0.000000000000000000
1.045    0.000303558436009330    0.000138791853004674    0.000000000000000000    0.004606494373917552    0.000383714075224148    0.000000000000000000
1.050    0.000304073232779457    0.000139115661083815    0.000000000000000000    0.004280791933665082    -0.000169553567033959    0.000000000000000000
1.055    0.000304695049347926    0.000139435230323780    0.000000000000000000    0.003460657280341534    -0.000630760366984381    0.000000000000000000
1.060    0.000305403382348403    0.000139739030554570    0.000000000000000000    0.002613189207822421    -0.001043088628173861    0.000000000000000000
1.065    0.000306177045079076    0.000140016753569656    0.000000000000000000    0.002228530594592520    -0.001582012190363274    0.000000000000000000
1.070    0.000307006421074614    0.000140254926279983    0.000000000000000000    0.001444744384220247    -0.002047470337605481    0.000000000000000000
1.075    0.000307871915679757    0.000140441912231870    0.000000000000000000    0.000441574943572248    -0.002201332405651684    0.000000000000000000
1.080    0.000308748449658490    0.000140573864873615    0.000000000000000000    -0.000212868664240667    -0.002356297115345581    0.000000000000000000
1.085    0.000309619661920616    0.000140646910087477    0.000000000000000000    -0.000764532325388517    -0.002454706508330396    0.000000000000000000
1.090    0.000310471760874608    0.000140658587638631    0.000000000000000000    -0.000581937342172996    -0.002510079822555305    0.000000000000000000
1.095    0.000311309311395045    0.000140607513194220    0.000000000000000000    -0.000562426376990097    -0.002352981172651543    0.000000000000000000
1.100    0.000312132801256058    0.000140497614220494    0.000000000000000000    -0.000584837757471555    -0.002191061269744832    0.000000000000000000
1.105    0.000312941670173134    0.000140332938715024    0.000000000000000000    -0.000435670037925769    -0.001957941916288369    0.000000000000000000
1.110    0.000313739647339262    0.000140119314661646    0.000000000000000000    -0.000121417483083756    -0.001407314802595377    0.000000000000000000
1.115    0.000314534589068312    0.000139870507738204    0.000000000000000000    -0.000429555788673472    -0.000780197224138418    0.000000000000000000
1.120    0.000315318791902646    0.000139602195884158    0.000000000000000000    -0.000602255705727146    -0.000574807631319174    0.000000000000000000
1.125    0.000316087938344337    0.000139319513839329    0.000000000000000000    -0.000978236070080154    -0.000467090597142290    0.000000000000000000
1.130    0.000316832628884276    0.000139025154529572    0.000000000000000000    -0.001380177444695267    -0.000135288960406666    0.000000000000000000
1.135    0.000317542814988097    0.000138727412995805    0.000000000000000000    -0.001745669906156200    0.000255075882374606    0.000000000000000000
1.140    0.000318209359344264    0.000138436048359096    0.000000000000000000    -0.002074833939567054    0.000488107098026722    0.000000000000000000
1.145    0.000318824032851942    0.000138156886399839    0.000000000000000000    -0.002245383374497624    0.000801842981328115    0.000000000000000000
1.150    0.000319382571775258    0.000137897770515115    0.000000000000000000    -0.002575334743998899    0.001016638689679003    0.000000000000000000
1.155    0.000319876727329974    0.000137664070597632    0.000000000000000000    -0.002800466190149269    0.001139080717809000    0.000000000000000000
1.160    0.000320300871229936    0.000137458847698095    0.000000000000000000    -0.002465576918017805    0.001288193185581578    0.000000000000000000
1.165    0.000320663375706948    0.000137285829628198    0.000000000000000000    -0.001806512618244323    0.001351985657484364    0.000000000000000000
1.170    0.000320980717368503    0.000137146611199737    0.000000000000000000    -0.001559052402904434    0.001349389386703535    0.000000000000000000
1.175    0.000321259082719986    0.000137041127505945    0.000000000000000000    -0.001084937706029299    0.001205437378226084    0.000000000000000000
1.180    0.000321510324628818    0.000136965779746608    0.000000000000000000    -0.000365694305434327    0.001020663956895988    0.000000000000000000
1.185    0.000321752424180014    0.000136915948586193    0.000000000000000000    -0.000109486581803802    0.000923156753769366    0.000000000000000000
1.190    0.000321991786566666    0.000136889196344622    0.000000000000000000    0.000306788299174465    0.000727088369959850    0.000000000000000000
1.195    0.000322238818660796    0.000136880621312301    0.000000000000000000    0.000107918908280255    0.000674876286927122    0.000000000000000000
1.200    0.000322488548727634    0.000136888918187152    0.000000000000000000    -0.000692923427518966    0.000457233505514985    0.000000000000000000
1.205    0.000322720955708783    0.000136908645899642    0.000000000000000000    -0.001460890248663853    0.000357812394194109    0.000000000000000000
1.210    0.000322916840433716    0.000136937318921986    0.000000000000000000    -0.002468602335757488    0.000210233222056088    0.000000000000000000
1.215    0.000323051010100255    0.000136971247774882    0.000000000000000000    -0.003282851931856508    -0.000171125265306790    0.000000000000000000
1.220    0.000323103108468498    0.000137000898496145    0.000000000000000000    -0.004026588569672890    -0.000401272427997179    0.000000000000000000
1.225    0.000323054542122499    0.000137020517406708    0.000000000000000000    -0.004447738495621731    -0.000568304124517072    0.000000000000000000
1.230    0.000322894782314109    0.000137025928714159    0.000000000000000000    -0.004553891645041244    -0.000546730208005313    0.000000000000000000
1.235    0.000322621175214593    0.000137017671766409    0.000000000000000000    -0.003946892111381627    -0.000467659879221450    0.000000000000000000
1.240    0.000322248895812293    0.000136997723321678    0.000000000000000000    -0.003305697114674468    -0.000372992768432568    0.000000000000000000
1.245    0.000321793973982126    0.000136968450057737    0.000000000000000000    -0.002003226455258612    -0.000525337723681621    0.000000000000000000
1.250    0.000321288971490577    0.000136926043350704    0.000000000000000000    -0.000102692047513134    -0.000499627304821528    0.000000000000000000
1.255    0.000320781401697841    0.000136871145961050    0.000000000000000000    0.001569602359531054    -0.000415579131953468    0.000000000000000000
1.260    0.000320313071964093    0.000136805859093097    0.000000000000000000    0.003173186382144505    -0.000598005044457782    0.000000000000000000
1.265    0.000319924071889898    0.000136725622099033    0.000000000000000000    0.004660656255570366    -0.000816311098523950    0.000000000000000000
1.270    0.000319651588222093    0.000136624977327506    0.000000000000000000    0.005055978108102228    -0.001085368082041904    0.000000000000000000
1.275    0.000319505504006990    0.000136497198353928    0.000000000000000000    0.005050911474745873    -0.001445257519838228    0.000000000000000000
1.280    0.000319485692578756    0.000136333287942354    0.000000000000000000    0.004586322049689867    -0.001501077263427967    0.000000000000000000
1.285    0.000319580539201764    0.000136131850599194    0.000000000000000000    0.003605202350141692    -0.001509470694116945    0.000000000000000000
1.290    0.000319765515883526    0.000135892676488681    0.000000000000000000    0.002534449805710257    -0.001089364048021887    0.000000000000000000
1.295    0.000320013853810430    0.000135626268276968    0.000000000000000000    0.001176661846937800    -0.000577938083190207    0.000000000000000000
1.300    0.000320291608283508    0.000135345411613174    0.000000000000000000    0.000169620310056743    -0.000267198546674953    0.000000000000000000
1.305    0.000320573603264338    0.000135057874985714    0.000000000000000000    -0.000910631197080514    0.000267845507166860    0.000000000000000000
1.310    0.000320832832465240    0.000134777034495934    0.000000000000000000    -0.002008043480323032    0.000810708107471057    0.000000000000000000
1.315    0.000321041860579134    0.000134516461708840    0.000000000000000000    -0.002485517685911053    0.001212664553079668    0.000000000000000000
1.320    0.000321188750750881    0.000134286205535573    0.000000000000000000    -0.002871377510465373    0.001453834817642533    0.000000000000000000
1.325    0.000321263856484865    0.000134092295232747    0.000000000000000000    -0.003227101465087378    0.001483848660157380    0.000000000000000000
1.330    0.000321258284682223    0.000133935481146425    0.000000000000000000    -0.003305460661605971    0.001605981932875731    0.000000000000000000
1.335    0.000321170076363041    0.000133818816608424    0.000000000000000000    -0.003229370883579483    0.001645872080737040    0.000000000000000000
1.340    0.000321001133771769    0.000133743298872443    0.000000000000000000    -0.003205379637270019    0.001379534282552799    0.000000000000000000
1.345    0.000320752056689565    0.000133702269493525    0.000000000000000000    -0.003150363222545298    0.001020403112847804    0.000000000000000000
1.350    0.000320424220526797    0.000133686750192428    0.000000000000000000    -0.003327158233604622    0.000515978254272270    0.000000000000000000
1.355    0.000320013205408190    0.000133684130347688    0.000000000000000000    -0.004246070519206210    -0.000020918382217378    0.000000000000000000
1.360    0.000319496038526602    0.000133680987543393    0.000000000000000000    -0.004715879884742511    -0.000473814185940639    0.000000000000000000
1.365    0.000318860974647896    0.000133665999384449    0.000000000000000000    -0.005126179493536182    -0.001024160809887618    0.000000000000000000
1.370    0.000318097756281851    0.000133625407205258    0.000000000000000000    -0.005193525568576631    -0.001508991109100497    0.000000000000000000
1.375    0.000317204699776592    0.000133547090248339    0.000000000000000000    -0.005553398293792200    -0.001844204853228542    0.000000000000000000
1.380    0.000316172808313988    0.000133422668170090    0.000000000000000000    -0.005795798132068961    -0.002280093457594215    0.000000000000000000
1.385    0.000314996021898083    0.000133241243755401    0.000000000000000000    -0.005336941047145039    -0.002538068161404535    0.000000000000000000
1.390    0.000313685811955999    0.000132996367636677    0.000000000000000000    -0.004440960582549353    -0.002715682912352892    0.000000000000000000
1.395    0.000312264577999351    0.000132683599445144    0.000000000000000000    -0.003342155432740392    -0.002880381717893865    0.000000000000000000
1.400    0.000310759790156884    0.000132298821710663    0.000000000000000000    -0.002550424727338838    -0.002749361635434730    0.000000000000000000
1.405    0.000309191241696234    0.000131845309935297    0.000000000000000000    -0.001481230639170748    -0.002572330938282368    0.000000000000000000
1.410    0.000307585662469605    0.000131327489886473    0.000000000000000000    -0.000723719857866241    -0.002152494729024297    0.000000000000000000
1.415    0.000305961990246529    0.000130755857469425    0.000000000000000000    0.000282278045222149    -0.001589457514932814    0.000000000000000000
1.420    0.000304345374974584    0.000130144488614502    0.000000000000000000    0.001016196446855695    -0.001044822360497149    0.000000000000000000
1.425    0.000302754164613810    0.000129506999200568    0.000000000000000000    0.000820442240647215    -0.000259448950729524    0.000000000000000000
1.430    0.000301183465309053    0.000128863023562865    0.000000000000000000    0.000620397936897197    0.000647264990753403    0.000000000000000000
1.435    0.000299628275952717    0.000128235229549931    0.000000000000000000    0.000757281056521474    0.001242037558617931    0.000000000000000000
1.440    0.000298092018622795    0.000127638486475962    0.000000000000000000    0.000456457730519527    0.001624218361859393    0.000000000000000000
1.445    0.000296567172736136    0.000127082348861040    0.000000000000000000    -0.000216688754526434    0.002075398849083789    0.000000000000000000
1.450    0.000295036909630613    0.000126578096217345    0.000000000000000000    -0.000153430524129933    0.002408788531887756    0.000000000000000000
1.455    0.000293502810761988    0.000126134063286947    0.000000000000000000    -0.000534609272883832    0.002808033837342844    0.000000000000000000
1.460    0.000291955346661540    0.000125760231202482    0.000000000000000000    -0.000760115122400585    0.003095473010030067    0.000000000000000000
1.465    0.000290388879683032    0.000125463785943269    0.000000000000000000    -0.000704849615611614    0.003171557188339901    0.000000000000000000
1.470    0.000288804791464134    0.000125246629613764    0.000000000000000000    -0.001528444535877933    0.003068631502722245    0.000000000000000000
1.475    0.000287182492131839    0.000125106189071827    0.000000000000000000    -0.002091404103859388    0.002726016177554509    0.000000000000000000
1.480    0.000285507907696948    0.000125033898934329    0.000000000000000000    -0.001827979910853667    0.002447501495605716    0.000000000000000000
1.485    0.000283787623764285    0.000125022796334221    0.000000000000000000    -0.001303150965049731    0.002170132456849865    0.000000000000000000
1.490    0.000282034761057496    0.000125065947045534    0.000000000000000000    -0.000839133054715124    0.001615658522938820    0.000000000000000000
1.495    0.000280260920024339    0.000125149489219921    0.000000000000000000    -0.000485875241368686    0.001196114733136369    0.000000000000000000
1.500    0.000278474932110147    0.000125262934262636    0.000000000000000000    0.000034522829549504    0.000675739800078080    0.000000000000000000
1.505    0.000276689807266695    0.000125393272800353    0.000000000000000000    0.000572300184731572    -0.000005568149401844    0.000000000000000000
1.510    0.000274918989927861    0.000125523472134335    0.000000000000000000    0.001135440341919810    -0.000920303578240411    0.000000000000000000
1.515    0.000273176558597575    0.000125630663878861    0.000000000000000000    0.002003563359909925    -0.001717418638036601    0.000000000000000000
1.520    0.000271484216351286    0.000125694920157436    0.000000000000000000    0.003023187135819862    -0.002248922160486043    0.000000000000000000
1.525    0.000269867453783393    0.000125702953381999    0.000000000000000000    0.003358641313541081    -0.002818142968718813    0.000000000000000000
1.530    0.000268334657248339    0.000125640533032344    0.000000000000000000    0.003449348014460986    -0.003322269215817004    0.000000000000000000
1.535    0.000266888094413646    0.000125495055952294    0.000000000000000000    0.003177054235525834    -0.003306751457687104    0.000000000000000000
1.540    0.000265520957934841    0.000125266910085801    0.000000000000000000    0.002847838896347619    -0.003127274747387939    0.000000000000000000
1.545    0.000264225017428445    0.000124960582350624    0.000000000000000000    0.002471971826782660    -0.002885275048251749    0.000000000000000000
1.550    0.000262990876217719    0.000124582122739240    0.000000000000000000    0.002037258407824958    -0.002132284232974138    0.000000000000000000
1.555    0.000261807666467188    0.000124150356022032    0.000000000000000000    0.001255727859357774    -0.001278043648958102    0.000000000000000000
1.560    0.000260655849913141    0.000123686638213600    0.000000000000000000    0.000389198615093934    -0.000178925234447418    0.000000000000000000
1.565    0.000259513763324472    0.000123218447274307    0.000000000000000000    -0.000770740739616110    0.001025070098139950    0.000000000000000000
1.570    0.000258352408217312    0.000122775883087467    0.000000000000000000    -0.001769190733169699    0.002081194680389996    0.000000000000000000
1.575    0.000257146823341823    0.000122385348767638    0.000000000000000000    -0.002248194803393302    0.002931709043707932    0.000000000000000000
1.580    0.000255885033596249    0.000122068107173900    0.000000000000000000    -0.002603433162508360    0.003670681066474156    0.000000000000000000
1.585    0.000254558158021612    0.000121842632606825    0.000000000000000000    -0.003397511552255018    0.004047883750911397    0.000000000000000000
1.590    0.000253146344658169    0.000121718355133523    0.000000000000000000    -0.004159479786984988    0.003922183149837047    0.000000000000000000
1.595    0.000251630544300051    0.000121692132238966    0.000000000000000000    -0.004068941186477146    0.003384597212262113    0.000000000000000000
1.600    0.000250013020412271    0.000121750524274716    0.000000000000000000    -0.003621512970895021    0.002677759133544303    0.000000000000000000
1.605    0.000248304958700219    0.000121875860288804    0.000000000000000000    -0.003090242128140318    0.001648339409226996    0.000000000000000000
1.610    0.000246519640934964    0.000122042404788124    0.000000000000000000    -0.002274671215606126    0.000601586638081892    0.000000000000000000
1.615    0.000244677456389318    0.000122223988953395    0.000000000000000000    -0.001730194607622252    -0.000338934243311302    0.000000000000000000
1.620    0.000242792016978482    0.000122397099762583    0.000000000000000000    -0.001597932064068171    -0.001360119520444703    0.000000000000000000
1.625    0.000240866629266044    0.000122536207583761    0.000000000000000000    -0.001800373044157566    -0.002149147515042617    0.000000000000000000
1.630    0.000238896232227502    0.000122621586717062    0.000000000000000000    -0.001815883648854889    -0.002861900998230938    0.000000000000000000
1.635    0.000236880438097739    0.000122635418325408    0.000000000000000000    -0.001546617961428829    -0.003192831022199791    0.000000000000000000
1.640    0.000234825978518940    0.000122569429158198    0.000000000000000000    -0.000798089506853523    -0.003296066106543705    0.000000000000000000
1.645    0.000232751566702469    0.000122421038338325    0.000000000000000000    0.000005069111640860    -0.003182452313420887    0.000000000000000000
1.650    0.000230677281613790    0.000122193086210617    0.000000000000000000    0.001174696977930285    -0.002863781565131058    0.000000000000000000
1.655    0.000228632363949559    0.000121893539543780    0.000000000000000000    0.002242326447749214    -0.002489637665966955    0.000000000000000000
1.660    0.000226643504446522    0.000121531751935294    0.000000000000000000    0.003517196575584776    -0.001782810831717501    0.000000000000000000
1.665    0.000224742574857874    0.000121125394056015    0.000000000000000000    0.004426229726812742    -0.001139270900619906    0.000000000000000000
1.670    0.000222952301012397    0.000120690554404220    0.000000000000000000    0.005046827630542311    -0.000420664236126605    0.000000000000000000
1.675    0.000221288197857683    0.000120245198146523    0.000000000000000000    0.004864662288070346    0.000070220368638177    0.000000000000000000
1.680    0.000219745711260171    0.000119801597398041    0.000000000000000000    0.004012438274571652    0.000360086682644816    0.000000000000000000
1.685    0.000218303535619523    0.000119366998816626    0.000000000000000000    0.002893274417477580    0.000437151071570017    0.000000000000000000
1.690    0.000216933691839312    0.000118943329011999    0.000000000000000000    0.001211486313939299    0.000277522720562172    0.000000000000000000
1.695    0.000215594135216950    0.000118526597275387    0.000000000000000000    -0.000538514691759496    -0.000051914967991282    0.000000000000000000
1.700    0.000214241115727294    0.000118108567664575    0.000000000000000000    -0.002828260976271485    -0.000416908275001804    0.000000000000000000
1.705    0.000212817389713230    0.000117680115346888    0.000000000000000000    -0.005169237705931074    -0.000859843627902643    0.000000000000000000
1.710    0.000211264432756519    0.000117230166938503    0.000000000000000000    -0.006832164892047301    -0.001372628602362789    0.000000000000000000
1.715    0.000209540671677506    0.000116745902815060    0.000000000000000000    -0.008328541010958193    -0.002005907330479865    0.000000000000000000
1.720    0.000207608697073220    0.000116211491008354    0.000000000000000000    -0.009430514357412940    -0.002673680609484481    0.000000000000000000
1.725    0.000205440959609998    0.000115610237186411    0.000000000000000000    -0.009882627830803958    -0.003007527390435760    0.000000000000000000
1.730    0.000203026156451006    0.000114933795179708    0.000000000000000000    -0.009597336125034567    -0.002842192966539961    0.000000000000000000
1.735    0.000200371419888888    0.000114186298348840    0.000000000000000000    -0.009018724894904696    -0.002430271144798551    0.000000000000000000
1.740    0.000197491215204398    0.000113378044739353    0.000000000000000000    -0.007942699249765010    -0.001958154118053860    0.000000000000000000
1.745    0.000194412443038663    0.000112520837276915    0.000000000000000000    -0.006673552714182808    -0.001666379778719317    0.000000000000000000
1.750    0.000191166832055074    0.000111621970320008    0.000000000000000000    -0.004977281670246348    -0.001128405650685331    0.000000000000000000
1.755    0.000187796789029729    0.000110694893221835    0.000000000000000000    -0.003562231067331424    -0.000515478922047397    0.000000000000000000
1.760    0.000184337690227700    0.000109754929150610    0.000000000000000000    -0.002649480733281058    -0.000149469066281437    0.000000000000000000
1.765    0.000180812354407340    0.000108811228352728    0.000000000000000000    -0.002477170109477797    0.000186519288258228    0.000000000000000000
1.770    0.000177225089334242    0.000107872190537053    0.000000000000000000    -0.002520089989833723    0.000347668411362651    0.000000000000000000
1.775    0.000173574822011399    0.000106941844431661    0.000000000000000000    -0.002729605857193116    0.000440757996306119    0.000000000000000000
1.780    0.000169856314542125    0.000106022517276178    0.000000000000000000    -0.003060996827612249    0.000662316199309806    0.000000000000000000
1.785    0.000166061282152162    0.000105119748025677    0.000000000000000000    -0.003363941644717646    0.000742755463613081    0.000000000000000000
1.790    0.000162182151221080    0.000104235547661766    0.000000000000000000    -0.002960518103442078    0.000626440884847501    0.000000000000000000
1.795    0.000158229007337413    0.000103367008319977    0.000000000000000000    -0.002081177950072777    0.000491277180599361    0.000000000000000000
1.800    0.000154223834004994    0.000102510750907702    0.000000000000000000    -0.001047464514043880    0.000564386469490189    0.000000000000000000
1.805    0.000150192474059723    0.000101668603157165    0.000000000000000000    0.000157385444626932    0.000662729950040531    0.000000000000000000
1.810    0.000146165048750568    0.000100843023655379    0.000000000000000000    0.001993412480652762    0.000914574393617493    0.000000000000000000
1.815    0.000142187458753430    0.000100040308513433    0.000000000000000000    0.003736491446010466    0.001315596148431832    0.000000000000000000
1.820    0.000138303281042442    0.000099270483275198    0.000000000000000000    0.005351649642334295    0.001742021105685448    0.000000000000000000
1.825    0.000134552894572512    0.000098544208564606    0.000000000000000000    0.006235875804078833    0.001943736826952661    0.000000000000000000
1.830    0.000130958404997684    0.000097866527274687    0.000000000000000000    0.006908517444310838    0.002246911137803571    0.000000000000000000
1.835    0.000127536628358964    0.000097245018763213    0.000000000000000000    0.007491962541857295    0.002651567419627234    0.000000000000000000
1.840    0.000124302150783790    0.000096689799437230    0.000000000000000000    0.007128225167101669    0.002780389904153205    0.000000000000000000
1.845    0.000121245878837794    0.000096204089858850    0.000000000000000000    0.005497753009570854    0.002835282365648518    0.000000000000000000
1.850    0.000118327050717037    0.000095789262339612    0.000000000000000000    0.003711805388461210    0.002983446997786789    0.000000000000000000
1.855    0.000115501017730992    0.000095449020995319    0.000000000000000000    0.001663481111731997    0.002968466569806881    0.000000000000000000
1.860    0.000112716571772740    0.000095182991315270    0.000000000000000000    -0.001025257202622791    0.002971885388259503    0.000000000000000000
1.865    0.000109906494384423    0.000094991258769928    0.000000000000000000    -0.002697080774797405    0.002789523109262833    0.000000000000000000
1.870    0.000107028989976735    0.000094869264302318    0.000000000000000000    -0.004310366768848464    0.002335440587266551    0.000000000000000000
1.875    0.000104043726399826    0.000094805655849390    0.000000000000000000    -0.005781018753888692    0.001766916582157337    0.000000000000000000
1.880    0.000100913937354071    0.000094786220311015    0.000000000000000000    -0.006268016550272900    0.001031303191968355    0.000000000000000000
1.885    0.000097627447894558    0.000094792567352440    0.000000000000000000    -0.006261200677246874    0.000233602257177271    0.000000000000000000
1.890    0.000094184428418114    0.000094804754450293    0.000000000000000000    -0.005634393549155416    -0.000680667258918339    0.000000000000000000
1.895    0.000090600549102941    0.000094799924866675    0.000000000000000000    -0.004249078457599473    -0.001519156838103441    0.000000000000000000
1.900    0.000086910442826328    0.000094757116362103    0.000000000000000000    -0.002657504482924278    -0.002341545324349150    0.000000000000000000
1.905    0.000083153898937642    0.000094655769224423    0.000000000000000000    -0.001056327351833396    -0.003030238328489434    0.000000000000000000
1.910    0.000079370946865161    0.000094478666128530    0.000000000000000000    0.000481099058482538    -0.003575406148461128    0.000000000000000000
1.915    0.000075600022269141    0.000094212177878926    0.000000000000000000    0.001086740840968293    -0.003829503842812530    0.000000000000000000
1.920    0.000071856266194146    0.000093849952033252    0.000000000000000000    0.001460061480643930    -0.004031353647878494    0.000000000000000000
1.925    0.000068149011656166    0.000093386942346380    0.000000000000000000    0.001196418524833029    -0.004166033444606460    0.000000000000000000
1.930    0.000064471667581308    0.000092819781823394    0.000000000000000000    0.000195097785754463    -0.004162090368220765    0.000000000000000000
1.935    0.000060799200951093    0.000092148569041202    0.000000000000000000    -0.000471913153965030    -0.004302653625721338    0.000000000000000000
1.940    0.000057114936492029    0.000091369789918367    0.000000000000000000    -0.000873536270589110    -0.004137320578441375    0.000000000000000000
1.945    0.000053408833626201    0.000090487577781071    0.000000000000000000    -0.001424595671876494    -0.003919504619811771    0.000000000000000000
1.950    0.000049667115868575    0.000089507378028279    0.000000000000000000    -0.001850120104923312    -0.003459715639785857    0.000000000000000000
1.955    0.000045879145108327    0.000088440685384493    0.000000000000000000    -0.002163858807654236    -0.002734274220206985    0.000000000000000000
1.960    0.000042037077877887    0.000087305635885202    0.000000000000000000    -0.002155956013654792    -0.001956981616885981    0.000000000000000000
1.965    0.000038141111747106    0.000086121661845489    0.000000000000000000    -0.001816863845281844    -0.000882665723747731    0.000000000000000000
1.970    0.000034199724020192    0.000084915621162682    0.000000000000000000    -0.001162391161836510    0.000183154878634936    0.000000000000000000
1.975    0.000030229276514233    0.000083714159351841    0.000000000000000000    -0.000355656071050249    0.001072607940141011    0.000000000000000000
1.980    0.000026249937606498    0.000082539512739503    0.000000000000000000    -0.000299071182880599    0.001949708990312752    0.000000000000000000
1.985    0.000022263121919190    0.000081413608851923    0.000000000000000000    -0.000278548770136253    0.002500789757141310    0.000000000000000000
1.990    0.000018269342512629    0.000080350224708272    0.000000000000000000    -0.000608285596660909    0.002903754053223463    0.000000000000000000
1.995    0.000014260355966152    0.000079359434415951    0.000000000000000000    -0.001281716645145763    0.003474893031745179    0.000000000000000000
2.000    0.000010219326503546    0.000078455516449424    0.000000000000000000    -0.002350393804939561    0.003704066328460726    0.000000000000000000
2.005    0.000006119537195816    0.000077644200141109    0.000000000000000000    -0.004071817814567066    0.003816943453451992    0.000000000000000000
2.010    0.000001917952442723    0.000076928307419129    0.000000000000000000    -0.005962139235959318    0.004186890957666358    0.000000000000000000
2.015    -0.000002432685791270    0.000076317086971092    0.000000000000000000    -0.007137655479331138    0.004557282344130474    0.000000000000000000
2.020    -0.000006961765412246    0.000075819798581657    0.000000000000000000    -0.008181365180161482    0.004793450477597939    0.000000000000000000
2.025    -0.000011695379162726    0.000075442346454163    0.000000000000000000    -0.008977472116243565    0.005057335682679071    0.000000000000000000
2.030    -0.000016653429716112    0.000075191327718736    0.000000000000000000    -0.008262457281392408    0.005178496282247174    0.000000000000000000
2.035    -0.000021818041701533    0.000075069771390364    0.000000000000000000    -0.006835147324555046    0.004886608240079675    0.000000000000000000
2.040    -0.000027153532370068    0.000075070380267995    0.000000000000000000    -0.005392940305178995    0.004459986851811700    0.000000000000000000
2.045    -0.000032623846546232    0.000075182488816921    0.000000000000000000    -0.003377455105922720    0.003834111362730429    0.000000000000000000
2.050    -0.000038178597100044    0.000075390450149916    0.000000000000000000    -0.000708178720418111    0.003128244274482181    0.000000000000000000
2.055    -0.000043751052121867    0.000075676617589772    0.000000000000000000    0.001996618382956914    0.002028730188614490    0.000000000000000000
2.060    -0.000049273591684116    0.000076013503284344    0.000000000000000000    0.004526825880854892    0.000511760294613422    0.000000000000000000
2.065    -0.000054682960599344    0.000076363182986281    0.000000000000000000    0.006879479014085992    -0.001343487717666170    0.000000000000000000
2.070    -0.000059920342539219    0.000076679275495276    0.000000000000000000    0.008730389277008014    -0.003405431211423934    0.000000000000000000
2.075    -0.000064939464747169    0.000076910232223986    0.000000000000000000    0.010370835098788186    -0.005283873273437744    0.000000000000000000
2.080    -0.000069699316077650    0.000077009092120860    0.000000000000000000    0.011016831138112195    -0.006936161946797690    0.000000000000000000
2.085    -0.000074183746629677    0.000076934547969064    0.000000000000000000    0.010709069936310671    -0.008146376704329187    0.000000000000000000
2.090    -0.000078400450433297    0.000076656344399660    0.000000000000000000    0.010153329445851941    -0.008970760983554562    0.000000000000000000
2.095    -0.000082363321000771    0.000076153871805666    0.000000000000000000    0.008552109665641688    -0.009098071722775858    0.000000000000000000
2.100    -0.000086112388826603    0.000075423947418604    0.000000000000000000    0.006640499498675309    -0.008685941557485328    0.000000000000000000
2.105    -0.000089695444164969    0.000074476874492604    0.000000000000000000    0.004430802725770332    -0.007995845067100722    0.000000000000000000
2.110    -0.000093167729435190    0.000073329905439927    0.000000000000000000    0.001818413470195367    -0.007027296166563658    0.000000000000000000
2.115    -0.000096594554368657    0.000072007253983086    0.000000000000000000    0.000158028034161575    -0.005833176726645047    0.000000000000000000
2.120    -0.000100017428601269    0.000070538773108078    0.000000000000000000    -0.001069068376799692    -0.004664988701339151    0.000000000000000000
2.125    -0.000103467029543302    0.000068953667515537    0.000000000000000000    -0.002155379442578481    -0.003699965187339144    0.000000000000000000
2.130    -0.000106970514971398    0.000067276062793313    0.000000000000000000    -0.003270253729071703    -0.002503619878495593    0.000000000000000000
2.135    -0.000110555756742722    0.000065535867574126    0.000000000000000000    -0.004102440093072305    -0.001489092585502875    0.000000000000000000
2.140    -0.000114243559516373    0.000063758445040302    0.000000000000000000    -0.004615692673669639    -0.000509136351110081    0.000000000000000000
2.145    -0.000118046754606865    0.000061968294097700    0.000000000000000000    -0.005472042012516585    0.000406177981472004    0.000000000000000000
2.150    -0.000121986750747670    0.000060188297604634    0.000000000000000000    -0.006527643445256807    0.000971799740444117    0.000000000000000000
2.155    -0.000126089937974607    0.000058432596105080    0.000000000000000000    -0.007213477711903401    0.001608237137289245    0.000000000000000000
2.160    -0.000130373462144341    0.000056717100533958    0.000000000000000000    -0.008122816999286747    0.002124389684858053    0.000000000000000000
2.165    -0.000134860056739057    0.000055054714704958    0.000000000000000000    -0.008989106495366174    0.002361388885421898    0.000000000000000000
2.170    -0.000139571378996158    0.000053451363598093    0.000000000000000000    -0.009470343361066063    0.002280249081044810    0.000000000000000000
2.175    -0.000144519459837285    0.000051905018718254    0.000000000000000000    -0.009337123425346219    0.002307745548524559    0.000000000000000000
2.180    -0.000149700968764046    0.000050416367477128    0.000000000000000000    -0.009167883905218145    0.002314262656414419    0.000000000000000000
2.185    -0.000155111674788437    0.000048985572802413    0.000000000000000000    -0.008472999928427422    0.002150965595057496    0.000000000000000000
2.190    -0.000160734205811039    0.000047608552267574    0.000000000000000000    -0.007151833301288378    0.002146874203410361    0.000000000000000000
2.195    -0.000166535532666173    0.000046285203587820    0.000000000000000000    -0.005306992274150060    0.002119489189832276    0.000000000000000000
2.200    -0.000172469534328161    0.000045014842137812    0.000000000000000000    -0.003489837287695089    0.002131966575175473    0.000000000000000000
2.205    -0.000178490781922341    0.000043797779852184    0.000000000000000000    -0.001197611072567854    0.002135226811961688    0.000000000000000000
2.210    -0.000184541969793336    0.000042634098236854    0.000000000000000000    0.001404114246247650    0.002135737547765922    0.000000000000000000
2.215    -0.000190558054808174    0.000041523810060219    0.000000000000000000    0.003768822278173416    0.002144576054709940    0.000000000000000000
2.220    -0.000196479919266058    0.000040467136284952    0.000000000000000000    0.006013059692144048    0.001949184882943107    0.000000000000000000
2.225    -0.000202251457231638    0.000039459192131758    0.000000000000000000    0.008042617945009821    0.001747918001137857    0.000000000000000000
2.230    -0.000207821929748593    0.000038494945928592    0.000000000000000000    0.009516847956625701    0.001785001618606966    0.000000000000000000
2.235    -0.000213154481066633    0.000037575324765892    0.000000000000000000    0.010872528933380914    0.001640834832799750    0.000000000000000000
2.240    -0.000218215219161338    0.000036696724474011    0.000000000000000000    0.011428970303399653    0.001589263209576504    0.000000000000000000
2.245    -0.000222990232998458    0.000035857855762371    0.000000000000000000    0.011240090939162919    0.001713773948121603    0.000000000000000000
2.250    -0.000227484244562099    0.000035061831399433    0.000000000000000000    0.010172605656275265    0.001778159795881736    0.000000000000000000
2.255    -0.000231723940984333    0.000034310261031392    0.000000000000000000    0.008648594308228921    0.001757359643757229    0.000000000000000000
2.260    -0.000235747422548861    0.000033602624654445    0.000000000000000000    0.007042791770292848    0.001662406988303178    0.000000000000000000
2.265    -0.000239594834319132    0.000032936548452205    0.000000000000000000    0.005271638038930335    0.001415320374784697    0.000000000000000000
2.270    -0.000243310455138429    0.000032305855259336    0.000000000000000000    0.003280860620356050    0.000888026396873832    0.000000000000000000
2.275    -0.000246944054442218    0.000031697362726388    0.000000000000000000    0.001630551442930676    0.000237247599693615    0.000000000000000000
2.280    -0.000250536889959934    0.000031094801383432    0.000000000000000000    0.000232004636700062    -0.000238396978160637    0.000000000000000000
2.285    -0.000254123925361732    0.000030486280116023    0.000000000000000000    -0.001095779034821030    -0.000643937419201224    0.000000000000000000
2.290    -0.000257738355239400    0.000029861660413133    0.000000000000000000    -0.001594231982761287    -0.000882222547868029    0.000000000000000000
2.295    -0.000261392640916638    0.000029214985146547    0.000000000000000000    -0.001686804847460689    -0.001019467332317048    0.000000000000000000
2.300    -0.000265089096715062    0.000028542823196653    0.000000000000000000    -0.001992093721248783    -0.001152351228864737    0.000000000000000000
2.305    -0.000268835354856517    0.000027841852466037    0.000000000000000000    -0.001806807394066998    -0.001147392672325599    0.000000000000000000
2.310    -0.000272626783182824    0.000027112196918613    0.000000000000000000    -0.002188764638600023    -0.001038235136761244    0.000000000000000000
2.315    -0.000276472930625096    0.000026356585492770    0.000000000000000000    -0.002738659034672714    -0.001022167547007834    0.000000000000000000
2.320    -0.000280387544543235    0.000025575419878252    0.000000000000000000    -0.003101307053195081    -0.000722022258959091    0.000000000000000000
2.325    -0.000284379691137704    0.000024776203707259    0.000000000000000000    -0.004129260369753820    -0.000752490002243718    0.000000000000000000
2.330    -0.000288475069241416    0.000023958175286211    0.000000000000000000    -0.005515325216416938    -0.001096512490335642    0.000000000000000000
2.335    -0.000292708330475539    0.000023112734052905    0.000000000000000000    -0.006378746882540649    -0.001761191824327688    0.000000000000000000
2.340    -0.000297101060381726    0.000022223263023990    0.000000000000000000    -0.007455730031563374    -0.002255370484453254    0.000000000000000000
2.345    -0.000301680183538701    0.000021277407732963    0.000000000000000000    -0.008324307031633282    -0.002531438558559917    0.000000000000000000
2.350    -0.000306467414371468    0.000020268266477973    0.000000000000000000    -0.008668012369094768    -0.002844395297274597    0.000000000000000000
2.355    -0.000311471345513461    0.000019188015340551    0.000000000000000000    -0.009285517896229743    -0.003105116705075743    0.000000000000000000
2.360    -0.000316707414602861    0.000018030136285502    0.000000000000000000    -0.009532799833931755    -0.003418645819148526    0.000000000000000000
2.365    -0.000322181803688109    0.000016786791084975    0.000000000000000000    -0.009032366173594014    -0.003566843087473166    0.000000000000000000
2.370    -0.000327882001927696    0.000015454274807260    0.000000000000000000    -0.008657045217634780    -0.003618380866848955    0.000000000000000000
2.375    -0.000333798626297725    0.000014031299007874    0.000000000000000000    -0.007863086661902795    -0.003549151372504337    0.000000000000000000
2.380    -0.000339911827834301    0.000012519594424176    0.000000000000000000    -0.006804244894256795    -0.003264430615051037    0.000000000000000000
2.385    -0.000346195135493234    0.000010926279075102    0.000000000000000000    -0.005509489122014054    -0.002728376078235209    0.000000000000000000
2.390    -0.000352616180380216    0.000009264754324071    0.000000000000000000    -0.004495186181803241    -0.002575991730409771    0.000000000000000000
2.395    -0.000359149604921744    0.000007538829779780    0.000000000000000000    -0.004087178104969415    -0.002403591474499096    0.000000000000000000
2.400    -0.000365785208915896    0.000005752815448627    0.000000000000000000    -0.003863959573675944    -0.001953562284983365    0.000000000000000000
2.405    -0.000372517411899391    0.000003917962060349    0.000000000000000000    -0.003832682912484429    -0.001735193239012651    0.000000000000000000
2.410    -0.000379345431955697    0.000002039728841096    0.000000000000000000    -0.004094511161642153    -0.001739325149810862    0.000000000000000000
2.415    -0.000386275814791044    0.000000118012493098    0.000000000000000000    -0.004406773063286330    -0.001672106957823088    0.000000000000000000
2.420    -0.000393316366952973    -0.000001845506528846    0.000000000000000000    -0.005783115090680999    -0.001454452919839643    0.000000000000000000
2.425    -0.000400501496992170    -0.000003845386873786    0.000000000000000000    -0.006531179345538145    -0.001356053061351259    0.000000000000000000
2.430    -0.000407849906515005    -0.000005879168545260    0.000000000000000000    -0.006594853351751199    -0.001259628288975936    0.000000000000000000
2.435    -0.000415363187371633    -0.000007944440923958    0.000000000000000000    -0.006510464430967144    -0.001180868422602789    0.000000000000000000
2.440    -0.000423039229839036    -0.000010039235013221    0.000000000000000000    -0.005886072975340266    -0.001231312636217630    0.000000000000000000
2.445    -0.000430862424130822    -0.000012164811918390    0.000000000000000000    -0.004978244498056450    -0.001287432261519442    0.000000000000000000
2.450    -0.000438810074535060    -0.000014322574630096    0.000000000000000000    -0.004050797203982315    -0.001210162588238239    0.000000000000000000
2.455    -0.000446858994869398    -0.000016510591406509    0.000000000000000000    -0.002553228092602288    -0.001197198475657481    0.000000000000000000
2.460    -0.000454971745906050    -0.000018728538144813    0.000000000000000000    -0.000919931692779617    -0.001399280786216372    0.000000000000000000
2.465    -0.000463107495235022    -0.000020981466902772    0.000000000000000000    0.000442882182039028    -0.001456772343958341    0.000000000000000000
2.470    -0.000471232172509443    -0.000023270814969331    0.000000000000000000    0.002245557285283570    -0.001327300994376717    0.000000000000000000
2.475    -0.000479300710851731    -0.000025593345560748    0.000000000000000000    0.003678918492674293    -0.001363723984569879    0.000000000000000000
2.480    -0.000487277276231703    -0.000027949969251780    0.000000000000000000    0.004861143900192211    -0.001569041972530714    0.000000000000000000
2.485    -0.000495132313014170    -0.000030345818992126    0.000000000000000000    0.006035533166143768    -0.001811202640232990    0.000000000000000000
2.490    -0.000502836461467484    -0.000032786948798477    0.000000000000000000    0.006769487559724584    -0.002031767486062680    0.000000000000000000
2.495    -0.000510371372731804    -0.000035278872791980    0.000000000000000000    0.007438922382339147    -0.002269115369077845    0.000000000000000000
2.500    -0.000517720310936566    -0.000037827524669709    0.000000000000000000    0.007940278553331993    -0.002622736863316867    0.000000000000000000
2.505    -0.000524870742177495    -0.000040441744969022    0.000000000000000000    0.008371619855821258    -0.002920878934880775    0.000000000000000000
2.510    -0.000531811882922028    -0.000043128987241706    0.000000000000000000    0.008488305400971077    -0.003235388706174160    0.000000000000000000
2.515    -0.000538540816031537    -0.000045897114232045    0.000000000000000000    0.008300595261221538    -0.003378741501534877    0.000000000000000000
2.520    -0.000545062234259515    -0.000048749709759923    0.000000000000000000    0.008189806698167060    -0.003054454687558006    0.000000000000000000
2.525    -0.000551378907320039    -0.000051678666654989    0.000000000000000000    0.007959864155413117    -0.002677079443748917    0.000000000000000000
2.530    -0.000557496583776678    -0.000054674550536149    0.000000000000000000    0.007691938039237206    -0.001977333621596398    0.000000000000000000
2.535    -0.000563421961782336    -0.000057719867757849    0.000000000000000000    0.007228986549454725    -0.001228833221837320    0.000000000000000000
2.540    -0.000569166615124257    -0.000060795905810094    0.000000000000000000    0.006594254430029520    -0.000439389935328574    0.000000000000000000
2.545    -0.000574746412105428    -0.000063882928610724    0.000000000000000000    0.005571686525983853    0.000628547300698164    0.000000000000000000
2.550    -0.000580186916923449    -0.000066954237728835    0.000000000000000000    0.004146839681900411    0.001454297356954940    0.000000000000000000
2.555    -0.000585523750749423    -0.000069989189413023    0.000000000000000000    0.002615105591974483    0.002294543310405362    0.000000000000000000
2.560    -0.000590795206935597    -0.000072966777514450    0.000000000000000000    0.000851022647131196    0.002965914234404391    0.000000000000000000
2.565    -0.000596045387555593    -0.000075870217760018    0.000000000000000000    -0.000233832385706893    0.003588349435965196    0.000000000000000000
2.570    -0.000601301413985232    -0.000078683949269686    0.000000000000000000    -0.001441596154073618    0.004217316044907628    0.000000000000000000
2.575    -0.000606593480318723    -0.000081392247878232    0.000000000000000000    -0.001905076763919836    0.004815333995264091    0.000000000000000000
2.580    -0.000611933173571311    -0.000083980163136896    0.000000000000000000    -0.002143486945668273    0.005344809030485083    0.000000000000000000
2.585    -0.000617326453997541    -0.000086434458169798    0.000000000000000000    -0.002165848346415838    0.005671927728267100    0.000000000000000000
2.590    -0.000622773880632432    -0.000088746955009493    0.000000000000000000    -0.001885845479867622    0.005685231750836035    0.000000000000000000
2.595    -0.000628268453404319    -0.000090917321055417    0.000000000000000000    -0.001425212226490932    0.005452361698206950    0.000000000000000000
2.600    -0.000633798656481869    -0.000092951378058887    0.000000000000000000    -0.001090811392817984    0.005084655732765214    0.000000000000000000
2.605    -0.000639356129844239    -0.000094858318669037    0.000000000000000000    -0.001229029440216051    0.004504666640011540    0.000000000000000000
2.610    -0.000644944328942614    -0.000096652642613186    0.000000000000000000    -0.001571468740144480    0.003716286210181277    0.000000000000000000
2.615    -0.000650571814759493    -0.000098354059402082    0.000000000000000000    -0.001722374895207768    0.002789902449845216    0.000000000000000000
2.620    -0.000656242359948752    -0.000099985728629731    0.000000000000000000    -0.002263366598756304    0.001825427342732060    0.000000000000000000
2.625    -0.000661969489302981    -0.000101571762173811    0.000000000000000000    -0.003433495350947495    0.000939382146585791    0.000000000000000000
2.630    -0.000667782456040982    -0.000103134311164228    0.000000000000000000    -0.004430015667095805    -0.000061842322054322    0.000000000000000000
2.635    -0.000673706173170662    -0.000104698406212695    0.000000000000000000    -0.005608147967948486    -0.000983105318866882    0.000000000000000000
2.640    -0.000679770093999540    -0.000106287078894134    0.000000000000000000    -0.006794943436323926    -0.002001685476489871    0.000000000000000000
2.645    -0.000686003888414326    -0.000107925793712486    0.000000000000000000    -0.007549626892182186    -0.003000188659506384    0.000000000000000000
2.650    -0.000692426423501416    -0.000109639513247325    0.000000000000000000    -0.008167049952412762    -0.003672264730466201    0.000000000000000000
2.655    -0.000699053134837317    -0.000111445039400425    0.000000000000000000    -0.008367155300312117    -0.004072713079949618    0.000000000000000000
2.660    -0.000705889025055726    -0.000113352383380525    0.000000000000000000    -0.008184201134827165    -0.004273595122231610    0.000000000000000000
2.665    -0.000712929520302505    -0.000115366567238680    0.000000000000000000    -0.008485068668699983    -0.004093143118954557    0.000000000000000000
2.670    -0.000720182142266002    -0.000117483079674809    0.000000000000000000    -0.008693818824424653    -0.003678785296158953    0.000000000000000000
2.675    -0.000727652109700110    -0.000119691561743342    0.000000000000000000    -0.008103474108652267    -0.003231288117465239    0.000000000000000000
2.680    -0.000735324663986933    -0.000121980826014812    0.000000000000000000    -0.007966228414975178    -0.002907302785652255    0.000000000000000000
2.685    -0.000743196373984132    -0.000124342772855923    0.000000000000000000    -0.007775455701077363    -0.002539068762628591    0.000000000000000000
2.690    -0.000751262470373857    -0.000126768196416100    0.000000000000000000    -0.007317053477562396    -0.002062654960781297    0.000000000000000000
2.695    -0.000759511493100521    -0.000129245186350296    0.000000000000000000    -0.007397052557292852    -0.001610003700462659    0.000000000000000000
2.700    -0.000767945442141117    -0.000131762426377004    0.000000000000000000    -0.007743313572322781    -0.001366888391999546    0.000000000000000000
2.705    -0.000776572974021022    -0.000134313838613512    0.000000000000000000    -0.007764139056220913    -0.001130191084517361    0.000000000000000000
2.710    -0.000785394609377332    -0.000136893505627133    0.000000000000000000    -0.007883821556710878    -0.000962231132810992    0.000000000000000000
2.715    -0.000794413340272560    -0.000139497228419074    0.000000000000000000    -0.008129987450911785    -0.001112122298967556    0.000000000000000000
2.720    -0.000803635320854061    -0.000142128754268489    0.000000000000000000    -0.008137304390500727    -0.001362497121636802    0.000000000000000000
2.725    -0.000813060734045324    -0.000144794342545945    0.000000000000000000    -0.008473723655511543    -0.001672553411340063    0.000000000000000000
2.730    -0.000822697990327975    -0.000147501744658685    0.000000000000000000    -0.008835022994647425    -0.002034570932823304    0.000000000000000000
2.735    -0.000832556122185492    -0.000150260011044745    0.000000000000000000    -0.008897591923526585    -0.002413815043515472    0.000000000000000000
2.740    -0.000842636693841097    -0.000153078622806893    0.000000000000000000    -0.008951848031466328    -0.002719138032988020    0.000000000000000000
2.745    -0.000852941061697489    -0.000155965213019866    0.000000000000000000    -0.008951067665642284    -0.003059581995258328    0.000000000000000000
2.750    -0.000863469206245522    -0.000158928292782720    0.000000000000000000    -0.009154707900312954    -0.003300096177260951    0.000000000000000000
2.755    -0.000874226218491063    -0.000161973874950006    0.000000000000000000    -0.009995790122094977    -0.003222923316395553    0.000000000000000000
2.760    -0.000885233125489656    -0.000165100030200202    0.000000000000000000    -0.011142696391894247    -0.003047706610862866    0.000000000000000000
2.765    -0.000896518599898047    -0.000168302378115669    0.000000000000000000    -0.011839120933744389    -0.003108473117574345    0.000000000000000000
2.770    -0.000908100052329781    -0.000171582437859076    0.000000000000000000    -0.012222475563971984    -0.003170164258435451    0.000000000000000000
2.775    -0.000919987066650615    -0.000174941751708943    0.000000000000000000    -0.012486392855577851    -0.003245694630976681    0.000000000000000000
2.780    -0.000932186240792838    -0.000178382207924585    0.000000000000000000    -0.012756251156690983    -0.003296116585553783    0.000000000000000000
2.785    -0.000944704321213978    -0.000181905067054866    0.000000000000000000    -0.012372420362368255    -0.003383431421819958    0.000000000000000000
2.790    -0.000957531712144177    -0.000185512511970692    0.000000000000000000    -0.011604367340560875    -0.003649387774316446    0.000000000000000000
2.795    -0.000970649212257891    -0.000189211191580876    0.000000000000000000    -0.010466109972634072    -0.003903748312704750    0.000000000000000000
2.800    -0.000984028365120920    -0.000193007464898878    0.000000000000000000    -0.007947261735944885    -0.004126224187323132    0.000000000000000000
2.805    -0.000997606199527348    -0.000196906893821563    0.000000000000000000    -0.005493046330053153    -0.004360435313932598    0.000000000000000000
2.810    -0.001011321360092027    -0.000200915333627096    0.000000000000000000    -0.003196101493662881    -0.004607765449799904    0.000000000000000000
2.815    -0.001025116423194048    -0.000205038967568874    0.000000000000000000    -0.000551284527680607    -0.004817853392858826    0.000000000000000000
2.820    -0.001038925268409261    -0.000209283047845474    0.000000000000000000    0.002036386365922294    -0.005001836848626340    0.000000000000000000
2.825    -0.001052683203965326    -0.000213652174043289    0.000000000000000000    0.003698053182869462    -0.005121210269751555    0.000000000000000000
2.830    -0.001066348688191819    -0.000218149330497849    0.000000000000000000    0.005128306804023236    -0.005039327112055843    0.000000000000000000
2.835    -0.001079885964748211    -0.000222772470130209    0.000000000000000000    0.006327500041945766    -0.004505060525073368    0.000000000000000000
2.840    -0.001093265053803555    -0.000227508236275696    0.000000000000000000    0.006816882968151486    -0.004012289343610772    0.000000000000000000
2.845    -0.001106473720784695    -0.000232344309654774    0.000000000000000000    0.007142679491704135    -0.003644561716694339    0.000000000000000000
2.850    -0.001119503820778543    -0.000237271497076769    0.000000000000000000    0.007909113129474926    -0.003567635858763539    0.000000000000000000
2.855    -0.001132336192944153    -0.000242287875395233    0.000000000000000000    0.008420602045254230    -0.003616857201903115    0.000000000000000000
2.860    -0.001144958050058632    -0.000247394675143745    0.000000000000000000    0.008519649801865328    -0.003577537720677497    0.000000000000000000
2.865    -0.001157366915928065    -0.000252590913335273    0.000000000000000000    0.009049064163269005    -0.003901715210895013    0.000000000000000000
2.870    -0.001169549555193416    -0.000257884694407074    0.000000000000000000    0.009647450129966068    -0.003969446648462941    0.000000000000000000
2.875    -0.001181491008205517    -0.000263277711645087    0.000000000000000000    0.010261468808133931    -0.003833377267598199    0.000000000000000000
2.880    -0.001193175924497416    -0.000268766563314789    0.000000000000000000    0.011268556935842972    -0.003531755688309865    0.000000000000000000
2.885    -0.001204579126865918    -0.000274343708876699    0.000000000000000000    0.012103990489316721    -0.002897927300017557    0.000000000000000000
2.890    -0.001215679729472187    -0.000279993302621110    0.000000000000000000    0.012297177104676066    -0.002311327243903483    0.000000000000000000
2.895    -0.001226472902650840    -0.000285700679546618    0.000000000000000000    0.012497228203678379    -0.001799752431057809    0.000000000000000000
2.900    -0.001236953645124400    -0.000291453050282903    0.000000000000000000    0.012031885116559060    -0.001183156659047800    0.000000000000000000
2.905    -0.001247133590470047    -0.000297234999935664    0.000000000000000000    0.010599036206516976    -0.000671218040335184    0.000000000000000000
2.910    -0.001257048559910530    -0.000303033730039433    0.000000000000000000    0.008830983829651029    -0.000354523272442456    0.000000000000000000
2.915    -0.001266742754755273    -0.000308841323225014    0.000000000000000000    0.006641530082155192    -0.000310161935141405    0.000000000000000000
2.920    -0.001276270911347961    -0.000314656670458972    0.000000000000000000    0.003951660690676081    -0.000125491178494704    0.000000000000000000
2.925    -0.001285700276423383    -0.000320475154972394    0.000000000000000000    0.001429292704529725    -0.000062254330208695    0.000000000000000000
2.930    -0.001295093909181191    -0.000326295195844070    0.000000000000000000    -0.000803598094603966    -0.000377359135347952    0.000000000000000000
2.935    -0.001304507631891364    -0.000332124670694130    0.000000000000000000    -0.002822075869388443    -0.000782121003584709    0.000000000000000000
2.940    -0.001313991906498273    -0.000337973698569280    0.000000000000000000    -0.004372691932352443    -0.001411075785692599    0.000000000000000000
2.945    -0.001323585498403489    -0.000343858003339072    0.000000000000000000    -0.005981883438805138    -0.001732431336872418    0.000000000000000000
2.950    -0.001333328637394676    -0.000349785618892286    0.000000000000000000    -0.007293948791273208    -0.001906990286042708    0.000000000000000000
2.955    -0.001343254125105645    -0.000355760909202651    0.000000000000000000    -0.008441155977517018    -0.002303266556911467    0.000000000000000000
2.960    -0.001353390641716052    -0.000361793781176939    0.000000000000000000    -0.009531456505043959    -0.002647569319071640    0.000000000000000000
2.965    -0.001363765444739085    -0.000367892842384203    0.000000000000000000    -0.010031238530860617    -0.002943743577206795    0.000000000000000000
2.970    -0.001374391028725389    -0.000374065497180898    0.000000000000000000    -0.010910143210208709    -0.003153388029950716    0.000000000000000000
2.975    -0.001385289366291949    -0.000380316986678341    0.000000000000000000    -0.011347316230111634    -0.003233440915126513    0.000000000000000000
2.980    -0.001396471386764261    -0.000386649312198663    0.000000000000000000    -0.011285329576601888    -0.003450985064836886    0.000000000000000000
2.985    -0.001407935540475989    -0.000393067912345606    0.000000000000000000    -0.011423199843497642    -0.003592311955964277    0.000000000000000000
2.990    -0.001419685274183804    -0.000399576320291447    0.000000000000000000    -0.011625928345851064    -0.003512571583913666    0.000000000000000000
2.995    -0.001431725656100265    -0.000406172542526887    0.000000000000000000    -0.011909318622547668    -0.003310164821861746    0.000000000000000000
3.000    -0.001444063770982290    -0.000412851518882873    0.000000000000000000    -0.011950567218779046    -0.002778482270631571    0.000000000000000000
3.005    -0.001456700650044784    -0.000419599957295625    0.000000000000000000    -0.012448416526426170    -0.001998759589401378    0.000000000000000000
3.010    -0.001469648739520439    -0.000426398364698112    0.000000000000000000    -0.012922700024916786    -0.000984035049686124    0.000000000000000000
3.015    -0.001482919896496717    -0.000433221372976841    0.000000000000000000    -0.013207017765179407    0.000147805591498712    0.000000000000000000
3.020    -0.001496521228917125    -0.000440040686115782    0.000000000000000000    -0.013174154491471177    0.001338043908582099    0.000000000000000000
3.025    -0.001510451915199819    -0.000446826548157009    0.000000000000000000    -0.012717265526675930    0.002515447942376577    0.000000000000000000
3.030    -0.001524700533120680    -0.000453549523999677    0.000000000000000000    -0.012106189180580498    0.003474067914489842    0.000000000000000000
3.035    -0.001539251805771056    -0.000460185648144482    0.000000000000000000    -0.011451019294936304    0.004081835053562285    0.000000000000000000
3.040    -0.001554089353903805    -0.000466719726412948    0.000000000000000000    -0.010629712163603977    0.004521293446176598    0.000000000000000000
3.045    -0.001569192644840644    -0.000473140772345260    0.000000000000000000    -0.010280725272438992    0.004493808248380495    0.000000000000000000
3.050    -0.001584552953909294    -0.000479449473071363    0.000000000000000000    -0.010104405765241214    0.003903478853813785    0.000000000000000000
3.055    -0.001600165873122075    -0.000485660586826120    0.000000000000000000    -0.010391737087561345    0.003154518921086660    0.000000000000000000
3.060    -0.001616038585762045    -0.000491792837607850    0.000000000000000000    -0.010278458932120454    0.002274494461688634    0.000000000000000000
3.065    -0.001632168259875318    -0.000497868226028037    0.000000000000000000    -0.009933088311771254    0.001285882754286510    0.000000000000000000
3.070    -0.001648546261196386    -0.000503911467379368    0.000000000000000000    -0.009471735623860916    0.000329809032237338    0.000000000000000000
3.075    -0.001665161055908050    -0.000509946463504892    0.000000000000000000    -0.008963957258134592    -0.000613377080511783    0.000000000000000000
3.080    -0.001681999949551167    -0.000515996794057430    0.000000000000000000    -0.008097492192873576    -0.001265316074208767    0.000000000000000000
3.085    -0.001699041280499106    -0.000522078757511822    0.000000000000000000    -0.007205711946749530    -0.002179068099542221    0.000000000000000000
3.090    -0.001716262754245714    -0.000528215197668703    0.000000000000000000    -0.006218246556641965    -0.002869107148749904    0.000000000000000000
3.095    -0.001733639684156238    -0.000534423365504303    0.000000000000000000    -0.005519636688154292    -0.003392927384140466    0.000000000000000000
3.100    -0.001751154604983966    -0.000540716356524507    0.000000000000000000    -0.004472506627351339    -0.004169789656108779    0.000000000000000000
3.105    -0.001768781338477377    -0.000547113592286113    0.000000000000000000    -0.004002775554458674    -0.005095952742124009    0.000000000000000000
3.110    -0.001786508141359650    -0.000553638226866272    0.000000000000000000    -0.003735036164850131    -0.005993575837208789    0.000000000000000000
3.115    -0.001804328320146045    -0.000560312700842361    0.000000000000000000    -0.002752592351681557    -0.006801413600719501    0.000000000000000000
3.120    -0.001822217313741231    -0.000567157210158469    0.000000000000000000    -0.002001728994349000    -0.007496904515032383    0.000000000000000000
3.125    -0.001840156350561276    -0.000574189142087452    0.000000000000000000    -0.001677258471000087    -0.007780607697922999    0.000000000000000000
3.130    -0.001858137318843096    -0.000581415589208883    0.000000000000000000    -0.001683345562109029    -0.007721006850228314    0.000000000000000000
3.135    -0.001876160370763969    -0.000588835061501570    0.000000000000000000    -0.001654881560788149    -0.007584270261661724    0.000000000000000000
3.140    -0.001894224794723861    -0.000596444140550799    0.000000000000000000    -0.001500040427643637    -0.007538304470731255    0.000000000000000000
3.145    -0.001912326719694445    -0.000604241677211795    0.000000000000000000    -0.001652696039414897    -0.007285494078917640    0.000000000000000000
3.150    -0.001930469962066014    -0.000612221351224765    0.000000000000000000    -0.001743492211931166    -0.006787903673592839    0.000000000000000000
3.155    -0.001948656791742881    -0.000620370722829575    0.000000000000000000    -0.001127104197863951    -0.006235146068011253    0.000000000000000000
3.160    -0.001966871799024695    -0.000628675973086085    0.000000000000000000    -0.000307704843705708    -0.005473012126828818    0.000000000000000000
3.165    -0.001985094498927602    -0.000637118048645765    0.000000000000000000    0.000495753539626193    -0.004337918387683701    0.000000000000000000
3.170    -0.002003304804992018    -0.000645668572165138    0.000000000000000000    0.000888439916895550    -0.003400402851156704    0.000000000000000000
3.175    -0.002021492900058511    -0.000654304105755790    0.000000000000000000    0.001508814614532838    -0.002557906585852650    0.000000000000000000
3.180    -0.002039643274759641    -0.000663003587011087    0.000000000000000000    0.001540838400638372    -0.001692514430746452    0.000000000000000000
3.185    -0.002057755128500755    -0.000671745381127154    0.000000000000000000    0.001033337693988334    -0.000809742047615247    0.000000000000000000
3.190    -0.002075841148799520    -0.000680507418794411    0.000000000000000000    0.000474847231517889    0.000269950878447819    0.000000000000000000
3.195    -0.002093915297917496    -0.000689262707689707    0.000000000000000000    -0.000121318633992951    0.001464906946983292    0.000000000000000000
3.200    -0.002111992480001323    -0.000697981373911328    0.000000000000000000    -0.000591636672483270    0.002797534153207472    0.000000000000000000
3.205    -0.002130084453001961    -0.000706630101779119    0.000000000000000000    -0.001806870664079058    0.003744753852416224    0.000000000000000000
3.210    -0.002148221597769201    -0.000715185210800599    0.000000000000000000    -0.002803545793624712    0.004489843882537516    0.000000000000000000
3.215    -0.002166428831181282    -0.000723628073725017    0.000000000000000000    -0.003000003753056424    0.005237776538689204    0.000000000000000000
3.220    -0.002184711064687190    -0.000731939992235966    0.000000000000000000    -0.002475456508232304    0.005513099364581192    0.000000000000000000
3.225    -0.002203055184605803    -0.000740114083262802    0.000000000000000000    -0.001130915128367410    0.005636730643432744    0.000000000000000000
3.230    -0.002221427577402625    -0.000748147256023551    0.000000000000000000    0.000538793094688461    0.005246528209119222    0.000000000000000000
3.235    -0.002239786500372081    -0.000756049265579073    0.000000000000000000    0.002830291669711493    0.004643019505161730    0.000000000000000000
3.240    -0.002258074666049793    -0.000763835199646966    0.000000000000000000    0.005682734920148952    0.003937300562723879    0.000000000000000000
3.245    -0.002276220763354502    -0.000771522701200790    0.000000000000000000    0.007815571042308483    0.002896021715726935    0.000000000000000000
3.250    -0.002294171471383153    -0.000779137802211721    0.000000000000000000    0.009673602634815287    0.001875831025567078    0.000000000000000000
3.255    -0.002311880339345933    -0.000786706007447013    0.000000000000000000    0.011471258403311646    0.000971959074579087    0.000000000000000000
3.260    -0.002329302425848631    -0.000794249913705441    0.000000000000000000    0.012289369891345381    0.000225635121242455    0.000000000000000000
3.265    -0.002346417278104045    -0.000801788179085838    0.000000000000000000    0.012578745240150041    -0.000347732006917255    0.000000000000000000
3.270    -0.002363217661728456    -0.000809335137766407    0.000000000000000000    0.012211278915836427    -0.000712151871132792    0.000000000000000000
3.275    -0.002379712763379970    -0.000816899900243755    0.000000000000000000    0.011203340306003423    -0.000931616706404716    0.000000000000000000
3.280    -0.002395927781523835    -0.000824487953138763    0.000000000000000000    0.009767085027059114    -0.000996701610333703    0.000000000000000000
3.285    -0.002411898622542023    -0.000832100923574029    0.000000000000000000    0.007448847216626892    -0.001109717664132120    0.000000000000000000
3.290    -0.002427683242379795    -0.000839741636950899    0.000000000000000000    0.004740274204724504    -0.001155372129232023    0.000000000000000000
3.295    -0.002443349355362449    -0.000847411234630999    0.000000000000000000    0.002100578533874992    -0.001254939891700071    0.000000000000000000
3.300    -0.002458962953881756    -0.000855112205808392    0.000000000000000000    -0.000333859558835498    -0.001430602906741206    0.000000000000000000
3.305    -0.002474584898890035    -0.000862848942058453    0.000000000000000000    -0.002471709634188635    -0.001593254744204284    0.000000000000000000
3.310    -0.002490268636639168    -0.000870625509677120    0.000000000000000000    -0.004450405283601411    -0.001980349596175310    0.000000000000000000
3.315    -0.002506063634520390    -0.000878451586035691    0.000000000000000000    -0.006090941702136671    -0.002557521916026276    0.000000000000000000
3.320    -0.002522010905944167    -0.000886341600442162    0.000000000000000000    -0.007605697786138704    -0.003480909659225699    0.000000000000000000
3.325    -0.002538148319812597    -0.000894318637590114    0.000000000000000000    -0.008533586171640545    -0.004459299956191022    0.000000000000000000
3.330    -0.002554499073335317    -0.000902407157236971    0.000000000000000000    -0.008495245917335831    -0.005414273096175475    0.000000000000000000
3.335    -0.002571062208005972    -0.000910631033711233    0.000000000000000000    -0.008744740528053574    -0.006263082194457245    0.000000000000000000
3.340    -0.002587843961189827    -0.000919011487240355    0.000000000000000000    -0.008923422941224668    -0.006935628588402264    0.000000000000000000
3.345    -0.002604848799947213    -0.000927565331484188    0.000000000000000000    -0.008765450219948984    -0.007539447674361974    0.000000000000000000
3.350    -0.002622072774960098    -0.000936307661919880    0.000000000000000000    -0.008762905029519041    -0.007697157668466910    0.000000000000000000
3.355    -0.002639515822598721    -0.000945242421297284    0.000000000000000000    -0.008241541020470589    -0.007808480240083585    0.000000000000000000
3.360    -0.002657164908762856    -0.000954372392680689    0.000000000000000000    -0.007946516151161737    -0.007645797212838847    0.000000000000000000
3.365    -0.002675012657830770    -0.000963693508994416    0.000000000000000000    -0.007469892716431559    -0.007244064597405550    0.000000000000000000
3.370    -0.002693047154216594    -0.000973195726923078    0.000000000000000000    -0.006570352671445012    -0.006528600891516669    0.000000000000000000
3.375    -0.002711245909419205    -0.000982861159874027    0.000000000000000000    -0.005565270739527062    -0.005491119131071157    0.000000000000000000
3.380    -0.002729583796390303    -0.000992663870803254    0.000000000000000000    -0.004576798430279416    -0.004499913625524016    0.000000000000000000
3.385    -0.002748036103322159    -0.001002579079573118    0.000000000000000000    -0.004300544313006610    -0.003572870725422617    0.000000000000000000
3.390    -0.002766595923861840    -0.001012583610111119    0.000000000000000000    -0.003983541898514714    -0.002578328668727259    0.000000000000000000
3.395    -0.002785255332948984    -0.001022652598865837    0.000000000000000000    -0.003772739709598238    -0.001438020081016150    0.000000000000000000
3.400    -0.002804009060528868    -0.001032757538122581    0.000000000000000000    -0.003869709894691736    -0.000444841154918774    0.000000000000000000
3.405    -0.002822859530856119    -0.001042873598408197    0.000000000000000000    -0.004424474817996821    0.000375593433767779    0.000000000000000000
3.410    -0.002841820613053820    -0.001052980268857970    0.000000000000000000    -0.004838743917247312    0.000871850713039454    0.000000000000000000
3.415    -0.002860902663849452    -0.001063065143039916    0.000000000000000000    -0.005436509711732179    0.001513632220230890    0.000000000000000000
3.420    -0.002880120627387877    -0.001073112176416357    0.000000000000000000    -0.005927373593738600    0.002228063071298136    0.000000000000000000
3.425    -0.002899486775266146    -0.001083103508216015    0.000000000000000000    -0.006408983651111366    0.002471165452050048    0.000000000000000000
3.430    -0.002919013147735693    -0.001093033060879372    0.000000000000000000    -0.006683168679768453    0.002611553182301635    0.000000000000000000
3.435    -0.002938706599422234    -0.001102897324713172    0.000000000000000000    -0.007127316013228607    0.002681099800982620    0.000000000000000000
3.440    -0.002958578234009105    -0.001112694561051947    0.000000000000000000    -0.007000936825974496    0.002700218918860048    0.000000000000000000
3.445    -0.002978624892016626    -0.001122424291917750    0.000000000000000000    -0.006071909727772135    0.002692076794871129    0.000000000000000000
3.450    -0.002998823347767342    -0.001132086720863682    0.000000000000000000    -0.005125575121400078    0.002454826290897508    0.000000000000000000
3.455    -0.003019149942896092    -0.001141687779152341    0.000000000000000000    -0.004102723347044340    0.002173867501417334    0.000000000000000000
3.460    -0.003039579106108518    -0.001151234490753465    0.000000000000000000    -0.003014040315333505    0.001691013282066264    0.000000000000000000
3.465    -0.003060083620328828    -0.001160738927022537    0.000000000000000000    -0.002007603011437709    0.001118853158767197    0.000000000000000000
3.470    -0.003080638324624424    -0.001170215391962640    0.000000000000000000    -0.000935004067607881    0.000414123966958890    0.000000000000000000
3.475    -0.003101216404021710    -0.001179681503803569    0.000000000000000000    -0.000124406269834398    0.000039206374032735    0.000000000000000000
3.480    -0.003121797593575741    -0.001189146635485147    0.000000000000000000    0.000532276446425783    -0.000477309840835743    0.000000000000000000
3.485    -0.003142365476218613    -0.001198623699912746    0.000000000000000000    0.000962822016819381    -0.000983279008553647    0.000000000000000000
3.490    -0.003162909288311063    -0.001208125346315559    0.000000000000000000    0.000729092413873089    -0.001278880833151599    0.000000000000000000
3.495    -0.003183434873093167    -0.001217658964739200    0.000000000000000000    0.000423340811156470    -0.001654816993330865    0.000000000000000000
3.500    -0.003203949874354992    -0.001227233953587675    0.000000000000000000    0.000208528780562545    -0.001813536602921634    0.000000000000000000
3.505    -0.003224459662397303    -0.001236854280851223    0.000000000000000000    -0.000043171941403741    -0.001717544868941670    0.000000000000000000
3.510    -0.003244970529738149    -0.001246517546736495    0.000000000000000000    -0.000208771766003341    -0.001485174125374564    0.000000000000000000
3.515    -0.003265486616373145    -0.001256217941974901    0.000000000000000000    0.000641564227767816    -0.001421886747692350    0.000000000000000000
3.520    -0.003285986663902446    -0.001265953884381999    0.000000000000000000    0.001157175797631554    -0.001574808174394440    0.000000000000000000
3.525    -0.003306457782036807    -0.001275729196993457    0.000000000000000000    0.002034340777501420    -0.001781594148658402    0.000000000000000000
3.530    -0.003326878041651731    -0.001285549049458631    0.000000000000000000    0.002807421639414859    -0.002173322075256501    0.000000000000000000
3.535    -0.003347228115725669    -0.001295423234975687    0.000000000000000000    0.003765868231107861    -0.002890095744303295    0.000000000000000000
3.540    -0.003367484043093829    -0.001305369672886351    0.000000000000000000    0.004540037115609991    -0.003669929765012792    0.000000000000000000
3.545    -0.003387626469534099    -0.001315407859041140    0.000000000000000000    0.004771941234278654    -0.004565635632778828    0.000000000000000000
3.550    -0.003407649597443513    -0.001325560186086748    0.000000000000000000    0.004800766765771652    -0.005592635692495615    0.000000000000000000
3.555    -0.003427552706183782    -0.001335852329024669    0.000000000000000000    0.004658562185785170    -0.006353841410450603    0.000000000000000000
3.560    -0.003447339350869406    -0.001346303317997851    0.000000000000000000    0.004501905516880733    -0.006813956638226579    0.000000000000000000
3.565    -0.003467013447917108    -0.001356924655886988    0.000000000000000000    0.004382854871184949    -0.007057059742306138    0.000000000000000000
3.570    -0.003486577973593031    -0.001367722420269683    0.000000000000000000    0.004328889448672324    -0.006981294070080440    0.000000000000000000
3.575    -0.003506034277032736    -0.001378694717004131    0.000000000000000000    0.004538784143283403    -0.006516569075057724    0.000000000000000000
3.580    -0.003525377110868860    -0.001389829927965454    0.000000000000000000    0.005212213311945463    -0.006003550656044285    0.000000000000000000
3.585    -0.003544589639372185    -0.001401115227693179    0.000000000000000000    0.006168178789071194    -0.005214928027645963    0.000000000000000000
3.590    -0.003563647963405784    -0.001412530900621595    0.000000000000000000    0.007411742066632671    -0.004225782847038992    0.000000000000000000
3.595    -0.003582520993887716    -0.001424052218121187    0.000000000000000000    0.009183172773145898    -0.003124930137172327    0.000000000000000000
3.600    -0.003601164445050320    -0.001435651658874208    0.000000000000000000    0.011163049435779920    -0.001740584636856363    0.000000000000000000
3.605    -0.003619528819977029    -0.001447294614243151    0.000000000000000000    0.013458451980294384    -0.000281926106279751    0.000000000000000000
3.610    -0.003637556733604231    -0.001458944617764751    0.000000000000000000    0.015857406423201714    0.000951869122091040    0.000000000000000000
3.615    -0.003655188212070853    -0.001470570824558298    0.000000000000000000    0.017858352568053681    0.001931938985412149    0.000000000000000000
3.620    -0.003672373231723274    -0.001482148732877210    0.000000000000000000    0.019717767320483887    0.002694565921475614    0.000000000000000000
3.625    -0.003689065307192682    -0.001493659277048085    0.000000000000000000    0.021065717255280142    0.003434731944262220    0.000000000000000000
3.630    -0.003705230739730709    -0.001505083952920354    0.000000000000000000    0.022316075452971651    0.004183328313990195    0.000000000000000000
3.635    -0.003720838270382411    -0.001516404045584773    0.000000000000000000    0.023275312247533070    0.004739946359881217    0.000000000000000000
3.640    -0.003735863918227925    -0.001527605639590195    0.000000000000000000    0.024086047606987349    0.005235394266982912    0.000000000000000000
3.645    -0.003750287414883264    -0.001538676348738942    0.000000000000000000    0.024643519988907375    0.005593840675674824    0.000000000000000000
3.650    -0.003764094823538881    -0.001549607211870798    0.000000000000000000    0.025012293704950589    0.006052530488508470    0.000000000000000000
3.655    -0.003777276924851873    -0.001560386761740440    0.000000000000000000    0.025812840560319322    0.006511998986956369    0.000000000000000000
3.660    -0.003789813705150858    -0.001571003511635409    0.000000000000000000    0.026973512924233917    0.006754301880591146    0.000000000000000000
3.665    -0.003801676147626737    -0.001581451403983363    0.000000000000000000    0.027721437462439186    0.007144579841598941    0.000000000000000000
3.670    -0.003812845554166055    -0.001591720681835277    0.000000000000000000    0.029437586375052893    0.007610727825908825    0.000000000000000000
3.675    -0.003823279021045997    -0.001601799691491543    0.000000000000000000    0.030990203009374773    0.008121355743141365    0.000000000000000000
3.680    -0.003832937732850704    -0.001611675667254231    0.000000000000000000    0.032158022249106216    0.008611800249927470    0.000000000000000000
3.685    -0.003841792494099184    -0.001621336348010671    0.000000000000000000    0.033387995050215141    0.009083778125017553    0.000000000000000000
3.690    -0.003849812555471408    -0.001630769934313985    0.000000000000000000    0.034406150163073662    0.009644517091622617    0.000000000000000000
3.695    -0.003856972463089555    -0.001639962407690009    0.000000000000000000    0.035366232433112904    0.010099267838039466    0.000000000000000000
3.700    -0.003863248214896875    -0.001648902399370081    0.000000000000000000    0.036235790269508600    0.010331796313151412    0.000000000000000000
3.705    -0.003868618071947457    -0.001657584096142325    0.000000000000000000    0.037195279046203095    0.010490182873607035    0.000000000000000000
3.710    -0.003873058047021883    -0.001666003538342729    0.000000000000000000    0.037884169617440067    0.010891680421384886    0.000000000000000000
3.715    -0.003876550917855874    -0.001674150688532598    0.000000000000000000    0.039004187688922165    0.011133433730345019    0.000000000000000000
3.720    -0.003879068683997642    -0.001682019502879208    0.000000000000000000    0.039780366534267891    0.011405008685230408    0.000000000000000000
3.725    -0.003880591940976053    -0.001689603192008688    0.000000000000000000    0.040417399720209246    0.011822368684794374    0.000000000000000000
3.730    -0.003881104762961459    -0.001696891321921047    0.000000000000000000    0.041745200386310993    0.012241692562003914    0.000000000000000000
3.735    -0.003880573954937207    -0.001703873409519357    0.000000000000000000    0.043860376603664653    0.012909731575225930    0.000000000000000000
3.740    -0.003878946637497863    -0.001710532753828286    0.000000000000000000    0.046380100145650832    0.013728372629372848    0.000000000000000000
3.745    -0.003876159817554878    -0.001716848888821481    0.000000000000000000    0.048946424522321175    0.014750381042063360    0.000000000000000000
3.750    -0.003872149336998835    -0.001722796264288624    0.000000000000000000    0.051056132343331451    0.015929467304899234    0.000000000000000000
3.755    -0.003866862453134209    -0.001728345403073145    0.000000000000000000    0.053004625291518809    0.017464750139105367    0.000000000000000000
3.760    -0.003860250453637295    -0.001733457923104188    0.000000000000000000    0.054873689629697520    0.019272991737115039    0.000000000000000000
3.765    -0.003852266611899638    -0.001738088618341803    0.000000000000000000    0.056353362514281052    0.021252418333618864    0.000000000000000000
3.770    -0.003842873936099125    -0.001742188003121077    0.000000000000000000    0.057340262125289698    0.023247081245864748    0.000000000000000000
3.775    -0.003832047753745479    -0.001745706210869205    0.000000000000000000    0.057933289947902089    0.025476419942905074    0.000000000000000000
3.780    -0.003819773239143135    -0.001748587508118761    0.000000000000000000    0.057700641354456461    0.027832819147434115    0.000000000000000000
3.785    -0.003806056208506930    -0.001750772984889630    0.000000000000000000    0.056868354907091412    0.030201399209093399    0.000000000000000000
3.790    -0.003790917468998048    -0.001752203426680273    0.000000000000000000    0.055774852123855606    0.032261247747576369    0.000000000000000000
3.795    -0.003774384358186070    -0.001752827337277225    0.000000000000000000    0.054209153057521026    0.034328828923341562    0.000000000000000000
3.800    -0.003756496018547653    -0.001752593027151095    0.000000000000000000    0.052499982348356428    0.036513015989787789    0.000000000000000000
3.805    -0.003737295179350528    -0.001751445891625219    0.000000000000000000    0.050738032950827655    0.038414951952807017    0.000000000000000000
3.810    -0.003716825889329632    -0.001749338382300524    0.000000000000000000    0.048672777597080080    0.040276575708131021    0.000000000000000000
3.815    -0.003695139779868808    -0.001746223958583125    0.000000000000000000    0.046172628731921267    0.041890998915081884    0.000000000000000000
3.820    -0.003672299354689687    -0.001742062259892849    0.000000000000000000    0.043474893381342805    0.043176850322837121    0.000000000000000000
3.825    -0.003648372057176033    -0.001736821139944502    0.000000000000000000    0.040673804563313293    0.044185857796166100    0.000000000000000000
3.830    -0.003623427914548295    -0.001730475373551251    0.000000000000000000    0.037219887737260232    0.045005530186058990    0.000000000000000000
3.835    -0.003597553274727126    -0.001723004468903349    0.000000000000000000    0.033794053854972750    0.045585332667831546    0.000000000000000000
3.840    -0.003570833783559582    -0.001714393930938750    0.000000000000000000    0.029789009607424782    0.045717393764134820    0.000000000000000000
3.845    -0.003543369567151853    -0.001704640458130049    0.000000000000000000    0.025270100374244486    0.045417179320716983    0.000000000000000000
3.850    -0.003515273598234768    -0.001693751555838329    0.000000000000000000    0.020875656003595255    0.044805047820705921    0.000000000000000000
3.855    -0.003486655737917593    -0.001681742527351092    0.000000000000000000    0.016566164089681923    0.044020481235482536    0.000000000000000000
3.860    -0.003457623723498176    -0.001668632986832968    0.000000000000000000    0.013088410382843668    0.042999009107948932    0.000000000000000000
3.865    -0.003428264498819188    -0.001654448471087145    0.000000000000000000    0.010084160839991113    0.041861443364496834    0.000000000000000000
3.870    -0.003398653170119200    -0.001639217419257209    0.000000000000000000    0.007020172705859973    0.040660059227679707    0.000000000000000000
3.875    -0.003368866337101566    -0.001622969865946582    0.000000000000000000    0.004546753695905403    0.039359848780836509    0.000000000000000000
3.880    -0.003338965835241534    -0.001605738316416434    0.000000000000000000    0.002089247995735316    0.038279672786040858    0.000000000000000000
3.885    -0.003309013102181608    -0.001587549775066634    0.000000000000000000    -0.000035931276114176    0.037528450886458592    0.000000000000000000
3.890    -0.003279061267403586    -0.001568423022444674    0.000000000000000000    -0.001787617253199564    0.036671944004008916    0.000000000000000000
3.895    -0.003249154123056893    -0.001548379471222612    0.000000000000000000    -0.003497470139578185    0.036177220083958087    0.000000000000000000
3.900    -0.003219334415463690    -0.001527431489498453    0.000000000000000000    -0.005139988557452402    0.035773458938086547    0.000000000000000000
3.905    -0.003189643207584423    -0.001505589171300840    0.000000000000000000    -0.006908548371049872    0.035157096759845866    0.000000000000000000
3.910    -0.003160124713414432    -0.001482867925684232    0.000000000000000000    -0.009317648923205107    0.034363941851184646    0.000000000000000000
3.915    -0.003130839160467522    -0.001459287581521344    0.000000000000000000    -0.011591489634619340    0.033588647283559411    0.000000000000000000
3.920    -0.003101843394761477    -0.001434867521176367    0.000000000000000000    -0.014078988392497022    0.032781774858972948    0.000000000000000000
3.925    -0.003073199603765244    -0.001409627916459916    0.000000000000000000    -0.016201796068024410    0.031786589659516321    0.000000000000000000
3.930    -0.003044960857670712    -0.001383593647001977    0.000000000000000000    -0.017259537641780426    0.030779746310397038    0.000000000000000000
3.935    -0.003017153600017225    -0.001356789883886278    0.000000000000000000    -0.017830215011428729    0.029734997420375470    0.000000000000000000
3.940    -0.002989792097739023    -0.001329242745835069    0.000000000000000000    -0.017221525152773254    0.028632976547095582    0.000000000000000000
3.945    -0.002962861133589641    -0.001300979783370184    0.000000000000000000    -0.015325548214668167    0.027247402445054053    0.000000000000000000
3.950    -0.002936313308145625    -0.001272035635844172    0.000000000000000000    -0.013271324273735063    0.025671371673497215    0.000000000000000000
3.955    -0.002910097265808453    -0.001242449704026322    0.000000000000000000    -0.010110765900506885    0.023929930995534796    0.000000000000000000
3.960    -0.002884133992618793    -0.001212265523933584    0.000000000000000000    -0.006201846396713950    0.021761659687886264    0.000000000000000000
3.965    -0.002858325765589051    -0.001181537302348649    0.000000000000000000    -0.002039789439751971    0.019035442327388838    0.000000000000000000
3.970    -0.002832568533295303    -0.001150333194705529    0.000000000000000000    0.002289662077558513    0.016058405105318432    0.000000000000000000
3.975    -0.002806754059449617    -0.001118727626934776    0.000000000000000000    0.006652931740774165    0.012794338678789874    0.000000000000000000
3.980    -0.002780773262310410    -0.001086802200697054    0.000000000000000000    0.010308136658299799    0.008831630440271979    0.000000000000000000
3.985    -0.002754534761754746    -0.001054655983698324    0.000000000000000000    0.013866552939952037    0.004313688643968819    0.000000000000000000
3.990    -0.002727949597375584    -0.001022401924483496    0.000000000000000000    0.017113886645638010    -0.000546254342722804    0.000000000000000000
3.995    -0.002700936585830280    -0.000990161521627235    0.000000000000000000    0.020189150933547229    -0.005807482502959496    0.000000000000000000
4.000    -0.002673418845511638    -0.000958066305833549    0.000000000000000000    0.023244047183505756    -0.011434380842115927    0.000000000000000000
4.005    -0.002645320004013408    -0.000926256949560915    0.000000000000000000    0.026158232345838833    -0.017130347471500107    0.000000000000000000
4.010    -0.002616567206706532    -0.000894875851975069    0.000000000000000000    0.028535864735213662    -0.022958654208129516    0.000000000000000000
4.015    -0.002587101012781276    -0.000864068720744426    0.000000000000000000    0.030826531376045019    -0.028839449969166216    0.000000000000000000
4.020    -0.002556864155571619    -0.000833982575763012    0.000000000000000000    0.032777511100052364    -0.034418448367256119    0.000000000000000000
4.025    -0.002525807860584460    -0.000804756891990780    0.000000000000000000    0.034415779204353264    -0.039723188341870067    0.000000000000000000
4.030    -0.002493891171117193    -0.000776524287927094    0.000000000000000000    0.035195066738734349    -0.044758545878166231    0.000000000000000000
4.035    -0.002461094604981457    -0.000749410647510363    0.000000000000000000    0.035143270520968106    -0.049511192430217073    0.000000000000000000
4.040    -0.002427419457082697    -0.000723534786904387    0.000000000000000000    0.034638351502237069    -0.053461457084941384    0.000000000000000000
4.045    -0.002392878350396381    -0.000698995462725534    0.000000000000000000    0.032991661354665053    -0.056795741156454027    0.000000000000000000
4.050    -0.002357512452176198    -0.000675876032075593    0.000000000000000000    0.030006863941129530    -0.059465286498649322    0.000000000000000000
4.055    -0.002321396382357488    -0.000654243233588118    0.000000000000000000    0.026250601818916114    -0.061118106443264555    0.000000000000000000
4.060    -0.002284624047493304    -0.000634138387761725    0.000000000000000000    0.022322613347294795    -0.062022150421206859    0.000000000000000000
4.065    -0.002247293647295438    -0.000615584095695862    0.000000000000000000    0.018082064372187262    -0.061836040053842196    0.000000000000000000
4.070    -0.002209511195488267    -0.000598575704631345    0.000000000000000000    0.014355853601658725    -0.060790370694104555    0.000000000000000000
4.075    -0.002171369847341055    -0.000583087072834181    0.000000000000000000    0.011529862822337589    -0.058944170979601147    0.000000000000000000
4.080    -0.002132940252623284    -0.000569072045311506    0.000000000000000000    0.009677116214207998    -0.056515241780366599    0.000000000000000000
4.085    -0.002094268730000158    -0.000556469898833341    0.000000000000000000    0.008656393155129227    -0.053435962570924124    0.000000000000000000
4.090    -0.002055380797548154    -0.000545203651419449    0.000000000000000000    0.007996377630135193    -0.049455672250352939    0.000000000000000000
4.095    -0.002016292955655397    -0.000535173795811816    0.000000000000000000    0.008638412398592754    -0.045156150251593474    0.000000000000000000
4.100    -0.001976989153452674    -0.000526272843960472    0.000000000000000000    0.009888666203036744    -0.040495024148027962    0.000000000000000000
4.105    -0.001937438134594876    -0.000518384267712829    0.000000000000000000    0.011372424993834340    -0.035291372617088888    0.000000000000000000
4.110    -0.001897602805112232    -0.000511377975780614    0.000000000000000000    0.013003481463521108    -0.030024978778585114    0.000000000000000000
4.115    -0.001857442388593000    -0.000505122308317863    0.000000000000000000    0.014383466075311782    -0.024583831701517449    0.000000000000000000
4.120    -0.001816922385421884    -0.000499481236647650    0.000000000000000000    0.015507974397734048    -0.019266421184952788    0.000000000000000000
4.125    -0.001776014682890826    -0.000494321825507061    0.000000000000000000    0.015564633874566580    -0.013973239382184671    0.000000000000000000
4.130    -0.001734717864512903    -0.000489511745351026    0.000000000000000000    0.014481793543805535    -0.008594685985776652    0.000000000000000000
4.135    -0.001693059001296386    -0.000484916532344636    0.000000000000000000    0.012880710708439852    -0.003356471995467382    0.000000000000000000
4.140    -0.001651078120312157    -0.000480405231138133    0.000000000000000000    0.011208801389524584    0.001820703707357610    0.000000000000000000
4.145    -0.001608817019293190    -0.000475848412338946    0.000000000000000000    0.009409766355975360    0.007301311488120809    0.000000000000000000
4.150    -0.001566320674115324    -0.000471109060752555    0.000000000000000000    0.007696009034505527    0.012929655681247643    0.000000000000000000
4.155    -0.001523631928711595    -0.000466046467774134    0.000000000000000000    0.006137312523381983    0.018524037171442371    0.000000000000000000
4.160    -0.001480789750494781    -0.000460520773866426    0.000000000000000000    0.004702319738860913    0.024031969625237619    0.000000000000000000
4.165    -0.001437830014284496    -0.000454394280718088    0.000000000000000000    0.003696477182298097    0.029188036110901899    0.000000000000000000
4.170    -0.001394777866144654    -0.000447538086666976    0.000000000000000000    0.003066620398216660    0.033991141923574594    0.000000000000000000
4.175    -0.001351649052494856    -0.000439832114067776    0.000000000000000000    0.003557205480262532    0.037896312273957927    0.000000000000000000
4.180    -0.001308431308708052    -0.000431178733661727    0.000000000000000000    0.003963952377745300    0.040782833710417167    0.000000000000000000
4.185    -0.001265114466111804    -0.000421505782412917    0.000000000000000000    0.004467626797963545    0.043131672455771257    0.000000000000000000
4.190    -0.001221685932845606    -0.000410754539352713    0.000000000000000000    0.004668720443041369    0.044324570507836815    0.000000000000000000
4.195    -0.001178140681568333    -0.000398895182029813    0.000000000000000000    0.004198055740022369    0.044473138585002583    0.000000000000000000
4.200    -0.001134490478897560    -0.000385923996242288    0.000000000000000000    0.003646415535820541    0.043701963361665770    0.000000000000000000
4.205    -0.001090749115838390    -0.000371860261370721    0.000000000000000000    0.002126806688141497    0.042216625504055971    0.000000000000000000
4.210    -0.001046954582612018    -0.000356741110861553    0.000000000000000000    0.000196872084311933    0.039726944039426400    0.000000000000000000
4.215    -0.001003155127583537    -0.000340628786751399    0.000000000000000000    -0.001621687302508570    0.036358995476146613    0.000000000000000000
4.220    -0.000959396214737619    -0.000323607487754341    0.000000000000000000    -0.003716064342282333    0.032500091016855484    0.000000000000000000
4.225    -0.000915730203500259    -0.000305773686481863    0.000000000000000000    -0.005345225998977694    0.027758257906645815    0.000000000000000000
4.230    -0.000872197822912872    -0.000287245928761718    0.000000000000000000    -0.006578102114806333    0.022129048893051138    0.000000000000000000
4.235    -0.000828829894878356    -0.000268164944819246    0.000000000000000000    -0.007217739323023276    0.015707256422253443    0.000000000000000000
4.240    -0.000785642410326916    -0.000248691279466219    0.000000000000000000    -0.007463940478111275    0.008266277696906098    0.000000000000000000
4.245    -0.000742641524287428    -0.000229010957170769    0.000000000000000000    -0.007553429489312591    0.000323849054333341    0.000000000000000000
4.250    -0.000699829473985173    -0.000209322538648960    0.000000000000000000    -0.007961893187411959    -0.007766546348341547    0.000000000000000000
4.255    -0.000657216471012603    -0.000189828283785860    0.000000000000000000    -0.008563924875698223    -0.015773689671349501    0.000000000000000000
4.260    -0.000614817566161926    -0.000170728371164543    0.000000000000000000    -0.009583305960211667    -0.023538306428510201    0.000000000000000000
4.265    -0.000572658243960254    -0.000152216916203940    0.000000000000000000    -0.011151277797575784    -0.030736513882802588    0.000000000000000000
4.270    -0.000530777703703522    -0.000134473874090406    0.000000000000000000    -0.013744052246218198    -0.037398408749505063    0.000000000000000000
4.275    -0.000489240764752945    -0.000117665792195610    0.000000000000000000    -0.017074944259919990    -0.043132038623164975    0.000000000000000000
4.280    -0.000448130699408866    -0.000101936011266394    0.000000000000000000    -0.020787736166065149    -0.048178845898235963    0.000000000000000000
4.285    -0.000407540327468939    -0.000087410701484633    0.000000000000000000    -0.024744080935786006    -0.052677177535419194    0.000000000000000000
4.290    -0.000367568557552406    -0.000074202321141257    0.000000000000000000    -0.028616135770963020    -0.056740973981583863    0.000000000000000000
4.295    -0.000328312191030147    -0.000062412465147422    0.000000000000000000    -0.032178623903655196    -0.060414900510384097    0.000000000000000000
4.300    -0.000289860290105480    -0.000052132981666345    0.000000000000000000    -0.035165481167226481    -0.063407373720542545    0.000000000000000000
4.305    -0.000252287526209994    -0.000043438682528283    0.000000000000000000    -0.037097336010342638    -0.065474559296210183    0.000000000000000000
4.310    -0.000215642195714766    -0.000036381247372625    0.000000000000000000    -0.038270024415455302    -0.066975240343502079    0.000000000000000000
4.315    -0.000179953615829924    -0.000030998193225556    0.000000000000000000    -0.038836271982050370    -0.067655066142541492    0.000000000000000000
4.320    -0.000145235942744634    -0.000027306515732049    0.000000000000000000    -0.038984488099775810    -0.067392197614986618    0.000000000000000000
4.325    -0.000111492881861838    -0.000025299643178918    0.000000000000000000    -0.038952357833438742    -0.066557149335694413    0.000000000000000000
4.330    -0.000078723629924878    -0.000024956699359178    0.000000000000000000    -0.039060641291811582    -0.064999687251384566    0.000000000000000000
4.335    -0.000046930894020213    -0.000026238747720724    0.000000000000000000    -0.039229019512916560    -0.063035619778299232    0.000000000000000000
4.340    -0.000016118883603371    -0.000029096686576727    0.000000000000000000    -0.039660512743814644    -0.060354917045965462    0.000000000000000000
4.345    0.000013701613994875    -0.000033463498358879    0.000000000000000000    -0.041248758334654884    -0.057296615323674853    0.000000000000000000
4.350    0.000042490892634755    -0.000039262725524123    0.000000000000000000    -0.042954434818967734    -0.053542673513560901    0.000000000000000000
4.355    0.000070206310404161    -0.000046400519527205    0.000000000000000000    -0.045034756409298750    -0.048716755778859387    0.000000000000000000
4.360    0.000096795859263334    -0.000054756232424760    0.000000000000000000    -0.047527199702246170    -0.043011677667338662    0.000000000000000000
4.365    0.000122197228129951    -0.000064187237263998    0.000000000000000000    -0.049833698789511598    -0.036951991283515416    0.000000000000000000
4.370    0.000146352754526831    -0.000074542041885323    0.000000000000000000    -0.051900193081928170    -0.030091890901774328    0.000000000000000000
4.375    0.000169210776096662    -0.000085649143779193    0.000000000000000000    -0.053188187734056619    -0.023041101369564228    0.000000000000000000
4.380    0.000190739092973142    -0.000097332273207302    0.000000000000000000    -0.053066868482509695    -0.016087789035424151    0.000000000000000000
4.385    0.000210940738137559    -0.000109417597361297    0.000000000000000000    -0.052033554818221035    -0.009304505226017072    0.000000000000000000
4.390    0.000229841544431520    -0.000121735534145942    0.000000000000000000    -0.049898691367630504    -0.002754930538648192    0.000000000000000000
4.395    0.000247494883441291    -0.000134122344194054    0.000000000000000000    -0.046975404482223204    0.003611173996212122    0.000000000000000000
4.400    0.000263973837339006    -0.000146418874892260    0.000000000000000000    -0.043093040929512071    0.009724818007455843    0.000000000000000000
4.405    0.000279375465213483    -0.000158472285140280    0.000000000000000000    -0.038398029235920360    0.015957946312256891    0.000000000000000000
4.410    0.000293817142357063    -0.000170126746730493    0.000000000000000000    -0.032650099326821891    0.022523623595031936    0.000000000000000000
4.415    0.000307442567017471    -0.000181218117730830    0.000000000000000000    -0.026520100216368553    0.029182558812778377    0.000000000000000000
4.420    0.000320404989172471    -0.000191579924760848    0.000000000000000000    -0.020290430443924493    0.035949917982067058    0.000000000000000000
4.425    0.000332860150566373    -0.000201042983841315    0.000000000000000000    -0.013669184371393160    0.042441551367322722    0.000000000000000000
4.430    0.000344973582350989    -0.000209445004137598    0.000000000000000000    -0.007727318324297384    0.048491140087150324    0.000000000000000000
4.435    0.000356893831177498    -0.000216634745931703    0.000000000000000000    -0.002982943266432742    0.054136520247533189    0.000000000000000000
4.440    0.000368739506422347    -0.000222471074719619    0.000000000000000000    0.000717140838757228    0.059343180274342225    0.000000000000000000
4.445    0.000380603110188164    -0.000226823824000676    0.000000000000000000    0.003523901532756935    0.063865572069817703    0.000000000000000000
4.450    0.000392554811492300    -0.000229579933979989    0.000000000000000000    0.005988776864310034    0.067759977730006027    0.000000000000000000
4.455    0.000404656232218044    -0.000230642044516051    0.000000000000000000    0.007967402378642342    0.070920241344134272    0.000000000000000000
4.460    0.000416956838003254    -0.000229931149018509    0.000000000000000000    0.009573935017942979    0.073720828064852570    0.000000000000000000
4.465    0.000429496792163913    -0.000227377232819347    0.000000000000000000    0.010824830688593422    0.075869002828514873    0.000000000000000000
4.470    0.000442307367091787    -0.000222926591549471    0.000000000000000000    0.011174338293107149    0.077729998936869105    0.000000000000000000
4.475    0.000455397300476988    -0.000216532700306174    0.000000000000000000    0.011370683829781125    0.079206274793590728    0.000000000000000000
4.480    0.000468771500957933    -0.000208158652193037    0.000000000000000000    0.010780612426709336    0.079935349553235044    0.000000000000000000
4.485    0.000482415216749547    -0.000197786220341069    0.000000000000000000    0.009751270778402855    0.080085209692278211    0.000000000000000000
4.490    0.000496302714310620    -0.000185411658246794    0.000000000000000000    0.007624249104293962    0.079597091677278867    0.000000000000000000
4.495    0.000510380818099301    -0.000171047168860588    0.000000000000000000    0.005239233553232941    0.078199423050864456    0.000000000000000000
4.500    0.000524589902726813    -0.000154727693898109    0.000000000000000000    0.002171602480442736    0.075595576181743715    0.000000000000000000
4.505    0.000538853277416335    -0.000136518329531087    0.000000000000000000    -0.001701375927040151    0.072026796526166198    0.000000000000000000
4.510    0.000553074117707682    -0.000116508295250911    0.000000000000000000    -0.005688203071497339    0.067261121316192871    0.000000000000000000
4.515    0.000567152752922241    -0.000094816732937830    0.000000000000000000    -0.010293705968032925    0.061125667460445836    0.000000000000000000
4.520    0.000580974045487600    -0.000071597028938238    0.000000000000000000    -0.014331021626562759    0.053928445381301350    0.000000000000000000
4.525    0.000594437062512294    -0.000047029113804113    0.000000000000000000    -0.018065420847187229    0.045865587732825265    0.000000000000000000
4.530    0.000607448444015809    -0.000021314558976668    0.000000000000000000    -0.021071730847170220    0.037178071469103492    0.000000000000000000
4.535    0.000619933032248144    0.000005329447637505    0.000000000000000000    -0.023026445849388434    0.027868856266277484    0.000000000000000000
4.540    0.000631841959334245    0.000032670175658335    0.000000000000000000    -0.023985530112034803    0.017751591059073119    0.000000000000000000
4.545    0.000643151248167545    0.000060454693455641    0.000000000000000000    -0.023978708265188706    0.007529682896144189    0.000000000000000000
4.550    0.000653861069294215    0.000088427453325352    0.000000000000000000    -0.022662056218675231    -0.002761887979806489    0.000000000000000000
4.555    0.000664004339015418    0.000116331165995567    0.000000000000000000    -0.020297225111032095    -0.013175379861587967    0.000000000000000000
4.560    0.000673640178108846    0.000143905494169242    0.000000000000000000    -0.017121546173177148    -0.023055901604625718    0.000000000000000000
4.565    0.000682847978547944    0.000170903424802802    0.000000000000000000    -0.013248738099875049    -0.031887769963081111    0.000000000000000000
4.570    0.000691724560534545    0.000197104161187285    0.000000000000000000    -0.009036721357103851    -0.039789249635444182    0.000000000000000000
4.575    0.000700375224487219    0.000222310166330881    0.000000000000000000    -0.004885544129073875    -0.046813967632902770    0.000000000000000000
4.580    0.000708903749836665    0.000246345822283655    0.000000000000000000    -0.001790026510294605    -0.052857978822281160    0.000000000000000000
4.585    0.000717387524523355    0.000269060028765872    0.000000000000000000    0.000894894983407245    -0.058138803454735148    0.000000000000000000
4.590    0.000725893671584629    0.000290320765161721    0.000000000000000000    0.003153674876252635    -0.062507906355747669    0.000000000000000000
4.595    0.000734478660517810    0.000310018803898676    0.000000000000000000    0.005308516716146308    -0.066070397806527834    0.000000000000000000
4.600    0.000743196362368895    0.000328065082690468    0.000000000000000000    0.006827613757897852    -0.068892170554844201    0.000000000000000000
4.605    0.000752084754563927    0.000344389057218388    0.000000000000000000    0.007771805076812674    -0.070942966317101036    0.000000000000000000
4.610    0.000761167441885879    0.000358939457588382    0.000000000000000000    0.008896953175852040    -0.072366485103713629    0.000000000000000000
4.615    0.000770472553037227    0.000371680695830782    0.000000000000000000    0.009329466457552033    -0.072744178993601208    0.000000000000000000
4.620    0.000780010900850015    0.000382603329598342    0.000000000000000000    0.009276753441395114    -0.072005267468008657    0.000000000000000000
4.625    0.000789781167498837    0.000391725831679202    0.000000000000000000    0.008826475770083025    -0.070213505024515649    0.000000000000000000
4.630    0.000799772096041911    0.000399092996134449    0.000000000000000000    0.007982706080973331    -0.067120263381869202    0.000000000000000000
4.635    0.000809962592237010    0.000404782154005150    0.000000000000000000    0.006531801861392114    -0.062982903839326781    0.000000000000000000
4.640    0.000820316383478644    0.000408896739279867    0.000000000000000000    0.004932058686865290    -0.058039103975893180    0.000000000000000000
4.645    0.000830793476187449    0.000411560346955187    0.000000000000000000    0.003223544501711195    -0.052564519486160421    0.000000000000000000
4.650    0.000841351157508797    0.000412909841643353    0.000000000000000000    0.000710854550583194    -0.046723615683640606    0.000000000000000000
4.655    0.000851926610193909    0.000413091245939428    0.000000000000000000    -0.001722047032731017    -0.040801953790992398    0.000000000000000000
4.660    0.000862459011703203    0.000412252601390728    0.000000000000000000    -0.004605707988026252    -0.035046990656392371    0.000000000000000000
4.665    0.000872876270512797    0.000410537782075618    0.000000000000000000    -0.007711876157858594    -0.029609776656129485    0.000000000000000000
4.670    0.000883100732418444    0.000408082718344105    0.000000000000000000    -0.010429681562007520    -0.024128626257783475    0.000000000000000000
4.675    0.000893064452285041    0.000405024438956148    0.000000000000000000    -0.012697353205201080    -0.018580360945357616    0.000000000000000000
4.680    0.000902710738321507    0.000401501650544556    0.000000000000000000    -0.014611328206445839    -0.013167935301243265    0.000000000000000000
4.685    0.000911991741152813    0.000397649663750433    0.000000000000000000    -0.015869986198105770    -0.008024530427537535    0.000000000000000000
4.690    0.000920875994329166    0.000393597063695622    0.000000000000000000    -0.016714550037681339    -0.002795139931520245    0.000000000000000000
4.695    0.000929342383754577    0.000389474585142523    0.000000000000000000    -0.017521432230391612    0.002224639888040014    0.000000000000000000
4.700    0.000937370737374228    0.000385407722586625    0.000000000000000000    -0.018414913883924716    0.006660223100917861    0.000000000000000000
4.705    0.000944938718146782    0.000381507365608250    0.000000000000000000    -0.020173621183799777    0.010673435641634418    0.000000000000000000
4.710    0.000952002358389740    0.000377873844520916    0.000000000000000000    -0.022267546047126212    0.013711743117813830    0.000000000000000000
4.715    0.000958509309981520    0.000374583117011527    0.000000000000000000    -0.024306742461132486    0.016000585446836798    0.000000000000000000
4.720    0.000964408593011771    0.000371692404138309    0.000000000000000000    -0.026491007516795360    0.017284445422204118    0.000000000000000000
4.725    0.000969645600854103    0.000369233802400646    0.000000000000000000    -0.028685037441944158    0.018353283431737748    0.000000000000000000
4.730    0.000974165482760386    0.000367234032748777    0.000000000000000000    -0.030801238894723887    0.019243655234436972    0.000000000000000000
4.735    0.000977915333694301    0.000365715354477769    0.000000000000000000    -0.032053346009277423    0.019835037269263795    0.000000000000000000
4.740    0.000980863850977984    0.000364692552138492    0.000000000000000000    -0.033104209984898339    0.020596940756485195    0.000000000000000000
4.745    0.000982984763012045    0.000364184673318127    0.000000000000000000    -0.034127883950449411    0.021275248390992523    0.000000000000000000
4.750    0.000984252477947345    0.000364208675707537    0.000000000000000000    -0.034437738154081271    0.022009257807631931    0.000000000000000000
4.755    0.000984659249428792    0.000364782909542138    0.000000000000000000    -0.034868695861839036    0.022602367914857473    0.000000000000000000
4.760    0.000984194303513693    0.000365922202574610    0.000000000000000000    -0.034391001929590104    0.022879952007849678    0.000000000000000000
4.765    0.000982869582550355    0.000367633494407279    0.000000000000000000    -0.033370294691996080    0.023015891519981464    0.000000000000000000
4.770    0.000980710604219717    0.000369920183527947    0.000000000000000000    -0.032728492895123251    0.022737407249829884    0.000000000000000000
4.775    0.000977733413566701    0.000372775307829861    0.000000000000000000    -0.031931858645497385    0.022043938199571220    0.000000000000000000
4.780    0.000973957926447547    0.000376181530586764    0.000000000000000000    -0.031372919677644800    0.021084114174387599    0.000000000000000000
4.785    0.000969398116336452    0.000380114856198027    0.000000000000000000    -0.030416106311104141    0.019605660845315332    0.000000000000000000
4.790    0.000964077903567579    0.000384538323330422    0.000000000000000000    -0.029662526647719969    0.017643858125700618    0.000000000000000000
4.795    0.000958016127632514    0.000389402886915960    0.000000000000000000    -0.029515819400583766    0.015262908329017732    0.000000000000000000
4.800    0.000951216456212434    0.000394649023209724    0.000000000000000000    -0.029138876555482446    0.012827554012957883    0.000000000000000000
4.805    0.000943688312878466    0.000400215848353812    0.000000000000000000    -0.028798089108366537    0.009958471807282928    0.000000000000000000
4.810    0.000935440217316790    0.000406031635293081    0.000000000000000000    -0.028509111337097007    0.006689645038733625    0.000000000000000000
4.815    0.000926479393971686    0.000412014663358319    0.000000000000000000    -0.027992955137579392    0.003248331786214788    0.000000000000000000
4.820    0.000916818746748143    0.000418078899718213    0.000000000000000000    -0.027418928249781267    -0.000484318975803050    0.000000000000000000
4.825    0.000906472626318355    0.000424131028103711    0.000000000000000000    -0.026772017242930601    -0.004000372371235506    0.000000000000000000
4.830    0.000895457205457494    0.000430083147179928    0.000000000000000000    -0.026050312830570160    -0.007353393574728671    0.000000000000000000
4.835    0.000883790526775869    0.000435851431416778    0.000000000000000000    -0.024980288547823623    -0.010428905888862014    0.000000000000000000
4.840    0.000871499340880548    0.000441358993006405    0.000000000000000000    -0.024077775952276344    -0.013377232273743822    0.000000000000000000
4.845    0.000858606210586420    0.000446532123789189    0.000000000000000000    -0.023136818815255172    -0.016136945207901893    0.000000000000000000
4.850    0.000845134659821911    0.000451301830941776    0.000000000000000000    -0.022508357908428665    -0.018484374094136346    0.000000000000000000
4.855    0.000831100400109691    0.000455609428742009    0.000000000000000000    -0.022284485234956401    -0.020172458626299423    0.000000000000000000
4.860    0.000816509028266597    0.000459412715076584    0.000000000000000000    -0.022087090333590062    -0.021591412155668593    0.000000000000000000
4.865    0.000801365479165163    0.000462676216107268    0.000000000000000000    -0.021935577152474087    -0.022497630917926205    0.000000000000000000
4.870    0.000785673540634918    0.000465377276365004    0.000000000000000000    -0.022115764997578807    -0.022866397670845764    0.000000000000000000
4.875    0.000769428707979733    0.000467506676680969    0.000000000000000000    -0.022725341251822288    -0.023047568252858829    0.000000000000000000
4.880    0.000752615741793252    0.000469059887790612    0.000000000000000000    -0.023239572177697135    -0.022949827282873255    0.000000000000000000
4.885    0.000735221786302329    0.000470039353218183    0.000000000000000000    -0.023303904489965256    -0.022758919508544719    0.000000000000000000
4.890    0.000717245233199157    0.000470449845658041    0.000000000000000000    -0.022762666066788485    -0.022666296616885746    0.000000000000000000
4.895    0.000698699613444316    0.000470293680682476    0.000000000000000000    -0.023326588549331395    -0.022386179476822834    0.000000000000000000
4.900    0.000679570828975740    0.000469577861219991    0.000000000000000000    -0.023388226567276280    -0.022179823214419584    0.000000000000000000
4.905    0.000659857338842984    0.000468307546177146    0.000000000000000000    -0.022850120550759953    -0.022067782733663655    0.000000000000000000
4.910    0.000639572595696458    0.000466485536565959    0.000000000000000000    -0.022754881471385296    -0.022255192237896279    0.000000000000000000
4.915    0.000618718980513147    0.000464107147148824    0.000000000000000000    -0.021779992108671674    -0.022508179731404749    0.000000000000000000
4.920    0.000597320865527120    0.000461166053238404    0.000000000000000000    -0.020036122360396307    -0.022881049326966760    0.000000000000000000
4.925    0.000575421847482082    0.000457652933094811    0.000000000000000000    -0.018237756380531066    -0.023460720485126308    0.000000000000000000
4.930    0.000553066885527532    0.000453553294939089    0.000000000000000000    -0.016363754511590500    -0.024278782700666406    0.000000000000000000
4.935    0.000530302829710191    0.000448846687215850    0.000000000000000000    -0.014128971603773535    -0.024978618761353072    0.000000000000000000
4.940    0.000507185549602757    0.000443515614023577    0.000000000000000000    -0.012186285323662234    -0.025537508213276106    0.000000000000000000
4.945    0.000483763612362231    0.000437546103125973    0.000000000000000000    -0.010174438357353835    -0.025952069178938279    0.000000000000000000
4.950    0.000460087314162771    0.000430927790498895    0.000000000000000000    -0.008537038009093570    -0.026146442408702449    0.000000000000000000
4.955    0.000436197590013083    0.000423655816811600    0.000000000000000000    -0.007084627511905368    -0.026085705760925306    0.000000000000000000
4.960    0.000412130750175598    0.000415731700480281    0.000000000000000000    -0.004973810343456963    -0.025392135892170296    0.000000000000000000
4.965    0.000387939565079527    0.000407172780751659    0.000000000000000000    -0.002716596702102055    -0.024416129868274749    0.000000000000000000
4.970    0.000363680465065903    0.000398003457776329    0.000000000000000000    0.000331916477241435    -0.022775408573671042    0.000000000000000000
4.975    0.000339429662964210    0.000388264749586657    0.000000000000000000    0.003395713767046556    -0.020714849853803886    0.000000000000000000
4.980    0.000315263753706693    0.000378008170150641    0.000000000000000000    0.005994151228761770    -0.018729374853467158    0.000000000000000000
4.985    0.000291247698229896    0.000367283356343288    0.000000000000000000    0.009014932690492878    -0.016702239483204484    0.000000000000000000
4.990    0.000267457016070360    0.000356140986548854    0.000000000000000000    0.012415268649558758    -0.014569332913961456    0.000000000000000000
4.995    0.000243976715627064    0.000344634383431572    0.000000000000000000    0.015715843679378443    -0.012474820144828085    0.000000000000000000
5.000    0.000220889311275752    0.000332815909810669    0.000000000000000000    0.019329632826630076    -0.010312921063697703    0.000000000000000000
5.005    0.000198285147745106    0.000320739613163174    0.000000000000000000    0.022963067253416788    -0.008011807891524555    0.000000000000000000
5.010    0.000176255060895795    0.000308463021318390    0.000000000000000000    0.026721665274346412    -0.005521514435092266    0.000000000000000000
5.015    0.000154893015678343    0.000296048391612729    0.000000000000000000    0.030443096732276059    -0.002798109301810261    0.000000000000000000
5.020    0.000134292047879198    0.000283563809174523    0.000000000000000000    0.034104210730027687    0.000009806210843344    0.000000000000000000
5.025    0.000114543685348303    0.000271079471891588    0.000000000000000000    0.037937581524096493    0.002982588620059710    0.000000000000000000
5.030    0.000095743762355511    0.000258669699324154    0.000000000000000000    0.041617235436980760    0.006094881263775821    0.000000000000000000
5.035    0.000077984270248643    0.000246412298788315    0.000000000000000000    0.045407458291053235    0.009276012212975325    0.000000000000000000
5.040    0.000061359964599052    0.000234386798557800    0.000000000000000000    0.048667610722370962    0.012425208911705145    0.000000000000000000
5.045    0.000045952349217520    0.000222671928550078    0.000000000000000000    0.050673356638525721    0.015455029207488147    0.000000000000000000
5.050    0.000031811567751951    0.000211343434272543    0.000000000000000000    0.052241482445660258    0.018378877589559500    0.000000000000000000
5.055    0.000018976823347524    0.000200474411934747    0.000000000000000000    0.053890569096588008    0.020931420362713029    0.000000000000000000
5.060    0.000007489343170511    0.000190128675106019    0.000000000000000000    0.054940940499083893    0.023351091864827825    0.000000000000000000
5.065    -0.000002624613494024    0.000180366715573911    0.000000000000000000    0.055897534852600288    0.025383821365390549    0.000000000000000000
5.070    -0.000011341131787245    0.000171239351575939    0.000000000000000000    0.056526606694837771    0.027267695005502891    0.000000000000000000
5.075    -0.000018644484913094    0.000162793679953104    0.000000000000000000    0.057231262207432201    0.029046451558663092    0.000000000000000000
5.080    -0.000024517056483758    0.000155074169619235    0.000000000000000000    0.058135805437609656    0.030274542594185567    0.000000000000000000
5.085    -0.000028936232918482    0.000148111522850221    0.000000000000000000    0.059048952822349059    0.031026229857884433    0.000000000000000000
5.090    -0.000031879185532647    0.000141924531827654    0.000000000000000000    0.059493927140876014    0.031687237803943495    0.000000000000000000
5.095    -0.000033334789968289    0.000136529721750186    0.000000000000000000    0.060000170400646820    0.032027383591627656    0.000000000000000000
5.100    -0.000033290390143916    0.000131935596262508    0.000000000000000000    0.060530095318862165    0.031951171704493402    0.000000000000000000
5.105    -0.000031732737936571    0.000128140250067443    0.000000000000000000    0.060852771339535011    0.031858959279769394    0.000000000000000000
5.110    -0.000028653766445738    0.000125141377854372    0.000000000000000000    0.060948902237612700    0.031568167334773252    0.000000000000000000
5.115    -0.000024051072398965    0.000122931709824671    0.000000000000000000    0.061081701457032206    0.031126361730349258    0.000000000000000000
5.120    -0.000017921335815765    0.000121500200838228    0.000000000000000000    0.060926102706579235    0.030511454252305684    0.000000000000000000
5.125    -0.000010268446664902    0.000120831478208093    0.000000000000000000    0.059939891065776567    0.029720557424298348    0.000000000000000000
5.130    -0.000001117060237393    0.000120905769513565    0.000000000000000000    0.059118071533017541    0.029000260390652344    0.000000000000000000
5.135    0.000009512277978440    0.000121705067328803    0.000000000000000000    0.058632633396852825    0.028362403543168914    0.000000000000000000
5.140    0.000021607432029195    0.000123213425232621    0.000000000000000000    0.058281297342511189    0.027745341411362531    0.000000000000000000
5.145    0.000035159618513513    0.000125415416671723    0.000000000000000000    0.058345248273189994    0.027134157820874697    0.000000000000000000
5.150    0.000050170436204661    0.000128295762056347    0.000000000000000000    0.058684846931063073    0.026431848912087698    0.000000000000000000
5.155    0.000066648375069085    0.000131836903663772    0.000000000000000000    0.058938511625518504    0.025566846184457225    0.000000000000000000
5.160    0.000084599776724147    0.000136017216425810    0.000000000000000000    0.059621856547608057    0.024541017711244464    0.000000000000000000
5.165    0.000104041724792899    0.000140811054630628    0.000000000000000000    0.060790338144357151    0.023833037768363752    0.000000000000000000
5.170    0.000125003431315260    0.000146200718779656    0.000000000000000000    0.061517419480383556    0.022849310831432774    0.000000000000000000
5.175    0.000147503073324631    0.000152161615699469    0.000000000000000000    0.062406380081197727    0.021462972193923974    0.000000000000000000
5.180    0.000171562874836031    0.000158659086924130    0.000000000000000000    0.062713544882919858    0.020124493705857931    0.000000000000000000
5.185    0.000197190514969505    0.000165659670491438    0.000000000000000000    0.062737312553972704    0.018669638167374651    0.000000000000000000
5.190    0.000224386587916828    0.000173126995012931    0.000000000000000000    0.062725033629500465    0.017026890211221859    0.000000000000000000
5.195    0.000253150786704889    0.000181019991789703    0.000000000000000000    0.061682637754851499    0.015174580965688494    0.000000000000000000
5.200    0.000283457051436821    0.000189292353090618    0.000000000000000000    0.060386667609757354    0.013151921977636689    0.000000000000000000
5.205    0.000315272982858996    0.000197893512440974    0.000000000000000000    0.059384966652044430    0.010996616102763954    0.000000000000000000
5.210    0.000348573538447473    0.000206769587193899    0.000000000000000000    0.058342138674425531    0.008985716023209673    0.000000000000000000
5.215    0.000383332647502811    0.000215870304847404    0.000000000000000000    0.057458275727175281    0.007056841028295477    0.000000000000000000
5.220    0.000419528213451328    0.000225147443526617    0.000000000000000000    0.056906519205705136    0.005201630202892726    0.000000000000000000
5.225    0.000457146442379987    0.000234554622960902    0.000000000000000000    0.057167349579259098    0.003781809071613101    0.000000000000000000
5.230    0.000496193855048128    0.000244056347621977    0.000000000000000000    0.058302313754308215    0.002468986614770179    0.000000000000000000
5.235    0.000536698825560127    0.000253619796948422    0.000000000000000000    0.059796416284458274    0.001360125149403374    0.000000000000000000
5.240    0.000578698706479237    0.000263217249403602    0.000000000000000000    0.060980339418991586    0.000572800150709478    0.000000000000000000
5.245    0.000622223095883822    0.000272829021862549    0.000000000000000000    0.062303463391109003    -0.000083437644983302    0.000000000000000000
5.250    0.000667305071873184    0.000282438708380372    0.000000000000000000    0.063699651629512896    -0.000831960936852408    0.000000000000000000
5.255    0.000713979539153285    0.000292027595874773    0.000000000000000000    0.064481229499592854    -0.001816396382539609    0.000000000000000000
5.260    0.000762266037170875    0.000301571073459611    0.000000000000000000    0.064355408037073195    -0.003167311641081964    0.000000000000000000
5.265    0.000812161420389392    0.000311035368253422    0.000000000000000000    0.063031080659195313    -0.004827700501401893    0.000000000000000000
5.270    0.000863632580624389    0.000320378970534698    0.000000000000000000    0.061567804807757115    -0.007057016615920429    0.000000000000000000
5.275    0.000916642935979580    0.000329546147400576    0.000000000000000000    0.060040414311315210    -0.010006541110341334    0.000000000000000000
5.280    0.000971154301692554    0.000338463160738695    0.000000000000000000    0.058385494994765003    -0.013498239960550804    0.000000000000000000
5.285    0.001027125304780397    0.000347042718077801    0.000000000000000000    0.056726347738536749    -0.017587932879137985    0.000000000000000000
5.290    0.001084514466561704    0.000355182577094928    0.000000000000000000    0.055921961037482676    -0.022114913108815283    0.000000000000000000
5.295    0.001143301677368947    0.000362769563284335    0.000000000000000000    0.056462610780894790    -0.026873763405955379    0.000000000000000000
5.300    0.001203500453445713    0.000369684705388592    0.000000000000000000    0.057791640104328662    -0.031888031553611168    0.000000000000000000
5.305    0.001265144020525087    0.000375802646704010    0.000000000000000000    0.059885601114079492    -0.036655247871971233    0.000000000000000000
5.310    0.001328284727632313    0.000381004206822628    0.000000000000000000    0.062506122338081005    -0.041005836983500077    0.000000000000000000
5.315    0.001392988087797991    0.000385180621016659    0.000000000000000000    0.065254059250273791    -0.044555811512044137    0.000000000000000000
5.320    0.001459322799444926    0.000388243139922889    0.000000000000000000    0.067512204373482154    -0.047513177608038845    0.000000000000000000
5.325    0.001527345316201198    0.000390117829388918    0.000000000000000000    0.067869835792440381    -0.049666986770748739    0.000000000000000000
5.330    0.001597064578852281    0.000390750844185678    0.000000000000000000    0.066374224391100439    -0.050946864334690686    0.000000000000000000
5.335    0.001668443197113141    0.000390110187374070    0.000000000000000000    0.062330730496249626    -0.051531412917033087    0.000000000000000000
5.340    0.001741380083636408    0.000388181245239537    0.000000000000000000    0.055671724765908939    -0.051318187848188243    0.000000000000000000
5.345    0.001815708763278822    0.000384969348408799    0.000000000000000000    0.046161932944072115    -0.050207044828244007    0.000000000000000000
5.350    0.001891191491244838    0.000380502275457356    0.000000000000000000    0.034365113545323928    -0.048276136384551527    0.000000000000000000
5.355    0.001967533347049488    0.000374828299096298    0.000000000000000000    0.020736721598581601    -0.045532135825325414    0.000000000000000000
5.360    0.002044393620894102    0.000368016019339607    0.000000000000000000    0.005609936625048523    -0.041782680841454582    0.000000000000000000
5.365    0.002121394143154342    0.000360159172561880    0.000000000000000000    -0.010282228400937399    -0.037236119103541652    0.000000000000000000
5.370    0.002198137609704558    0.000351371422806564    0.000000000000000000    -0.025809915210964207    -0.031728348847466933    0.000000000000000000
5.375    0.002274235828374501    0.000341790464330062    0.000000000000000000    -0.040155082119963659    -0.025347165836684879    0.000000000000000000
5.380    0.002349330169991444    0.000331575826707642    0.000000000000000000    -0.052896605116699996    -0.018486341115254816    0.000000000000000000
5.385    0.002423102096480470    0.000320899030557341    0.000000000000000000    -0.063655790759151870    -0.011443515384804148    0.000000000000000000
5.390    0.002495282628200517    0.000309936146522420    0.000000000000000000    -0.071872599198084114    -0.004810352281950196    0.000000000000000000
5.395    0.002565666344940612    0.000298853003680450    0.000000000000000000    -0.077942541766538864    0.001469472143778103    0.000000000000000000
5.400    0.002634101498136544    0.000287806597642075    0.000000000000000000    -0.081862504066280289    0.007061522920373282    0.000000000000000000
5.405    0.002700490088730819    0.000276936729676709    0.000000000000000000    -0.083906179927789593    0.011954479234249724    0.000000000000000000
5.410    0.002764781024826898    0.000266365723692199    0.000000000000000000    -0.084805068087216717    0.016125275192550685    0.000000000000000000
5.415    0.002826951834220798    0.000256197849587504    0.000000000000000000    -0.084600916783889035    0.019771876763954865    0.000000000000000000
5.420    0.002887007620695100    0.000246524272401906    0.000000000000000000    -0.084250747231940509    0.022641871975043280    0.000000000000000000
5.425    0.002944957138488604    0.000237416742015685    0.000000000000000000    -0.083859030137918567    0.024876057661670642    0.000000000000000000
5.430    0.003000810180528659    0.000228931113071006    0.000000000000000000    -0.084226273930829154    0.026566373925799830    0.000000000000000000
5.435    0.003054557565720444    0.000221109643474472    0.000000000000000000    -0.085004624689674624    0.027549989435079851    0.000000000000000000
5.440    0.003106179835294987    0.000213976923613815    0.000000000000000000    -0.085938475960015137    0.028191156724372737    0.000000000000000000
5.445    0.003155653642970530    0.000207548982671267    0.000000000000000000    -0.087309350185835882    0.028290822773964670    0.000000000000000000
5.450    0.003202944716891427    0.000201828312298068    0.000000000000000000    -0.089036622773486229    0.028119606982414693    0.000000000000000000
5.455    0.003248009875242987    0.000196810632099430    0.000000000000000000    -0.090515725732469993    0.027485019785849010    0.000000000000000000
5.460    0.003290812140451235    0.000192480077395437    0.000000000000000000    -0.091137350424624897    0.026568663814354212    0.000000000000000000
5.465    0.003331335971898867    0.000188813739286804    0.000000000000000000    -0.091544208080281131    0.025647521598748953    0.000000000000000000
5.470    0.003369571198144492    0.000185788589218139    0.000000000000000000    -0.091307380469442950    0.024611628177058666    0.000000000000000000
5.475    0.003405523739878381    0.000183378729853901    0.000000000000000000    -0.090212587197154720    0.023513726609016405    0.000000000000000000
5.480    0.003439220966932342    0.000181556713654888    0.000000000000000000    -0.088561365254816865    0.022078983233641016    0.000000000000000000
5.485    0.003470704159854932    0.000180286672036717    0.000000000000000000    -0.086747020388612539    0.020574567383669327    0.000000000000000000
5.490    0.003500018677267806    0.000179530994603137    0.000000000000000000    -0.084718776229650988    0.018885544011987970    0.000000000000000000
5.495    0.003527215225274940    0.000179247455769856    0.000000000000000000    -0.082458011339270332    0.016813628396079815    0.000000000000000000
5.500    0.003552350322998591    0.000179384257646478    0.000000000000000000    -0.080783068753757098    0.014636226431181043    0.000000000000000000
5.505    0.003575465844003399    0.000179886965183879    0.000000000000000000    -0.079631229051406460    0.012557844728393634    0.000000000000000000
5.510    0.003596590584281921    0.000180703618839490    0.000000000000000000    -0.078492672632435312    0.010409645594880576    0.000000000000000000
5.515    0.003615753007744633    0.000181780513634973    0.000000000000000000    -0.077859258441476120    0.008028615519385662    0.000000000000000000
5.520    0.003632968949746308    0.000183058123818441    0.000000000000000000    -0.077487270479219966    0.005346224402435042    0.000000000000000000
5.525    0.003648247709986002    0.000184469389611970    0.000000000000000000    -0.076950137052420736    0.002491523076066484    0.000000000000000000
5.530    0.003661602716799385    0.000185942943482400    0.000000000000000000    -0.076663408785197784    -0.000392874825943341    0.000000000000000000
5.535    0.003673041138393139    0.000187406675482182    0.000000000000000000    -0.075809919751999855    -0.003168953556009551    0.000000000000000000
5.540    0.003682584311993093    0.000188791183643063    0.000000000000000000    -0.074477686486298239    -0.005761059555796670    0.000000000000000000
5.545    0.003690265543430889    0.000190031665315050    0.000000000000000000    -0.073680882577628615    -0.008133808458918312    0.000000000000000000
5.550    0.003696104752804245    0.000191068801775563    0.000000000000000000    -0.072440437717483791    -0.010425751940530128    0.000000000000000000
5.555    0.003700132951234663    0.000191845294437563    0.000000000000000000    -0.070498495192104771    -0.012505787237474756    0.000000000000000000
5.560    0.003702398687285279    0.000192309142418627    0.000000000000000000    -0.069067936512411804    -0.014090611270512962    0.000000000000000000
5.565    0.003702937724923085    0.000192420725117927    0.000000000000000000    -0.068014464565755578    -0.015248551034203984    0.000000000000000000
5.570    0.003701776400946746    0.000192151094041373    0.000000000000000000    -0.068163814330394340    -0.016166232981515555    0.000000000000000000
5.575    0.003698910981612148    0.000191477307140281    0.000000000000000000    -0.068686257123241196    -0.016846093073841217    0.000000000000000000
5.580    0.003694328405849469    0.000190382367912342    0.000000000000000000    -0.069323333160686146    -0.017136371504151936    0.000000000000000000
5.585    0.003688012746757772    0.000188859019396800    0.000000000000000000    -0.070131997429549731    -0.017412340785566503    0.000000000000000000
5.590    0.003679943787730337    0.000186900362361619    0.000000000000000000    -0.070584502858354187    -0.017372508532393586    0.000000000000000000
5.595    0.003670110216131443    0.000184507392613127    0.000000000000000000    -0.071179879103412669    -0.016990675236066861    0.000000000000000000
5.600    0.003658497147554964    0.000181689655983734    0.000000000000000000    -0.071485907591137265    -0.016514663105030979    0.000000000000000000
5.605    0.003645096931288706    0.000178459052776716    0.000000000000000000    -0.070876167680943014    -0.016034908888427901    0.000000000000000000
5.610    0.003629924810830425    0.000174827576847486    0.000000000000000000    -0.070398572022869338    -0.015427678803171590    0.000000000000000000
5.615    0.003612992726071572    0.000170810408948178    0.000000000000000000    -0.069706582752245005    -0.014299150316150972    0.000000000000000000
5.620    0.003594317976743913    0.000166435762290965    0.000000000000000000    -0.068468395225361467    -0.012788399269130250    0.000000000000000000
5.625    0.003573931517535620    0.000161741405652025    0.000000000000000000    -0.067405699335706948    -0.011004920506838076    0.000000000000000000
5.630    0.003551859915843934    0.000156771926000413    0.000000000000000000    -0.066464509411601896    -0.009021322045968784    0.000000000000000000
5.635    0.003528126701416958    0.000151576913297652    0.000000000000000000    -0.065078096806881619    -0.006548134352577341    0.000000000000000000
5.640    0.003502766534569810    0.000146218197236077    0.000000000000000000    -0.063182894777143173    -0.004072404781285243    0.000000000000000000
5.645    0.003475826795353233    0.000140757671054970    0.000000000000000000    -0.061049569076744581    -0.001556374955308118    0.000000000000000000
5.650    0.003447360816909738    0.000135258235499979    0.000000000000000000    -0.058605765421750056    0.001050860680141793    0.000000000000000000
5.655    0.003417429694330699    0.000129785071461993    0.000000000000000000    -0.055494503875073292    0.003081789767244705    0.000000000000000000
5.660    0.003386111209154784    0.000124388952168187    0.000000000000000000    -0.051798171195379522    0.004954176078855429    0.000000000000000000
5.665    0.003353497769698983    0.000119116687276353    0.000000000000000000    -0.047082490636958518    0.006482391381295574    0.000000000000000000
5.670    0.003319707267977259    0.000114006482169052    0.000000000000000000    -0.042202106608855289    0.007457687660826062    0.000000000000000000
5.675    0.003284861713590314    0.000109082719253271    0.000000000000000000    -0.037837148530502768    0.008100271993250006    0.000000000000000000
5.680    0.003249070230490105    0.000104361463137321    0.000000000000000000    -0.033306128634606746    0.008343585218092585    0.000000000000000000
5.685    0.003212446094174032    0.000099848796651823    0.000000000000000000    -0.029279663907814252    0.008099156275768495    0.000000000000000000
5.690    0.003175089966260264    0.000095538609073220    0.000000000000000000    -0.025676271436462367    0.007681743354535204    0.000000000000000000
5.695    0.003137091931560583    0.000091420465078480    0.000000000000000000    -0.022210785131440702    0.006893671654780950    0.000000000000000000
5.700    0.003098538627232617    0.000087474662875110    0.000000000000000000    -0.018698843040985264    0.006067955643848243    0.000000000000000000
5.705    0.003059517851828626    0.000083680559562836    0.000000000000000000    -0.015654160897254216    0.005059308619891436    0.000000000000000000
5.710    0.003020105722402204    0.000080012938966059    0.000000000000000000    -0.011993494832759910    0.003822163986420585    0.000000000000000000
5.715    0.002980393755604963    0.000076440872468942    0.000000000000000000    -0.008153036911463796    0.002215084319304650    0.000000000000000000
5.720    0.002940477962884935    0.000072924183079809    0.000000000000000000    -0.003976231804665026    0.000858663164157768    0.000000000000000000
5.725    0.002900462764369790    0.000069428960269779    0.000000000000000000    0.000921484159133873    -0.000369783172433761    0.000000000000000000
5.730    0.002860470602958624    0.000065924492880438    0.000000000000000000    0.006411498780865138    -0.001727848740059007    0.000000000000000000
5.735    0.002820638729016980    0.000062376829272596    0.000000000000000000    0.013773401854252909    -0.002835129990850626    0.000000000000000000
5.740    0.002781151190121692    0.000058758287414983    0.000000000000000000    0.021851226667639334    -0.003654570904667144    0.000000000000000000
5.745    0.002742209931893095    0.000055048381284753    0.000000000000000000    0.030548505647893381    -0.004508658804216276    0.000000000000000000
5.750    0.002704032386305695    0.000051225758684417    0.000000000000000000    0.039955682750326266    -0.005554255172198863    0.000000000000000000
5.755    0.002666853732787053    0.000047264279704777    0.000000000000000000    0.049602166032908929    -0.006576366374534930    0.000000000000000000
5.760    0.002630915133419234    0.000043138391565773    0.000000000000000000    0.059426419240452694    -0.008067022868920302    0.000000000000000000
5.765    0.002596462194532427    0.000038810827855046    0.000000000000000000    0.069007443006079139    -0.009867158406167026    0.000000000000000000
5.770    0.002563734441720771    0.000034236585184165    0.000000000000000000    0.077147366873524248    -0.011811807582308398    0.000000000000000000
5.775    0.002532935373080953    0.000029367047323726    0.000000000000000000    0.083933553524200011    -0.014021951448491844    0.000000000000000000
5.780    0.002504234643279241    0.000024146960677075    0.000000000000000000    0.088837241265619926    -0.016508906855458114    0.000000000000000000
5.785    0.002477754844509169    0.000018514151359038    0.000000000000000000    0.091907030812278523    -0.018880023745210774    0.000000000000000000
5.790    0.002453572721509404    0.000012409341447370    0.000000000000000000    0.092394786406196222    -0.020723270429828675    0.000000000000000000
5.795    0.002431700468169793    0.000005786449774957    0.000000000000000000    0.090612377125921101    -0.022035074307067727    0.000000000000000000
5.800    0.002412093524258331    -0.000001387318755133    0.000000000000000000    0.086623505953786761    -0.022774976084318822    0.000000000000000000
5.805    0.002394652167995714    -0.000009130461687331    0.000000000000000000    0.080799903356913033    -0.023021724809729457    0.000000000000000000
5.810    0.002379230809317019    -0.000017449147739773    0.000000000000000000    0.074408495440263234    -0.022216170425080357    0.000000000000000000
5.815    0.002365669663024331    -0.000026323238052841    0.000000000000000000    0.067148659241948738    -0.020414998636314737    0.000000000000000000
5.820    0.002353787233212692    -0.000035707703331817    0.000000000000000000    0.059247748659899818    -0.017928935115542274    0.000000000000000000
5.825    0.002343385997117550    -0.000045540391988682    0.000000000000000000    0.050897421492394207    -0.014411962822096445    0.000000000000000000
5.830    0.002334257196559718    -0.000055733379716099    0.000000000000000000    0.042093411912608181    -0.010569552652380170    0.000000000000000000
5.835    0.002326180731299701    -0.000066190606259826    0.000000000000000000    0.033342607883325714    -0.006428531423457486    0.000000000000000000
5.840    0.002318937831236767    -0.000076808546089139    0.000000000000000000    0.024575022712965827    -0.002176245005424261    0.000000000000000000
5.845    0.002312309306741658    -0.000087480892043588    0.000000000000000000    0.015717261710231772    0.001760590521587314    0.000000000000000000
5.850    0.002306073713789304    -0.000098109223234997    0.000000000000000000    0.006374814826900360    0.005227345581237247    0.000000000000000000
5.855    0.002299997491207623    -0.000108606870786875    0.000000000000000000    -0.003052484013488926    0.007957881663224042    0.000000000000000000
5.860    0.002293844956525605    -0.000118905571297173    0.000000000000000000    -0.012338528398558174    0.009831790447962152    0.000000000000000000
5.865    0.002287383958633622    -0.000128958477046271    0.000000000000000000    -0.021168700045318817    0.011048209072328508    0.000000000000000000
5.870    0.002280393743240507    -0.000138735177568561    0.000000000000000000    -0.029041358416605906    0.011430333852902996    0.000000000000000000
5.875    0.002272677493886976    -0.000148226119744529    0.000000000000000000    -0.035509005691745227    0.011078219377902649    0.000000000000000000
5.880    0.002264073519391152    -0.000157440106436049    0.000000000000000000    -0.040433174088184282    0.010349673103661559    0.000000000000000000
5.885    0.002254458715543123    -0.000166395351299978    0.000000000000000000    -0.043138839915888433    0.009255153824965900    0.000000000000000000
5.890    0.002243765440697197    -0.000175119217318282    0.000000000000000000    -0.044531882015738655    0.008230928229732140    0.000000000000000000
5.895    0.002231958868800878    -0.000183637310130843    0.000000000000000000    -0.044431174241327254    0.007344929303070968    0.000000000000000000
5.900    0.002219041517548525    -0.000191971779710828    0.000000000000000000    -0.042577285331926729    0.006662740975885628    0.000000000000000000
5.905    0.002205059734162875    -0.000200139680766415    0.000000000000000000    -0.039918626867502249    0.006472684236432259    0.000000000000000000
5.910    0.002190079985105536    -0.000208145764716091    0.000000000000000000    -0.036313751452833609    0.006473854243989894    0.000000000000000000
5.915    0.002174192392261877    -0.000215990002309668    0.000000000000000000    -0.032362603796173839    0.006445944338391227    0.000000000000000000
5.920    0.002157495734323314    -0.000223673091294785    0.000000000000000000    -0.028884654691366946    0.006554345603808570    0.000000000000000000
5.925    0.002140076960017466    -0.000231192321639807    0.000000000000000000    -0.025794501737827491    0.006546160344926208    0.000000000000000000
5.930    0.002122013323168173    -0.000238547897976205    0.000000000000000000    -0.022036698887045042    0.006361348213168019    0.000000000000000000
5.935    0.002103398768846703    -0.000245744440607274    0.000000000000000000    -0.018506199099023457    0.006413156888509380    0.000000000000000000
5.940    0.002084321559547758    -0.000252780654316131    0.000000000000000000    -0.015151938491907158    0.006639631509831531    0.000000000000000000
5.945    0.002064865551786515    -0.000259650877237242    0.000000000000000000    -0.011644055157179062    0.007199298436865766    0.000000000000000000
5.950    0.002045118442646343    -0.000266341117697431    0.000000000000000000    -0.008833127744904690    0.008467557431094622    0.000000000000000000
5.955    0.002025150505312548    -0.000272819669221843    0.000000000000000000    -0.005780326436614219    0.010305617549851483    0.000000000000000000
5.960    0.002005038059817838    -0.000279040580307508    0.000000000000000000    -0.002628441524901021    0.012497401807162398    0.000000000000000000
5.965    0.001984859903285005    -0.000284949056347995    0.000000000000000000    0.000580041391463199    0.014965621809742181    0.000000000000000000
5.970    0.001964696247786959    -0.000290483391843238    0.000000000000000000    0.004001241209611317    0.017024425957316760    0.000000000000000000
5.975    0.001944632623319153    -0.000295592116689547    0.000000000000000000    0.007619899110179046    0.018701748459918049    0.000000000000000000
5.980    0.001924759496329102    -0.000300233297824359    0.000000000000000000    0.011577815711948103    0.019987565286262200    0.000000000000000000
5.985    0.001905175814731849    -0.000304374789827015    0.000000000000000000    0.015564241790388955    0.020677809461819817    0.000000000000000000
5.990    0.001885981239179356    -0.000307999336593125    0.000000000000000000    0.019384708508027315    0.020766914565748841    0.000000000000000000
5.995    0.001867271281339564    -0.000311104710495091    0.000000000000000000    0.023107908978586486    0.020412729622391185    0.000000000000000000
6.000    0.001849139021224236    -0.000313699766156498    0.000000000000000000    0.025808487751537504    0.019856218318238007    0.000000000000000000
6.005    0.001831651973302697    -0.000315798416359948    0.000000000000000000    0.027347396970881996    0.018923495423005688    0.000000000000000000
6.010    0.001814848610305430    -0.000317423979177823    0.000000000000000000    0.028459933112123803    0.017447984953179643    0.000000000000000000
6.015    0.001798756745635966    -0.000318613342371869    0.000000000000000000    0.028025006241130107    0.015967499679165210    0.000000000000000000
6.020    0.001783365506122530    -0.000319403518073936    0.000000000000000000    0.026946497519112628    0.014498895551740346    0.000000000000000000
6.025    0.001768647929047072    -0.000319831221387209    0.000000000000000000    0.025706686822861077    0.013135637291937161    0.000000000000000000
6.030    0.001754573019142186    -0.000319930533768184    0.000000000000000000    0.024149473826610979    0.011944423104917699    0.000000000000000000
6.035    0.001741101846082964    -0.000319731235571536    0.000000000000000000    0.022550516279645424    0.011110559897816417    0.000000000000000000
6.040    0.001728194435930734    -0.000319254173377442    0.000000000000000000    0.021921842856533966    0.010970330148662652    0.000000000000000000
6.045    0.001715835071849918    -0.000318502852929632    0.000000000000000000    0.021245925263639609    0.011350864133074807    0.000000000000000000
6.050    0.001704006855900692    -0.000317467760878495    0.000000000000000000    0.021359057046452939    0.012484887992520767    0.000000000000000000
6.055    0.001692712616377628    -0.000316120546627545    0.000000000000000000    0.022255257212510510    0.014033380183503703    0.000000000000000000
6.060    0.001681974758284876    -0.000314422497872008    0.000000000000000000    0.023565038923282697    0.015834773899646784    0.000000000000000000
6.065    0.001671826026165206    -0.000312328579768979    0.000000000000000000    0.025542329418039647    0.017765239306002847    0.000000000000000000
6.070    0.001662315852280988    -0.000309790530683300    0.000000000000000000    0.027473287941039148    0.019860653191878207    0.000000000000000000
6.075    0.001653492510595295    -0.000306755965267824    0.000000000000000000    0.029033107804962363    0.021634893451615185    0.000000000000000000
6.080    0.001645394996604727    -0.000303180527516058    0.000000000000000000    0.030557679255869066    0.023380965380624327    0.000000000000000000
6.085    0.001638061424595555    -0.000299020565629776    0.000000000000000000    0.031286016115104204    0.025158934143130422    0.000000000000000000
6.090    0.001631510002989261    -0.000294231630389916    0.000000000000000000    0.031107000605734916    0.026612899229935382    0.000000000000000000
6.095    0.001625736256398110    -0.000288777372669308    0.000000000000000000    0.030957626599254981    0.027733660025461640    0.000000000000000000
6.100    0.001620736450471941    -0.000282629773448063    0.000000000000000000    0.029927556228007135    0.028723833568613470    0.000000000000000000
6.105    0.001616484833451471    -0.000275764078387603    0.000000000000000000    0.028219022265530899    0.029343898496276329    0.000000000000000000
6.110    0.001612938691987640    -0.000268164785864735    0.000000000000000000    0.025918259455729245    0.029716423093730567    0.000000000000000000
6.115    0.001610040507010203    -0.000259822582764525    0.000000000000000000    0.023419414940141492    0.029964683871150193    0.000000000000000000
6.120    0.001607727807406268    -0.000250731262567536    0.000000000000000000    0.020873654907353420    0.029763920532527299    0.000000000000000000
6.125    0.001605936949175018    -0.000240895844357233    0.000000000000000000    0.017549735649999634    0.029212551537211983    0.000000000000000000
6.130    0.001604584834335018    -0.000230330112358501    0.000000000000000000    0.013789205964122656    0.028105487998553950    0.000000000000000000
6.135    0.001603577449644120    -0.000219061743159804    0.000000000000000000    0.010171775052273888    0.026631844222584685    0.000000000000000000
6.140    0.001602824359329530    -0.000207127577855543    0.000000000000000000    0.007135642725464991    0.024616091242167123    0.000000000000000000
6.145    0.001602249660083076    -0.000194578010270228    0.000000000000000000    0.003901658561025756    0.021923806824089172    0.000000000000000000
6.150    0.001601772502300648    -0.000181480347514310    0.000000000000000000    0.000585551568760279    0.018912488623139614    0.000000000000000000
6.155    0.001601309983307438    -0.000167909872542814    0.000000000000000000    -0.002550816777810785    0.015611408984156231    0.000000000000000000
6.160    0.001600783693894784    -0.000153949112346714    0.000000000000000000    -0.005823276038006975    0.012496426814388164    0.000000000000000000
6.165    0.001600111822581179    -0.000139675941480254    0.000000000000000000    -0.009285505811638603    0.009630993783951453    0.000000000000000000
6.170    0.001599207813622284    -0.000125161995769196    0.000000000000000000    -0.011962425128563339    0.007238783280541679    0.000000000000000000
6.175    0.001598004744035174    -0.000110467080476124    0.000000000000000000    -0.014419997724250330    0.005306798681856172    0.000000000000000000
6.180    0.001596441174504958    -0.000095639495216005    0.000000000000000000    -0.016557682633233303    0.003826933498161434    0.000000000000000000
6.185    0.001594463662908911    -0.000080716236618433    0.000000000000000000    -0.017935373414230266    0.002556564100967998    0.000000000000000000
6.190    0.001592037766977509    -0.000065729063918336    0.000000000000000000    -0.019194106826089796    0.001404695883370013    0.000000000000000000
6.195    0.001589132018375454    -0.000050706773821155    0.000000000000000000    -0.020206421032500574    0.000197425175463913    0.000000000000000000
6.200    0.001585721109247587    -0.000035679548094588    0.000000000000000000    -0.021299191898908887    -0.001140171315175105    0.000000000000000000
6.205    0.001581777720322247    -0.000020680826650900    0.000000000000000000    -0.022426053192725268    -0.002231532780216374    0.000000000000000000
6.210    0.001577273680067088    -0.000005737893526717    0.000000000000000000    -0.023222137773698526    -0.003247618611735328    0.000000000000000000
6.215    0.001572189086367588    0.000009123849132172    0.000000000000000000    -0.023889300219195886    -0.004770830604344822    0.000000000000000000
6.220    0.001566507260162607    0.000023866321025953    0.000000000000000000    -0.024436303177359162    -0.006516525194583111    0.000000000000000000
6.225    0.001560214526378193    0.000038445879789869    0.000000000000000000    -0.024588975646869585    -0.008311940611511201    0.000000000000000000
6.230    0.001553307068202607    0.000052817640038497    0.000000000000000000    -0.024673587835010932    -0.010193542024566427    0.000000000000000000
6.235    0.001545782770331145    0.000066934561736512    0.000000000000000000    -0.024557635588604021    -0.011822732961134856    0.000000000000000000
6.240    0.001537644531569969    0.000080755915110497    0.000000000000000000    -0.023836653406991010    -0.013434409587858197    0.000000000000000000
6.245    0.001528910376473617    0.000094241408244787    0.000000000000000000    -0.022475939665828754    -0.015045224967924053    0.000000000000000000
6.250    0.001519614322885620    0.000107350770754878    0.000000000000000000    -0.020960635015443430    -0.016581387465544779    0.000000000000000000
6.255    0.001509794253422237    0.000120045598578331    0.000000000000000000    -0.018889971920271059    -0.017769636350961886    0.000000000000000000
6.260    0.001499501934660847    0.000132296185493009    0.000000000000000000    -0.015402857027517827    -0.018659565220834191    0.000000000000000000
6.265    0.001488824544473769    0.000144080283277167    0.000000000000000000    -0.012034770729106581    -0.019269461097944258    0.000000000000000000
6.270    0.001477846285018463    0.000155382644533876    0.000000000000000000    -0.008332401674835538    -0.019317779300529955    0.000000000000000000
6.275    0.001466659715521287    0.000166202061308072    0.000000000000000000    -0.003869625081458911    -0.019014436370694710    0.000000000000000000
6.280    0.001455376405397074    0.000176546117173001    0.000000000000000000    0.000646015115290943    -0.018582158870867258    0.000000000000000000
6.285    0.001444109245650743    0.000186425619066157    0.000000000000000000    0.005461973449629939    -0.017913543261375599    0.000000000000000000
6.290    0.001432978635240653    0.000195857282377780    0.000000000000000000    0.010143726790114854    -0.017038503738124166    0.000000000000000000
6.295    0.001422101618000316    0.000204862983095949    0.000000000000000000    0.014835377520616699    -0.015997758601927384    0.000000000000000000
6.300    0.001411595485197995    0.000213468739849070    0.000000000000000000    0.019463682722885983    -0.015271814908109603    0.000000000000000000
6.305    0.001401575944463745    0.000221692701229489    0.000000000000000000    0.023347323933574360    -0.014744381786813881    0.000000000000000000
6.310    0.001392140086827835    0.000229548053065237    0.000000000000000000    0.027113622796766032    -0.014677531815998840    0.000000000000000000
6.315    0.001383382069761844    0.000237036466605585    0.000000000000000000    0.030358288286699495    -0.015161667148568892    0.000000000000000000
6.320    0.001375383009903021    0.000244145838467219    0.000000000000000000    0.032798222396011878    -0.016188542977509188    0.000000000000000000
6.325    0.001368203905604097    0.000250850496754415    0.000000000000000000    0.034477076991685368    -0.017825942247419804    0.000000000000000000
6.330    0.001361886728229966    0.000257109506485425    0.000000000000000000    0.035845763341792181    -0.019801660215406497    0.000000000000000000
6.335    0.001356465694939380    0.000262873474711051    0.000000000000000000    0.036208534743053036    -0.022030742355479312    0.000000000000000000
6.340    0.001351949875017370    0.000268086674377789    0.000000000000000000    0.035784292507770252    -0.024695010292508091    0.000000000000000000
6.345    0.001348328662408055    0.000272682498787215    0.000000000000000000    0.034748187130850122    -0.027524103893125564    0.000000000000000000
6.350    0.001345576154477010    0.000276590220599313    0.000000000000000000    0.032462180761059362    -0.030124463223600833    0.000000000000000000
6.355    0.001343635201064992    0.000279744830830821    0.000000000000000000    0.029082473659300737    -0.032512810322182346    0.000000000000000000
6.360    0.001342421309494457    0.000282086620804274    0.000000000000000000    0.025161416709615705    -0.034709754491355195    0.000000000000000000
6.365    0.001341836453341662    0.000283560666915443    0.000000000000000000    0.021357482397421981    -0.036357724428922981    0.000000000000000000
6.370    0.001341785534248802    0.000284125769915889    0.000000000000000000    0.016760367459092013    -0.037485009019364975    0.000000000000000000
6.375    0.001342153624342420    0.000283753747690851    0.000000000000000000    0.012107460957248850    -0.038198277188235610    0.000000000000000000
6.380    0.001342824400959969    0.000282426768536107    0.000000000000000000    0.008384132712917214    -0.038219119723767285    0.000000000000000000
6.385    0.001343704780895341    0.000280144311388269    0.000000000000000000    0.004988289969273460    -0.037602906407170102    0.000000000000000000
6.390    0.001344709868079945    0.000276921781580252    0.000000000000000000    0.002360151430992607    -0.036357422893316602    0.000000000000000000
6.395    0.001345773959050324    0.000272790316199901    0.000000000000000000    0.000346863872867365    -0.034555959889282124    0.000000000000000000
6.400    0.001346846721617524    0.000267794951822319    0.000000000000000000    -0.001110641899776735    -0.032442220804507205    0.000000000000000000
6.405    0.001347891718137230    0.000261988531924624    0.000000000000000000    -0.002671569625531736    -0.029984317829840831    0.000000000000000000
6.410    0.001348869925416298    0.000255432504081183    0.000000000000000000    -0.004251539307206786    -0.027009563544346752    0.000000000000000000
6.415    0.001349741844212685    0.000248201237149133    0.000000000000000000    -0.005577936253295043    -0.023925732615388655    0.000000000000000000
6.420    0.001350474314602740    0.000240371826901699    0.000000000000000000    -0.006879921740790898    -0.020283226066181246    0.000000000000000000
6.425    0.001351034786949275    0.000232035336002610    0.000000000000000000    -0.008841259237129043    -0.016258284944483919    0.000000000000000000
6.430    0.001351374227814882    0.000223292387979909    0.000000000000000000    -0.011187303998946851    -0.012013671173470922    0.000000000000000000
6.435    0.001351433986080516    0.000214249098177872    0.000000000000000000    -0.013172730489157541    -0.007525111482301018    0.000000000000000000
6.440    0.001351164426083920    0.000205017680588776    0.000000000000000000    -0.014893087656184592    -0.002935051249381392    0.000000000000000000
6.445    0.001350522538895920    0.000195712886718446    0.000000000000000000    -0.016184727503112256    0.001242747949486240    0.000000000000000000
6.450    0.001349476033520342    0.000186439161546854    0.000000000000000000    -0.016319723953059709    0.005109402815761319    0.000000000000000000
6.455    0.001348021535045938    0.000177293171445655    0.000000000000000000    -0.015597497331565693    0.008420431190400528    0.000000000000000000
6.460    0.001346177099138244    0.000168357692124217    0.000000000000000000    -0.013747472240952657    0.010835685393515869    0.000000000000000000
6.465    0.001343988976424527    0.000159693104937616    0.000000000000000000    -0.012106746849621652    0.012273693875668873    0.000000000000000000
6.470    0.001341498185039569    0.000151335360097907    0.000000000000000000    -0.009951877806228110    0.013023540583581615    0.000000000000000000
6.475    0.001338758596709455    0.000143303203772787    0.000000000000000000    -0.007268615670498468    0.013163667551990312    0.000000000000000000
6.480    0.001335837292987579    0.000135600139136468    0.000000000000000000    -0.004458198480669986    0.012779562518569357    0.000000000000000000
6.485    0.001332804534303686    0.000128216563563112    0.000000000000000000    -0.001589908285018135    0.012065839320369622    0.000000000000000000
6.490    0.001329732027912668    0.000121134633972766    0.000000000000000000    0.000672302585390944    0.011344370995984522    0.000000000000000000
6.495    0.001326676329086284    0.000114336313657319    0.000000000000000000    0.002572310245458828    0.010405887889757491    0.000000000000000000
6.500    0.001323684938016037    0.000107798140539117    0.000000000000000000    0.004394100779321966    0.009550196199781345    0.000000000000000000
6.505    0.001320803399465273    0.000101498722325909    0.000000000000000000    0.005453743359548277    0.008791299653876979    0.000000000000000000
6.510    0.001318058204498498    0.000095419086604047    0.000000000000000000    0.006521617179656991    0.008044681262852141    0.000000000000000000
6.515    0.001315476049961214    0.000089540567913757    0.000000000000000000    0.008100968546436230    0.007461347721056215    0.000000000000000000
6.520    0.001313096419637591    0.000083848582916494    0.000000000000000000    0.009543666533414277    0.006670781270210055    0.000000000000000000
6.525    0.001310955380977303    0.000078323367450986    0.000000000000000000    0.011110123639074612    0.005907763199988650    0.000000000000000000
6.530    0.001309092095407992    0.000072945846065477    0.000000000000000000    0.013344280765806640    0.005052188162460837    0.000000000000000000
6.535    0.001307562416857827    0.000067694629384030    0.000000000000000000    0.015847004491264388    0.004117022451809713    0.000000000000000000
6.540    0.001306428913419943    0.000062546338263878    0.000000000000000000    0.018799810736170805    0.003566485932404435    0.000000000000000000
6.545    0.001305765405250463    0.000057487209292037    0.000000000000000000    0.021544721987027532    0.002721839041785069    0.000000000000000000
6.550    0.001305640515130659    0.000052496126296240    0.000000000000000000    0.024053133071697333    0.001661169385228686    0.000000000000000000
6.555    0.001306116953337648    0.000047546572535073    0.000000000000000000    0.026589337217908585    0.000781245960820496    0.000000000000000000
6.560    0.001307258124975084    0.000042616549922928    0.000000000000000000    0.028185601052867215    -0.000289230900879088    0.000000000000000000
6.565    0.001309103936638841    0.000037679296538260    0.000000000000000000    0.029327434796794921    -0.001382247330458436    0.000000000000000000
6.570    0.001311682934172519    0.000032707486970331    0.000000000000000000    0.029818744961300145    -0.002453191032917321    0.000000000000000000
6.575    0.001315007400330229    0.000027674347626578    0.000000000000000000    0.030224941567364577    -0.003745798584305928    0.000000000000000000
6.580    0.001319087490027124    0.000022547563318219    0.000000000000000000    0.030376433777538556    -0.004980154809985845    0.000000000000000000
6.585    0.001323926990568456    0.000017296275139609    0.000000000000000000    0.029935667832537566    -0.005835590901891884    0.000000000000000000
6.590    0.001329514882805602    0.000011899097188452    0.000000000000000000    0.029235002213011743    -0.006337182974286496    0.000000000000000000
6.595    0.001335833650098074    0.000006343489662939    0.000000000000000000    0.028571739812861818    -0.006552370184348399    0.000000000000000000
6.600    0.001342866710885867    0.000000624072882816    0.000000000000000000    0.027532915816384784    -0.006597962620398396    0.000000000000000000
6.605    0.001350588094569070    -0.000005260292962817    0.000000000000000000    0.026395389588545690    -0.006862654627303541    0.000000000000000000
6.610    0.001358969362991986    -0.000011316225174132    0.000000000000000000    0.025051934255254649    -0.007087392948849480    0.000000000000000000
6.615    0.001367976929771284    -0.000017549342209168    0.000000000000000000    0.023465978060133175    -0.007272134853563951    0.000000000000000000
6.620    0.001377571146002085    -0.000023964262615544    0.000000000000000000    0.021915080861013153    -0.007662370206441588    0.000000000000000000
6.625    0.001387713239254411    -0.000030570742277080    0.000000000000000000    0.019907120619253732    -0.008442341671131977    0.000000000000000000
6.630    0.001398353010522218    -0.000037388280480395    0.000000000000000000    0.017618450970429897    -0.009265876717247573    0.000000000000000000
6.635    0.001409433243064287    -0.000044437465601641    0.000000000000000000    0.015358395805955757    -0.009965489438683771    0.000000000000000000
6.640    0.001420897435501504    -0.000051735787958854    0.000000000000000000    0.012077670049391934    -0.010582101041192856    0.000000000000000000
6.645    0.001432663569689956    -0.000059298662842097    0.000000000000000000    0.008180898980556656    -0.011000320275734639    0.000000000000000000
6.650    0.001444634226352922    -0.000067136545732234    0.000000000000000000    0.003863459605750810    -0.011486766251073121    0.000000000000000000
6.655    0.001456701469506032    -0.000075261597778647    0.000000000000000000    0.000030070637403734    -0.011814337074198596    0.000000000000000000
6.660    0.001468769464425077    -0.000083682008251915    0.000000000000000000    -0.003419578152334332    -0.011837436641852776    0.000000000000000000
6.665    0.001480751969890313    -0.000092398354641229    0.000000000000000000    -0.007100410593010448    -0.011849854970347748    0.000000000000000000
6.670    0.001492556965090725    -0.000101410947404803    0.000000000000000000    -0.010088421352671614    -0.011873742202876658    0.000000000000000000
6.675    0.001504109749757319    -0.000110720383723448    0.000000000000000000    -0.012291808775283936    -0.011682393847826260    0.000000000000000000
6.680    0.001515355239204532    -0.000120321879888288    0.000000000000000000    -0.014430477334658950    -0.011077584284964123    0.000000000000000000
6.685    0.001526239966718377    -0.000130200315660253    0.000000000000000000    -0.016652152630986655    -0.010044117524655982    0.000000000000000000
6.690    0.001536708390416449    -0.000140329854370334    0.000000000000000000    -0.018378074447579495    -0.008525943059604262    0.000000000000000000
6.695    0.001546717362253330    -0.000150672541656906    0.000000000000000000    -0.019993987202086838    -0.006694572777560422    0.000000000000000000
6.700    0.001556226484410160    -0.000161182593262916    0.000000000000000000    -0.021321659784889410    -0.004579230410116115    0.000000000000000000
6.705    0.001565202565072367    -0.000171807125629179    0.000000000000000000    -0.023266253111105945    -0.002489329316969578    0.000000000000000000
6.710    0.001573596989406797    -0.000182493891228367    0.000000000000000000    -0.025247271595316492    -0.000424643810828605    0.000000000000000000
6.715    0.001581360231951344    -0.000193191272922825    0.000000000000000000    -0.027101597219435225    0.001442965538717275    0.000000000000000000
6.720    0.001588445934565405    -0.000203852580478815    0.000000000000000000    -0.028810185019158621    0.002997077655210413    0.000000000000000000
6.725    0.001594811382553987    -0.000214438961093425    0.000000000000000000    -0.030413847650848785    0.004205451994388713    0.000000000000000000
6.730    0.001600416484351297    -0.000224920205408175    0.000000000000000000    -0.032059245921424798    0.005194283147967561    0.000000000000000000
6.735    0.001605220105000572    -0.000235271592644226    0.000000000000000000    -0.033613982201542367    0.006013850952686379    0.000000000000000000
6.740    0.001609183376094809    -0.000245472633606460    0.000000000000000000    -0.034555883761709996    0.006833289255062103    0.000000000000000000
6.745    0.001612282750095003    -0.000255502842337318    0.000000000000000000    -0.034540840411377213    0.007647077756116599    0.000000000000000000
6.750    0.001614518603084912    -0.000265341874124272    0.000000000000000000    -0.034269311833170363    0.008763427685155260    0.000000000000000000
6.755    0.001615897723278992    -0.000274961820219098    0.000000000000000000    -0.033951050891576490    0.010111617665725572    0.000000000000000000
6.760    0.001616428067200783    -0.000284328975872280    0.000000000000000000    -0.033529944546721244    0.011698309841925644    0.000000000000000000
6.765    0.001616120162508905    -0.000293403673779414    0.000000000000000000    -0.033127695030256421    0.013701029205805820    0.000000000000000000
6.770    0.001614984065441272    -0.000302135845956404    0.000000000000000000    -0.032802462404894067    0.016033865277409985    0.000000000000000000
6.775    0.001613027906813516    -0.000310467171501457    0.000000000000000000    -0.032525432203832014    0.018531441652496275    0.000000000000000000
6.780    0.001610258612380664    -0.000318335211005199    0.000000000000000000    -0.033195255185044723    0.021364806119708157    0.000000000000000000
6.785    0.001606659436568186    -0.000325669130355948    0.000000000000000000    -0.034755238948374137    0.024575795517477184    0.000000000000000000
6.790    0.001602191379781998    -0.000332388654818760    0.000000000000000000    -0.036621236298474413    0.027945702165939681    0.000000000000000000
6.795    0.001596807792088349    -0.000338409536727423    0.000000000000000000    -0.038910186341070685    0.031358743491725211    0.000000000000000000
6.800    0.001590451449736173    -0.000343646450048793    0.000000000000000000    -0.040663011694717921    0.034726583512997150    0.000000000000000000
6.805    0.001583078532091629    -0.000348015198782339    0.000000000000000000    -0.042207726732353817    0.037900526845646536    0.000000000000000000
6.810    0.001574650421278776    -0.000351436434344743    0.000000000000000000    -0.042585101259050989    0.040714667668959904    0.000000000000000000
6.815    0.001565157682934447    -0.000353839803215423    0.000000000000000000    -0.041767157361143059    0.042960340613947511    0.000000000000000000
6.820    0.001554620765656089    -0.000355169163570754    0.000000000000000000    -0.040380702178554467    0.044544006212907883    0.000000000000000000
6.825    0.001543074330823268    -0.000355384923770763    0.000000000000000000    -0.038244004186404473    0.045586439484843720    0.000000000000000000
6.830    0.001530571795885786    -0.000354461022983651    0.000000000000000000    -0.034939274344333165    0.046131292043907757    0.000000000000000000
6.835    0.001517195779089696    -0.000352383839895441    0.000000000000000000    -0.030617017798923937    0.045889427338543370    0.000000000000000000
6.840    0.001503054336848633    -0.000349159421123767    0.000000000000000000    -0.026222412757102159    0.044983209705317523    0.000000000000000000
6.845    0.001488257334288643    -0.000344810422109461    0.000000000000000000    -0.021886468955069696    0.043758545470364701    0.000000000000000000
6.850    0.001472913170004775    -0.000339367459458395    0.000000000000000000    -0.017490059438518557    0.042032384797942211    0.000000000000000000
6.855    0.001457131754234945    -0.000332873687187381    0.000000000000000000    -0.013724772482360745    0.039619045728840702    0.000000000000000000
6.860    0.001441007219153056    -0.000325389438773145    0.000000000000000000    -0.010425228776783646    0.036668603748736019    0.000000000000000000
6.865    0.001424622053351747    -0.000316988475265192    0.000000000000000000    -0.007412530527162176    0.033036834643166819    0.000000000000000000
6.870    0.001408051574287259    -0.000307761590891159    0.000000000000000000    -0.004025888507121558    0.028774126452281879    0.000000000000000000
6.875    0.001391380448010093    -0.000297815353355819    0.000000000000000000    -0.001299116108464601    0.024130718208070518    0.000000000000000000
6.880    0.001374676843830215    -0.000287265847865277    0.000000000000000000    0.001232249011570360    0.019208736513178296    0.000000000000000000
6.885    0.001358004045875627    -0.000276236123961906    0.000000000000000000    0.003690120851411113    0.014170711271181691    0.000000000000000000
6.890    0.001341423500942323    -0.000264852132276756    0.000000000000000000    0.006258382878425450    0.008963704547578118    0.000000000000000000
6.895    0.001324999415580981    -0.000253244047977916    0.000000000000000000    0.008643249274787462    0.003751422132743012    0.000000000000000000
6.900    0.001308791411451508    -0.000241542178125757    0.000000000000000000    0.011110704292386503    -0.001226889251766412    0.000000000000000000
6.905    0.001292861174929345    -0.000229870980504893    0.000000000000000000    0.013475543898765208    -0.005818049693158541    0.000000000000000000
6.910    0.001277267827004651    -0.000218345234126357    0.000000000000000000    0.015414176394636797    -0.009927011014160790    0.000000000000000000
6.915    0.001262059833489823    -0.000207067663023176    0.000000000000000000    0.017172291593998273    -0.013601965604735731    0.000000000000000000
6.920    0.001247281147264845    -0.000196130141060112    0.000000000000000000    0.018305716455819729    -0.016834080047251020    0.000000000000000000
6.925    0.001232960103951262    -0.000185613471098231    0.000000000000000000    0.018914968600864529    -0.019495387422262905    0.000000000000000000
6.930    0.001219111934852701    -0.000175584185821905    0.000000000000000000    0.019089599312023531    -0.021454204273995466    0.000000000000000000
6.935    0.001205741005736941    -0.000166091255652430    0.000000000000000000    0.018363069085028036    -0.022962064332622413    0.000000000000000000
6.940    0.001192829153348306    -0.000157172377091270    0.000000000000000000    0.016684297557993319    -0.023877772633005591    0.000000000000000000
6.945    0.001180334408398621    -0.000148850442845935    0.000000000000000000    0.014630903362776795    -0.024062558092410216    0.000000000000000000
6.950    0.001168205436033006    -0.000141130072552911    0.000000000000000000    0.012040537461996403    -0.023867623993445570    0.000000000000000000
6.955    0.001156377477103940    -0.000134006392859723    0.000000000000000000    0.009304992125702682    -0.023178572536038760    0.000000000000000000
6.960    0.001144782142978017    -0.000127462177479935    0.000000000000000000    0.006098104973076626    -0.022022579751149879    0.000000000000000000
6.965    0.001133339261476421    -0.000121468526593927    0.000000000000000000    0.002176570104801476    -0.020634234177638062    0.000000000000000000
6.970    0.001121950794227445    -0.000115990731562359    0.000000000000000000    -0.001924081290249208    -0.018739264704596494    0.000000000000000000
6.975    0.001110514224946213    -0.000110981418148407    0.000000000000000000    -0.006054899137604777    -0.016440503326327825    0.000000000000000000
6.980    0.001098926283186540    -0.000106383117317612    0.000000000000000000    -0.010094577374926070    -0.014226985404882578    0.000000000000000000
6.985    0.001087085976992495    -0.000102140491121940    0.000000000000000000    -0.013197591610053863    -0.012085884436942090    0.000000000000000000
6.990    0.001074915731008198    -0.000098200012037191    0.000000000000000000    -0.016180496009250353    -0.010129000520766478    0.000000000000000000
6.995    0.001062340972623670    -0.000094512757965461    0.000000000000000000    -0.019139612442977891    -0.008573227873997233    0.000000000000000000
7.000    0.001049287723928067    -0.000091039834590581    0.000000000000000000    -0.021380344353899225    -0.007302714062308786    0.000000000000000000
7.005    0.001035699966623617    -0.000087749479067259    0.000000000000000000    -0.023097068007297411    -0.006621782836772243    0.000000000000000000
7.010    0.001021534782618985    -0.000084624668114857    0.000000000000000000    -0.024245247965916025    -0.006233149622454095    0.000000000000000000
7.015    0.001006763467415204    -0.000081655685903015    0.000000000000000000    -0.024866034202663395    -0.005982849916651785    0.000000000000000000
7.020    0.000991370501356357    -0.000078836274939090    0.000000000000000000    -0.025381472843633707    -0.006245621105127174    0.000000000000000000
7.025    0.000975342998476420    -0.000076173004502793    0.000000000000000000    -0.025642571708584319    -0.006855190695682499    0.000000000000000000
7.030    0.000958674431303767    -0.000073681113833888    0.000000000000000000    -0.025473628461549110    -0.007536870800825914    0.000000000000000000
7.035    0.000941369023419576    -0.000071377644935004    0.000000000000000000    -0.025437577900713944    -0.008331072945839133    0.000000000000000000
7.040    0.000923427676087867    -0.000069282452859766    0.000000000000000000    -0.025650883628464995    -0.009012599714688690    0.000000000000000000
7.045    0.000904845056665446    -0.000067412575777395    0.000000000000000000    -0.025983307641356222    -0.009457127638350668    0.000000000000000000
7.050    0.000885612854551992    -0.000065779126885982    0.000000000000000000    -0.026739695825834034    -0.009545394821486829    0.000000000000000000
7.055    0.000865712160042891    -0.000064384312865107    0.000000000000000000    -0.027394144146018935    -0.009010621300531473    0.000000000000000000
7.060    0.000845126611930140    -0.000063214764376746    0.000000000000000000    -0.028126074354973413    -0.008097409097394294    0.000000000000000000
7.065    0.000823837911958515    -0.000062247651115819    0.000000000000000000    -0.029020206895971103    -0.006502746203619213    0.000000000000000000
7.070    0.000801823706814491    -0.000061443106509982    0.000000000000000000    -0.029967328969192700    -0.004483605692383731    0.000000000000000000
7.075    0.000779060318446236    -0.000060750652046455    0.000000000000000000    -0.030866994536618911    -0.002018320115072369    0.000000000000000000
7.080    0.000755525255214567    -0.000060108655585805    0.000000000000000000    -0.031410467441210684    0.000617310045122779    0.000000000000000000
7.085    0.000731204930296867    -0.000059451226374027    0.000000000000000000    -0.031319254435386093    0.003490509252795839    0.000000000000000000
7.090    0.000706101624018282    -0.000058706534430929    0.000000000000000000    -0.030929672352937067    0.006316093934599978    0.000000000000000000
7.095    0.000680225075930874    -0.000057803940139466    0.000000000000000000    -0.030683078068526569    0.009216879157812509    0.000000000000000000
7.100    0.000653581450891753    -0.000056670923869058    0.000000000000000000    -0.030254624377285509    0.012252467811894124    0.000000000000000000
7.105    0.000626181460243199    -0.000055231595903352    0.000000000000000000    -0.029449657721557741    0.014691506318400724    0.000000000000000000
7.110    0.000598045228151607    -0.000053424980279686    0.000000000000000000    -0.028513511812554120    0.017211548745456891    0.000000000000000000
7.115    0.000569196158264701    -0.000051188075937384    0.000000000000000000    -0.026853179712102264    0.019570082417723310    0.000000000000000000
7.120    0.000539675758884992    -0.000048461919534639    0.000000000000000000    -0.024753990965189002    0.021460518904451633    0.000000000000000000
7.125    0.000509536509731153    -0.000045199250159282    0.000000000000000000    -0.022657763911557854    0.023167536544061177    0.000000000000000000
7.130    0.000478830816479526    -0.000041357392370324    0.000000000000000000    -0.020347218929869446    0.024437206773739280    0.000000000000000000
7.135    0.000447616442754652    -0.000036904604412023    0.000000000000000000    -0.017961751433109678    0.025412947688124691    0.000000000000000000
7.140    0.000415953025243950    -0.000031816492761518    0.000000000000000000    -0.015949972259987708    0.026014830796030643    0.000000000000000000
7.145    0.000383890858426748    -0.000026078010341113    0.000000000000000000    -0.013942387055731510    0.026341875167365969    0.000000000000000000
7.150    0.000351480131933153    -0.000019680981041523    0.000000000000000000    -0.011842504083661286    0.026614198667536903    0.000000000000000000
7.155    0.000318773342837466    -0.000012618596775245    0.000000000000000000    -0.010407659266904561    0.026325081420621441    0.000000000000000000
7.160    0.000285806362260107    -0.000004898085473452    0.000000000000000000    -0.008685809700698013    0.026092548081055114    0.000000000000000000
7.165    0.000252622236440231    0.000003474739530368    0.000000000000000000    -0.007085796470697979    0.026019939590760943    0.000000000000000000
7.170    0.000219260965708587    0.000012498063023957    0.000000000000000000    -0.005489364875879525    0.025792702793505023    0.000000000000000000
7.175    0.000185762460855046    0.000022166204087383    0.000000000000000000    -0.004231583067956703    0.025487903555466918    0.000000000000000000
7.180    0.000152158166424806    0.000032471542739697    0.000000000000000000    -0.002847911032329703    0.025287082956646736    0.000000000000000000
7.185    0.000118482674218758    0.000043409058465926    0.000000000000000000    -0.001247722905047682    0.025113198495277669    0.000000000000000000
7.190    0.000084775988940083    0.000054974404154537    0.000000000000000000    0.000221143780454133    0.024735876942973491    0.000000000000000000
7.195    0.000051074832255920    0.000067158146766723    0.000000000000000000    0.001347032822081816    0.024563489233726896    0.000000000000000000
7.200    0.000017407351392309    0.000079955976609752    0.000000000000000000    0.002335389974596029    0.024184835115207141    0.000000000000000000
7.205    -0.000016201744721937    0.000093358427330661    0.000000000000000000    0.002914004975730947    0.023627444098381897    0.000000000000000000
7.210    -0.000049737990711790    0.000107351564154029    0.000000000000000000    0.002875861101110124    0.022928179224479081    0.000000000000000000
7.215    -0.000083202340174115    0.000121917905458010    0.000000000000000000    0.002622937195277089    0.022146260742930517    0.000000000000000000
7.220    -0.000116601116206558    0.000137037903280564    0.000000000000000000    0.001882276785694441    0.021086198314844384    0.000000000000000000
7.225    -0.000149952835319358    0.000152685056060989    0.000000000000000000    0.000784106962363864    0.019870113938986890    0.000000000000000000
7.230    -0.000183284951758100    0.000168828961689888    0.000000000000000000    -0.000471246278333165    0.018931091848292451    0.000000000000000000
7.235    -0.000216628849353800    0.000185446144614995    0.000000000000000000    -0.002141558555744400    0.018050622160542627    0.000000000000000000
7.240    -0.000250026285913394    0.000202514593094116    0.000000000000000000    -0.003458125146815240    0.017176246955806756    0.000000000000000000
7.245    -0.000283510175601658    0.000220012447747131    0.000000000000000000    -0.004559506771092004    0.016421760551735276    0.000000000000000000
7.250    -0.000317108052959199    0.000237920846413940    0.000000000000000000    -0.004648032017474501    0.015552282114918940    0.000000000000000000
7.255    -0.000350822131117177    0.000256218052133622    0.000000000000000000    -0.004468518876108839    0.014884897660304760    0.000000000000000000
7.260    -0.000384647922247058    0.000274887380294812    0.000000000000000000    -0.004010164856465322    0.014572255666628516    0.000000000000000000
7.265    -0.000418573967498351    0.000293921014847667    0.000000000000000000    -0.002731999579265888    0.014379811031895416    0.000000000000000000
7.270    -0.000452568312739125    0.000313314144676320    0.000000000000000000    -0.000989893705353930    0.014235221021685358    0.000000000000000000
7.275    -0.000486587405322533    0.000333063155030515    0.000000000000000000    0.000885684744275552    0.014334352132251704    0.000000000000000000
7.280    -0.000520584355787334    0.000353170524188016    0.000000000000000000    0.003215003009477638    0.014220719932928928    0.000000000000000000
7.285    -0.000554500931176898    0.000373633411343840    0.000000000000000000    0.005516886940272643    0.013805422280905970    0.000000000000000000
7.290    -0.000588279584392955    0.000394441434056687    0.000000000000000000    0.007524158776093907    0.013496761264494145    0.000000000000000000
7.295    -0.000621870133639610    0.000415586875801146    0.000000000000000000    0.009541180201470996    0.012940904307616116    0.000000000000000000
7.300    -0.000655222153381229    0.000437055840153296    0.000000000000000000    0.011243688100900234    0.012145953398833269    0.000000000000000000
7.305    -0.000688293080920324    0.000458828453340417    0.000000000000000000    0.013412040857181326    0.011040263655835800    0.000000000000000000
7.310    -0.000721028707437990    0.000480877073118933    0.000000000000000000    0.014996892250037502    0.009897467401953543    0.000000000000000000
7.315    -0.000753389411649406    0.000503173129582498    0.000000000000000000    0.016616988832100082    0.008543580844466454    0.000000000000000000
7.320    -0.000785334691140018    0.000525682775567175    0.000000000000000000    0.017967264026429869    0.007082345170944179    0.000000000000000000
7.325    -0.000816830789029970    0.000548369480181126    0.000000000000000000    0.019460112706303281    0.005617177907175398    0.000000000000000000
7.330    -0.000847840384102265    0.000571196614242756    0.000000000000000000    0.021311014675945775    0.004094543089748146    0.000000000000000000
7.335    -0.000878317203807661    0.000594126111881630    0.000000000000000000    0.022931793511953534    0.002433516298151403    0.000000000000000000
7.340    -0.000908220728675258    0.000617116447427957    0.000000000000000000    0.024696110864580803    0.000455810609816150    0.000000000000000000
7.345    -0.000937506850771240    0.000640118178239530    0.000000000000000000    0.026599172277719414    -0.001655344504568682    0.000000000000000000
7.350    -0.000966127993560279    0.000663078525438489    0.000000000000000000    0.028045396267923836    -0.003752547834494878    0.000000000000000000
7.355    -0.000994048001442621    0.000685945058941585    0.000000000000000000    0.028814315678150557    -0.005944783005849309    0.000000000000000000
7.360    -0.001021247651433008    0.000708662972869535    0.000000000000000000    0.029490721424755076    -0.008285525553760470    0.000000000000000000
7.365    -0.001047710033387777    0.000731173748658641    0.000000000000000000    0.029877079378189120    -0.010312489445050629    0.000000000000000000
7.370    -0.001073425488358091    0.000753426712211621    0.000000000000000000    0.029462184560876195    -0.012410507485992490    0.000000000000000000
7.375    -0.001098404388714383    0.000775369413077451    0.000000000000000000    0.027886124011585259    -0.014491967257183359    0.000000000000000000
7.380    -0.001122686135970385    0.000796949814761851    0.000000000000000000    0.025842170222499170    -0.016411755847443692    0.000000000000000000
7.385    -0.001146321828970825    0.000818119922550065    0.000000000000000000    0.023336904067120315    -0.018328648898097329    0.000000000000000000
7.390    -0.001169374099369587    0.000838831814115827    0.000000000000000000    0.020748668218108571    -0.019765373835234183    0.000000000000000000
7.395    -0.001191907653062897    0.000859049571335708    0.000000000000000000    0.018494120562597208    -0.020827535247743001    0.000000000000000000
7.400    -0.001213978853742141    0.000878746640174396    0.000000000000000000    0.015432889021883139    -0.021487426163646628    0.000000000000000000
7.405    -0.001235664232195838    0.000897906523358992    0.000000000000000000    0.012472386466165844    -0.021711807890959639    0.000000000000000000
7.410    -0.001257037800987881    0.000916523611346314    0.000000000000000000    0.010399129651552860    -0.021636596341276064    0.000000000000000000
7.415    -0.001278151391538635    0.000934599784425104    0.000000000000000000    0.008918929751949162    -0.021210780466007599    0.000000000000000000
7.420    -0.001299042008845591    0.000952145687992244    0.000000000000000000    0.007764775609717459    -0.020280990867148005    0.000000000000000000
7.425    -0.001319738506762304    0.000969184566787706    0.000000000000000000    0.007516048394513170    -0.018978117481477028    0.000000000000000000
7.430    -0.001340247103469153    0.000985748992646130    0.000000000000000000    0.007858336346653130    -0.017460417726599363    0.000000000000000000
7.435    -0.001360559241767337    0.001001876908061390    0.000000000000000000    0.008328084831017366    -0.015893771936510703    0.000000000000000000
7.440    -0.001380663177944745    0.001017607479178237    0.000000000000000000    0.009440906393138812    -0.014327442979071570    0.000000000000000000
7.445    -0.001400531091462324    0.001032979864220607    0.000000000000000000    0.010393198162476913    -0.012716454300511562    0.000000000000000000
7.450    -0.001420139175025842    0.001048034337905464    0.000000000000000000    0.011902689067205471    -0.011146421674337881    0.000000000000000000
7.455    -0.001439449691362679    0.001062810151048463    0.000000000000000000    0.013455521829016520    -0.009748540816369514    0.000000000000000000
7.460    -0.001458423819653791    0.001077342250671052    0.000000000000000000    0.014496308565273286    -0.008479521496186984    0.000000000000000000
7.465    -0.001477035540230772    0.001091662362256237    0.000000000000000000    0.015758315358516475    -0.007247098714651193    0.000000000000000000
7.470    -0.001495253302923789    0.001105801296373556    0.000000000000000000    0.016604686337165844    -0.006324302415060268    0.000000000000000000
7.475    -0.001513055948458377    0.001119782122930498    0.000000000000000000    0.017196567181302497    -0.005460033278698040    0.000000000000000000
7.480    -0.001530428679813433    0.001133626448655472    0.000000000000000000    0.017925870139014893    -0.004920376554347003    0.000000000000000000
7.485    -0.001547353264415013    0.001147347764966588    0.000000000000000000    0.018555422004948308    -0.004722476988463023    0.000000000000000000
7.490    -0.001563813963466469    0.001160951019352993    0.000000000000000000    0.019300811356232073    -0.004602537733979992    0.000000000000000000
7.495    -0.001579792142234020    0.001174439210296047    0.000000000000000000    0.020004047069661218    -0.004978689490415383    0.000000000000000000
7.500    -0.001595270219824829    0.001187802934001842    0.000000000000000000    0.021179909919033860    -0.005664093850402119    0.000000000000000000
7.505    -0.001610218799667663    0.001201025055361376    0.000000000000000000    0.021671927336684021    -0.006673019316187981    0.000000000000000000
7.510    -0.001624625581327079    0.001214080351238006    0.000000000000000000    0.022069266559267275    -0.007978619872934731    0.000000000000000000
7.515    -0.001638480631322513    0.001226936181617812    0.000000000000000000    0.022584558436750807    -0.009109271372582592    0.000000000000000000
7.520    -0.001651771067357029    0.001239564280213304    0.000000000000000000    0.022533847838937873    -0.010505093190086787    0.000000000000000000
7.525    -0.001664498157195572    0.001251929751479044    0.000000000000000000    0.022183909248012224    -0.011972820237815887    0.000000000000000000
7.530    -0.001676670649302914    0.001263995902238838    0.000000000000000000    0.021763886603153038    -0.013199811899180028    0.000000000000000000
7.535    -0.001688299044245177    0.001275732057701153    0.000000000000000000    0.021035544656529057    -0.014418404113165223    0.000000000000000000
7.540    -0.001699401550571027    0.001287107753060638    0.000000000000000000    0.019953951436880307    -0.015596339402960263    0.000000000000000000
7.545    -0.001710005208110955    0.001298093539935050    0.000000000000000000    0.017936888678108179    -0.016658471600483615    0.000000000000000000
7.550    -0.001720160443433930    0.001308662865019449    0.000000000000000000    0.016287801829131116    -0.017717514429037989    0.000000000000000000
7.555    -0.001729908483711177    0.001318789252243123    0.000000000000000000    0.014536404981712117    -0.018727590605600516    0.000000000000000000
7.560    -0.001739293113863881    0.001328447449701657    0.000000000000000000    0.012159872754373413    -0.019463073991816959    0.000000000000000000
7.565    -0.001748373747197726    0.001337619070310395    0.000000000000000000    0.010203328351457430    -0.019947737030642440    0.000000000000000000
7.570    -0.001757199297322785    0.001346291997493367    0.000000000000000000    0.008674907080513314    -0.020127265545006115    0.000000000000000000
7.575    -0.001765807974770830    0.001354461743037714    0.000000000000000000    0.007137248247525776    -0.020335824155622018    0.000000000000000000
7.580    -0.001774238221012688    0.001362123092978170    0.000000000000000000    0.006209922167469198    -0.020405990698293616    0.000000000000000000
7.585    -0.001782513219200358    0.001369274293151169    0.000000000000000000    0.005803181986003061    -0.020240962647780428    0.000000000000000000
7.590    -0.001790643137838379    0.001375919469257973    0.000000000000000000    0.005843826657624465    -0.019979039603355148    0.000000000000000000
7.595    -0.001798626960809959    0.001382065169374694    0.000000000000000000    0.006132197380905730    -0.019318562020139568    0.000000000000000000
7.600    -0.001806457478847016    0.001387727905440911    0.000000000000000000    0.007156953291901497    -0.018447387776726956    0.000000000000000000
7.605    -0.001814109073051776    0.001392929456812710    0.000000000000000000    0.008153229291854927    -0.017417220282076040    0.000000000000000000
7.610    -0.001821556836524240    0.001397695577677457    0.000000000000000000    0.008742828601047969    -0.016303741864065469    0.000000000000000000
7.615    -0.001828786029281677    0.001402054104995603    0.000000000000000000    0.010035809210546046    -0.014941799027267180    0.000000000000000000
7.620    -0.001835764326808851    0.001406039087338066    0.000000000000000000    0.010689668804427996    -0.012997908037980579    0.000000000000000000
7.625    -0.001842475382615913    0.001409699121979580    0.000000000000000000    0.011122961489345301    -0.011050996175680436    0.000000000000000000
7.630    -0.001848908364385743    0.001413082881716703    0.000000000000000000    0.010739944091200243    -0.009146401393775663    0.000000000000000000
7.635    -0.001855072847553292    0.001416237981418980    0.000000000000000000    0.010405931442523594    -0.007220876808468335    0.000000000000000000
7.640    -0.001860977182434778    0.001419212559201047    0.000000000000000000    0.010198306593421982    -0.005304695414225583    0.000000000000000000
7.645    -0.001866626559651429    0.001422054519597757    0.000000000000000000    0.009961876950561818    -0.003241634737348800    0.000000000000000000
7.650    -0.001872026889944315    0.001424815439126034    0.000000000000000000    0.010209532893936182    -0.001054010057002439    0.000000000000000000
7.655    -0.001877171981914854    0.001427550008402885    0.000000000000000000    0.010451903339125587    0.001028076143019113    0.000000000000000000
7.660    -0.001882055776301914    0.001430310279583313    0.000000000000000000    0.010613703538050329    0.003051257056766940    0.000000000000000000
7.665    -0.001886674228100522    0.001433146832190159    0.000000000000000000    0.011627850296158301    0.005095561094996953    0.000000000000000000
7.670    -0.001891001983641727    0.001436110773824380    0.000000000000000000    0.012384807377115517    0.006979944092346674    0.000000000000000000
7.675    -0.001895020118998504    0.001439249214060910    0.000000000000000000    0.012886158801701103    0.008864587726789899    0.000000000000000000
7.680    -0.001898716100385239    0.001442609268990610    0.000000000000000000    0.013406646418995249    0.010316402261753219    0.000000000000000000
7.685    -0.001902076915611498    0.001446227233976853    0.000000000000000000    0.014235603677395861    0.011181523740140531    0.000000000000000000
7.690    -0.001905081840745823    0.001450124737056600    0.000000000000000000    0.014832659937522377    0.011685392356415580    0.000000000000000000
7.695    -0.001907715949381709    0.001454314374945258    0.000000000000000000    0.015070422894536070    0.011762195019134752    0.000000000000000000
7.700    -0.001909973297445233    0.001458798067709394    0.000000000000000000    0.015296207810430035    0.011404782855588963    0.000000000000000000
7.705    -0.001911848240313495    0.001463566880044919    0.000000000000000000    0.015200741263435985    0.010607011427252525    0.000000000000000000
7.710    -0.001913343164650172    0.001468600867666126    0.000000000000000000    0.015179107406889519    0.009209201467241801    0.000000000000000000
7.715    -0.001914458611301676    0.001473865085324014    0.000000000000000000    0.015231722036478448    0.007906754939503505    0.000000000000000000
7.720    -0.001915193264902268    0.001479326971855389    0.000000000000000000    0.015566913910778496    0.006311796786383564    0.000000000000000000
7.725    -0.001915538745655091    0.001484946653306424    0.000000000000000000    0.016205404004014309    0.004418652183920541    0.000000000000000000
7.730    -0.001915479091307814    0.001490676801062057    0.000000000000000000    0.016874512879638121    0.002451100495895128    0.000000000000000000
7.735    -0.001914997574138545    0.001496468226330088    0.000000000000000000    0.017811089873774610    0.000574282439814305    0.000000000000000000
7.740    -0.001914070779722432    0.001502274008659113    0.000000000000000000    0.018895107760591792    -0.001189574839206148    0.000000000000000000
7.745    -0.001912671607612305    0.001508050051617159    0.000000000000000000    0.020606938177306078    -0.002979526845239486    0.000000000000000000
7.750    -0.001910757262047745    0.001513751606404074    0.000000000000000000    0.022103175891892077    -0.004774078141995403    0.000000000000000000
7.755    -0.001908290337085887    0.001519333809237438    0.000000000000000000    0.023423156783808005    -0.006370769730758633    0.000000000000000000
7.760    -0.001905237833204434    0.001524756742827534    0.000000000000000000    0.024295582523922027    -0.007874241897201650    0.000000000000000000
7.765    -0.001901577939759883    0.001529982820370200    0.000000000000000000    0.024494528291394910    -0.009245982722436152    0.000000000000000000
7.770    -0.001897305683108048    0.001534977748344805    0.000000000000000000    0.024638805591510604    -0.010606535216462973    0.000000000000000000
7.775    -0.001892417456316424    0.001539707512938998    0.000000000000000000    0.024564356895968864    -0.011966950312393421    0.000000000000000000
7.780    -0.001886915120602402    0.001544138103775382    0.000000000000000000    0.024499022268104770    -0.013385008690832215    0.000000000000000000
7.785    -0.001880800309331676    0.001548234069394494    0.000000000000000000    0.023696086446835934    -0.014784493691730183    0.000000000000000000
7.790    -0.001874093095899780    0.001551960422671314    0.000000000000000000    0.023063821340254739    -0.016028763205550370    0.000000000000000000
7.795    -0.001866809286934378    0.001555286056867994    0.000000000000000000    0.022335325905887410    -0.017253622641346528    0.000000000000000000
7.800    -0.001858967094821328    0.001558180350498641    0.000000000000000000    0.021681633662444522    -0.018011805763785624    0.000000000000000000
7.805    -0.001850582861866717    0.001560624348985193    0.000000000000000000    0.021642019988974553    -0.018710932916847847    0.000000000000000000
7.810    -0.001841657578412382    0.001562600574148825    0.000000000000000000    0.021729839743619972    -0.019215465584575611    0.000000000000000000
7.815    -0.001832189048964456    0.001564096412672841    0.000000000000000000    0.021711087525915981    -0.019502859350687199    0.000000000000000000
7.820    -0.001822177742328382    0.001565104679713091    0.000000000000000000    0.022167687748651452    -0.019987870211058550    0.000000000000000000
7.825    -0.001811612243498593    0.001565613249998064    0.000000000000000000    0.022375142383519731    -0.020403742902446592    0.000000000000000000
7.830    -0.001800487366109215    0.001565611726710476    0.000000000000000000    0.022570491227660514    -0.020541406489781727    0.000000000000000000
7.835    -0.001788798226439145    0.001565096668260643    0.000000000000000000    0.023000890410733443    -0.020315248707245687    0.000000000000000000
7.840    -0.001776534064508808    0.001564073728593129    0.000000000000000000    0.022902505484685351    -0.019691441739957613    0.000000000000000000
7.845    -0.001763697339941353    0.001562558502882117    0.000000000000000000    0.022115025058123614    -0.018874870596156251    0.000000000000000000
7.850    -0.001750307739747445    0.001560571405406200    0.000000000000000000    0.020623700763234762    -0.017758128570922668    0.000000000000000000
7.855    -0.001736402547034456    0.001558140354716010    0.000000000000000000    0.018704683905591477    -0.016217998400425496    0.000000000000000000
7.860    -0.001722029737223827    0.001555303854065810    0.000000000000000000    0.016441967903143770    -0.014370900101919742    0.000000000000000000
7.865    -0.001707245878215620    0.001552108080913062    0.000000000000000000    0.013821152630814904    -0.011951269974653372    0.000000000000000000
7.870    -0.001692116490391642    0.001548613526010947    0.000000000000000000    0.011026826014998506    -0.009253236046558033    0.000000000000000000
7.875    -0.001676711431917290    0.001544887640207669    0.000000000000000000    0.008060474915800100    -0.006318199338908176    0.000000000000000000
7.880    -0.001661104861570042    0.001541003799420917    0.000000000000000000    0.005971681481704849    -0.003131427335238343    0.000000000000000000
7.885    -0.001645348999185752    0.001537041672950785    0.000000000000000000    0.003402193127968051    -0.000140021262536039    0.000000000000000000
7.890    -0.001629508081973263    0.001533076045949089    0.000000000000000000    0.001005044187318838    0.002869306922346007    0.000000000000000000
7.895    -0.001613642038656090    0.001529182151620452    0.000000000000000000    -0.000897341048532868    0.005698808770550692    0.000000000000000000
7.900    -0.001597798428865131    0.001525430727511079    0.000000000000000000    -0.002382995206336169    0.008216991997725409    0.000000000000000000
7.905    -0.001582014393954331    0.001521884728201649    0.000000000000000000    -0.003581338660768596    0.010047505063599457    0.000000000000000000
7.910    -0.001566319892510049    0.001518589916518809    0.000000000000000000    -0.004824937846672345    0.011400521038691311    0.000000000000000000
7.915    -0.001550746014511935    0.001515580117861936    0.000000000000000000    -0.005595229377024918    0.012394558661253316    0.000000000000000000
7.920    -0.001535312017248246    0.001512880183171595    0.000000000000000000    -0.005881457894041375    0.013002141213943122    0.000000000000000000
7.925    -0.001520025056431908    0.001510505302011602    0.000000000000000000    -0.005814562534078166    0.013507614343363783    0.000000000000000000
7.930    -0.001504883459678922    0.001508468111210193    0.000000000000000000    -0.005836766898466988    0.013901819806783414    0.000000000000000000
7.935    -0.001489887782098398    0.001506778465903954    0.000000000000000000    -0.006310052498735216    0.014311524155598623    0.000000000000000000
7.940    -0.001475049855830342    0.001505446608701604    0.000000000000000000    -0.006225335957470504    0.015086537225013699    0.000000000000000000
7.945    -0.001460367562961223    0.001504491914929880    0.000000000000000000    -0.006025079365961500    0.015930161499921880    0.000000000000000000
7.950    -0.001445835897076252    0.001503935475195654    0.000000000000000000    -0.005826520148265180    0.017294995153169235    0.000000000000000000
7.955    -0.001431449894194989    0.001503811410340258    0.000000000000000000    -0.005645779209062160    0.018812022295287140    0.000000000000000000
7.960    -0.001417205035793952    0.001504157646042243    0.000000000000000000    -0.004935921439691224    0.020612316049880425    0.000000000000000000
7.965    -0.001403083575428907    0.001505019189645476    0.000000000000000000    -0.004121774687098484    0.022540355387014668    0.000000000000000000
7.970    -0.001389065159431040    0.001506444242133384    0.000000000000000000    -0.003336901449749533    0.024175774455481927    0.000000000000000000
7.975    -0.001375130165969417    0.001508473688982679    0.000000000000000000    -0.002470618752784329    0.025706908971341244    0.000000000000000000
7.980    -0.001361256937976613    0.001511145808556257    0.000000000000000000    -0.001676834390004073    0.026907112535019123    0.000000000000000000
7.985    -0.001347425630843559    0.001514490605943211    0.000000000000000000    -0.000773999382494214    0.027604551357121934    0.000000000000000000
7.990    -0.001333613673695068    0.001518525517114093    0.000000000000000000    0.000122082625519243    0.027811054015541153    0.000000000000000000
7.995    -0.001319798664480938    0.001523255704635364    0.000000000000000000    0.001321198112979455    0.027373877709178582    0.000000000000000000
8.000    -0.001305950625313984    0.001528670239099364    0.000000000000000000    0.002808954222251539    0.026332063660650107    0.000000000000000000
8.005    -0.001292032362291474    0.001534743075154880    0.000000000000000000    0.004132604192056202    0.024364414280995603    0.000000000000000000
8.010    -0.001278010784164163    0.001541425021567421    0.000000000000000000    0.006059915018665971    0.021971507416377115    0.000000000000000000
8.015    -0.001263837708161384    0.001548656255665372    0.000000000000000000    0.007692949412123687    0.019237362934862792    0.000000000000000000
8.020    -0.001249472308423303    0.001556368423836694    0.000000000000000000    0.009306492742677114    0.015751302229289818    0.000000000000000000
8.025    -0.001234874246366655    0.001564474374563748    0.000000000000000000    0.011307413602789501    0.011948454681507195    0.000000000000000000
8.030    -0.001219993498969937    0.001572879036657840    0.000000000000000000    0.013044835099583485    0.008090539162057542    0.000000000000000000
8.035    -0.001204786630695729    0.001581485962230984    0.000000000000000000    0.015202801530956808    0.004101745623985575    0.000000000000000000
8.040    -0.001189199692383248    0.001590195431444727    0.000000000000000000    0.017213428504594952    0.000123063971816870    0.000000000000000000
8.045    -0.001173182418358152    0.001598907977257765    0.000000000000000000    0.019245498732601424    -0.003945868728887428    0.000000000000000000
8.050    -0.001156684006864740    0.001607521876352582    0.000000000000000000    0.021328763644811594    -0.007801772428633197    0.000000000000000000
8.055    -0.001139652376280208    0.001615940731136682    0.000000000000000000    0.022682397038389576    -0.011555713967711240    0.000000000000000000
8.060    -0.001122053685769717    0.001624070693071590    0.000000000000000000    0.024065313964745025    -0.015048178996406383    0.000000000000000000
8.065    -0.001103853362410107    0.001631824450531588    0.000000000000000000    0.024887680197746564    -0.018209659671010459    0.000000000000000000
8.070    -0.001085030847045553    0.001639122966499810    0.000000000000000000    0.025273478328584342    -0.021030457097899469    0.000000000000000000
8.075    -0.001065576494722785    0.001645895721040585    0.000000000000000000    0.024421991464823600    -0.023616756655202645    0.000000000000000000
8.080    -0.001045511592613396    0.001652078056664980    0.000000000000000000    0.022969778979012659    -0.026063171298653862    0.000000000000000000
8.085    -0.001024872446029532    0.001657608813006908    0.000000000000000000    0.021311894934893105    -0.028471665525029582    0.000000000000000000
8.090    -0.001003700502072295    0.001662427777710711    0.000000000000000000    0.019757595154084456    -0.030820400738823181    0.000000000000000000
8.095    -0.000982034618236207    0.001666476232396043    0.000000000000000000    0.018497715669717196    -0.033233196168463985    0.000000000000000000
8.100    -0.000959906291508375    0.001669693857177163    0.000000000000000000    0.017008904500039751    -0.035465386101149465    0.000000000000000000
8.105    -0.000937352742168043    0.001672024847305755    0.000000000000000000    0.015583817680104618    -0.037118189035872939    0.000000000000000000
8.110    -0.000914409597385708    0.001673427882708450    0.000000000000000000    0.014177322185805578    -0.039244319894405147    0.000000000000000000
8.115    -0.000891112019548727    0.001673849810113785    0.000000000000000000    0.013279119595991686    -0.041202155982560801    0.000000000000000000
8.120    -0.000867482463721847    0.001673241683619556    0.000000000000000000    0.012654697723558581    -0.043222927855269058    0.000000000000000000
8.125    -0.000843536540451878    0.001671552983928945    0.000000000000000000    0.011838822159861151    -0.044826262669186295    0.000000000000000000
8.130    -0.000819294646627913    0.001668743627671604    0.000000000000000000    0.010828323757303138    -0.045842604667889475    0.000000000000000000
8.135    -0.000794782044710015    0.001664788206297566    0.000000000000000000    0.009560154334235099    -0.046705032465677032    0.000000000000000000
8.140    -0.000770030438933761    0.001659665159111887    0.000000000000000000    0.007892396483417073    -0.046890275800333045    0.000000000000000000
8.145    -0.000745081523245421    0.001653369855031199    0.000000000000000000    0.006210053462127503    -0.046237268876217485    0.000000000000000000
8.150    -0.000719977356220529    0.001645918619228605    0.000000000000000000    0.004213129810460431    -0.045045935375929991    0.000000000000000000
8.155    -0.000694767860950375    0.001637341235041613    0.000000000000000000    0.001997372632454517    -0.043140956325106450    0.000000000000000000
8.160    -0.000669508431364409    0.001627685326946494    0.000000000000000000    -0.000361315018980457    -0.040437099083469666    0.000000000000000000
8.165    -0.000644258034653918    0.001617018491374288    0.000000000000000000    -0.003056382402669838    -0.037057166865110333    0.000000000000000000
8.170    -0.000619084047503494    0.001605425226630454    0.000000000000000000    -0.005534330904236918    -0.033133310849229464    0.000000000000000000
8.175    -0.000594048418625676    0.001593003629115389    0.000000000000000000    -0.007450102843817655    -0.028911377959435838    0.000000000000000000
8.180    -0.000569199042318953    0.001579859247151339    0.000000000000000000    -0.008843586696417709    -0.024533106928459336    0.000000000000000000
8.185    -0.000544570755679641    0.001566101537514077    0.000000000000000000    -0.008873940283435702    -0.020173844234401203    0.000000000000000000
8.190    -0.000520164317547414    0.001551839481770955    0.000000000000000000    -0.008290367938955552    -0.015881264851299454    0.000000000000000000
8.195    -0.000495965138613662    0.001537180394406550    0.000000000000000000    -0.007769984281002541    -0.011600631065712338    0.000000000000000000
8.200    -0.000471960209286934    0.001522231291265503    0.000000000000000000    -0.006560244257083382    -0.007559612946331576    0.000000000000000000
8.205    -0.000448119286066634    0.001507093197800797    0.000000000000000000    -0.005183244087144344    -0.004115995080010426    0.000000000000000000
8.210    -0.000424407943948512    0.001491852204459091    0.000000000000000000    -0.003967910288031704    -0.001071979945262147    0.000000000000000000
8.215    -0.000400795799587591    0.001476584411618754    0.000000000000000000    -0.002481813896027755    0.001285055596048773    0.000000000000000000
8.220    -0.000377245700574071    0.001461348745168318    0.000000000000000000    -0.001113481834106103    0.003404325293289087    0.000000000000000000
8.225    -0.000353723438606403    0.001446198186850214    0.000000000000000000    0.000785607467232875    0.005156127346637659    0.000000000000000000
8.230    -0.000330181536452054    0.001431176531715776    0.000000000000000000    0.003205038175252937    0.006223992814712032    0.000000000000000000
8.235    -0.000306559508343325    0.001416310476401705    0.000000000000000000    0.005309545972013042    0.007166718742198860    0.000000000000000000
8.240    -0.000282804741585294    0.001401623589056190    0.000000000000000000    0.007250425235018950    0.007685511942915474    0.000000000000000000
8.245    -0.000258868714196389    0.001387128839509248    0.000000000000000000    0.009168616890990917    0.007903654614246566    0.000000000000000000
8.250    -0.000234703471385208    0.001372831681327661    0.000000000000000000    0.010510595566364921    0.008246643519119884    0.000000000000000000
8.255    -0.000210275463684869    0.001358740689234053    0.000000000000000000    0.012075816860256583    0.008396921521800632    0.000000000000000000
8.260    -0.000185545560563023    0.001344859620178490    0.000000000000000000    0.013285452932915165    0.008440206798613140    0.000000000000000000
8.265    -0.000160483521117854    0.001331189556292892    0.000000000000000000    0.013971470700211873    0.008135902349092408    0.000000000000000000
8.270    -0.000135072194905180    0.001317722889966021    0.000000000000000000    0.014613140949699954    0.007931491910560112    0.000000000000000000
8.275    -0.000109295540168763    0.001304454510936915    0.000000000000000000    0.014734335114477588    0.007313278678746857    0.000000000000000000
8.280    -0.000083150527054485    0.001291368963874777    0.000000000000000000    0.014945152134972954    0.006381022716597448    0.000000000000000000
8.285    -0.000056631885136832    0.001278442942380554    0.000000000000000000    0.014678550861028948    0.005421983566991986    0.000000000000000000
8.290    -0.000029746279447653    0.001265652470475506    0.000000000000000000    0.013884510539785176    0.004058667227371804    0.000000000000000000
8.295    -0.000002513560994980    0.001252963465251142    0.000000000000000000    0.013149776749471388    0.002550774056333388    0.000000000000000000
8.300    0.000025047901876430    0.001240338229378186    0.000000000000000000    0.012541413981205564    0.000780029553865136    0.000000000000000000
8.305    0.000052922900097370    0.001227732494244077    0.000000000000000000    0.011380396412736095    -0.000808461711552383    0.000000000000000000
8.310    0.000081082408228629    0.001215106547567180    0.000000000000000000    0.009687318869500063    -0.002419112301709631    0.000000000000000000
8.315    0.000109484099331625    0.001202420123082739    0.000000000000000000    0.007837086352733679    -0.004379184201938960    0.000000000000000000
8.320    0.000138081717593439    0.001189624218993250    0.000000000000000000    0.006117470822047727    -0.006008859071210057    0.000000000000000000
8.325    0.000166832272625805    0.001176678093426981    0.000000000000000000    0.003655365737239300    -0.007248240011525908    0.000000000000000000
8.330    0.000195674211801602    0.001163550761860424    0.000000000000000000    0.001325536527062732    -0.008275634462749995    0.000000000000000000
8.335    0.000224549289390575    0.001150216539432298    0.000000000000000000    -0.000902351978481842    -0.008921909784645465    0.000000000000000000
8.340    0.000253401808180086    0.001136659269259555    0.000000000000000000    -0.004165179309839531    -0.009129839307038881    0.000000000000000000
8.345    0.000282150197486851    0.001122873753104137    0.000000000000000000    -0.006767466137948958    -0.008696586342770221    0.000000000000000000
8.350    0.000310729400140167    0.001108870822290150    0.000000000000000000    -0.008773518967437714    -0.008003014557297558    0.000000000000000000
8.355    0.000339089264819298    0.001094667816112230    0.000000000000000000    -0.011198923937445673    -0.007046114101384726    0.000000000000000000
8.360    0.000367169156399992    0.001080288657081775    0.000000000000000000    -0.013136659450544916    -0.005655705959620866    0.000000000000000000
8.365    0.000394920631494423    0.001065768105402330    0.000000000000000000    -0.014740020647914867    -0.003961115624707967    0.000000000000000000
8.370    0.000422303606072656    0.001051148525832267    0.000000000000000000    -0.015915408237998120    -0.002169132119400272    0.000000000000000000
8.375    0.000449288695444939    0.001036474717959220    0.000000000000000000    -0.017089472094953054    -0.000309553422140132    0.000000000000000000
8.380    0.000475846548014848    0.001021793171250619    0.000000000000000000    -0.017883825853004260    0.001543494661014957    0.000000000000000000
8.385    0.000501957304938432    0.001007150211908543    0.000000000000000000    -0.018418177130284045    0.003337888275075848    0.000000000000000000
8.390    0.000527607607433759    0.000992590699773344    0.000000000000000000    -0.018629691651184284    0.004943566158585599    0.000000000000000000
8.395    0.000552792167637806    0.000978154776792109    0.000000000000000000    -0.019068770195627451    0.006408255858927209    0.000000000000000000
8.400    0.000577500008586962    0.000963879060207348    0.000000000000000000    -0.019813221752585514    0.007388293922338390    0.000000000000000000
8.405    0.000601712518992304    0.000949788050970645    0.000000000000000000    -0.020418659511687795    0.007803681341313901    0.000000000000000000
8.410    0.000625414562909854    0.000935892133767476    0.000000000000000000    -0.021333561026903869    0.007735376033489103    0.000000000000000000
8.415    0.000648583267801731    0.000922189600965143    0.000000000000000000    -0.022406174802411249    0.007356280512320866    0.000000000000000000
8.420    0.000671191818323548    0.000908670975175618    0.000000000000000000    -0.023043051468720280    0.006876253542428649    0.000000000000000000
8.425    0.000693224292558647    0.000895324255724655    0.000000000000000000    -0.023335958972241222    0.006238636980791454    0.000000000000000000
8.430    0.000714673367819440    0.000882133502198210    0.000000000000000000    -0.024073248252732930    0.005643040543673941    0.000000000000000000
8.435    0.000735520611873914    0.000869083824685358    0.000000000000000000    -0.024947651539723205    0.005255057296134867    0.000000000000000000
8.440    0.000755744164639896    0.000856165523604909    0.000000000000000000    -0.026067233828354526    0.004798702466215707    0.000000000000000000
8.445    0.000775316036560168    0.000843367190086116    0.000000000000000000    -0.027140115624532668    0.004572311144389329    0.000000000000000000
8.450    0.000794209405589827    0.000830683164345932    0.000000000000000000    -0.027975656683902964    0.004542468518024464    0.000000000000000000
8.455    0.000812403383202389    0.000818112700318699    0.000000000000000000    -0.029294133737801237    0.004369073764525465    0.000000000000000000
8.460    0.000829865007471506    0.000805651463135579    0.000000000000000000    -0.030167729931948432    0.004102110923438589    0.000000000000000000
8.465    0.000846572438492324    0.000793292778725545    0.000000000000000000    -0.031018921385597871    0.003940606232290082    0.000000000000000000
8.470    0.000862504396478502    0.000781032609471318    0.000000000000000000    -0.031577419420517928    0.003557042047024235    0.000000000000000000
8.475    0.000877646918979167    0.000768861366268267    0.000000000000000000    -0.032383983606747678    0.002844318152026536    0.000000000000000000
8.480    0.000891979841889663    0.000756761231019016    0.000000000000000000    -0.033440672847816558    0.001976216221348005    0.000000000000000000
8.485    0.000905476747978964    0.000744710501175300    0.000000000000000000    -0.034071650472783377    0.001178829427141669    0.000000000000000000
8.490    0.000918121862806445    0.000732689242067261    0.000000000000000000    -0.034691944589609544    0.000216278463901175    0.000000000000000000
8.495    0.000929899679019186    0.000720673389920821    0.000000000000000000    -0.035726274896811724    -0.000759346503453884    0.000000000000000000
8.500    0.000940784338359507    0.000708638554111793    0.000000000000000000    -0.036839790102478551    -0.001644106580045435    0.000000000000000000
8.505    0.000950748002947266    0.000696562615638265    0.000000000000000000    -0.037860437146924365    -0.002445278054607342    0.000000000000000000
8.510    0.000959765156606352    0.000684425545213372    0.000000000000000000    -0.038913372994043433    -0.003287115148647816    0.000000000000000000
8.515    0.000967809475940586    0.000672206296909762    0.000000000000000000    -0.039842083070407326    -0.004070596962032873    0.000000000000000000
8.520    0.000974857743198061    0.000659885283682102    0.000000000000000000    -0.040802903885795577    -0.004350326121920454    0.000000000000000000
8.525    0.000980885937858390    0.000647455512301393    0.000000000000000000    -0.041969276336349844    -0.004399566112590382    0.000000000000000000
8.530    0.000985864900610311    0.000634915751767870    0.000000000000000000    -0.042978589407010118    -0.004323719224996053    0.000000000000000000
8.535    0.000989769398627057    0.000622267898253722    0.000000000000000000    -0.043709970609043941    -0.003788129672604480    0.000000000000000000
8.540    0.000992581147378576    0.000609525341497759    0.000000000000000000    -0.044173381248506505    -0.003026294163837977    0.000000000000000000
8.545    0.000994288561598883    0.000596707127387700    0.000000000000000000    -0.044120842811320657    -0.002372566920857098    0.000000000000000000
8.550    0.000994892954748907    0.000583829599104619    0.000000000000000000    -0.043514615556258449    -0.001488619915603236    0.000000000000000000
8.555    0.000994409482510024    0.000570914855323648    0.000000000000000000    -0.042279356439614904    -0.000520130606189440    0.000000000000000000
8.560    0.000992869026360151    0.000557987108277523    0.000000000000000000    -0.040585192839122375    0.000376804726179639    0.000000000000000000
8.565    0.000990313940389300    0.000545068781349552    0.000000000000000000    -0.038073890448325765    0.001437308559232818    0.000000000000000000
8.570    0.000986807007157241    0.000532186387135562    0.000000000000000000    -0.034938954931633751    0.002532782046645726    0.000000000000000000
8.575    0.000982426600051891    0.000519367312472738    0.000000000000000000    -0.031791061345142271    0.003332706951532892    0.000000000000000000
8.580    0.000977251416412912    0.000506631555483702    0.000000000000000000    -0.028356779377862809    0.003958420482317454    0.000000000000000000
8.585    0.000971367313289487    0.000493994759006725    0.000000000000000000    -0.024880587028040455    0.004545659029594681    0.000000000000000000
8.590    0.000964861195490361    0.000481471604005487    0.000000000000000000    -0.021350328906905025    0.005002930401698871    0.000000000000000000
8.595    0.000957821319468562    0.000469073522264291    0.000000000000000000    -0.017773454667664203    0.005724801290978368    0.000000000000000000
8.600    0.000950337107080072    0.000456818560555371    0.000000000000000000    -0.014724276009465964    0.006394067299645735    0.000000000000000000
8.605    0.000942484787791345    0.000444723450528941    0.000000000000000000    -0.011585381406529344    0.006996501029242399    0.000000000000000000
8.610    0.000934342833967454    0.000432803253028242    0.000000000000000000    -0.008915612866710471    0.007848645904278816    0.000000000000000000
8.615    0.000925977989821896    0.000421079271675150    0.000000000000000000    -0.006916688895944670    0.008666085353913229    0.000000000000000000
8.620    0.000917440228453940    0.000409571942455906    0.000000000000000000    -0.005102074270724871    0.009515632730205774    0.000000000000000000
8.625    0.000908774915229215    0.000398302504054917    0.000000000000000000    -0.003801138472180228    0.010271300646032006    0.000000000000000000
8.630    0.000900014573542686    0.000387289848170079    0.000000000000000000    -0.002791337289282693    0.010931425609387192    0.000000000000000000
8.635    0.000891184448423924    0.000376550477925476    0.000000000000000000    -0.001305227640122954    0.011804374275517938    0.000000000000000000
8.640    0.000882321692614160    0.000366106217037761    0.000000000000000000    0.000313911793416860    0.012599171827240661    0.000000000000000000
8.645    0.000873466784599231    0.000355976935445726    0.000000000000000000    0.001994109386292513    0.013096114575168998    0.000000000000000000
8.650    0.000864661729318959    0.000346175056718071    0.000000000000000000    0.004556350957471596    0.013514458467713073    0.000000000000000000
8.655    0.000855970582812625    0.000336711039452109    0.000000000000000000    0.007308622793377774    0.013913194845333390    0.000000000000000000
8.660    0.000847462151876124    0.000327594852057280    0.000000000000000000    0.010259854628441242    0.014355348124930542    0.000000000000000000
8.665    0.000839210217305335    0.000318837548365574    0.000000000000000000    0.013628850173115839    0.014657490311378689    0.000000000000000000
8.670    0.000831299003988873    0.000310446681931653    0.000000000000000000    0.016317007206713592    0.015021305848662847    0.000000000000000000
8.675    0.000823795715852580    0.000302431348143948    0.000000000000000000    0.018856391751009491    0.015537194193073877    0.000000000000000000
8.680    0.000816763837510061    0.000294804444211071    0.000000000000000000    0.021125965193047325    0.016016062952418225    0.000000000000000000
8.685    0.000810260108297369    0.000287577941852003    0.000000000000000000    0.022007265875275024    0.016514178912954355    0.000000000000000000
8.690    0.000804306560731559    0.000280764293965760    0.000000000000000000    0.021888997146931287    0.017056046042727459    0.000000000000000000
8.695    0.000798900238094422    0.000274377047230584    0.000000000000000000    0.021357919742013946    0.017686269747701436    0.000000000000000000
8.700    0.000794027863450835    0.000268431957239102    0.000000000000000000    0.020044873081607323    0.018267657992340498    0.000000000000000000
8.705    0.000789656610634288    0.000262943558697427    0.000000000000000000    0.018507109525891900    0.018481612662660067    0.000000000000000000
8.710    0.000785748035555889    0.000257917200472320    0.000000000000000000    0.017650081599071381    0.018563586554839508    0.000000000000000000
8.715    0.000782280712517467    0.000253354931911083    0.000000000000000000    0.017009855392195565    0.018669202866792179    0.000000000000000000
8.720    0.000779238635863849    0.000249259393421516    0.000000000000000000    0.017053746865299153    0.018742577975138213    0.000000000000000000
8.725    0.000776622902881864    0.000245632419381327    0.000000000000000000    0.018149037387680048    0.018515838654516257    0.000000000000000000
8.730    0.000774460895834571    0.000242468341307502    0.000000000000000000    0.019601359175142920    0.017997207050804952    0.000000000000000000
8.735    0.000772788922766656    0.000239754193409946    0.000000000000000000    0.021956554075346427    0.017280294906223948    0.000000000000000000
8.740    0.000771665863550626    0.000237472052885046    0.000000000000000000    0.025459602314100750    0.016328553623743552    0.000000000000000000
8.745    0.000771179294392447    0.000235598126200740    0.000000000000000000    0.029437455136126917    0.015145498906692263    0.000000000000000000
8.750    0.000771428661612672    0.000234102836989101    0.000000000000000000    0.033083832178862869    0.013635579252394220    0.000000000000000000
8.755    0.000772505124637369    0.000232948437258772    0.000000000000000000    0.036379369563197331    0.012349435214953309    0.000000000000000000
8.760    0.000774491071901145    0.000232102773408816    0.000000000000000000    0.039764542457006689    0.010773126456402153    0.000000000000000000
8.765    0.000777471132726346    0.000231526437720271    0.000000000000000000    0.041989273517908064    0.009106933096433281    0.000000000000000000
8.770    0.000781500925389496    0.000231177775359137    0.000000000000000000    0.043876191645037498    0.007477299949119019    0.000000000000000000
8.775    0.000786627622843771    0.000231016045496730    0.000000000000000000    0.045155348989303450    0.005910673674156637    0.000000000000000000
8.780    0.000792883204022778    0.000231002082476178    0.000000000000000000    0.045605569037317044    0.004330306939178807    0.000000000000000000
8.785    0.000800278924427719    0.000231096377129105    0.000000000000000000    0.045220928151516911    0.002717036760140892    0.000000000000000000
8.790    0.000808805168036448    0.000231258597701035    0.000000000000000000    0.043254350115280032    0.000981737574346810    0.000000000000000000
8.795    0.000818412770398058    0.000231445361712324    0.000000000000000000    0.041058301650060899    -0.000761159682016255    0.000000000000000000
8.800    0.000829046830300920    0.000231613096731563    0.000000000000000000    0.037866092673023884    -0.002376320913262658    0.000000000000000000
8.805    0.000840627542520608    0.000231721423727970    0.000000000000000000    0.033992263592679851    -0.003553424157039242    0.000000000000000000
8.810    0.000853058061330113    0.000231740915120451    0.000000000000000000    0.030694014047922928    -0.004478202826435585    0.000000000000000000
8.815    0.000866255930490816    0.000231648451442271    0.000000000000000000    0.027564633238962022    -0.004969083947741187    0.000000000000000000
8.820    0.000880142915482492    0.000231431760665398    0.000000000000000000    0.024407435497424308    -0.004933487504261719    0.000000000000000000
8.825    0.000894640086361605    0.000231091732700918    0.000000000000000000    0.020867981379889614    -0.004620943425742360    0.000000000000000000
8.830    0.000909658956775215    0.000230636181150795    0.000000000000000000    0.017394817412794139    -0.003895127026738807    0.000000000000000000
8.835    0.000925112697624144    0.000230083251425003    0.000000000000000000    0.013881474656852327    -0.002956774848111811    0.000000000000000000
8.840    0.000940913475339495    0.000229456402328008    0.000000000000000000    0.010253284768615804    -0.001903353291948144    0.000000000000000000
8.845    0.000956970585174061    0.000228781969398715    0.000000000000000000    0.006481243164510250    -0.001116033052043098    0.000000000000000000
8.850    0.000973189726087740    0.000228079635643121    0.000000000000000000    0.002623731226859653    -0.000415229042452893    0.000000000000000000
8.855    0.000989474460282091    0.000227366921161465    0.000000000000000000    -0.000612176590327092    0.000126739528357855    0.000000000000000000
8.860    0.001005743890061683    0.000226657375168018    0.000000000000000000    -0.002998110134695350    0.000513846244903958    0.000000000000000000
8.865    0.001021938367087908    0.000225960675330694    0.000000000000000000    -0.004835428037272202    0.000853561682405543    0.000000000000000000
8.870    0.001038011958413201    0.000225285314535430    0.000000000000000000    -0.006487636180392553    0.001438930498186405    0.000000000000000000
8.875    0.001053923358833984    0.000224645927002620    0.000000000000000000    -0.007680006673758261    0.002268962186117822    0.000000000000000000
8.880    0.001069642759087924    0.000224063263524464    0.000000000000000000    -0.008496121587531907    0.003129760099609274    0.000000000000000000
8.885    0.001085149756302175    0.000223558844048798    0.000000000000000000    -0.009158398360928008    0.004170323974154316    0.000000000000000000
8.890    0.001100427793557402    0.000223158682672485    0.000000000000000000    -0.009927631110639296    0.005270699216306093    0.000000000000000000
8.895    0.001115457640034864    0.000222890288776581    0.000000000000000000    -0.011438637439291355    0.006181548803832308    0.000000000000000000
8.900    0.001130201520576344    0.000222776433600772    0.000000000000000000    -0.013377374917921542    0.006672363449129184    0.000000000000000000
8.905    0.001144610966744875    0.000222829387511191    0.000000000000000000    -0.015192476613039643    0.007217680094056059    0.000000000000000000
8.910    0.001158640600998081    0.000223062783423962    0.000000000000000000    -0.017325792176477520    0.007304814231306371    0.000000000000000000
8.915    0.001172237090446875    0.000223478799692515    0.000000000000000000    -0.019179647651589721    0.007230171217692798    0.000000000000000000
8.920    0.001185354088704378    0.000224075570241511    0.000000000000000000    -0.021494780541959566    0.007267489995793110    0.000000000000000000
8.925    0.001197933717448333    0.000224854028040401    0.000000000000000000    -0.023680822481501190    0.006853759206893774    0.000000000000000000
8.930    0.001209921325630251    0.000225803829819464    0.000000000000000000    -0.025297719570115812    0.006162959110497281    0.000000000000000000
8.935    0.001221276490822915    0.000226907705576290    0.000000000000000000    -0.026458750970285994    0.005297532089178518    0.000000000000000000
8.940    0.001231970187241322    0.000228144019635344    0.000000000000000000    -0.027556112396544957    0.004346234732155495    0.000000000000000000
8.945    0.001241974980849816    0.000229488989562703    0.000000000000000000    -0.028744652723448894    0.003286637784981642    0.000000000000000000
8.950    0.001251261158140224    0.000230916125434686    0.000000000000000000    -0.029367507182985475    0.002105014177621826    0.000000000000000000
8.955    0.001259813147751056    0.000232395886661110    0.000000000000000000    -0.029967486142390767    0.001208878135987258    0.000000000000000000
8.960    0.001267615950208329    0.000233905869840933    0.000000000000000000    -0.030544194628548058    0.000381382720465381    0.000000000000000000
8.965    0.001274655147799889    0.000235425387588769    0.000000000000000000    -0.031023645076962147    -0.000583758849529836    0.000000000000000000
8.970    0.001280918754264524    0.000236930311365365    0.000000000000000000    -0.031722380551850102    -0.001351539980341170    0.000000000000000000
8.975    0.001286389301215363    0.000238401446642454    0.000000000000000000    -0.032638218280516690    -0.001919671686888584    0.000000000000000000
8.980    0.001291043892709189    0.000239824590127370    0.000000000000000000    -0.034043275383977001    -0.002312814816734241    0.000000000000000000
8.985    0.001294847402318416    0.000241189913241867    0.000000000000000000    -0.035327637585586685    -0.002790123869837475    0.000000000000000000
8.990    0.001297767720988003    0.000242485483259619    0.000000000000000000    -0.036804006788519056    -0.003320175290881218    0.000000000000000000
8.995    0.001299767939487877    0.000243698048895099    0.000000000000000000    -0.038533235599538460    -0.004053212101697706    0.000000000000000000
9.000    0.001300804827097763    0.000244809284228036    0.000000000000000000    -0.039818760836788161    -0.004934090862686140    0.000000000000000000
9.005    0.001300846245686729    0.000245797167289406    0.000000000000000000    -0.040537209147371508    -0.005838551480727601    0.000000000000000000
9.010    0.001299874234047010    0.000246639086563758    0.000000000000000000    -0.040958007831576326    -0.006963988546707621    0.000000000000000000
9.015    0.001297878272211502    0.000247306906124443    0.000000000000000000    -0.040931687090737731    -0.008019517449635825    0.000000000000000000
9.020    0.001294859018198726    0.000247774237748886    0.000000000000000000    -0.040597998899093504    -0.009387280898397448    0.000000000000000000
9.025    0.001290824814213473    0.000248006887350870    0.000000000000000000    -0.040170794114897934    -0.010926909980038882    0.000000000000000000
9.030    0.001285786340375347    0.000247966364203352    0.000000000000000000    -0.039504874534204704    -0.012740891326128590    0.000000000000000000
9.035    0.001279760244673865    0.000247607318772681    0.000000000000000000    -0.038776964708941986    -0.014749839219957515    0.000000000000000000
9.040    0.001272764724854661    0.000246879527361512    0.000000000000000000    -0.038292865535312359    -0.016483020675093878    0.000000000000000000
9.045    0.001264811883397073    0.000245739660433465    0.000000000000000000    -0.038304507190244086    -0.018051027154816421    0.000000000000000000
9.050    0.001255901429259730    0.000244148517826547    0.000000000000000000    -0.039438132540042456    -0.019253196802721147    0.000000000000000000
9.055    0.001246005021808885    0.000242076045299562    0.000000000000000000    -0.040830119229038481    -0.020193276085002463    0.000000000000000000
9.060    0.001235087861377314    0.000239498740870451    0.000000000000000000    -0.042022481960340627    -0.020885745081590610    0.000000000000000000
9.065    0.001223120138896735    0.000236399292814301    0.000000000000000000    -0.044109157080205255    -0.021062887700710974    0.000000000000000000
9.070    0.001210049687489151    0.000232773272565633    0.000000000000000000    -0.045705826359895493    -0.020607193044270198    0.000000000000000000
9.075    0.001195836590422569    0.000228632072490858    0.000000000000000000    -0.046916848261847194    -0.019733327122753223    0.000000000000000000
9.080    0.001180450572149441    0.000223997539238014    0.000000000000000000    -0.047280032848436016    -0.018517743996205802    0.000000000000000000
9.085    0.001163882553055103    0.000218900062385266    0.000000000000000000    -0.046520876407964845    -0.016808526450599142    0.000000000000000000
9.090    0.001146151512050565    0.000213382372371252    0.000000000000000000    -0.044969523791864655    -0.014909496525534680    0.000000000000000000
9.095    0.001127296232951230    0.000207491944944100    0.000000000000000000    -0.042509886482413120    -0.012981135982020799    0.000000000000000000
9.100    0.001107378206689835    0.000201276989117397    0.000000000000000000    -0.038873803959726949    -0.010723800485169278    0.000000000000000000
9.105    0.001086488335329447    0.000194793938278565    0.000000000000000000    -0.034709809451031332    -0.008183181409891164    0.000000000000000000
9.110    0.001064730718732784    0.000188106307904486    0.000000000000000000    -0.029877897821306218    -0.005404988128739725    0.000000000000000000
9.115    0.001042226154690587    0.000181283552827188    0.000000000000000000    -0.024998163841169832    -0.002791700942781283    0.000000000000000000
9.120    0.001019096636552362    0.000174391005226321    0.000000000000000000    -0.020197198511498482    -0.000429378284877305    0.000000000000000000
9.125    0.000995462188451348    0.000167487723168332    0.000000000000000000    -0.015785647830219088    0.001698358570241705    0.000000000000000000
9.130    0.000971433099154580    0.000160626900074599    0.000000000000000000    -0.011576589893022571    0.003333191102078067    0.000000000000000000
9.135    0.000947114595110485    0.000153849406758418    0.000000000000000000    -0.007279591185248985    0.004528916956233336    0.000000000000000000
9.140    0.000922614101286760    0.000147185136366142    0.000000000000000000    -0.003256099653514699    0.005337305959369825    0.000000000000000000
9.145    0.000898032204971697    0.000140654298622851    0.000000000000000000    0.001032086102037595    0.005682347617534927    0.000000000000000000
9.150    0.000873476110809184    0.000134265519569999    0.000000000000000000    0.005270283004944927    0.005637987160699281    0.000000000000000000
9.155    0.000849051773721795    0.000128017690196163    0.000000000000000000    0.008952900408037631    0.005201391618127717    0.000000000000000000
9.160    0.000824851259144607    0.000121899895612781    0.000000000000000000    0.012010751169271548    0.004491531656829586    0.000000000000000000
9.165    0.000800951013346651    0.000115894389320820    0.000000000000000000    0.015410925075631104    0.003917162076391245    0.000000000000000000
9.170    0.000777436040675586    0.000109986812080769    0.000000000000000000    0.018509139635058611    0.003922095034314681    0.000000000000000000
9.175    0.000754383796495397    0.000104177287216575    0.000000000000000000    0.021788617076360511    0.004218922843026124    0.000000000000000000
9.180    0.000731876267742117    0.000098473235423457    0.000000000000000000    0.025472124911556267    0.005105498348391782    0.000000000000000000
9.185    0.000710005542111626    0.000092896821089049    0.000000000000000000    0.028825064544951533    0.006156772054478942    0.000000000000000000
9.190    0.000688855443094759    0.000087474326056003    0.000000000000000000    0.031611948557545844    0.007440052468794334    0.000000000000000000
9.195    0.000668495642791831    0.000082237832334676    0.000000000000000000    0.034095878905008280    0.009082635257391386    0.000000000000000000
9.200    0.000648988239461528    0.000077228404494785    0.000000000000000000    0.036910539689886772    0.010936840849104339    0.000000000000000000
9.205    0.000630403599623471    0.000072492397676121    0.000000000000000000    0.038497509902740874    0.012980381020396441    0.000000000000000000
9.210    0.000612781397532984    0.000068080900382967    0.000000000000000000    0.039542461098382616    0.014595618551765206    0.000000000000000000
9.215    0.000596147756969956    0.000064034293553607    0.000000000000000000    0.040534406323656201    0.015913095267949338    0.000000000000000000
9.220    0.000580527476565019    0.000060385514105946    0.000000000000000000    0.040774637897712449    0.016921492185345794    0.000000000000000000
9.225    0.000565926562107525    0.000057159771962918    0.000000000000000000    0.041421685731545151    0.017477464673876262    0.000000000000000000
9.230    0.000552361189793320    0.000054370966436738    0.000000000000000000    0.041999617230725761    0.017325416835222589    0.000000000000000000
9.235    0.000539845807909883    0.000052015296331437    0.000000000000000000    0.042839992888256233    0.016467299047135786    0.000000000000000000
9.240    0.000528401425848653    0.000050071308702316    0.000000000000000000    0.043788268814857860    0.014977274632179358    0.000000000000000000
9.245    0.000518051750507793    0.000048501752938999    0.000000000000000000    0.045053247800007704    0.013114537016625717    0.000000000000000000
9.250    0.000508828406361934    0.000047260060601097    0.000000000000000000    0.046704657061945494    0.011287315781338268    0.000000000000000000
9.255    0.000500772678642624    0.000046300551157729    0.000000000000000000    0.047505274170800416    0.009381879235367005    0.000000000000000000
9.260    0.000493904582777584    0.000045575588695245    0.000000000000000000    0.048290826571745389    0.007566574519251267    0.000000000000000000
9.265    0.000488243757576837    0.000045039790595743    0.000000000000000000    0.048753067473364040    0.006238969738321480    0.000000000000000000
9.270    0.000483801759062924    0.000044659966739698    0.000000000000000000    0.048477348320904563    0.004960921914772204    0.000000000000000000
9.275    0.000480571694257034    0.000044404165931523    0.000000000000000000    0.047699282200465688    0.003824663798196622    0.000000000000000000
9.280    0.000478534111506156    0.000044243981718302    0.000000000000000000    0.046601119865446843    0.003154967315850633    0.000000000000000000
9.285    0.000477661556751913    0.000044162671687978    0.000000000000000000    0.044906619877454423    0.002687862439405505    0.000000000000000000
9.290    0.000477911667494607    0.000044148558218639    0.000000000000000000    0.042535269464201615    0.002079250964978391    0.000000000000000000
9.295    0.000479225159973907    0.000044186426023425    0.000000000000000000    0.039953001755149965    0.001626735180314427    0.000000000000000000
9.300    0.000481537477497084    0.000044264962207718    0.000000000000000000    0.036413535506305862    0.001344910298278507    0.000000000000000000
9.305    0.000484760133407920    0.000044377121149468    0.000000000000000000    0.032448618964594882    0.001336400002322608    0.000000000000000000
9.310    0.000488794004792870    0.000044522690091277    0.000000000000000000    0.028245320739177064    0.001354775809843736    0.000000000000000000
9.315    0.000493534009196300    0.000044702128428331    0.000000000000000000    0.024287290880976864    0.001501045624129039    0.000000000000000000
9.320    0.000498881195871754    0.000044919092905989    0.000000000000000000    0.020475837979264805    0.001850551491049406    0.000000000000000000
9.325    0.000504740278496690    0.000045182321170923    0.000000000000000000    0.017369224380452304    0.002587793052953678    0.000000000000000000
9.330    0.000511033591731137    0.000045510244262181    0.000000000000000000    0.015478071506013109    0.003433505782543132    0.000000000000000000
9.335    0.000517713856753235    0.000045924004998002    0.000000000000000000    0.013973170337510180    0.004231138294560801    0.000000000000000000
9.340    0.000524743451033770    0.000046443544191188    0.000000000000000000    0.013036017802057695    0.004959936307367052    0.000000000000000000
9.345    0.000532098945759357    0.000047087081792057    0.000000000000000000    0.011901005250625381    0.005550453034108544    0.000000000000000000
9.350    0.000539751965616209    0.000047869380718779    0.000000000000000000    0.010703414412603987    0.005773905126414073    0.000000000000000000
9.355    0.000547672570833376    0.000048796027273662    0.000000000000000000    0.010304229544470279    0.005734202203873731    0.000000000000000000
9.360    0.000555850781789156    0.000049866028883641    0.000000000000000000    0.008582310960358192    0.005613337127573486    0.000000000000000000
9.365    0.000564243550518944    0.000051076363921810    0.000000000000000000    0.006317143220763849    0.005090859113534890    0.000000000000000000
9.370    0.000572794247829251    0.000052413970437817    0.000000000000000000    0.004291402193310791    0.004665756819586381    0.000000000000000000
9.375    0.000581452230194391    0.000053868220874314    0.000000000000000000    0.002845016538084721    0.004512850703852387    0.000000000000000000
9.380    0.000590181337972983    0.000055435292578407    0.000000000000000000    0.001287328420885095    0.004719826074001934    0.000000000000000000
9.385    0.000598942628962097    0.000057120359934351    0.000000000000000000    -0.000391176914488894    0.005266465158327736    0.000000000000000000
9.390    0.000607694140528349    0.000058937088919252    0.000000000000000000    -0.002240193138209993    0.005982429813361251    0.000000000000000000
9.395    0.000616389647266146    0.000060903378649487    0.000000000000000000    -0.003462358826962150    0.007025797615248339    0.000000000000000000
9.400    0.000624998595033269    0.000063045313320104    0.000000000000000000    -0.004647896255870719    0.008085523972623822    0.000000000000000000
9.405    0.000633491345393995    0.000065389386090036    0.000000000000000000    -0.006104690389520558    0.009187728491420851    0.000000000000000000
9.410    0.000641831478494983    0.000067963152072254    0.000000000000000000    -0.007071612512865935    0.010307807522810320    0.000000000000000000
9.415    0.000649994821283149    0.000070794613242542    0.000000000000000000    -0.008148103435383879    0.011406691869002891    0.000000000000000000
9.420    0.000657954461485431    0.000073911241709555    0.000000000000000000    -0.008888447243981731    0.012381063083622095    0.000000000000000000
9.425    0.000665691890506613    0.000077337396753659    0.000000000000000000    -0.009909889855056614    0.013265912695050439    0.000000000000000000
9.430    0.000673181572281419    0.000081095199615139    0.000000000000000000    -0.011768427107708250    0.013962102007760812    0.000000000000000000
9.435    0.000680377043378532    0.000085202055026813    0.000000000000000000    -0.013710961136756232    0.014618949028383210    0.000000000000000000
9.440    0.000687229740447226    0.000089674384164196    0.000000000000000000    -0.016121712829567959    0.014928438826288339    0.000000000000000000
9.445    0.000693679394695181    0.000094519924272237    0.000000000000000000    -0.018420728914226615    0.015115534889344737    0.000000000000000000
9.450    0.000699668530720280    0.000099743352752511    0.000000000000000000    -0.020862391052478557    0.014926235437142396    0.000000000000000000
9.455    0.000705136106969067    0.000105339937118714    0.000000000000000000    -0.023194405814413142    0.014840099318901640    0.000000000000000000
9.460    0.000710023823072494    0.000111307523967889    0.000000000000000000    -0.024874868790073987    0.014606355810038458    0.000000000000000000
9.465    0.000714289667456169    0.000117640269712316    0.000000000000000000    -0.026126781075119093    0.014257174763861851    0.000000000000000000
9.470    0.000717902342312966    0.000124329444825839    0.000000000000000000    -0.026913024920713000    0.013807169379858025    0.000000000000000000
9.475    0.000720842191546746    0.000131363799173858    0.000000000000000000    -0.026957919158428385    0.013532640980095734    0.000000000000000000
9.480    0.000723108092801564    0.000138736469546380    0.000000000000000000    -0.026101962069505387    0.013615700283549923    0.000000000000000000
9.485    0.000724721445004645    0.000146449532425990    0.000000000000000000    -0.025204644090205675    0.013662208339634612    0.000000000000000000
9.490    0.000725704681105471    0.000154504150514092    0.000000000000000000    -0.024295038224993182    0.013718491058272190    0.000000000000000000
9.495    0.000726080541250672    0.000162901730878650    0.000000000000000000    -0.023331644121125927    0.013772058553416676    0.000000000000000000
9.500    0.000725873110292845    0.000171643612707044    0.000000000000000000    -0.022287532405983190    0.013840370937770506    0.000000000000000000
9.505    0.000725108491024868    0.000180731503808881    0.000000000000000000    -0.021124842772331925    0.013944429937745237    0.000000000000000000
9.510    0.000723815750687583    0.000190168005659163    0.000000000000000000    -0.020404629180424683    0.013717710989647478    0.000000000000000000
9.515    0.000722012894620787    0.000199947450284186    0.000000000000000000    -0.019352803765919531    0.013365314514872037    0.000000000000000000
9.520    0.000719726218459844    0.000210061027772080    0.000000000000000000    -0.018309075756925246    0.012717752689418802    0.000000000000000000
9.525    0.000716981815404977    0.000220492549077210    0.000000000000000000    -0.017494078970808034    0.012054616718245757    0.000000000000000000
9.530    0.000713800060375840    0.000231225435800296    0.000000000000000000    -0.016142224534233460    0.011101255957543044    0.000000000000000000
9.535    0.000710214749733347    0.000242235853922321    0.000000000000000000    -0.014587750498387328    0.009871680862783309    0.000000000000000000
9.540    0.000706264745328395    0.000253493064065915    0.000000000000000000    -0.012492175076798777    0.008410980528655377    0.000000000000000000
9.545    0.000702002436546522    0.000264960548722726    0.000000000000000000    -0.010183902791598837    0.006880912747260493    0.000000000000000000
9.550    0.000697485530194860    0.000276600056198218    0.000000000000000000    -0.007895148167401909    0.005266690758535739    0.000000000000000000
9.555    0.000692771245139012    0.000288371230942674    0.000000000000000000    -0.005297935586640740    0.003764341640905954    0.000000000000000000
9.560    0.000687924511693499    0.000300236514228152    0.000000000000000000    -0.003081190480102441    0.002560278993262062    0.000000000000000000
9.565    0.000683000748485983    0.000312165804488461    0.000000000000000000    -0.001149791199611672    0.001409033406625081    0.000000000000000000
9.570    0.000678048240498476    0.000324130320583937    0.000000000000000000    0.000742228112964038    0.000354548662646718    0.000000000000000000
9.575    0.000673114288213794    0.000336103700395978    0.000000000000000000    0.002752816936233901    -0.000410028073967797    0.000000000000000000
9.580    0.000668249156352518    0.000348066829506171    0.000000000000000000    0.004510148282573824    -0.001019650261962872    0.000000000000000000
9.585    0.000663496778198306    0.000360004467359814    0.000000000000000000    0.005446320040379711    -0.001331839134626183    0.000000000000000000
9.590    0.000658880558045103    0.000371908809235092    0.000000000000000000    0.005285448905207983    -0.001510103679212491    0.000000000000000000
9.595    0.000654396474114531    0.000383775398518389    0.000000000000000000    0.004941427475175543    -0.001550430686317241    0.000000000000000000
9.600    0.000650035925870838    0.000395603227034528    0.000000000000000000    0.004786146216009465    -0.001235613681877055    0.000000000000000000
9.605    0.000645795031282545    0.000407400165208621    0.000000000000000000    0.004386037432352677    -0.000848219064307400    0.000000000000000000
9.610    0.000641663787630061    0.000419175897906106    0.000000000000000000    0.003779447003654339    -0.000241384439296586    0.000000000000000000
9.615    0.000637627030152669    0.000430945595992608    0.000000000000000000    0.002625045479242791    0.000459078229968473    0.000000000000000000
9.620    0.000633655898812257    0.000442726771034859    0.000000000000000000    0.001720194414476899    0.001084342387317437    0.000000000000000000
9.625    0.000629727772332208    0.000454535054636794    0.000000000000000000    0.000989959578184124    0.001825490183037393    0.000000000000000000
9.630    0.000625824394841613    0.000466388975493304    0.000000000000000000    -0.000204952301579783    0.002343567618110637    0.000000000000000000
9.635    0.000621915893543478    0.000478301485540268    0.000000000000000000    -0.001312009306198014    0.002700667831986771    0.000000000000000000
9.640    0.000617974592012689    0.000490281512283031    0.000000000000000000    -0.001871375407925743    0.003049636117301389    0.000000000000000000
9.645    0.000613986506096701    0.000502337779928726    0.000000000000000000    -0.002434639560749789    0.003219929143524758    0.000000000000000000
9.650    0.000609937554191695    0.000514474545803009    0.000000000000000000    -0.002711722866923297    0.003405701896170253    0.000000000000000000
9.655    0.000605820809215015    0.000526696454224697    0.000000000000000000    -0.002538594620848066    0.003485023510325751    0.000000000000000000
9.660    0.000601640599372815    0.000539005488234143    0.000000000000000000    -0.002490115828756266    0.003277377471945508    0.000000000000000000
9.665    0.000597398136634895    0.000551396456680388    0.000000000000000000    -0.002241061788526601    0.002945544277724310    0.000000000000000000
9.670    0.000593099647352263    0.000563861063733575    0.000000000000000000    -0.001730940476685379    0.002417154881823730    0.000000000000000000
9.675    0.000588757884557713    0.000576386099658809    0.000000000000000000    -0.001095309581857114    0.001625148387199987    0.000000000000000000
9.680    0.000584388739023617    0.000588951764293722    0.000000000000000000    0.000125542300795541    0.000829827229492305    0.000000000000000000
9.685    0.000580022732047040    0.000601538174609373    0.000000000000000000    0.001095639976076042    -0.000159498467957458    0.000000000000000000
9.690    0.000575684116069866    0.000614120597463324    0.000000000000000000    0.002458972438957804    -0.001095334315613823    0.000000000000000000
9.695    0.000571406974403665    0.000626675636959385    0.000000000000000000    0.003712820831201953    -0.002042714253463508    0.000000000000000000
9.700    0.000567222653258245    0.000639179608599110    0.000000000000000000    0.005367839790364030    -0.002851723636802285    0.000000000000000000
9.705    0.000563172528107584    0.000651612287147915    0.000000000000000000    0.006919175411421695    -0.003491601244134772    0.000000000000000000
9.710    0.000559295382342208    0.000663957675665616    0.000000000000000000    0.007936955169207671    -0.003901671779605632    0.000000000000000000
9.715    0.000555616660456062    0.000676205522388827    0.000000000000000000    0.008625937339711877    -0.004321918624654482    0.000000000000000000
9.720    0.000552153587003410    0.000688345321146422    0.000000000000000000    0.009156611797830026    -0.004592203169014042    0.000000000000000000
9.725    0.000548919428845702    0.000700370314824791    0.000000000000000000    0.009915838421487716    -0.004539344139902791    0.000000000000000000
9.730    0.000545933166648533    0.000712281824899663    0.000000000000000000    0.010377365369314447    -0.004525678706586607    0.000000000000000000
9.735    0.000543206338585596    0.000724080193006870    0.000000000000000000    0.010520065105656083    -0.004415300345179084    0.000000000000000000
9.740    0.000540742512150300    0.000735768178605448    0.000000000000000000    0.010228536257042391    -0.004240835150834746    0.000000000000000000
9.745    0.000538534399121430    0.000747350143325255    0.000000000000000000    0.009676952701198442    -0.003777100230795832    0.000000000000000000
9.750    0.000536568209910091    0.000758837680539292    0.000000000000000000    0.009506112803982572    -0.003317172329155363    0.000000000000000000
9.755    0.000534839673518851    0.000770242288445100    0.000000000000000000    0.009305587204012228    -0.003096971342366091    0.000000000000000000
9.760    0.000533343776807711    0.000781569472067349    0.000000000000000000    0.009123774957408778    -0.002877034848969284    0.000000000000000000
9.765    0.000532075974470507    0.000792824729818374    0.000000000000000000    0.008646724492314406    -0.002799066162639981    0.000000000000000000
9.770    0.000531024340245610    0.000804010010915332    0.000000000000000000    0.008677271524054446    -0.002824384153360393    0.000000000000000000
9.775    0.000530189637808815    0.000815124682408457    0.000000000000000000    0.008558698985743074    -0.002725955434296212    0.000000000000000000
9.780    0.000529568902846663    0.000826171205015724    0.000000000000000000    0.008333475687259673    -0.002371184100501481    0.000000000000000000
9.785    0.000529156504776693    0.000837158448020479    0.000000000000000000    0.008682392838221462    -0.002129471716942437    0.000000000000000000
9.790    0.000528961166527678    0.000848092454232310    0.000000000000000000    0.009146453079983061    -0.002004052548792469    0.000000000000000000
9.795    0.000528994489605663    0.000858976359130421    0.000000000000000000    0.009431475446962899    -0.001796246165454429    0.000000000000000000
9.800    0.000529263599569822    0.000869815357874396    0.000000000000000000    0.010167813206669700    -0.002029355669224721    0.000000000000000000
9.805    0.000529786904864148    0.000880603622726641    0.000000000000000000    0.010729385280664264    -0.002462266467436608    0.000000000000000000
9.810    0.000530578444790490    0.000891330330917199    0.000000000000000000    0.011716767457084151    -0.003009597625627802    0.000000000000000000
9.815    0.000531662903903260    0.000901981799167117    0.000000000000000000    0.012623789378296037    -0.003555454775447039    0.000000000000000000
9.820    0.000533062957750487    0.000912544381047649    0.000000000000000000    0.013566051088424735    -0.004138290799890129    0.000000000000000000
9.825    0.000534802162874924    0.000923003505658183    0.000000000000000000    0.014327189859410921    -0.004900330282794560    0.000000000000000000
9.830    0.000536899547745847    0.000933340122011647    0.000000000000000000    0.014561721277134981    -0.005418327767717571    0.000000000000000000
9.835    0.000539360975648698    0.000943541280170919    0.000000000000000000    0.015340940673386379    -0.005942207040371059    0.000000000000000000
9.840    0.000542205927068384    0.000953593883154181    0.000000000000000000    0.015495779828816024    -0.006377419269161175    0.000000000000000000
9.845    0.000545438272983790    0.000963487050655714    0.000000000000000000    0.015097478924586995    -0.006807762265039451    0.000000000000000000
9.850    0.000549048055872311    0.000973210024100622    0.000000000000000000    0.014823215883463629    -0.007444231537164989    0.000000000000000000
9.855    0.000553028419157918    0.000982746891757100    0.000000000000000000    0.014047033603868490    -0.008087721765433382    0.000000000000000000
9.860    0.000557359958283622    0.000992081566369442    0.000000000000000000    0.012745942025811294    -0.008662920558078976    0.000000000000000000
9.865    0.000562010145959972    0.001001199667967832    0.000000000000000000    0.011372103876131599    -0.009122196990528353    0.000000000000000000
9.870    0.000566944636233224    0.001010089714641460    0.000000000000000000    0.010209540367675692    -0.009376091768785455    0.000000000000000000
9.875    0.000572134365015669    0.001018745359020867    0.000000000000000000    0.008565809487106127    -0.009882670294683593    0.000000000000000000
9.880    0.000577538239035291    0.001027153936642907    0.000000000000000000    0.006467044514507116    -0.010542956083939986    0.000000000000000000
9.885    0.000583103789167776    0.001035298940362849    0.000000000000000000    0.004884807984131129    -0.010971370266194685    0.000000000000000000
9.890    0.000588791459499864    0.001043169659826136    0.000000000000000000    0.003339299175630223    -0.011604477950181297    0.000000000000000000
9.895    0.000594562612311343    0.001050750267340669    0.000000000000000000    0.002126094781674560    -0.012242954273546450    0.000000000000000000
9.900    0.000600386917492364    0.001058024800998363    0.000000000000000000    0.001215529090302543    -0.012670979279861411    0.000000000000000000
9.905    0.000606241610900643    0.001064982560174060    0.000000000000000000    0.000196017344946710    -0.013312053096705551    0.000000000000000000
9.910    0.000612101204742545    0.001071607518022339    0.000000000000000000    -0.000756459755217598    -0.014006507670629928    0.000000000000000000
9.915    0.000617941887090566    0.001077882313178853    0.000000000000000000    -0.001419721881818978    -0.014422283176546494    0.000000000000000000
9.920    0.000623747076391542    0.001083796551255954    0.000000000000000000    -0.002200388414903484    -0.014960026859644343    0.000000000000000000
9.925    0.000629497255982146    0.001089336788661563    0.000000000000000000    -0.002626388423930537    -0.015696910611994602    0.000000000000000000
9.930    0.000635181775862151    0.001094484603301872    0.000000000000000000    -0.002874400071802875    -0.016317017294932915    0.000000000000000000
9.935    0.000640794435740362    0.001099224492509808    0.000000000000000000    -0.003026980606949531    -0.016866659459406283    0.000000000000000000
9.940    0.000646331421103398    0.001103542715231259    0.000000000000000000    -0.003530747158114744    -0.017399390071894463    0.000000000000000000
9.945    0.000651780137787482    0.001107425953200912    0.000000000000000000    -0.003784964988859385    -0.017671172335498656    0.000000000000000000
9.950    0.000657134230346844    0.001110867411862178    0.000000000000000000    -0.003611313885310691    -0.017858556180588500    0.000000000000000000
9.955    0.000662398040059073    0.001113862406618929    0.000000000000000000    -0.002988723992818597    -0.018182539248375387    0.000000000000000000
9.960    0.000667587131671482    0.001116402837894471    0.000000000000000000    -0.002579311662496107    -0.018226620564472731    0.000000000000000000
9.965    0.000672711740492329    0.001118487603655901    0.000000000000000000    -0.002120435046095055    -0.018197813649225431    0.000000000000000000
9.970    0.000677783338437023    0.001120117424076101    0.000000000000000000    -0.001487718509934378    -0.017990740971999750    0.000000000000000000
9.975    0.000682817743418968    0.001121297475972000    0.000000000000000000    -0.001473742795255958    -0.017657310782664276    0.000000000000000000
9.980    0.000687815304831033    0.001122036095098333    0.000000000000000000    -0.001338701428265331    -0.017427662429726071    0.000000000000000000
9.985    0.000692779398707391    0.001122339022663922    0.000000000000000000    -0.001253976974402091    -0.017193769585536339    0.000000000000000000
9.990    0.000697712143159388    0.001122212105989874    0.000000000000000000    -0.000829762829201650    -0.017025095185498745    0.000000000000000000
9.995    0.000702624143540656    0.001121659561936187    0.000000000000000000    -0.000377760154780457    -0.016810030889422012    0.000000000000000000
10.000    0.000707526699918054    0.001120686767110266    0.000000000000000000    -0.000063573051744745    -0.016454248277716910    0.000000000000000000
10.005    0.000712427666969159    0.001119302616077401    0.000000000000000000    0.000433114747911897    -0.016105739868580229    0.000000000000000000
10.010    0.000717339461888961    0.001117515821547822    0.000000000000000000    0.000482683122117467    -0.015841472516386207    0.000000000000000000
10.015    0.000722263323886816    0.001115332990205333    0.000000000000000000    0.000353598466102008    -0.015463531313122253    0.000000000000000000
10.020    0.000727196025846324    0.001112763570580016    0.000000000000000000    0.000626464099345858    -0.015109910384098965    0.000000000000000000
10.025    0.000732144389408315    0.001109816403195096    0.000000000000000000    0.000788253309955307    -0.014862552799206619    0.000000000000000000
10.030    0.000737112459303056    0.001106497671990197    0.000000000000000000    0.001027346409531935    -0.014388390647693608    0.000000000000000000
10.035    0.000742106212858034    0.001102819231019105    0.000000000000000000    0.001220082797960889    -0.013776294197414760    0.000000000000000000
10.040    0.000747130468482962    0.001098796382693078    0.000000000000000000    0.000650974237952073    -0.013020601265451362    0.000000000000000000
10.045    0.000752170998463838    0.001094448019335414    0.000000000000000000    0.000139016406242379    -0.012091000115999756    0.000000000000000000
10.050    0.000757215003854871    0.001089797380974851    0.000000000000000000    -0.000567377499553247    -0.011394733899494636    0.000000000000000000
10.055    0.000762244824808415    0.001084861874266800    0.000000000000000000    -0.001236355716156129    -0.010692062492939289    0.000000000000000000
10.060    0.000767243736869054    0.001079659065996425    0.000000000000000000    -0.001786647799277043    -0.009985060999391851    0.000000000000000000
10.065    0.000772197982734712    0.001074206631201066    0.000000000000000000    -0.002170740848912722    -0.009546699813647169    0.000000000000000000
10.070    0.000777097960079147    0.001068515528910366    0.000000000000000000    -0.002782890745640226    -0.008859099309560525    0.000000000000000000
10.075    0.000781928365154941    0.001062602949136926    0.000000000000000000    -0.003474885698568145    -0.008161833602946672    0.000000000000000000
10.080    0.000786671898088271    0.001056486323523413    0.000000000000000000    -0.004145271665610684    -0.007414186193842320    0.000000000000000000
10.085    0.000791311799229961    0.001050184343255054    0.000000000000000000    -0.005279399095240757    -0.006562709599679251    0.000000000000000000
10.090    0.000795819715394269    0.001043718295246703    0.000000000000000000    -0.005880759092911567    -0.005880352412467038    0.000000000000000000
10.095    0.000800180612581255    0.001037105238428040    0.000000000000000000    -0.006674876080517943    -0.005276441504666399    0.000000000000000000
10.100    0.000804374637866228    0.001030360270571761    0.000000000000000000    -0.007101363222457129    -0.004646461540325567    0.000000000000000000
10.105    0.000808391129070639    0.001023499141176973    0.000000000000000000    -0.007772270093245152    -0.003793787675000077    0.000000000000000000
10.110    0.000812213313522719    0.001016543167090311    0.000000000000000000    -0.008027731015682743    -0.002640387050832291    0.000000000000000000
10.115    0.000815834804699408    0.001009521183327377    0.000000000000000000    -0.007594958692535604    -0.001387856361370968    0.000000000000000000
10.120    0.000819266421908782    0.001002464503155410    0.000000000000000000    -0.007693487553439050    -0.000427441496008915    0.000000000000000000
10.125    0.000822505701929321    0.000995397136946042    0.000000000000000000    -0.007363118819064644    0.000618422030789628    0.000000000000000000
10.130    0.000825560903979383    0.000988345231287444    0.000000000000000000    -0.006730576604888766    0.001622672277275250    0.000000000000000000
10.135    0.000828447841614323    0.000981333892435777    0.000000000000000000    -0.005885697909359389    0.002589843839488626    0.000000000000000000
10.140    0.000831187636801529    0.000974387299680098    0.000000000000000000    -0.005626009338568876    0.003690276842013493    0.000000000000000000
10.145    0.000833786781755271    0.000967532963845470    0.000000000000000000    -0.005478453644490629    0.004761227449111456    0.000000000000000000
10.150    0.000836248965367901    0.000960797658697069    0.000000000000000000    -0.004934893189614993    0.005648847161698889    0.000000000000000000
10.155    0.000838587776650790    0.000954203574727710    0.000000000000000000    -0.004469681002842660    0.006295138948015332    0.000000000000000000
10.160    0.000840814845908608    0.000947766869232052    0.000000000000000000    -0.004197558021558703    0.006986572226304159    0.000000000000000000
10.165    0.000842936976215887    0.000941504828042051    0.000000000000000000    -0.003820318844982400    0.007418880406191881    0.000000000000000000
10.170    0.000844963598552041    0.000935428258862206    0.000000000000000000    -0.003720056209071711    0.007736169863759718    0.000000000000000000
10.175    0.000846897219482969    0.000929545093928954    0.000000000000000000    -0.003523788085837976    0.007974292078986867    0.000000000000000000
10.180    0.000848742745711751    0.000923861286297677    0.000000000000000000    -0.003714189734126995    0.007910940754479387    0.000000000000000000
10.185    0.000850495417197180    0.000918375252185262    0.000000000000000000    -0.004105751056911015    0.007738393000790086    0.000000000000000000
10.190    0.000852145444906185    0.000913082677897866    0.000000000000000000    -0.004153470482505181    0.007614311752232941    0.000000000000000000
10.195    0.000853691635853129    0.000907980461404277    0.000000000000000000    -0.004511812372260185    0.007599262094142023    0.000000000000000000
10.200    0.000855125031490765    0.000903068226463041    0.000000000000000000    -0.004912302289843476    0.007611932782347272    0.000000000000000000
10.205    0.000856435619571156    0.000898346289841363    0.000000000000000000    -0.005499077684002415    0.007493103348420009    0.000000000000000000
10.210    0.000857608730709446    0.000893811680803397    0.000000000000000000    -0.005803013567165158    0.007560409070045404    0.000000000000000000
10.215    0.000858636766508558    0.000889466081992181    0.000000000000000000    -0.006072569386141730    0.007845578084545758    0.000000000000000000
10.220    0.000859512988073016    0.000885316622633079    0.000000000000000000    -0.006524720653567143    0.008019656676577433    0.000000000000000000
10.225    0.000860226091621134    0.000881367654690891    0.000000000000000000    -0.006888008938638057    0.008196199475186614    0.000000000000000000
10.230    0.000860766994945787    0.000877623591735583    0.000000000000000000    -0.007328488419774265    0.008398061192159585    0.000000000000000000
10.235    0.000861124686059946    0.000874089480310079    0.000000000000000000    -0.007861751446557388    0.008644461983596703    0.000000000000000000
10.240    0.000861285833387940    0.000870771480434165    0.000000000000000000    -0.008305556699990044    0.008967719983808166    0.000000000000000000
10.245    0.000861239341798435    0.000867677673557847    0.000000000000000000    -0.008760324482406240    0.009382930537698599    0.000000000000000000
10.250    0.000860973842096869    0.000864818439944970    0.000000000000000000    -0.009015166814994348    0.009653282926273647    0.000000000000000000
10.255    0.000860482963224929    0.000862200538405251    0.000000000000000000    -0.009246485122957511    0.009912051125902065    0.000000000000000000
10.260    0.000859760922224915    0.000859830438143679    0.000000000000000000    -0.009276322475749998    0.010018159843777630    0.000000000000000000
10.265    0.000858806973163007    0.000857710791878201    0.000000000000000000    -0.009342472305860078    0.009794722935756867    0.000000000000000000
10.270    0.000857619462293452    0.000855836013686118    0.000000000000000000    -0.009062179613331806    0.009400386584970319    0.000000000000000000
10.275    0.000856205396933565    0.000854196245158658    0.000000000000000000    -0.008666953122682397    0.008988054984735219    0.000000000000000000
10.280    0.000854574657745610    0.000852781178005817    0.000000000000000000    -0.008106205930725509    0.008419905838065109    0.000000000000000000
10.285    0.000852741263409387    0.000851576608498928    0.000000000000000000    -0.007644018093946707    0.007617211730120976    0.000000000000000000
10.290    0.000850716768620815    0.000850562469285292    0.000000000000000000    -0.006806491634962601    0.006768958719788332    0.000000000000000000
10.295    0.000848522111541369    0.000849717554039650    0.000000000000000000    -0.005758301056071370    0.005793246582361765    0.000000000000000000
10.300    0.000846183496935522    0.000849017469958567    0.000000000000000000    -0.004660740165417752    0.004482640966847404    0.000000000000000000
10.305    0.000843728363825539    0.000848429451901656    0.000000000000000000    -0.003652444769096375    0.003281001332380330    0.000000000000000000
10.310    0.000841181919596329    0.000847923458878054    0.000000000000000000    -0.002707943153813959    0.002013718661286225    0.000000000000000000
10.315    0.000838567776788273    0.000847467808820985    0.000000000000000000    -0.001770842640133781    0.000644226893428690    0.000000000000000000
10.320    0.000835909362914214    0.000847028264436251    0.000000000000000000    -0.001313396152551917    -0.000810392818671214    0.000000000000000000
10.325    0.000833218114136341    0.000846568460231050    0.000000000000000000    -0.000725727831323887    -0.002116513321587417    0.000000000000000000
10.330    0.000830508722162685    0.000846055743192809    0.000000000000000000    -0.000300223992762659    -0.003737823543671810    0.000000000000000000
10.335    0.000827791824589210    0.000845449580565977    0.000000000000000000    -0.000073214320973035    -0.005042888918233533    0.000000000000000000
10.340    0.000825073096657711    0.000844717345716189    0.000000000000000000    0.000298406298256462    -0.006269116978162986    0.000000000000000000
10.345    0.000822361828883668    0.000843828382941947    0.000000000000000000    0.000485619606168178    -0.007470895132988438    0.000000000000000000
10.350    0.000819662701599779    0.000842752647789380    0.000000000000000000    0.000361178359364542    -0.008269027336506307    0.000000000000000000
10.355    0.000816972603774874    0.000841470186953400    0.000000000000000000    -0.000116009118769633    -0.008851789654994863    0.000000000000000000
10.360    0.000814279605722001    0.000839966431376046    0.000000000000000000    -0.000518954157645822    -0.009233344593082352    0.000000000000000000
10.365    0.000811573633815186    0.000838231842183865    0.000000000000000000    -0.000782023410065072    -0.009665286964952516    0.000000000000000000
10.370    0.000808848111323119    0.000836255620817559    0.000000000000000000    -0.001025189854536590    -0.009892869402669709    0.000000000000000000
10.375    0.000806096959084689    0.000834032077716187    0.000000000000000000    -0.001526208054892716    -0.009944686360750798    0.000000000000000000
10.380    0.000803307651644887    0.000831559917455796    0.000000000000000000    -0.001998534158893783    -0.010070800379896085    0.000000000000000000
10.385    0.000800468380851112    0.000828835987185908    0.000000000000000000    -0.002135743535831326    -0.010099086476408024    0.000000000000000000
10.390    0.000797575716468941    0.000825859579754110    0.000000000000000000    -0.002141177514679814    -0.010001951457295696    0.000000000000000000
10.395    0.000794629522648904    0.000822633123535879    0.000000000000000000    -0.002337511743038395    -0.009982736253158660    0.000000000000000000
10.400    0.000791624891035290    0.000819157098911319    0.000000000000000000    -0.002265420736172023    -0.009970165959164584    0.000000000000000000
10.405    0.000788563623903273    0.000815431820137781    0.000000000000000000    -0.001969706132738322    -0.010069005489362140    0.000000000000000000
10.410    0.000785453114117937    0.000811454816227008    0.000000000000000000    -0.001108809887769360    -0.010055543870936268    0.000000000000000000
10.415    0.000782314884085406    0.000807226423719461    0.000000000000000000    -0.000338384735587907    -0.010104240682536764    0.000000000000000000
10.420    0.000779168194434486    0.000802745425194852    0.000000000000000000    -0.000207337045479532    -0.010063597449981240    0.000000000000000000
10.425    0.000776016321357429    0.000798012836733992    0.000000000000000000    0.000241816565894545    -0.009875842189787862    0.000000000000000000
10.430    0.000772870493694519    0.000793033352218388    0.000000000000000000    0.000033058384393651    -0.009458001212956334    0.000000000000000000
10.435    0.000769725492491219    0.000787817417672460    0.000000000000000000    0.000166573314703232    -0.009090529957999152    0.000000000000000000
10.440    0.000766584655620787    0.000782374219877583    0.000000000000000000    0.000335478196476953    -0.008803880023160182    0.000000000000000000
10.445    0.000763452205705266    0.000776710925082126    0.000000000000000000    0.000765436819110191    -0.008443317871418762    0.000000000000000000
10.450    0.000760338891710224    0.000770836547339883    0.000000000000000000    0.001180007515341579    -0.008159052996364012    0.000000000000000000
10.455    0.000757255077903065    0.000764758193272732    0.000000000000000000    0.001884139173846666    -0.007747533075919133    0.000000000000000000
10.460    0.000754218367575252    0.000758486150878683    0.000000000000000000    0.002220778899490738    -0.007365180023496606    0.000000000000000000
10.465    0.000751237176719926    0.000752029978984046    0.000000000000000000    0.002349457427380276    -0.006959995956560237    0.000000000000000000
10.470    0.000748314722300285    0.000745399807190495    0.000000000000000000    0.002645301729960366    -0.006583582519590833    0.000000000000000000
10.475    0.000745458400423893    0.000738605045833954    0.000000000000000000    0.002726452257963488    -0.006055668880650122    0.000000000000000000
10.480    0.000742670239853950    0.000731658892755397    0.000000000000000000    0.002982538834165986    -0.005735566788130954    0.000000000000000000
10.485    0.000739956642754861    0.000724569350507137    0.000000000000000000    0.003299413797713119    -0.005578489060053746    0.000000000000000000
10.490    0.000737325531000715    0.000717340346032376    0.000000000000000000    0.003480391311187596    -0.005622153297257966    0.000000000000000000
10.495    0.000734781429029348    0.000709970787725183    0.000000000000000000    0.003416099314426484    -0.005690289556384114    0.000000000000000000
10.500    0.000732322729540843    0.000702458972179080    0.000000000000000000    0.003466922729321482    -0.005699970853792827    0.000000000000000000
10.505    0.000729950703120570    0.000694804657361633    0.000000000000000000    0.003173854830787297    -0.005953412171607990    0.000000000000000000
10.510    0.000727658023071067    0.000687001507239896    0.000000000000000000    0.002551592422554531    -0.006332850386678995    0.000000000000000000
10.515    0.000725429132832128    0.000679040035858491    0.000000000000000000    0.002268570626780785    -0.006490393470609014    0.000000000000000000
10.520    0.000723256956858858    0.000670916304640321    0.000000000000000000    0.002100204979076786    -0.006771018475197101    0.000000000000000000
10.525    0.000721137286010065    0.000662623297960272    0.000000000000000000    0.001875201175458377    -0.006913311130403443    0.000000000000000000
10.530    0.000719064495190659    0.000654157458501962    0.000000000000000000    0.001365598535302617    -0.006988467770433805    0.000000000000000000
10.535    0.000717025844334635    0.000645516907349391    0.000000000000000000    0.000533463872173789    -0.007017561037409026    0.000000000000000000
10.540    0.000715000530075416    0.000636700917170885    0.000000000000000000    0.000293993996421799    -0.006830223054808335    0.000000000000000000
10.545    0.000712982565666107    0.000627714171416009    0.000000000000000000    0.000065845019913899    -0.006920072089023656    0.000000000000000000
10.550    0.000710966247382296    0.000618554423858908    0.000000000000000000    -0.000790668851983860    -0.006673708015385478    0.000000000000000000
10.555    0.000708930162377186    0.000609227833601421    0.000000000000000000    -0.001542177802300870    -0.006366597165206010    0.000000000000000000
10.560    0.000706855522927018    0.000599742078414805    0.000000000000000000    -0.002046484570074510    -0.006090998079439670    0.000000000000000000
10.565    0.000704729721362598    0.000590104048276203    0.000000000000000000    -0.002208714413669786    -0.005749319748594127    0.000000000000000000
10.570    0.000702548701937836    0.000580322285143885    0.000000000000000000    -0.002776492748191549    -0.005229734818964181    0.000000000000000000
10.575    0.000700298270194370    0.000570409778641094    0.000000000000000000    -0.003061454174149193    -0.004866281733419651    0.000000000000000000
10.580    0.000697971302096549    0.000560375615094967    0.000000000000000000    -0.003615394427963596    -0.004396953930999557    0.000000000000000000
10.585    0.000695553949138030    0.000550231527700565    0.000000000000000000    -0.004174597397614034    -0.003718234094130142    0.000000000000000000
10.590    0.000693032231244570    0.000539994484453810    0.000000000000000000    -0.004481021361056776    -0.003200913899483945    0.000000000000000000
10.595    0.000690398487817084    0.000529677418359568    0.000000000000000000    -0.005034655199483325    -0.002742371578673235    0.000000000000000000
10.600    0.000687638878009611    0.000519291792975859    0.000000000000000000    -0.005012087399679926    -0.002324056748068647    0.000000000000000000
10.605    0.000684753966017146    0.000508848066173448    0.000000000000000000    -0.005161068182824025    -0.002113761482188704    0.000000000000000000
10.610    0.000681740027320110    0.000498351495333983    0.000000000000000000    -0.005180194125038555    -0.002180316387915930    0.000000000000000000
10.615    0.000678596583769949    0.000487800416584819    0.000000000000000000    -0.004856354590063172    -0.002154297167053856    0.000000000000000000
10.620    0.000675331731355035    0.000477195480406480    0.000000000000000000    -0.004775335641143616    -0.002283711780966258    0.000000000000000000
10.625    0.000671947495549093    0.000466533451433616    0.000000000000000000    -0.004738429379806675    -0.002372080810430013    0.000000000000000000
10.630    0.000668444799008656    0.000455812120440491    0.000000000000000000    -0.004489206516587567    -0.002477524197938823    0.000000000000000000
10.635    0.000664829872305305    0.000445028851342418    0.000000000000000000    -0.004124470721943510    -0.002850941100839173    0.000000000000000000
10.640    0.000661111833833904    0.000434174308716824    0.000000000000000000    -0.003619462098829532    -0.003157696341620376    0.000000000000000000
10.645    0.000657303308810033    0.000423240823682690    0.000000000000000000    -0.003140220644348712    -0.003489845275296555    0.000000000000000000
10.650    0.000653416278270053    0.000412220092516673    0.000000000000000000    -0.002906138839497627    -0.003682364602308925    0.000000000000000000
10.655    0.000649456594259086    0.000401107302235598    0.000000000000000000    -0.002846128534426083    -0.003883280359747235    0.000000000000000000
10.660    0.000645425757034758    0.000389897429945529    0.000000000000000000    -0.002504073688979792    -0.004115222753187705    0.000000000000000000
10.665    0.000641332317968206    0.000378584677086631    0.000000000000000000    -0.002330304501329573    -0.004063277466975074    0.000000000000000000
10.670    0.000637180621289120    0.000367170342291059    0.000000000000000000    -0.001907288096222003    -0.004369624634129304    0.000000000000000000
10.675    0.000632981242407629    0.000355646766879633    0.000000000000000000    -0.001873391926752663    -0.004564264302537625    0.000000000000000000
10.680    0.000628735028727969    0.000344009084860644    0.000000000000000000    -0.002002635829286004    -0.004490981849298269    0.000000000000000000
10.685    0.000624438749152577    0.000332259128295422    0.000000000000000000    -0.001903396315439815    -0.004231848644250299    0.000000000000000000
10.690    0.000620094884669299    0.000320403375514095    0.000000000000000000    -0.001931799970575181    -0.003894765637198552    0.000000000000000000
10.695    0.000615702725186757    0.000308450253591837    0.000000000000000000    -0.001898788935892487    -0.003442840071450539    0.000000000000000000
10.700    0.000611263095980817    0.000296411060667793    0.000000000000000000    -0.002222542131798295    -0.002990335978777809    0.000000000000000000
10.705    0.000606767903221582    0.000284297109344279    0.000000000000000000    -0.002253646640124930    -0.002497868830764020    0.000000000000000000
10.710    0.000602216369296344    0.000272120711299997    0.000000000000000000    -0.002621182164539923    -0.001923349812881382    0.000000000000000000
10.715    0.000597599305816993    0.000259896229510392    0.000000000000000000    -0.003502138637388741    -0.001343395944568802    0.000000000000000000
10.720    0.000592894688871707    0.000247638162822173    0.000000000000000000    -0.003517804391143728    -0.000817339112996543    0.000000000000000000
10.725    0.000588102126816642    0.000235359662656129    0.000000000000000000    -0.003586902923417325    -0.000406315589498649    0.000000000000000000
10.730    0.000583219892188492    0.000223071004600348    0.000000000000000000    -0.003636690396506895    -0.000049060122980175    0.000000000000000000
10.735    0.000578246740300429    0.000210781120041492    0.000000000000000000    -0.003485247181294650    0.000463893525427935    0.000000000000000000
10.740    0.000573186457232834    0.000198502832820772    0.000000000000000000    -0.003504747175817405    0.001004394831917573    0.000000000000000000
10.745    0.000568038555485843    0.000186249655470850    0.000000000000000000    -0.003204118276451708    0.001353861197026830    0.000000000000000000
10.750    0.000562810550781941    0.000174030324650854    0.000000000000000000    -0.002588976989502736    0.001823368412078594    0.000000000000000000
10.755    0.000557517821653302    0.000161856578041159    0.000000000000000000    -0.002308028088553529    0.002292058539999980    0.000000000000000000
10.760    0.000552167391822449    0.000149740132894965    0.000000000000000000    -0.002172757298615248    0.002448599845821832    0.000000000000000000
10.765    0.000546762643059130    0.000137684902744916    0.000000000000000000    -0.001698686848193402    0.002754012711158292    0.000000000000000000
10.770    0.000541315427124606    0.000125698522912646    0.000000000000000000    -0.001590580812967264    0.003204284590099674    0.000000000000000000
10.775    0.000535828446669759    0.000113792250195128    0.000000000000000000    -0.001536868690743369    0.003604616233267256    0.000000000000000000
10.780    0.000530303044497642    0.000101976092883442    0.000000000000000000    -0.001177770477954650    0.004067060503783692    0.000000000000000000
10.785    0.000524748198063577    0.000090261612084351    0.000000000000000000    -0.001672599851325167    0.004465750052559496    0.000000000000000000
10.790    0.000519151536633229    0.000078658775036574    0.000000000000000000    -0.001643421805004944    0.004809905187091231    0.000000000000000000
10.795    0.000513513789657755    0.000067176185618474    0.000000000000000000    -0.001291582582582489    0.005216004427307640    0.000000000000000000
10.800    0.000507843753117718    0.000055823996311057    0.000000000000000000    -0.000969019857475877    0.005829794244870991    0.000000000000000000
10.805    0.000502149491081243    0.000044617551859761    0.000000000000000000    -0.001107289702316147    0.006394561078229837    0.000000000000000000
10.810    0.000496427546802210    0.000033570971435422    0.000000000000000000    -0.001192360831597794    0.006907003857287380    0.000000000000000000
10.815    0.000490675793502387    0.000022697066107514    0.000000000000000000    -0.001354719417175423    0.007228928550872659    0.000000000000000000
10.820    0.000484890172217135    0.000012003883993378    0.000000000000000000    -0.001669043765690874    0.007611592655314831    0.000000000000000000
10.825    0.000479062824837741    0.000001500991695625    0.000000000000000000    -0.001656436355789662    0.007941525729119931    0.000000000000000000
10.830    0.000473194066549451    -0.000008803362458899    0.000000000000000000    -0.001734446455790503    0.007973540267146020    0.000000000000000000
10.835    0.000467281947099767    -0.000018908378106746    0.000000000000000000    -0.001957677010569481    0.007955069843091842    0.000000000000000000
10.840    0.000461320885724819    -0.000028814517008515    0.000000000000000000    -0.002478312198525914    0.007955365007793440    0.000000000000000000
10.845    0.000455297866544908    -0.000038521771785089    0.000000000000000000    -0.003025256607070044    0.007774827046693497    0.000000000000000000
10.850    0.000449199215949820    -0.000048034655885495    0.000000000000000000    -0.003698531232509267    0.007481531555692412    0.000000000000000000
10.855    0.000443008102073919    -0.000057360501697010    0.000000000000000000    -0.003926485035820985    0.007218349155448447    0.000000000000000000
10.860    0.000436718826072123    -0.000066505888779638    0.000000000000000000    -0.004542492045632278    0.006963194234654423    0.000000000000000000
10.865    0.000430315987769186    -0.000075477196006400    0.000000000000000000    -0.005236268753991326    0.006707011722854677    0.000000000000000000
10.870    0.000423782242747399    -0.000084280827940091    0.000000000000000000    -0.005644813203624626    0.006540140849796536    0.000000000000000000
10.875    0.000417107377395521    -0.000092920956352536    0.000000000000000000    -0.005840711260198753    0.006291670771263686    0.000000000000000000
10.880    0.000410286494262139    -0.000101403792995700    0.000000000000000000    -0.005871497337319505    0.006136709012648841    0.000000000000000000
10.885    0.000403318823695323    -0.000109733211913548    0.000000000000000000    -0.006271602267231714    0.006148394331821085    0.000000000000000000
10.890    0.000396194363071827    -0.000117908920973100    0.000000000000000000    -0.006352896661774611    0.006231036303596619    0.000000000000000000
10.895    0.000388911080031786    -0.000125928854125063    0.000000000000000000    -0.006466772098025382    0.006402675851565004    0.000000000000000000
10.900    0.000381466127689295    -0.000133788720380736    0.000000000000000000    -0.006751841313305199    0.006592795857367998    0.000000000000000000
10.905    0.000373852379313971    -0.000141483766739975    0.000000000000000000    -0.007253105631409903    0.006616966160455547    0.000000000000000000
10.910    0.000366057303297862    -0.000149013388945202    0.000000000000000000    -0.007401224906594846    0.007025421941619578    0.000000000000000000
10.915    0.000358077196659088    -0.000156367375601889    0.000000000000000000    -0.007548279985962816    0.007469785593670376    0.000000000000000000
10.920    0.000349908383020665    -0.000163534617618735    0.000000000000000000    -0.007917365294765003    0.007795971585089620    0.000000000000000000
10.925    0.000341541635249873    -0.000170506960345953    0.000000000000000000    -0.007547825765154715    0.008152553785998164    0.000000000000000000
10.930    0.000332986191834952    -0.000177275489228521    0.000000000000000000    -0.007145283352537682    0.008417123137460878    0.000000000000000000
10.935    0.000324252116336217    -0.000183833590032653    0.000000000000000000    -0.007187873280109763    0.008436463316216242    0.000000000000000000
10.940    0.000315338344005480    -0.000190180779253879    0.000000000000000000    -0.007128871927560444    0.008493204164713823    0.000000000000000000
10.945    0.000306246349876553    -0.000196315638370987    0.000000000000000000    -0.006765468000570745    0.008415002459351848    0.000000000000000000
10.950    0.000296985219047613    -0.000202240122426612    0.000000000000000000    -0.006619428372643156    0.008005343315842066    0.000000000000000000
10.955    0.000287558602509356    -0.000207964472899341    0.000000000000000000    -0.006010496960185980    0.007500571314257749    0.000000000000000000
10.960    0.000277981723547095    -0.000213501309089213    0.000000000000000000    -0.005253723747726449    0.006890600848911705    0.000000000000000000
10.965    0.000268273501491141    -0.000218865880257862    0.000000000000000000    -0.004523244731885132    0.006090673654443254    0.000000000000000000
10.970    0.000258452198316889    -0.000224078184585150    0.000000000000000000    -0.003963884556785948    0.005314747112521992    0.000000000000000000
10.975    0.000248531798028718    -0.000229157620234626    0.000000000000000000    -0.002675124596662574    0.004620497877272280    0.000000000000000000
10.980    0.000238544519625630    -0.000234121543437169    0.000000000000000000    -0.002110608743053407    0.003793856999292477    0.000000000000000000
10.985    0.000228504476003966    -0.000238990620214730    0.000000000000000000    -0.001961236296392369    0.003208941120497492    0.000000000000000000
10.990    0.000218415401474892    -0.000243779473464279    0.000000000000000000    -0.001443190947286038    0.002567015110914233    0.000000000000000000
10.995    0.000208290247172136    -0.000248504151336054    0.000000000000000000    -0.001355230132932218    0.001875904698541266    0.000000000000000000
11.000    0.000198131212116056    -0.000253181931590367    0.000000000000000000    -0.001258599423194099    0.001385811789051360    0.000000000000000000
11.005    0.000187940712074397    -0.000257825066549953    0.000000000000000000    -0.001528027494591445    0.000918146494332216    0.000000000000000000
11.010    0.000177712011345373    -0.000262445247847180    0.000000000000000000    -0.001293811222525436    0.000601931353461180    0.000000000000000000
11.015    0.000167450965335786    -0.000267050380860571    0.000000000000000000    -0.001040368280356410    0.000419324823420966    0.000000000000000000
11.020    0.000157163910119190    -0.000271645030753377    0.000000000000000000    -0.000647883069323498    0.000564262575529235    0.000000000000000000
11.025    0.000146860657825860    -0.000276225574081794    0.000000000000000000    -0.000515866734883711    0.000755111742580753    0.000000000000000000
11.030    0.000136544508864159    -0.000280787239616647    0.000000000000000000    -0.000663189626022706    0.001086730418928001    0.000000000000000000
11.035    0.000126211780161807    -0.000285321736891027    0.000000000000000000    -0.000776395664111359    0.001518014286782960    0.000000000000000000
11.040    0.000115859641567852    -0.000289818283808237    0.000000000000000000    -0.000830102790931207    0.002025558719360825    0.000000000000000000
11.045    0.000105486750404125    -0.000294264191757463    0.000000000000000000    -0.000746387733793243    0.002375017344549181    0.000000000000000000
11.050    0.000095095199547052    -0.000298650724273075    0.000000000000000000    -0.000806772016035090    0.002742504657145522    0.000000000000000000
11.055    0.000084683479389578    -0.000302968694172259    0.000000000000000000    -0.000823401136661162    0.003225223685432519    0.000000000000000000
11.060    0.000074251174203688    -0.000307206033479307    0.000000000000000000    -0.000681257430698600    0.003554732921952092    0.000000000000000000
11.065    0.000063801837582030    -0.000311354504463306    0.000000000000000000    -0.000975268864979281    0.003707034444929477    0.000000000000000000
11.070    0.000053328119238748    -0.000315410299586182    0.000000000000000000    -0.001375746308401329    0.003796290563189749    0.000000000000000000
11.075    0.000042820007237756    -0.000319371187444978    0.000000000000000000    -0.001368268395139031    0.003851968207700673    0.000000000000000000
11.080    0.000032277688526885    -0.000323235776098582    0.000000000000000000    -0.001144154244208620    0.003810040974327154    0.000000000000000000
11.085    0.000021706765959910    -0.000327005113727827    0.000000000000000000    -0.000637551271189993    0.003680619323066618    0.000000000000000000
11.090    0.000011119904611154    -0.000330682435873996    0.000000000000000000    0.000206005298531976    0.003523699703780227    0.000000000000000000
11.095    0.000000538193394862    -0.000334271665527570    0.000000000000000000    0.000514188228918850    0.003350482437496690    0.000000000000000000
11.100    -0.000010030663115708    -0.000337777133120207    0.000000000000000000    0.001067140258819931    0.003137510180229938    0.000000000000000000
11.105    -0.000020572841119806    -0.000341204162958338    0.000000000000000000    0.001980878990369129    0.002768006240501386    0.000000000000000000
11.110    -0.000031065497149146    -0.000344561992640456    0.000000000000000000    0.002932596516564095    0.002336571433333295    0.000000000000000000
11.115    -0.000041484838265571    -0.000347861408036741    0.000000000000000000    0.003781043441057456    0.002047451088109820    0.000000000000000000
11.120    -0.000051809653295971    -0.000351109637155824    0.000000000000000000    0.004603002194864566    0.002143153846798605    0.000000000000000000
11.125    -0.000062019393271498    -0.000354304287428736    0.000000000000000000    0.005377331914690434    0.002085297461816224    0.000000000000000000
11.130    -0.000072094699949158    -0.000357446805265103    0.000000000000000000    0.005793056222952214    0.001948550930272203    0.000000000000000000
11.135    -0.000082025180221245    -0.000360540609328214    0.000000000000000000    0.005663067399776776    0.001971024043939500    0.000000000000000000
11.140    -0.000091814083808337    -0.000363585137790226    0.000000000000000000    0.005250761372098444    0.001899486308839637    0.000000000000000000
11.145    -0.000101471718361126    -0.000366582179094516    0.000000000000000000    0.004884837960723626    0.001869383464492627    0.000000000000000000
11.150    -0.000111007231964897    -0.000369532485812195    0.000000000000000000    0.003858577708279898    0.001887282115185709    0.000000000000000000
11.155    -0.000120446281125962    -0.000372435610476994    0.000000000000000000    0.002866738333046417    0.001905035577173982    0.000000000000000000
11.160    -0.000129813661828700    -0.000375291109252363    0.000000000000000000    0.002198062408242983    0.001978384794056563    0.000000000000000000
11.165    -0.000139126090971232    -0.000378097148407881    0.000000000000000000    0.000880412220398636    0.002008106140239350    0.000000000000000000
11.170    -0.000148416509808254    -0.000380852984909893    0.000000000000000000    -0.000393645438159958    0.002166555776519918    0.000000000000000000
11.175    -0.000157716769781231    -0.000383554657517492    0.000000000000000000    -0.001402002999983032    0.002352938926915554    0.000000000000000000
11.180    -0.000167052079829206    -0.000386197506651919    0.000000000000000000    -0.002634668262798019    0.002616235661987744    0.000000000000000000
11.185    -0.000176453256583752    -0.000388774949894795    0.000000000000000000    -0.003371523829315704    0.002630593625037574    0.000000000000000000
11.190    -0.000185938721434031    -0.000391286628297046    0.000000000000000000    -0.003882465558302604    0.002733492613273946    0.000000000000000000
11.195    -0.000195521247923267    -0.000393729969383964    0.000000000000000000    -0.004415029739174032    0.002877332839028562    0.000000000000000000
11.200    -0.000205214150155983    -0.000396101377149907    0.000000000000000000    -0.004939702110438393    0.002843834241950897    0.000000000000000000
11.205    -0.000215030544941459    -0.000398401689059802    0.000000000000000000    -0.005324289583871766    0.002896721000408744    0.000000000000000000
11.210    -0.000224980046966532    -0.000400629582944686    0.000000000000000000    -0.005191765167476565    0.002772424923759217    0.000000000000000000
11.215    -0.000235059343120793    -0.000402788166206476    0.000000000000000000    -0.004960076691756278    0.002850329205348300    0.000000000000000000
11.220    -0.000245262641192347    -0.000404875491238132    0.000000000000000000    -0.004643802380729489    0.002839217582333367    0.000000000000000000
11.225    -0.000255582034323419    -0.000406891835830230    0.000000000000000000    -0.004429336804305170    0.002746695482881006    0.000000000000000000
11.230    -0.000266012160874599    -0.000408839513035256    0.000000000000000000    -0.003914517548086680    0.002811919559021075    0.000000000000000000
11.235    -0.000276540150364481    -0.000410716892251306    0.000000000000000000    -0.002869567011685396    0.002912068602358917    0.000000000000000000
11.240    -0.000287139879029655    -0.000412521469752298    0.000000000000000000    -0.002000424678778520    0.002913512221656370    0.000000000000000000
11.245    -0.000297789618311799    -0.000414253209447748    0.000000000000000000    -0.001230648600863624    0.003028909913562004    0.000000000000000000
11.250    -0.000308470123808965    -0.000415909226395359    0.000000000000000000    -0.000377683225549243    0.003046805057884544    0.000000000000000000
11.255    -0.000319160071386769    -0.000417489073216523    0.000000000000000000    0.000174856758243698    0.003091764712169660    0.000000000000000000
11.260    -0.000329845647545617    -0.000418991625919883    0.000000000000000000    0.000707578328641885    0.003415975011046395    0.000000000000000000
11.265    -0.000340513534246249    -0.000420408779247966    0.000000000000000000    0.001146107196441874    0.003567003442072909    0.000000000000000000
11.270    -0.000351152768266969    -0.000421736757489998    0.000000000000000000    0.001912774959013375    0.003988665415073644    0.000000000000000000
11.275    -0.000361744182913715    -0.000422965019096653    0.000000000000000000    0.002865121446356776    0.004401238683090451    0.000000000000000000
11.280    -0.000372263969524302    -0.000424083249736230    0.000000000000000000    0.003155302955527763    0.004687014582185466    0.000000000000000000
11.285    -0.000382704873561000    -0.000425084305011253    0.000000000000000000    0.003676322313690694    0.004981597118483821    0.000000000000000000
11.290    -0.000393053869539856    -0.000425960820358314    0.000000000000000000    0.004049577875624415    0.005317515753490605    0.000000000000000000
11.295    -0.000403301626071822    -0.000426704397811537    0.000000000000000000    0.004313759088510945    0.005415420885701658    0.000000000000000000
11.300    -0.000413441538626575    -0.000427312589742619    0.000000000000000000    0.004528121446102044    0.005415148413459407    0.000000000000000000
11.305    -0.000423468248145175    -0.000427785402963363    0.000000000000000000    0.004590190725703089    0.005449067851115170    0.000000000000000000
11.310    -0.000433380202895632    -0.000428121989487830    0.000000000000000000    0.004478885077920710    0.005361092851076388    0.000000000000000000
11.315    -0.000443180185519142    -0.000428324548691019    0.000000000000000000    0.003976225807806200    0.005040761297371923    0.000000000000000000
11.320    -0.000452880762497457    -0.000428401088861775    0.000000000000000000    0.004172297513398669    0.004788617955075059    0.000000000000000000
11.325    -0.000462477032037936    -0.000428357913583654    0.000000000000000000    0.003997311050917170    0.004573825958923989    0.000000000000000000
11.330    -0.000471973368802143    -0.000428200392656559    0.000000000000000000    0.003418518224999629    0.004093120492068298    0.000000000000000000
11.335    -0.000481384242610724    -0.000427940543717163    0.000000000000000000    0.003140532170654766    0.003625044435481926    0.000000000000000000
11.340    -0.000490716603115039    -0.000427590068666880    0.000000000000000000    0.002589754180947618    0.003188244360530831    0.000000000000000000
11.345    -0.000499984219764831    -0.000427159887507583    0.000000000000000000    0.001986451759168964    0.002540759802640603    0.000000000000000000
11.350    -0.000509202175120643    -0.000426666187353220    0.000000000000000000    0.001570286768870152    0.002084839599337824    0.000000000000000000
11.355    -0.000518380873307234    -0.000426120366208874    0.000000000000000000    0.001016987791176496    0.001494411609433491    0.000000000000000000
11.360    -0.000527534146799045    -0.000425537184774293    0.000000000000000000    0.000401425396404434    0.000830826042265247    0.000000000000000000
11.365    -0.000536677384655946    -0.000424933232688654    0.000000000000000000    0.000735620938009315    0.000330925264205306    0.000000000000000000
11.370    -0.000545802231989397    -0.000424321007471410    0.000000000000000000    0.000838147011872695    -0.000238510469612388    0.000000000000000000
11.375    -0.000554906125647551    -0.000423714745015907    0.000000000000000000    0.000608883577390106    -0.000667756651551079    0.000000000000000000
11.380    -0.000563994797216270    -0.000423125176476693    0.000000000000000000    0.000844463871768099    -0.000969352690902495    0.000000000000000000
11.385    -0.000573062357188195    -0.000422559841754751    0.000000000000000000    0.000702533476033308    -0.001113665575793333    0.000000000000000000
11.390    -0.000582112353823219    -0.000422022348672204    0.000000000000000000    0.000896230264411935    -0.001431842874175492    0.000000000000000000
11.395    -0.000591139944701633    -0.000421520651661511    0.000000000000000000    0.001355373461975513    -0.001693394186994771    0.000000000000000000
11.400    -0.000600133651243498    -0.000421061289505493    0.000000000000000000    0.001602876305347584    -0.001602287918560374    0.000000000000000000
11.405    -0.000609087285877729    -0.000420641984547439    0.000000000000000000    0.002332055349558992    -0.001716771205542700    0.000000000000000000
11.410    -0.000617982619128220    -0.000420265598869524    0.000000000000000000    0.002589168239860301    -0.001543298164697476    0.000000000000000000
11.415    -0.000626813223172716    -0.000419927795645726    0.000000000000000000    0.003591069052859622    -0.001476799577117011    0.000000000000000000
11.420    -0.000635554050490890    -0.000419626912411356    0.000000000000000000    0.004294387005148587    -0.001388461670715282    0.000000000000000000
11.425    -0.000644187518133935    -0.000419360740718754    0.000000000000000000    0.005127455527842613    -0.001172620115695577    0.000000000000000000
11.430    -0.000652692799388784    -0.000419123884529044    0.000000000000000000    0.005619828907870404    -0.000945402296819147    0.000000000000000000
11.435    -0.000661057584920936    -0.000418910663396755    0.000000000000000000    0.005914230602819918    -0.000352568997104979    0.000000000000000000
11.440    -0.000669274514688018    -0.000418706256489394    0.000000000000000000    0.006843738772337876    0.000262279825889462    0.000000000000000000
11.445    -0.000677320350985791    -0.000418495292586385    0.000000000000000000    0.007819787058668294    0.000749355297952059    0.000000000000000000
11.450    -0.000685170692607098    -0.000418265594800927    0.000000000000000000    0.008197088268531091    0.001416507316388729    0.000000000000000000
11.455    -0.000692816107021691    -0.000418000484332560    0.000000000000000000    0.008849593639169082    0.001928718842037110    0.000000000000000000
11.460    -0.000700240281595305    -0.000417687155893142    0.000000000000000000    0.009618243802006661    0.002346948328303764    0.000000000000000000
11.465    -0.000707424000073869    -0.000417315153745516    0.000000000000000000    0.010177409054553353    0.002870177187880990    0.000000000000000000
11.470    -0.000714353283326070    -0.000416871397168193    0.000000000000000000    0.011307425450014091    0.003528711603048226    0.000000000000000000
11.475    -0.000720999880942019    -0.000416339422800794    0.000000000000000000    0.011796719776909631    0.004104388098198110    0.000000000000000000
11.480    -0.000727351560563546    -0.000415704838730940    0.000000000000000000    0.012490574847773966    0.004530719593860179    0.000000000000000000
11.485    -0.000733390975813879    -0.000414956986671239    0.000000000000000000    0.013547995453755055    0.004913254497856435    0.000000000000000000
11.490    -0.000739091691177868    -0.000414086303249093    0.000000000000000000    0.014111182196031510    0.005065460859648031    0.000000000000000000
11.495    -0.000744439626986956    -0.000413088983305454    0.000000000000000000    0.014592861777534653    0.005325982909160781    0.000000000000000000
11.500    -0.000749422741251606    -0.000411958513789087    0.000000000000000000    0.015263880678213250    0.005285871376549747    0.000000000000000000
11.505    -0.000754024258499300    -0.000410695897488306    0.000000000000000000    0.015755970353640431    0.005371460581645848    0.000000000000000000
11.510    -0.000758231876488153    -0.000409298994672984    0.000000000000000000    0.016183583745575658    0.005185517840070736    0.000000000000000000
11.515    -0.000762034904883367    -0.000407772453911661    0.000000000000000000    0.016331005036219343    0.004884367746584191    0.000000000000000000
11.520    -0.000765429658152676    -0.000406123803956672    0.000000000000000000    0.017039627885741607    0.004814329716208883    0.000000000000000000
11.525    -0.000768398420724841    -0.000404354795758778    0.000000000000000000    0.017796180034343814    0.004604311592416432    0.000000000000000000
11.530    -0.000770922278796147    -0.000402470679771074    0.000000000000000000    0.018116069101120104    0.004434278723344960    0.000000000000000000
11.535    -0.000772993235139925    -0.000400475706815287    0.000000000000000000    0.018599906012549926    0.004228423240513601    0.000000000000000000
11.540    -0.000774599193833390    -0.000398375023278486    0.000000000000000000    0.019010741768789481    0.003737465608605675    0.000000000000000000
11.545    -0.000775729883982635    -0.000396180903101471    0.000000000000000000    0.019734659672527959    0.003415282883677522    0.000000000000000000
11.550    -0.000776367207640066    -0.000393901400852363    0.000000000000000000    0.020375170414013190    0.003090514909531977    0.000000000000000000
11.555    -0.000776495152037148    -0.000391544635730517    0.000000000000000000    0.020639937476502057    0.002752733502587625    0.000000000000000000
11.560    -0.000776107097997316    -0.000389119052271107    0.000000000000000000    0.020716893080292495    0.002546531277208396    0.000000000000000000
11.565    -0.000775201121630478    -0.000386629805529766    0.000000000000000000    0.020926470094225803    0.002035313481337300    0.000000000000000000
11.570    -0.000773771983511284    -0.000384089675951392    0.000000000000000000    0.021061764231742296    0.001495908869715828    0.000000000000000000
11.575    -0.000771816301286296    -0.000381512148651274    0.000000000000000000    0.021090003975076863    0.000925299020694201    0.000000000000000000
11.580    -0.000769333368961931    -0.000378911488875640    0.000000000000000000    0.021317282235034686    0.000465422042910876    0.000000000000000000
11.585    -0.000766317504581691    -0.000376299193548933    0.000000000000000000    0.021234965842946603    -0.000042040336765189    0.000000000000000000
11.590    -0.000762770766055377    -0.000373687949230645    0.000000000000000000    0.020839292164901574    -0.000781175079080619    0.000000000000000000
11.595    -0.000758703045224940    -0.000371096234289333    0.000000000000000000    0.020333466780580317    -0.001540921704728995    0.000000000000000000
11.600    -0.000754126987724989    -0.000368543042390641    0.000000000000000000    0.019438206619228765    -0.002308205233087380    0.000000000000000000
11.605    -0.000749064975059557    -0.000366047555622775    0.000000000000000000    0.018931081222721934    -0.003130964218061357    0.000000000000000000
11.610    -0.000743529685363557    -0.000363630342960361    0.000000000000000000    0.018408578491592442    -0.003664899577808522    0.000000000000000000
11.615    -0.000737534181205267    -0.000361304752787392    0.000000000000000000    0.017426135055878013    -0.004093867784220502    0.000000000000000000
11.620    -0.000731103023670580    -0.000359081509309028    0.000000000000000000    0.016164898676489063    -0.004545151838556381    0.000000000000000000
11.625    -0.000724267743668981    -0.000356971894626629    0.000000000000000000    0.014919704712998416    -0.004954618005397447    0.000000000000000000
11.630    -0.000717059471049557    -0.000354986145394364    0.000000000000000000    0.014069287989399056    -0.005392778546155393    0.000000000000000000
11.635    -0.000709499466230398    -0.000353135215625754    0.000000000000000000    0.012885641150249885    -0.005537092492861797    0.000000000000000000
11.640    -0.000701617320382483    -0.000351422713169464    0.000000000000000000    0.011499922701321483    -0.005541503422194088    0.000000000000000000
11.645    -0.000693447676467035    -0.000349848748298730    0.000000000000000000    0.010535251883719496    -0.005632091452086128    0.000000000000000000
11.650    -0.000685014651254493    -0.000348415585714298    0.000000000000000000    0.009470793564244837    -0.005785515185660530    0.000000000000000000
11.655    -0.000676344856202846    -0.000347127061009507    0.000000000000000000    0.008011542009141170    -0.005635225767844452    0.000000000000000000
11.660    -0.000667474772600970    -0.000345979416948913    0.000000000000000000    0.006959055316949764    -0.005433824080748086    0.000000000000000000
11.665    -0.000658430712616170    -0.000344967618490337    0.000000000000000000    0.006013799318687653    -0.005181370478254781    0.000000000000000000
11.670    -0.000649236307648404    -0.000344085354293718    0.000000000000000000    0.005360519293529445    -0.004631738339188566    0.000000000000000000
11.675    -0.000639907889698299    -0.000343318883555578    0.000000000000000000    0.004981131207578045    -0.004303671322124832    0.000000000000000000
11.680    -0.000630454943468004    -0.000342660004600491    0.000000000000000000    0.004143009535453011    -0.003888665867732982    0.000000000000000000
11.685    -0.000620898421999323    -0.000342098342292098    0.000000000000000000    0.003461406866329432    -0.003407892249279645    0.000000000000000000
11.690    -0.000611255365358984    -0.000341621877289937    0.000000000000000000    0.003323045140086502    -0.003115391849000879    0.000000000000000000
11.695    -0.000601529232590143    -0.000341223297084000    0.000000000000000000    0.002585976790338111    -0.002603963338769326    0.000000000000000000
11.700    -0.000591738450401543    -0.000340889815961533    0.000000000000000000    0.002622890445569577    -0.002208348381161664    0.000000000000000000
11.705    -0.000581882095951804    -0.000340611543548595    0.000000000000000000    0.002488554011344755    -0.001959787778445070    0.000000000000000000
11.710    -0.000571963527651782    -0.000340382265830118    0.000000000000000000    0.001917575073715795    -0.001545105438888889    0.000000000000000000
11.715    -0.000561997019974917    -0.000340191615747614    0.000000000000000000    0.001758549102504926    -0.001097092661508925    0.000000000000000000
11.720    -0.000551986548570488    -0.000340028392981647    0.000000000000000000    0.001716802266920128    -0.000791959669454133    0.000000000000000000
11.725    -0.000541933157109387    -0.000339884969207416    0.000000000000000000    0.001604816985112910    -0.000442521364870784    0.000000000000000000
11.730    -0.000531839645223659    -0.000339752608467307    0.000000000000000000    0.001587914117960089    0.000030013199549348    0.000000000000000000
11.735    -0.000521706435484981    -0.000339619497397210    0.000000000000000000    0.001697965175606261    0.000365054790537125    0.000000000000000000
11.740    -0.000511530776616913    -0.000339477259957349    0.000000000000000000    0.001614757779134189    0.000715651164212485    0.000000000000000000
11.745    -0.000501314748804366    -0.000339317131238383    0.000000000000000000    0.001603006984677788    0.001018418312938741    0.000000000000000000
11.750    -0.000491058645817203    -0.000339131542061593    0.000000000000000000    0.001684902531714355    0.001209643592015898    0.000000000000000000
11.755    -0.000480760420266747    -0.000338915711795003    0.000000000000000000    0.001570860111046839    0.001779801427671552    0.000000000000000000
11.760    -0.000470422923213514    -0.000338655386492721    0.000000000000000000    0.001553504814400409    0.002284214983571710    0.000000000000000000
11.765    -0.000460046588539922    -0.000338337955815850    0.000000000000000000    0.001414327301372566    0.002789032584923478    0.000000000000000000
11.770    -0.000449634895683795    -0.000337950799324355    0.000000000000000000    0.001121603068123412    0.003098644173024807    0.000000000000000000
11.775    -0.000439195162750966    -0.000337486176728535    0.000000000000000000    0.000841651430058456    0.003565190363236537    0.000000000000000000
11.780    -0.000428734388532384    -0.000336932424373634    0.000000000000000000    0.000480032819232326    0.004166156172523156    0.000000000000000000
11.785    -0.000418261613493322    -0.000336274518114421    0.000000000000000000    0.000255860164049583    0.004492308700576857    0.000000000000000000
11.790    -0.000407782441950159    -0.000335504304137692    0.000000000000000000    0.000026394404890884    0.004728594689860574    0.000000000000000000
11.795    -0.000397302610546873    -0.000334615875293717    0.000000000000000000    -0.000211463414862435    0.004905788138253372    0.000000000000000000
11.800    -0.000386828065728959    -0.000333604801746286    0.000000000000000000    -0.000916757161256547    0.004975316804586849    0.000000000000000000
11.805    -0.000376376439840077    -0.000332469345278740    0.000000000000000000    -0.001320318308694474    0.005154042362997928    0.000000000000000000
11.810    -0.000365957821908912    -0.000331205037752119    0.000000000000000000    -0.001680027635518003    0.005355644102031116    0.000000000000000000
11.815    -0.000355581204668634    -0.000329806839122948    0.000000000000000000    -0.002367460177113943    0.005444161670692307    0.000000000000000000
11.820    -0.000345263773932785    -0.000328272536452009    0.000000000000000000    -0.002943283713200111    0.005383615341630812    0.000000000000000000
11.825    -0.000335019925289766    -0.000326603643397529    0.000000000000000000    -0.002971043722454526    0.005478737118284113    0.000000000000000000
11.830    -0.000324850352739808    -0.000324797781915092    0.000000000000000000    -0.003063031903617532    0.005242708114654940    0.000000000000000000
11.835    -0.000314757355987440    -0.000322860852729789    0.000000000000000000    -0.003198925850080026    0.005181878554498618    0.000000000000000000
11.840    -0.000304744332381324    -0.000320794376580624    0.000000000000000000    -0.003030498624586719    0.004964756772720975    0.000000000000000000
11.845    -0.000294807071240823    -0.000318603781512140    0.000000000000000000    -0.002704549520206323    0.004470660050464714    0.000000000000000000
11.850    -0.000284937423838328    -0.000316301419942395    0.000000000000000000    -0.002713787478070273    0.004197803213270689    0.000000000000000000
11.855    -0.000275135621122784    -0.000313894113292318    0.000000000000000000    -0.002407247139085515    0.003892542853741691    0.000000000000000000
11.860    -0.000265393999585717    -0.000311389493070897    0.000000000000000000    -0.002435369185593405    0.003655085445690865    0.000000000000000000
11.865    -0.000255713262278290    -0.000308793495713334    0.000000000000000000    -0.002327140184855796    0.003378526991391559    0.000000000000000000
11.870    -0.000246090703475484    -0.000306113035180987    0.000000000000000000    -0.001696495892647074    0.002957623390692412    0.000000000000000000
11.875    -0.000236510557069994    -0.000303358634063872    0.000000000000000000    -0.001526213478210761    0.002485999556160051    0.000000000000000000
11.880    -0.000226968566001460    -0.000300542082957853    0.000000000000000000    -0.001460368440626535    0.001979307416636027    0.000000000000000000
11.885    -0.000217463084143942    -0.000297676049166418    0.000000000000000000    -0.001616974520167545    0.001662069702408706    0.000000000000000000
11.890    -0.000207998026649427    -0.000294768463632423    0.000000000000000000    -0.001447269403099128    0.001424571674465448    0.000000000000000000
11.895    -0.000198569150889991    -0.000291825263806566    0.000000000000000000    -0.001048477209415234    0.001272095618697500    0.000000000000000000
11.900    -0.000189166487060789    -0.000288850261590242    0.000000000000000000    -0.000952021503717237    0.001118427122640247    0.000000000000000000
11.905    -0.000179787623769181    -0.000285847298695852    0.000000000000000000    -0.000519183371013943    0.000690812192096369    0.000000000000000000
11.910    -0.000170421740061847    -0.000282827065496659    0.000000000000000000    0.000027060493658143    0.000377670342840020    0.000000000000000000
11.915    -0.000161055179842173    -0.000279797390538896    0.000000000000000000    0.000109501671474851    0.000257419372176777    0.000000000000000000
11.920    -0.000151685882080711    -0.000276761280096828    0.000000000000000000    -0.000322168025222941    0.000078631196762102    0.000000000000000000
11.925    -0.000142324638519880    -0.000273723203874841    0.000000000000000000    -0.000173996573856871    -0.000097867156473048    0.000000000000000000
11.930    -0.000132967744873396    -0.000270687574331766    0.000000000000000000    0.000121341858572762    -0.000345185023190898    0.000000000000000000
11.935    -0.000123607817680447    -0.000267660574414270    0.000000000000000000    0.000318515696633636    -0.000459815435857255    0.000000000000000000
11.940    -0.000114239927595082    -0.000264645069882671    0.000000000000000000    0.000029704126973873    -0.000677889815824031    0.000000000000000000
11.945    -0.000104871294906543    -0.000261646512596468    0.000000000000000000    0.000491562978580779    -0.000885394988495419    0.000000000000000000
11.950    -0.000095490373143540    -0.000258670090184977    0.000000000000000000    0.000851709102441651    -0.000994809787257470    0.000000000000000000
11.955    -0.000086088158652975    -0.000255718538018167    0.000000000000000000    0.000979208569396473    -0.001295872313856680    0.000000000000000000
11.960    -0.000076661463948175    -0.000252799382659204    0.000000000000000000    0.001478576091141332    -0.001484713212157249    0.000000000000000000
11.965    -0.000067197804841097    -0.000249917345130545    0.000000000000000000    0.001635977511824462    -0.001468334894590053    0.000000000000000000
11.970    -0.000057693246296224    -0.000247072015974250    0.000000000000000000    0.001596439214710584    -0.001440296246249008    0.000000000000000000
11.975    -0.000048148776770982    -0.000244262694224112    0.000000000000000000    0.001515708005018818    -0.001486326208844421    0.000000000000000000
11.980    -0.000038566414545615    -0.000241490530629195    0.000000000000000000    0.001527202504954836    -0.001359039250353657    0.000000000000000000
11.985    -0.000028945872257625    -0.000238752343015537    0.000000000000000000    0.001591217488896798    -0.001235771873264561    0.000000000000000000
11.990    -0.000019285549532412    -0.000236045049698710    0.000000000000000000    0.001580198110902217    -0.001011371223824230    0.000000000000000000
11.995    -0.000009585721854426    -0.000233363040662479    0.000000000000000000    0.001110101055172932    -0.000829057130147769    0.000000000000000000
12.000    0.000000141858349939    -0.000230701758054502    0.000000000000000000    0.000843701184813966    -0.000575656610519917    0.000000000000000000
12.005    0.000009890531083925    -0.000228054866861787    0.000000000000000000    0.000592606278598740    -0.000169729000526562    0.000000000000000000
12.010    0.000019654018974875    -0.000225412218894086    0.000000000000000000    0.000134580770044573    0.000156290207364504    0.000000000000000000
12.015    0.000029420871385076    -0.000222765663671201    0.000000000000000000    -0.000193573269952779    0.000751005448174687    0.000000000000000000
12.020    0.000039182884463529    -0.000220100333312111    0.000000000000000000    -0.000399414064207449    0.001154572740362037    0.000000000000000000
12.025    0.000048934912190377    -0.000217406138634512    0.000000000000000000    -0.000652964581835975    0.001452120003659447    0.000000000000000000
12.030    0.000058670615802678    -0.000214675640956822    0.000000000000000000    -0.000996730488802059    0.001528016075241822    0.000000000000000000
12.035    0.000068381401152760    -0.000211906942877251    0.000000000000000000    -0.001343942181861396    0.001565657626361383    0.000000000000000000
12.040    0.000078058587948295    -0.000209099103357020    0.000000000000000000    -0.001705194593917543    0.001797295249967266    0.000000000000000000
12.045    0.000087693144878982    -0.000206246331455541    0.000000000000000000    -0.002163038517377018    0.001871300786089256    0.000000000000000000
12.050    0.000097273625846734    -0.000203346777034409    0.000000000000000000    -0.002821413867036093    0.001542445116862199    0.000000000000000000
12.055    0.000106783571467811    -0.000200408661485356    0.000000000000000000    -0.002958536682236583    0.001359354985751553    0.000000000000000000
12.060    0.000116219553671832    -0.000197436562061659    0.000000000000000000    -0.003154959158674798    0.000926421256232206    0.000000000000000000
12.065    0.000125576661896886    -0.000194441302106556    0.000000000000000000    -0.003169931329553648    0.000541833842811592    0.000000000000000000
12.070    0.000134854521838701    -0.000191432496305383    0.000000000000000000    -0.003181963806124207    0.000040159251253223    0.000000000000000000
12.075    0.000144052832685363    -0.000188422686522928    0.000000000000000000    -0.003470037491491457    -0.000579629345504864    0.000000000000000000
12.080    0.000153164392594738    -0.000185427367474111    0.000000000000000000    -0.003205458924148731    -0.000893788768057888    0.000000000000000000
12.085    0.000162195816031009    -0.000182454393144496    0.000000000000000000    -0.003432730446321312    -0.001405860401609881    0.000000000000000000
12.090    0.000171141421206122    -0.000179516565324921    0.000000000000000000    -0.003283597463142954    -0.001819084167317339    0.000000000000000000
12.095    0.000180004936444656    -0.000176624214609529    0.000000000000000000    -0.002962586360948528    -0.002065741503411937    0.000000000000000000
12.100    0.000188794387024167    -0.000173783507431722    0.000000000000000000    -0.003176286411598565    -0.002443108039484887    0.000000000000000000
12.105    0.000197504430443387    -0.000171003877954902    0.000000000000000000    -0.003426049654149665    -0.002619873382167081    0.000000000000000000
12.110    0.000206128822621254    -0.000168289745312636    0.000000000000000000    -0.003710431357679478    -0.002768720738805658    0.000000000000000000
12.115    0.000214660454015179    -0.000165644830688841    0.000000000000000000    -0.003432754963744993    -0.002967620302130177    0.000000000000000000
12.120    0.000223106266535011    -0.000163074106572598    0.000000000000000000    -0.003303589497986956    -0.003125140082605761    0.000000000000000000
12.125    0.000231469489317392    -0.000160581510958421    0.000000000000000000    -0.003473515347683512    -0.003214936030827365    0.000000000000000000
12.130    0.000239745874216082    -0.000158169288745015    0.000000000000000000    -0.003669948128139566    -0.003271696972431811    0.000000000000000000
12.135    0.000247930510411568    -0.000155838858955919    0.000000000000000000    -0.003172619398939328    -0.003155854258187971    0.000000000000000000
12.140    0.000256035831122081    -0.000153587325523278    0.000000000000000000    -0.003035649787865198    -0.003131024404902762    0.000000000000000000
12.145    0.000264065260587897    -0.000151414067700760    0.000000000000000000    -0.003804518450254996    -0.003229769072901709    0.000000000000000000
12.150    0.000271999577092456    -0.000149321554105064    0.000000000000000000    -0.004420566984198512    -0.003309671308327671    0.000000000000000000
12.155    0.000279823379422411    -0.000147311782292077    0.000000000000000000    -0.004667821343494385    -0.003283004509882677    0.000000000000000000
12.160    0.000287530486218778    -0.000145384085591836    0.000000000000000000    -0.004797880554217610    -0.003185727535514205    0.000000000000000000
12.165    0.000295117646001290    -0.000143536032079983    0.000000000000000000    -0.004894133287171743    -0.003147759784267621    0.000000000000000000
12.170    0.000302582452451623    -0.000141766672562737    0.000000000000000000    -0.005287406624771701    -0.002866550604729368    0.000000000000000000
12.175    0.000309915073736336    -0.000140068976810609    0.000000000000000000    -0.004972021786031969    -0.002696266953254155    0.000000000000000000
12.180    0.000317123394476398    -0.000138438687732313    0.000000000000000000    -0.004876634156101775    -0.002428557168105772    0.000000000000000000
12.185    0.000324209799362558    -0.000136869112583219    0.000000000000000000    -0.004801746812750553    -0.001978671291448129    0.000000000000000000
12.190    0.000331176160578400    -0.000135349004216412    0.000000000000000000    -0.004612265465464907    -0.001593843678256634    0.000000000000000000
12.195    0.000338027215157604    -0.000133868741941561    0.000000000000000000    -0.005084692565927602    -0.000944533900394499    0.000000000000000000
12.200    0.000344751152422660    -0.000132412093014219    0.000000000000000000    -0.004968811049292556    -0.000459428637323515    0.000000000000000000
12.205    0.000351350869411484    -0.000130966929802811    0.000000000000000000    -0.004561325370482008    -0.000084209483597374    0.000000000000000000
12.210    0.000357836553266046    -0.000129523871828493    0.000000000000000000    -0.004467748584546100    0.000626920616429109    0.000000000000000000
12.215    0.000364210543405995    -0.000128065140838764    0.000000000000000000    -0.003969297855098159    0.001109879407240177    0.000000000000000000
12.220    0.000370485301099566    -0.000126578662863854    0.000000000000000000    -0.003566258103455695    0.001653095963406390    0.000000000000000000
12.225    0.000376670902340550    -0.000125050857489859    0.000000000000000000    -0.003960072829966351    0.002212696246731843    0.000000000000000000
12.230    0.000382757501760785    -0.000123467734709695    0.000000000000000000    -0.003753818607480416    0.002785735566988119    0.000000000000000000
12.235    0.000388750255715834    -0.000121814968540357    0.000000000000000000    -0.003378739869637406    0.003218625385906400    0.000000000000000000
12.240    0.000394658541174141    -0.000120081736736371    0.000000000000000000    -0.003499951568676843    0.003259223789089504    0.000000000000000000
12.245    0.000400479327843232    -0.000118267024337658    0.000000000000000000    -0.003225905273818511    0.003144631226018567    0.000000000000000000
12.250    0.000406219466880477    -0.000116373696158294    0.000000000000000000    -0.002978798621126530    0.003111292155625299    0.000000000000000000
12.255    0.000411885135952193    -0.000114402585675040    0.000000000000000000    -0.002910992373138157    0.003046185575413581    0.000000000000000000
12.260    0.000417478030214582    -0.000112355320552401    0.000000000000000000    -0.003068229753433026    0.003061997332277802    0.000000000000000000
12.265    0.000422994218733134    -0.000110231505496454    0.000000000000000000    -0.003412007136957204    0.002782692545868202    0.000000000000000000
12.270    0.000428425107073263    -0.000108038123126861    0.000000000000000000    -0.003612194649680548    0.002351037023439807    0.000000000000000000
12.275    0.000433765690547150    -0.000105785964831682    0.000000000000000000    -0.003786675814340234    0.002022651951761852    0.000000000000000000
12.280    0.000439011607125678    -0.000103483240237709    0.000000000000000000    -0.004234794569240793    0.001395444415520832    0.000000000000000000
12.285    0.000444151653839975    -0.000101145629533348    0.000000000000000000    -0.004589348548027835    0.000678007284478734    0.000000000000000000
12.290    0.000449176966840571    -0.000098791068646874    0.000000000000000000    -0.004855234545487423    0.000203377573972899    0.000000000000000000
12.295    0.000454080898977530    -0.000096431423321052    0.000000000000000000    -0.005176765970288464    -0.000100882945962386    0.000000000000000000
12.300    0.000458855411965232    -0.000094074300068878    0.000000000000000000    -0.005588358469011366    -0.000391863096557634    0.000000000000000000
12.305    0.000463490215991209    -0.000091726973394119    0.000000000000000000    -0.005961865000626322    -0.000838975199040520    0.000000000000000000
12.310    0.000467975973392170    -0.000089400621099335    0.000000000000000000    -0.006572794540296231    -0.001347352668714177    0.000000000000000000
12.315    0.000472297410929624    -0.000087107952621270    0.000000000000000000    -0.007036523204315137    -0.002019657593309255    0.000000000000000000
12.320    0.000476442935386970    -0.000084865775583037    0.000000000000000000    -0.007524785214450391    -0.002425842544010056    0.000000000000000000
12.325    0.000480400340213954    -0.000082684244608404    0.000000000000000000    -0.008065741482344950    -0.002486520930951807    0.000000000000000000
12.330    0.000484156101503880    -0.000080564876657045    0.000000000000000000    -0.008268331080523751    -0.002590733345259641    0.000000000000000000
12.335    0.000487705154516793    -0.000078510277039318    0.000000000000000000    -0.008438541653729183    -0.002863102417154594    0.000000000000000000
12.340    0.000491043243988362    -0.000076527254982019    0.000000000000000000    -0.008992307582670472    -0.003039827658209257    0.000000000000000000
12.345    0.000494156525770365    -0.000074620228616176    0.000000000000000000    -0.009542279817463875    -0.003108577469309389    0.000000000000000000
12.350    0.000497031250556931    -0.000072790916687065    0.000000000000000000    -0.009790629581312403    -0.003289646038999168    0.000000000000000000
12.355    0.000499661209603965    -0.000071043845908930    0.000000000000000000    -0.010224211778805947    -0.003424370530026393    0.000000000000000000
12.360    0.000502035563356528    -0.000069382384394045    0.000000000000000000    -0.010072557805151754    -0.003674697709931882    0.000000000000000000
12.365    0.000504158103163962    -0.000067812790321908    0.000000000000000000    -0.009855445013530820    -0.003730211578930557    0.000000000000000000
12.370    0.000506034256846059    -0.000066336451539245    0.000000000000000000    -0.009723324912837630    -0.003847860567705386    0.000000000000000000
12.375    0.000507667327405334    -0.000064956309270774    0.000000000000000000    -0.009872613657624027    -0.003884109596417884    0.000000000000000000
12.380    0.000509053582623168    -0.000063673269742214    0.000000000000000000    -0.009948823525567259    -0.004071562841364684    0.000000000000000000
12.385    0.000510191117252864    -0.000062492019284688    0.000000000000000000    -0.009996206090882170    -0.004205830747895135    0.000000000000000000
12.390    0.000511078746730287    -0.000061415914595859    0.000000000000000000    -0.009705512551754988    -0.004300369534919642    0.000000000000000000
12.395    0.000511723738393917    -0.000060447319145403    0.000000000000000000    -0.009383004432299974    -0.004535156233358346    0.000000000000000000
12.400    0.000512134154946739    -0.000059592102600782    0.000000000000000000    -0.008940669740577917    -0.004702822715517006    0.000000000000000000
12.405    0.000512321054756046    -0.000058854456624048    0.000000000000000000    -0.008516385157993252    -0.004904472316674885    0.000000000000000000
12.410    0.000512295044936404    -0.000058239422455231    0.000000000000000000    -0.008692200247147237    -0.005264802046367847    0.000000000000000000
12.415    0.000512051730110583    -0.000057756008337573    0.000000000000000000    -0.008408124662858708    -0.005414784378451485    0.000000000000000000
12.420    0.000511598212168191    -0.000057407963829376    0.000000000000000000    -0.008563532581762172    -0.005882954991643513    0.000000000000000000
12.425    0.000510930605911254    -0.000057206993195971    0.000000000000000000    -0.008622155922431880    -0.006020456145309431    0.000000000000000000
12.430    0.000510047445756257    -0.000057156533966198    0.000000000000000000    -0.008351152504040837    -0.006074226976810729    0.000000000000000000
12.435    0.000508955506788659    -0.000057257930410846    0.000000000000000000    -0.008820085937951729    -0.006510613005735897    0.000000000000000000
12.440    0.000507643065672612    -0.000057522092180636    0.000000000000000000    -0.008734383803873057    -0.006751558231700167    0.000000000000000000
12.445    0.000506112264961468    -0.000057955042906220    0.000000000000000000    -0.008698927125255600    -0.006814759614033085    0.000000000000000000
12.450    0.000504363991072193    -0.000058558362622154    0.000000000000000000    -0.008777413933124499    -0.007019936531068769    0.000000000000000000
12.455    0.000502396281834589    -0.000059337180751365    0.000000000000000000    -0.008511907371670097    -0.007108537423689399    0.000000000000000000
12.460    0.000500215774912694    -0.000060293712316168    0.000000000000000000    -0.008924649869640304    -0.007345824621564248    0.000000000000000000
12.465    0.000497812151744058    -0.000061433889496511    0.000000000000000000    -0.009089775408420951    -0.007556163726528571    0.000000000000000000
12.470    0.000495181284190211    -0.000062762970770016    0.000000000000000000    -0.008965830792062417    -0.007929597952988499    0.000000000000000000
12.475    0.000492326270866563    -0.000064290291992347    0.000000000000000000    -0.009116073998506093    -0.008236149644264435    0.000000000000000000
12.480    0.000489243355692952    -0.000066023516955783    0.000000000000000000    -0.009199116010757090    -0.008362188487831069    0.000000000000000000
12.485    0.000485930462619072    -0.000067965796631416    0.000000000000000000    -0.009304915798281736    -0.008558443306925654    0.000000000000000000
12.490    0.000482384946650235    -0.000070122037389722    0.000000000000000000    -0.009546248914999323    -0.008925763043018649    0.000000000000000000
12.495    0.000478600774458523    -0.000072501422224103    0.000000000000000000    -0.010171549575984772    -0.009010810454930539    0.000000000000000000
12.500    0.000474562313527412    -0.000075106077319858    0.000000000000000000    -0.010852057003136149    -0.008990701752195369    0.000000000000000000
12.505    0.000470252551171222    -0.000077935499959417    0.000000000000000000    -0.010986343274776381    -0.009025441397362523    0.000000000000000000
12.510    0.000465668130233163    -0.000080990558633910    0.000000000000000000    -0.010950392763586433    -0.009128833212617239    0.000000000000000000
12.515    0.000460809949476014    -0.000084273838138719    0.000000000000000000    -0.011379613025226231    -0.008927781525325402    0.000000000000000000
12.520    0.000455667278393234    -0.000087780312181661    0.000000000000000000    -0.011752900019690142    -0.008399341538413950    0.000000000000000000
12.525    0.000450230784809962    -0.000091496769763064    0.000000000000000000    -0.011599815076029831    -0.007803906812298015    0.000000000000000000
12.530    0.000444504295849790    -0.000095408325014774    0.000000000000000000    -0.011297449071850842    -0.007265307169183216    0.000000000000000000
12.535    0.000438495370662821    -0.000099501512945713    0.000000000000000000    -0.011355308505891625    -0.006471708926957150    0.000000000000000000
12.540    0.000432202562763205    -0.000103756493599826    0.000000000000000000    -0.010771855611887461    -0.005631351422188957    0.000000000000000000
12.545    0.000425640458473292    -0.000108152258039494    0.000000000000000000    -0.009689844507835416    -0.004662631895605506    0.000000000000000000
12.550    0.000418836108070682    -0.000112664588276553    0.000000000000000000    -0.008563688111810647    -0.003857499080961143    0.000000000000000000
12.555    0.000411817665465278    -0.000117273355990635    0.000000000000000000    -0.007347652921799522    -0.003113451068710495    0.000000000000000000
12.560    0.000404615531536828    -0.000121959959981435    0.000000000000000000    -0.006054543837637812    -0.002131344509323681    0.000000000000000000
12.565    0.000397262034012438    -0.000126699847584968    0.000000000000000000    -0.005004301821326038    -0.001258330656356429    0.000000000000000000
12.570    0.000389783428942514    -0.000131471193454910    0.000000000000000000    -0.004178365217786650    -0.000381677156380917    0.000000000000000000
12.575    0.000382200364742146    -0.000136252081253761    0.000000000000000000    -0.003254519983519628    0.000475741315976051    0.000000000000000000
12.580    0.000374535937542190    -0.000141021075519714    0.000000000000000000    -0.002218529678375391    0.001011291980316858    0.000000000000000000
12.585    0.000366816047100274    -0.000145764787486158    0.000000000000000000    -0.001164782837406123    0.001637882566828727    0.000000000000000000
12.590    0.000359067037087423    -0.000150467552388431    0.000000000000000000    -0.000501099325378191    0.002153201153885396    0.000000000000000000
12.595    0.000351305499591438    -0.000155116487261858    0.000000000000000000    0.000273177857812966    0.002389710132424212    0.000000000000000000
12.600    0.000343550791541898    -0.000159705679381973    0.000000000000000000    0.000615904096705738    0.002314981520418116    0.000000000000000000
12.605    0.000335811481094776    -0.000164236996964079    0.000000000000000000    0.000588031165266699    0.002247012893224608    0.000000000000000000
12.610    0.000328086871426785    -0.000168712139223853    0.000000000000000000    0.000404343378501704    0.002149935360442430    0.000000000000000000
12.615    0.000320372370343257    -0.000173133533099617    0.000000000000000000    0.001024319583257504    0.002049052224004696    0.000000000000000000
12.620    0.000312683477249311    -0.000177503700669780    0.000000000000000000    0.001129341770387052    0.002020474768642732    0.000000000000000000
12.625    0.000305022817699624    -0.000181823356370728    0.000000000000000000    0.001355950854080995    0.001888699976789658    0.000000000000000000
12.630    0.000297396056921289    -0.000186095794572255    0.000000000000000000    0.001377404565772265    0.001828674738656817    0.000000000000000000
12.635    0.000289803731257098    -0.000190322515905317    0.000000000000000000    0.001322851327530388    0.001809016372707195    0.000000000000000000
12.640    0.000282244476876096    -0.000194504011829060    0.000000000000000000    0.001518275610874666    0.001755055632479945    0.000000000000000000
12.645    0.000274723179385365    -0.000198641631361992    0.000000000000000000    0.001342122438550281    0.001632440727374626    0.000000000000000000
12.650    0.000267235434955599    -0.000202738439876739    0.000000000000000000    0.001477010579261587    0.001582808323298242    0.000000000000000000
12.655    0.000259784615790314    -0.000206795678183404    0.000000000000000000    0.001065598910861189    0.001610653669745698    0.000000000000000000
12.660    0.000252360436597800    -0.000210812650148325    0.000000000000000000    0.000893599510763156    0.001510070394177606    0.000000000000000000
12.665    0.000244958597393055    -0.000214791870353392    0.000000000000000000    0.000918054281586530    0.001351677873927693    0.000000000000000000
12.670    0.000237579709545350    -0.000218737298611610    0.000000000000000000    0.000485071209453854    0.001239992346716619    0.000000000000000000
12.675    0.000230212948477882    -0.000222651727061161    0.000000000000000000    -0.000017100655666904    0.000912187971625943    0.000000000000000000
12.680    0.000222845759894022    -0.000226543350811421    0.000000000000000000    0.000141045919716974    0.000494828732241657    0.000000000000000000
12.685    0.000215482097458155    -0.000230422603843374    0.000000000000000000    0.000083590296048918    0.000093353073387856    0.000000000000000000
12.690    0.000208120524779688    -0.000234299523048494    0.000000000000000000    -0.000125288436693492    -0.000236299009482785    0.000000000000000000
12.695    0.000200755819890305    -0.000238182349728850    0.000000000000000000    -0.000308659577585553    -0.000764124552145177    0.000000000000000000
12.700    0.000193383398511482    -0.000242084279523010    0.000000000000000000    -0.000411626878944011    -0.001139594442451253    0.000000000000000000
12.705    0.000186000686460685    -0.000246014699178231    0.000000000000000000    -0.000447205680068887    -0.001553384702544834    0.000000000000000000
12.710    0.000178606794267887    -0.000249983953451016    0.000000000000000000    0.000019063282233160    -0.002108538795580431    0.000000000000000000
12.715    0.000171213378657145    -0.000254005921193690    0.000000000000000000    0.000755683835478981    -0.002376769277512032    0.000000000000000000
12.720    0.000163838855142289    -0.000258087308168302    0.000000000000000000    0.000986145439728098    -0.002574118055519332    0.000000000000000000
12.725    0.000156488985263427    -0.000262233048094302    0.000000000000000000    0.001233110584042798    -0.002743007402881189    0.000000000000000000
12.730    0.000149169943149166    -0.000266447363205374    0.000000000000000000    0.001441096101923323    -0.002631681776015318    0.000000000000000000
12.735    0.000141886928437452    -0.000270727470360847    0.000000000000000000    0.001409960487751792    -0.002472456360614987    0.000000000000000000
12.740    0.000134639162737933    -0.000275069388925335    0.000000000000000000    0.001415899728865683    -0.002173918579866530    0.000000000000000000
12.745    0.000127426794531635    -0.000279465655454319    0.000000000000000000    0.001497442570604557    -0.001814884606050025    0.000000000000000000
12.750    0.000120251862389603    -0.000283907294098455    0.000000000000000000    0.001607120753134529    -0.001595635148300776    0.000000000000000000
12.755    0.000113117108266398    -0.000288388823621298    0.000000000000000000    0.001836289841512838    -0.001234763630582510    0.000000000000000000
12.760    0.000106028261389232    -0.000292901222234906    0.000000000000000000    0.001589440493000990    -0.000727779947192614    0.000000000000000000
12.765    0.000098979150524390    -0.000297431815347194    0.000000000000000000    0.001344067051828736    -0.000411236285057567    0.000000000000000000
12.770    0.000091963641335845    -0.000301972689366608    0.000000000000000000    0.001739915074555794    -0.000163884021978089    0.000000000000000000
12.775    0.000084991630024163    -0.000306517660486571    0.000000000000000000    0.001930469275390062    0.000053046452783753    0.000000000000000000
12.780    0.000078067880444366    -0.000311061305445215    0.000000000000000000    0.002132682663091162    0.000286542777513422    0.000000000000000000
12.785    0.000071197447931146    -0.000315597786834422    0.000000000000000000    0.002107717999351596    0.000498189515140378    0.000000000000000000
12.790    0.000064379708367910    -0.000320121813485749    0.000000000000000000    0.002101539991867206    0.000612849649517938    0.000000000000000000
12.795    0.000057614507304471    -0.000324630518895839    0.000000000000000000    0.002784743231946398    0.000568220421379335    0.000000000000000000
12.800    0.000050918924821830    -0.000329125018795394    0.000000000000000000    0.002683645855256606    0.000567754542134431    0.000000000000000000
12.805    0.000044290433485571    -0.000333605324831396    0.000000000000000000    0.003028108714472563    0.000488453160358074    0.000000000000000000
12.810    0.000037737644867174    -0.000338073419538389    0.000000000000000000    0.003459869185818082    0.000286519591290516    0.000000000000000000
12.815    0.000031271352978422    -0.000342534351255599    0.000000000000000000    0.003385922219024679    0.000150073936010502    0.000000000000000000
12.820    0.000024889709145145    -0.000346991531124410    0.000000000000000000    0.003610620787837830    0.000291736992289598    0.000000000000000000
12.825    0.000018598330831565    -0.000351441417568413    0.000000000000000000    0.004302350037126238    0.000302822055779552    0.000000000000000000
12.830    0.000012414511268913    -0.000355883733461021    0.000000000000000000    0.004748254349553140    0.000206028239601187    0.000000000000000000
12.835    0.000006349398064999    -0.000360320898647640    0.000000000000000000    0.004932633727108035    -0.000016952281802710    0.000000000000000000
12.840    0.000000407600704264    -0.000364758487641304    0.000000000000000000    0.005491830044921053    -0.000147087911470892    0.000000000000000000
12.845    -0.000005396900905349    -0.000369199753832754    0.000000000000000000    0.005942402331360901    0.000130749273693099    0.000000000000000000
12.850    -0.000011052842456678    -0.000373637751292362    0.000000000000000000    0.006455971039739866    0.000380918766394907    0.000000000000000000
12.855    -0.000016547384732013    -0.000378066225782811    0.000000000000000000    0.006550068950072563    0.000734067006295108    0.000000000000000000
12.860    -0.000021878175283596    -0.000382476348598101    0.000000000000000000    0.006781097528678412    0.001269433888284599    0.000000000000000000
12.865    -0.000027039438396963    -0.000386854735566185    0.000000000000000000    0.007196217855476012    0.001611910021418785    0.000000000000000000
12.870    -0.000032020796063942    -0.000391192824783733    0.000000000000000000    0.007247713300228989    0.001885391771650792    0.000000000000000000
12.875    -0.000036820960898416    -0.000395483779206990    0.000000000000000000    0.006990287898820735    0.002216875678916295    0.000000000000000000
12.880    -0.000041446368535419    -0.000399719311738275    0.000000000000000000    0.006681565953131336    0.002658777987043278    0.000000000000000000
12.885    -0.000045904737023594    -0.000403888374819883    0.000000000000000000    0.006287835504776423    0.003073763384679393    0.000000000000000000
12.890    -0.000050205909624150    -0.000407980593816874    0.000000000000000000    0.005550281528946042    0.003791382668554347    0.000000000000000000
12.895    -0.000054368325186481    -0.000411978028247151    0.000000000000000000    0.005118595076310250    0.004560001006480296    0.000000000000000000
12.900    -0.000058402775871906    -0.000415861462652266    0.000000000000000000    0.005074654503736512    0.005347063462318898    0.000000000000000000
12.905    -0.000062310360194736    -0.000419611220470823    0.000000000000000000    0.004510275221765404    0.006304382418149609    0.000000000000000000
12.910    -0.000066105187637023    -0.000423203368728927    0.000000000000000000    0.003316280395717990    0.007135507463700095    0.000000000000000000
12.915    -0.000069817108069417    -0.000426617129300438    0.000000000000000000    0.002734529987036141    0.007996298770015803    0.000000000000000000
12.920    -0.000073460665252134    -0.000429830982402698    0.000000000000000000    0.002387787100675723    0.008810415309985775    0.000000000000000000
12.925    -0.000077044527757335    -0.000432824575122209    0.000000000000000000    0.001786647880036010    0.009364971925249904    0.000000000000000000
12.930    -0.000080583724065535    -0.000435584043543589    0.000000000000000000    0.001447711108256279    0.009872679589560587    0.000000000000000000
12.935    -0.000084086727596029    -0.000438096694975229    0.000000000000000000    0.001348051910693600    0.010421998323558845    0.000000000000000000
12.940    -0.000087556029828755    -0.000440348796448781    0.000000000000000000    0.001213423594386581    0.010796281252908966    0.000000000000000000
12.945    -0.000090994996471621    -0.000442330990891010    0.000000000000000000    0.001276236682037717    0.011033585424272130    0.000000000000000000
12.950    -0.000094402057197437    -0.000444037345697632    0.000000000000000000    0.001251934303467890    0.011431499506876081    0.000000000000000000
12.955    -0.000097777819565666    -0.000445457913016582    0.000000000000000000    0.001266374628162352    0.011591578147282251    0.000000000000000000
12.960    -0.000101121922568191    -0.000446588690881851    0.000000000000000000    0.001524094232261785    0.011729582327926150    0.000000000000000000
12.965    -0.000104427923214909    -0.000447426229188921    0.000000000000000000    0.001036872720139802    0.012011619801560042    0.000000000000000000
12.970    -0.000107708002043624    -0.000447963477000952    0.000000000000000000    0.000941454763585692    0.012057920834810526    0.000000000000000000
12.975    -0.000110964544503249    -0.000448199276792112    0.000000000000000000    0.001271010245839288    0.011725271243127541    0.000000000000000000
12.980    -0.000114189311706728    -0.000448141944802195    0.000000000000000000    0.001838155004864296    0.011311949286024747    0.000000000000000000
12.985    -0.000117368125035086    -0.000447801814080127    0.000000000000000000    0.002557206497597595    0.011163290018075759    0.000000000000000000
12.990    -0.000120483008201003    -0.000447182601107607    0.000000000000000000    0.002643240470588627    0.010886110168280630    0.000000000000000000
12.995    -0.000123531810355156    -0.000446291235380880    0.000000000000000000    0.003161139680675018    0.010620028819314804    0.000000000000000000
13.000    -0.000126501584017292    -0.000445134368933670    0.000000000000000000    0.003521635531541058    0.010273280153067724    0.000000000000000000
13.005    -0.000129383316791140    -0.000443720670482634    0.000000000000000000    0.004363505206521432    0.010086234794402099    0.000000000000000000
13.010    -0.000132155961934824    -0.000442054816161737    0.000000000000000000    0.005303173439062496    0.009721172331341333    0.000000000000000000
13.015    -0.000134796027742532    -0.000440145932532557    0.000000000000000000    0.005854116911888389    0.009299486337884834    0.000000000000000000
13.020    -0.000137289740627443    -0.000438004561744930    0.000000000000000000    0.006532687657030342    0.008971491798760549    0.000000000000000000
13.025    -0.000139620136320928    -0.000435638903662334    0.000000000000000000    0.007172841891947600    0.008346912207645579    0.000000000000000000
13.030    -0.000141771210967114    -0.000433064572774546    0.000000000000000000    0.007822567168915126    0.007819734032703599    0.000000000000000000
13.035    -0.000143726721434077    -0.000430294748535941    0.000000000000000000    0.008362738711407622    0.007313322725370844    0.000000000000000000
13.040    -0.000145473163433255    -0.000427342091229202    0.000000000000000000    0.008988815976415047    0.006693194384678816    0.000000000000000000
13.045    -0.000146994885033023    -0.000424222104062846    0.000000000000000000    0.009671414739198655    0.006036111722036198    0.000000000000000000
13.050    -0.000148274821264311    -0.000420951214103439    0.000000000000000000    0.010123546609596681    0.005388180472265438    0.000000000000000000
13.055    -0.000149301668830359    -0.000417545619632225    0.000000000000000000    0.009859898419775940    0.004957708482355994    0.000000000000000000
13.060    -0.000150082018935912    -0.000414016082448953    0.000000000000000000    0.009554125127847479    0.004477298702469136    0.000000000000000000
13.065    -0.000150623515913270    -0.000410374612798118    0.000000000000000000    0.009798645951894069    0.003899924607988180    0.000000000000000000
13.070    -0.000150920046741830    -0.000406635645032084    0.000000000000000000    0.009902158231451380    0.003489929849874798    0.000000000000000000
13.075    -0.000150969023614604    -0.000402809429019803    0.000000000000000000    0.009852091002594647    0.002965617322992376    0.000000000000000000
13.080    -0.000150771698212312    -0.000398909072574447    0.000000000000000000    0.009579910074873329    0.002464196534211413    0.000000000000000000
13.085    -0.000150334875058149    -0.000394947111215736    0.000000000000000000    0.009447234943562319    0.002144383408179702    0.000000000000000000
13.090    -0.000149661871030397    -0.000390931540271821    0.000000000000000000    0.009175318696806947    0.002134662956810966    0.000000000000000000
13.095    -0.000148759484035225    -0.000386862602753985    0.000000000000000000    0.009170442213230195    0.001976934714087268    0.000000000000000000
13.100    -0.000147627835984722    -0.000382744241868297    0.000000000000000000    0.008832557440225557    0.001820020196785250    0.000000000000000000
13.105    -0.000146275373998213    -0.000378580380477689    0.000000000000000000    0.008565120625010506    0.001615400188731929    0.000000000000000000
13.110    -0.000144708783996080    -0.000374376134082364    0.000000000000000000    0.007834065091636474    0.001501651107447145    0.000000000000000000
13.115    -0.000142946342366655    -0.000370134346409351    0.000000000000000000    0.007473997980483437    0.001442211491919400    0.000000000000000000
13.120    -0.000140997050787718    -0.000365856503449041    0.000000000000000000    0.007401909903596458    0.001147123838806784    0.000000000000000000
13.125    -0.000138862711461191    -0.000361549982392761    0.000000000000000000    0.007242677554778528    0.000918638739847398    0.000000000000000000
13.130    -0.000136547305195795    -0.000357220495367985    0.000000000000000000    0.007050271022030104    0.000761219810603477    0.000000000000000000
13.135    -0.000134055642154848    -0.000352871977847943    0.000000000000000000    0.007213134872795061    0.000613398412688260    0.000000000000000000
13.140    -0.000131383650742081    -0.000348508125367584    0.000000000000000000    0.007288728602781666    0.000374089952086178    0.000000000000000000
13.145    -0.000128529441114244    -0.000344134920638424    0.000000000000000000    0.007407419689293808    0.000141666007854712    0.000000000000000000
13.150    -0.000125490045994176    -0.000339758174259066    0.000000000000000000    0.007375908171684126    0.000003568922518626    0.000000000000000000
13.155    -0.000122266253169815    -0.000335381338656646    0.000000000000000000    0.007544692048599153    -0.000291818740851511    0.000000000000000000
13.160    -0.000118853843044239    -0.000331011798522747    0.000000000000000000    0.007808628599316469    -0.000575918982529885    0.000000000000000000
13.165    -0.000115246217203680    -0.000326656656363412    0.000000000000000000    0.008209553989285993    -0.000720699996133601    0.000000000000000000
13.170    -0.000111433352513389    -0.000322319531703979    0.000000000000000000    0.008180674113076875    -0.000817732421062780    0.000000000000000000
13.175    -0.000107415970970271    -0.000318002850355073    0.000000000000000000    0.007911797891790818    -0.000792116924680768    0.000000000000000000
13.180    -0.000103200794479859    -0.000313705971929285    0.000000000000000000    0.007640517766450321    -0.000624231396380206    0.000000000000000000
13.185    -0.000098794605045285    -0.000309424699288405    0.000000000000000000    0.007004465521540494    -0.000640749944142479    0.000000000000000000
13.190    -0.000094213303972673    -0.000305159445396130    0.000000000000000000    0.006819518051680903    -0.000596177124208806    0.000000000000000000
13.195    -0.000089461514948768    -0.000300909095931959    0.000000000000000000    0.006517630318543391    -0.000606992359825607    0.000000000000000000
13.200    -0.000084546785166900    -0.000296673921276784    0.000000000000000000    0.006129811384628331    -0.000610324917020219    0.000000000000000000
13.205    -0.000079478810100416    -0.000292454004744535    0.000000000000000000    0.005990667434998859    -0.000404438217534164    0.000000000000000000
13.210    -0.000074261068348058    -0.000288244199167724    0.000000000000000000    0.005568631423467940    -0.000229087623825324    0.000000000000000000
13.215    -0.000068904110810112    -0.000284040120781509    0.000000000000000000    0.004948447897401413    -0.000116933485713299    0.000000000000000000
13.220    -0.000063423442074732    -0.000279838965732436    0.000000000000000000    0.004412170485412542    -0.000127439071923290    0.000000000000000000
13.225    -0.000057832469077216    -0.000275640996660162    0.000000000000000000    0.004305676117050822    0.000124070128589351    0.000000000000000000
13.230    -0.000052133854176774    -0.000271439925834673    0.000000000000000000    0.003994892956350087    0.000076494644654992    0.000000000000000000
13.235    -0.000046335366952424    -0.000267236942643067    0.000000000000000000    0.003307502944927324    -0.000009533348184227    0.000000000000000000
13.240    -0.000040454192154450    -0.000263034197785166    0.000000000000000000    0.002793019336160506    0.000040555245795718    0.000000000000000000
13.245    -0.000034503191873072    -0.000258830439046121    0.000000000000000000    0.002049951114161069    -0.000155490450257176    0.000000000000000000
13.250    -0.000028500942813840    -0.000254630567568331    0.000000000000000000    0.001451744790901177    -0.000282838839107437    0.000000000000000000
13.255    -0.000022462400134835    -0.000250437767061520    0.000000000000000000    0.000797055643798813    -0.000449696954168879    0.000000000000000000
13.260    -0.000016403931064736    -0.000246256208978562    0.000000000000000000    0.000640721254129874    -0.000558975726057571    0.000000000000000000
13.265    -0.000010329443963283    -0.000242088625288756    0.000000000000000000    0.000092572845962762    -0.000507491689540063    0.000000000000000000
13.270    -0.000004252642540681    -0.000237933728891188    0.000000000000000000    -0.000536071952514432    -0.000541933078720795    0.000000000000000000
13.275    0.000001810757083107    -0.000233792380820589    0.000000000000000000    -0.001103589720527571    -0.000553762631225457    0.000000000000000000
13.280    0.000007846566963883    -0.000229664876815770    0.000000000000000000    -0.001729712120986853    -0.000576412889507919    0.000000000000000000
13.285    0.000013839134041634    -0.000225551783133189    0.000000000000000000    -0.001646398711250462    -0.000551806884806693    0.000000000000000000
13.290    0.000019790541151604    -0.000221452484622728    0.000000000000000000    -0.001545727380985101    -0.000763051468562464    0.000000000000000000
13.295    0.000025703305077049    -0.000217372262398981    0.000000000000000000    -0.001656239053028104    -0.000798807486006217    0.000000000000000000
13.300    0.000031574663026169    -0.000213312010362384    0.000000000000000000    -0.001842017000978100    -0.000817511374831331    0.000000000000000000
13.305    0.000037399970550264    -0.000209272196110158    0.000000000000000000    -0.002047651765694992    -0.000470466677647942    0.000000000000000000
13.310    0.000043174086780216    -0.000205244143524873    0.000000000000000000    -0.002053411983850045    -0.000214513809620185    0.000000000000000000
13.315    0.000048896867710573    -0.000201221453784829    0.000000000000000000    -0.001917025947800158    -0.000131958436922711    0.000000000000000000
13.320    0.000054571722992234    -0.000197202063005708    0.000000000000000000    -0.002569044881237407    0.000119110062413207    0.000000000000000000
13.325    0.000060182352151865    -0.000193179694475026    0.000000000000000000    -0.003110276946860263    0.000366750350790741    0.000000000000000000
13.330    0.000065715224387823    -0.000189148157185575    0.000000000000000000    -0.003431573877350129    0.000701771113567401    0.000000000000000000
13.335    0.000071162307276849    -0.000185099075618284    0.000000000000000000    -0.003577346071871840    0.001197898919085309    0.000000000000000000
13.340    0.000076519956514077    -0.000181020046578017    0.000000000000000000    -0.003342932370716152    0.001638393310797546    0.000000000000000000
13.345    0.000081794032442038    -0.000176900057704979    0.000000000000000000    -0.003526671929311785    0.002086024651306488    0.000000000000000000
13.350    0.000086979941571765    -0.000172727918215659    0.000000000000000000    -0.003738180599107375    0.002559579065193000    0.000000000000000000
13.355    0.000092072396186515    -0.000168491789249709    0.000000000000000000    -0.003840146136344959    0.003229920674903061    0.000000000000000000
13.360    0.000097068847147857    -0.000164174912266886    0.000000000000000000    -0.003909412897046705    0.003843789439149587    0.000000000000000000
13.365    0.000101967562786772    -0.000159761940548085    0.000000000000000000    -0.004088026093065716    0.004230987539518942    0.000000000000000000
13.370    0.000106764077773360    -0.000155243194140795    0.000000000000000000    -0.003960488716932059    0.004689128737108642    0.000000000000000000
13.375    0.000111461580542026    -0.000150607219515078    0.000000000000000000    -0.004153188171778194    0.004962272856489638    0.000000000000000000
13.380    0.000116055253606396    -0.000145847188067949    0.000000000000000000    -0.004364861022907785    0.005367694235085046    0.000000000000000000
13.385    0.000120539805145195    -0.000140952964264943    0.000000000000000000    -0.004342109821299902    0.005637797717582054    0.000000000000000000
13.390    0.000124915803938460    -0.000135917795518997    0.000000000000000000    -0.003918554630673852    0.005623398068151314    0.000000000000000000
13.395    0.000129193838865959    -0.000130742041821347    0.000000000000000000    -0.003255746223845271    0.005638203841701848    0.000000000000000000
13.400    0.000133390480137862    -0.000125425333027654    0.000000000000000000    -0.003156679403087210    0.005365094403269287    0.000000000000000000
13.405    0.000137508204424687    -0.000119974496873880    0.000000000000000000    -0.003068213272998388    0.004987682936878190    0.000000000000000000
13.410    0.000141549223379688    -0.000114398968646684    0.000000000000000000    -0.002813016015485110    0.004566502706991821    0.000000000000000000
13.415    0.000145519916934301    -0.000108709277851814    0.000000000000000000    -0.002528851447345911    0.003936804237130950    0.000000000000000000
13.420    0.000149427389202731    -0.000102921166951014    0.000000000000000000    -0.002551404603304362    0.003585481649796070    0.000000000000000000
13.425    0.000153271076356078    -0.000097043419008970    0.000000000000000000    -0.002399890913077404    0.003004164939766300    0.000000000000000000
13.430    0.000157054766236598    -0.000091090566943432    0.000000000000000000    -0.002020369059636731    0.002415212861904287    0.000000000000000000
13.435    0.000160787946890627    -0.000085077334556347    0.000000000000000000    -0.001791818159538935    0.002004120375042186    0.000000000000000000
13.440    0.000164476332090668    -0.000079013999159885    0.000000000000000000    -0.001428584390916884    0.001540260763093371    0.000000000000000000
13.445    0.000168129002680936    -0.000072912157244346    0.000000000000000000    -0.001080094865120191    0.001319637924385468    0.000000000000000000
13.450    0.000171754670899576    -0.000066777324380697    0.000000000000000000    -0.000691975793238892    0.001121278012291009    0.000000000000000000
13.455    0.000175363039723385    -0.000060614459566741    0.000000000000000000    -0.000791083394928102    0.000866742999050280    0.000000000000000000
13.460    0.000178951631462320    -0.000054429926177809    0.000000000000000000    -0.001180069037836576    0.000785732373485750    0.000000000000000000
13.465    0.000182510721475310    -0.000048225749479539    0.000000000000000000    -0.001174861047191934    0.000518886109146315    0.000000000000000000
13.470    0.000186040439962120    -0.000042008600628541    0.000000000000000000    -0.000854172599622964    0.000504706604322329    0.000000000000000000
13.475    0.000189548804133940    -0.000035778834112435    0.000000000000000000    -0.000352645437703622    0.000589567087280730    0.000000000000000000
13.480    0.000193048352169816    -0.000029534328419147    0.000000000000000000    -0.000217214920588110    0.000616726974861869    0.000000000000000000
13.485    0.000196542469832678    -0.000023274404551487    0.000000000000000000    0.000119658353044854    0.000624612925030431    0.000000000000000000
13.490    0.000200039578954367    -0.000016998865360702    0.000000000000000000    0.000135326525472742    0.000410828613203393    0.000000000000000000
13.495    0.000203540071239192    -0.000010713055454586    0.000000000000000000    -0.000245375670731565    0.000310742207801975    0.000000000000000000
13.500    0.000207034429132248    -0.000004419476993275    0.000000000000000000    -0.000071259002290460    0.000107417490805819    0.000000000000000000
13.505    0.000210527005550248    0.000001876786905305    0.000000000000000000    0.000092705634973126    -0.000074936286096051    0.000000000000000000
13.510    0.000214021899609122    0.000008171177396734    0.000000000000000000    0.000236072426338177    -0.000224693759498922    0.000000000000000000
13.515    0.000217522695478654    0.000014459950544175    0.000000000000000000    0.000559263775029182    -0.000584511959305712    0.000000000000000000
13.520    0.000221037472942562    0.000020734110892633    0.000000000000000000    0.001125942263771173    -0.000638120271832834    0.000000000000000000
13.525    0.000224580398963064    0.000026992318234295    0.000000000000000000    0.002014039909664601    -0.000693137482857227    0.000000000000000000
13.530    0.000228173675981308    0.000033233197138886    0.000000000000000000    0.002425985752812620    -0.000913106569004553    0.000000000000000000
13.535    0.000231827602643373    0.000039451248379252    0.000000000000000000    0.002877211432495731    -0.001050013721406822    0.000000000000000000
13.540    0.000235553459591249    0.000045643049276583    0.000000000000000000    0.003106071347103471    -0.000872670266073832    0.000000000000000000
13.545    0.000239356968322803    0.000051813033417262    0.000000000000000000    0.003036240004603528    -0.000938298597994770    0.000000000000000000
13.550    0.000243236383054473    0.000057959560092991    0.000000000000000000    0.003162744273557195    -0.000914966099541104    0.000000000000000000
13.555    0.000247194866392981    0.000064083212616231    0.000000000000000000    0.003038999935575442    -0.000590985037227641    0.000000000000000000
13.560    0.000251229324729878    0.000070192090513541    0.000000000000000000    0.003383829279988895    -0.000266600184437374    0.000000000000000000
13.565    0.000255348378798776    0.000076294303406240    0.000000000000000000    0.003383845712985351    0.000021379741636470    0.000000000000000000
13.570    0.000259552029010498    0.000082397050792480    0.000000000000000000    0.002953628819386735    0.000384505991159645    0.000000000000000000
13.575    0.000263829519942704    0.000088509410828498    0.000000000000000000    0.002589305771324383    0.000823430939263063    0.000000000000000000
13.580    0.000268171743519194    0.000094642356637999    0.000000000000000000    0.002135109173351246    0.001222357177182087    0.000000000000000000
13.585    0.000272567344825018    0.000100805861376928    0.000000000000000000    0.001998641315560136    0.001704787028112978    0.000000000000000000
13.590    0.000277012912163730    0.000107011985791561    0.000000000000000000    0.001436460813815117    0.002133389895128310    0.000000000000000000
13.595    0.000281494391022788    0.000113271444953572    0.000000000000000000    0.000943585815782379    0.002723061712892765    0.000000000000000000
13.600    0.000285999459527241    0.000119598980658405    0.000000000000000000    0.000472069198206686    0.003376711369667412    0.000000000000000000
13.605    0.000290516329761648    0.000126010934147480    0.000000000000000000    -0.000256046856824538    0.004011867654043284    0.000000000000000000
13.610    0.000295026798824635    0.000132523184327906    0.000000000000000000    -0.001293951728468905    0.004557965366075141    0.000000000000000000
13.615    0.000299504919094410    0.000139149383642484    0.000000000000000000    -0.001718710115378337    0.005047154679714561    0.000000000000000000
13.620    0.000303940071611301    0.000145901761824055    0.000000000000000000    -0.001475460975643422    0.005382401687189110    0.000000000000000000
13.625    0.000308338337603801    0.000152788700047805    0.000000000000000000    -0.001604433973777589    0.005686660348712966    0.000000000000000000
13.630    0.000312696492746956    0.000159817804780273    0.000000000000000000    -0.001829333692473893    0.006100459087018169    0.000000000000000000
13.635    0.000317008914547800    0.000166999420989917    0.000000000000000000    -0.001917254679373228    0.006216943272519633    0.000000000000000000
13.640    0.000321273404981659    0.000174336460781374    0.000000000000000000    -0.002627644918628321    0.006423415586465173    0.000000000000000000
13.645    0.000325472204292552    0.000181834085962492    0.000000000000000000    -0.003028516188630873    0.006386487282972805    0.000000000000000000
13.650    0.000329595290698730    0.000189491373325685    0.000000000000000000    -0.003577889739786889    0.006302036632193720    0.000000000000000000
13.655    0.000333628929861413    0.000197306211604682    0.000000000000000000    -0.003565423325651088    0.006326584683775645    0.000000000000000000
13.660    0.000337573433440955    0.000205279214500774    0.000000000000000000    -0.003264225553367868    0.006156020718160477    0.000000000000000000
13.665    0.000341436331381662    0.000213406117914820    0.000000000000000000    -0.003361706173740479    0.005800733435040381    0.000000000000000000
13.670    0.000345215186668026    0.000221678039664742    0.000000000000000000    -0.003306658854533226    0.005568106796792829    0.000000000000000000
13.675    0.000348911375483027    0.000230089164084584    0.000000000000000000    -0.003443197048433235    0.005291196782743245    0.000000000000000000
13.680    0.000352521484371817    0.000238632568423994    0.000000000000000000    -0.003300621950331865    0.004803858441025134    0.000000000000000000
13.685    0.000356049077711848    0.000247296069224430    0.000000000000000000    -0.002887638558149528    0.004188960159559520    0.000000000000000000
13.690    0.000359504480087926    0.000256064294028855    0.000000000000000000    -0.003501052393279757    0.003418731578438278    0.000000000000000000
13.695    0.000362872356154172    0.000264917987122741    0.000000000000000000    -0.003976151391111606    0.002725874376728870    0.000000000000000000
13.700    0.000366140828435640    0.000273839827076045    0.000000000000000000    -0.003561361678202594    0.002052700279868164    0.000000000000000000
13.705    0.000369320266675153    0.000282812984536346    0.000000000000000000    -0.003086765694537523    0.001179836198034450    0.000000000000000000
13.710    0.000372422535772302    0.000291815637901598    0.000000000000000000    -0.003563306622427799    0.000397690748295005    0.000000000000000000
13.715    0.000375435722203891    0.000300828233535557    0.000000000000000000    -0.003718778206491646    -0.000382314104829546    0.000000000000000000
13.720    0.000378355939180318    0.000309831271316895    0.000000000000000000    -0.003641059069872665    -0.001125178794229680    0.000000000000000000
13.725    0.000381185129679997    0.000318806179628378    0.000000000000000000    -0.003987300811075269    -0.001817435728314852    0.000000000000000000
13.730    0.000383914637659400    0.000327735652046652    0.000000000000000000    -0.003758910076053119    -0.002344369452781346    0.000000000000000000
13.735    0.000386550172886902    0.000336606515228608    0.000000000000000000    -0.003848509959945672    -0.002949692360558562    0.000000000000000000
13.740    0.000389089495365405    0.000345403636101549    0.000000000000000000    -0.004477422469281907    -0.003273217243564101    0.000000000000000000
13.745    0.000391516882282175    0.000354118926543401    0.000000000000000000    -0.004818691614625129    -0.003358959511010323    0.000000000000000000
13.750    0.000393823801908581    0.000362750242997478    0.000000000000000000    -0.004826138195995321    -0.003578113282876310    0.000000000000000000
13.755    0.000396010068080086    0.000371292106619483    0.000000000000000000    -0.004675228918063316    -0.003600866840588329    0.000000000000000000
13.760    0.000398079453528640    0.000379743948570473    0.000000000000000000    -0.004912171085694368    -0.003790165319849867    0.000000000000000000
13.765    0.000400026034700051    0.000388101036388467    0.000000000000000000    -0.005217213843800375    -0.003777911990699920    0.000000000000000000
13.770    0.000401842185525367    0.000396363676406694    0.000000000000000000    -0.004843491958187764    -0.003442735677441910    0.000000000000000000
13.775    0.000403537249051729    0.000404540248032984    0.000000000000000000    -0.004945731850577659    -0.003138771184350072    0.000000000000000000
13.780    0.000405108669281826    0.000412638350379666    0.000000000000000000    -0.005238074175901389    -0.002768559906561868    0.000000000000000000
13.785    0.000406549137657526    0.000420667238728683    0.000000000000000000    -0.005408974067752387    -0.002467248678844364    0.000000000000000000
13.790    0.000407854381681532    0.000428634445860730    0.000000000000000000    -0.005731902246602655    -0.002143038798872992    0.000000000000000000
13.795    0.000409016328149372    0.000436548077022805    0.000000000000000000    -0.006031043148480540    -0.001726179203961637    0.000000000000000000
13.800    0.000410027498538501    0.000444418553704780    0.000000000000000000    -0.006181068488227311    -0.001273734562240014    0.000000000000000000
13.805    0.000410884142215424    0.000452257187022700    0.000000000000000000    -0.005992959145437356    -0.000737851014807455    0.000000000000000000
13.810    0.000411590961913711    0.000460077374065249    0.000000000000000000    -0.006165949579931863    -0.000180226140708388    0.000000000000000000
13.815    0.000412143632872500    0.000467893055454281    0.000000000000000000    -0.006152993742131706    0.000301866082833349    0.000000000000000000
13.820    0.000412542478987736    0.000475716283495384    0.000000000000000000    -0.005962735195573238    0.000777763721597231    0.000000000000000000
13.825    0.000412792256723082    0.000483558955629526    0.000000000000000000    -0.005928245485993175    0.001308632422299637    0.000000000000000000
13.830    0.000412893828321279    0.000491434343574226    0.000000000000000000    -0.005750468323559733    0.001651888304505123    0.000000000000000000
13.835    0.000412851638211386    0.000499351028726539    0.000000000000000000    -0.005534747004325331    0.002016070531122259    0.000000000000000000
13.840    0.000412671079426385    0.000507318115642130    0.000000000000000000    -0.005291447982998503    0.002648100751443706    0.000000000000000000
13.845    0.000412358234441810    0.000515351405076507    0.000000000000000000    -0.004827152987815775    0.002790490642116256    0.000000000000000000
13.850    0.000411924710632539    0.000523454456776936    0.000000000000000000    -0.004614905290871787    0.002875208634052148    0.000000000000000000
13.855    0.000411375814190996    0.000531629388693217    0.000000000000000000    -0.004835845001641050    0.002883399925325894    0.000000000000000000
13.860    0.000410706021624412    0.000539876405607631    0.000000000000000000    -0.004762483812256486    0.002854592038811256    0.000000000000000000
13.865    0.000409917166962522    0.000548194787323016    0.000000000000000000    -0.004961783484644725    0.002800244071686324    0.000000000000000000
13.870    0.000409004267713515    0.000556583175140193    0.000000000000000000    -0.005326586807619799    0.002604572516507961    0.000000000000000000
13.875    0.000407958203794318    0.000565036677270282    0.000000000000000000    -0.005332148185265093    0.002669144644048757    0.000000000000000000
13.880    0.000406778836170490    0.000573556908016472    0.000000000000000000    -0.005390039266100436    0.002552036423185064    0.000000000000000000
13.885    0.000405464717565009    0.000582140939673243    0.000000000000000000    -0.005641726591972592    0.002348780400516885    0.000000000000000000
13.890    0.000404009555794728    0.000590783690840026    0.000000000000000000    -0.005454862140271723    0.001958690125100984    0.000000000000000000
13.895    0.000402418022470941    0.000599475409259936    0.000000000000000000    -0.005215856580041527    0.001431827732416117    0.000000000000000000
13.900    0.000400696092732653    0.000608202923373157    0.000000000000000000    -0.005324153494249122    0.001025583824506085    0.000000000000000000
13.905    0.000398841059157008    0.000616956077081991    0.000000000000000000    -0.005704434303918822    0.000634210166089617    0.000000000000000000
13.910    0.000396843414723766    0.000625725086044977    0.000000000000000000    -0.005857771357999347    0.000459687247798130    0.000000000000000000
13.915    0.000394699326006574    0.000634505587189158    0.000000000000000000    -0.006151312439590939    0.000174021313904121    0.000000000000000000
13.920    0.000392401454478392    0.000643290438866186    0.000000000000000000    -0.006132725644692610    -0.000275724359494363    0.000000000000000000
13.925    0.000389950264809092    0.000652068397434227    0.000000000000000000    -0.006168291668030845    -0.000627662875307168    0.000000000000000000
13.930    0.000387344867848092    0.000660830664430386    0.000000000000000000    -0.006241824811847440    -0.001150270760408127    0.000000000000000000
13.935    0.000384583425266795    0.000669564174657534    0.000000000000000000    -0.006334233694069071    -0.001671864301548698    0.000000000000000000
13.940    0.000381663626843147    0.000678255888277143    0.000000000000000000    -0.006533277816210548    -0.002205006210485166    0.000000000000000000
13.945    0.000378580496474094    0.000686892476741491    0.000000000000000000    -0.006240855255808253    -0.002705481143569846    0.000000000000000000
13.950    0.000375341344723645    0.000695461428177249    0.000000000000000000    -0.005999973823778582    -0.003398725702949065    0.000000000000000000
13.955    0.000371952193627602    0.000703945411470433    0.000000000000000000    -0.005773657506071873    -0.004052921847765706    0.000000000000000000
13.960    0.000368418701093907    0.000712328071717423    0.000000000000000000    -0.004938645949935372    -0.004697264661566655    0.000000000000000000
13.965    0.000364761742411464    0.000720593300347874    0.000000000000000000    -0.004523190094835039    -0.005391533587128031    0.000000000000000000
13.970    0.000360991703976650    0.000728723740638647    0.000000000000000000    -0.004280413543301335    -0.005914275598862401    0.000000000000000000
13.975    0.000357114655203253    0.000736706324039449    0.000000000000000000    -0.003788751480088455    -0.006460942252256921    0.000000000000000000
13.980    0.000353142887642854    0.000744527383883944    0.000000000000000000    -0.003280578661011939    -0.007000947198085652    0.000000000000000000
13.985    0.000349089105615930    0.000752173420048486    0.000000000000000000    -0.003072663862092699    -0.007453446411488651    0.000000000000000000
13.990    0.000344958506992454    0.000759633120052742    0.000000000000000000    -0.002696045140455992    -0.007948611856723950    0.000000000000000000
13.995    0.000340760507240466    0.000766894104760579    0.000000000000000000    -0.002385622713027124    -0.008376558446434104    0.000000000000000000
14.000    0.000336502866920652    0.000773945675507256    0.000000000000000000    -0.001868466211162045    -0.008872700248767872    0.000000000000000000
14.005    0.000332198514945560    0.000780775428747713    0.000000000000000000    -0.000664899569861790    -0.009239682055555559    0.000000000000000000
14.010    0.000327877540481220    0.000787374189936782    0.000000000000000000    -0.000229730589462653    -0.009579390515168824    0.000000000000000000
14.015    0.000323550822752145    0.000793733466362971    0.000000000000000000    0.000268894314780967    -0.009702815265372026    0.000000000000000000
14.020    0.000319230827380938    0.000799850172407526    0.000000000000000000    0.000754010700218001    -0.009529505024452253    0.000000000000000000
14.025    0.000314929682277238    0.000805728640826470    0.000000000000000000    0.000899771423253787    -0.009575298004480849    0.000000000000000000
14.030    0.000310651031459118    0.000811367726795301    0.000000000000000000    0.001349266253304442    -0.009473263177985775    0.000000000000000000
14.035    0.000306406112297331    0.000816769981184683    0.000000000000000000    0.001730888995576507    -0.009286128407255158    0.000000000000000000
14.040    0.000302204465360434    0.000821940082363884    0.000000000000000000    0.002041642898627065    -0.009241303067075018    0.000000000000000000
14.045    0.000298053859496002    0.000826879150966408    0.000000000000000000    0.002500477242024443    -0.009353507401475142    0.000000000000000000
14.050    0.000293965765562621    0.000831584381883895    0.000000000000000000    0.002792793337398972    -0.009307112706427589    0.000000000000000000
14.055    0.000289947491462675    0.000836056934983721    0.000000000000000000    0.003110836411376536    -0.009041659905914198    0.000000000000000000
14.060    0.000286006988273013    0.000840303446585899    0.000000000000000000    0.003517811145541117    -0.008688139212604737    0.000000000000000000
14.065    0.000282154430361990    0.000844332754707762    0.000000000000000000    0.003620812189708469    -0.008122014422771301    0.000000000000000000
14.070    0.000278392392755710    0.000848159012469056    0.000000000000000000    0.003775651353772700    -0.007651400500850378    0.000000000000000000
14.075    0.000274724746433273    0.000851793985217829    0.000000000000000000    0.003906528897239074    -0.007270789368018192    0.000000000000000000
14.080    0.000271154763333268    0.000855247188232401    0.000000000000000000    0.004050717062073581    -0.006999367515264469    0.000000000000000000
14.085    0.000267686048159815    0.000858525407059092    0.000000000000000000    0.004429185070349909    -0.006568339470328782    0.000000000000000000
14.090    0.000264328062613120    0.000861639417399024    0.000000000000000000    0.004586550732196826    -0.006060028570967213    0.000000000000000000
14.095    0.000261084740834731    0.000864601927024682    0.000000000000000000    0.004338573356113453    -0.005483385316249964    0.000000000000000000
14.100    0.000257949883390244    0.000867427352017434    0.000000000000000000    0.004436569915823758    -0.005159269508979610    0.000000000000000000
14.105    0.000254925940193653    0.000870123795272462    0.000000000000000000    0.004040583160642899    -0.004855601669702565    0.000000000000000000
14.110    0.000252003011576077    0.000872698848485747    0.000000000000000000    0.003702422235792729    -0.004248766575149811    0.000000000000000000
14.115    0.000249172643514397    0.000875167682534653    0.000000000000000000    0.004076073092289592    -0.004031157068077988    0.000000000000000000
14.120    0.000246444177280024    0.000877535737656857    0.000000000000000000    0.004226884857778598    -0.003863139090760394    0.000000000000000000
14.125    0.000243821383167095    0.000879807214301792    0.000000000000000000    0.004638687432813315    -0.003590421969214275    0.000000000000000000
14.130    0.000241314556239987    0.000881988930397497    0.000000000000000000    0.005042660512173192    -0.003519556776663407    0.000000000000000000
14.135    0.000238933795825683    0.000884082657573785    0.000000000000000000    0.004746526020030185    -0.003324180377303233    0.000000000000000000
14.140    0.000236671698561880    0.000886093280240641    0.000000000000000000    0.004449437351275324    -0.003113543747971029    0.000000000000000000
14.145    0.000234520837231858    0.000888026064313797    0.000000000000000000    0.004335490515606057    -0.002743691002553283    0.000000000000000000
14.150    0.000232478363164727    0.000889890256111890    0.000000000000000000    0.004414519613248156    -0.002473508296800715    0.000000000000000000
14.155    0.000230546252087927    0.000891692610202563    0.000000000000000000    0.004039403670684505    -0.002500410197551171    0.000000000000000000
14.160    0.000228715126102894    0.000893432454038296    0.000000000000000000    0.003790559581178096    -0.002442119329160337    0.000000000000000000
14.165    0.000226978764107391    0.000895111244890801    0.000000000000000000    0.003532214900509381    -0.002212193163245516    0.000000000000000000
14.170    0.000225330707484400    0.000896734730914225    0.000000000000000000    0.002710278292494686    -0.001788629035029757    0.000000000000000000
14.175    0.000223750407818722    0.000898313501211773    0.000000000000000000    0.002272543127333033    -0.001456639817476284    0.000000000000000000
14.180    0.000222226921731227    0.000899855855513884    0.000000000000000000    0.001850359370487867    -0.001329106220230095    0.000000000000000000
14.185    0.000220749694627994    0.000901364982160489    0.000000000000000000    0.000891796421562856    -0.001057429074194198    0.000000000000000000
14.190    0.000219294762435300    0.000902847673080239    0.000000000000000000    0.000346190282270002    -0.000762884937639298    0.000000000000000000
14.195    0.000217848484999663    0.000904311291876549    0.000000000000000000    -0.000016099652122526    -0.000607743010786269    0.000000000000000000
14.200    0.000216401805072723    0.000905759717097588    0.000000000000000000    -0.000601238094977792    -0.000259327689808297    0.000000000000000000
14.205    0.000214940094193409    0.000907201659126383    0.000000000000000000    -0.001413095903329137    0.000039992699538312    0.000000000000000000
14.210    0.000213443055916511    0.000908644600972666    0.000000000000000000    -0.001883539865275147    0.000194558599213995    0.000000000000000000
14.215    0.000211898929142981    0.000910092406783929    0.000000000000000000    -0.002542847715430313    0.000402628530923529    0.000000000000000000
14.220    0.000210291231176566    0.000911550278308465    0.000000000000000000    -0.003554251099494726    0.000436423975859988    0.000000000000000000
14.225    0.000208594676932663    0.000913019060432398    0.000000000000000000    -0.004045621403571224    0.000433762723135722    0.000000000000000000
14.230    0.000206796982153671    0.000914498686624410    0.000000000000000000    -0.004476686405704196    0.000312361445164305    0.000000000000000000
14.235    0.000204887370214537    0.000915986121852550    0.000000000000000000    -0.004977122510115527    0.000219020025553351    0.000000000000000000
14.240    0.000202853330212649    0.000917479032581329    0.000000000000000000    -0.005903253107455379    -0.000016748178495105    0.000000000000000000
14.245    0.000200671708883075    0.000918971524605646    0.000000000000000000    -0.006144185619995314    -0.000168398035190788    0.000000000000000000
14.250    0.000198336482913001    0.000920459806679083    0.000000000000000000    -0.006125830749549501    -0.000367132858983613    0.000000000000000000
14.255    0.000195848111174189    0.000921938910431046    0.000000000000000000    -0.006205825697682549    -0.000549272790566907    0.000000000000000000
14.260    0.000193204593792934    0.000923404282363244    0.000000000000000000    -0.006391006544352856    -0.000902897635398844    0.000000000000000000
14.265    0.000190401301248071    0.000924847081854558    0.000000000000000000    -0.006473323719083119    -0.001250590517497263    0.000000000000000000
14.270    0.000187436175610230    0.000926258616582933    0.000000000000000000    -0.006942858253133725    -0.001195390122942473    0.000000000000000000
14.275    0.000184297478516062    0.000927640266558236    0.000000000000000000    -0.006782858545321523    -0.001318631739190626    0.000000000000000000
14.280    0.000180989209958260    0.000928988950740058    0.000000000000000000    -0.006794825343594321    -0.001247115184082118    0.000000000000000000
14.285    0.000177511070766868    0.000930306457042279    0.000000000000000000    -0.007307774333757070    -0.001116761979467161    0.000000000000000000
14.290    0.000173850237217132    0.000931596044295013    0.000000000000000000    -0.007470144527471027    -0.001153300532214831    0.000000000000000000
14.295    0.000170002650054210    0.000932856799034441    0.000000000000000000    -0.007116687834627733    -0.001116887677842480    0.000000000000000000
14.300    0.000165977145695422    0.000934089631581924    0.000000000000000000    -0.006642130484862344    -0.001268778214318957    0.000000000000000000
14.305    0.000161785588074512    0.000935290744674048    0.000000000000000000    -0.006345622765145274    -0.001230064046045878    0.000000000000000000
14.310    0.000157435389884474    0.000936461106165022    0.000000000000000000    -0.006095283845593529    -0.001275499655335570    0.000000000000000000
14.315    0.000152932809598296    0.000937599580164612    0.000000000000000000    -0.006231128758540060    -0.001493151258148348    0.000000000000000000
14.320    0.000148274451093154    0.000938700725382748    0.000000000000000000    -0.005475265907032732    -0.001631645786888576    0.000000000000000000
14.325    0.000143479210940337    0.000939761079456212    0.000000000000000000    -0.004764512068891396    -0.001768676376333496    0.000000000000000000
14.330    0.000138564857985797    0.000940777216620267    0.000000000000000000    -0.004062791633560560    -0.001900404493870682    0.000000000000000000
14.335    0.000133548935240418    0.000941745843671976    0.000000000000000000    -0.002859089922015385    -0.002049220942305745    0.000000000000000000
14.340    0.000128461535246989    0.000942663240200128    0.000000000000000000    -0.001797507038458742    -0.002510003109619172    0.000000000000000000
14.345    0.000123329197577598    0.000943517886650538    0.000000000000000000    -0.000827513892772856    -0.002817959776826168    0.000000000000000000
14.350    0.000118176172060889    0.000944302084106529    0.000000000000000000    0.000403831832558295    -0.003136273426184409    0.000000000000000000
14.355    0.000113033242339993    0.000945007874726864    0.000000000000000000    0.001655383366396391    -0.003584315225093476    0.000000000000000000
14.360    0.000107931697203256    0.000945624057466572    0.000000000000000000    0.002056016919065062    -0.003802140090430374    0.000000000000000000
14.365    0.000102881552489497    0.000946145186704020    0.000000000000000000    0.003295075800269763    -0.004177533253395607    0.000000000000000000
14.370    0.000097913784670744    0.000946561877610132    0.000000000000000000    0.003967886482792241    -0.004453811609283001    0.000000000000000000
14.375    0.000093045214014061    0.000946867223226013    0.000000000000000000    0.004618739510789263    -0.004449796579529021    0.000000000000000000
14.380    0.000088292111845148    0.000947061323927405    0.000000000000000000    0.005757476386450042    -0.004593989760231891    0.000000000000000000
14.385    0.000083682946585896    0.000947140574884791    0.000000000000000000    0.006419382780451671    -0.004629601314761790    0.000000000000000000
14.390    0.000079234265896156    0.000947104085809309    0.000000000000000000    0.006685942164865095    -0.004589030327272099    0.000000000000000000
14.395    0.000074952733760537    0.000946952870975644    0.000000000000000000    0.006889148651589351    -0.004615307166392496    0.000000000000000000
14.400    0.000070843430341207    0.000946686273462820    0.000000000000000000    0.007454556846256876    -0.004585765927649088    0.000000000000000000
14.405    0.000066920490843035    0.000946305031801805    0.000000000000000000    0.008026182713015027    -0.004434804444673410    0.000000000000000000
14.410    0.000063198205912687    0.000945812920029672    0.000000000000000000    0.008595421461357914    -0.004253255335958175    0.000000000000000000
14.415    0.000059690806518874    0.000945214476874141    0.000000000000000000    0.009024486361169709    -0.004144109156394189    0.000000000000000000
14.420    0.000056409019284089    0.000944512430989700    0.000000000000000000    0.009303014941143484    -0.003860972225691942    0.000000000000000000
14.425    0.000053359807422834    0.000943713860799617    0.000000000000000000    0.009420775519945083    -0.003578898585972733    0.000000000000000000
14.430    0.000050546114949577    0.000942825818144884    0.000000000000000000    0.009443942819327693    -0.003434105042823474    0.000000000000000000
14.435    0.000047968521046803    0.000941851922864081    0.000000000000000000    0.009168560981193454    -0.003261580936208056    0.000000000000000000
14.440    0.000045620141168559    0.000940796488059872    0.000000000000000000    0.008896096437234545    -0.002916977573474804    0.000000000000000000
14.445    0.000043494163701245    0.000939668128816327    0.000000000000000000    0.008554600837104326    -0.002779336831216193    0.000000000000000000
14.450    0.000041582051254860    0.000938470286152001    0.000000000000000000    0.008067127602441691    -0.002762945768030635    0.000000000000000000
14.455    0.000039871616998535    0.000937203369843474    0.000000000000000000    0.007710010890522390    -0.002723040339390297    0.000000000000000000
14.460    0.000038353933014474    0.000935868377526463    0.000000000000000000    0.007274151764846714    -0.002579197706533386    0.000000000000000000
14.465    0.000037018102824534    0.000934468905266788    0.000000000000000000    0.007123455895328100    -0.002456191314486461    0.000000000000000000
14.470    0.000035860359031977    0.000933008028224252    0.000000000000000000    0.006302607387092954    -0.002429358127455615    0.000000000000000000
14.475    0.000034860180424097    0.000931486417228528    0.000000000000000000    0.005290940488815920    -0.002085790027674117    0.000000000000000000
14.480    0.000033992275328437    0.000929912661482113    0.000000000000000000    0.004646754959709951    -0.002096018294575099    0.000000000000000000
14.485    0.000033240539106771    0.000928286505278334    0.000000000000000000    0.004096849721875472    -0.001909104454201824    0.000000000000000000
14.490    0.000032591224128151    0.000926612621463200    0.000000000000000000    0.003553651501112442    -0.001678369932994576    0.000000000000000000
14.495    0.000032030750437059    0.000924896778399740    0.000000000000000000    0.003224943512900480    -0.001508096016174937    0.000000000000000000
14.500    0.000031550900333790    0.000923143232935877    0.000000000000000000    0.002609438040476384    -0.001075339372750943    0.000000000000000000
14.505    0.000031136286181532    0.000921362803987694    0.000000000000000000    0.002464097414330544    -0.000800655839501216    0.000000000000000000
14.510    0.000030783274464633    0.000919562358643524    0.000000000000000000    0.002189228437910395    -0.000509811195273380    0.000000000000000000
14.515    0.000030484993458682    0.000917749168019472    0.000000000000000000    0.001597870485132860    -0.000212627067034017    0.000000000000000000
14.520    0.000030226659214858    0.000915930661718744    0.000000000000000000    0.000983133279645106    0.000124515306411908    0.000000000000000000
14.525    0.000029992903303026    0.000914115268300677    0.000000000000000000    0.000618536719498869    0.000418960041091189    0.000000000000000000
14.530    0.000029774610809182    0.000912310348883637    0.000000000000000000    0.000644506677643421    0.000703625256089427    0.000000000000000000
14.535    0.000029572430982278    0.000910523020097999    0.000000000000000000    0.000491039402591493    0.000692338579166493    0.000000000000000000
14.540    0.000029382527140440    0.000908752999776840    0.000000000000000000    0.000123987706599654    0.000641973831208391    0.000000000000000000
14.545    0.000029195722991266    0.000906999028801462    0.000000000000000000    -0.000178595502748117    0.000548185066307286    0.000000000000000000
14.550    0.000029004453954524    0.000905258762452741    0.000000000000000000    -0.000396307684972933    0.000156060778683589    0.000000000000000000
14.555    0.000028803277225657    0.000903522397623487    0.000000000000000000    -0.000282535607278684    -0.000142893934072449    0.000000000000000000
14.560    0.000028595037106608    0.000901782460445882    0.000000000000000000    0.000368728728898508    -0.000559248325179666    0.000000000000000000
14.565    0.000028396015205782    0.000900028542060147    0.000000000000000000    0.000979741452244022    -0.001082141966243788    0.000000000000000000
14.570    0.000028221486841262    0.000898247570125256    0.000000000000000000    0.000860605423959110    -0.001847094791224482    0.000000000000000000
14.575    0.000028068473612341    0.000896420420820584    0.000000000000000000    0.000746385697052648    -0.002593232086853595    0.000000000000000000
14.580    0.000027934120025846    0.000894528440713741    0.000000000000000000    0.000775333958871847    -0.003086889545107080    0.000000000000000000
14.585    0.000027819149788323    0.000892559288368270    0.000000000000000000    0.000862185112222310    -0.003632238712225275    0.000000000000000000
14.590    0.000027725734178605    0.000890499330054994    0.000000000000000000    0.001243600612361171    -0.004045541360650148    0.000000000000000000
14.595    0.000027663408584197    0.000888338233207701    0.000000000000000000    0.001093067908250391    -0.004477577624961877    0.000000000000000000
14.600    0.000027628409687495    0.000886065196919784    0.000000000000000000    0.001288585269096349    -0.004655206702498110    0.000000000000000000
14.605    0.000027625625422520    0.000883675780464305    0.000000000000000000    0.001792271837535662    -0.004822159687290113    0.000000000000000000
14.610    0.000027667647953484    0.000881165810016644    0.000000000000000000    0.001798222008704699    -0.004801431248138352    0.000000000000000000
14.615    0.000027754626034665    0.000878535803787779    0.000000000000000000    0.001774713942506013    -0.004705813405011562    0.000000000000000000
14.620    0.000027885971964409    0.000875788152223789    0.000000000000000000    0.001615447800959268    -0.004447628034168379    0.000000000000000000
14.625    0.000028057704089177    0.000872929309958944    0.000000000000000000    0.000957887868914130    -0.004099194725786307    0.000000000000000000
14.630    0.000028253383410667    0.000869967987825955    0.000000000000000000    0.000642254564527063    -0.003743739345938267    0.000000000000000000
14.635    0.000028465119096271    0.000866913072209318    0.000000000000000000    0.000311384565592333    -0.003427074961124404    0.000000000000000000
14.640    0.000028684639396015    0.000863772479718652    0.000000000000000000    0.000121970818255492    -0.003045143156413070    0.000000000000000000
14.645    0.000028907208966215    0.000860555758649076    0.000000000000000000    0.000239272495427965    -0.002349980087429197    0.000000000000000000
14.650    0.000029135760348801    0.000857280288077315    0.000000000000000000    0.000205858722790117    -0.001800834981456959    0.000000000000000000
14.655    0.000029369458199456    0.000853959796631017    0.000000000000000000    0.000055183438286586    -0.001470524314327142    0.000000000000000000
14.660    0.000029604535636069    0.000850602542076861    0.000000000000000000    0.000286657217724473    -0.001174496000303817    0.000000000000000000
14.665    0.000029846779503125    0.000847215925122697    0.000000000000000000    -0.000067140693389093    -0.000826311109453949    0.000000000000000000
14.670    0.000030087344852846    0.000843808650390796    0.000000000000000000    -0.000550580722271336    -0.000472717337583056    0.000000000000000000
14.675    0.000030314145684510    0.000840389557725457    0.000000000000000000    -0.000941658479349975    -0.000513282088347201    0.000000000000000000
14.680    0.000030517405054191    0.000836957633007908    0.000000000000000000    -0.001113490488641118    -0.000677339779056596    0.000000000000000000
14.685    0.000030692827161655    0.000833508774795883    0.000000000000000000    -0.001054469475632422    -0.000969782480769385    0.000000000000000000
14.690    0.000030841887532229    0.000830035672021839    0.000000000000000000    -0.001024102471158534    -0.001374260443906192    0.000000000000000000
14.695    0.000030965345341024    0.000826528212736698    0.000000000000000000    -0.001338476221813265    -0.001678083297387833    0.000000000000000000
14.700    0.000031055341244273    0.000822978801369121    0.000000000000000000    -0.001727989446038047    -0.002089039408256430    0.000000000000000000
14.705    0.000031102137411372    0.000819377164016338    0.000000000000000000    -0.001878227754720382    -0.002300864953759009    0.000000000000000000
14.710    0.000031101977884602    0.000815718005039711    0.000000000000000000    -0.001772201672696646    -0.002625991996087727    0.000000000000000000
14.715    0.000031057513316015    0.000811993196263182    0.000000000000000000    -0.001433090706927603    -0.003053614357467066    0.000000000000000000
14.720    0.000030977221479755    0.000808192047127717    0.000000000000000000    -0.001178562120628373    -0.003606184697264175    0.000000000000000000
14.725    0.000030867465590479    0.000804300743374819    0.000000000000000000    -0.001341622642371716    -0.004051388280464779    0.000000000000000000
14.730    0.000030724169135144    0.000800308154914911    0.000000000000000000    -0.001661633156240026    -0.004363534623790834    0.000000000000000000
14.735    0.000030539331850903    0.000796206478089407    0.000000000000000000    -0.001788968455330162    -0.004495171994620996    0.000000000000000000
14.740    0.000030309770355279    0.000791992421964038    0.000000000000000000    -0.001903812251313882    -0.004595215171892056    0.000000000000000000
14.745    0.000030032613553371    0.000787663485459371    0.000000000000000000    -0.002013222488211945    -0.004604337970862300    0.000000000000000000
14.750    0.000029705126189259    0.000783219440505433    0.000000000000000000    -0.002060611722375409    -0.004509622670667394    0.000000000000000000
14.755    0.000029326123532087    0.000778662654984728    0.000000000000000000    -0.002360965965568599    -0.004518429416932798    0.000000000000000000
14.760    0.000028888096725776    0.000773992908728600    0.000000000000000000    -0.002593392879577945    -0.004386838779639815    0.000000000000000000
14.765    0.000028385235097475    0.000769213491502981    0.000000000000000000    -0.002731662244971546    -0.004158686088130518    0.000000000000000000
14.770    0.000027814081913050    0.000764330107125159    0.000000000000000000    -0.002771020690520739    -0.003978631506061821    0.000000000000000000
14.775    0.000027173653211362    0.000759347256959685    0.000000000000000000    -0.002886349463814642    -0.003787138522204879    0.000000000000000000
14.780    0.000026461065773079    0.000754269728331156    0.000000000000000000    -0.003204223229310178    -0.003486926232385522    0.000000000000000000
14.785    0.000025668372754063    0.000749105026546817    0.000000000000000000    -0.003319250120760312    -0.003326360127038977    0.000000000000000000
14.790    0.000024792698482028    0.000743857165759303    0.000000000000000000    -0.003346994625794369    -0.003259949435670088    0.000000000000000000
14.795    0.000023833349344348    0.000738527806235896    0.000000000000000000    -0.003147501549765182    -0.002994338725447084    0.000000000000000000
14.800    0.000022795312667924    0.000733123588244354    0.000000000000000000    -0.003148452215066464    -0.002929811951483952    0.000000000000000000
14.805    0.000021678564686123    0.000727646124954024    0.000000000000000000    -0.002882282206439834    -0.002840407561698413    0.000000000000000000
14.810    0.000020489759649162    0.000722097651474652    0.000000000000000000    -0.002121341047847897    -0.002683877862166492    0.000000000000000000
14.815    0.000019247921086004    0.000716482081048726    0.000000000000000000    -0.001542554715887882    -0.002590070215615671    0.000000000000000000
14.820    0.000017967518654949    0.000710801758867409    0.000000000000000000    -0.000775307606213727    -0.002198880594520176    0.000000000000000000
14.825    0.000016667733533738    0.000705066464671229    0.000000000000000000    -0.000088434182998721    -0.002117358414155390    0.000000000000000000
14.830    0.000015365737557953    0.000699278236514696    0.000000000000000000    0.000226463620528369    -0.002100128533920158    0.000000000000000000
14.835    0.000014069403172681    0.000693437505144814    0.000000000000000000    0.000904860737904918    -0.002003403017604086    0.000000000000000000
14.840    0.000012795690305856    0.000687546688699493    0.000000000000000000    0.001388708796883078    -0.001989209818301606    0.000000000000000000
14.845    0.000011556695158954    0.000681606142008713    0.000000000000000000    0.002099967240518427    -0.001864576932198055    0.000000000000000000
14.850    0.000010370199193064    0.000675618980894629    0.000000000000000000    0.002591579443658097    -0.001629826420638039    0.000000000000000000
14.855    0.000009248492713266    0.000669591074120029    0.000000000000000000    0.002858806749736221    -0.001240853732507874    0.000000000000000000
14.860    0.000008198256402212    0.000663532146002116    0.000000000000000000    0.003120442730093984    -0.000943660896533458    0.000000000000000000
14.865    0.000007226031159409    0.000657449626361790    0.000000000000000000    0.003606331550467127    -0.000736821478054296    0.000000000000000000
14.870    0.000006343964205369    0.000651348686184513    0.000000000000000000    0.004125677536266937    -0.000506160750010469    0.000000000000000000
14.875    0.000005565039189735    0.000645235091988485    0.000000000000000000    0.004273674661312485    -0.000062999633777990    0.000000000000000000
14.880    0.000004892956040634    0.000639119922801613    0.000000000000000000    0.004369030751053618    0.000244278369333599    0.000000000000000000
14.885    0.000004330098660309    0.000633010860573974    0.000000000000000000    0.004368505777561512    0.000621678630683895    0.000000000000000000
14.890    0.000003876453924423    0.000626917340312102    0.000000000000000000    0.004367550275919991    0.001129275483636658    0.000000000000000000
14.895    0.000003531997945435    0.000620852051937321    0.000000000000000000    0.004384704537790606    0.001477569485644134    0.000000000000000000
14.900    0.000003297159579892    0.000614823702799682    0.000000000000000000    0.004204219488048531    0.001825782279855047    0.000000000000000000
14.905    0.000003167426701551    0.000608840998219038    0.000000000000000000    0.003876722850541557    0.002297758050942393    0.000000000000000000
14.910    0.000003134611894472    0.000602915737589668    0.000000000000000000    0.003046895522531832    0.002580211332378970    0.000000000000000000
14.915    0.000003177969475457    0.000597054982243608    0.000000000000000000    0.002167134143797712    0.002817206585840025    0.000000000000000000
14.920    0.000003275505410037    0.000591264657062194    0.000000000000000000    0.001929020446597697    0.002860939671343703    0.000000000000000000
14.925    0.000003421266855782    0.000585545855372563    0.000000000000000000    0.001339024299325036    0.002932849097266217    0.000000000000000000
14.930    0.000003600503909010    0.000579900374910364    0.000000000000000000    0.001143624272993934    0.003057096646867478    0.000000000000000000
14.935    0.000003808331569063    0.000574331321864337    0.000000000000000000    0.000946083932243961    0.002779668611969238    0.000000000000000000
14.940    0.000004039811327422    0.000568831760533608    0.000000000000000000    0.000547477261515098    0.002601141862253360    0.000000000000000000
14.945    0.000004284978017319    0.000563397227749437    0.000000000000000000    -0.000020363399271554    0.002299357991426311    0.000000000000000000
14.950    0.000004529635622234    0.000558020178915050    0.000000000000000000    -0.000301730809831138    0.001850860410655339    0.000000000000000000
14.955    0.000004766749956904    0.000552689401590931    0.000000000000000000    -0.000275997208625652    0.001356425813167812    0.000000000000000000
14.960    0.000004996964361357    0.000547392534912140    0.000000000000000000    -0.000905367341742201    0.000923528573871200    0.000000000000000000
14.965    0.000005204544582267    0.000542118756447696    0.000000000000000000    -0.001499724750442698    0.000725436731900675    0.000000000000000000
14.970    0.000005374631684416    0.000536863113901550    0.000000000000000000    -0.001863977148186976    0.000340157157671141    0.000000000000000000
14.975    0.000005498119357861    0.000531615975284345    0.000000000000000000    -0.001854058519723524    0.000052881280196773    0.000000000000000000
14.980    0.000005575255568312    0.000526370158699146    0.000000000000000000    -0.001775035984027067    -0.000027169680854103    0.000000000000000000
14.985    0.000005608015879163    0.000521123662871925    0.000000000000000000    -0.001706911929723982    -0.000128658488194808    0.000000000000000000
14.990    0.000005598103391770    0.000515873950582499    0.000000000000000000    -0.001894733963702280    -0.000167971025929504    0.000000000000000000
14.995    0.000005540822555285    0.000510620039017425    0.000000000000000000    -0.002203515113537171    -0.000133215577093754    0.000000000000000000
15.000    0.000005428453840962    0.000505362797062924    0.000000000000000000    -0.002162255522836469    -0.000211716334316478    0.000000000000000000
15.005    0.000005262028738567    0.000500100262200064    0.000000000000000000    -0.002177051909509639    -0.000141460596183966    0.000000000000000000
15.010    0.000005041177338435    0.000494834190822300    0.000000000000000000    -0.002080423413350639    -0.000045632821310711    0.000000000000000000
15.015    0.000004768315352969    0.000489566978624004    0.000000000000000000    -0.002290493138502689    -0.000170353711323977    0.000000000000000000
15.020    0.000004438191039041    0.000484295507582924    0.000000000000000000    -0.002485544611238798    -0.000287968860454395    0.000000000000000000
15.025    0.000004045928109831    0.000479016837320333    0.000000000000000000    -0.002398962559660890    -0.000256053912775413    0.000000000000000000
15.030    0.000003593691116631    0.000473731765709922    0.000000000000000000    -0.002284480700582923    -0.000177850533521293    0.000000000000000000
15.035    0.000003084342105915    0.000468442247836174    0.000000000000000000    -0.001963537488017403    -0.000262639944625508    0.000000000000000000
15.040    0.000002525904657999    0.000463146163963810    0.000000000000000000    -0.001659293674072804    -0.000460428259442536    0.000000000000000000
15.045    0.000001925984868231    0.000457838569384959    0.000000000000000000    -0.001629740764852562    -0.000548514279613208    0.000000000000000000
15.050    0.000001285321559342    0.000452517261949119    0.000000000000000000    -0.001158020314596815    -0.000769331917195408    0.000000000000000000
15.055    0.000000615707742588    0.000447176721215348    0.000000000000000000    -0.001184213423115786    -0.001133784826338417    0.000000000000000000
15.060    -0.000000083511409744    0.000441807835860920    0.000000000000000000    -0.001190209477984089    -0.001545950598887732    0.000000000000000000
15.065    -0.000000812485799025    0.000436400301741519    0.000000000000000000    -0.000810443869215638    -0.001773217260486563    0.000000000000000000
15.070    -0.000001561721285037    0.000430948437190605    0.000000000000000000    -0.000723426099416372    -0.001933808464573469    0.000000000000000000
15.075    -0.000002329042423534    0.000425448227428078    0.000000000000000000    -0.000536383158921764    -0.002092237558236950    0.000000000000000000
15.080    -0.000003109773141005    0.000419895711726594    0.000000000000000000    -0.000427404540069677    -0.002316043634488854    0.000000000000000000
15.085    -0.000003901188971977    0.000414285294934248    0.000000000000000000    -0.000098570376189698    -0.002333966266170572    0.000000000000000000
15.090    -0.000004695069062354    0.000408616528985249    0.000000000000000000    0.000411643366802148    -0.002378291818054025    0.000000000000000000
15.095    -0.000005478658068560    0.000402888305740797    0.000000000000000000    0.000764805335764589    -0.002403421448784939    0.000000000000000000
15.100    -0.000006243126941373    0.000397099996960126    0.000000000000000000    0.000918259240592535    -0.002219724431983504    0.000000000000000000
15.105    -0.000006984639333171    0.000391256195068656    0.000000000000000000    0.001070030486236374    -0.002201924265848604    0.000000000000000000
15.110    -0.000007699400962813    0.000385357345070539    0.000000000000000000    0.001278181494290005    -0.001969187540167092    0.000000000000000000
15.115    -0.000008382208055098    0.000379409265383918    0.000000000000000000    0.001507426055119174    -0.001587511581403484    0.000000000000000000
15.120    -0.000009027329496004    0.000373421497907762    0.000000000000000000    0.001569310599895262    -0.001338037247458623    0.000000000000000000
15.125    -0.000009633218171914    0.000367400279500419    0.000000000000000000    0.001561835182500992    -0.001155339807261402    0.000000000000000000
15.130    -0.000010200060968260    0.000361350177597895    0.000000000000000000    0.001896916036899407    -0.000951783358522484    0.000000000000000000
15.135    -0.000010719480863685    0.000355276281111408    0.000000000000000000    0.002345306638494224    -0.000823641072773048    0.000000000000000000
15.140    -0.000011180268093147    0.000349181793598102    0.000000000000000000    0.003041678820195001    -0.000802935339726946    0.000000000000000000
15.145    -0.000011565013352104    0.000343067232701302    0.000000000000000000    0.003402470166915660    -0.000542076986761661    0.000000000000000000
15.150    -0.000011864696856888    0.000336939119879834    0.000000000000000000    0.003971001924954031    -0.000162045207883609    0.000000000000000000
15.155    -0.000012065105313548    0.000330806955928168    0.000000000000000000    0.004654801373680319    0.000217539440007693    0.000000000000000000
15.160    -0.000012149143735867    0.000324680230462502    0.000000000000000000    0.004911024305051170    0.000715028422367415    0.000000000000000000
15.165    -0.000012110406550559    0.000318571380707396    0.000000000000000000    0.005162539869827312    0.001056210753487292    0.000000000000000000
15.170    -0.000011942605868505    0.000312488936221127    0.000000000000000000    0.005509859869087030    0.001387010791509009    0.000000000000000000
15.175    -0.000011637058689724    0.000306441167004645    0.000000000000000000    0.005784437274549737    0.001633099213824672    0.000000000000000000
15.180    -0.000011186900579080    0.000300434225268510    0.000000000000000000    0.006211599898865797    0.001823935672866633    0.000000000000000000
15.185    -0.000010581452470964    0.000294472881924196    0.000000000000000000    0.006213100050184950    0.001949575856388403    0.000000000000000000
15.190    -0.000009820676861593    0.000288560277976291    0.000000000000000000    0.006550579793177373    0.002018819435227904    0.000000000000000000
15.195    -0.000008896136757393    0.000282698144514267    0.000000000000000000    0.006387286664351496    0.002140919568181451    0.000000000000000000
15.200    -0.000007811914486584    0.000276889534041448    0.000000000000000000    0.005712245103649822    0.002335248526605556    0.000000000000000000
15.205    -0.000006584886088183    0.000271139304781794    0.000000000000000000    0.005730498691432348    0.002454842916469954    0.000000000000000000
15.210    -0.000005214595222497    0.000265450446595052    0.000000000000000000    0.005567108802058931    0.002494767536059036    0.000000000000000000
15.215    -0.000003705126636760    0.000259823957596711    0.000000000000000000    0.004610415113967653    0.002546615225323783    0.000000000000000000
15.220    -0.000002080397673173    0.000254261133979003    0.000000000000000000    0.004307620227660742    0.002637073000947079    0.000000000000000000
15.225    -0.000000347978203895    0.000248764237186319    0.000000000000000000    0.004204270491997875    0.002748681942272083    0.000000000000000000
15.230    0.000001489548027684    0.000243336057442192    0.000000000000000000    0.003798210724653454    0.002778508003922937    0.000000000000000000
15.235    0.000003422029527378    0.000237977340398163    0.000000000000000000    0.003244730529410774    0.002882589465520074    0.000000000000000000
15.240    0.000005435629290308    0.000232690688090772    0.000000000000000000    0.002173358947806158    0.003054280735354182    0.000000000000000000
15.245    0.000007503563026933    0.000227480392801764    0.000000000000000000    0.001395089320069430    0.002999369975972875    0.000000000000000000
15.250    0.000009606373996560    0.000222345081762156    0.000000000000000000    0.000761588698387701    0.003305479860450959    0.000000000000000000
15.255    0.000011728224683646    0.000217292407719060    0.000000000000000000    0.000063377810206422    0.003534436541497961    0.000000000000000000
15.260    0.000013851659815988    0.000212328094589500    0.000000000000000000    -0.000307662082218337    0.003465350829683035    0.000000000000000000
15.265    0.000015967403396274    0.000207450415230683    0.000000000000000000    -0.001150243941969300    0.003400895407447597    0.000000000000000000
15.270    0.000018054390878011    0.000202657758257052    0.000000000000000000    -0.001744160753332333    0.003604802577954766    0.000000000000000000
15.275    0.000020097774340914    0.000197955221347870    0.000000000000000000    -0.001957151569962251    0.003859897925282026    0.000000000000000000
15.280    0.000022092229014569    0.000193349181886820    0.000000000000000000    -0.002973925798738968    0.004077158422911625    0.000000000000000000
15.285    0.000024012335543255    0.000188845071386343    0.000000000000000000    -0.002867264504545502    0.004460053946967087    0.000000000000000000
15.290    0.000025860760459327    0.000184452462234540    0.000000000000000000    -0.002785376400204754    0.004796590068081689    0.000000000000000000
15.295    0.000027639550965394    0.000180179767834439    0.000000000000000000    -0.003530339997150322    0.005253513482559626    0.000000000000000000
15.300    0.000029330082971533    0.000176038411271402    0.000000000000000000    -0.004230924238090905    0.005822414179424426    0.000000000000000000
15.305    0.000030914841871719    0.000172042615062850    0.000000000000000000    -0.004682400349323293    0.006130906338024404    0.000000000000000000
15.310    0.000032382540763172    0.000168200091512749    0.000000000000000000    -0.004818516792523347    0.006508633022847370    0.000000000000000000
15.315    0.000033729776734812    0.000164520283788220    0.000000000000000000    -0.005320683899008940    0.007042546216114729    0.000000000000000000
15.320    0.000034943995608977    0.000161016539719093    0.000000000000000000    -0.005388377469333889    0.007255054885346333    0.000000000000000000
15.325    0.000036023505046409    0.000157694172022100    0.000000000000000000    -0.005399046547328282    0.007399101899141416    0.000000000000000000
15.330    0.000036968038320157    0.000154556781872585    0.000000000000000000    -0.006309566195075928    0.007723212195768830    0.000000000000000000
15.335    0.000037754832439028    0.000151612472027965    0.000000000000000000    -0.006667078997843337    0.007638688888044181    0.000000000000000000
15.340    0.000038374949582954    0.000148859129405545    0.000000000000000000    -0.006453966863799161    0.007633136320158449    0.000000000000000000
15.345    0.000038833717555284    0.000146296615191130    0.000000000000000000    -0.006211182811475645    0.007477093546950442    0.000000000000000000
15.350    0.000039137205957328    0.000143921028315389    0.000000000000000000    -0.005973531096024789    0.007083657473531740    0.000000000000000000
15.355    0.000039291356081970    0.000141722532876485    0.000000000000000000    -0.005783104283808295    0.006828679375551648    0.000000000000000000
15.360    0.000039300928599518    0.000139694754421971    0.000000000000000000    -0.005023189588639759    0.006394105749395846    0.000000000000000000
15.365    0.000039184921377350    0.000137826828611191    0.000000000000000000    -0.004598510850216755    0.005767222745974064    0.000000000000000000
15.370    0.000038953951383926    0.000136103083369061    0.000000000000000000    -0.004215334332687091    0.005156882785539198    0.000000000000000000
15.375    0.000038617598032185    0.000134508260196569    0.000000000000000000    -0.003044516061858130    0.004445527984544163    0.000000000000000000
15.380    0.000038205131778898    0.000133024575223691    0.000000000000000000    -0.001893429113813050    0.003702984695142658    0.000000000000000000
15.385    0.000037745329797765    0.000131633464868192    0.000000000000000000    -0.000840086637634674    0.003181327237518220    0.000000000000000000
15.390    0.000037264525650691    0.000130321887693630    0.000000000000000000    0.000514415349339844    0.002570015402419273    0.000000000000000000
15.395    0.000036796581887351    0.000129074560904129    0.000000000000000000    0.001995351073385556    0.001926745584558470    0.000000000000000000
15.400    0.000036378521900846    0.000127875402754242    0.000000000000000000    0.002482001792379065    0.001325021827591538    0.000000000000000000
15.405    0.000036022511959150    0.000126709370150044    0.000000000000000000    0.003057930122276394    0.000781658492719599    0.000000000000000000
15.410    0.000035742950270510    0.000125562879008165    0.000000000000000000    0.003758822487863380    0.000314507252202221    0.000000000000000000
15.415    0.000035557359144068    0.000124424250547591    0.000000000000000000    0.003994728496449040    -0.000156764538631043    0.000000000000000000
15.420    0.000035471636230037    0.000123281702973551    0.000000000000000000    0.004825638912139688    -0.000299496469549545    0.000000000000000000
15.425    0.000035506554288809    0.000122131667987772    0.000000000000000000    0.005720946091195911    -0.000301119004945515    0.000000000000000000
15.430    0.000035684495999861    0.000120974105026869    0.000000000000000000    0.006156334740657989    -0.000469795863969899    0.000000000000000000
15.435    0.000036016346079430    0.000119804797169368    0.000000000000000000    0.006786073823675687    -0.000710708619836324    0.000000000000000000
15.440    0.000036517848004590    0.000118617721596370    0.000000000000000000    0.007262411402924869    -0.000672814899656390    0.000000000000000000
15.445    0.000037200910214824    0.000117413825650881    0.000000000000000000    0.008131448958430525    -0.000605165469255362    0.000000000000000000
15.450    0.000038087258649018    0.000116194800568660    0.000000000000000000    0.008154347605800335    -0.000290702413418458    0.000000000000000000
15.455    0.000039177465773357    0.000114968507926105    0.000000000000000000    0.008044463979622158    -0.000226098323333613    0.000000000000000000
15.460    0.000040468784497187    0.000113736562825465    0.000000000000000000    0.008361344663503436    -0.000200108666079503    0.000000000000000000
15.465    0.000041969136837605    0.000112499615008174    0.000000000000000000    0.007896251145556954    -0.000145585852137317    0.000000000000000000
15.470    0.000043666895456661    0.000111259027544579    0.000000000000000000    0.007471301485247950    -0.000366569056087099    0.000000000000000000
15.475    0.000045551436612849    0.000110009275854583    0.000000000000000000    0.007025607972440317    -0.000396074346960935    0.000000000000000000
15.480    0.000047611617968347    0.000108749622305912    0.000000000000000000    0.006497115129812912    -0.000372666235337843    0.000000000000000000
15.485    0.000049834227202091    0.000107480652101358    0.000000000000000000    0.005973249873728362    -0.000407322302200673    0.000000000000000000
15.490    0.000052206167682678    0.000106201498839248    0.000000000000000000    0.005272082012017796    -0.000287472207735444    0.000000000000000000
15.495    0.000054709910213566    0.000104915158771945    0.000000000000000000    0.004656969434416007    -0.000129944256016773    0.000000000000000000
15.500    0.000057330076980314    0.000103625570098242    0.000000000000000000    0.004523299256092817    -0.000207110376433044    0.000000000000000000
15.505    0.000060063326228464    0.000102330803665128    0.000000000000000000    0.004350179014622323    -0.000208425105617939    0.000000000000000000
15.510    0.000062905329951980    0.000101030826604374    0.000000000000000000    0.003675859273981309    0.000136215721200966    0.000000000000000000
15.515    0.000065839230157346    0.000099734254936650    0.000000000000000000    0.002894987127972926    0.000327925248979374    0.000000000000000000
15.520    0.000068845505040910    0.000098445881400150    0.000000000000000000    0.002966217505881875    0.000485347816080997    0.000000000000000000
15.525    0.000071925935362122    0.000097169641559052    0.000000000000000000    0.003149357723724157    0.000976756540114814    0.000000000000000000
15.530    0.000075085099626427    0.000095917820631457    0.000000000000000000    0.002846972244239469    0.001346272370311903    0.000000000000000000
15.535    0.000078315438196838    0.000094699656513120    0.000000000000000000    0.002520886163434946    0.001577206006256977    0.000000000000000000
15.540    0.000081608798921335    0.000093520922544939    0.000000000000000000    0.002431269896737451    0.001919176700864843    0.000000000000000000
15.545    0.000084962941393250    0.000092390167994280    0.000000000000000000    0.002434280535250572    0.002389611869089352    0.000000000000000000
15.550    0.000088377940878546    0.000091319153740348    0.000000000000000000    0.002228921685304311    0.002783085733269785    0.000000000000000000
15.555    0.000091848663405975    0.000090317716629748    0.000000000000000000    0.002083996935959512    0.003196316596901921    0.000000000000000000
15.560    0.000095371485856803    0.000089396187434070    0.000000000000000000    0.001818774691097732    0.003547245744068119    0.000000000000000000
15.565    0.000098939777674909    0.000088563339381994    0.000000000000000000    0.001351550109131880    0.003824301566835451    0.000000000000000000
15.570    0.000102541858245742    0.000087826098869089    0.000000000000000000    0.001574323643808214    0.004113467295090026    0.000000000000000000
15.575    0.000106183296907671    0.000087191695038561    0.000000000000000000    0.001946564796702311    0.004327665987406758    0.000000000000000000
15.580    0.000109873399689518    0.000086665482857719    0.000000000000000000    0.002054060506253359    0.004384325961140530    0.000000000000000000
15.585    0.000113614853984021    0.000086248878825905    0.000000000000000000    0.002398475604172175    0.004781233864959442    0.000000000000000000
15.590    0.000117416270168628    0.000085951805640715    0.000000000000000000    0.002619664646494020    0.005176455422248815    0.000000000000000000
15.595    0.000121283177969398    0.000085784143841081    0.000000000000000000    0.002530177817458828    0.005218456997924939    0.000000000000000000
15.600    0.000125213340215604    0.000085746943466395    0.000000000000000000    0.002142042496411888    0.005413972199980036    0.000000000000000000
15.605    0.000129197053524220    0.000085845092396709    0.000000000000000000    0.001757990766083125    0.005522512614576755    0.000000000000000000
15.610    0.000133224716601988    0.000086081304142387    0.000000000000000000    0.001772479997153497    0.005324178518482025    0.000000000000000000
15.615    0.000137296691679685    0.000086450620351027    0.000000000000000000    0.001714664225431484    0.005324383194494492    0.000000000000000000
15.620    0.000141411533363018    0.000086953046139530    0.000000000000000000    0.001502720549153560    0.005252408879431909    0.000000000000000000
15.625    0.000145563943060080    0.000087586782150018    0.000000000000000000    0.001447506997474726    0.005028085775044748    0.000000000000000000
15.630    0.000149752540432079    0.000088346220304882    0.000000000000000000    0.001460273625036694    0.004976822657411554    0.000000000000000000
15.635    0.000153977644644704    0.000089230079026182    0.000000000000000000    0.001446589426132468    0.004489338725245651    0.000000000000000000
15.640    0.000158238913592982    0.000090226171215613    0.000000000000000000    0.000997671418909597    0.004109852203912768    0.000000000000000000
15.645    0.000162525124326732    0.000091325009710142    0.000000000000000000    0.000769738510503692    0.003740901833264982    0.000000000000000000
15.650    0.000166830578523245    0.000092517370750502    0.000000000000000000    0.000563235957759490    0.003241141935862333    0.000000000000000000
15.655    0.000171150113618703    0.000093790760339259    0.000000000000000000    0.000123957345825538    0.002687859175373665    0.000000000000000000
15.660    0.000175472747647806    0.000095131346407400    0.000000000000000000    0.000026649440469043    0.002228630873580650    0.000000000000000000
15.665    0.000179796047912920    0.000096527648247381    0.000000000000000000    0.000032702992249986    0.001681621115708467    0.000000000000000000
15.670    0.000184120165752841    0.000097965990615255    0.000000000000000000    -0.000170058641745397    0.000959735007794783    0.000000000000000000
15.675    0.000188440032126718    0.000099428326358323    0.000000000000000000    -0.000269692094943211    0.000723046220227515    0.000000000000000000
15.680    0.000192753156198222    0.000100908738256897    0.000000000000000000    -0.000541287521986641    0.000469013541472101    0.000000000000000000
15.685    0.000197052748081676    0.000102400875494008    0.000000000000000000    -0.000943369443996440    0.000006053067131188    0.000000000000000000
15.690    0.000201328755729030    0.000103893164057797    0.000000000000000000    -0.001139872456747950    -0.000343138402562394    0.000000000000000000
15.695    0.000205576266564965    0.000105376874161522    0.000000000000000000    -0.001358447973111646    -0.000607152730134220    0.000000000000000000
15.700    0.000209789816201573    0.000106845405446994    0.000000000000000000    -0.001596433243576624    -0.001037151395763504    0.000000000000000000
15.705    0.000213963455007091    0.000108288007947571    0.000000000000000000    -0.001761685542032076    -0.001217045588380373    0.000000000000000000
15.710    0.000218093051674059    0.000109700184308439    0.000000000000000000    -0.002385690884937298    -0.001375478853301378    0.000000000000000000
15.715    0.000222163006068902    0.000111077973697975    0.000000000000000000    -0.002933738543085731    -0.001464745432770372    0.000000000000000000
15.720    0.000226159617000169    0.000112419144451691    0.000000000000000000    -0.002961072151550469    -0.001370478637178064    0.000000000000000000
15.725    0.000230082201127647    0.000113726053239478    0.000000000000000000    -0.003289803742603575    -0.001610051734903125    0.000000000000000000
15.730    0.000233922540161560    0.000114992710733892    0.000000000000000000    -0.003643766238491716    -0.001801230149654168    0.000000000000000000
15.735    0.000237671785039511    0.000116214337474565    0.000000000000000000    -0.003736894621098183    -0.002124206899034088    0.000000000000000000
15.740    0.000241327607551934    0.000117382859042762    0.000000000000000000    -0.004089319398973505    -0.002347990579908339    0.000000000000000000
15.745    0.000244881197079383    0.000118492680846462    0.000000000000000000    -0.004393768855999588    -0.002636203140556222    0.000000000000000000
15.750    0.000248324942385432    0.000119536597571647    0.000000000000000000    -0.004799165638901676    -0.003033617300864772    0.000000000000000000
15.755    0.000251648708550508    0.000120504673864311    0.000000000000000000    -0.005393861740785304    -0.003259545805570367    0.000000000000000000
15.760    0.000254837628172065    0.000121391261511836    0.000000000000000000    -0.005661614568845588    -0.003646731302316066    0.000000000000000000
15.765    0.000257885007429400    0.000122186680876802    0.000000000000000000    -0.005989572479556896    -0.003731334890043738    0.000000000000000000
15.770    0.000260782647374747    0.000122888816869518    0.000000000000000000    -0.006400456156545851    -0.003763672677224847    0.000000000000000000
15.775    0.000263520275916180    0.000123496861045303    0.000000000000000000    -0.007056555772311061    -0.003918832144659493    0.000000000000000000
15.780    0.000266081490563305    0.000124006934417471    0.000000000000000000    -0.007477487288193394    -0.003923297279640001    0.000000000000000000
15.785    0.000268455768028226    0.000124418925357649    0.000000000000000000    -0.007735933143814856    -0.003869297685601090    0.000000000000000000
15.790    0.000270636647164551    0.000124734183855686    0.000000000000000000    -0.007916242158387266    -0.003697382205656869    0.000000000000000000
15.795    0.000272619620246916    0.000124957007798582    0.000000000000000000    -0.008207462152951851    -0.003535105168280591    0.000000000000000000
15.800    0.000274397406775457    0.000125091454112271    0.000000000000000000    -0.008211183530689066    -0.003070032819877007    0.000000000000000000
15.805    0.000275969913715732    0.000125149149605464    0.000000000000000000    -0.008314561464929388    -0.002393443371837348    0.000000000000000000
15.810    0.000277334556619383    0.000125147009014360    0.000000000000000000    -0.008426367453639311    -0.001664774141417599    0.000000000000000000
15.815    0.000278488540336693    0.000125103249069720    0.000000000000000000    -0.008606798372278422    -0.000846527818431416    0.000000000000000000
15.820    0.000279427354094696    0.000125038325929620    0.000000000000000000    -0.008803894588234589    -0.000231875501952462    0.000000000000000000
15.825    0.000280146070487993    0.000124967605901971    0.000000000000000000    -0.008965093390659457    0.000366296380821486    0.000000000000000000
15.830    0.000280640659546524    0.000124906043283843    0.000000000000000000    -0.009345143175240773    0.000902601126359735    0.000000000000000000
15.835    0.000280901620025674    0.000124867045693874    0.000000000000000000    -0.009247265162980970    0.001412706131366601    0.000000000000000000
15.840    0.000280931398875749    0.000124863365757189    0.000000000000000000    -0.008720471469660877    0.002035260471862236    0.000000000000000000
15.845    0.000280743165939083    0.000124910567332300    0.000000000000000000    -0.008889081345518201    0.002626029552900856    0.000000000000000000
15.850    0.000280332705968778    0.000125023419646234    0.000000000000000000    -0.008596998621478082    0.003223588528017234    0.000000000000000000
15.855    0.000279707321032937    0.000125216861673368    0.000000000000000000    -0.008221803152587501    0.003552178467228174    0.000000000000000000
15.860    0.000278876391018281    0.000125499108162183    0.000000000000000000    -0.008065682046321139    0.003989051145347321    0.000000000000000000
15.865    0.000277843818952467    0.000125881080929632    0.000000000000000000    -0.007644878883203421    0.004395859768659615    0.000000000000000000
15.870    0.000276620124914573    0.000126372950191297    0.000000000000000000    -0.006831334270632552    0.004702377215042930    0.000000000000000000
15.875    0.000275225647519914    0.000126982378883338    0.000000000000000000    -0.006355294037278022    0.005172558090890894    0.000000000000000000
15.880    0.000273672287774322    0.000127721121527652    0.000000000000000000    -0.006041505380717776    0.005572737199550015    0.000000000000000000
15.885    0.000271967890394212    0.000128599182601954    0.000000000000000000    -0.005363647224219514    0.006028025680503667    0.000000000000000000
15.890    0.000270129401833497    0.000129627944318269    0.000000000000000000    -0.005019500871885837    0.006358633061729919    0.000000000000000000
15.895    0.000268165425750984    0.000130815671861127    0.000000000000000000    -0.004150450225283778    0.006613367509127445    0.000000000000000000
15.900    0.000266097688412840    0.000132168733591714    0.000000000000000000    -0.003666816888753949    0.006957784254101691    0.000000000000000000
15.905    0.000263938280652477    0.000133695739928652    0.000000000000000000    -0.003390941110776799    0.007184118205872097    0.000000000000000000
15.910    0.000261694099364344    0.000135402349220738    0.000000000000000000    -0.003444115751474394    0.007459267275344676    0.000000000000000000
15.915    0.000259363815182424    0.000137295440194707    0.000000000000000000    -0.003718352705149586    0.007618241075435473    0.000000000000000000
15.920    0.000256940572182876    0.000139378987195563    0.000000000000000000    -0.003644797086858453    0.007574221067429979    0.000000000000000000
15.925    0.000254426209256156    0.000141651889723104    0.000000000000000000    -0.003568357436253139    0.007365813442966910    0.000000000000000000
15.930    0.000251822637393530    0.000144108937586719    0.000000000000000000    -0.003712981731227895    0.006969247823496649    0.000000000000000000
15.935    0.000249126240987623    0.000146740216645921    0.000000000000000000    -0.003371224105131430    0.006367519786437811    0.000000000000000000
15.940    0.000246345563979088    0.000149530683699785    0.000000000000000000    -0.003055232056276176    0.005707248558862272    0.000000000000000000
15.945    0.000243488506169146    0.000152463831967620    0.000000000000000000    -0.002856462775384719    0.004888426532654016    0.000000000000000000
15.950    0.000240560036789820    0.000155519190898771    0.000000000000000000    -0.002809221752080125    0.004027014758374190    0.000000000000000000
15.955    0.000237561336866691    0.000158675225198882    0.000000000000000000    -0.002453697869140431    0.003097987932913727    0.000000000000000000
15.960    0.000234501294496834    0.000161908709197315    0.000000000000000000    -0.002246368481659483    0.001913970797741979    0.000000000000000000
15.965    0.000231385092914935    0.000165190042465692    0.000000000000000000    -0.002039303412585108    0.000844337465246130    0.000000000000000000
15.970    0.000228217908747722    0.000168492484170701    0.000000000000000000    -0.002008543150705143    -0.000358247742658201    0.000000000000000000
15.975    0.000225000511001741    0.000171785969682142    0.000000000000000000    -0.001980861968603866    -0.001637259397430698    0.000000000000000000
15.980    0.000221733591706545    0.000175038523708648    0.000000000000000000    -0.002312670365040796    -0.002742818964026825    0.000000000000000000
15.985    0.000218408855652223    0.000178222507261054    0.000000000000000000    -0.002185738565538189    -0.003753762609363031    0.000000000000000000
15.990    0.000215029476133763    0.000181312646748225    0.000000000000000000    -0.001549534693593866    -0.004928445167409843    0.000000000000000000
15.995    0.000211611358247963    0.000184279575106211    0.000000000000000000    -0.000916157870696878    -0.005956992082002807    0.000000000000000000
16.000    0.000208170336415395    0.000187097578662147    0.000000000000000000    -0.000013654581112717    -0.006808529984614429    0.000000000000000000
16.005    0.000204728973218299    0.000189745368968468    0.000000000000000000    0.000394489046888838    -0.007618239149635459    0.000000000000000000
16.010    0.000201297472247376    0.000192202703296048    0.000000000000000000    0.000299976996880795    -0.008117964940182855    0.000000000000000000
16.015    0.000197873470701375    0.000194457088500123    0.000000000000000000    0.000459505755295896    -0.008640052723991052    0.000000000000000000
16.020    0.000194460956799256    0.000196495472386098    0.000000000000000000    0.000808568837493530    -0.008910021321122379    0.000000000000000000
16.025    0.000191068657118074    0.000198311105739045    0.000000000000000000    0.000719578172600011    -0.008876706555203560    0.000000000000000000
16.030    0.000187694346891208    0.000199904821428113    0.000000000000000000    0.000974246393637204    -0.008616597869842745    0.000000000000000000
16.035    0.000184344392824182    0.000201283122170434    0.000000000000000000    0.001754036752368371    -0.008216254402589615    0.000000000000000000
16.040    0.000181038289675966    0.000202456016552690    0.000000000000000000    0.002472063266455334    -0.007723883259242717    0.000000000000000000
16.045    0.000177793988109411    0.000203435813853466    0.000000000000000000    0.002989458861619608    -0.007192940715781146    0.000000000000000000
16.050    0.000174624423014396    0.000204235787636346    0.000000000000000000    0.003229937760126271    -0.006684846423708323    0.000000000000000000
16.055    0.000171535606363385    0.000204868640258635    0.000000000000000000    0.003380363111051736    -0.005973189943701655    0.000000000000000000
16.060    0.000168531298790150    0.000205352163132330    0.000000000000000000    0.003627063775662022    -0.005227271467983735    0.000000000000000000
16.065    0.000165617667811306    0.000205705004219326    0.000000000000000000    0.003559285842469903    -0.004393259282626507    0.000000000000000000
16.070    0.000162793018978525    0.000205948013824256    0.000000000000000000    0.004047036911125059    -0.003423230899196909    0.000000000000000000
16.075    0.000160069546068521    0.000206105442656707    0.000000000000000000    0.004567815739632336    -0.002391922590372179    0.000000000000000000
16.080    0.000157460268552008    0.000206203073424398    0.000000000000000000    0.004644528021529107    -0.001481442133476974    0.000000000000000000
16.085    0.000154967104236033    0.000206263668138752    0.000000000000000000    0.005152529980662676    -0.000732705029663373    0.000000000000000000
16.090    0.000152602753169575    0.000206305945227365    0.000000000000000000    0.005440570131160167    -0.000081761971898854    0.000000000000000000
16.095    0.000150374416356396    0.000206346178266680    0.000000000000000000    0.005525513212931068    0.000673424939180711    0.000000000000000000
16.100    0.000148284217373541    0.000206403246929475    0.000000000000000000    0.005699329696745668    0.001160640209137706    0.000000000000000000
16.105    0.000146336501633103    0.000206489331597498    0.000000000000000000    0.005668631760480207    0.001554041140022994    0.000000000000000000
16.110    0.000144530501686678    0.000206614267294021    0.000000000000000000    0.005520826458314939    0.001876878956409657    0.000000000000000000
16.115    0.000142862522401711    0.000206786124964455    0.000000000000000000    0.005496384381723082    0.002286642602478389    0.000000000000000000
16.120    0.000141331952726287    0.000207015148699951    0.000000000000000000    0.005439381284179238    0.002749416144908921    0.000000000000000000
16.125    0.000139937367582967    0.000207312907839070    0.000000000000000000    0.005289053823975993    0.003022235971465335    0.000000000000000000
16.130    0.000138675008785247    0.000207686222877475    0.000000000000000000    0.004965555468359681    0.003149431521385932    0.000000000000000000
16.135    0.000137536788874236    0.000208138273703915    0.000000000000000000    0.004347846960747227    0.003224446626494491    0.000000000000000000
16.140    0.000136507265137243    0.000208670935696017    0.000000000000000000    0.003779350432445193    0.003068696934403585    0.000000000000000000
16.145    0.000135572225161061    0.000209280315111479    0.000000000000000000    0.003094927655038432    0.003062022996321717    0.000000000000000000
16.150    0.000134714558376256    0.000209966245101850    0.000000000000000000    0.002892771927213555    0.002868887660821638    0.000000000000000000
16.155    0.000133929210889631    0.000210723897283740    0.000000000000000000    0.002719284314318168    0.002418153806583914    0.000000000000000000
16.160    0.000133211845510863    0.000211542003310796    0.000000000000000000    0.002490903332016568    0.002032681819786296    0.000000000000000000
16.165    0.000132556752715397    0.000212410926383346    0.000000000000000000    0.002225369697609995    0.001660503855238898    0.000000000000000000
16.170    0.000131957294162370    0.000213321362052277    0.000000000000000000    0.002160814804157704    0.001259307075259300    0.000000000000000000
16.175    0.000131411855979447    0.000214263280398090    0.000000000000000000    0.001844872667311655    0.000977281772809608    0.000000000000000000
16.180    0.000130912539613208    0.000215229630788223    0.000000000000000000    0.001545983306695548    0.000653391739040710    0.000000000000000000
16.185    0.000130451872829635    0.000216212315971832    0.000000000000000000    0.001049766063084207    0.000132868559459941    0.000000000000000000
16.190    0.000130017450197640    0.000217198322869427    0.000000000000000000    0.001102384823385835    -0.000135797911910655    0.000000000000000000
16.195    0.000129610587186229    0.000218180934819224    0.000000000000000000    0.001313665366915176    -0.000448656642859559    0.000000000000000000
16.200    0.000129236565808991    0.000219152330352951    0.000000000000000000    0.001657390289848144    -0.001023743919377875    0.000000000000000000
16.205    0.000128903979189000    0.000220098132288692    0.000000000000000000    0.002025161351743498    -0.001536826063693476    0.000000000000000000
16.210    0.000128622021602802    0.000221005513572842    0.000000000000000000    0.002291680422563530    -0.001970976153088059    0.000000000000000000
16.215    0.000128397356027168    0.000221863620453164    0.000000000000000000    0.002477015951516445    -0.002231668488424012    0.000000000000000000
16.220    0.000128234615850322    0.000222665935621275    0.000000000000000000    0.002715299894939533    -0.002433062331268871    0.000000000000000000
16.225    0.000128139758170849    0.000223407424231105    0.000000000000000000    0.003129661021547981    -0.002692248953898614    0.000000000000000000
16.230    0.000128123142016915    0.000224081606617087    0.000000000000000000    0.003315983545932027    -0.003017182473191195    0.000000000000000000
16.235    0.000128189425451630    0.000224680359441240    0.000000000000000000    0.003346445373462927    -0.003172854662845124    0.000000000000000000
16.240    0.000128339370020681    0.000225199790898821    0.000000000000000000    0.003574405013072888    -0.003210618338777118    0.000000000000000000
16.245    0.000128578674715059    0.000225638956897933    0.000000000000000000    0.003980772299486514    -0.003317346462156133    0.000000000000000000
16.250    0.000128917498716924    0.000225995189235491    0.000000000000000000    0.003798405733742563    -0.003340853097799114    0.000000000000000000
16.255    0.000129351282862132    0.000226267900245605    0.000000000000000000    0.003736799236514704    -0.003258485532136104    0.000000000000000000
16.260    0.000129878486988254    0.000226459149117414    0.000000000000000000    0.003686516388092583    -0.003111847373677822    0.000000000000000000
16.265    0.000130497854024077    0.000226572601804882    0.000000000000000000    0.003572993071770079    -0.003132836742443003    0.000000000000000000
16.270    0.000131206545886695    0.000226607733573789    0.000000000000000000    0.003333366899622991    -0.003142188160877102    0.000000000000000000
16.275    0.000131998571921804    0.000226564310638673    0.000000000000000000    0.003075591020831620    -0.003106684017758782    0.000000000000000000
16.280    0.000132867487732433    0.000226443220603114    0.000000000000000000    0.002788593837904077    -0.002938985270527347    0.000000000000000000
16.285    0.000133806118389010    0.000226248655935792    0.000000000000000000    0.002364554383660865    -0.002836413006069216    0.000000000000000000
16.290    0.000134803862905179    0.000225983180943318    0.000000000000000000    0.001966786819984547    -0.002861192038907398    0.000000000000000000
16.295    0.000135850777091847    0.000225646176149871    0.000000000000000000    0.001840429249876444    -0.002996790837839344    0.000000000000000000
16.300    0.000136943702009762    0.000225234251585478    0.000000000000000000    0.001524021258257017    -0.002889864708947518    0.000000000000000000
16.305    0.000138074727459133    0.000224750080403362    0.000000000000000000    0.001483954665798927    -0.002924491378457740    0.000000000000000000
16.310    0.000139242851775150    0.000224192796936784    0.000000000000000000    0.001316474583561373    -0.003069794102956427    0.000000000000000000
16.315    0.000140443887955755    0.000223558768617632    0.000000000000000000    0.000889503273783987    -0.003289258606863641    0.000000000000000000
16.320    0.000141667161718205    0.000222842508833309    0.000000000000000000    0.000607594234946530    -0.003588389851307168    0.000000000000000000
16.325    0.000142905625336529    0.000222036539302702    0.000000000000000000    0.000682094867713407    -0.003743277397169099    0.000000000000000000
16.330    0.000144161141326546    0.000221136987837167    0.000000000000000000    0.000653964929463787    -0.003788761847722940    0.000000000000000000
16.335    0.000145433006439799    0.000220142717325439    0.000000000000000000    0.000908622304545770    -0.003787342963639364    0.000000000000000000
16.340    0.000146727587110666    0.000219053763239619    0.000000000000000000    0.001192308961006638    -0.003820400446888621    0.000000000000000000
16.345    0.000148051975505558    0.000217869299142628    0.000000000000000000    0.001580728950359217    -0.003945004169398974    0.000000000000000000
16.350    0.000149415882124208    0.000216586209941401    0.000000000000000000    0.001898894692860340    -0.004120616747432023    0.000000000000000000
16.355    0.000150827261110181    0.000215200105321489    0.000000000000000000    0.001998632517249748    -0.004291613992748371    0.000000000000000000
16.360    0.000152288605909085    0.000213706710351758    0.000000000000000000    0.001702486521839870    -0.004604746751137555    0.000000000000000000
16.365    0.000153792512871034    0.000212098196713248    0.000000000000000000    0.001958133536745935    -0.004506034427702917    0.000000000000000000
16.370    0.000155345373171403    0.000210377032214046    0.000000000000000000    0.002230264976939463    -0.004504219110726317    0.000000000000000000
16.375    0.000156953990096194    0.000208543262237076    0.000000000000000000    0.002441422423053296    -0.004310567356125830    0.000000000000000000
16.380    0.000158623642581563    0.000206601728076202    0.000000000000000000    0.002644687526028510    -0.004220424668834478    0.000000000000000000
16.385    0.000160359412255081    0.000204554683298608    0.000000000000000000    0.002817784421305048    -0.004126797763746035    0.000000000000000000
16.390    0.000162165626539133    0.000202404468576920    0.000000000000000000    0.003297206514537437    -0.003874086960923987    0.000000000000000000
16.395    0.000164054270986048    0.000200157401681209    0.000000000000000000    0.002965341557736477    -0.003834914652766372    0.000000000000000000
16.400    0.000166017048971906    0.000197814461919179    0.000000000000000000    0.003030739323220703    -0.003538927411092562    0.000000000000000000
16.405    0.000168055595440845    0.000195383048971872    0.000000000000000000    0.003478229704795667    -0.003569097774130947    0.000000000000000000
16.410    0.000170181097652404    0.000192862408580211    0.000000000000000000    0.003535134937858236    -0.003546568800797800    0.000000000000000000
16.415    0.000172394978237409    0.000190253103968530    0.000000000000000000    0.003242436785600832    -0.003442004955021404    0.000000000000000000
16.420    0.000174689919742054    0.000187557749232974    0.000000000000000000    0.002769168339545767    -0.003308969294619005    0.000000000000000000
16.425    0.000177054090455188    0.000184779670265052    0.000000000000000000    0.002792628907521922    -0.003203519048949237    0.000000000000000000
16.430    0.000179488076891010    0.000181921503320907    0.000000000000000000    0.002895312919463065    -0.003104963152374997    0.000000000000000000
16.435    0.000181994446149819    0.000178985712297952    0.000000000000000000    0.002683767863136208    -0.003167410849122835    0.000000000000000000
16.440    0.000184567909605206    0.000175970736003769    0.000000000000000000    0.002740656587451283    -0.003238598559287447    0.000000000000000000
16.445    0.000187209889475279    0.000172874794745604    0.000000000000000000    0.002743344494708080    -0.003292432735098197    0.000000000000000000
16.450    0.000189920452957720    0.000169696542669061    0.000000000000000000    0.002501348561206613    -0.003335303872363396    0.000000000000000000
16.455    0.000192693550154191    0.000166434907995710    0.000000000000000000    0.002251596157389936    -0.003220193528730110    0.000000000000000000
16.460    0.000195522937254596    0.000163092768484140    0.000000000000000000    0.002101227443063094    -0.003190497658839405    0.000000000000000000
16.465    0.000198404855041079    0.000159670866531099    0.000000000000000000    0.001763926407761813    -0.003374157649953420    0.000000000000000000
16.470    0.000201330870987755    0.000156164610636809    0.000000000000000000    0.001802301101017784    -0.003630336037957135    0.000000000000000000
16.475    0.000204301944461957    0.000152567596341571    0.000000000000000000    0.001804896943209157    -0.003716501373929098    0.000000000000000000
16.480    0.000207318140359739    0.000148877669511984    0.000000000000000000    0.001291098030426060    -0.003647741527214050    0.000000000000000000
16.485    0.000210366613708282    0.000145096549144217    0.000000000000000000    0.001496422240721690    -0.003736758952193686    0.000000000000000000
16.490    0.000213452497612843    0.000141222009802645    0.000000000000000000    0.001383605293440136    -0.003744446836663343    0.000000000000000000
16.495    0.000216572971649740    0.000137253859290156    0.000000000000000000    0.000655556457356335    -0.003572558407715113    0.000000000000000000
16.500    0.000219709834598070    0.000133196394817475    0.000000000000000000    0.000053833754029000    -0.003663990652015819    0.000000000000000000
16.505    0.000222848043390252    0.000129047330578493    0.000000000000000000    -0.000528211076476466    -0.003687235251562853    0.000000000000000000
16.510    0.000225973046905521    0.000124806085458222    0.000000000000000000    -0.000710485474992792    -0.003251988709501111    0.000000000000000000
16.515    0.000229080288283916    0.000120483540620213    0.000000000000000000    -0.001211283958461006    -0.003050244651683128    0.000000000000000000
16.520    0.000232157247563349    0.000116084739665913    0.000000000000000000    -0.001402943072106909    -0.002665366741428027    0.000000000000000000
16.525    0.000235199133265980    0.000111619304543076    0.000000000000000000    -0.001555317217968562    -0.002163613857887386    0.000000000000000000
16.530    0.000238202136038161    0.000107099779073793    0.000000000000000000    -0.001755824822650487    -0.001757281641515248    0.000000000000000000
16.535    0.000241161243189776    0.000102536321563472    0.000000000000000000    -0.001839038153957431    -0.001467366043135369    0.000000000000000000
16.540    0.000244074374387542    0.000097936179902072    0.000000000000000000    -0.002041803484674563    -0.001045450129563263    0.000000000000000000
16.545    0.000246936460498191    0.000093309901987433    0.000000000000000000    -0.002070770199259254    -0.000582425173590510    0.000000000000000000
16.550    0.000249746777353859    0.000088669063443455    0.000000000000000000    -0.002444110570060803    -0.000161998790641814    0.000000000000000000
16.555    0.000252495991445275    0.000084024174929710    0.000000000000000000    -0.002617336741677408    0.000083866685681670    0.000000000000000000
16.560    0.000255179772118149    0.000079381383083107    0.000000000000000000    -0.002994951761809209    0.000418257761455919    0.000000000000000000
16.565    0.000257788678996979    0.000074749047680541    0.000000000000000000    -0.003196450696805412    0.000774616479654803    0.000000000000000000
16.570    0.000260317674608387    0.000070136077689966    0.000000000000000000    -0.002998460026800657    0.001158161569158895    0.000000000000000000
16.575    0.000262771708719126    0.000065552061738621    0.000000000000000000    -0.002865884273770859    0.001502407968196891    0.000000000000000000
16.580    0.000265154095723021    0.000061005605986480    0.000000000000000000    -0.003193282966742778    0.001794680823163962    0.000000000000000000
16.585    0.000267456650652747    0.000056504017254918    0.000000000000000000    -0.003210783754543055    0.001883136556822703    0.000000000000000000
16.590    0.000269678935988610    0.000052049506937277    0.000000000000000000    -0.002865632443872779    0.002089608442803288    0.000000000000000000
16.595    0.000271829580513375    0.000047647236830705    0.000000000000000000    -0.002716674274995910    0.002376219674602462    0.000000000000000000
16.600    0.000273912308181266    0.000043304372215999    0.000000000000000000    -0.002775931325867988    0.002584572154177309    0.000000000000000000
16.605    0.000275925637566010    0.000039026121905148    0.000000000000000000    -0.002865214700164230    0.003051871545089904    0.000000000000000000
16.610    0.000277867336583250    0.000034824168382923    0.000000000000000000    -0.002875529676231534    0.003439273161083209    0.000000000000000000
16.615    0.000279737147358584    0.000030708196689726    0.000000000000000000    -0.002887381176251615    0.003942596511887029    0.000000000000000000
16.620    0.000281534773604512    0.000026690789909326    0.000000000000000000    -0.002520688209683031    0.004270202510951271    0.000000000000000000
16.625    0.000283269382645198    0.000022780138191699    0.000000000000000000    -0.002823663528554905    0.004661355461079124    0.000000000000000000
16.630    0.000284933400097670    0.000018986020360600    0.000000000000000000    -0.003442542055958047    0.005076499779932219    0.000000000000000000
16.635    0.000286511353998743    0.000015318815023999    0.000000000000000000    -0.003284843771232237    0.005440138473527080    0.000000000000000000
16.640    0.000288007186805535    0.000011787613149236    0.000000000000000000    -0.003306447855619572    0.005892261105738990    0.000000000000000000
16.645    0.000289420358415937    0.000008403717802116    0.000000000000000000    -0.003307123830080441    0.006116821492078796    0.000000000000000000
16.650    0.000290750851930586    0.000005172742992299    0.000000000000000000    -0.003482442303504116    0.006236649580277655    0.000000000000000000
16.655    0.000291994284387648    0.000002097684421988    0.000000000000000000    -0.003716832643698743    0.006294109745940205    0.000000000000000000
16.660    0.000293144796028618    -0.000000820021404674    0.000000000000000000    -0.004033205644451629    0.006164630412407827    0.000000000000000000
16.665    0.000294194477528476    -0.000003583611471025    0.000000000000000000    -0.003905793398619600    0.006151527720108465    0.000000000000000000
16.670    0.000295146514193369    -0.000006193413344375    0.000000000000000000    -0.003478756361746140    0.006257494412256189    0.000000000000000000
16.675    0.000296011581949218    -0.000008646777857417    0.000000000000000000    -0.003702686800384752    0.006360916779040873    0.000000000000000000
16.680    0.000296784082535058    -0.000010941119450984    0.000000000000000000    -0.003856164208406853    0.006456404350392612    0.000000000000000000
16.685    0.000297460179015687    -0.000013074050935791    0.000000000000000000    -0.003351143827133325    0.006310842359609066    0.000000000000000000
16.690    0.000298052496900638    -0.000015049211361607    0.000000000000000000    -0.003421318813259192    0.006005643018478857    0.000000000000000000
16.695    0.000298559281815258    -0.000016874230711962    0.000000000000000000    -0.003950673416444530    0.006016548359178951    0.000000000000000000
16.700    0.000298967299894466    -0.000018548836353337    0.000000000000000000    -0.004003529900174340    0.005801400461979299    0.000000000000000000
16.705    0.000299275229726171    -0.000020078406983163    0.000000000000000000    -0.003698377152125832    0.005425351466688770    0.000000000000000000
16.710    0.000299490700129071    -0.000021472343826322    0.000000000000000000    -0.003518171988955727    0.005393124482721867    0.000000000000000000
16.715    0.000299618216232249    -0.000022731452557412    0.000000000000000000    -0.003905445164474088    0.005057716929503274    0.000000000000000000
16.720    0.000299648096206314    -0.000023864118365265    0.000000000000000000    -0.003752829429875572    0.004717754578239332    0.000000000000000000
16.725    0.000299584155444632    -0.000024878840308662    0.000000000000000000    -0.003783736953063502    0.004646531977830408    0.000000000000000000
16.730    0.000299425621259124    -0.000025777398952613    0.000000000000000000    -0.004052110454603845    0.004405615237575209    0.000000000000000000
16.735    0.000299165784312250    -0.000026565817215625    0.000000000000000000    -0.003963910623337209    0.003921848543407568    0.000000000000000000
16.740    0.000298806849599794    -0.000027256189265051    0.000000000000000000    -0.003984903625925233    0.003445842649030283    0.000000000000000000
16.745    0.000298348292296689    -0.000027860415248252    0.000000000000000000    -0.004514284234773038    0.003180802003205255    0.000000000000000000
16.750    0.000297776877887714    -0.000028385121181373    0.000000000000000000    -0.004312200274066234    0.002953778609668503    0.000000000000000000
16.755    0.000297097658471889    -0.000028835982649252    0.000000000000000000    -0.004295166238078938    0.002747836444636420    0.000000000000000000
16.760    0.000296311059900111    -0.000029218148206015    0.000000000000000000    -0.004327994831488172    0.002501341004643002    0.000000000000000000
16.765    0.000295416261457546    -0.000029537780237662    0.000000000000000000    -0.004579969985517903    0.002135260417232624    0.000000000000000000
16.770    0.000294406963765343    -0.000029804030758878    0.000000000000000000    -0.004412824792996133    0.002009251273605466    0.000000000000000000
16.775    0.000293287345453315    -0.000030020049998254    0.000000000000000000    -0.004610267092365963    0.001853325278552531    0.000000000000000000
16.780    0.000292052470463978    -0.000030189736105666    0.000000000000000000    -0.004692142226325920    0.001606785681812712    0.000000000000000000
16.785    0.000290700291918982    -0.000030319252571033    0.000000000000000000    -0.004618885634881907    0.001359094388566988    0.000000000000000000
16.790    0.000289232641233115    -0.000030414791676686    0.000000000000000000    -0.004037271342941309    0.001170480690953341    0.000000000000000000
16.795    0.000287664058763674    -0.000030481068765065    0.000000000000000000    -0.003535834962897257    0.000936514080236462    0.000000000000000000
16.800    0.000286007080420161    -0.000030523933001438    0.000000000000000000    -0.003747066331110001    0.000702112107091643    0.000000000000000000
16.805    0.000284256425418370    -0.000030549244435133    0.000000000000000000    -0.003934056006875929    0.000458896843981513    0.000000000000000000
16.810    0.000282407419016407    -0.000030563083447730    0.000000000000000000    -0.003922927704733299    0.000368955758921707    0.000000000000000000
16.815    0.000280460339421826    -0.000030567698566353    0.000000000000000000    -0.004038513906332898    0.000128314424897261    0.000000000000000000
16.820    0.000278412296979586    -0.000030569105824353    0.000000000000000000    -0.003875743575904814    -0.000210371275774122    0.000000000000000000
16.825    0.000276267360947949    -0.000030575772364248    0.000000000000000000    -0.003628436858382680    -0.000379451712127397    0.000000000000000000
16.830    0.000274031713994852    -0.000030591925196947    0.000000000000000000    -0.003435125532137186    -0.000609503527376635    0.000000000000000000
16.835    0.000271710188903452    -0.000030623315617829    0.000000000000000000    -0.003502243316898159    -0.000623368565823149    0.000000000000000000
16.840    0.000269301107729130    -0.000030670290252857    0.000000000000000000    -0.003430153816717189    -0.000687249831220248    0.000000000000000000
16.845    0.000266806272709389    -0.000030734446133666    0.000000000000000000    -0.003348580414098967    -0.000608891846575138    0.000000000000000000
16.850    0.000264227723179296    -0.000030813824310639    0.000000000000000000    -0.003113902459622991    -0.000582581959663350    0.000000000000000000
16.855    0.000261571326087712    -0.000030907767036604    0.000000000000000000    -0.003104355715062741    -0.000606350335344340    0.000000000000000000
16.860    0.000258837320103252    -0.000031016868520952    0.000000000000000000    -0.003243713910217830    -0.000578197180118418    0.000000000000000000
16.865    0.000256022221271037    -0.000031140424934803    0.000000000000000000    -0.003559385900349637    -0.000421516770346040    0.000000000000000000
16.870    0.000253118137791312    -0.000031274519267913    0.000000000000000000    -0.003703148272321804    -0.000027339138014267    0.000000000000000000
16.875    0.000250121475604780    -0.000031409297079474    0.000000000000000000    -0.003844047247825253    0.000321352681554980    0.000000000000000000
16.880    0.000247028712237052    -0.000031536041073995    0.000000000000000000    -0.004041879669762580    0.000415552265889841    0.000000000000000000
16.885    0.000243834901877580    -0.000031652396261869    0.000000000000000000    -0.004168269487367458    0.000575686660306089    0.000000000000000000
16.890    0.000240536884780924    -0.000031754359283236    0.000000000000000000    -0.004365876921543074    0.000833035870134984    0.000000000000000000
16.895    0.000237129720761229    -0.000031835496407849    0.000000000000000000    -0.004439505401782886    0.000916147153444055    0.000000000000000000
16.900    0.000233611569106489    -0.000031893729853626    0.000000000000000000    -0.004589729068306750    0.001164495907729328    0.000000000000000000
16.905    0.000229978674225042    -0.000031922850901709    0.000000000000000000    -0.004385176947807731    0.001451883731394944    0.000000000000000000
16.910    0.000226236149919900    -0.000031915674856508    0.000000000000000000    -0.004258342286605132    0.001770436888976011    0.000000000000000000
16.915    0.000222387167057592    -0.000031864237889083    0.000000000000000000    -0.004142528555108483    0.002217249153036848    0.000000000000000000
16.920    0.000218434620981407    -0.000031757369692831    0.000000000000000000    -0.004161229950156928    0.002336106707197846    0.000000000000000000
16.925    0.000214378044156468    -0.000031592098828900    0.000000000000000000    -0.004003323545827752    0.002599306170583075    0.000000000000000000
16.930    0.000210221384242884    -0.000031361845310704    0.000000000000000000    -0.004132833879658690    0.002780230045262757    0.000000000000000000
16.935    0.000205961403482307    -0.000031062086041377    0.000000000000000000    -0.004391053932912897    0.002941660655449358    0.000000000000000000
16.940    0.000201591646373408    -0.000030688785255663    0.000000000000000000    -0.004520523570682947    0.003055626486299487    0.000000000000000000
16.945    0.000197108876175242    -0.000030239093807792    0.000000000000000000    -0.004780485580828386    0.003195592356163468    0.000000000000000000
16.950    0.000192506593837555    -0.000029709512551016    0.000000000000000000    -0.004547994636117320    0.003518155731732701    0.000000000000000000
16.955    0.000187790611633966    -0.000029091977400948    0.000000000000000000    -0.004662296691671126    0.003713003218056189    0.000000000000000000
16.960    0.000182958072013084    -0.000028381617170428    0.000000000000000000    -0.004673644697239130    0.003970156911043841    0.000000000000000000
16.965    0.000178008691274772    -0.000027572003017131    0.000000000000000000    -0.004543961285654891    0.004299543734490084    0.000000000000000000
16.970    0.000172945711504318    -0.000026654900270473    0.000000000000000000    -0.004125308115783760    0.004390902206587573    0.000000000000000000
16.975    0.000167779599030969    -0.000025628024968650    0.000000000000000000    -0.004081202211554322    0.004410720681054215    0.000000000000000000
16.980    0.000162511456502332    -0.000024490881649800    0.000000000000000000    -0.003952585559805931    0.004428346704666474    0.000000000000000000
16.985    0.000157144499334699    -0.000023243029663334    0.000000000000000000    -0.003643001063707288    0.004532245967510591    0.000000000000000000
16.990    0.000151686467140474    -0.000021881871527680    0.000000000000000000    -0.003639120286115646    0.004477082243012034    0.000000000000000000
16.995    0.000146137456939096    -0.000020408786335951    0.000000000000000000    -0.002808273366484808    0.004289373250929525    0.000000000000000000
17.000    0.000140518239903556    -0.000018828466812949    0.000000000000000000    -0.002004497103856888    0.004016211207309777    0.000000000000000000
17.005    0.000134848910440419    -0.000017147742009764    0.000000000000000000    -0.001802160411122069    0.003696846756424580    0.000000000000000000
17.010    0.000129134526967005    -0.000015374596037668    0.000000000000000000    -0.000821182934066357    0.003431209604725613    0.000000000000000000
17.015    0.000123399613920238    -0.000013515669825454    0.000000000000000000    -0.000228566727868747    0.003130884478014598    0.000000000000000000
17.020    0.000117658986705275    -0.000011578471501290    0.000000000000000000    0.000037246449433818    0.002729993187331375    0.000000000000000000
17.025    0.000111919290651548    -0.000009573023347442    0.000000000000000000    0.001140716554485621    0.002472203116480543    0.000000000000000000
17.030    0.000106208112511683    -0.000007505770115683    0.000000000000000000    0.002025118000689415    0.002140637529445688    0.000000000000000000
17.035    0.000100547562321835    -0.000005385000945687    0.000000000000000000    0.002716325077593688    0.001630887913399404    0.000000000000000000
17.040    0.000094954920258927    -0.000003223459577856    0.000000000000000000    0.003482998226600302    0.001383169216685833    0.000000000000000000
17.045    0.000089449353151685    -0.000001027338979608    0.000000000000000000    0.004347123504337431    0.001141232687536412    0.000000000000000000
17.050    0.000084052464132050    0.000001197312435828    0.000000000000000000    0.004920324605518192    0.000997899914962852    0.000000000000000000
17.055    0.000078778583227553    0.000003446911349138    0.000000000000000000    0.005667142772493479    0.000647994941484288    0.000000000000000000
17.060    0.000073646380892369    0.000005712710135986    0.000000000000000000    0.006324428541336032    0.000494819640877657    0.000000000000000000
17.065    0.000068672289270718    0.000007990879413855    0.000000000000000000    0.006733076084736037    0.000227105747395252    0.000000000000000000
17.070    0.000063866524551186    0.000010274726335409    0.000000000000000000    0.007068145712288312    0.000025529347752210    0.000000000000000000
17.075    0.000059237463474461    0.000012559211490657    0.000000000000000000    0.007088371482283774    0.000012204540050152    0.000000000000000000
17.080    0.000054785611684793    0.000014844001759407    0.000000000000000000    0.007351949199648248    -0.000055379196760240    0.000000000000000000
17.085    0.000050517558625116    0.000017127407548237    0.000000000000000000    0.007390729537048253    -0.000180476669134585    0.000000000000000000
17.090    0.000046434273803865    0.000019406301420339    0.000000000000000000    0.007463580738383577    -0.000348149964827154    0.000000000000000000
17.095    0.000042537578501074    0.000021676491543320    0.000000000000000000    0.006938377249214025    -0.000573971398676527    0.000000000000000000
17.100    0.000038814342629513    0.000023932332381334    0.000000000000000000    0.006433295021387769    -0.000570603966073012    0.000000000000000000
17.105    0.000035251939133487    0.000026173908120197    0.000000000000000000    0.006182553546626534    -0.000552603443051676    0.000000000000000000
17.110    0.000031844099476127    0.000028401668772983    0.000000000000000000    0.005387019937798788    -0.000681525340936323    0.000000000000000000
17.115    0.000028570935317211    0.000030612391292246    0.000000000000000000    0.004741927524330833    -0.000802183481016835    0.000000000000000000
17.120    0.000025416319346404    0.000032803059224483    0.000000000000000000    0.004095574571954380    -0.000868338073832715    0.000000000000000000
17.125    0.000022364092739896    0.000034972018704875    0.000000000000000000    0.003213443675584754    -0.000670061521517026    0.000000000000000000
17.130    0.000019392202225277    0.000037124226647229    0.000000000000000000    0.002587008964594387    -0.000621609414214316    0.000000000000000000
17.135    0.000016484986934773    0.000039260894354227    0.000000000000000000    0.001889351918727322    -0.000653737139847462    0.000000000000000000
17.140    0.000013625005442238    0.000041381218632729    0.000000000000000000    0.001499026114274555    -0.000509374181174968    0.000000000000000000
17.145    0.000010802499602559    0.000043488808556702    0.000000000000000000    0.001413238929127522    -0.000467484540839127    0.000000000000000000
17.150    0.000008015324736108    0.000045584711367154    0.000000000000000000    0.001117686942659680    -0.000305747944210830    0.000000000000000000
17.155    0.000005256092043224    0.000047672970479000    0.000000000000000000    0.000562112935910839    -0.000012555898186125    0.000000000000000000
17.160    0.000002510912173738    0.000049760915693392    0.000000000000000000    0.000275016548402825    0.000078421013737417    0.000000000000000000
17.165    -0.000000227392282038    0.000051850821433127    0.000000000000000000    0.000340861993524943    0.000232635049610792    0.000000000000000000
17.170    -0.000002957175187976    0.000053946543049103    0.000000000000000000    0.000232359383032939    0.000302684501414952    0.000000000000000000
17.175    -0.000005681149109339    0.000056049831777614    0.000000000000000000    0.000115444238076227    0.000274803664923162    0.000000000000000000
17.180    -0.000008402236924749    0.000058159990597748    0.000000000000000000    0.000275371365203088    0.000424453011530585    0.000000000000000000
17.185    -0.000011116440456030    0.000060280760743170    0.000000000000000000    0.000377256696167360    0.000515390845763392    0.000000000000000000
17.190    -0.000013821212569906    0.000062414415659736    0.000000000000000000    0.000456603196617462    0.000407447124916856    0.000000000000000000
17.195    -0.000016514569603866    0.000064558256754426    0.000000000000000000    0.000443718222029860    0.000457389992372962    0.000000000000000000
17.200    -0.000019196833682276    0.000066713532598924    0.000000000000000000    0.000373951667335910    0.000484713423015031    0.000000000000000000
17.205    -0.000021869748969003    0.000068880926278998    0.000000000000000000    0.000275181376008498    0.000320228432116047    0.000000000000000000
17.210    -0.000024535784721329    0.000071056325669875    0.000000000000000000    0.000134711978253205    0.000277574316679416    0.000000000000000000
17.215    -0.000027198452674199    0.000073238664418669    0.000000000000000000    0.000449280357157271    0.000290246781531529    0.000000000000000000
17.220    -0.000029849888618140    0.000075428259337001    0.000000000000000000    0.000802703700426648    0.000338446864098251    0.000000000000000000
17.225    -0.000032481256969571    0.000077626315426936    0.000000000000000000    0.000499009612624766    0.000218632237817401    0.000000000000000000
17.230    -0.000035100150080686    0.000079829837322816    0.000000000000000000    -0.000047141948762350    0.000119168183232020    0.000000000000000000
17.235    -0.000037720221740519    0.000082036338423276    0.000000000000000000    -0.000410123212944518    -0.000092513102330737    0.000000000000000000
17.240    -0.000040350546480677    0.000084240526696179    0.000000000000000000    -0.000480832260802669    -0.000172624785917553    0.000000000000000000
17.245    -0.000042992892027354    0.000086440399349434    0.000000000000000000    -0.000768261997526054    0.000047918518312931    0.000000000000000000
17.250    -0.000045654444123970    0.000088641469965646    0.000000000000000000    -0.000724483620245591    0.000153637084232073    0.000000000000000000
17.255    -0.000048334108311092    0.000090846381508964    0.000000000000000000    -0.001316303479767262    0.000128622268485393    0.000000000000000000
17.260    -0.000051046680085208    0.000093054508608995    0.000000000000000000    -0.002144049426113523    0.000059223751660165    0.000000000000000000
17.265    -0.000053812853094977    0.000095264116302817    0.000000000000000000    -0.002389410935303411    -0.000027001058168301    0.000000000000000000
17.270    -0.000056638761378128    0.000097473048970184    0.000000000000000000    -0.002395215917754630    -0.000085025431816196    0.000000000000000000
17.275    -0.000059524550059224    0.000099679856001757    0.000000000000000000    -0.002755122726788865    -0.000202328051577909    0.000000000000000000
17.280    -0.000062479216808489    0.000101881604832039    0.000000000000000000    -0.003186915678697762    -0.000392139759019562    0.000000000000000000
17.285    -0.000065513556449721    0.000104073550168347    0.000000000000000000    -0.003464377990214547    -0.000397964996014808    0.000000000000000000
17.290    -0.000068634505540709    0.000106255546379754    0.000000000000000000    -0.003885030922741494    -0.000310362751065624    0.000000000000000000
17.295    -0.000071852580404765    0.000108429783522384    0.000000000000000000    -0.004599555853806981    -0.000399669733325866    0.000000000000000000
17.300    -0.000075185644165167    0.000110594028921681    0.000000000000000000    -0.004596656591280960    -0.000441089467203941    0.000000000000000000
17.305    -0.000078633624340350    0.000112747247084298    0.000000000000000000    -0.004719045121847048    -0.000430458824441922    0.000000000000000000
17.310    -0.000082199580643580    0.000114889703776304    0.000000000000000000    -0.004819284007595201    -0.000305403296592009    0.000000000000000000
17.315    -0.000085886019047000    0.000117024525385896    0.000000000000000000    -0.004126347064343106    0.000005747560018524    0.000000000000000000
17.320    -0.000089675616127028    0.000119159490684487    0.000000000000000000    -0.003322756944336685    0.000016887786964746    0.000000000000000000
17.325    -0.000093548282130665    0.000121294878177753    0.000000000000000000    -0.003194040620747960    0.000088168885238019    0.000000000000000000
17.330    -0.000097500799149820    0.000123432469893150    0.000000000000000000    -0.003305632081987116    0.000309357378927002    0.000000000000000000
17.335    -0.000101535956971025    0.000125577795543020    0.000000000000000000    -0.002402153133905819    0.000640141881961143    0.000000000000000000
17.340    -0.000105631168620578    0.000127739124739939    0.000000000000000000    -0.001669038907550074    0.000988029195404501    0.000000000000000000
17.345    -0.000109768106242819    0.000129925154666743    0.000000000000000000    -0.000971792135256479    0.001176978177739414    0.000000000000000000
17.350    -0.000113929338668442    0.000132140609047990    0.000000000000000000    -0.000128985455181280    0.001597189090834237    0.000000000000000000
17.355    -0.000118093795730444    0.000134395993156509    0.000000000000000000    0.000549656050998762    0.002036027302807766    0.000000000000000000
17.360    -0.000122244511391171    0.000136702277947597    0.000000000000000000    0.001491652538076690    0.002366277726211343    0.000000000000000000
17.365    -0.000126357935738447    0.000139067719681841    0.000000000000000000    0.002137201240662735    0.002634048711022685    0.000000000000000000
17.370    -0.000130417930054706    0.000141499012633861    0.000000000000000000    0.002613171349963132    0.002831322475113467    0.000000000000000000
17.375    -0.000134412595087216    0.000144001088647758    0.000000000000000000    0.002950261622262310    0.003047771367457050    0.000000000000000000
17.380    -0.000138333503579169    0.000146579358945842    0.000000000000000000    0.003585966441507511    0.003232291101453420    0.000000000000000000
17.385    -0.000142164762910084    0.000149238436521462    0.000000000000000000    0.003884463723275930    0.003195898642200041    0.000000000000000000
17.390    -0.000145898910647918    0.000151977411563137    0.000000000000000000    0.004095114867521928    0.003152102302222005    0.000000000000000000
17.395    -0.000149530680514064    0.000154795189162368    0.000000000000000000    0.004489581722160558    0.003048817595040785    0.000000000000000000
17.400    -0.000153050210837155    0.000157689187201474    0.000000000000000000    0.004737539626422857    0.003099074002929116    0.000000000000000000
17.405    -0.000156451302669586    0.000160660662090654    0.000000000000000000    0.005126027829119480    0.003075433702176989    0.000000000000000000
17.410    -0.000159724243806289    0.000163709022822388    0.000000000000000000    0.005379371191018261    0.002755843381405847    0.000000000000000000
17.415    -0.000162862700663217    0.000166826279638658    0.000000000000000000    0.005382953444301331    0.002405998434584170    0.000000000000000000
17.420    -0.000165866583684037    0.000170003686415792    0.000000000000000000    0.005736366094561459    0.002109106350151480    0.000000000000000000
17.425    -0.000168727057552493    0.000173233820851680    0.000000000000000000    0.006124874088850492    0.001895759339765567    0.000000000000000000
17.430    -0.000171434409568728    0.000176511349271062    0.000000000000000000    0.006267107943205277    0.001664866241439869    0.000000000000000000
17.435    -0.000173985083886382    0.000179830499346480    0.000000000000000000    0.006582980405186491    0.001094868671044479    0.000000000000000000
17.440    -0.000176371183693907    0.000183177021138674    0.000000000000000000    0.006922764911632432    0.000760141948520036    0.000000000000000000
17.445    -0.000178584214378641    0.000186542546479581    0.000000000000000000    0.006626263067767467    0.000685195964278277    0.000000000000000000
17.450    -0.000180631588486681    0.000189925201719595    0.000000000000000000    0.006581442902058206    0.000561695570315155    0.000000000000000000
17.455    -0.000182514426522170    0.000193321899348867    0.000000000000000000    0.006617172897064715    0.000333201899023472    0.000000000000000000
17.460    -0.000184231835235232    0.000196726927025614    0.000000000000000000    0.006179219746877416    0.000327929686942501    0.000000000000000000
17.465    -0.000185794763454622    0.000200140152944535    0.000000000000000000    0.006139792007972718    0.000362120126831504    0.000000000000000000
17.470    -0.000187204196873812    0.000203562431866627    0.000000000000000000    0.006052503302142248    0.000228833057339161    0.000000000000000000
17.475    -0.000188462317710449    0.000206990431615153    0.000000000000000000    0.005559523376027229    0.000257173544919572    0.000000000000000000
17.480    -0.000189581450462686    0.000210424860702301    0.000000000000000000    0.005397557664304792    0.000023763755194325    0.000000000000000000
17.485    -0.000190565644273315    0.000213859883883329    0.000000000000000000    0.004944819652885060    -0.000079897786893490    0.000000000000000000
17.490    -0.000191426217592621    0.000217292909619685    0.000000000000000000    0.004601515031521248    -0.000088593244929828    0.000000000000000000
17.495    -0.000192171753036140    0.000220723720524918    0.000000000000000000    0.004391425725685247    -0.000144179020685311    0.000000000000000000
17.500    -0.000192807502836516    0.000224150926954633    0.000000000000000000    0.004286442683076657    0.000049398613253312    0.000000000000000000
17.505    -0.000193336091569816    0.000227579368349680    0.000000000000000000    0.003940895029209404    0.000018332658671292    0.000000000000000000
17.510    -0.000193766157927385    0.000231008268061193    0.000000000000000000    0.003358677931808093    0.000152439199285455    0.000000000000000000
17.515    -0.000194112257336659    0.000234440978752689    0.000000000000000000    0.003225858554231761    0.000195568488862031    0.000000000000000000
17.520    -0.000194377710282078    0.000237878578656406    0.000000000000000000    0.002492711072010507    0.000131914067886272    0.000000000000000000
17.525    -0.000194580845450696    0.000241319476411821    0.000000000000000000    0.002219047575451527    -0.000072587890370766    0.000000000000000000
17.530    -0.000194728504429928    0.000244758559469976    0.000000000000000000    0.002103450894664965    -0.000416633534975610    0.000000000000000000
17.535    -0.000194823577136793    0.000248187226689757    0.000000000000000000    0.001651844562863955    -0.000901931155056906    0.000000000000000000
17.540    -0.000194877353729586    0.000251593345630661    0.000000000000000000    0.001180687836633502    -0.001145151228018962    0.000000000000000000
17.545    -0.000194901613126464    0.000254970835790865    0.000000000000000000    0.000887543265779564    -0.001459907617053224    0.000000000000000000
17.550    -0.000194903683941697    0.000258311828260642    0.000000000000000000    0.000917121188918728    -0.001847214207133935    0.000000000000000000
17.555    -0.000194882826727208    0.000261606640375242    0.000000000000000000    0.000905101567252485    -0.002009267738134046    0.000000000000000000
17.560    -0.000194839341973537    0.000264851220796387    0.000000000000000000    0.001072479240251181    -0.002201611819005033    0.000000000000000000
17.565    -0.000194769045238859    0.000268040760922058    0.000000000000000000    0.001373567928012387    -0.002475270868321743    0.000000000000000000
17.570    -0.000194664409305982    0.000271168419276021    0.000000000000000000    0.001452297629854450    -0.002933344696249077    0.000000000000000000
17.575    -0.000194523465932358    0.000274222744012577    0.000000000000000000    0.001760215625486823    -0.003443607266776904    0.000000000000000000
17.580    -0.000194338517168096    0.000277190978567464    0.000000000000000000    0.002329095963147934    -0.003564061004891414    0.000000000000000000
17.585    -0.000194095341004757    0.000280070111597229    0.000000000000000000    0.002491757260618659    -0.003604798044217015    0.000000000000000000
17.590    -0.000193789870909901    0.000282859124675888    0.000000000000000000    0.002790732423431277    -0.003751752423312212    0.000000000000000000
17.595    -0.000193414632504460    0.000285554343943965    0.000000000000000000    0.002750574494790863    -0.003857225869428535    0.000000000000000000
17.600    -0.000192970629736649    0.000288153132565306    0.000000000000000000    0.002457121109313747    -0.003919734782179343    0.000000000000000000
17.605    -0.000192465198941106    0.000290653927817092    0.000000000000000000    0.002976077713421656    -0.003722857927267263    0.000000000000000000
17.610    -0.000191885366202726    0.000293061651620697    0.000000000000000000    0.003309455567483428    -0.003508741981657695    0.000000000000000000
17.615    -0.000191222797075160    0.000295381656874760    0.000000000000000000    0.003529859193470439    -0.003350731355511796    0.000000000000000000
17.620    -0.000190471981467757    0.000297617893844935    0.000000000000000000    0.003729394314714186    -0.003385593601798204    0.000000000000000000
17.625    -0.000189627931002486    0.000299769490975066    0.000000000000000000    0.003927031070485951    -0.003294802802574891    0.000000000000000000
17.630    -0.000188685704760453    0.000301838718035132    0.000000000000000000    0.004103060766006469    -0.003334126831993928    0.000000000000000000
17.635    -0.000187640901999269    0.000303824591924398    0.000000000000000000    0.004485553138163130    -0.003377603467267631    0.000000000000000000
17.640    -0.000186483960409632    0.000305726025726982    0.000000000000000000    0.004825908335692438    -0.003344640530844253    0.000000000000000000
17.645    -0.000185206371111602    0.000307543843516296    0.000000000000000000    0.004989917159706637    -0.003629136268623774    0.000000000000000000
17.650    -0.000183804033884580    0.000309270932898894    0.000000000000000000    0.005114285261825519    -0.003927824670387457    0.000000000000000000
17.655    -0.000182273839526012    0.000310899826664732    0.000000000000000000    0.004797170529132009    -0.004072853118067439    0.000000000000000000
17.660    -0.000180623715904216    0.000312426899102618    0.000000000000000000    0.004735166468090683    -0.004354819332906025    0.000000000000000000
17.665    -0.000178855213120717    0.000313845101057182    0.000000000000000000    0.004699534843036765    -0.004652296692472194    0.000000000000000000
17.670    -0.000176969221966143    0.000315146995594434    0.000000000000000000    0.004438939603555389    -0.004880013343637035    0.000000000000000000
17.675    -0.000174972257321479    0.000316326889798095    0.000000000000000000    0.004286451737577513    -0.005201606104120703    0.000000000000000000
17.680    -0.000172868131383377    0.000317376743849153    0.000000000000000000    0.003981021936520649    -0.005382803276998693    0.000000000000000000
17.685    -0.000170664479896861    0.000318292027818286    0.000000000000000000    0.003589209627347838    -0.005589905313655927    0.000000000000000000
17.690    -0.000168371098169661    0.000319067564154578    0.000000000000000000    0.003199204885443634    -0.005779340923239753    0.000000000000000000
17.695    -0.000165997736320326    0.000319698616967788    0.000000000000000000    0.002799342635021211    -0.005755937225575009    0.000000000000000000
17.700    -0.000163554390905115    0.000320185771350360    0.000000000000000000    0.002552182666474894    -0.005703389386621602    0.000000000000000000
17.705    -0.000161047240923242    0.000320530340998266    0.000000000000000000    0.001943838113469811    -0.005751919897321097    0.000000000000000000
17.710    -0.000158491494988532    0.000320731112648738    0.000000000000000000    0.001060609235815435    -0.005587664245274709    0.000000000000000000
17.715    -0.000155909233822927    0.000320792192693079    0.000000000000000000    0.000283634184479031    -0.005462836925650225    0.000000000000000000
17.720    -0.000153319881802710    0.000320716701814279    0.000000000000000000    -0.000463323653703256    -0.005214304113966995    0.000000000000000000
17.725    -0.000150742112873835    0.000320510853332629    0.000000000000000000    -0.001543460533541974    -0.004856377195726173    0.000000000000000000
17.730    -0.000148202930458299    0.000320183595421087    0.000000000000000000    -0.002692365178153227    -0.004385138228386182    0.000000000000000000
17.735    -0.000145731057172217    0.000319746709053834    0.000000000000000000    -0.002985692369979545    -0.004127423943133240    0.000000000000000000
17.740    -0.000143333826195385    0.000319206637088003    0.000000000000000000    -0.003088796566366736    -0.004005467601391269    0.000000000000000000
17.745    -0.000141013815132711    0.000318566428432138    0.000000000000000000    -0.003690566301676329    -0.003884052608899881    0.000000000000000000
17.750    -0.000138786068227580    0.000317829118461050    0.000000000000000000    -0.003968376268851173    -0.003777731331271530    0.000000000000000000
17.755    -0.000136657530729169    0.000316997365206680    0.000000000000000000    -0.004202906473878840    -0.003547591261971687    0.000000000000000000
17.760    -0.000134634065892606    0.000316076922170761    0.000000000000000000    -0.004603777825504468    -0.003136238342416921    0.000000000000000000
17.765    -0.000132725695501680    0.000315078073176282    0.000000000000000000    -0.004863181359534077    -0.002780291097326769    0.000000000000000000
17.770    -0.000130938904644743    0.000314009716904369    0.000000000000000000    -0.005039895674380885    -0.002614619574528576    0.000000000000000000
17.775    -0.000129278111179665    0.000312875995143093    0.000000000000000000    -0.004854012090935557    -0.002371387902047432    0.000000000000000000
17.780    -0.000127738668016861    0.000311682988684266    0.000000000000000000    -0.004566402265732778    -0.002118004151147913    0.000000000000000000
17.785    -0.000126313384910699    0.000310437032121660    0.000000000000000000    -0.004596931774849926    -0.001992244471594150    0.000000000000000000
17.790    -0.000125003025098910    0.000309141269447265    0.000000000000000000    -0.004436555457335099    -0.002114717398992751    0.000000000000000000
17.795    -0.000123803579173553    0.000307792638837894    0.000000000000000000    -0.004096897568536730    -0.001929031711582919    0.000000000000000000
17.800    -0.000122706555687410    0.000306395782435734    0.000000000000000000    -0.004101593016264194    -0.001677773250078826    0.000000000000000000
17.805    -0.000121712072026674    0.000304956981702323    0.000000000000000000    -0.004044666663373733    -0.001631357626026217    0.000000000000000000
17.810    -0.000120818705032521    0.000303477397028260    0.000000000000000000    -0.003541058172540920    -0.001463153429172737    0.000000000000000000
17.815    -0.000120013864492683    0.000301961233518468    0.000000000000000000    -0.003515130043566027    -0.001379844243320789    0.000000000000000000
17.820    -0.000119296902203933    0.000300410573902593    0.000000000000000000    -0.003236634219608032    -0.001560755531970163    0.000000000000000000
17.825    -0.000118660855770674    0.000298820895398419    0.000000000000000000    -0.002625097168813925    -0.001462128406096337    0.000000000000000000
17.830    -0.000118090436766635    0.000297194663684092    0.000000000000000000    -0.002645848817580255    -0.001249652417428717    0.000000000000000000
17.835    -0.000117586163983036    0.000295537190659330    0.000000000000000000    -0.002667659633548772    -0.000928010484250053    0.000000000000000000
17.840    -0.000117148582690275    0.000293856517372461    0.000000000000000000    -0.002554476661142512    -0.000750159020598221    0.000000000000000000
17.845    -0.000116774863314043    0.000292157090110078    0.000000000000000000    -0.002174049387011160    -0.000748091060185935    0.000000000000000000
17.850    -0.000116455495172486    0.000290438960571190    0.000000000000000000    -0.002064855077935188    -0.000560014239419249    0.000000000000000000
17.855    -0.000116187748407878    0.000288706830676316    0.000000000000000000    -0.002131668390511392    -0.000438047392371885    0.000000000000000000
17.860    -0.000115973293353032    0.000286963749596633    0.000000000000000000    -0.001718732874840295    -0.000150998328892621    0.000000000000000000
17.865    -0.000115801806620057    0.000285216893558728    0.000000000000000000    -0.001680685739862678    0.000042124760548257    0.000000000000000000
17.870    -0.000115672337030579    0.000283471090639836    0.000000000000000000    -0.001802681147580038    0.000286696311927338    0.000000000000000000
17.875    -0.000115587934469790    0.000281732455128743    0.000000000000000000    -0.001462831974581276    0.000422918738714369    0.000000000000000000
17.880    -0.000115540102708366    0.000280004392586117    0.000000000000000000    -0.001715483413319580    0.000522978430622309    0.000000000000000000
17.885    -0.000115535158032275    0.000278289404504257    0.000000000000000000    -0.002100288971577783    0.000748332892085493    0.000000000000000000
17.890    -0.000115582720580474    0.000276593124744699    0.000000000000000000    -0.001908170595168969    0.001009587853771036    0.000000000000000000
17.895    -0.000115677987393551    0.000274922084681486    0.000000000000000000    -0.001820018780288122    0.001264140671235030    0.000000000000000000
17.900    -0.000115818754676136    0.000273282648135053    0.000000000000000000    -0.001679486806058878    0.001257772205733986    0.000000000000000000
17.905    -0.000116001509128872    0.000271674655893764    0.000000000000000000    -0.001504174806287112    0.001316951709494536    0.000000000000000000
17.910    -0.000116221867951766    0.000270099587445212    0.000000000000000000    -0.001150424374574870    0.001288138425836662    0.000000000000000000
17.915    -0.000116470987384024    0.000268556722457306    0.000000000000000000    -0.001031135856179033    0.001315976038763263    0.000000000000000000
17.920    -0.000116745885212686    0.000267046756870369    0.000000000000000000    -0.001264470920463601    0.001542998062638388    0.000000000000000000
17.925    -0.000117052394814360    0.000265575366234998    0.000000000000000000    -0.001542057960516804    0.001590112323384199    0.000000000000000000
17.930    -0.000117397455865046    0.000264143728407711    0.000000000000000000    -0.001063413091441845    0.001527001680548361    0.000000000000000000
17.935    -0.000117769102243019    0.000262750265622439    0.000000000000000000    -0.000755003996359411    0.001627819093468971    0.000000000000000000
17.940    -0.000118159623720901    0.000261397498314503    0.000000000000000000    -0.000856404346558657    0.001642565611863385    0.000000000000000000
17.945    -0.000118571555307447    0.000260085795146863    0.000000000000000000    -0.000766950706553872    0.001596239646572961    0.000000000000000000
17.950    -0.000119002660661657    0.000258813997970388    0.000000000000000000    -0.000546236434750065    0.001590322743520375    0.000000000000000000
17.955    -0.000119447421926735    0.000257581958862501    0.000000000000000000    -0.000660641266860126    0.001632763846799723    0.000000000000000000
17.960    -0.000119908699223485    0.000256390738850784    0.000000000000000000    -0.000404746352815235    0.001637873673274431    0.000000000000000000
17.965    -0.000120380095179055    0.000255240465680899    0.000000000000000000    -0.000176928567110200    0.001466839353277734    0.000000000000000000
17.970    -0.000120855914348803    0.000254126863494846    0.000000000000000000    -0.000590374297514715    0.001361407013277319    0.000000000000000000
17.975    -0.000121346492875989    0.000253047296484124    0.000000000000000000    -0.000929533956100571    0.001379691063243659    0.000000000000000000
17.980    -0.000121860309752077    0.000252002221749984    0.000000000000000000    0.000011172743894883    0.001278833064125452    0.000000000000000000
17.985    -0.000122373847309568    0.000250989117842447    0.000000000000000000    0.000128299903523520    0.001088377639369646    0.000000000000000000
17.990    -0.000122884177369471    0.000250003223375894    0.000000000000000000    0.000112897358964725    0.000917980727906022    0.000000000000000000
17.995    -0.000123391684995400    0.000249040278427539    0.000000000000000000    0.000969116258458776    0.000729797277620754    0.000000000000000000
18.000    -0.000123874964714868    0.000248095578411124    0.000000000000000000    0.001554301880726111    0.000498142836559239    0.000000000000000000
18.005    -0.000124319386887317    0.000247163331965623    0.000000000000000000    0.001828635461702732    0.000423079050012026    0.000000000000000000
18.010    -0.000124718093173223    0.000246241662496373    0.000000000000000000    0.002203546123340661    0.000258664125225242    0.000000000000000000
18.015    -0.000125061710806046    0.000245326459630253    0.000000000000000000    0.002449332402766624    -0.000083087941592057    0.000000000000000000
18.020    -0.000125344095128800    0.000244409179565594    0.000000000000000000    0.002328503050738227    -0.000262451324093554    0.000000000000000000
18.025    -0.000125568266875286    0.000243485338217832    0.000000000000000000    0.002362096138809697    -0.000301877380009651    0.000000000000000000
18.030    -0.000125733386218301    0.000242553949935570    0.000000000000000000    0.002435747201666710    -0.000404311229470003    0.000000000000000000
18.035    -0.000125837611881275    0.000241612453872571    0.000000000000000000    0.002179179677654422    -0.000363462342560256    0.000000000000000000
18.040    -0.000125887358052307    0.000240661871251008    0.000000000000000000    0.002232813844767418    -0.000431416452338716    0.000000000000000000
18.045    -0.000125881283877220    0.000239700503218136    0.000000000000000000    0.002496158190528871    -0.000318621464020672    0.000000000000000000
18.050    -0.000125812805747370    0.000238731169648665    0.000000000000000000    0.002582618232761097    -0.000086544031193845    0.000000000000000000
18.055    -0.000125679762161701    0.000237759672478413    0.000000000000000000    0.002098141762252835    0.000116920936512254    0.000000000000000000
18.060    -0.000125494265031975    0.000236791098331574    0.000000000000000000    0.001673249435421532    0.000349960713816192    0.000000000000000000
18.065    -0.000125266936666364    0.000235831273202580    0.000000000000000000    0.001397592020459769    0.000581001339942412    0.000000000000000000
18.070    -0.000125004668500242    0.000234885973107085    0.000000000000000000    0.001119791950685749    0.000766416304462609    0.000000000000000000
18.075    -0.000124714405535352    0.000233959833419202    0.000000000000000000    0.000827294662436931    0.000923895781189355    0.000000000000000000
18.080    -0.000124403460203901    0.000233056791125848    0.000000000000000000    0.000983131630709127    0.001000149664779834    0.000000000000000000
18.085    -0.000124067936581683    0.000232178752574114    0.000000000000000000    0.001197169482875524    0.001149092101708623    0.000000000000000000
18.090    -0.000123702483722393    0.000231329441324923    0.000000000000000000    0.000726179094557482    0.001249975277846588    0.000000000000000000
18.095    -0.000123318876385738    0.000230511379457677    0.000000000000000000    0.000502672777807738    0.001176082045512830    0.000000000000000000
18.100    -0.000122922702229639    0.000229722719641570    0.000000000000000000    0.000269226700834327    0.001259058546737319    0.000000000000000000
18.105    -0.000122519797406019    0.000228965536289131    0.000000000000000000    -0.000137294199845789    0.001449393753171066    0.000000000000000000
18.110    -0.000122120324937395    0.000228244587780521    0.000000000000000000    -0.000390111343481813    0.001433144700604266    0.000000000000000000
18.115    -0.000121730605252358    0.000227559467889426    0.000000000000000000    -0.000557698433677634    0.001392381837247167    0.000000000000000000
18.120    -0.000121354828028163    0.000226909157544263    0.000000000000000000    -0.000144864463892495    0.001361663404651379    0.000000000000000000
18.125    -0.000120982672415565    0.000226292888784216    0.000000000000000000    0.000582628015548150    0.001443698099285471    0.000000000000000000
18.130    -0.000120595951102578    0.000225712712476651    0.000000000000000000    0.000864629025017021    0.001543521991962792    0.000000000000000000
18.135    -0.000120187614063966    0.000225171124218885    0.000000000000000000    0.000959294989374320    0.001737744847018618    0.000000000000000000
18.140    -0.000119755294650620    0.000224672979582294    0.000000000000000000    0.001002144132084362    0.001676101633106379    0.000000000000000000
18.145    -0.000119297921633972    0.000224216737486531    0.000000000000000000    0.001168102017713789    0.001741865841539724    0.000000000000000000
18.150    -0.000118811346066880    0.000223804042036807    0.000000000000000000    0.001136912533987499    0.001839557648944824    0.000000000000000000
18.155    -0.000118296347686440    0.000223437335528306    0.000000000000000000    0.001228651673812280    0.001889977079125218    0.000000000000000000
18.160    -0.000117750633014153    0.000223117878446783    0.000000000000000000    0.001183226171670455    0.002110487236893239    0.000000000000000000
18.165    -0.000117175337687575    0.000222851183546183    0.000000000000000000    0.001169352795952366    0.002130266803361015    0.000000000000000000
18.170    -0.000116570808541099    0.000222637745315667    0.000000000000000000    0.001396583378148928    0.002145793246779732    0.000000000000000000
18.175    -0.000115931364810168    0.000222477951916320    0.000000000000000000    0.000924498265915418    0.002202118077442982    0.000000000000000000
18.180    -0.000115268808622590    0.000222373211468909    0.000000000000000000    0.000444307692188946    0.002264745029081916    0.000000000000000000
18.185    -0.000114595144742707    0.000222325089647226    0.000000000000000000    -0.000010891263187542    0.002172470875158681    0.000000000000000000
18.190    -0.000113921753144403    0.000222331279597421    0.000000000000000000    -0.000146658019641293    0.002000688868360190    0.000000000000000000
18.195    -0.000113252027996591    0.000222387486769325    0.000000000000000000    -0.000027116611529452    0.001720012454289963    0.000000000000000000
18.200    -0.000112582980764067    0.000222486694252587    0.000000000000000000    -0.000205207146197414    0.001656484438828949    0.000000000000000000
18.205    -0.000111919063710197    0.000222627313846819    0.000000000000000000    -0.000185991760266778    0.001593324853547962    0.000000000000000000
18.210    -0.000111259796450335    0.000222807766562390    0.000000000000000000    -0.000504929158922675    0.001513108940020495    0.000000000000000000
18.215    -0.000110613152419445    0.000223026047001462    0.000000000000000000    -0.000422881342005917    0.001268241757357205    0.000000000000000000
18.220    -0.000109977080422106    0.000223276033484467    0.000000000000000000    -0.000476275991620739    0.000850699323792607    0.000000000000000000
18.225    -0.000109352915324557    0.000223547287450567    0.000000000000000000    -0.000957371237880929    0.000748125193079929    0.000000000000000000
18.230    -0.000108752684507955    0.000223837244546495    0.000000000000000000    -0.001245013671233829    0.000368057221270630    0.000000000000000000
18.235    -0.000108183579033134    0.000224136403072954    0.000000000000000000    -0.001362880734584525    0.000197826018643633    0.000000000000000000
18.240    -0.000107648545576678    0.000224440507249879    0.000000000000000000    -0.001424510531537705    0.000096917757928241    0.000000000000000000
18.245    -0.000107149124883510    0.000224747034370752    0.000000000000000000    -0.001758945238361791    0.000000632715973798    0.000000000000000000
18.250    -0.000106693677821301    0.000225053577309525    0.000000000000000000    -0.002090426902862943    0.000223412662913973    0.000000000000000000
18.255    -0.000106290491431664    0.000225365705564870    0.000000000000000000    -0.002147087723105992    0.000273589402879654    0.000000000000000000
18.260    -0.000105940982235104    0.000225684673555288    0.000000000000000000    -0.001921437799141772    0.000391834566244214    0.000000000000000000
18.265    -0.000105639508983523    0.000226013437409861    0.000000000000000000    -0.001672417659243108    0.000550908759897831    0.000000000000000000
18.270    -0.000105379846173423    0.000226355973983432    0.000000000000000000    -0.001775854777598829    0.000667857478753569    0.000000000000000000
18.275    -0.000105164579732763    0.000226715206993972    0.000000000000000000    -0.001790163140509126    0.000936274319215773    0.000000000000000000
18.280    -0.000104994067370616    0.000227097846862493    0.000000000000000000    -0.001350358953162447    0.001018192252106361    0.000000000000000000
18.285    -0.000104857313982297    0.000227505941537316    0.000000000000000000    -0.001497697712939767    0.001054493498907653    0.000000000000000000
18.290    -0.000104758003036803    0.000227940398549611    0.000000000000000000    -0.001845365685784923    0.001322173230989881    0.000000000000000000
18.295    -0.000104704826233453    0.000228407909892682    0.000000000000000000    -0.001640637500025443    0.001847339052548974    0.000000000000000000
18.300    -0.000104692665367603    0.000228921604712066    0.000000000000000000    -0.001826641864780530    0.002278913461581204    0.000000000000000000
18.305    -0.000104726170548373    0.000229492272367989    0.000000000000000000    -0.001753035734698466    0.002671501620278615    0.000000000000000000
18.310    -0.000104803501622511    0.000230129727564420    0.000000000000000000    -0.001476227253991162    0.002959572558280813    0.000000000000000000
18.315    -0.000104917738377998    0.000230841172074808    0.000000000000000000    -0.001594790061927392    0.003119219781393600    0.000000000000000000
18.320    -0.000105071844885033    0.000231630597079730    0.000000000000000000    -0.001338470478587546    0.003290534531125719    0.000000000000000000
18.325    -0.000105259413154033    0.000232502285447931    0.000000000000000000    -0.001148566745872315    0.003469772689368086    0.000000000000000000
18.330    -0.000105475695591680    0.000233460718133365    0.000000000000000000    -0.001267196011740909    0.003566613206257242    0.000000000000000000
18.335    -0.000105723657929621    0.000234508316148957    0.000000000000000000    -0.000909695525436725    0.003560776650129516    0.000000000000000000
18.340    -0.000105994362655697    0.000235644933580801    0.000000000000000000    -0.000674438070213772    0.003493297667417654    0.000000000000000000
18.345    -0.000106281928333529    0.000236868883454331    0.000000000000000000    -0.000282832889711188    0.003377487830948751    0.000000000000000000
18.350    -0.000106576564833603    0.000238177270523635    0.000000000000000000    -0.000295421189128804    0.003100006537770563    0.000000000000000000
18.355    -0.000106878586863406    0.000239563157756383    0.000000000000000000    -0.000295838917100158    0.002523794141124974    0.000000000000000000
18.360    -0.000107188004866136    0.000241012139842659    0.000000000000000000    -0.000150443343661672    0.002145841370474431    0.000000000000000000
18.365    -0.000107501183952458    0.000242514767963196    0.000000000000000000    0.000266523719908763    0.001805056279095656    0.000000000000000000
18.370    -0.000107807699945782    0.000244062522490712    0.000000000000000000    0.000542254496752959    0.001327151298929300    0.000000000000000000
18.375    -0.000108100659576687    0.000245643455800700    0.000000000000000000    0.000934240031019978    0.000784235970012611    0.000000000000000000
18.380    -0.000108370263206817    0.000247243995009939    0.000000000000000000    0.000934320137953434    0.000204715075047962    0.000000000000000000
18.385    -0.000108616508833498    0.000248849652096054    0.000000000000000000    0.000456201868468688    -0.000388103975250756    0.000000000000000000
18.390    -0.000108851349413467    0.000250445606582788    0.000000000000000000    0.000234638878621879    -0.000985243363803290    0.000000000000000000
18.395    -0.000109080324021471    0.000252016929985426    0.000000000000000000    0.000208708276485336    -0.001432347098895195    0.000000000000000000
18.400    -0.000109304080922562    0.000253552444710593    0.000000000000000000    0.000331951804989649    -0.002080809704809936    0.000000000000000000
18.405    -0.000109519539028529    0.000255035939193139    0.000000000000000000    0.000150286030302827    -0.002740167437957804    0.000000000000000000
18.410    -0.000109731239983738    0.000256450929489736    0.000000000000000000    0.000018286372511166    -0.003212277893040877    0.000000000000000000
18.415    -0.000109942483779635    0.000257785612839007    0.000000000000000000    -0.000128295977775447    -0.003779941982152632    0.000000000000000000
18.420    -0.000110156934974975    0.000259025797638724    0.000000000000000000    -0.000192533798471341    -0.004394077434397882    0.000000000000000000
18.425    -0.000110376199515278    0.000260156130502582    0.000000000000000000    -0.000218221951667728    -0.004978880812785656    0.000000000000000000
18.430    -0.000110600919604372    0.000261161991346119    0.000000000000000000    0.000002611961749319    -0.005432212717775779    0.000000000000000000
18.435    -0.000110825574394423    0.000262032046871712    0.000000000000000000    0.000496862310036205    -0.005615613627809636    0.000000000000000000
18.440    -0.000111037807626722    0.000262761712056611    0.000000000000000000    0.000408435265068156    -0.005957952957907475    0.000000000000000000
18.445    -0.000111239829977395    0.000263342428417561    0.000000000000000000    0.000150752344143666    -0.006378381066437112    0.000000000000000000
18.450    -0.000111438083519465    0.000263763685251850    0.000000000000000000    0.000192245351342745    -0.006904874024287692    0.000000000000000000
18.455    -0.000111631530927750    0.000264012320235533    0.000000000000000000    -0.000089684649248636    -0.007237735879972625    0.000000000000000000
18.460    -0.000111827220452267    0.000264080011822215    0.000000000000000000    -0.000234354902553849    -0.007298985572644964    0.000000000000000000
18.465    -0.000112028768849348    0.000263965228769582    0.000000000000000000    -0.000339813117125848    -0.007479876319221521    0.000000000000000000
18.470    -0.000112238812574357    0.000263663448808968    0.000000000000000000    -0.000555679278904783    -0.007578443567738367    0.000000000000000000
18.475    -0.000112462748281339    0.000263172207759161    0.000000000000000000    -0.000703240868309032    -0.007574388141266299    0.000000000000000000
18.480    -0.000112704265010028    0.000262491607005822    0.000000000000000000    -0.000674159951651520    -0.007672558567115104    0.000000000000000000
18.485    -0.000112962635737509    0.000261619192288306    0.000000000000000000    -0.000615910331950263    -0.007481889357280249    0.000000000000000000
18.490    -0.000113236404223288    0.000260559730336857    0.000000000000000000    -0.000407481743649974    -0.007186697369931071    0.000000000000000000
18.495    -0.000113520359752658    0.000259320600951160    0.000000000000000000    -0.000281121502125723    -0.006959921729000375    0.000000000000000000
18.500    -0.000113811343319582    0.000257907473522238    0.000000000000000000    -0.000060824831501246    -0.006647508665256867    0.000000000000000000
18.505    -0.000114103847507293    0.000256328158376684    0.000000000000000000    -0.000224993944652552    -0.006106169360576424    0.000000000000000000
18.510    -0.000114401976543621    0.000254596188997117    0.000000000000000000    -0.000108695812103647    -0.005397029366064135    0.000000000000000000
18.515    -0.000114702822975251    0.000252729293883397    0.000000000000000000    -0.000011444234898931    -0.004658450712710475    0.000000000000000000
18.520    -0.000115003955512754    0.000250745937501860    0.000000000000000000    0.000039791982017366    -0.003983040649374863    0.000000000000000000
18.525    -0.000115304093250706    0.000248663005104088    0.000000000000000000    0.000151665391254457    -0.003394261937430827    0.000000000000000000
18.530    -0.000115600439353877    0.000246495216157881    0.000000000000000000    -0.000110186877736156    -0.002793647602414902    0.000000000000000000
18.535    -0.000115899540128991    0.000244257586021613    0.000000000000000000    0.000129188409165736    -0.002172288299866990    0.000000000000000000
18.540    -0.000116195411193876    0.000241965648677849    0.000000000000000000    0.000597234151769447    -0.001518144449221947    0.000000000000000000
18.545    -0.000116476351404967    0.000239635757722854    0.000000000000000000    0.000884237886141490    -0.000972334777590541    0.000000000000000000
18.550    -0.000116735185668905    0.000237281558398419    0.000000000000000000    0.001287717663223001    -0.000414267991425722    0.000000000000000000
18.555    -0.000116961826991261    0.000234917002374198    0.000000000000000000    0.001386751550885791    0.000143357397071981    0.000000000000000000
18.560    -0.000117153799524846    0.000232556030284905    0.000000000000000000    0.001284342319628424    0.000739557852644755    0.000000000000000000
18.565    -0.000117313663500440    0.000230213547141927    0.000000000000000000    0.001209672064526705    0.001126101002329495    0.000000000000000000
18.570    -0.000117443285674421    0.000227899216524008    0.000000000000000000    0.001252236348541413    0.001548642421000165    0.000000000000000000
18.575    -0.000117541601939688    0.000225623601966614    0.000000000000000000    0.001590551349048980    0.001952841102098937    0.000000000000000000
18.580    -0.000117600154421229    0.000223396808436772    0.000000000000000000    0.002059172224534007    0.002324315971578275    0.000000000000000000
18.585    -0.000117607227597157    0.000221228122806220    0.000000000000000000    0.002126520367282982    0.002642401152737296    0.000000000000000000
18.590    -0.000117561137763902    0.000219125497204486    0.000000000000000000    0.002423723763283559    0.002963087681039653    0.000000000000000000
18.595    -0.000117454454836566    0.000217096948794778    0.000000000000000000    0.002564742396997215    0.003226389452181061    0.000000000000000000
18.600    -0.000117283653349304    0.000215149060121375    0.000000000000000000    0.002650139326094590    0.003228477255130249    0.000000000000000000
18.605    -0.000117046598378890    0.000213281883379350    0.000000000000000000    0.002424638508708690    0.003284421148205168    0.000000000000000000
18.610    -0.000116748927445759    0.000211496817166030    0.000000000000000000    0.002344926625726823    0.003364725804931622    0.000000000000000000
18.615    -0.000116392633346984    0.000209795869097833    0.000000000000000000    0.002403389856956719    0.003431469368492777    0.000000000000000000
18.620    -0.000115976254501785    0.000208180707763848    0.000000000000000000    0.002315516794657870    0.003327835019220019    0.000000000000000000
18.625    -0.000115501987736720    0.000206648742305345    0.000000000000000000    0.002437518463853112    0.003294900725943524    0.000000000000000000
18.630    -0.000114966783010059    0.000205199149364989    0.000000000000000000    0.002324444806649142    0.003374848597482646    0.000000000000000000
18.635    -0.000114373467163231    0.000203833927639571    0.000000000000000000    0.002457655243175020    0.003325628611103911    0.000000000000000000
18.640    -0.000113718709935324    0.000202551846629430    0.000000000000000000    0.002097699799146098    0.003087509716198211    0.000000000000000000
18.645    -0.000113011510212439    0.000201346953362195    0.000000000000000000    0.002220763399471935    0.002647685780627750    0.000000000000000000
18.650    -0.000112248791404566    0.000200208252239475    0.000000000000000000    0.002019296250709533    0.002345113264307390    0.000000000000000000
18.655    -0.000111435590190426    0.000199128178948363    0.000000000000000000    0.001734979905774450    0.002134358219787590    0.000000000000000000
18.660    -0.000110579014478641    0.000198101464612745    0.000000000000000000    0.001524941104825723    0.001912077544263726    0.000000000000000000
18.665    -0.000109684315239236    0.000197122552215734    0.000000000000000000    0.001255972501434011    0.001721014556068257    0.000000000000000000
18.670    -0.000108758216687295    0.000196186665182625    0.000000000000000000    0.001322983908862369    0.001425252146283664    0.000000000000000000
18.675    -0.000107799043537633    0.000195286409453172    0.000000000000000000    0.001505469550231874    0.001083013086260187    0.000000000000000000
18.680    -0.000106802233649214    0.000194413229050877    0.000000000000000000    0.000679366722199006    0.000805514240495011    0.000000000000000000
18.685    -0.000105788439592741    0.000193560186504593    0.000000000000000000    0.000218175668173113    0.000787447528808206    0.000000000000000000
18.690    -0.000104769191144563    0.000192726830146530    0.000000000000000000    -0.000204743130882527    0.000571739550748757    0.000000000000000000
18.695    -0.000103755061274658    0.000191907767277236    0.000000000000000000    -0.000447248300180429    0.000312271677297771    0.000000000000000000
18.700    -0.000102752112612256    0.000191096511199874    0.000000000000000000    -0.000244863934453755    0.000265835537289691    0.000000000000000000
18.705    -0.000101755285548217    0.000190291901010944    0.000000000000000000    0.000021050639070416    0.000057683727803029    0.000000000000000000
18.710    -0.000100757932218200    0.000189488732915210    0.000000000000000000    0.000060688423897284    0.000075414266330212    0.000000000000000000
18.715    -0.000099759061677586    0.000188687450176133    0.000000000000000000    0.000199245728538526    0.000074088376547047    0.000000000000000000
18.720    -0.000098755209993759    0.000187888019646471    0.000000000000000000    0.000594480965752605    0.000024064189587400    0.000000000000000000
18.725    -0.000097736496285787    0.000187089190721548    0.000000000000000000    0.000553209109437048    -0.000148749994817281    0.000000000000000000
18.730    -0.000096703952350080    0.000186286643046754    0.000000000000000000    0.000454037509814366    -0.000185666807068748    0.000000000000000000
18.735    -0.000095660057476628    0.000185479453701784    0.000000000000000000    0.000472497532733279    0.000110794527508670    0.000000000000000000
18.740    -0.000094604350164857    0.000184675034220001    0.000000000000000000    0.000298461548014139    0.000611622577499724    0.000000000000000000
18.745    -0.000093541181314386    0.000183885905302656    0.000000000000000000    -0.000194066868724118    0.000962761762230519    0.000000000000000000
18.750    -0.000092482864135632    0.000183120845429367    0.000000000000000000    -0.000475152695925997    0.001111470741410733    0.000000000000000000
18.755    -0.000091436425774277    0.000182383572324613    0.000000000000000000    -0.000945226109141419    0.001114616762645055    0.000000000000000000
18.760    -0.000090413618065651    0.000181674164638926    0.000000000000000000    -0.000915308379073458    0.001253821627116491    0.000000000000000000
18.765    -0.000089413693066501    0.000180996102493916    0.000000000000000000    -0.000500831961774604    0.001451888390345850    0.000000000000000000
18.770    -0.000088426288866396    0.000180354337558664    0.000000000000000000    -0.000028072804458650    0.001546079844253227    0.000000000000000000
18.775    -0.000087439586486402    0.000179751224619520    0.000000000000000000    0.000347119177944032    0.001754968687673122    0.000000000000000000
18.780    -0.000086444206126960    0.000179191985897566    0.000000000000000000    0.000768528755706811    0.002043140510093328    0.000000000000000000
18.785    -0.000085429612548625    0.000178683825688366    0.000000000000000000    0.001003184213087456    0.002259006460238709    0.000000000000000000
18.790    -0.000084389939364963    0.000178232140640671    0.000000000000000000    0.000970059885233260    0.002480966022959342    0.000000000000000000
18.795    -0.000083326014684170    0.000177842479743550    0.000000000000000000    0.000847398784571880    0.002688789034875237    0.000000000000000000
18.800    -0.000082240905033762    0.000177520038572301    0.000000000000000000    0.000535882672292754    0.002849051651280989    0.000000000000000000
18.805    -0.000081142398316548    0.000177268823692334    0.000000000000000000    0.000516162021174248    0.002991621447025498    0.000000000000000000
18.810    -0.000080030987548804    0.000177092399348543    0.000000000000000000    0.000639001195709091    0.002977949997715404    0.000000000000000000
18.815    -0.000078903601751167    0.000176990423754695    0.000000000000000000    0.001032432314169909    0.002852875531228483    0.000000000000000000
18.820    -0.000077750405145676    0.000176959770049127    0.000000000000000000    0.001026570317537445    0.002731886563055999    0.000000000000000000
18.825    -0.000076571544282246    0.000176997413507636    0.000000000000000000    0.000825483791894329    0.002798123629845547    0.000000000000000000
18.830    -0.000075372046324020    0.000177105010056891    0.000000000000000000    0.001018610305343246    0.002808078500966772    0.000000000000000000
18.835    -0.000074147083108159    0.000177282808568670    0.000000000000000000    0.000904578023281722    0.002926014018439504    0.000000000000000000
18.840    -0.000072899505441717    0.000177533757430910    0.000000000000000000    0.000423238062767788    0.003213328842312062    0.000000000000000000
18.845    -0.000071641346823705    0.000177865039514208    0.000000000000000000    0.000251344829674195    0.003181852889134638    0.000000000000000000
18.850    -0.000070376904584952    0.000178275867919734    0.000000000000000000    0.000071360374671002    0.003235364369956169    0.000000000000000000
18.855    -0.000069110678336831    0.000178767580434509    0.000000000000000000    0.000012472250821645    0.003344587373999008    0.000000000000000000
18.860    -0.000067844140282441    0.000179342907633634    0.000000000000000000    0.000003058379103899    0.003394784697241526    0.000000000000000000
18.865    -0.000066577525768572    0.000180003104450190    0.000000000000000000    -0.000190366507537491    0.003521895008186957    0.000000000000000000
18.870    -0.000065315670417392    0.000180751348641951    0.000000000000000000    -0.000367933367027254    0.003567614048925532    0.000000000000000000
18.875    -0.000064063013400388    0.000181588783184935    0.000000000000000000    -0.000414838917367879    0.003633928810261840    0.000000000000000000
18.880    -0.000062820727356318    0.000182517065948175    0.000000000000000000    -0.000448225573674763    0.003764860112793556    0.000000000000000000
18.885    -0.000061589646951590    0.000183539470214236    0.000000000000000000    -0.000332309725770879    0.003669916263926692    0.000000000000000000
18.890    -0.000060366874290006    0.000184653622386894    0.000000000000000000    -0.000258673133492465    0.003709359406290063    0.000000000000000000
18.895    -0.000059150568456759    0.000185860508544710    0.000000000000000000    -0.000289095537378352    0.003923001014341466    0.000000000000000000
18.900    -0.000057941490011947    0.000187165469727884    0.000000000000000000    -0.000666704840267881    0.003904042667442816    0.000000000000000000
18.905    -0.000056749079188142    0.000188568031977744    0.000000000000000000    -0.000623753099270985    0.003913828193660273    0.000000000000000000
18.910    -0.000055572262191818    0.000190068439932446    0.000000000000000000    -0.000526515598699465    0.003820598021177365    0.000000000000000000
18.915    -0.000054408608085462    0.000191664362837677    0.000000000000000000    -0.000739785226504242    0.003834843918698897    0.000000000000000000
18.920    -0.000053263448609768    0.000193356156840876    0.000000000000000000    -0.000979909391971359    0.003887277737124259    0.000000000000000000
18.925    -0.000052142786868874    0.000195145132787503    0.000000000000000000    -0.000547756285850236    0.003543379567664574    0.000000000000000000
18.930    -0.000051035819035126    0.000197022693223322    0.000000000000000000    0.000071836234196939    0.003595145735113114    0.000000000000000000
18.935    -0.000049927055295523    0.000198990132302518    0.000000000000000000    0.000684201599985765    0.003493500099478568    0.000000000000000000
18.940    -0.000048801186515920    0.000201044908884201    0.000000000000000000    0.000985223729035845    0.003276752746976487    0.000000000000000000
18.945    -0.000047650687143092    0.000203181604284559    0.000000000000000000    0.000908813224931282    0.003235426488600816    0.000000000000000000
18.950    -0.000046477467439640    0.000205399185347132    0.000000000000000000    0.000281083826220033    0.002991039811525101    0.000000000000000000
18.955    -0.000045297220640532    0.000207691542404992    0.000000000000000000    0.000186429356064050    0.002714426605880194    0.000000000000000000
18.960    -0.000044112313107524    0.000210051760128000    0.000000000000000000    0.000528991183110596    0.002650273680088449    0.000000000000000000
18.965    -0.000042914180794937    0.000212478234693010    0.000000000000000000    0.001153686452190549    0.002614000609476837    0.000000000000000000
18.970    -0.000041687206321045    0.000214970059273257    0.000000000000000000    0.001364046662591064    0.002363984429832808    0.000000000000000000
18.975    -0.000040426130680589    0.000217520983464250    0.000000000000000000    0.001056201872312959    0.002115264095159820    0.000000000000000000
18.980    -0.000039138649993325    0.000220124789257622    0.000000000000000000    0.001018634721953744    0.002132449550870229    0.000000000000000000
18.985    -0.000037825703438012    0.000222781906289765    0.000000000000000000    0.001178434259203583    0.002214740306927471    0.000000000000000000
18.990    -0.000036483296026219    0.000225494391829582    0.000000000000000000    0.000936851109178136    0.002092020228532370    0.000000000000000000
18.995    -0.000035117467336697    0.000228259177875112    0.000000000000000000    0.000899032037120901    0.001973759581273262    0.000000000000000000
19.000    -0.000033729162846247    0.000231073307910174    0.000000000000000000    0.000804299832084753    0.001901762411117211    0.000000000000000000
19.005    -0.000032320750859994    0.000233934982005514    0.000000000000000000    0.000397583427371752    0.001761469987891784    0.000000000000000000
19.010    -0.000030902399288057    0.000236840692850551    0.000000000000000000    0.000276883411093635    0.001610801909384578    0.000000000000000000
19.015    -0.000029477125630843    0.000239786673743323    0.000000000000000000    0.000189966226675433    0.001515357271438455    0.000000000000000000
19.020    -0.000028047102817962    0.000242770538567880    0.000000000000000000    0.000314194584917851    0.001564213259909854    0.000000000000000000
19.025    -0.000026609225140458    0.000245793508723936    0.000000000000000000    0.000764083081772983    0.001453132548448130    0.000000000000000000
19.030    -0.000025152245385910    0.000248852807193702    0.000000000000000000    0.000760774860494547    0.001426069204668590    0.000000000000000000
19.035    -0.000023676246259849    0.000251947757393586    0.000000000000000000    0.000890760909698070    0.001579062116217802    0.000000000000000000
19.040    -0.000022177978111046    0.000255082184146374    0.000000000000000000    0.001277467622643104    0.001773169164178811    0.000000000000000000
19.045    -0.000020647773271676    0.000258260940128268    0.000000000000000000    0.001748782037574927    0.001881516509514864    0.000000000000000000
19.050    -0.000019073848881368    0.000261486734022899    0.000000000000000000    0.001715944886746733    0.001839780826001086    0.000000000000000000
19.055    -0.000017457025868890    0.000264758522438180    0.000000000000000000    0.001400978263435787    0.001811419587682307    0.000000000000000000
19.060    -0.000015805178399827    0.000268075596343153    0.000000000000000000    0.001181596771643957    0.001692085029457620    0.000000000000000000
19.065    -0.000014123791011473    0.000271434972373863    0.000000000000000000    0.001088854689420990    0.001616712507581438    0.000000000000000000
19.070    -0.000012415182255883    0.000274834766217262    0.000000000000000000    0.001034559190012034    0.001643688360166134    0.000000000000000000
19.075    -0.000010680709520543    0.000278275652269665    0.000000000000000000    0.000809005841922281    0.001516099898833580    0.000000000000000000
19.080    -0.000008926011639155    0.000281754440819539    0.000000000000000000    0.001284908014862677    0.001265281785295912    0.000000000000000000
19.085    -0.000007139191057395    0.000285264861414046    0.000000000000000000    0.001663544613893155    0.001131216610173510    0.000000000000000000
19.090    -0.000005310781860288    0.000288803562423807    0.000000000000000000    0.001291197009886891    0.000882910413497421    0.000000000000000000
19.095    -0.000003450092737934    0.000292364336193905    0.000000000000000000    0.001017778636460789    0.000449677382721551    0.000000000000000000
19.100    -0.000001563959149668    0.000295936351898572    0.000000000000000000    0.000870452401020590    0.000166068615653752    0.000000000000000000
19.105    0.000000343935748623    0.000299512519318629    0.000000000000000000    0.000723413895840896    -0.000491463245818041    0.000000000000000000
19.110    0.000002269915994310    0.000303076400157542    0.000000000000000000    0.000578002319603107    -0.001215540186938306    0.000000000000000000
19.115    0.000004210346297988    0.000306609892491780    0.000000000000000000    0.000438044664863216    -0.001844940021324647    0.000000000000000000
19.120    0.000006161727718287    0.000310097261325486    0.000000000000000000    0.000102708258418975    -0.002458773974115154    0.000000000000000000
19.125    0.000008115676845046    0.000313523160809839    0.000000000000000000    -0.000425243019192569    -0.003110631901230738    0.000000000000000000
19.130    0.000010058994896326    0.000316871294496661    0.000000000000000000    -0.000778604161587781    -0.003926377106964161    0.000000000000000000
19.135    0.000011982847843566    0.000320121268755809    0.000000000000000000    -0.000948120795813651    -0.004684368143440237    0.000000000000000000
19.140    0.000013882997770910    0.000323254133811371    0.000000000000000000    -0.000885307457107099    -0.005153926178106359    0.000000000000000000
19.145    0.000015761015011827    0.000326258150712480    0.000000000000000000    -0.000889234571721704    -0.005778526244795690    0.000000000000000000
19.150    0.000017616801388451    0.000329117704457469    0.000000000000000000    -0.001040615185656841    -0.006185485342806874    0.000000000000000000
19.155    0.000019446572385433    0.000331822621068889    0.000000000000000000    -0.001064773848096092    -0.006442879303388081    0.000000000000000000
19.160    0.000021249724036213    0.000334366465697723    0.000000000000000000    -0.000981234898257580    -0.006805295971982084    0.000000000000000000
19.165    0.000023028344814537    0.000336740177927258    0.000000000000000000    -0.000977421313585325    -0.007247511604477688    0.000000000000000000
19.170    0.000024782530060021    0.000338932702366681    0.000000000000000000    -0.001340925323234062    -0.007422924400376542    0.000000000000000000
19.175    0.000026503192172424    0.000340939653696095    0.000000000000000000    -0.001797310497839134    -0.007520313408085517    0.000000000000000000
19.180    0.000028178921522381    0.000342758597190306    0.000000000000000000    -0.001763905403262133    -0.007494231423499104    0.000000000000000000
19.185    0.000029810553237257    0.000344390184898930    0.000000000000000000    -0.001649702917634198    -0.007242938784987000    0.000000000000000000
19.190    0.000031400942379191    0.000345840699137930    0.000000000000000000    -0.001842042023773486    -0.006966749694747431    0.000000000000000000
19.195    0.000032945280470532    0.000347117044634560    0.000000000000000000    -0.002008425037272968    -0.006772880145253495    0.000000000000000000
19.200    0.000034439407935940    0.000348224068127560    0.000000000000000000    -0.002045320424545402    -0.006308958597762808    0.000000000000000000
19.205    0.000035882402390735    0.000349173367655615    0.000000000000000000    -0.001741588322661349    -0.006046166507443253    0.000000000000000000
19.210    0.000037281857137464    0.000349971513020984    0.000000000000000000    -0.001789340355621216    -0.005561674885042663    0.000000000000000000
19.215    0.000038636578375301    0.000350630616514227    0.000000000000000000    -0.001888861187818993    -0.004993733991823929    0.000000000000000000
19.220    0.000039944078083444    0.000351164876657674    0.000000000000000000    -0.001827118237294014    -0.004590755251401412    0.000000000000000000
19.225    0.000041205899835654    0.000351584367919837    0.000000000000000000    -0.001799327686096384    -0.004248957808611169    0.000000000000000000
19.230    0.000042422738395711    0.000351897635236784    0.000000000000000000    -0.001836576992005838    -0.003635071360889516    0.000000000000000000
19.235    0.000043593662530969    0.000352120025769709    0.000000000000000000    -0.001886649672341412    -0.002929231084558212    0.000000000000000000
19.240    0.000044717420424418    0.000352269185525520    0.000000000000000000    -0.002022796487949070    -0.002434433062641246    0.000000000000000000
19.245    0.000045790608405668    0.000352357484454765    0.000000000000000000    -0.001910890074668416    -0.001945288277990613    0.000000000000000000
19.250    0.000046816024135052    0.000352397151177060    0.000000000000000000    -0.001643242361760013    -0.001308574835729576    0.000000000000000000
19.255    0.000047800358805391    0.000352404103528462    0.000000000000000000    -0.001197536838381890    -0.000981479566981337    0.000000000000000000
19.260    0.000048754755054771    0.000352386518890689    0.000000000000000000    -0.001171290040161816    -0.000713528984790275    0.000000000000000000
19.265    0.000049679869053147    0.000352351096028297    0.000000000000000000    -0.001194876482390399    -0.000416869408131470    0.000000000000000000
19.270    0.000050575111139463    0.000352305251430701    0.000000000000000000    -0.000816410973760069    -0.000198935039342259    0.000000000000000000
19.275    0.000051449942951435    0.000352254433457122    0.000000000000000000    -0.000743171557796116    -0.000031129502640979    0.000000000000000000
19.280    0.000052306195474462    0.000352202837245977    0.000000000000000000    -0.000566030685969195    -0.000052428037013771    0.000000000000000000
19.285    0.000053148297230340    0.000352149930333906    0.000000000000000000    -0.000445613246359577    0.000047962608082201    0.000000000000000000
19.290    0.000053979258655060    0.000352098222487038    0.000000000000000000    -0.000323928668200381    0.000475110818174730    0.000000000000000000
19.295    0.000054802121863074    0.000352058392410624    0.000000000000000000    -0.000011888731794548    0.000578204101076094    0.000000000000000000
19.300    0.000055624687852793    0.000352033017436737    0.000000000000000000    0.000290216066956765    0.000355260387592191    0.000000000000000000
19.305    0.000056454509244186    0.000352016523972539    0.000000000000000000    0.000206160485718184    0.000163221389390400    0.000000000000000000
19.310    0.000057289484647722    0.000352004111043076    0.000000000000000000    0.000085438559176208    0.000075641649103196    0.000000000000000000
19.315    0.000058126596015237    0.000351993589154841    0.000000000000000000    -0.000094259135155082    0.000138242948954578    0.000000000000000000
19.320    0.000058961350904374    0.000351986523340330    0.000000000000000000    -0.000195548041065743    0.000136311804641107    0.000000000000000000
19.325    0.000059791217092484    0.000351982865320935    0.000000000000000000    -0.000462579340524457    0.000077431693654584    0.000000000000000000
19.330    0.000060609518797080    0.000351981143093881    0.000000000000000000    -0.000649725029175016    0.000175084435688738    0.000000000000000000
19.335    0.000061411577375948    0.000351983797977719    0.000000000000000000    -0.000667456676462907    0.000100113760868620    0.000000000000000000
19.340    0.000062196949537904    0.000351988955705580    0.000000000000000000    -0.000631642857975472    -0.000036768508632733    0.000000000000000000
19.345    0.000062966530628410    0.000351993194220724    0.000000000000000000    -0.000620253891532910    -0.000287895301250961    0.000000000000000000
19.350    0.000063720605371628    0.000351990235353337    0.000000000000000000    -0.001109505145131242    -0.000536859142690350    0.000000000000000000
19.355    0.000064446942486218    0.000351973855007383    0.000000000000000000    -0.001370326342824721    -0.000788828755258694    0.000000000000000000
19.360    0.000065139021442237    0.000351937753942547    0.000000000000000000    -0.001470359146192981    -0.000956671286727034    0.000000000000000000
19.365    0.000065794341419602    0.000351877736095543    0.000000000000000000    -0.001497454579212098    -0.001163945554949215    0.000000000000000000
19.370    0.000066412225032486    0.000351788619609665    0.000000000000000000    -0.001824974203181980    -0.001478731131807510    0.000000000000000000
19.375    0.000066984484290290    0.000351662534845492    0.000000000000000000    -0.001913714335626438    -0.001788695087282400    0.000000000000000000
19.380    0.000067508900689704    0.000351491732704138    0.000000000000000000    -0.001946785087930062    -0.002093088144999432    0.000000000000000000
19.385    0.000067984647461920    0.000351268603359158    0.000000000000000000    -0.002062006236456713    -0.002548036770475340    0.000000000000000000
19.390    0.000068408844078224    0.000350981773094916    0.000000000000000000    -0.001829527535689027    -0.002785244779656554    0.000000000000000000
19.395    0.000068787302506136    0.000350625311711183    0.000000000000000000    -0.001773126638766366    -0.003155809269301223    0.000000000000000000
19.400    0.000069121432768079    0.000350189955095717    0.000000000000000000    -0.001277177277213791    -0.003530338530889805    0.000000000000000000
19.405    0.000069423633598092    0.000349666340016979    0.000000000000000000    -0.000755216641345666    -0.003703473308656457    0.000000000000000000
19.410    0.000069706954012071    0.000349050138105525    0.000000000000000000    -0.000324413014059157    -0.003880236523867275    0.000000000000000000
19.415    0.000069982164100698    0.000348336930280974    0.000000000000000000    0.000075133044625218    -0.003845445625887903    0.000000000000000000
19.420    0.000070259252515441    0.000347527586315776    0.000000000000000000    -0.000198371867074650    -0.003927192819225354    0.000000000000000000
19.425    0.000070531381633507    0.000346620062530097    0.000000000000000000    -0.000527625278085335    -0.004101101385199993    0.000000000000000000
19.430    0.000070790320119621    0.000345610011209788    0.000000000000000000    -0.000347297580812140    -0.004258205509462785    0.000000000000000000
19.435    0.000071040576166215    0.000344493504751742    0.000000000000000000    0.000133316628044672    -0.004357997292938742    0.000000000000000000
19.440    0.000071294165128510    0.000343268048361374    0.000000000000000000    0.000568823507001142    -0.004494692469230246    0.000000000000000000
19.445    0.000071561974678479    0.000341930224659274    0.000000000000000000    0.000850432625985648    -0.004485947289398218    0.000000000000000000
19.450    0.000071851045044099    0.000340480252274939    0.000000000000000000    0.000900341258269007    -0.004180798263107854    0.000000000000000000
19.455    0.000072162623941175    0.000338925759934027    0.000000000000000000    0.000980364064268892    -0.003928451029803180    0.000000000000000000
19.460    0.000072498711939858    0.000337273056317370    0.000000000000000000    0.001166138423883069    -0.003640562025303534    0.000000000000000000
19.465    0.000072863953399138    0.000335529338650080    0.000000000000000000    0.001191502068547973    -0.003405199426730499    0.000000000000000000
19.470    0.000073258982410132    0.000333700490997121    0.000000000000000000    0.001060209858391400    -0.003153244734614181    0.000000000000000000
19.475    0.000073680516667585    0.000331792812225798    0.000000000000000000    0.001230750139089693    -0.002851686821960745    0.000000000000000000
19.480    0.000074132819678516    0.000329813841283925    0.000000000000000000    0.001588326532634440    -0.002791510150790787    0.000000000000000000
19.485    0.000074624830852763    0.000327765082588283    0.000000000000000000    0.001422990346781092    -0.002831650858915822    0.000000000000000000
19.490    0.000075152416785679    0.000325645532621167    0.000000000000000000    0.001563660855332153    -0.002753286085131149    0.000000000000000000
19.495    0.000075719094239978    0.000323457150501924    0.000000000000000000    0.001793537231846399    -0.002515106500608055    0.000000000000000000
19.500    0.000076330610125074    0.000321205890720165    0.000000000000000000    0.001335884634027151    -0.002276855129500037    0.000000000000000000
19.505    0.000076975523126020    0.000318897709560169    0.000000000000000000    0.000745173376269200    -0.002070029814227325    0.000000000000000000
19.510    0.000077639065461373    0.000316537777654817    0.000000000000000000    0.000644844462224813    -0.001953424866132144    0.000000000000000000
19.515    0.000078318728908282    0.000314129010127812    0.000000000000000000    0.000409587104563793    -0.001810112661869076    0.000000000000000000
19.520    0.000079008632032805    0.000311674989784260    0.000000000000000000    -0.000050276372742753    -0.001739303476732627    0.000000000000000000
19.525    0.000079697278248009    0.000309177486853789    0.000000000000000000    -0.000122012664255356    -0.001679547208643505    0.000000000000000000
19.530    0.000080382874146606    0.000306637995243103    0.000000000000000000    0.000049013129065881    -0.001439704959771762    0.000000000000000000
19.535    0.000081069695373431    0.000304062511008422    0.000000000000000000    0.000364191887321989    -0.001346364001558222    0.000000000000000000
19.540    0.000081765621397438    0.000301453367673703    0.000000000000000000    0.000095759939191522    -0.001164308677901061    0.000000000000000000
19.545    0.000082463941419926    0.000298815116622036    0.000000000000000000    -0.000205956462300829    -0.000814351653222623    0.000000000000000000
19.550    0.000083157112530855    0.000296156506779038    0.000000000000000000    -0.000216068493885083    -0.000569759062362622    0.000000000000000000
19.555    0.000083844881929438    0.000293483652959481    0.000000000000000000    -0.000359701608779661    -0.000361086830045695    0.000000000000000000
19.560    0.000084523658787801    0.000290801771969173    0.000000000000000000    -0.000868221470467297    -0.000184997194956679    0.000000000000000000
19.565    0.000085180730109402    0.000288115266048991    0.000000000000000000    -0.001240216394580757    -0.000111364904526855    0.000000000000000000
19.570    0.000085806796021139    0.000285425976006196    0.000000000000000000    -0.001328050355161323    0.000158136860741592    0.000000000000000000
19.575    0.000086399660673997    0.000282740639384920    0.000000000000000000    -0.001467638851377294    0.000335600589883127    0.000000000000000000
19.580    0.000086955834355571    0.000280063692778391    0.000000000000000000    -0.001351647324475836    0.000504679679223623    0.000000000000000000
19.585    0.000087478216854032    0.000277399363163842    0.000000000000000000    -0.001108799181248512    0.000708329914030862    0.000000000000000000
19.590    0.000087972879372963    0.000274752741797144    0.000000000000000000    -0.000972362485586486    0.000620973465111693    0.000000000000000000
19.595    0.000088443232829753    0.000272121644767073    0.000000000000000000    -0.001054507104186666    0.000674174586436874    0.000000000000000000
19.600    0.000088887223608939    0.000269507402101664    0.000000000000000000    -0.001045061754151246    0.000653535515574358    0.000000000000000000
19.605    0.000089305087844272    0.000266909497824144    0.000000000000000000    -0.000968184365408094    0.000520734225561807    0.000000000000000000
19.610    0.000089698747470469    0.000264324611902263    0.000000000000000000    -0.000796644245754682    0.000608958455096138    0.000000000000000000
19.615    0.000090072490990522    0.000261754949941760    0.000000000000000000    -0.000563197624782290    0.000606922539642986    0.000000000000000000
19.620    0.000090432154569955    0.000259200461044747    0.000000000000000000    -0.000549222300385210    0.000491837281574835    0.000000000000000000
19.625    0.000090778087591879    0.000256658268079774    0.000000000000000000    -0.000565633001930175    0.000201436033782018    0.000000000000000000
19.630    0.000091109879788755    0.000254121111015646    0.000000000000000000    -0.000481265482532643    0.000041760026543540    0.000000000000000000
19.635    0.000091429640348567    0.000251584997952181    0.000000000000000000    -0.000680581967453151    0.000047117231548668    0.000000000000000000
19.640    0.000091732386359194    0.000249050062819505    0.000000000000000000    -0.000514557128884763    0.000006636025379377    0.000000000000000000
19.645    0.000092022268441597    0.000246515293587463    0.000000000000000000    -0.000514503706765062    -0.000129991982943892    0.000000000000000000
19.650    0.000092299287931332    0.000243977274555848    0.000000000000000000    -0.000749777543330912    -0.000035283030271321    0.000000000000000000
19.655    0.000092557562982484    0.000241438373448475    0.000000000000000000    -0.000812627467109729    0.000201726293171892    0.000000000000000000
19.660    0.000092795522346958    0.000238904515498433    0.000000000000000000    -0.000887655418027231    0.000260871133879849    0.000000000000000000
19.665    0.000093011290325981    0.000236377179326737    0.000000000000000000    -0.000504117615262711    0.000383707156012851    0.000000000000000000
19.670    0.000093214455364622    0.000233859435833941    0.000000000000000000    -0.000374521057965797    0.000416074348173930    0.000000000000000000
19.675    0.000093408257376815    0.000231352094199850    0.000000000000000000    -0.000269657716207459    0.000451270680586072    0.000000000000000000
19.680    0.000093595317946102    0.000228856034332774    0.000000000000000000    0.000072891863324345    0.000664452736666345    0.000000000000000000
19.685    0.000093784200811972    0.000226376585784114    0.000000000000000000    0.000077198070057771    0.000750593169598609    0.000000000000000000
19.690    0.000093975013629594    0.000223915902064694    0.000000000000000000    0.000205933087402892    0.000753977337857818    0.000000000000000000
19.695    0.000094170974774401    0.000221474067778721    0.000000000000000000    0.000775155548816834    0.000637519045858107    0.000000000000000000
19.700    0.000094386314807928    0.000219048171468894    0.000000000000000000    0.001136271988719305    0.000554805434250377    0.000000000000000000
19.705    0.000094630061641174    0.000216636145294923    0.000000000000000000    0.001312856725058358    0.000635190390869001    0.000000000000000000
19.710    0.000094906629892545    0.000214239998880724    0.000000000000000000    0.001406300238714336    0.000873862216167146    0.000000000000000000
19.715    0.000095218355649885    0.000211865699021929    0.000000000000000000    0.001773231043160567    0.001019397168112741    0.000000000000000000
19.720    0.000095574412183303    0.000209516884092338    0.000000000000000000    0.001903738122791009    0.000997025748003533    0.000000000000000000
19.725    0.000095978062169792    0.000207192994806446    0.000000000000000000    0.001755266550756605    0.000955501118725909    0.000000000000000000
19.730    0.000096425593820049    0.000204892993048522    0.000000000000000000    0.001634937422702321    0.000984045817347843    0.000000000000000000
19.735    0.000096913998905874    0.000202617592436032    0.000000000000000000    0.001972600172704762    0.001056668960460090    0.000000000000000000
19.740    0.000097451718996016    0.000200368608547553    0.000000000000000000    0.002459974728504736    0.001075044100457999    0.000000000000000000
19.745    0.000098050938454371    0.000198146500761586    0.000000000000000000    0.002497823932477001    0.001141625731376295    0.000000000000000000
19.750    0.000098712603511038    0.000195952933618904    0.000000000000000000    0.002548686788446104    0.001013566757646252    0.000000000000000000
19.755    0.000099437985737417    0.000193784705645162    0.000000000000000000    0.002783499853832171    0.001041452181054555    0.000000000000000000
19.760    0.000100232955460141    0.000191642513975947    0.000000000000000000    0.003186341721792539    0.000960387144972050    0.000000000000000000
19.765    0.000101107583725909    0.000189524331985356    0.000000000000000000    0.002527152613966709    0.000707810422568211    0.000000000000000000
19.770    0.000102045390807027    0.000187423845255329    0.000000000000000000    0.002010607943190353    0.000337486182832268    0.000000000000000000
19.775    0.000103033463086725    0.000185331795679874    0.000000000000000000    0.001708939210826846    -0.000103235128282291    0.000000000000000000
19.780    0.000104064258846693    0.000183237165226211    0.000000000000000000    0.001336413837183599    -0.000508185106672587    0.000000000000000000
19.785    0.000105128464952591    0.000181129830144881    0.000000000000000000    0.000547110744290847    -0.000745916207268819    0.000000000000000000
19.790    0.000106206348827097    0.000179003847158370    0.000000000000000000    0.000511280144160605    -0.000936749772222816    0.000000000000000000
19.795    0.000107297014705206    0.000176854445427553    0.000000000000000000    0.000227183431661133    -0.001387317286896889    0.000000000000000000
19.800    0.000108393360169107    0.000174670360764563    0.000000000000000000    -0.000122537755593496    -0.001855392416841685    0.000000000000000000
19.805    0.000109486642189118    0.000172439891291153    0.000000000000000000    -0.000392276014428644    -0.002367865194987566    0.000000000000000000
19.810    0.000110570117308768    0.000170150225187868    0.000000000000000000    -0.000526673223588897    -0.002660615437426097    0.000000000000000000
19.815    0.000111640425597828    0.000167794043698647    0.000000000000000000    -0.000523429664001313    -0.002958720591309449    0.000000000000000000
19.820    0.000112697648145289    0.000165363894194643    0.000000000000000000    -0.000426821806965454    -0.003253372494907251    0.000000000000000000
19.825    0.000113744200147575    0.000162852410378267    0.000000000000000000    -0.000269121877590601    -0.003504967347821948    0.000000000000000000
19.830    0.000114784024102922    0.000160253302378195    0.000000000000000000    -0.000322343922804489    -0.003689486523332768    0.000000000000000000
19.835    0.000115815789460198    0.000157561957215040    0.000000000000000000    -0.000595614254832589    -0.003381744790263968    0.000000000000000000
19.840    0.000116832664461104    0.000154786068432128    0.000000000000000000    -0.001008448069001648    -0.003139212464685912    0.000000000000000000
19.845    0.000117824328260284    0.000151931699337600    0.000000000000000000    -0.001107165592848869    -0.002982294870314045    0.000000000000000000
19.850    0.000118788312919644    0.000149002772871313    0.000000000000000000    -0.000658870143052073    -0.002547562175059205    0.000000000000000000
19.855    0.000119735825825427    0.000146010157350650    0.000000000000000000    -0.000866482137540478    -0.002313154381404026    0.000000000000000000
19.860    0.000120661676677771    0.000142959712970452    0.000000000000000000    -0.001431443647305938    -0.002052675022386511    0.000000000000000000
19.865    0.000121551741438933    0.000139857951714694    0.000000000000000000    -0.001829335866453748    -0.001587640004377779    0.000000000000000000
19.870    0.000122396072803434    0.000136716499458826    0.000000000000000000    -0.001943379954284308    -0.001105507147535281    0.000000000000000000
19.875    0.000123191819669077    0.000133547409524270    0.000000000000000000    -0.001924131272683849    -0.000622159479421458    0.000000000000000000
19.880    0.000123939463252904    0.000130362765602729    0.000000000000000000    -0.002155521471698067    -0.000447881515308439    0.000000000000000000
19.885    0.000124633218799938    0.000127166924643305    0.000000000000000000    -0.001933158835456692    -0.000304556817559308    0.000000000000000000
19.890    0.000125278645376085    0.000123963469763442    0.000000000000000000    -0.001436316759606451    0.000119196811429381    0.000000000000000000
19.895    0.000125888164033242    0.000120762994803865    0.000000000000000000    -0.001395683070221218    0.000589690439051693    0.000000000000000000
19.900    0.000126462790613644    0.000117577262105264    0.000000000000000000    -0.001436174042400125    0.001055111611605181    0.000000000000000000
19.905    0.000127001512842986    0.000114417907196953    0.000000000000000000    -0.001493098475868933    0.001208300318586127    0.000000000000000000
19.910    0.000127502907610431    0.000111288759796607    0.000000000000000000    -0.001311153132891934    0.001357492338643603    0.000000000000000000
19.915    0.000127971523549554    0.000108193549704727    0.000000000000000000    -0.001326968340822085    0.001463811060464283    0.000000000000000000
19.920    0.000128406965280156    0.000105134934889358    0.000000000000000000    -0.001146558966260260    0.001501307897978595    0.000000000000000000
19.925    0.000128813743036602    0.000102113852771439    0.000000000000000000    -0.001165909441155650    0.001432725888138005    0.000000000000000000
19.930    0.000129191373057019    0.000099128588800724    0.000000000000000000    -0.000904672564045828    0.001530127755408487    0.000000000000000000
19.935    0.000129546386263334    0.000096181578023893    0.000000000000000000    -0.000296227282615578    0.001680094787315364    0.000000000000000000
19.940    0.000129893993787585    0.000093276569616746    0.000000000000000000    -0.000054201087949443    0.001817727949225407    0.000000000000000000
19.945    0.000130240246284636    0.000090417004408329    0.000000000000000000    -0.000058695772668258    0.002163592314612952    0.000000000000000000
19.950    0.000130585031387371    0.000087611529007778    0.000000000000000000    -0.000455396960320634    0.002528879307499873    0.000000000000000000
19.955    0.000130918431566098    0.000084869275589914    0.000000000000000000    -0.000576780524650083    0.002753865871801212    0.000000000000000000
19.960    0.000131237412231708    0.000082195868818845    0.000000000000000000    -0.000126846386617075    0.002993081902463181    0.000000000000000000
19.965    0.000131553221737654    0.000079597289095337    0.000000000000000000    0.000152495374303434    0.003372461141839850    0.000000000000000000
19.970    0.000131872843627956    0.000077083020900376    0.000000000000000000    0.000248936368044735    0.003623600773041357    0.000000000000000000
19.975    0.000132198688927460    0.000074659342724740    0.000000000000000000    0.000817517079157231    0.003725284975746447    0.000000000000000000
19.980    0.000132544972153943    0.000072328796673499    0.000000000000000000    0.000873230558602351    0.003802007517663048    0.000000000000000000
19.985    0.000132913086144391    0.000070093300810199    0.000000000000000000    0.000989316153297186    0.003742721829550280    0.000000000000000000
19.990    0.000133305933038671    0.000067951372992637    0.000000000000000000    0.001242992088354433    0.003810486907923193    0.000000000000000000
19.995    0.000133729854735160    0.000065904707347774    0.000000000000000000    0.000786589268943119    0.003752778120689180    0.000000000000000000
20.000    0.000134173441163373    0.000063951861155928    0.000000000000000000    0.000498308430302383    0.003456056029440516    0.000000000000000000
20.005    0.000134629485302343    0.000062085416364818    0.000000000000000000    0.000500332537174079    0.003349545334797649    0.000000000000000000
20.010    0.000135098037754743    0.000060302710207078    0.000000000000000000    0.000223444210369593    0.003198196826504035    0.000000000000000000
20.015    0.000135572176312402    0.000058599958970000    0.000000000000000000    0.000255168163278661    0.002989666553515516    0.000000000000000000
20.020    0.000136052694074143    0.000056971949396761    0.000000000000000000    0.000529711919585113    0.002639836122511044    0.000000000000000000
20.025    0.000136546454633873    0.000055409935726584    0.000000000000000000    0.000512350820684390    0.002638814155131073    0.000000000000000000
20.030    0.000137053023964121    0.000053913892410285    0.000000000000000000    0.000594642688478203    0.002354551037829879    0.000000000000000000
20.035    0.000137574459361580    0.000052476712869932    0.000000000000000000    0.000921292292607951    0.002257640185577214    0.000000000000000000
20.040    0.000138118927066355    0.000051095974334219    0.000000000000000000    0.000565162919784765    0.002212901386985044    0.000000000000000000
20.045    0.000138677523844124    0.000049770558333180    0.000000000000000000    0.000389714637492357    0.001959552157819141    0.000000000000000000
20.050    0.000139245863487831    0.000048494131136087    0.000000000000000000    0.000476094655079903    0.001806744587947101    0.000000000000000000
20.055    0.000139826105497915    0.000047262872553692    0.000000000000000000    0.000260371992438779    0.001616690780450439    0.000000000000000000
20.060    0.000140412856807809    0.000046072031240809    0.000000000000000000    0.000137544270321184    0.001425597091939633    0.000000000000000000
20.065    0.000141003046724462    0.000044916829855224    0.000000000000000000    -0.000235084073742882    0.001468286193366877    0.000000000000000000
20.070    0.000141587359539271    0.000043798335624473    0.000000000000000000    -0.000512785474751686    0.001529825189553629    0.000000000000000000
20.075    0.000142158852717211    0.000042718087023461    0.000000000000000000    -0.000798892969800739    0.001430946742950710    0.000000000000000000
20.080    0.000142710373570907    0.000041673612091023    0.000000000000000000    -0.001451395554401269    0.001326601504397296    0.000000000000000000
20.085    0.000143225609535742    0.000040662302196195    0.000000000000000000    -0.001738241981235006    0.001262484614452980    0.000000000000000000
20.090    0.000143697389451046    0.000039682554416728    0.000000000000000000    -0.001996666412526060    0.001458403829370739    0.000000000000000000
20.095    0.000144119252706037    0.000038739266732996    0.000000000000000000    -0.001944228289712906    0.001480330091717841    0.000000000000000000
20.100    0.000144492510253786    0.000037832987301556    0.000000000000000000    -0.001578908258709471    0.001628018104728917    0.000000000000000000
20.105    0.000144826295095066    0.000036967408322735    0.000000000000000000    -0.001556511151001513    0.001857020509509692    0.000000000000000000
20.110    0.000145121167157572    0.000036148254856651    0.000000000000000000    -0.001832958510878313    0.001681401382071799    0.000000000000000000
20.115    0.000145370215257306    0.000035371136425119    0.000000000000000000    -0.002228131101325278    0.001570017391490321    0.000000000000000000
20.120    0.000145563560079506    0.000034633268428375    0.000000000000000000    -0.002121586538272489    0.001663455440158840    0.000000000000000000
20.125    0.000145703865238250    0.000033936986817634    0.000000000000000000    -0.001692031756246040    0.001889082356199912    0.000000000000000000
20.130    0.000145801869603087    0.000033287932265799    0.000000000000000000    -0.001805175450235626    0.001748264739617257    0.000000000000000000
20.135    0.000145854744581669    0.000032682584332453    0.000000000000000000    -0.002040847499103909    0.001752355291716233    0.000000000000000000
20.140    0.000145856598372773    0.000032121045281401    0.000000000000000000    -0.002011533156866642    0.001782815837066934    0.000000000000000000
20.145    0.000145808163834956    0.000031604076626275    0.000000000000000000    -0.002285150312452029    0.001815297103878346    0.000000000000000000
20.150    0.000145702600539327    0.000031132490398747    0.000000000000000000    -0.002266938200125995    0.001840715203143802    0.000000000000000000
20.155    0.000145540363788695    0.000030706922051297    0.000000000000000000    -0.001976322162789606    0.001687070594296033    0.000000000000000000
20.160    0.000145328718983993    0.000030323530468704    0.000000000000000000    -0.001760389420599239    0.001766405713965783    0.000000000000000000
20.165    0.000145073064443776    0.000029984299028961    0.000000000000000000    -0.001603951713307966    0.001815583504575070    0.000000000000000000
20.170    0.000144777311110727    0.000029690457176831    0.000000000000000000    -0.001444271068323138    0.001853704105960071    0.000000000000000000
20.175    0.000144445451000969    0.000029442957927351    0.000000000000000000    -0.000921341090457392    0.001835575006768029    0.000000000000000000
20.180    0.000144090557363950    0.000029241348053040    0.000000000000000000    -0.000448546931105989    0.001903675552523574    0.000000000000000000
20.185    0.000143724450053654    0.000029087330067542    0.000000000000000000    -0.000041270932026700    0.001894504646097404    0.000000000000000000
20.190    0.000143357310970056    0.000028980674698197    0.000000000000000000    0.000403580430802979    0.002088023021061075    0.000000000000000000
20.195    0.000143000261397229    0.000028926219904378    0.000000000000000000    0.000922006065611327    0.002085076444073000    0.000000000000000000
20.200    0.000142666261976042    0.000028923892021661    0.000000000000000000    0.001163293418689725    0.002187785523040777    0.000000000000000000
20.205    0.000142361344890322    0.000028976258777020    0.000000000000000000    0.001375444236089395    0.002442115184678271    0.000000000000000000
20.210    0.000142090813910505    0.000029089678411996    0.000000000000000000    0.001772289437099867    0.002554729787611543    0.000000000000000000
20.215    0.000141864590166615    0.000029266966291662    0.000000000000000000    0.002362569040080791    0.002329696404817653    0.000000000000000000
20.220    0.000141697430648727    0.000029502496581449    0.000000000000000000    0.002616343626015002    0.002190300020080724    0.000000000000000000
20.225    0.000141595679721490    0.000029792784371737    0.000000000000000000    0.002617159082351356    0.002062514302292344    0.000000000000000000
20.230    0.000141559357771311    0.000030134635019583    0.000000000000000000    0.003025881078168790    0.001884315520183830    0.000000000000000000
20.235    0.000141598682848086    0.000030523593555434    0.000000000000000000    0.003216131436810767    0.001686487912010230    0.000000000000000000
20.240    0.000141718411210782    0.000030954714289085    0.000000000000000000    0.003494142658514061    0.001569177207683462    0.000000000000000000
20.245    0.000141925493139940    0.000031425064452928    0.000000000000000000    0.003612152328669486    0.001403804682796389    0.000000000000000000
20.250    0.000142222878877316    0.000031930509733841    0.000000000000000000    0.003437722651828800    0.001005162683306599    0.000000000000000000
20.255    0.000142606207680987    0.000032461084081836    0.000000000000000000    0.003460197123748799    0.000649549013107518    0.000000000000000000
20.260    0.000143076041412751    0.000033007897155159    0.000000000000000000    0.003280704948615360    0.000180316821764802    0.000000000000000000
20.265    0.000143627892768232    0.000033559218149027    0.000000000000000000    0.003125850286968528    -0.000134702736768132    0.000000000000000000
20.270    0.000144257890380886    0.000034107171574475    0.000000000000000000    0.002852802301396996    -0.000420270516791313    0.000000000000000000
20.275    0.000144959208051075    0.000034644618237003    0.000000000000000000    0.002863770126698391    -0.000723854213372833    0.000000000000000000
20.280    0.000145732119974432    0.000035163968544197    0.000000000000000000    0.002875196634087324    -0.001241310401368045    0.000000000000000000
20.285    0.000146576911813641    0.000035652286091357    0.000000000000000000    0.002612338281402166    -0.001852623340224918    0.000000000000000000
20.290    0.000147487012109885    0.000036094288055011    0.000000000000000000    0.002577574839980872    -0.002186539775638787    0.000000000000000000
20.295    0.000148461551777128    0.000036481626524274    0.000000000000000000    0.002406478830033068    -0.002467669569508266    0.000000000000000000
20.300    0.000149496253415123    0.000036807273254300    0.000000000000000000    0.001721399141065569    -0.002669812127872504    0.000000000000000000
20.305    0.000150573990031644    0.000037066174681128    0.000000000000000000    0.001290231711996307    -0.002708852935051393    0.000000000000000000
20.310    0.000151683982440964    0.000037257354784581    0.000000000000000000    0.001014364873114281    -0.002735043113295289    0.000000000000000000
20.315    0.000152819333972113    0.000037380158810201    0.000000000000000000    0.000891258845122245    -0.002671764694845899    0.000000000000000000
20.320    0.000153976966974390    0.000037436168718449    0.000000000000000000    0.000487827108763611    -0.002618261164728537    0.000000000000000000
20.325    0.000155146795654386    0.000037426722097580    0.000000000000000000    0.000190129611506813    -0.002674902644544432    0.000000000000000000
20.330    0.000156321377574669    0.000037350402910597    0.000000000000000000    -0.000083728634865231    -0.002541249940808286    0.000000000000000000
20.335    0.000157493866279081    0.000037210552475094    0.000000000000000000    -0.000012779200082033    -0.002319000115777480    0.000000000000000000
20.340    0.000158666035503491    0.000037012727036696    0.000000000000000000    0.000171698282839736    -0.001977418738849271    0.000000000000000000
20.345    0.000159842497184972    0.000036765466129827    0.000000000000000000    -0.000128567522562429    -0.001647401125598144    0.000000000000000000
20.350    0.000161015744678389    0.000036477020194819    0.000000000000000000    -0.000619650173310036    -0.001253663760081617    0.000000000000000000
20.355    0.000162173500917473    0.000036157232665808    0.000000000000000000    -0.000993187259240580    -0.000685020663214464    0.000000000000000000
20.360    0.000163306427475076    0.000035820319620217    0.000000000000000000    -0.001164670039139303    0.000033188066829502    0.000000000000000000
20.365    0.000164410237281700    0.000035484236276296    0.000000000000000000    -0.001085064211292812    0.000629003312668699    0.000000000000000000
20.370    0.000165486920483042    0.000035163878015192    0.000000000000000000    -0.001237227905148165    0.001172710490877958    0.000000000000000000
20.375    0.000166532672986756    0.000034872837516361    0.000000000000000000    -0.001965016485941341    0.001664258853948872    0.000000000000000000
20.380    0.000167529300078321    0.000034623403488878    0.000000000000000000    -0.002412265289080447    0.002228688892359776    0.000000000000000000
20.385    0.000168465620537659    0.000034429686683704    0.000000000000000000    -0.002444173520291769    0.002677667024201960    0.000000000000000000
20.390    0.000169340836658989    0.000034302911554134    0.000000000000000000    -0.002593823844316938    0.003192261980697775    0.000000000000000000
20.395    0.000170151207184212    0.000034255942974083    0.000000000000000000    -0.002613759556794465    0.003658154138158967    0.000000000000000000
20.400    0.000170896233720515    0.000034300428247485    0.000000000000000000    -0.002573772224796333    0.004040188696142772    0.000000000000000000
20.405    0.000171576915951198    0.000034445918238291    0.000000000000000000    -0.002524485695506009    0.004565245774762894    0.000000000000000000
20.410    0.000172194486039493    0.000034705539373466    0.000000000000000000    -0.002407882575026577    0.004819638414313475    0.000000000000000000
20.415    0.000172751859063413    0.000035085651468999    0.000000000000000000    -0.002572847679479726    0.005038206104122553    0.000000000000000000
20.420    0.000173244910895346    0.000035591718717135    0.000000000000000000    -0.002694079166148814    0.005117555558460467    0.000000000000000000
20.425    0.000173670610748125    0.000036225724854233    0.000000000000000000    -0.002941230431501799    0.005165594293348808    0.000000000000000000
20.430    0.000174022779840116    0.000036988870848664    0.000000000000000000    -0.003573830977586859    0.005164172081956912    0.000000000000000000
20.435    0.000174285603157668    0.000037881121145144    0.000000000000000000    -0.003945973097020487    0.004989524554851218    0.000000000000000000
20.440    0.000174449777147794    0.000038898109555495    0.000000000000000000    -0.004044233813788566    0.004596902468084306    0.000000000000000000
20.445    0.000174512845292575    0.000040030020527549    0.000000000000000000    -0.003842016171140376    0.004377834063780947    0.000000000000000000
20.450    0.000174479863033078    0.000041271377351197    0.000000000000000000    -0.003850723247569594    0.004097744332720024    0.000000000000000000
20.455    0.000174350612692392    0.000042615177783163    0.000000000000000000    -0.004037594795009390    0.003833375765866247    0.000000000000000000
20.460    0.000174120422481831    0.000044054812609275    0.000000000000000000    -0.003950475125648854    0.003610743095080018    0.000000000000000000
20.465    0.000173791470393128    0.000045584716012765    0.000000000000000000    -0.003825747299473874    0.003221802024121841    0.000000000000000000
20.470    0.000173366874621938    0.000047195164466858    0.000000000000000000    -0.003607675658211544    0.002812785522103567    0.000000000000000000
20.475    0.000172852086959294    0.000048875932559003    0.000000000000000000    -0.003936621991491472    0.002491464105893175    0.000000000000000000
20.480    0.000172238883746861    0.000050618987253796    0.000000000000000000    -0.003764991519279726    0.001931291110958682    0.000000000000000000
20.485    0.000171531555746447    0.000052410324226362    0.000000000000000000    -0.003542369831406210    0.001429316689990966    0.000000000000000000
20.490    0.000170735668500248    0.000054237394116178    0.000000000000000000    -0.003196038881317018    0.001089497531098097    0.000000000000000000
20.495    0.000169859880282016    0.000056091701444272    0.000000000000000000    -0.002974841549251497    0.000649553853538959    0.000000000000000000
20.500    0.000168909721025052    0.000057962247618705    0.000000000000000000    -0.003741833945785289    0.000517878907761575    0.000000000000000000
20.505    0.000167866015919444    0.000059845740765831    0.000000000000000000    -0.004194432336700193    0.000481515299244014    0.000000000000000000
20.510    0.000166717450005419    0.000061741271795438    0.000000000000000000    -0.003961435705964389    0.000043994352333517    0.000000000000000000
20.515    0.000165469848198744    0.000063637902683854    0.000000000000000000    -0.004329527550322836    -0.000439499443513429    0.000000000000000000
20.520    0.000164114008203311    0.000065523546086182    0.000000000000000000    -0.004115929821121639    -0.000553636415153900    0.000000000000000000
20.525    0.000162655269962350    0.000067395348578131    0.000000000000000000    -0.003502820180874668    -0.000689434855490599    0.000000000000000000
20.530    0.000161108961216868    0.000069249915198693    0.000000000000000000    -0.003471462636729823    -0.000916344601189058    0.000000000000000000
20.535    0.000159475865905467    0.000071081573204225    0.000000000000000000    -0.003924107391798564    -0.000934316291742975    0.000000000000000000
20.540    0.000157744667909271    0.000072889873302464    0.000000000000000000    -0.003995683070452975    -0.001075145998806156    0.000000000000000000
20.545    0.000155913577836313    0.000074671294750732    0.000000000000000000    -0.003671000836600333    -0.001041948571645405    0.000000000000000000
20.550    0.000153990712742441    0.000076426667484709    0.000000000000000000    -0.003343893576833023    -0.000989551240286666    0.000000000000000000
20.555    0.000151984250309148    0.000078157301437679    0.000000000000000000    -0.003492047236066309    -0.000872229712000575    0.000000000000000000
20.560    0.000149890486694953    0.000079866129647849    0.000000000000000000    -0.003357843565453874    -0.000631952687459047    0.000000000000000000
20.565    0.000147712776991622    0.000081559159040833    0.000000000000000000    -0.002891492075676304    -0.000463428660431395    0.000000000000000000
20.570    0.000145462779986399    0.000083240602717306    0.000000000000000000    -0.002881739516793222    -0.000022553116379108    0.000000000000000000
20.575    0.000143140739493256    0.000084921482565869    0.000000000000000000    -0.003147225944155748    0.000168350134581528    0.000000000000000000
20.580    0.000140740018351510    0.000086606571167797    0.000000000000000000    -0.002888357444989775    0.000364544736059088    0.000000000000000000
20.585    0.000138267088273638    0.000088300773388126    0.000000000000000000    -0.002562983502297405    0.000558938622724470    0.000000000000000000
20.590    0.000135730083608209    0.000090008949074023    0.000000000000000000    -0.002329648257041062    0.000584278526724992    0.000000000000000000
20.595    0.000133134837736354    0.000091731731723089    0.000000000000000000    -0.001837135736367651    0.000730018707380590    0.000000000000000000
20.600    0.000130493663471090    0.000093472764839839    0.000000000000000000    -0.001831142446297694    0.000960479363750237    0.000000000000000000
20.605    0.000127806710644669    0.000095237809940683    0.000000000000000000    -0.001700892888284672    0.000969614342449278    0.000000000000000000
20.610    0.000125077235496040    0.000097027095400088    0.000000000000000000    -0.001469684157357539    0.000892734485197872    0.000000000000000000
20.615    0.000122311018243477    0.000098838699221623    0.000000000000000000    -0.001208644715091798    0.000982448857508628    0.000000000000000000
20.620    0.000119514584873038    0.000100674864264596    0.000000000000000000    -0.000799146220354947    0.000897218921117808    0.000000000000000000
20.625    0.000116698172847089    0.000102533459780596    0.000000000000000000    -0.000922236939092467    0.000903412380222758    0.000000000000000000
20.630    0.000113858704897663    0.000104414640606103    0.000000000000000000    -0.001222443715840813    0.000686044347291965    0.000000000000000000
20.635    0.000110988675855341    0.000106312972540291    0.000000000000000000    -0.001410637675644684    0.000440401622473223    0.000000000000000000
20.640    0.000108083380871127    0.000108222314515042    0.000000000000000000    -0.001616813040249566    0.000224596722606172    0.000000000000000000
20.645    0.000105137665560908    0.000110137271407857    0.000000000000000000    -0.001829405075121407    -0.000063795289152800    0.000000000000000000
20.650    0.000102146215123810    0.000112050633418444    0.000000000000000000    -0.001985856746530086    -0.000250587339542378    0.000000000000000000
20.655    0.000099105118268050    0.000113957730745542    0.000000000000000000    -0.002146406018000758    -0.000247073024988494    0.000000000000000000
20.660    0.000096010361261839    0.000115858651247015    0.000000000000000000    -0.002225959683016987    -0.000224199336662035    0.000000000000000000
20.665    0.000092859955263553    0.000117753966765072    0.000000000000000000    -0.002292866928268957    -0.000496367788650016    0.000000000000000000
20.670    0.000089652227592060    0.000119636873088413    0.000000000000000000    -0.002510370377241194    -0.000768971160964747    0.000000000000000000
20.675    0.000086381740661136    0.000121500555132729    0.000000000000000000    -0.002728236338060143    -0.001098598785201485    0.000000000000000000
20.680    0.000083043047821760    0.000123336772207416    0.000000000000000000    -0.002954884639891288    -0.001644208165628913    0.000000000000000000
20.685    0.000079630482866388    0.000125131884077962    0.000000000000000000    -0.003437705596328992    -0.002103783560044583    0.000000000000000000
20.690    0.000076131975271107    0.000126874401359506    0.000000000000000000    -0.003321780781000323    -0.002397602678002892    0.000000000000000000
20.695    0.000072550423156301    0.000128556978574101    0.000000000000000000    -0.003384472989924510    -0.002631484970850922    0.000000000000000000
20.700    0.000068884259216747    0.000130173768664424    0.000000000000000000    -0.003239406336222523    -0.002862559570035884    0.000000000000000000
20.705    0.000065137110118787    0.000131718994765496    0.000000000000000000    -0.003023506998897944    -0.003177037304140070    0.000000000000000000
20.710    0.000061314373345855    0.000133184794933965    0.000000000000000000    -0.002995425716993661    -0.003260957373633867    0.000000000000000000
20.715    0.000057416750929998    0.000134569071168093    0.000000000000000000    -0.003170657212094030    -0.003370042658995846    0.000000000000000000
20.720    0.000053439862083839    0.000135869096335747    0.000000000000000000    -0.003272623707325335    -0.003512874187052610    0.000000000000000000
20.725    0.000049381157644996    0.000137081299648723    0.000000000000000000    -0.003460657506712105    -0.003553494322669276    0.000000000000000000
20.730    0.000045235936768486    0.000138204665603634    0.000000000000000000    -0.003562759685825617    -0.003645572279997299    0.000000000000000000
20.735    0.000041001646899830    0.000139236892251544    0.000000000000000000    -0.003374645886127729    -0.003730338690555819    0.000000000000000000
20.740    0.000036682990884021    0.000140175860432190    0.000000000000000000    -0.003631191236047214    -0.004027543559744287    0.000000000000000000
20.745    0.000032273555087311    0.000141014140023843    0.000000000000000000    -0.003675566362923487    -0.004425084511128306    0.000000000000000000
20.750    0.000027772230131528    0.000141741792502717    0.000000000000000000    -0.003603233485430669    -0.004491050839665073    0.000000000000000000
20.755    0.000023180824338609    0.000142357168710600    0.000000000000000000    -0.003396422683966136    -0.004351183223468393    0.000000000000000000
20.760    0.000018504507978590    0.000142863765337896    0.000000000000000000    -0.003080028926001383    -0.004238454330305957    0.000000000000000000
20.765    0.000013751190895422    0.000143264400606935    0.000000000000000000    -0.002797318644265129    -0.004253750185594703    0.000000000000000000
20.770    0.000008927940846147    0.000143558692121333    0.000000000000000000    -0.002504766641330973    -0.004187910603723399    0.000000000000000000
20.775    0.000004042071630839    0.000143748285870639    0.000000000000000000    -0.002542568677385811    -0.004028848913029603    0.000000000000000000
20.780    -0.000000907361801404    0.000143837158397118    0.000000000000000000    -0.002825236081770175    -0.004010830723932823    0.000000000000000000
20.785    -0.000005927426135691    0.000143825760155500    0.000000000000000000    -0.003100755607987598    -0.004060635906903264    0.000000000000000000
20.790    -0.000011025009360178    0.000143712846016209    0.000000000000000000    -0.002988146098016171    -0.003908321363927389    0.000000000000000000
20.795    -0.000016197296237115    0.000143502223842819    0.000000000000000000    -0.002785571961557307    -0.003895451526656846    0.000000000000000000
20.800    -0.000021439222413091    0.000143194215381264    0.000000000000000000    -0.002326473685544406    -0.003968580609840832    0.000000000000000000
20.805    -0.000026739310431206    0.000142786992404462    0.000000000000000000    -0.001894415555501067    -0.003728743949552070    0.000000000000000000
20.810    -0.000032086758838208    0.000142286550828921    0.000000000000000000    -0.001693928277074198    -0.003474788784690397    0.000000000000000000
20.815    -0.000037476555452137    0.000141699239533764    0.000000000000000000    -0.001764436176762100    -0.003331063390183591    0.000000000000000000
20.820    -0.000042910462970485    0.000141028651653851    0.000000000000000000    -0.002173952401475238    -0.003143287948055747    0.000000000000000000
20.825    -0.000048398719298870    0.000140279481575237    0.000000000000000000    -0.001525755840139443    -0.003002335823436330    0.000000000000000000
20.830    -0.000053925119523259    0.000139455253101038    0.000000000000000000    -0.000818951325044976    -0.002881473529637961    0.000000000000000000
20.835    -0.000059471993530773    0.000138558987788597    0.000000000000000000    -0.000530926795355897    -0.002575233464794692    0.000000000000000000
20.840    -0.000065032140708172    0.000137598341639537    0.000000000000000000    -0.000625742889422479    -0.002350254534297424    0.000000000000000000
20.845    -0.000070607931457806    0.000136578939127119    0.000000000000000000    -0.000559328827888115    -0.002026676062613251    0.000000000000000000
20.850    -0.000076197705428137    0.000135508869713135    0.000000000000000000    -0.000223474235436227    -0.001744905458571106    0.000000000000000000
20.855    -0.000081793066254354    0.000134395177662688    0.000000000000000000    -0.000141917170821547    -0.001455489712063902    0.000000000000000000
20.860    -0.000087391975009842    0.000133245098369439    0.000000000000000000    -0.000110892078588839    -0.001348156861541959    0.000000000000000000
20.865    -0.000092993656067295    0.000132061315154651    0.000000000000000000    -0.000076261418082172    -0.001298417039480478    0.000000000000000000
20.870    -0.000098597243660199    0.000130845071513876    0.000000000000000000    -0.000122677428256580    -0.001076903549164119    0.000000000000000000
20.875    -0.000104203898188810    0.000129601905284372    0.000000000000000000    -0.000076760365030925    -0.000872876298252997    0.000000000000000000
20.880    -0.000109812471726547    0.000128336917147412    0.000000000000000000    -0.000134942676869340    -0.000875327392814689    0.000000000000000000
20.885    -0.000115424418831205    0.000127050045825632    0.000000000000000000    0.000152767936877074    -0.000815793293872796    0.000000000000000000
20.890    -0.000121032546737442    0.000125742779671504    0.000000000000000000    0.000120566409486851    -0.000726750968945604    0.000000000000000000
20.895    -0.000126637660483441    0.000124417344743153    0.000000000000000000    0.000050563767843418    -0.000669653343159105    0.000000000000000000
20.900    -0.000132241510135244    0.000123075168481223    0.000000000000000000    0.000199860561411183    -0.000692462032874687    0.000000000000000000
20.905    -0.000137840363273012    0.000121715680668472    0.000000000000000000    0.000487038283843513    -0.000648295085972595    0.000000000000000000
20.910    -0.000143427040453684    0.000120339985478570    0.000000000000000000    0.000977789992867443    -0.000646980706877666    0.000000000000000000
20.915    -0.000148989272884534    0.000118948115770997    0.000000000000000000    0.001047097187030889    -0.000797015758280287    0.000000000000000000
20.920    -0.000154525327885709    0.000117536320669467    0.000000000000000000    0.000665245432379018    -0.000867414231054721    0.000000000000000000
20.925    -0.000160044751751074    0.000116102840212161    0.000000000000000000    0.000627823317035430    -0.000813544143797628    0.000000000000000000
20.930    -0.000165548480033513    0.000114649021151259    0.000000000000000000    0.000846169337429372    -0.000781689217795945    0.000000000000000000
20.935    -0.000171031054082516    0.000113175659859913    0.000000000000000000    0.000726819104710646    -0.000841088354612269    0.000000000000000000
20.940    -0.000176495457653902    0.000111681271359701    0.000000000000000000    0.000565517555455638    -0.001058722358315486    0.000000000000000000
20.945    -0.000181945723286401    0.000110160414800532    0.000000000000000000    0.000737173853385901    -0.001217953301144918    0.000000000000000000
20.950    -0.000187377559572565    0.000108609109408834    0.000000000000000000    0.001187081744950802    -0.001345871154570500    0.000000000000000000
20.955    -0.000192779718815106    0.000107024157238271    0.000000000000000000    0.000936260884302868    -0.001358892549658446    0.000000000000000000
20.960    -0.000198158471535539    0.000105405232753968    0.000000000000000000    0.000799408834910699    -0.001425864709986768    0.000000000000000000
20.965    -0.000203517239035100    0.000103750661651914    0.000000000000000000    0.000844452557614275    -0.001513088839940582    0.000000000000000000
20.970    -0.000208854895220720    0.000102058263328862    0.000000000000000000    0.000754076707341813    -0.001734133762443810    0.000000000000000000
20.975    -0.000214173699488656    0.000100322511661749    0.000000000000000000    0.000911450148406538    -0.002056766189027543    0.000000000000000000
20.980    -0.000219469717502883    0.000098535340839910    0.000000000000000000    0.001139243749637706    -0.002314959246075914    0.000000000000000000
20.985    -0.000224737254423368    0.000096690296036919    0.000000000000000000    0.001275449908147864    -0.002365140802330565    0.000000000000000000
20.990    -0.000229972905096150    0.000094786122713870    0.000000000000000000    0.001387785589141745    -0.002387570564955162    0.000000000000000000
20.995    -0.000235173861129203    0.000092822260126698    0.000000000000000000    0.001427595274453453    -0.002495678305401467    0.000000000000000000
21.000    -0.000240339127280395    0.000090796005581890    0.000000000000000000    0.001148377291826331    -0.002297601259903365    0.000000000000000000
21.005    -0.000245475683999291    0.000088712311005584    0.000000000000000000    0.001134154651307676    -0.002105938261209254    0.000000000000000000
21.010    -0.000250583886851904    0.000086575967972749    0.000000000000000000    0.001121354177924597    -0.001941790345045798    0.000000000000000000
21.015    -0.000255664055850070    0.000084391080181287    0.000000000000000000    0.001186147825379350    -0.001841988035118712    0.000000000000000000
21.020    -0.000260714571152601    0.000082160142688947    0.000000000000000000    0.000981969429329071    -0.001655008022521487    0.000000000000000000
21.025    -0.000265740537219398    0.000079887829996044    0.000000000000000000    0.000884821686512275    -0.001396936835629226    0.000000000000000000
21.030    -0.000270744382744033    0.000077580593882250    0.000000000000000000    0.000503033607461654    -0.001267477720375736    0.000000000000000000
21.035    -0.000275735652428481    0.000075241670825447    0.000000000000000000    0.000979942676991065    -0.000788004461882625    0.000000000000000000
21.040    -0.000280702423546005    0.000072883047657097    0.000000000000000000    0.001323923666703142    -0.000491689693035680    0.000000000000000000
21.045    -0.000285636096571861    0.000070512132246421    0.000000000000000000    0.001055068903192419    -0.000222381325315642    0.000000000000000000
21.050    -0.000290543392875137    0.000068135657302613    0.000000000000000000    0.000994183667491627    -0.000056400736919899    0.000000000000000000
21.055    -0.000295425834586726    0.000065757772340381    0.000000000000000000    0.001612908101169142    0.000197440576846881    0.000000000000000000
21.060    -0.000300267953595786    0.000063384823392570    0.000000000000000000    0.001744324030288850    0.000521777286307005    0.000000000000000000
21.065    -0.000305066464504088    0.000061024918876917    0.000000000000000000    0.001657532913022699    0.000611983715892135    0.000000000000000000
21.070    -0.000309823537089565    0.000058680313954161    0.000000000000000000    0.001588532081426945    0.001044747547882820    0.000000000000000000
21.075    -0.000314540896373006    0.000056361827720103    0.000000000000000000    0.001327822362303440    0.001351820440286531    0.000000000000000000
21.080    -0.000319225060097390    0.000054077136997051    0.000000000000000000    0.001204220095238351    0.001522640729731319    0.000000000000000000
21.085    -0.000323879118319392    0.000051830512292243    0.000000000000000000    0.001445290740216716    0.001685904814649009    0.000000000000000000
21.090    -0.000328497044272889    0.000049626035207801    0.000000000000000000    0.002023275656303641    0.001661282373421435    0.000000000000000000
21.095    -0.000333064388334979    0.000047463090182695    0.000000000000000000    0.002372140116729034    0.001771934552061410    0.000000000000000000
21.100    -0.000337572428894150    0.000045344443521390    0.000000000000000000    0.002299505973205052    0.001789513030033148    0.000000000000000000
21.105    -0.000342022981803992    0.000043270534685836    0.000000000000000000    0.002409000264141665    0.001680448831334401    0.000000000000000000
21.110    -0.000346413309707229    0.000041238637071065    0.000000000000000000    0.002434315046616776    0.001756362805465522    0.000000000000000000
21.115    -0.000350742779734302    0.000039250648526431    0.000000000000000000    0.002429765825504113    0.001654448050061104    0.000000000000000000
21.120    -0.000355011505615736    0.000037304021183049    0.000000000000000000    0.002616988170913142    0.001304749692514163    0.000000000000000000
21.125    -0.000359214806792898    0.000035390012581979    0.000000000000000000    0.003168386838328738    0.000967987021227167    0.000000000000000000
21.130    -0.000363338898299102    0.000033500203656440    0.000000000000000000    0.003845501263151363    0.000743714395744644    0.000000000000000000
21.135    -0.000367366852273727    0.000031628987590795    0.000000000000000000    0.003966188217058471    0.000347624015116261    0.000000000000000000
21.140    -0.000371295651542925    0.000029766462125527    0.000000000000000000    0.003773630709834070    -0.000090878439572663    0.000000000000000000
21.145    -0.000375130110044378    0.000027901664699271    0.000000000000000000    0.003797184988543843    -0.000451960335314525    0.000000000000000000
21.150    -0.000378869638921117    0.000026025568264631    0.000000000000000000    0.003936772858387488    -0.000976812491409031    0.000000000000000000
21.155    -0.000382510748476396    0.000024125051517706    0.000000000000000000    0.003872919663297156    -0.001437619397116435    0.000000000000000000
21.160    -0.000386055035040093    0.000022188594285853    0.000000000000000000    0.003908506739781596    -0.001720108861508787    0.000000000000000000
21.165    -0.000389501608935295    0.000020209134332463    0.000000000000000000    0.003994990235753858    -0.002040598347604916    0.000000000000000000
21.170    -0.000392848308074603    0.000018178659420382    0.000000000000000000    0.003912430161434263    -0.002700942417854459    0.000000000000000000
21.175    -0.000396097196459876    0.000016080660947855    0.000000000000000000    0.004053475196263371    -0.003130153087405849    0.000000000000000000
21.180    -0.000399244747965242    0.000013904408648143    0.000000000000000000    0.004569477989727934    -0.003392801046065536    0.000000000000000000
21.185    -0.000402278062520865    0.000011643336322279    0.000000000000000000    0.004505500634877438    -0.003697031072453206    0.000000000000000000
21.190    -0.000405198739560616    0.000009289838219604    0.000000000000000000    0.004209753781546539    -0.003915175307590688    0.000000000000000000
21.195    -0.000408014172755828    0.000006838460734239    0.000000000000000000    0.003918454284904289    -0.003985794518360944    0.000000000000000000
21.200    -0.000410731644593918    0.000004287438385915    0.000000000000000000    0.003736258295727532    -0.003972907477565317    0.000000000000000000
21.205    -0.000413355709974614    0.000001637093350652    0.000000000000000000    0.003953668282256038    -0.004162829685575592    0.000000000000000000
21.210    -0.000415880933648254    -0.000001117322426750    0.000000000000000000    0.004110542213850519    -0.004426100172492293    0.000000000000000000
21.215    -0.000418303393766548    -0.000003982390708465    0.000000000000000000    0.003774814497723832    -0.004523343008895983    0.000000000000000000
21.220    -0.000420631483522398    -0.000006960542565402    0.000000000000000000    0.003582832971747805    -0.004507091543126014    0.000000000000000000
21.225    -0.000422870002453955    -0.000010051371710917    0.000000000000000000    0.003473386781872086    -0.004550364464739260    0.000000000000000000
21.230    -0.000425021686715965    -0.000013255959968051    0.000000000000000000    0.003582965392337056    -0.004427278751437369    0.000000000000000000
21.235    -0.000427083796843167    -0.000016571230193970    0.000000000000000000    0.003590188511069965    -0.004269086531844999    0.000000000000000000
21.240    -0.000429056152257592    -0.000019993227583186    0.000000000000000000    0.003651880600681699    -0.004358548613383117    0.000000000000000000
21.245    -0.000430937210657000    -0.000023524188687737    0.000000000000000000    0.004083595749474270    -0.004266459143608282    0.000000000000000000
21.250    -0.000432716179162671    -0.000027161811270877    0.000000000000000000    0.004224915043488618    -0.003931868675397470    0.000000000000000000
21.255    -0.000434389524792255    -0.000030897730570903    0.000000000000000000    0.004570190664699054    -0.003829122133478793    0.000000000000000000
21.260    -0.000435948615655221    -0.000034729377924265    0.000000000000000000    0.004697861191184892    -0.003482157498298439    0.000000000000000000
21.265    -0.000437390259988408    -0.000038648079215085    0.000000000000000000    0.004324989887134929    -0.003172450732814153    0.000000000000000000
21.270    -0.000438723779574417    -0.000042646091774226    0.000000000000000000    0.004795450844015045    -0.003006260209393046    0.000000000000000000
21.275    -0.000439937412889325    -0.000046719260838601    0.000000000000000000    0.005170892192077683    -0.002683323974097727    0.000000000000000000
21.280    -0.000441021773899431    -0.000050859513002328    0.000000000000000000    0.004993526312667938    -0.002278750626799467    0.000000000000000000
21.285    -0.000441981296751720    -0.000055056733931726    0.000000000000000000    0.005111384524486388    -0.001663830312037171    0.000000000000000000
21.290    -0.000442813034990897    -0.000059295550618924    0.000000000000000000    0.005480322148052139    -0.001334394008321871    0.000000000000000000
21.295    -0.000443507765176373    -0.000063567727156331    0.000000000000000000    0.005367879370157466    -0.000776035928258870    0.000000000000000000
21.300    -0.000444068298377595    -0.000067859304591944    0.000000000000000000    0.005291737841394036    -0.000318925474123897    0.000000000000000000
21.305    -0.000444496538132782    -0.000072158855164410    0.000000000000000000    0.004996313203850175    -0.000023322725349302    0.000000000000000000
21.310    -0.000444799870057873    -0.000076458988805010    0.000000000000000000    0.005017943698372440    0.000280079676246141    0.000000000000000000
21.315    -0.000444977753390505    -0.000080752120453704    0.000000000000000000    0.005210338119682710    0.000466588991799742    0.000000000000000000
21.320    -0.000445025378270144    -0.000085033587377602    0.000000000000000000    0.005229030710903262    0.000768625257130742    0.000000000000000000
21.325    -0.000444942277382011    -0.000089295838670073    0.000000000000000000    0.004829231412316424    0.001059598460956984    0.000000000000000000
21.330    -0.000444738445708570    -0.000093531600001019    0.000000000000000000    0.004750313708033055    0.001314963001302813    0.000000000000000000
21.335    -0.000444415856192428    -0.000097734487256933    0.000000000000000000    0.004638739555275478    0.001384198136398021    0.000000000000000000
21.340    -0.000443977298187405    -0.000101902769559437    0.000000000000000000    0.004449061500849238    0.001598705524179776    0.000000000000000000
21.345    -0.000443427513644860    -0.000106031084223837    0.000000000000000000    0.003833440965878791    0.001770875876980216    0.000000000000000000
21.350    -0.000442781893078168    -0.000110115126991312    0.000000000000000000    0.003369651301822398    0.001835617744800244    0.000000000000000000
21.355    -0.000442052031228930    -0.000114153279315167    0.000000000000000000    0.003440151882317440    0.001943569561183825    0.000000000000000000
21.360    -0.000441236165582635    -0.000118142842399992    0.000000000000000000    0.003297768528720459    0.002169176722621128    0.000000000000000000
21.365    -0.000440337855723122    -0.000122078176066752    0.000000000000000000    0.002864931551050266    0.002289138841901238    0.000000000000000000
21.370    -0.000439367922574832    -0.000125956281262464    0.000000000000000000    0.002712824155274175    0.002486965324881556    0.000000000000000000
21.375    -0.000438330168822660    -0.000129772212325054    0.000000000000000000    0.002554202568145949    0.002558679528750487    0.000000000000000000
21.380    -0.000437228560006285    -0.000133524176399426    0.000000000000000000    0.002678110010950318    0.002548103517189832    0.000000000000000000
21.385    -0.000436059998439636    -0.000137212437885868    0.000000000000000000    0.002684097727199790    0.002561330049493044    0.000000000000000000
21.390    -0.000434824334429807    -0.000140836666121072    0.000000000000000000    0.001859334229515480    0.002443560685136967    0.000000000000000000
21.395    -0.000433542187064240    -0.000144399805339148    0.000000000000000000    0.001447816184384741    0.002162442352868742    0.000000000000000000
21.400    -0.000432223844294064    -0.000147908883498402    0.000000000000000000    0.001263481846510654    0.001965403127782931    0.000000000000000000
21.405    -0.000430873914477725    -0.000151368826579462    0.000000000000000000    0.001033928401989511    0.001704612294154122    0.000000000000000000
21.410    -0.000429498136451336    -0.000154786154353168    0.000000000000000000    0.001331307864613392    0.001498012213874828    0.000000000000000000
21.415    -0.000428089075728332    -0.000158166031821527    0.000000000000000000    0.001495869949915286    0.001293420559427862    0.000000000000000000
21.420    -0.000426642618256579    -0.000161513573775900    0.000000000000000000    0.001479558370044189    0.001178707130709790    0.000000000000000000
21.425    -0.000425159171825576    -0.000164831648052006    0.000000000000000000    0.001336345053859836    0.000895424496879160    0.000000000000000000
21.430    -0.000423642316768226    -0.000168127336715690    0.000000000000000000    0.000981385616289927    0.000594913681700639    0.000000000000000000
21.435    -0.000422100927070469    -0.000171408152537331    0.000000000000000000    0.000854786705920246    0.000331785185073543    0.000000000000000000
21.440    -0.000420538167705064    -0.000174680673729345    0.000000000000000000    0.001099254432113030    0.000107680805299997    0.000000000000000000
21.445    -0.000418947926978857    -0.000177950502901227    0.000000000000000000    0.001384893255510031    -0.000091483295557027    0.000000000000000000
21.450    -0.000417323063921261    -0.000181222619155497    0.000000000000000000    0.001145471790928946    -0.000361915908998539    0.000000000000000000
21.455    -0.000415669564068892    -0.000184503783307493    0.000000000000000000    0.001092699019010490    -0.000370912150135560    0.000000000000000000
21.460    -0.000413988746741048    -0.000187794220263242    0.000000000000000000    0.001076403240525201    -0.000313731048029670    0.000000000000000000
21.465    -0.000412281019332191    -0.000191092500495192    0.000000000000000000    0.001053523628249259    -0.000286737282681688    0.000000000000000000
21.470    -0.000410546953832627    -0.000194397949159208    0.000000000000000000    0.001068646945680523    -0.000156674458133728    0.000000000000000000
21.475    -0.000408786172159422    -0.000197707314684679    0.000000000000000000    0.001342684941237939    0.000003062919475341    0.000000000000000000
21.480    -0.000406991823362686    -0.000201016603637162    0.000000000000000000    0.001111779971280091    0.000151806221793420    0.000000000000000000
21.485    -0.000405169680066667    -0.000204322097434100    0.000000000000000000    0.001069669849267443    0.000534663231827265    0.000000000000000000
21.490    -0.000403320795024417    -0.000207614224650243    0.000000000000000000    0.000913044579890082    0.000605379145755900    0.000000000000000000
21.495    -0.000401449083867670    -0.000210891217387742    0.000000000000000000    0.000660255557265437    0.000788513570297231    0.000000000000000000
21.500    -0.000399560866321991    -0.000214148497285983    0.000000000000000000    0.000698034599453876    0.001020724112112299    0.000000000000000000
21.505    -0.000397655197911326    -0.000217380259081422    0.000000000000000000    0.000452621342079528    0.001177629963035071    0.000000000000000000
21.510    -0.000395738213967108    -0.000220582580127785    0.000000000000000000    0.000183486955468957    0.001381487708296443    0.000000000000000000
21.515    -0.000393816642849004    -0.000223750363981440    0.000000000000000000    0.000428829057558949    0.001475876424333411    0.000000000000000000
21.520    -0.000391884351004461    -0.000226881250924487    0.000000000000000000    0.000674670442579479    0.001557680152907423    0.000000000000000000
21.525    -0.000389935192398854    -0.000229973195863711    0.000000000000000000    0.000593325557190268    0.001775723355422086    0.000000000000000000
21.530    -0.000387971200654316    -0.000233020747719050    0.000000000000000000    0.000420758472720502    0.001859638422703046    0.000000000000000000
21.535    -0.000385996689947961    -0.000236021808613821    0.000000000000000000    0.000416756716407028    0.001924374152913666    0.000000000000000000
21.540    -0.000384011760323696    -0.000238974760154769    0.000000000000000000    0.000238292370306412    0.001975320151828422    0.000000000000000000
21.545    -0.000382020873390173    -0.000241878328691922    0.000000000000000000    -0.000248930776775100    0.002073415495800748    0.000000000000000000
21.550    -0.000380036209726069    -0.000244730061841680    0.000000000000000000    -0.000324127807660186    0.002308053195982686    0.000000000000000000
21.555    -0.000378059649257157    -0.000247524093661538    0.000000000000000000    -0.000341845046839852    0.002325535404799125    0.000000000000000000
21.560    -0.000376091634914415    -0.000250259987096276    0.000000000000000000    -0.000439566849282438    0.002409252682490474    0.000000000000000000
21.565    -0.000374134609742906    -0.000252935649213951    0.000000000000000000    -0.000522741464361893    0.002517591744660708    0.000000000000000000
21.570    -0.000372190653108006    -0.000255548371538011    0.000000000000000000    -0.000448981346383177    0.002559123706139584    0.000000000000000000
21.575    -0.000370257921006766    -0.000258097115769417    0.000000000000000000    -0.000636558962305734    0.002534634685046489    0.000000000000000000
21.580    -0.000368341102879583    -0.000260582494133696    0.000000000000000000    -0.000464236060086342    0.002455965572862717    0.000000000000000000
21.585    -0.000366435890653902    -0.000263006473358654    0.000000000000000000    -0.000258501698783588    0.002335149800079470    0.000000000000000000
21.590    -0.000364537140970691    -0.000265372073838610    0.000000000000000000    -0.000089748892855273    0.002405492555868517    0.000000000000000000
21.595    -0.000362640635009801    -0.000267677537004670    0.000000000000000000    0.000116752673852590    0.002595884376619447    0.000000000000000000
21.600    -0.000360741210232065    -0.000269918103061313    0.000000000000000000    -0.000071049943589120    0.002593086524838462    0.000000000000000000
21.605    -0.000358843561702919    -0.000272093841954836    0.000000000000000000    0.000000844249518385    0.002536102905355275    0.000000000000000000
21.610    -0.000356945892067534    -0.000274206178275725    0.000000000000000000    0.000054199843942376    0.002504598362025687    0.000000000000000000
21.615    -0.000355046867436052    -0.000276255899637564    0.000000000000000000    0.000071890511458336    0.002467448137271570    0.000000000000000000
21.620    -0.000353146045541782    -0.000278243934795970    0.000000000000000000    0.000132810402315477    0.002365286399528058    0.000000000000000000
21.625    -0.000351241903387455    -0.000280172837794389    0.000000000000000000    0.000083578182384896    0.002487073502332928    0.000000000000000000
21.630    -0.000349335671778568    -0.000282039563955249    0.000000000000000000    0.000123142717524741    0.002581402369686812    0.000000000000000000
21.635    -0.000347426361601743    -0.000283841755056867    0.000000000000000000    -0.000163844377264796    0.002400664093683315    0.000000000000000000
21.640    -0.000345521147534350    -0.000285583929556143    0.000000000000000000    -0.000339852055354032    0.002287030462814685    0.000000000000000000
21.645    -0.000343624429768340    -0.000287268928293848    0.000000000000000000    -0.000491571354227418    0.002203940059628332    0.000000000000000000
21.650    -0.000341740001286187    -0.000288898828530063    0.000000000000000000    -0.000294653319846648    0.002086716137177872    0.000000000000000000
21.655    -0.000339862939137029    -0.000290476560862848    0.000000000000000000    -0.000012463962917320    0.002187578201557662    0.000000000000000000
21.660    -0.000337986188586944    -0.000291999603740594    0.000000000000000000    -0.000031797322986443    0.002035885576744372    0.000000000000000000
21.665    -0.000336110232969934    -0.000293471749478922    0.000000000000000000    -0.000056346799788987    0.001841935948995212    0.000000000000000000
21.670    -0.000334235686022919    -0.000294897846818525    0.000000000000000000    -0.000138480160574283    0.001593832724977335    0.000000000000000000
21.675    -0.000332364601079918    -0.000296284098340003    0.000000000000000000    -0.000166638852872741    0.001340314534981676    0.000000000000000000
21.680    -0.000330497682108239    -0.000297636841998107    0.000000000000000000    -0.000393112161761657    0.001259213383796292    0.000000000000000000
21.685    -0.000328640590940604    -0.000298958105321616    0.000000000000000000    -0.000576497717922828    0.001120134214157003    0.000000000000000000
21.690    -0.000326797912215917    -0.000300251365289771    0.000000000000000000    -0.000593966290574587    0.001007035872976382    0.000000000000000000
21.695    -0.000324970082648494    -0.000301519449361102    0.000000000000000000    -0.000782796314648289    0.000989744955877652    0.000000000000000000
21.700    -0.000323161822988938    -0.000302762789808536    0.000000000000000000    -0.001028313127812881    0.000758678937473091    0.000000000000000000
21.705    -0.000321379271157577    -0.000303987163282532    0.000000000000000000    -0.001174241415408984    0.000622549159712531    0.000000000000000000
21.710    -0.000319626075361601    -0.000305195973027537    0.000000000000000000    -0.001276934440540712    0.000567057009284808    0.000000000000000000
21.715    -0.000317904802926638    -0.000306390606347308    0.000000000000000000    -0.001554659906225549    0.000500595864665401    0.000000000000000000
21.720    -0.000316222396989331    -0.000307572724770464    0.000000000000000000    -0.001287416944522300    0.000514546225794266    0.000000000000000000
21.725    -0.000314572176475638    -0.000308741979537974    0.000000000000000000    -0.001147287035051497    0.000681696438393272    0.000000000000000000
21.730    -0.000312950638137820    -0.000309894191894525    0.000000000000000000    -0.001338625419805822    0.001081006059714361    0.000000000000000000
21.735    -0.000311362565435498    -0.000311019379099583    0.000000000000000000    -0.001462186152380220    0.001346655154261297    0.000000000000000000
21.740    -0.000309811047386985    -0.000312110899925784    0.000000000000000000    -0.001359535275811778    0.001409014595001815    0.000000000000000000
21.745    -0.000308293517720368    -0.000313167195387110    0.000000000000000000    -0.001605771835068524    0.001922702116700838    0.000000000000000000
21.750    -0.000306816132349627    -0.000314175423295519    0.000000000000000000    -0.001846513825998469    0.002334758014627732    0.000000000000000000
21.755    -0.000305384909824536    -0.000315125282253562    0.000000000000000000    -0.002118879421344946    0.002585090190477743    0.000000000000000000
21.760    -0.000304006659284979    -0.000316010513956843    0.000000000000000000    -0.001918375301859093    0.002903075906391696    0.000000000000000000
21.765    -0.000302676368127969    -0.000316823168762464    0.000000000000000000    -0.001403820055741276    0.003085237325391871    0.000000000000000000
21.770    -0.000301381172472351    -0.000317558692634950    0.000000000000000000    -0.000969174499502058    0.003224725335997883    0.000000000000000000
21.775    -0.000300110206179222    -0.000318213598374037    0.000000000000000000    0.000074581124141077    0.003238859580911684    0.000000000000000000
21.780    -0.000298837375357989    -0.000318787532623601    0.000000000000000000    0.000331043212094175    0.003426946438519519    0.000000000000000000
21.785    -0.000297556268456453    -0.000319275793212201    0.000000000000000000    0.000551856237207115    0.003552150061234254    0.000000000000000000
21.790    -0.000296261365148988    -0.000319675250049271    0.000000000000000000    0.001108084131350422    0.003572496996505879    0.000000000000000000
21.795    -0.000294938759738238    -0.000319985394461428    0.000000000000000000    0.001099565761918282    0.003571385723830436    0.000000000000000000
21.800    -0.000293588665183441    -0.000320206254230490    0.000000000000000000    0.000960898113944262    0.003338952725415786    0.000000000000000000
21.805    -0.000292214548175795    -0.000320343640181416    0.000000000000000000    0.001061873981756875    0.003359101666412356    0.000000000000000000
21.810    -0.000290813884318605    -0.000320397048590681    0.000000000000000000    0.001358135046306951    0.003282111905257481    0.000000000000000000
21.815    -0.000289379267085257    -0.000320368404202316    0.000000000000000000    0.001604433372314265    0.003082672613194913    0.000000000000000000
21.820    -0.000287904539017602    -0.000320262692998620    0.000000000000000000    0.002183092891220543    0.003066257832906854    0.000000000000000000
21.825    -0.000286375233627666    -0.000320080325349102    0.000000000000000000    0.002572485255187759    0.003053086228431336    0.000000000000000000
21.830    -0.000284781616106350    -0.000319821630543873    0.000000000000000000    0.002666726810552408    0.002928641685039438    0.000000000000000000
21.835    -0.000283121330414771    -0.000319489719696518    0.000000000000000000    0.002476735271627391    0.002577792298094021    0.000000000000000000
21.840    -0.000281399126341401    -0.000319093364041711    0.000000000000000000    0.002791458317875656    0.002476670429626265    0.000000000000000000
21.845    -0.000279607135810084    -0.000318635091626163    0.000000000000000000    0.002770767229881219    0.002404246537753441    0.000000000000000000
21.850    -0.000277745876098020    -0.000318116713047171    0.000000000000000000    0.002448818959693844    0.002057448910269821    0.000000000000000000
21.855    -0.000275823395911963    -0.000317546898245422    0.000000000000000000    0.002376103763288440    0.001751229721941045    0.000000000000000000
21.860    -0.000273841513131825    -0.000316933302700625    0.000000000000000000    0.002318845292504680    0.001615224309837147    0.000000000000000000
21.865    -0.000271801659219373    -0.000316279326548082    0.000000000000000000    0.002306509886940925    0.001261276418671603    0.000000000000000000
21.870    -0.000269704142559749    -0.000315593818485072    0.000000000000000000    0.002346428423138838    0.000919863042268994    0.000000000000000000
21.875    -0.000267547965189545    -0.000314885313846005    0.000000000000000000    0.002329228859954558    0.000562602813988788    0.000000000000000000
21.880    -0.000265333557097843    -0.000314162744136589    0.000000000000000000    0.002585720558295149    0.000277627271846794    0.000000000000000000
21.885    -0.000263054505992184    -0.000313433233745377    0.000000000000000000    0.002573412652188099    0.000076798153966860    0.000000000000000000
21.890    -0.000260711119570220    -0.000312701803400315    0.000000000000000000    0.002233935675426384    -0.000118489256334137    0.000000000000000000
21.895    -0.000258311884756370    -0.000311973335286662    0.000000000000000000    0.002184250415609382    -0.000430316515129259    0.000000000000000000
21.900    -0.000255858043682130    -0.000311255625085887    0.000000000000000000    0.002154922246525547    -0.000725287649539635    0.000000000000000000
21.905    -0.000253350329551727    -0.000310556047076350    0.000000000000000000    0.002198179208689251    -0.000851760913118168    0.000000000000000000
21.910    -0.000250787660941106    -0.000309877763089642    0.000000000000000000    0.002091415253844403    -0.000921533111586208    0.000000000000000000
21.915    -0.000248172706949140    -0.000309222517430723    0.000000000000000000    0.001694907816867253    -0.000850402883797660    0.000000000000000000
21.920    -0.000245515380261751    -0.000308588531843899    0.000000000000000000    0.001899036636884149    -0.000748127864276527    0.000000000000000000
21.925    -0.000242810577658441    -0.000307973249453682    0.000000000000000000    0.002224563678187783    -0.000734831086565517    0.000000000000000000
21.930    -0.000240050160963176    -0.000307376337840629    0.000000000000000000    0.001834083329789286    -0.000532220545202463    0.000000000000000000
21.935    -0.000237243892184666    -0.000306792731741206    0.000000000000000000    0.001457256835629434    -0.000245590969442499    0.000000000000000000
21.940    -0.000234401191985266    -0.000306215265416019    0.000000000000000000    0.001498943208584321    0.000041104314531075    0.000000000000000000
21.945    -0.000231521018205651    -0.000305636771482969    0.000000000000000000    0.001206125470791866    0.000285100972387611    0.000000000000000000
21.950    -0.000228610691289266    -0.000305051150025609    0.000000000000000000    0.000868043311463363    0.000758301878284098    0.000000000000000000
21.955    -0.000225678663290094    -0.000304446571021292    0.000000000000000000    0.000770916774902718    0.001115128245015185    0.000000000000000000
21.960    -0.000222727362371550    -0.000303814113810850    0.000000000000000000    0.000647177796904257    0.001444021820755023    0.000000000000000000
21.965    -0.000219759882008084    -0.000303145556054889    0.000000000000000000    0.000552061757170142    0.001810925315632803    0.000000000000000000
21.970    -0.000216778600100688    -0.000302431725166037    0.000000000000000000    0.000426728338890920    0.002171194264293051    0.000000000000000000
21.975    -0.000213786649984819    -0.000301663614420577    0.000000000000000000    0.000323192641281172    0.002426895485748305    0.000000000000000000
21.980    -0.000210786620052919    -0.000300834831287974    0.000000000000000000    -0.000004764097635271    0.002591467176255285    0.000000000000000000
21.985    -0.000207786709223460    -0.000299941261475965    0.000000000000000000    -0.000280169900392655    0.002953790272629004    0.000000000000000000
21.990    -0.000204793802641510    -0.000298973846907140    0.000000000000000000    -0.000622067360066779    0.003317827753208068    0.000000000000000000
21.995    -0.000201816447743563    -0.000297923486644485    0.000000000000000000    -0.000904991540585888    0.003589622880192326    0.000000000000000000
22.000    -0.000198861717634129    -0.000296783385809824    0.000000000000000000    -0.000849235465400465    0.003688813538509517    0.000000000000000000
22.005    -0.000195928218411331    -0.000295551064636702    0.000000000000000000    -0.001024473794344763    0.003752595701743237    0.000000000000000000
22.010    -0.000193020331033392    -0.000294224928571035    0.000000000000000000    -0.000920063404655181    0.003978931105051101    0.000000000000000000
22.015    -0.000190135445240568    -0.000292799319227742    0.000000000000000000    -0.000837019130471139    0.004411398698651522    0.000000000000000000
22.020    -0.000187271484926007    -0.000291263424916983    0.000000000000000000    -0.000758793681174827    0.004722241883979399    0.000000000000000000
22.025    -0.000184426494453475    -0.000289609474559125    0.000000000000000000    -0.001200386247755163    0.004886204259212362    0.000000000000000000
22.030    -0.000181611513637137    -0.000287833369094786    0.000000000000000000    -0.001431073218346622    0.004974774382765414    0.000000000000000000
22.035    -0.000178832309651257    -0.000285932894270878    0.000000000000000000    -0.001309406153978407    0.004934438315622788    0.000000000000000000
22.040    -0.000176085840819227    -0.000283909058489080    0.000000000000000000    -0.000910620178037847    0.004851833026960940    0.000000000000000000
22.045    -0.000173362137491648    -0.000281763926881607    0.000000000000000000    -0.000959928772053436    0.004960132695868216    0.000000000000000000
22.050    -0.000170662432383370    -0.000279494791956738    0.000000000000000000    -0.000957621226705058    0.004868841231053019    0.000000000000000000
22.055    -0.000167986667805760    -0.000277103936001092    0.000000000000000000    -0.000861179986972379    0.004635831654376237    0.000000000000000000
22.060    -0.000165332432727825    -0.000274597184254087    0.000000000000000000    -0.001164910880917247    0.004364438525386333    0.000000000000000000
22.065    -0.000162707320421912    -0.000271981321543948    0.000000000000000000    -0.001747671573332395    0.004343018149294969    0.000000000000000000
22.070    -0.000160125899905332    -0.000269256883380076    0.000000000000000000    -0.002338060338167138    0.004300945669036185    0.000000000000000000
22.075    -0.000157602930897207    -0.000266424921574478    0.000000000000000000    -0.002540039162894810    0.004127414106075856    0.000000000000000000
22.080    -0.000155143462868154    -0.000263489774416228    0.000000000000000000    -0.002337484748031688    0.004066296182437135    0.000000000000000000
22.085    -0.000152742431957801    -0.000260452969853417    0.000000000000000000    -0.002245709291418029    0.003950036852305456    0.000000000000000000
22.090    -0.000150397543779735    -0.000257317414369299    0.000000000000000000    -0.002436358969885258    0.004101167806467351    0.000000000000000000
22.095    -0.000148113564575915    -0.000254079329690019    0.000000000000000000    -0.002567918398407865    0.003901348631749502    0.000000000000000000
22.100    -0.000145893783332056    -0.000250743711294945    0.000000000000000000    -0.002718247221173515    0.003744679182755579    0.000000000000000000
22.105    -0.000143741958268725    -0.000247314475920302    0.000000000000000000    -0.002710593414504119    0.003887432807009143    0.000000000000000000
22.110    -0.000141657898040758    -0.000243788054725484    0.000000000000000000    -0.002908512774782088    0.003869036464692905    0.000000000000000000
22.115    -0.000139646550632160    -0.000240164907619049    0.000000000000000000    -0.002976023687101563    0.003680505561481830    0.000000000000000000
22.120    -0.000137709603815740    -0.000236449747873577    0.000000000000000000    -0.003167161053593522    0.003559410304223741    0.000000000000000000
22.125    -0.000135851836025659    -0.000232645602870499    0.000000000000000000    -0.003293427031092477    0.003516100169976329    0.000000000000000000
22.130    -0.000134076403911356    -0.000228753555363172    0.000000000000000000    -0.003159223643860133    0.003587486252884953    0.000000000000000000
22.135    -0.000132379952388149    -0.000224771820699523    0.000000000000000000    -0.003485605098900793    0.003628503482965050    0.000000000000000000
22.140    -0.000130770640992415    -0.000220699373448799    0.000000000000000000    -0.003586018678382276    0.003615752960145404    0.000000000000000000
22.145    -0.000129250980063640    -0.000216536532374072    0.000000000000000000    -0.003762859744635763    0.003471073157906282    0.000000000000000000
22.150    -0.000127825390628481    -0.000212286914470397    0.000000000000000000    -0.003994926763204159    0.003167391790476030    0.000000000000000000
22.155    -0.000126499674362402    -0.000207958111771960    0.000000000000000000    -0.003973861586684807    0.003037567739663013    0.000000000000000000
22.160    -0.000125273304635991    -0.000203553369880032    0.000000000000000000    -0.003590066322009880    0.002971242626763348    0.000000000000000000
22.165    -0.000124136686567630    -0.000199074346922435    0.000000000000000000    -0.003009021664356938    0.002886258676941316    0.000000000000000000
22.170    -0.000123075294040877    -0.000194523167497914    0.000000000000000000    -0.002774740957352424    0.002754530229847870    0.000000000000000000
22.175    -0.000122083270038059    -0.000189903124817647    0.000000000000000000    -0.002745605655265918    0.002690126170579047    0.000000000000000000
22.180    -0.000121159886176622    -0.000185215828983115    0.000000000000000000    -0.003089308334428475    0.002624573302448599    0.000000000000000000
22.185    -0.000120313735023545    -0.000180462918816022    0.000000000000000000    -0.003314310650703650    0.002406352752858110    0.000000000000000000
22.190    -0.000119550441636737    -0.000175649849830108    0.000000000000000000    -0.003019916059272755    0.002320350896966314    0.000000000000000000
22.195    -0.000118862646151410    -0.000170778772071770    0.000000000000000000    -0.002495309515414853    0.002243511435992811    0.000000000000000000
22.200    -0.000118237233403969    -0.000165851606527532    0.000000000000000000    -0.002388539627475278    0.002282080675170039    0.000000000000000000
22.205    -0.000117671534147214    -0.000160867388966414    0.000000000000000000    -0.002212650600187031    0.002279611624623340    0.000000000000000000
22.210    -0.000117161151155464    -0.000155826181114681    0.000000000000000000    -0.002289559703533999    0.001984675759603453    0.000000000000000000
22.215    -0.000116708007156303    -0.000150735356368958    0.000000000000000000    -0.002262289041153696    0.001894067213379725    0.000000000000000000
22.220    -0.000116311420383170    -0.000145597179942900    0.000000000000000000    -0.002217810476003580    0.001816855640965169    0.000000000000000000
22.225    -0.000115970278871937    -0.000140413582125819    0.000000000000000000    -0.001538630055848787    0.001764804444064332    0.000000000000000000
22.230    -0.000115667603112101    -0.000135185864197635    0.000000000000000000    -0.001576282509233766    0.001449976248394996    0.000000000000000000
22.235    -0.000115404334414995    -0.000129921896863242    0.000000000000000000    -0.001750852192710295    0.001136015731217650    0.000000000000000000
22.240    -0.000115184837022708    -0.000124629529135568    0.000000000000000000    -0.001550616535545501    0.000928333472527887    0.000000000000000000
22.245    -0.000115004105043808    -0.000119313953071082    0.000000000000000000    -0.001470173817081440    0.000582136742618153    0.000000000000000000
22.250    -0.000114860127410336    -0.000113983823588029    0.000000000000000000    -0.001268575439660456    0.000316377780519420    0.000000000000000000
22.255    -0.000114747864162856    -0.000108645784660464    0.000000000000000000    -0.000939969086521464    0.000000746075373248    0.000000000000000000
22.260    -0.000114659100142538    -0.000103307727081014    0.000000000000000000    -0.000884474127555834    -0.000309660301452391    0.000000000000000000
22.265    -0.000114592447975410    -0.000097977411009101    0.000000000000000000    -0.000743895772237517    -0.000577371967444887    0.000000000000000000
22.270    -0.000114544393202587    -0.000092661529236374    0.000000000000000000    -0.000848065085141286    -0.000805953951630895    0.000000000000000000
22.275    -0.000114517540056893    -0.000087365796312437    0.000000000000000000    -0.000905582238874239    -0.000941071045696957    0.000000000000000000
22.280    -0.000114513326467170    -0.000082093590164643    0.000000000000000000    -0.000813962156119433    -0.001124177262111265    0.000000000000000000
22.285    -0.000114529461931351    -0.000076849488448402    0.000000000000000000    -0.000934701128657372    -0.001330298895836808    0.000000000000000000
22.290    -0.000114568964923748    -0.000071638644204557    0.000000000000000000    -0.000893493598886123    -0.001463524344540927    0.000000000000000000
22.295    -0.000114630805256117    -0.000066464388069325    0.000000000000000000    -0.001005596262059470    -0.001473216511780609    0.000000000000000000
22.300    -0.000114717785495038    -0.000061326962346888    0.000000000000000000    -0.001232976781848755    -0.001607883948097485    0.000000000000000000
22.305    -0.000114835590153505    -0.000056229733723153    0.000000000000000000    -0.001311860776521501    -0.001777509197477918    0.000000000000000000
22.310    -0.000114986191331385    -0.000051176942829355    0.000000000000000000    -0.001030367251850088    -0.001713080678663920    0.000000000000000000
22.315    -0.000115162551690561    -0.000046166978952523    0.000000000000000000    -0.000555892587652618    -0.001760172611935931    0.000000000000000000
22.320    -0.000115352809364429    -0.000041201019390991    0.000000000000000000    -0.000816371412057631    -0.001854833540708921    0.000000000000000000
22.325    -0.000115563476323598    -0.000036281430667975    0.000000000000000000    -0.001095650938742906    -0.001800825148783275    0.000000000000000000
22.330    -0.000115801534556235    -0.000031406862573680    0.000000000000000000    -0.000937640118095474    -0.001927131483632938    0.000000000000000000
22.335    -0.000116063033791825    -0.000026580472766475    0.000000000000000000    -0.001199288298115429    -0.001917488007088829    0.000000000000000000
22.340    -0.000116354515234868    -0.000021802020159447    0.000000000000000000    -0.001267234589684375    -0.001904149034867808    0.000000000000000000
22.345    -0.000116677677542653    -0.000017071171278292    0.000000000000000000    -0.001149433935611929    -0.002120907204597265    0.000000000000000000
22.350    -0.000117029575698828    -0.000012393345077251    0.000000000000000000    -0.001396290271372014    -0.002139001221279765    0.000000000000000000
22.355    -0.000117416381111788    -0.000007768993906742    0.000000000000000000    -0.001483619529823424    -0.001774503381188282    0.000000000000000000
22.360    -0.000117840277012993    -0.000003189005320762    0.000000000000000000    -0.001347306307345657    -0.001676427882703311    0.000000000000000000
22.365    -0.000118297855571882    0.000001349072568149    0.000000000000000000    -0.001559690343690785    -0.001775275520857430    0.000000000000000000
22.370    -0.000118794426389363    0.000005842768569039    0.000000000000000000    -0.001615041071807905    -0.001726580388573723    0.000000000000000000
22.375    -0.000119331373233639    0.000010293300060215    0.000000000000000000    -0.001222150610415357    -0.001644629758377655    0.000000000000000000
22.380    -0.000119898873843176    0.000014702715807432    0.000000000000000000    -0.001195417459467986    -0.001414998899547181    0.000000000000000000
22.385    -0.000120496259889199    0.000019076756582159    0.000000000000000000    -0.001161399357902607    -0.001145791723776386    0.000000000000000000
22.390    -0.000121122680919170    0.000023422152563793    0.000000000000000000    -0.000692609034130256    -0.001179286164244777    0.000000000000000000
22.395    -0.000121766417174994    0.000027738066391320    0.000000000000000000    -0.001009563927890228    -0.001128047158215951    0.000000000000000000
22.400    -0.000122435392529015    0.000032025779039892    0.000000000000000000    -0.001037268301305825    -0.001100031405929533    0.000000000000000000
22.405    -0.000123130299590569    0.000036285990903315    0.000000000000000000    -0.000632010213604895    -0.001107618914028563    0.000000000000000000
22.410    -0.000123841006907464    0.000040518512293888    0.000000000000000000    -0.000779180385509061    -0.001063265396783963    0.000000000000000000
22.415    -0.000124571193733995    0.000044724452049542    0.000000000000000000    -0.000555905899818658    -0.001179083922941374    0.000000000000000000
22.420    -0.000125315278208023    0.000048900914707121    0.000000000000000000    -0.000157443508274138    -0.001230329823259484    0.000000000000000000
22.425    -0.000126063298769757    0.000053046619119120    0.000000000000000000    0.000239359404193874    -0.001288682497076275    0.000000000000000000
22.430    -0.000126805335346386    0.000057160106468691    0.000000000000000000    0.000254890964599070    -0.001264416886234253    0.000000000000000000
22.435    -0.000127540999648901    0.000061241983396106    0.000000000000000000    0.000550959629502584    -0.001335073055676783    0.000000000000000000
22.440    -0.000128262889960678    0.000065290483497130    0.000000000000000000    0.001054815051937082    -0.001351821647726441    0.000000000000000000
22.445    -0.000128958409896156    0.000069305188056960    0.000000000000000000    0.001188860179870748    -0.001417282437408615    0.000000000000000000
22.450    -0.000129624208327138    0.000073284460555856    0.000000000000000000    0.001711659368630819    -0.001572493209639719    0.000000000000000000
22.455    -0.000130247215273904    0.000077224420724510    0.000000000000000000    0.002023019618002187    -0.001428271342974823    0.000000000000000000
22.460    -0.000130819646730219    0.000081128674109590    0.000000000000000000    0.002377606076785568    -0.001223697303405513    0.000000000000000000
22.465    -0.000131332638034615    0.000085002335062084    0.000000000000000000    0.002091899199576199    -0.001243853731231165    0.000000000000000000
22.470    -0.000131793331859022    0.000088844899671298    0.000000000000000000    0.001739653036922448    -0.001273317624565307    0.000000000000000000
22.475    -0.000132210534357506    0.000092655631339898    0.000000000000000000    0.001966166782576629    -0.001194830360969372    0.000000000000000000
22.480    -0.000132578582686425    0.000096436492249473    0.000000000000000000    0.002223963772215445    -0.001206856667015769    0.000000000000000000
22.485    -0.000132891031921039    0.000100187181742374    0.000000000000000000    0.002500379360194848    -0.001147187381067972    0.000000000000000000
22.490    -0.000133140971671648    0.000103909191550747    0.000000000000000000    0.002511269080571372    -0.000828475625143572    0.000000000000000000
22.495    -0.000133328129695243    0.000107610489468492    0.000000000000000000    0.001939789063287213    -0.000721741376824591    0.000000000000000000
22.500    -0.000133466792992255    0.000111293743851816    0.000000000000000000    0.001444261866930235    -0.000583811504703351    0.000000000000000000
22.505    -0.000133569349742595    0.000114962402947523    0.000000000000000000    0.001344480940907453    -0.000355571287267878    0.000000000000000000
22.510    -0.000133638294469411    0.000118622172761048    0.000000000000000000    0.001511177753341824    -0.000142392153893085    0.000000000000000000
22.515    -0.000133669459752394    0.000122278382770725    0.000000000000000000    0.001345780230686952    -0.000168664787947824    0.000000000000000000
22.520    -0.000133666980529610    0.000125930376160704    0.000000000000000000    0.001254262952729698    -0.000272786762435312    0.000000000000000000
22.525    -0.000133633144733008    0.000129575549881622    0.000000000000000000    0.001368726344957777    -0.000114135791719509    0.000000000000000000
22.530    -0.000133565090777782    0.000133217870207748    0.000000000000000000    0.001058828750727728    0.000008061814663106    0.000000000000000000
22.535    -0.000133470566103787    0.000136860392079239    0.000000000000000000    0.000733582376096723    0.000145589015097120    0.000000000000000000
22.540    -0.000133357701870390    0.000140506553676108    0.000000000000000000    0.000571259607497817    0.000111553131508599    0.000000000000000000
22.545    -0.000133230556146806    0.000144155504101265    0.000000000000000000    0.000507218299209506    0.000030254900398137    0.000000000000000000
22.550    -0.000133090729965741    0.000147805210898932    0.000000000000000000    0.000176359957035268    -0.000027660817622944    0.000000000000000000
22.555    -0.000132946494785751    0.000151454226176158    0.000000000000000000    -0.000059165967294765    -0.000207883421419900    0.000000000000000000
22.560    -0.000132803738754943    0.000155098044367849    0.000000000000000000    -0.000249264691863605    -0.000206656828849981    0.000000000000000000
22.565    -0.000132667214341431    0.000158736696138818    0.000000000000000000    -0.000322282099834243    -0.000242532398983964    0.000000000000000000
22.570    -0.000132538746980416    0.000162369284599813    0.000000000000000000    -0.000299889657627127    -0.000469339255427690    0.000000000000000000
22.575    -0.000132417776860841    0.000165990139579422    0.000000000000000000    -0.000420519267332149    -0.000499088052244474    0.000000000000000000
22.580    -0.000132307319722949    0.000169598517357725    0.000000000000000000    -0.000727596562577612    -0.000440656630546800    0.000000000000000000
22.585    -0.000132215052499122    0.000173195878720264    0.000000000000000000    -0.000915082798652687    -0.000532503721690364    0.000000000000000000
22.590    -0.000132145662345261    0.000176779927489761    0.000000000000000000    -0.000745900351199107    -0.000567204058600891    0.000000000000000000
22.595    -0.000132094919700180    0.000180349796157794    0.000000000000000000    -0.000434669073954772    -0.000511845428997773    0.000000000000000000
22.600    -0.000132055043781948    0.000183906868690101    0.000000000000000000    -0.000147110643541025    -0.000631324693150474    0.000000000000000000
22.605    -0.000132018845629804    0.000187448158105079    0.000000000000000000    -0.000076237821666552    -0.000667907839741735    0.000000000000000000
22.610    -0.000131984553423203    0.000190972749824064    0.000000000000000000    -0.000195414711609597    -0.000702491754524248    0.000000000000000000
22.615    -0.000131955146584391    0.000194479779249186    0.000000000000000000    -0.000149577467850950    -0.000897923795353502    0.000000000000000000
22.620    -0.000131929479182276    0.000197964360579423    0.000000000000000000    -0.000709581120695180    -0.000848831448333268    0.000000000000000000
22.625    -0.000131921551308178    0.000201427721123453    0.000000000000000000    -0.000818708128347929    -0.000702424386402533    0.000000000000000000
22.630    -0.000131934091137288    0.000204873521057822    0.000000000000000000    -0.000599376425003796    -0.000595749512167978    0.000000000000000000
22.635    -0.000131961615377024    0.000208304427254388    0.000000000000000000    -0.000256504268775735    -0.000541296844968481    0.000000000000000000
22.640    -0.000131995552223479    0.000211721801029829    0.000000000000000000    0.000050294481698928    -0.000596704610300721    0.000000000000000000
22.645    -0.000132028231707892    0.000215124257190012    0.000000000000000000    0.000492377101926882    -0.000585998937061537    0.000000000000000000
22.650    -0.000132048601764757    0.000218512063376769    0.000000000000000000    0.000589868387140900    -0.000636672286769479    0.000000000000000000
22.655    -0.000132054225111943    0.000221883952756357    0.000000000000000000    0.000235412426161921    -0.000619215264256821    0.000000000000000000
22.660    -0.000132053963148475    0.000225240361754339    0.000000000000000000    -0.000085984284319343    -0.000611598291539112    0.000000000000000000
22.665    -0.000132055850792115    0.000228581480795031    0.000000000000000000    -0.000243540234422333    -0.000692582528016329    0.000000000000000000
22.670    -0.000132063826941615    0.000231905285272524    0.000000000000000000    0.000081322561164493    -0.000639033364760585    0.000000000000000000
22.675    -0.000132069770027087    0.000235213113915897    0.000000000000000000    0.000061436334690369    -0.000771022039470397    0.000000000000000000
22.680    -0.000132074177204191    0.000238501667008284    0.000000000000000000    0.000335035023272656    -0.000800011906264405    0.000000000000000000
22.685    -0.000132070208505713    0.000241770219803014    0.000000000000000000    0.000309712289105939    -0.000721843543602775    0.000000000000000000
22.690    -0.000132058497000008    0.000245020726509154    0.000000000000000000    -0.000277828876948764    -0.000785420758217656    0.000000000000000000
22.695    -0.000132053731216226    0.000248251597696339    0.000000000000000000    -0.000754590236789728    -0.000859980680630208    0.000000000000000000
22.700    -0.000132067830188364    0.000251460969366508    0.000000000000000000    -0.001081657837643949    -0.000941611986446725    0.000000000000000000
22.705    -0.000132108970606444    0.000254646800737015    0.000000000000000000    -0.001319347820748825    -0.001029589082773060    0.000000000000000000
22.710    -0.000132183094720042    0.000257806892380454    0.000000000000000000    -0.001793122796689200    -0.000977510070630794    0.000000000000000000
22.715    -0.000132302046903557    0.000260942546272126    0.000000000000000000    -0.001983190285278526    -0.000912404607264408    0.000000000000000000
22.720    -0.000132470578844204    0.000264055390048617    0.000000000000000000    -0.001850308305452420    -0.000972166257636690    0.000000000000000000
22.725    -0.000132685368492487    0.000267143929668667    0.000000000000000000    -0.001714458582401752    -0.000954616381227801    0.000000000000000000
22.730    -0.000132943019605331    0.000270208603879186    0.000000000000000000    -0.002020825278689067    -0.000818165240337992    0.000000000000000000
22.735    -0.000133251191350142    0.000273252823958697    0.000000000000000000    -0.002474813476197350    -0.000846985350039502    0.000000000000000000
22.740    -0.000133621233431857    0.000276275869404457    0.000000000000000000    -0.002475490460346428    -0.000794141786514962    0.000000000000000000
22.745    -0.000134053162775082    0.000279279061305554    0.000000000000000000    -0.002532730101446282    -0.000767416686580247    0.000000000000000000
22.750    -0.000134548410370842    0.000282263067789487    0.000000000000000000    -0.002366068330394685    -0.000816584794797928    0.000000000000000000
22.755    -0.000135102809674863    0.000285226659653549    0.000000000000000000    -0.002138268357626105    -0.000742342000658886    0.000000000000000000
22.760    -0.000135710665687824    0.000288171692967595    0.000000000000000000    -0.001568390212258308    -0.000744634215230251    0.000000000000000000
22.765    -0.000136357731456091    0.000291098110426261    0.000000000000000000    -0.001344240070930494    -0.000741774568112624    0.000000000000000000
22.770    -0.000137038403226132    0.000294005983520723    0.000000000000000000    -0.000967454490400548    -0.000810381362264644    0.000000000000000000
22.775    -0.000137743261358433    0.000296893597081129    0.000000000000000000    -0.000736903903358942    -0.000773648174525257    0.000000000000000000
22.780    -0.000138466542088317    0.000299761869437172    0.000000000000000000    -0.000641403644618390    -0.000755272767862403    0.000000000000000000
22.785    -0.000139205857909318    0.000302611259974018    0.000000000000000000    -0.000726915140790126    -0.000877220791648675    0.000000000000000000
22.790    -0.000139963346608838    0.000305438719991073    0.000000000000000000    -0.000185742713132951    -0.000825812098562747    0.000000000000000000
22.795    -0.000140725478876186    0.000308245534705664    0.000000000000000000    0.000206111092395907    -0.000547533288946904    0.000000000000000000
22.800    -0.000141482458366224    0.000311038661088031    0.000000000000000000    0.000552557985735109    -0.000471553851322595    0.000000000000000000
22.805    -0.000142225623906619    0.000313819998624115    0.000000000000000000    0.000686037657257697    -0.000476569691303368    0.000000000000000000
22.810    -0.000142951638505583    0.000316589421917917    0.000000000000000000    0.000646924605223311    -0.000486513725146253    0.000000000000000000
22.815    -0.000143661479989416    0.000319346682368590    0.000000000000000000    0.000871268366864049    -0.000452979459913960    0.000000000000000000
22.820    -0.000144349539764077    0.000322092618332765    0.000000000000000000    0.001714949672861066    -0.000480096229887091    0.000000000000000000
22.825    -0.000144994725796917    0.000324826551891193    0.000000000000000000    0.002075967371369244    -0.000474170359283412    0.000000000000000000
22.830    -0.000145588012645473    0.000327548631190639    0.000000000000000000    0.001773199206982993    -0.000403629036710689    0.000000000000000000
22.835    -0.000146136969513854    0.000330260619764167    0.000000000000000000    0.001917526916556112    -0.000329413954367180    0.000000000000000000
22.840    -0.000146637988209321    0.000332964372988836    0.000000000000000000    0.002086528775000233    -0.000283215846135464    0.000000000000000000
22.845    -0.000147086843685413    0.000335661045817351    0.000000000000000000    0.001781010067516660    -0.000499911529021693    0.000000000000000000
22.850    -0.000147491173909817    0.000338345220857641    0.000000000000000000    0.001551814171185792    -0.000429585108154343    0.000000000000000000
22.855    -0.000147856708779942    0.000341018656270227    0.000000000000000000    0.001457535974191742    -0.000281277600839864    0.000000000000000000
22.860    -0.000148185805250711    0.000343685059742793    0.000000000000000000    0.001053332957698079    -0.000450846282576932    0.000000000000000000
22.865    -0.000148488568397539    0.000346340192058293    0.000000000000000000    0.000798465494769455    -0.000465179981041196    0.000000000000000000
22.870    -0.000148771369906997    0.000348983694874268    0.000000000000000000    0.001085070772550425    -0.000398858228465703    0.000000000000000000
22.875    -0.000149027044647141    0.000351617226234531    0.000000000000000000    0.001044953331598084    -0.000542546713269785    0.000000000000000000
22.880    -0.000149256595553995    0.000354237193926962    0.000000000000000000    0.000713565675786653    -0.000396978201199025    0.000000000000000000
22.885    -0.000149468307318955    0.000356847237164363    0.000000000000000000    0.000313876872084541    -0.000103643498100287    0.000000000000000000
22.890    -0.000149672172162113    0.000359454689314312    0.000000000000000000    0.000154706730342040    -0.000053000892869404    0.000000000000000000
22.895    -0.000149872169337012    0.000362060816441939    0.000000000000000000    0.000347255295611191    -0.000050434367348650    0.000000000000000000
22.900    -0.000150063485129521    0.000364665682710383    0.000000000000000000    0.000323025993793262    0.000033828014885801    0.000000000000000000
22.905    -0.000150246725272184    0.000367271394679198    0.000000000000000000    0.000041988696722036    -0.000014642253843861    0.000000000000000000
22.910    -0.000150428915697430    0.000369876740591668    0.000000000000000000    -0.000216525980457037    -0.000078010618128049    0.000000000000000000
22.915    -0.000150616519272188    0.000372480136238684    0.000000000000000000    -0.000410860240360883    -0.000011996051177150    0.000000000000000000
22.920    -0.000150814394352954    0.000375083231984420    0.000000000000000000    -0.000478211093306834    0.000042333803589381    0.000000000000000000
22.925    -0.000151024224711053    0.000377687386075247    0.000000000000000000    -0.000447670451162677    0.000099340048522259    0.000000000000000000
22.930    -0.000151245246830431    0.000380294023667286    0.000000000000000000    -0.000325795085441951    0.000120178500317546    0.000000000000000000
22.935    -0.000151474413826945    0.000382903665721834    0.000000000000000000    -0.000397239516181265    0.000122436874727336    0.000000000000000000
22.940    -0.000151713511811364    0.000385516368698250    0.000000000000000000    -0.000490661986016260    0.000011909708256489    0.000000000000000000
22.945    -0.000151964876345433    0.000388129369417372    0.000000000000000000    -0.000241758531447072    -0.000214805842260659    0.000000000000000000
22.950    -0.000152222284842788    0.000390736999990437    0.000000000000000000    -0.000239676645928059    -0.000269004907995241    0.000000000000000000
22.955    -0.000152485685256291    0.000393337905440803    0.000000000000000000    -0.000253950414461296    -0.000343070732612347    0.000000000000000000
22.960    -0.000152755434430156    0.000395930234122853    0.000000000000000000    0.000009027852634295    -0.000476618074092029    0.000000000000000000
22.965    -0.000153024957907706    0.000398510647353051    0.000000000000000000    -0.000017748087817113    -0.000492778807481553    0.000000000000000000
22.970    -0.000153294925087450    0.000401078741113062    0.000000000000000000    -0.000075628430057113    -0.000483438022905614    0.000000000000000000
22.975    -0.000153566782977946    0.000403634748922501    0.000000000000000000    -0.000089346192303332    -0.000361286223173572    0.000000000000000000
22.980    -0.000153840874523250    0.000406181724576360    0.000000000000000000    -0.000370022609233684    -0.000354598003813721    0.000000000000000000
22.985    -0.000154124216633784    0.000408719835280124    0.000000000000000000    -0.000551434730942978    -0.000311944505070744    0.000000000000000000
22.990    -0.000154421344612592    0.000411250147371261    0.000000000000000000    -0.000419415153891933    -0.000167146425146883    0.000000000000000000
22.995    -0.000154728957970247    0.000413776280801769    0.000000000000000000    -0.000383612424322910    -0.000106163546122542    0.000000000000000000
23.000    -0.000155046161638511    0.000416299760143624    0.000000000000000000    -0.000421698886597915    -0.000113013665535219    0.000000000000000000
23.005    -0.000155373907778939    0.000418820414143841    0.000000000000000000    -0.000047321697443838    0.000034167157215471    0.000000000000000000
23.010    -0.000155702836961803    0.000421341922322988    0.000000000000000000    -0.000280275442042293    -0.000002827305080593    0.000000000000000000
23.015    -0.000156038773030719    0.000423863359819508    0.000000000000000000    -0.000441754413139711    -0.000012926334700975    0.000000000000000000
23.020    -0.000156385752959963    0.000426384474157661    0.000000000000000000    -0.000557844151736564    -0.000053020282784425    0.000000000000000000
23.025    -0.000156746678993000    0.000428904262988744    0.000000000000000000    -0.000617416680531290    -0.000075432471078902    0.000000000000000000
23.030    -0.000157123040443050    0.000431422166008050    0.000000000000000000    -0.000508842339057422    0.000005283558087571    0.000000000000000000
23.035    -0.000157512122951578    0.000433940201116308    0.000000000000000000    -0.000426737464193430    0.000197578313404067    0.000000000000000000
23.040    -0.000157911873896709    0.000436463175682402    0.000000000000000000    -0.000214291920436725    0.000343728103189590    0.000000000000000000
23.045    -0.000158316982139852    0.000438994743451075    0.000000000000000000    -0.000334124356322820    0.000314957227126079    0.000000000000000000
23.050    -0.000158730443491903    0.000441534185150426    0.000000000000000000    -0.000384105188387055    0.000295924847395698    0.000000000000000000
23.055    -0.000159153507473664    0.000444081024970962    0.000000000000000000    -0.000446372398118502    0.000374059989018561    0.000000000000000000
23.060    -0.000159587730765377    0.000446637216291224    0.000000000000000000    -0.000408274435899705    0.000370526660950499    0.000000000000000000
23.065    -0.000160032160917988    0.000449202670778009    0.000000000000000000    -0.000552606971986362    0.000368713090343874    0.000000000000000000
23.070    -0.000160490406244899    0.000451777343092053    0.000000000000000000    -0.000655637513951148    0.000363337917489315    0.000000000000000000
23.075    -0.000160965042509658    0.000454361098854035    0.000000000000000000    -0.000610978408455446    0.000587350197222159    0.000000000000000000
23.080    -0.000161454953234629    0.000456959538370946    0.000000000000000000    -0.000761395299310160    0.000598500465630401    0.000000000000000000
23.085    -0.000161963898842083    0.000459572940399499    0.000000000000000000    -0.000986235773747660    0.000527154329860256    0.000000000000000000
23.090    -0.000162497500343880    0.000462199521286298    0.000000000000000000    -0.001147677003517002    0.000591402852250129    0.000000000000000000
23.095    -0.000163059793770765    0.000464840887244403    0.000000000000000000    -0.001056853276675809    0.000696470204345195    0.000000000000000000
23.100    -0.000163648508529567    0.000467499664957617    0.000000000000000000    -0.001131908481431061    0.000724790032069402    0.000000000000000000
23.105    -0.000164265521000405    0.000470176562421633    0.000000000000000000    -0.001024827892642756    0.000667490089101882    0.000000000000000000
23.110    -0.000164908154168559    0.000472870147137876    0.000000000000000000    -0.000872037801707580    0.000535290886293210    0.000000000000000000
23.115    -0.000165572588281756    0.000475577114126276    0.000000000000000000    -0.000628307554096687    0.000368940870113747    0.000000000000000000
23.120    -0.000166252730083805    0.000478293304636430    0.000000000000000000    -0.000591661350155285    0.000202945428992834    0.000000000000000000
23.125    -0.000166947663419608    0.000481014568782308    0.000000000000000000    -0.000801105655186133    0.000070081549461212    0.000000000000000000
23.130    -0.000167662624396790    0.000483737584966923    0.000000000000000000    -0.000917503495279776    -0.000093307561217434    0.000000000000000000
23.135    -0.000168400522961355    0.000486458268462507    0.000000000000000000    -0.001130218679573592    -0.000512355244767018    0.000000000000000000
23.140    -0.000169166676992909    0.000489166143076972    0.000000000000000000    -0.001619316414302758    -0.000820271811306002    0.000000000000000000
23.145    -0.000169973313934820    0.000491853510896155    0.000000000000000000    -0.002113660257334468    -0.000987010483404979    0.000000000000000000
23.150    -0.000170832792383165    0.000494516203453252    0.000000000000000000    -0.002058091407483023    -0.001421482377543873    0.000000000000000000
23.155    -0.000171743723116697    0.000497143358950911    0.000000000000000000    -0.001653602053121881    -0.001776972886886712    0.000000000000000000
23.160    -0.000172695993901557    0.000499726090126397    0.000000000000000000    -0.001558836187582962    -0.001974157366347457    0.000000000000000000
23.165    -0.000173687235591107    0.000502259467367725    0.000000000000000000    -0.001563627972622468    -0.002231245637210333    0.000000000000000000
23.170    -0.000174717567979972    0.000504737063468123    0.000000000000000000    -0.001703301896253907    -0.002630230425543223    0.000000000000000000
23.175    -0.000175790482916243    0.000507148903807882    0.000000000000000000    -0.001716965178815474    -0.002927203122519463    0.000000000000000000
23.180    -0.000176906321981985    0.000509487564069578    0.000000000000000000    -0.001496965498568167    -0.003108469314081451    0.000000000000000000
23.185    -0.000178059585185191    0.000511748512598422    0.000000000000000000    -0.001224583920848930    -0.003093333832918793    0.000000000000000000
23.190    -0.000179243462986418    0.000513932127781443    0.000000000000000000    -0.000768998877244539    -0.003414696377952893    0.000000000000000000
23.195    -0.000180446565759577    0.000516030375555015    0.000000000000000000    -0.000874156080692958    -0.003595739335626909    0.000000000000000000
23.200    -0.000181671522434752    0.000518038729845197    0.000000000000000000    -0.000944085280724441    -0.003789672570926605    0.000000000000000000
23.205    -0.000182920081241946    0.000519952342321105    0.000000000000000000    -0.000932712023443824    -0.004060016868950855    0.000000000000000000
23.210    -0.000184191957849726    0.000521764454375290    0.000000000000000000    -0.001079570693173024    -0.004155785180760298    0.000000000000000000
23.215    -0.000185490823724835    0.000523472671799956    0.000000000000000000    -0.001279515396280639    -0.004186616153647842    0.000000000000000000
23.220    -0.000186821677484852    0.000525076223820780    0.000000000000000000    -0.001384221458881289    -0.004189672098454944    0.000000000000000000
23.225    -0.000188187136781340    0.000526575034039143    0.000000000000000000    -0.001224730019004205    -0.004141756363754655    0.000000000000000000
23.230    -0.000189583214328303    0.000527970300348412    0.000000000000000000    -0.001230703710143393    -0.004141495993374884    0.000000000000000000
23.235    -0.000191010059468020    0.000529262029257847    0.000000000000000000    -0.001072614590324344    -0.004008991070858850    0.000000000000000000
23.240    -0.000192463719972495    0.000530453533390510    0.000000000000000000    -0.000862366890063380    -0.003939659896298742    0.000000000000000000
23.245    -0.000193938939649222    0.000531546546025766    0.000000000000000000    -0.000817706004423721    -0.003823436269525735    0.000000000000000000
23.250    -0.000195434601976059    0.000532543972754284    0.000000000000000000    -0.000788309611885656    -0.003466901579039436    0.000000000000000000
23.255    -0.000196949972043194    0.000533454726943326    0.000000000000000000    -0.000632319906801546    -0.003218055976091962    0.000000000000000000
23.260    -0.000198481150107998    0.000534285029732965    0.000000000000000000    -0.000939395843702149    -0.003111844292910844    0.000000000000000000
23.265    -0.000200035813068895    0.000535037536415282    0.000000000000000000    -0.001362004000592587    -0.002703823856506186    0.000000000000000000
23.270    -0.000201624526129807    0.000535722447501186    0.000000000000000000    -0.001387749793869833    -0.002581496966673306    0.000000000000000000
23.275    -0.000203247932935566    0.000536342821162923    0.000000000000000000    -0.001157442999892306    -0.002399938157666287    0.000000000000000000
23.280    -0.000204900275816322    0.000536903196370719    0.000000000000000000    -0.001065679823986782    -0.002005088872445229    0.000000000000000000
23.285    -0.000206579260692677    0.000537413444356703    0.000000000000000000    -0.000845018808510274    -0.001958878045682858    0.000000000000000000
23.290    -0.000208279371039245    0.000537874720391545    0.000000000000000000    -0.000836658522537651    -0.001879758122968686    0.000000000000000000
23.295    -0.000210000397848877    0.000538289002473314    0.000000000000000000    -0.001025224659695562    -0.001672869809196328    0.000000000000000000
23.300    -0.000211747055275001    0.000538661462809852    0.000000000000000000    -0.001101269618354649    -0.001465472954306768    0.000000000000000000
23.305    -0.000213521244441584    0.000538997286322532    0.000000000000000000    -0.001087557634663148    -0.001263585345892028    0.000000000000000000
23.310    -0.000215322622549034    0.000539301520201565    0.000000000000000000    -0.000699771600389757    -0.000933226884615099    0.000000000000000000
23.315    -0.000217141494946493    0.000539582423408483    0.000000000000000000    -0.000446576461510121    -0.000639497688610137    0.000000000000000000
23.320    -0.000218971531755490    0.000539847339173186    0.000000000000000000    -0.000557790976995478    -0.000648570670554877    0.000000000000000000
23.325    -0.000220815513338912    0.000540096040671125    0.000000000000000000    -0.000136683538394912    -0.000607632431358709    0.000000000000000000
23.330    -0.000222662912010794    0.000540329551358279    0.000000000000000000    0.000177761185689860    -0.000510080515226004    0.000000000000000000
23.335    -0.000224505866653034    0.000540550310032554    0.000000000000000000    0.000430858558873133    -0.000314061713397804    0.000000000000000000
23.340    -0.000226338049831301    0.000540763217163993    0.000000000000000000    0.000157573360922954    -0.000208632513327110    0.000000000000000000
23.345    -0.000228166293675546    0.000540970908482599    0.000000000000000000    -0.000346153890320436    0.000150827492461682    0.000000000000000000
23.350    -0.000230003191367049    0.000541182370488516    0.000000000000000000    0.000073629116271838    0.000365402715303380    0.000000000000000000
23.355    -0.000231838248330645    0.000541402967562316    0.000000000000000000    0.000587763680180969    0.000593560545566682    0.000000000000000000
23.360    -0.000233658611202236    0.000541638403649756    0.000000000000000000    0.001355263830893089    0.000776367659206106    0.000000000000000000
23.365    -0.000235445092478055    0.000541893248928675    0.000000000000000000    0.001730546692045067    0.000803395535939680    0.000000000000000000
23.370    -0.000237188310086573    0.000542168179095993    0.000000000000000000    0.002022941655263925    0.000803107256552339    0.000000000000000000
23.375    -0.000238880954153709    0.000542463186944725    0.000000000000000000    0.001954732897363216    0.000808013794384617    0.000000000000000000
23.380    -0.000240524729898411    0.000542778395138316    0.000000000000000000    0.001791687839175059    0.000805604927914608    0.000000000000000000
23.385    -0.000242123713447134    0.000543113743455105    0.000000000000000000    0.001756736471730282    0.000946175667091050    0.000000000000000000
23.390    -0.000243678778584064    0.000543472746163572    0.000000000000000000    0.001666133396187970    0.000990723258678834    0.000000000000000000
23.395    -0.000245192190386089    0.000543856516953505    0.000000000000000000    0.002033101744831553    0.000799897172110153    0.000000000000000000
23.400    -0.000246654774644493    0.000544260285172742    0.000000000000000000    0.002081407422058895    0.000645226104442100    0.000000000000000000
23.405    -0.000248065323717346    0.000544680184044589    0.000000000000000000    0.002167964075615748    0.000470175695981012    0.000000000000000000
23.410    -0.000249421673688308    0.000545111837308836    0.000000000000000000    0.002204673950662213    0.000187918952391196    0.000000000000000000
23.415    -0.000250722906810504    0.000545548188546892    0.000000000000000000    0.002203943853021882    -0.000023655963871799    0.000000000000000000
23.420    -0.000251969041336374    0.000545983948385852    0.000000000000000000    0.002244026313200521    -0.000177623702712383    0.000000000000000000
23.425    -0.000253159075204414    0.000546415267632244    0.000000000000000000    0.002037808170629683    -0.000139640516094719    0.000000000000000000
23.430    -0.000254298163868188    0.000546843095865734    0.000000000000000000    0.001654562693687456    -0.000019245158999412    0.000000000000000000
23.435    -0.000255395888464620    0.000547270442970248    0.000000000000000000    0.001403080586352776    -0.000125310732242145    0.000000000000000000
23.440    -0.000256458536046394    0.000547694657306457    0.000000000000000000    0.000931637262177511    -0.000117149098646623    0.000000000000000000
23.445    -0.000257497892696613    0.000548115942915199    0.000000000000000000    0.000366267031261594    -0.000072653140968659    0.000000000000000000
23.450    -0.000258528092671050    0.000548535412195417    0.000000000000000000    0.000511197012901567    -0.000084601145212623    0.000000000000000000
23.455    -0.000259545512720165    0.000548952766447005    0.000000000000000000    0.000193097037196749    0.000178509569088298    0.000000000000000000
23.460    -0.000260558105343350    0.000549374583437820    0.000000000000000000    -0.000290897179745005    0.000260705011168559    0.000000000000000000
23.465    -0.000261577970396029    0.000549802918053915    0.000000000000000000    -0.000401549717988278    0.000099785762773356    0.000000000000000000
23.470    -0.000262607874191657    0.000550233747314078    0.000000000000000000    -0.000423364082382995    -0.000119286738004681    0.000000000000000000
23.475    -0.000263648362089345    0.000550661594405792    0.000000000000000000    -0.000300593045879718    -0.000168681149833629    0.000000000000000000
23.480    -0.000264696364813180    0.000551085224468759    0.000000000000000000    -0.000155902178666789    -0.000274882102995443    0.000000000000000000
23.485    -0.000265748265091481    0.000551501982479152    0.000000000000000000    -0.000019631278148219    -0.000316744106628949    0.000000000000000000
23.490    -0.000266800656151736    0.000551910821886879    0.000000000000000000    0.000094436650977490    -0.000275421130450926    0.000000000000000000
23.495    -0.000267850686295717    0.000552312775766345    0.000000000000000000    -0.000084389476611140    -0.000412245028738600    0.000000000000000000
23.500    -0.000268902826176613    0.000552704423520092    0.000000000000000000    -0.000077943365949830    -0.000682855568201468    0.000000000000000000
23.505    -0.000269956914641658    0.000553078999884635    0.000000000000000000    0.000038563013307798    -0.000960200157895837    0.000000000000000000
23.510    -0.000271010039031370    0.000553429571245229    0.000000000000000000    -0.000189020849823002    -0.001235631052862347    0.000000000000000000
23.515    -0.000272067888942328    0.000553749251829503    0.000000000000000000    -0.000262342855770255    -0.001730230099646068    0.000000000000000000
23.520    -0.000273132297424680    0.000554025676661285    0.000000000000000000    -0.000410340497641968    -0.002052165824152803    0.000000000000000000
23.525    -0.000274206964419473    0.000554250797347463    0.000000000000000000    -0.000347630583117341    -0.002022553670178243    0.000000000000000000
23.530    -0.000275290322178844    0.000554425354191887    0.000000000000000000    -0.000566229805278561    -0.002029736733124773    0.000000000000000000
23.535    -0.000276387835683347    0.000554549167617983    0.000000000000000000    -0.000422067568440782    -0.002007217575037031    0.000000000000000000
23.540    -0.000277495900877060    0.000554622800604703    0.000000000000000000    -0.000203283426730271    -0.001870285238850938    0.000000000000000000
23.545    -0.000278609048156443    0.000554649676460451    0.000000000000000000    -0.000471805645190469    -0.001886825776870049    0.000000000000000000
23.550    -0.000279733990576955    0.000554629381671778    0.000000000000000000    -0.000499345705338213    -0.001945518028493090    0.000000000000000000
23.555    -0.000280871416640100    0.000554560448932393    0.000000000000000000    -0.000177386319456969    -0.001991667490939056    0.000000000000000000
23.560    -0.000282013277361232    0.000554441724505734    0.000000000000000000    -0.000148049227809924    -0.002262235360471834    0.000000000000000000
23.565    -0.000283158839313059    0.000554266444195063    0.000000000000000000    -0.000065133574245896    -0.002485254778873333    0.000000000000000000
23.570    -0.000284306029604242    0.000554029032514920    0.000000000000000000    -0.000076006371146995    -0.002398277844446912    0.000000000000000000
23.575    -0.000285455120054704    0.000553731663888667    0.000000000000000000    0.000123335493111901    -0.002320234910721183    0.000000000000000000
23.580    -0.000286601127117838    0.000553376289389645    0.000000000000000000    0.000546707886294861    -0.002437721378181247    0.000000000000000000
23.585    -0.000287733466483815    0.000552959971856168    0.000000000000000000    0.000592008029670892    -0.002502688572075806    0.000000000000000000
23.590    -0.000288851005649050    0.000552481087108390    0.000000000000000000    0.000713822288066907    -0.002535430355899912    0.000000000000000000
23.595    -0.000289950699257083    0.000551938816601714    0.000000000000000000    0.000794878648496984    -0.002578754455151606    0.000000000000000000
23.600    -0.000291030520898904    0.000551332077233660    0.000000000000000000    0.000413647363655626    -0.002777666499738894    0.000000000000000000
23.605    -0.000292100001356633    0.000550655896203112    0.000000000000000000    0.000342219209049314    -0.002891305848806876    0.000000000000000000
23.610    -0.000293160926334136    0.000549907432526344    0.000000000000000000    0.000408675493257602    -0.002844339404115166    0.000000000000000000
23.615    -0.000294211634424308    0.000549087860364473    0.000000000000000000    0.000748728080266717    -0.003125936949071803    0.000000000000000000
23.620    -0.000295243624312473    0.000548190139778875    0.000000000000000000    0.001363455387069952    -0.003291678147680256    0.000000000000000000
23.625    -0.000296241527815962    0.000547210127239585    0.000000000000000000    0.002067832359955828    -0.003226685020775617    0.000000000000000000
23.630    -0.000297187735510451    0.000546149447574776    0.000000000000000000    0.002093144733943033    -0.003308031771977020    0.000000000000000000
23.635    -0.000298081614586592    0.000545006067115667    0.000000000000000000    0.001810650063387761    -0.003153975113310073    0.000000000000000000
23.640    -0.000298930227411148    0.000543783837278726    0.000000000000000000    0.001670277472076622    -0.003182491239025163    0.000000000000000000
23.645    -0.000299737083298903    0.000542482045160809    0.000000000000000000    0.001909624144059378    -0.003085482680347841    0.000000000000000000
23.650    -0.000300496198583055    0.000541103115975883    0.000000000000000000    0.002156109852875614    -0.002996340424375223    0.000000000000000000
23.655    -0.000301201411120886    0.000539649278280348    0.000000000000000000    0.002248014600223208    -0.003171138877855993    0.000000000000000000
23.660    -0.000301850423293712    0.000538116162112866    0.000000000000000000    0.001956832929527440    -0.003327135525543062    0.000000000000000000
23.665    -0.000302450514643299    0.000536499867557246    0.000000000000000000    0.001996619535130431    -0.003442002621018188    0.000000000000000000
23.670    -0.000303000690504508    0.000534797522936101    0.000000000000000000    0.001843766113693388    -0.003582904593455935    0.000000000000000000
23.675    -0.000303504772212874    0.000533005605700119    0.000000000000000000    0.001507544860623617    -0.003728309257095344    0.000000000000000000
23.680    -0.000303971165299725    0.000531120480732709    0.000000000000000000    0.001574687432191312    -0.003878700399447335    0.000000000000000000
23.685    -0.000304398191200771    0.000529138388255314    0.000000000000000000    0.001552151590179362    -0.003991706626449258    0.000000000000000000
23.690    -0.000304786413312063    0.000527056503112257    0.000000000000000000    0.001136511885062655    -0.004275930274855178    0.000000000000000000
23.695    -0.000305146222626228    0.000524867719712329    0.000000000000000000    0.001125516362824718    -0.004526191699294815    0.000000000000000000
23.700    -0.000305477894031323    0.000522565781519919    0.000000000000000000    0.001108905523709933    -0.004518827190803931    0.000000000000000000
23.705    -0.000305781842798324    0.000520150872647738    0.000000000000000000    0.000732244863758426    -0.004561379679103410    0.000000000000000000
23.710    -0.000306067485443732    0.000517621929283580    0.000000000000000000    0.000413570825728155    -0.004604962308206277    0.000000000000000000
23.715    -0.000306342788818497    0.000514977861861716    0.000000000000000000    0.000443004122311578    -0.004535306392093076    0.000000000000000000
23.720    -0.000306607017090204    0.000512220411780051    0.000000000000000000    0.000912242003911316    -0.004363138492069658    0.000000000000000000
23.725    -0.000306848439311813    0.000509353883236083    0.000000000000000000    0.000692365497024627    -0.004472512162546037    0.000000000000000000
23.730    -0.000307072552395996    0.000506375541888052    0.000000000000000000    0.000274537914038593    -0.004325282821023881    0.000000000000000000
23.735    -0.000307289802032328    0.000503289068469496    0.000000000000000000    -0.000082291111579060    -0.004179201913401785    0.000000000000000000
23.740    -0.000307509108946450    0.000500098115003104    0.000000000000000000    0.000263170293821058    -0.004202691113201415    0.000000000000000000
23.745    -0.000307721836603227    0.000496802094258882    0.000000000000000000    0.000124940387367586    -0.004012637315484527    0.000000000000000000
23.750    -0.000307931440750319    0.000493405757581773    0.000000000000000000    -0.000220485717873468    -0.003802872754446636    0.000000000000000000
23.755    -0.000308146557040358    0.000489914349085803    0.000000000000000000    -0.000496922127062212    -0.003559657164356987    0.000000000000000000
23.760    -0.000308374096383574    0.000486333949160724    0.000000000000000000    -0.000508457727286821    -0.003439125467481069    0.000000000000000000
23.765    -0.000308614347169971    0.000482667571098958    0.000000000000000000    -0.000269603423574787    -0.003383123579694686    0.000000000000000000
23.770    -0.000308861338041958    0.000478916614947700    0.000000000000000000    -0.000354493092584278    -0.003307742465375341    0.000000000000000000
23.775    -0.000309117191241260    0.000475082965234807    0.000000000000000000    -0.000282037396102594    -0.003314467111699068    0.000000000000000000
23.780    -0.000309380095375465    0.000471166453844122    0.000000000000000000    -0.000342805740113916    -0.003062893861884540    0.000000000000000000
23.785    -0.000309651569653172    0.000467173370106890    0.000000000000000000    -0.000035562644751762    -0.002883808624385732    0.000000000000000000
23.790    -0.000309923932996998    0.000463108191154048    0.000000000000000000    0.000157421292379650    -0.002766498686990106    0.000000000000000000
23.795    -0.000310192360808514    0.000458973849734031    0.000000000000000000    0.000550207340127042    -0.002650862237043358    0.000000000000000000
23.800    -0.000310447033436527    0.000454773236758088    0.000000000000000000    0.000814309291993082    -0.002442309970777413    0.000000000000000000
23.805    -0.000310681348332241    0.000450511566032876    0.000000000000000000    0.000826075139904927    -0.002133195117601412    0.000000000000000000
23.810    -0.000310895011349457    0.000446196565429723    0.000000000000000000    0.001194863634985509    -0.001907579588694523    0.000000000000000000
23.815    -0.000311078802775798    0.000441833875336854    0.000000000000000000    0.001358916860367057    -0.001680611035708140    0.000000000000000000
23.820    -0.000311228621280630    0.000437429169968091    0.000000000000000000    0.001299373481591318    -0.001462689830302073    0.000000000000000000
23.825    -0.000311345955448422    0.000432987897353571    0.000000000000000000    0.001329566075411372    -0.001412216545800503    0.000000000000000000
23.830    -0.000311430050464329    0.000428511319325407    0.000000000000000000    0.001373938926284637    -0.001184841187738383    0.000000000000000000
23.835    -0.000311479797007079    0.000424005120267548    0.000000000000000000    0.001570848578206184    -0.000947415382990431    0.000000000000000000
23.840    -0.000311490272335374    0.000419475235825115    0.000000000000000000    0.001540639167239496    -0.001060862055157503    0.000000000000000000
23.845    -0.000311462231684487    0.000414918829831303    0.000000000000000000    0.001577181003942305    -0.000866402616154800    0.000000000000000000
23.850    -0.000311394761508502    0.000410340763772087    0.000000000000000000    0.001667267006343585    -0.000621620625720215    0.000000000000000000
23.855    -0.000311285609657359    0.000405747157197228    0.000000000000000000    0.001774133261231870    -0.000589215907768285    0.000000000000000000
23.860    -0.000311132104474685    0.000401138820224675    0.000000000000000000    0.001961103674372449    -0.000518023772220003    0.000000000000000000
23.865    -0.000310929571700151    0.000396517532657816    0.000000000000000000    0.001876349347950789    -0.000548132403806190    0.000000000000000000
23.870    -0.000310680130191919    0.000391882541780862    0.000000000000000000    0.001817120902824956    -0.000733495583585611    0.000000000000000000
23.875    -0.000310385260661116    0.000387229213514319    0.000000000000000000    0.001824300739977289    -0.000940376816273118    0.000000000000000000
23.880    -0.000310044783611813    0.000382552375827368    0.000000000000000000    0.001646358884148207    -0.001019677109981038    0.000000000000000000
23.885    -0.000309663147590407    0.000377850046212669    0.000000000000000000    0.001536901612835071    -0.000849356702505022    0.000000000000000000
23.890    -0.000309243089028680    0.000373126482680406    0.000000000000000000    0.001796595223266164    -0.000656664144648919    0.000000000000000000
23.895    -0.000308778115586372    0.000368386502544527    0.000000000000000000    0.001692867902950215    -0.000575428344099394    0.000000000000000000
23.900    -0.000308270820446489    0.000363632136700046    0.000000000000000000    0.001315281215267649    -0.000345936729984498    0.000000000000000000
23.905    -0.000307730643276225    0.000358869122437316    0.000000000000000000    0.001607305175554356    -0.000167899820980016    0.000000000000000000
23.910    -0.000307150283476572    0.000354101910679060    0.000000000000000000    0.001908338321363230    -0.000098180035904612    0.000000000000000000
23.915    -0.000306522215218885    0.000349332244419907    0.000000000000000000    0.002262283416887452    -0.000206940550038885    0.000000000000000000
23.920    -0.000305837589875776    0.000344557404647004    0.000000000000000000    0.002356647645584097    -0.000122434939931696    0.000000000000000000
23.925    -0.000305094048341527    0.000339779504000601    0.000000000000000000    0.001822807173261672    0.000206731555710965    0.000000000000000000
23.930    -0.000304304936627947    0.000335006771643092    0.000000000000000000    0.001804309528753972    0.000172851332322886    0.000000000000000000
23.935    -0.000303470717176148    0.000330238360568891    0.000000000000000000    0.001963622202096060    0.000036826556548165    0.000000000000000000
23.940    -0.000302587407169296    0.000325470870158603    0.000000000000000000    0.001637367184170301    0.000234307449306463    0.000000000000000000
23.945    -0.000301663162982840    0.000320709237434548    0.000000000000000000    0.001496519403661276    0.000449137588054253    0.000000000000000000
23.950    -0.000300701505811293    0.000315958833150195    0.000000000000000000    0.001599996619946857    0.000647737734553889    0.000000000000000000
23.955    -0.000299699848724247    0.000311224622309205    0.000000000000000000    0.001726264926722992    0.000665042407504545    0.000000000000000000
23.960    -0.000298655035014033    0.000306507037528403    0.000000000000000000    0.001304040841184750    0.000802841371859604    0.000000000000000000
23.965    -0.000297577620282789    0.000301809523781897    0.000000000000000000    0.001327032285761923    0.000911186993702347    0.000000000000000000
23.970    -0.000296467029744401    0.000297134789710234    0.000000000000000000    0.001440809248274850    0.000907622809689316    0.000000000000000000
23.975    -0.000295320418974807    0.000292482746208813    0.000000000000000000    0.001240218662650928    0.000868021153227830    0.000000000000000000
23.980    -0.000294142802738646    0.000287852403236223    0.000000000000000000    0.001100798591962930    0.001051249126971833    0.000000000000000000
23.985    -0.000292937666537686    0.000283248341491807    0.000000000000000000    0.001208951989754327    0.001138920866785523    0.000000000000000000
23.990    -0.000291702306536982    0.000278672752769061    0.000000000000000000    0.000896746777641691    0.001039517711462663    0.000000000000000000
23.995    -0.000290444527866837    0.000274123151989101    0.000000000000000000    0.000816070495105684    0.001088858761241589    0.000000000000000000
24.000    -0.000289166347434314    0.000269600772678173    0.000000000000000000    0.000899164389765641    0.000972122676430338    0.000000000000000000
24.005    -0.000287865687892048    0.000265102696434155    0.000000000000000000    0.000933234113249023    0.000989583695497603    0.000000000000000000
24.010    -0.000286541697496950    0.000260629359782524    0.000000000000000000    0.000876710507166905    0.001149255094072370    0.000000000000000000
24.015    -0.000285195789339172    0.000256184754508246    0.000000000000000000    0.000936877171979142    0.000982658834244605    0.000000000000000000
24.020    -0.000283826459252096    0.000251764715704823    0.000000000000000000    0.001144231595805699    0.000695220976985184    0.000000000000000000
24.025    -0.000282428523375124    0.000247362057425825    0.000000000000000000    0.001401046908406679    0.000616188480984017    0.000000000000000000
24.030    -0.000280995561325442    0.000242974803858852    0.000000000000000000    0.001745621014397503    0.000489443899066595    0.000000000000000000
24.035    -0.000279518958750400    0.000238599786389356    0.000000000000000000    0.001790598537620286    0.000506097863778874    0.000000000000000000
24.040    -0.000277997591211918    0.000234237421366453    0.000000000000000000    0.001825924083489854    0.000402653879405523    0.000000000000000000
24.045    -0.000276430575571349    0.000229885122690537    0.000000000000000000    0.001870104790488523    0.000249227257997919    0.000000000000000000
24.050    -0.000274816807311017    0.000225539054696069    0.000000000000000000    0.001888114607405400    0.000247669172919861    0.000000000000000000
24.055    -0.000273155836185500    0.000221199178430925    0.000000000000000000    0.002212054230146549    0.000284377307260223    0.000000000000000000
24.060    -0.000271439563704229    0.000216866411598463    0.000000000000000000    0.002274681315261613    0.000491876002594498    0.000000000000000000
24.065    -0.000269666424190077    0.000212545941666065    0.000000000000000000    0.002235514895087241    0.000366196227930948    0.000000000000000000
24.070    -0.000267837396803548    0.000208234626639366    0.000000000000000000    0.002489968648356888    0.000308090178847325    0.000000000000000000
24.075    -0.000265946120200810    0.000203931013867138    0.000000000000000000    0.002374094516454858    0.000347088721677725    0.000000000000000000
24.080    -0.000263995491235160    0.000199636078312951    0.000000000000000000    0.002498867473295537    0.000212331982974833    0.000000000000000000
24.085    -0.000261982390582678    0.000195346451058339    0.000000000000000000    0.002624758596143049    0.000389569514265770    0.000000000000000000
24.090    -0.000259903670965292    0.000191066563041584    0.000000000000000000    0.002379665239320063    0.000671327407506537    0.000000000000000000
24.095    -0.000257765459716924    0.000186803458210017    0.000000000000000000    0.002462575177111185    0.000500213788867535    0.000000000000000000
24.100    -0.000255565684089128    0.000182552858723171    0.000000000000000000    0.002054319170824784    0.000366082615925944    0.000000000000000000
24.105    -0.000253314550482061    0.000178311411301723    0.000000000000000000    0.001649255344600333    0.000405481993711850    0.000000000000000000
24.110    -0.000251022185491379    0.000174080100930118    0.000000000000000000    0.001767005246421528    0.000418596285948645    0.000000000000000000
24.115    -0.000248685645369536    0.000169859255465662    0.000000000000000000    0.001438415626420306    0.000413416183283472    0.000000000000000000
24.120    -0.000246313144857033    0.000165648745405788    0.000000000000000000    0.001140174899108386    0.000453321099116782    0.000000000000000000
24.125    -0.000243912139972052    0.000161449568373391    0.000000000000000000    0.000924607195104329    0.000556044290548740    0.000000000000000000
24.130    -0.000241488019907194    0.000157264292448259    0.000000000000000000    0.001207936862966360    0.000676544152426696    0.000000000000000000
24.135    -0.000239033701420761    0.000153095930126937    0.000000000000000000    0.001418375346010775    0.000813936744423031    0.000000000000000000
24.140    -0.000236543923550679    0.000148947916224226    0.000000000000000000    0.001225583655294548    0.001014936829104880    0.000000000000000000
24.145    -0.000234023506089214    0.000144825275742242    0.000000000000000000    0.000903106387071476    0.001202616243749883    0.000000000000000000
24.150    -0.000231480510968072    0.000140732700666352    0.000000000000000000    0.000705028456850307    0.001262642560827601    0.000000000000000000
24.155    -0.000228919890135508    0.000136671691654483    0.000000000000000000    0.000777585020610930    0.001411651007612391    0.000000000000000000
24.160    -0.000226339829677430    0.000132645973917804    0.000000000000000000    0.000806257635833788    0.001338022497687124    0.000000000000000000
24.165    -0.000223739612778456    0.000128653706743567    0.000000000000000000    0.000789134823580423    0.001238022979426932    0.000000000000000000
24.170    -0.000221119667508892    0.000124692390143816    0.000000000000000000    0.000867131200699926    0.001201766554219993    0.000000000000000000
24.175    -0.000218478043959311    0.000120761117707921    0.000000000000000000    0.001325930846197369    0.001375038575534334    0.000000000000000000
24.180    -0.000215803272138574    0.000116864221236414    0.000000000000000000    0.001634723519952641    0.001540014912678692    0.000000000000000000
24.185    -0.000213087632229839    0.000113005825137723    0.000000000000000000    0.001412710667951468    0.001494299793870714    0.000000000000000000
24.190    -0.000210336674554406    0.000109184786533880    0.000000000000000000    0.001448975579420230    0.001410286930354668    0.000000000000000000
24.195    -0.000207549492489486    0.000105399005103295    0.000000000000000000    0.001600930456027152    0.001246312805987053    0.000000000000000000
24.200    -0.000204722287163166    0.000101644381492860    0.000000000000000000    0.001320836423297344    0.001218705552822751    0.000000000000000000
24.205    -0.000201862060926264    0.000097920225521246    0.000000000000000000    0.000971770097301251    0.001193718176705958    0.000000000000000000
24.210    -0.000198977540436929    0.000094225912504049    0.000000000000000000    0.000750398175998349    0.001185919110813618    0.000000000000000000
24.215    -0.000196074259993194    0.000090561247464623    0.000000000000000000    0.000822778221796399    0.001084638327900132    0.000000000000000000
24.220    -0.000193150410093914    0.000086923698383394    0.000000000000000000    0.000827667452719732    0.000960740979462512    0.000000000000000000
24.225    -0.000190205868508316    0.000083310167826652    0.000000000000000000    0.001021294009708211    0.000930535868023680    0.000000000000000000
24.230    -0.000187235794572475    0.000079719900666610    0.000000000000000000    0.001114606703293700    0.000681357466982111    0.000000000000000000
24.235    -0.000184237855469053    0.000076146667443243    0.000000000000000000    0.001005306389578525    0.000634839271298300    0.000000000000000000
24.240    -0.000181214783705890    0.000072589305201658    0.000000000000000000    0.001071624190690295    0.000766817712848848    0.000000000000000000
24.245    -0.000178164921337961    0.000069051113402895    0.000000000000000000    0.000982816322568202    0.000931804564661227    0.000000000000000000
24.250    -0.000175090488561967    0.000065536216718248    0.000000000000000000    0.000834237474145504    0.001097923248431949    0.000000000000000000
24.255    -0.000171995199849119    0.000062048768114812    0.000000000000000000    0.000810091312558386    0.001291502774664402    0.000000000000000000
24.260    -0.000168879658853458    0.000058593607080742    0.000000000000000000    0.001013573772508033    0.001430507123357811    0.000000000000000000
24.265    -0.000165738778513484    0.000055174208724757    0.000000000000000000    0.000875703804246010    0.001525175150372338    0.000000000000000000
24.270    -0.000162576005578403    0.000051792939747530    0.000000000000000000    0.000621228003942027    0.001695982045500817    0.000000000000000000
24.275    -0.000159397701943225    0.000048454070321442    0.000000000000000000    0.000609642145165757    0.001677797943975385    0.000000000000000000
24.280    -0.000156204157254417    0.000045157145843952    0.000000000000000000    0.000326928612052199    0.001833505741447819    0.000000000000000000
24.285    -0.000153002439350307    0.000041906059009999    0.000000000000000000    0.000055140044332791    0.001936780932073473    0.000000000000000000
24.290    -0.000149799342945090    0.000038703391699348    0.000000000000000000    0.000099236577129564    0.002052899774724292    0.000000000000000000
24.295    -0.000146593765625444    0.000035552046883064    0.000000000000000000    0.000172124288514699    0.002117412237252628    0.000000000000000000
24.300    -0.000143383885198585    0.000032453637372713    0.000000000000000000    0.000058981467934531    0.002236401996526098    0.000000000000000000
24.305    -0.000140172530235028    0.000029411137912274    0.000000000000000000    -0.000121091491829366    0.002519303060410190    0.000000000000000000
24.310    -0.000136964202558767    0.000026431621028345    0.000000000000000000    0.000031288342753266    0.002718405358397534    0.000000000000000000
24.315    -0.000133755092673937    0.000023520064278377    0.000000000000000000    -0.000066843361715922    0.002762972526180503    0.000000000000000000
24.320    -0.000130547653873149    0.000020677581841563    0.000000000000000000    -0.000170235995430520    0.002905618860731907    0.000000000000000000
24.325    -0.000127344470972248    0.000017907739876267    0.000000000000000000    0.000039830390052798    0.003024290478897301    0.000000000000000000
24.330    -0.000124140292311595    0.000015213505172944    0.000000000000000000    -0.000214077516167647    0.003000658575341009    0.000000000000000000
24.335    -0.000120941465588847    0.000012594286934004    0.000000000000000000    -0.000702934544891337    0.003157428390959056    0.000000000000000000
24.340    -0.000117760212229720    0.000010054004404838    0.000000000000000000    -0.000787359123558288    0.003337694363429193    0.000000000000000000
24.345    -0.000114598642848683    0.000007597164234758    0.000000000000000000    -0.000758203875627218    0.003187960046717426    0.000000000000000000
24.350    -0.000111456028564536    0.000005220023065846    0.000000000000000000    -0.000750021772161322    0.003259236846408876    0.000000000000000000
24.355    -0.000108332164824693    0.000002924362818094    0.000000000000000000    -0.001137288787336180    0.003397887628148874    0.000000000000000000
24.360    -0.000105236733304534    0.000000713649761045    0.000000000000000000    -0.001586271062545600    0.003390727743243488    0.000000000000000000
24.365    -0.000102180958560938    -0.000001412295102422    0.000000000000000000    -0.001995537108399176    0.003450399131423256    0.000000000000000000
24.370    -0.000099175072245053    -0.000003451979987603    0.000000000000000000    -0.002362154663962737    0.003381240301740012    0.000000000000000000
24.375    -0.000096228239795766    -0.000005407133865241    0.000000000000000000    -0.002113677536086139    0.003220957850115697    0.000000000000000000
24.380    -0.000093334249284882    -0.000007281763796626    0.000000000000000000    -0.001761112198479537    0.003352757316418538    0.000000000000000000
24.385    -0.000090484286578959    -0.000009072574795101    0.000000000000000000    -0.002003356423368454    0.003310480337292470    0.000000000000000000
24.390    -0.000087684407783621    -0.000010780623785143    0.000000000000000000    -0.002046650013791179    0.003298564656831676    0.000000000000000000
24.395    -0.000084935695238628    -0.000012406208658765    0.000000000000000000    -0.002112198167738481    0.003172957852169816    0.000000000000000000
24.400    -0.000082239787647828    -0.000013952469586082    0.000000000000000000    -0.002236911523548994    0.002833704141125810    0.000000000000000000
24.405    -0.000079599802845116    -0.000015427887909872    0.000000000000000000    -0.002220309112556775    0.002684379959938285    0.000000000000000000
24.410    -0.000077015325770219    -0.000016836196734662    0.000000000000000000    -0.002539804600785490    0.002664310163854249    0.000000000000000000
24.415    -0.000074494343810341    -0.000018177897805357    0.000000000000000000    -0.002675391018372572    0.002614227475959116    0.000000000000000000
24.420    -0.000072040246625923    -0.000019454243189152    0.000000000000000000    -0.003034183679633744    0.002672284159996725    0.000000000000000000
24.425    -0.000069662004033495    -0.000020663781468948    0.000000000000000000    -0.003186232363546339    0.002758790006419064    0.000000000000000000
24.430    -0.000067363417250156    -0.000021804349998583    0.000000000000000000    -0.003398463120304635    0.002714081322598383    0.000000000000000000
24.435    -0.000065149792044825    -0.000022877066495153    0.000000000000000000    -0.003495886108340301    0.002439028742290118    0.000000000000000000
24.440    -0.000063023563992202    -0.000023888807273166    0.000000000000000000    -0.003122470556662688    0.002405057471723698    0.000000000000000000
24.445    -0.000060975397703496    -0.000024840421614385    0.000000000000000000    -0.002745560739002284    0.002352417193576920    0.000000000000000000
24.450    -0.000058995870433265    -0.000025733225525766    0.000000000000000000    -0.002523808395049620    0.002400450184039871    0.000000000000000000
24.455    -0.000057079438372910    -0.000026566018182545    0.000000000000000000    -0.002714108706494993    0.002582243816977618    0.000000000000000000
24.460    -0.000055230859030218    -0.000027334254743900    0.000000000000000000    -0.002621640538595323    0.002450209910485754    0.000000000000000000
24.465    -0.000053447820700990    -0.000028041236057492    0.000000000000000000    -0.002562892086661764    0.002383116256750734    0.000000000000000000
24.470    -0.000051728854673929    -0.000028688639464666    0.000000000000000000    -0.002462980612725194    0.002414941571061307    0.000000000000000000
24.475    -0.000050071463162186    -0.000029275669332564    0.000000000000000000    -0.002546552815532635    0.002298393935487689    0.000000000000000000
24.480    -0.000048477735470831    -0.000029805239352074    0.000000000000000000    -0.002938589364220206    0.002210983601869760    0.000000000000000000
24.485    -0.000046957472513582    -0.000030279534781537    0.000000000000000000    -0.002730119728654775    0.002104220272710667    0.000000000000000000
24.490    -0.000045505462549549    -0.000030701224704183    0.000000000000000000    -0.002440095999642897    0.002144461093331849    0.000000000000000000
24.495    -0.000044114454985507    -0.000031069303099495    0.000000000000000000    -0.002409593953907796    0.002119935336886581    0.000000000000000000
24.500    -0.000042783687270313    -0.000031384383111386    0.000000000000000000    -0.002387996917295639    0.001955570051648454    0.000000000000000000
24.505    -0.000041512619478052    -0.000031650573871985    0.000000000000000000    -0.002035686494900697    0.002056472465801192    0.000000000000000000
24.510    -0.000040292443848163    -0.000031865352820939    0.000000000000000000    -0.001424018962371690    0.002252125403135472    0.000000000000000000
24.515    -0.000039107868692333    -0.000032023828634814    0.000000000000000000    -0.001127121046212026    0.002425692569709499    0.000000000000000000
24.520    -0.000037951471562658    -0.000032121662134447    0.000000000000000000    -0.000938997690970390    0.002528898769482897    0.000000000000000000
24.525    -0.000036818549375258    -0.000032156273164843    0.000000000000000000    -0.001155143155106664    0.002431289158954868    0.000000000000000000
24.530    -0.000035714505766736    -0.000032130101966265    0.000000000000000000    -0.001175953788291905    0.002358212386828387    0.000000000000000000
24.535    -0.000034639861002920    -0.000032044975458016    0.000000000000000000    -0.001199024371559309    0.002403981984736361    0.000000000000000000
24.540    -0.000033595191848394    -0.000031899749400149    0.000000000000000000    -0.000986093655581737    0.002384762172695368    0.000000000000000000
24.545    -0.000032575175035257    -0.000031694904287964    0.000000000000000000    -0.000782398199769823    0.002479816031775248    0.000000000000000000
24.550    -0.000031574718177115    -0.000031428063774985    0.000000000000000000    -0.000636669714806925    0.002607539618966600    0.000000000000000000
24.555    -0.000030590178061842    -0.000031096034771532    0.000000000000000000    -0.001074199321453762    0.002588612066584193    0.000000000000000000
24.560    -0.000029632492929606    -0.000030699290466415    0.000000000000000000    -0.001103425546975228    0.002545615089951856    0.000000000000000000
24.565    -0.000028702393436045    -0.000030238905784048    0.000000000000000000    -0.001012150830397214    0.002631970901337852    0.000000000000000000
24.570    -0.000027797597713243    -0.000029712721829148    0.000000000000000000    -0.001019124434368921    0.002483943943799898    0.000000000000000000
24.575    -0.000026918280101301    -0.000029124439275653    0.000000000000000000    -0.001104861233309991    0.002376221104752541    0.000000000000000000
24.580    -0.000026066584020191    -0.000028476751194539    0.000000000000000000    -0.001365058247147555    0.002291447681115617    0.000000000000000000
24.585    -0.000025249014395260    -0.000027771776921398    0.000000000000000000    -0.001407403687912263    0.002394961786824056    0.000000000000000000
24.590    -0.000024466629862527    -0.000027006928603586    0.000000000000000000    -0.001526281875827162    0.002329056457731039    0.000000000000000000
24.595    -0.000023722402376689    -0.000026183853874330    0.000000000000000000    -0.001462573115547621    0.002277551168901960    0.000000000000000000
24.600    -0.000023014739218740    -0.000025303840365852    0.000000000000000000    -0.001386703591771898    0.002287004139174016    0.000000000000000000
24.605    -0.000022341743650586    -0.000024366651753894    0.000000000000000000    -0.001728464830419701    0.002322628894994562    0.000000000000000000
24.610    -0.000021711959703192    -0.000023371397419562    0.000000000000000000    -0.001797593297314702    0.002201235839378233    0.000000000000000000
24.615    -0.000021127115588230    -0.000022321112189245    0.000000000000000000    -0.001923227534302789    0.002200601146722000    0.000000000000000000
24.620    -0.000020590352161627    -0.000021215811930261    0.000000000000000000    -0.002022229116625942    0.002197797128026570    0.000000000000000000
24.625    -0.000020104144462939    -0.000020055566743075    0.000000000000000000    -0.002086374693570272    0.002181983685838919    0.000000000000000000
24.630    -0.000019670096131590    -0.000018840771963744    0.000000000000000000    -0.002184948969727172    0.002190405453534168    0.000000000000000000
24.635    -0.000019290671524484    -0.000017571217048074    0.000000000000000000    -0.002021546121723852    0.002153490617908216    0.000000000000000000
24.640    -0.000018961785570422    -0.000016247824866956    0.000000000000000000    -0.001663752223694901    0.002163810294992250    0.000000000000000000
24.645    -0.000018674493421952    -0.000014870337428464    0.000000000000000000    -0.001427342845832235    0.002021963404329755    0.000000000000000000
24.650    -0.000018422884844628    -0.000013442300904863    0.000000000000000000    -0.000940952171126533    0.002029827181044449    0.000000000000000000
24.655    -0.000018194800071582    -0.000011963518701737    0.000000000000000000    -0.000573576459992313    0.002059688877086182    0.000000000000000000
24.660    -0.000017981054710035    -0.000010433244276683    0.000000000000000000    -0.000927132194305212    0.001996374632565339    0.000000000000000000
24.665    -0.000017790487653347    -0.000008853060485815    0.000000000000000000    -0.000443472949947661    0.001861561002791613    0.000000000000000000
24.670    -0.000017611007420407    -0.000007226337669877    0.000000000000000000    -0.000008281950619147    0.001737551031630617    0.000000000000000000
24.675    -0.000017431734236232    -0.000005556176078149    0.000000000000000000    0.000095322143014851    0.001729218038453567    0.000000000000000000
24.680    -0.000017250077998482    -0.000003842784035459    0.000000000000000000    0.000178349825111354    0.001544261911817305    0.000000000000000000
24.685    -0.000017063963015105    -0.000002090785444974    0.000000000000000000    0.000037393218242811    0.001549738902289786    0.000000000000000000
24.690    -0.000016876913201271    -0.000000300043381931    0.000000000000000000    0.000424536466227731    0.001758519434958922    0.000000000000000000
24.695    -0.000016679249975781    0.000001534661666985    0.000000000000000000    0.000683713999552780    0.001863724859004812    0.000000000000000000
24.700    -0.000016464493900303    0.000003415959837377    0.000000000000000000    0.001026334049925254    0.001976733638129609    0.000000000000000000
24.705    -0.000016224079473577    0.000005346676348722    0.000000000000000000    0.001275333301708462    0.002142463426062479    0.000000000000000000
24.710    -0.000015951781714308    0.000007330954445718    0.000000000000000000    0.000928486725245206    0.002189913055514871    0.000000000000000000
24.715    -0.000015656271786908    0.000009369980369103    0.000000000000000000    0.001006904282029882    0.002039401660812085    0.000000000000000000
24.720    -0.000015335589252457    0.000011459991334007    0.000000000000000000    0.001170699965107703    0.002033002239599957    0.000000000000000000
24.725    -0.000014985639218878    0.000013600827354902    0.000000000000000000    0.001041572622560309    0.001924128795214799    0.000000000000000000
24.730    -0.000014609649869735    0.000015789766595677    0.000000000000000000    0.000754969997656443    0.001665220511837067    0.000000000000000000
24.735    -0.000014214786270651    0.000018020336349248    0.000000000000000000    0.000698353313320616    0.001474907514876215    0.000000000000000000
24.740    -0.000013802463838734    0.000020287778790690    0.000000000000000000    0.000576225261982234    0.001426402408322060    0.000000000000000000
24.745    -0.000013375735775268    0.000022590881292341    0.000000000000000000    0.000499532971898436    0.001375654842152826    0.000000000000000000
24.750    -0.000012936519387503    0.000024928375165046    0.000000000000000000    0.000170509855403983    0.001271348587539458    0.000000000000000000
24.755    -0.000012493040253354    0.000027297652752439    0.000000000000000000    -0.000138670456165593    0.000930441928503482    0.000000000000000000
24.760    -0.000012053027880609    0.000029690191388045    0.000000000000000000    -0.000301458335609303    0.000676913798347691    0.000000000000000000
24.765    -0.000011620551966254    0.000032099652868609    0.000000000000000000    -0.000439272424521039    0.000444364962835911    0.000000000000000000
24.770    -0.000011199057862513    0.000034520223473245    0.000000000000000000    -0.000148826211767851    0.000136972504921943    0.000000000000000000
24.775    -0.000010781284414065    0.000036944218390503    0.000000000000000000    -0.000098607829399414    0.000017063663971661    0.000000000000000000
24.780    -0.000010365976161352    0.000039368639899361    0.000000000000000000    -0.000269285566983045    -0.000005262797160143    0.000000000000000000
24.785    -0.000009957400047814    0.000041792929838289    0.000000000000000000    -0.000454793275252526    -0.000285847702246006    0.000000000000000000
24.790    -0.000009560193766158    0.000044210073584662    0.000000000000000000    -0.000326835411191691    -0.000606563010173530    0.000000000000000000
24.795    -0.000009171158369781    0.000046612053255780    0.000000000000000000    -0.000536457496552872    -0.000756980523658989    0.000000000000000000
24.800    -0.000008795534410817    0.000048995108413807    0.000000000000000000    -0.001003416708710754    -0.001079486674669065    0.000000000000000000
24.805    -0.000008444995869572    0.000051351176404967    0.000000000000000000    -0.001154718091805795    -0.001325832056309965    0.000000000000000000
24.810    -0.000008123325280622    0.000053674098594719    0.000000000000000000    -0.001494956203591943    -0.001225575630726125    0.000000000000000000
24.815    -0.000007839028596762    0.000055966381393703    0.000000000000000000    -0.001626096415525684    -0.001265876643825208    0.000000000000000000
24.820    -0.000007595384323289    0.000058227017276591    0.000000000000000000    -0.002127286633821728    -0.001378517774990810    0.000000000000000000
24.825    -0.000007404922215663    0.000060453190215105    0.000000000000000000    -0.002228817544697311    -0.001491347515783731    0.000000000000000000
24.830    -0.000007270180546653    0.000062642079465724    0.000000000000000000    -0.002063115132026041    -0.001812121821657216    0.000000000000000000
24.835    -0.000007187016755945    0.000064785665670802    0.000000000000000000    -0.002064651396271232    -0.001849277441839090    0.000000000000000000
24.840    -0.000007155469250143    0.000066883019939834    0.000000000000000000    -0.001947437807290726    -0.001775046228512855    0.000000000000000000
24.845    -0.000007172607689523    0.000068935998053152    0.000000000000000000    -0.001546704343110124    -0.001782864701131313    0.000000000000000000
24.850    -0.000007228413737481    0.000070944404548943    0.000000000000000000    -0.001430758580132999    -0.001842089455296849    0.000000000000000000
24.855    -0.000007319988749943    0.000072906758808351    0.000000000000000000    -0.001102159055657246    -0.001798234562206368    0.000000000000000000
24.860    -0.000007439117738796    0.000074824157203704    0.000000000000000000    -0.001081741449059266    -0.001808482247687591    0.000000000000000000
24.865    -0.000007585290263875    0.000076696343542865    0.000000000000000000    -0.001186651824066007    -0.001726328896594059    0.000000000000000000
24.870    -0.000007761129084556    0.000078525371659611    0.000000000000000000    -0.001051499863649279    -0.001687265403508198    0.000000000000000000
24.875    -0.000007963255401829    0.000080312218141269    0.000000000000000000    -0.000901259015500573    -0.001630139129193378    0.000000000000000000
24.880    -0.000008187913194488    0.000082058311144698    0.000000000000000000    -0.001321984512979410    -0.001402549142377036    0.000000000000000000
24.885    -0.000008445620599973    0.000083769340419567    0.000000000000000000    -0.001023843639473405    -0.001126874461733658    0.000000000000000000
24.890    -0.000008728924096444    0.000085452197832892    0.000000000000000000    -0.000493823755642891    -0.000738086070431508    0.000000000000000000
24.895    -0.000009024573186806    0.000087116603094457    0.000000000000000000    0.000098671330104420    -0.000722911791710477    0.000000000000000000
24.900    -0.000009317755493916    0.000088762935561229    0.000000000000000000    0.000283354072284876    -0.000633630841403521    0.000000000000000000
24.905    -0.000009603853949218    0.000090393427256966    0.000000000000000000    0.000491446945542431    -0.000293136901546582    0.000000000000000000
24.910    -0.000009877666230882    0.000092016590530164    0.000000000000000000    0.000625866727873163    -0.000121855474581752    0.000000000000000000
24.915    -0.000010135831844349    0.000093636707416498    0.000000000000000000    0.000477534073323315    -0.000072136351882092    0.000000000000000000
24.920    -0.000010382059105983    0.000095255020894035    0.000000000000000000    0.000861261779175733    -0.000017354731643199    0.000000000000000000
24.925    -0.000010606754823138    0.000096872900503281    0.000000000000000000    0.001000397312094815    0.000061947570297169    0.000000000000000000
24.930    -0.000010806440607490    0.000098492328801784    0.000000000000000000    0.001275998896643586    -0.000056619807880815    0.000000000000000000
24.935    -0.000010974226419426    0.000100110341605090    0.000000000000000000    0.001568959288015691    -0.000016297876817648    0.000000000000000000
24.940    -0.000011102788249162    0.000101727946961475    0.000000000000000000    0.001605493603507740    -0.000007036709870388    0.000000000000000000
24.945    -0.000011191212738810    0.000103345376400114    0.000000000000000000    0.001655617014771968    -0.000065743369281543    0.000000000000000000
24.950    -0.000011238246803089    0.000104961162254521    0.000000000000000000    0.001536359984096006    -0.000150163020127105    0.000000000000000000
24.955    -0.000011246871867765    0.000106573194033425    0.000000000000000000    0.001185927561070307    -0.000071680436776619    0.000000000000000000
24.960    -0.000011225848743414    0.000108183433801409    0.000000000000000000    0.001271777738476453    -0.000095884141830256    0.000000000000000000
24.965    -0.000011173031175602    0.000109791276465848    0.000000000000000000    0.001291751201600570    -0.000203042047331706    0.000000000000000000
24.970    -0.000011087919827750    0.000111394043079103    0.000000000000000000    0.000759638617788992    -0.000363023604778800    0.000000000000000000
24.975    -0.000010983817514453    0.000112987734102238    0.000000000000000000    0.000191030979843676    -0.000685993479448499    0.000000000000000000
24.980    -0.000010874939426660    0.000114564275288388    0.000000000000000000    -0.000044750268517521    -0.000781148475913250    0.000000000000000000
24.985    -0.000010767180095579    0.000116121287762640    0.000000000000000000    0.000050098448007397    -0.000705430787145580    0.000000000000000000
24.990    -0.000010658168303299    0.000117660664467213    0.000000000000000000    0.000320492621943492    -0.000670255422027095    0.000000000000000000
24.995    -0.000010541144195470    0.000119183284786235    0.000000000000000000    0.000034469432583361    -0.000604669340300385    0.000000000000000000
25.000    -0.000010423258351826    0.000120690788371750    0.000000000000000000    -0.000042377666566258    -0.000753172249107702    0.000000000000000000
25.005    -0.000010306431949847    0.000122179462651037    0.000000000000000000    0.000176698881140452    -0.000969315550930949    0.000000000000000000
25.010    -0.000010185188075839    0.000123643904041551    0.000000000000000000    0.000102749378214328    -0.001322075552028608    0.000000000000000000
25.015    -0.000010061375467376    0.000125075293543264    0.000000000000000000    -0.000119954151656221    -0.001426942724786591    0.000000000000000000
25.020    -0.000009940561712704    0.000126471009476858    0.000000000000000000    -0.000631217198698156    -0.001534471943474402    0.000000000000000000
25.025    -0.000009835528388000    0.000127828363611864    0.000000000000000000    -0.000739247798325907    -0.001640412546729435    0.000000000000000000
25.030    -0.000009748976258253    0.000129144707433203    0.000000000000000000    -0.000671054058062057    -0.001709777631224950    0.000000000000000000
25.035    -0.000009679200479959    0.000130418306813760    0.000000000000000000    -0.000717327726630298    -0.002014339052361976    0.000000000000000000
25.040    -0.000009627357894830    0.000131641547718009    0.000000000000000000    -0.000865657554533622    -0.002270373927937188    0.000000000000000000
25.045    -0.000009597156748564    0.000132808029274060    0.000000000000000000    -0.000982283626771752    -0.002328267210138790    0.000000000000000000
25.050    -0.000009591512692968    0.000133916304149856    0.000000000000000000    -0.000867809762445564    -0.002314569753198402    0.000000000000000000
25.055    -0.000009607563881432    0.000134966714781823    0.000000000000000000    -0.001188035294852466    -0.002131840734127550    0.000000000000000000
25.060    -0.000009653315952269    0.000135963829395437    0.000000000000000000    -0.001133143168136828    -0.001943161630444399    0.000000000000000000
25.065    -0.000009727396602308    0.000136912364968289    0.000000000000000000    -0.000666436228559145    -0.001846843606313937    0.000000000000000000
25.070    -0.000009818138158062    0.000137814729450984    0.000000000000000000    -0.000452951609211462    -0.001593068457566042    0.000000000000000000
25.075    -0.000009920203504045    0.000138677267222240    0.000000000000000000    -0.000226470159948660    -0.001453145857548046    0.000000000000000000
25.080    -0.000010027930604028    0.000139503476347057    0.000000000000000000    0.000093994724743859    -0.001452272122541174    0.000000000000000000
25.085    -0.000010133307835892    0.000140293378668810    0.000000000000000000    0.000398860860747777    -0.001339020221419098    0.000000000000000000
25.090    -0.000010228713546237    0.000141049805485028    0.000000000000000000    0.000063806857112457    -0.001232696158265031    0.000000000000000000
25.095    -0.000010322524085155    0.000141775414897289    0.000000000000000000    -0.000301308910642477    -0.001233948812633069    0.000000000000000000
25.100    -0.000010423867346838    0.000142470175589235    0.000000000000000000    -0.000562133476404651    -0.001251516156949503    0.000000000000000000
25.105    -0.000010539263945432    0.000143133648377256    0.000000000000000000    -0.000947597853052440    -0.001152868496428561    0.000000000000000000
25.110    -0.000010678350490352    0.000143768299452867    0.000000000000000000    -0.001083064881114265    -0.001055228672162392    0.000000000000000000
25.115    -0.000010844513657299    0.000144376569811674    0.000000000000000000    -0.001065544411413835    -0.000982121980018166    0.000000000000000000
25.120    -0.000011037315434532    0.000144960287120981    0.000000000000000000    -0.000837298257095229    -0.000926119901183435    0.000000000000000000
25.125    -0.000011251049668193    0.000145520851432757    0.000000000000000000    -0.000976870865729423    -0.000943271215924713    0.000000000000000000
25.130    -0.000011489205673497    0.000146057833964136    0.000000000000000000    -0.001123436900511045    -0.000756105630689502    0.000000000000000000
25.135    -0.000011755447601313    0.000146575913854748    0.000000000000000000    -0.000610912698099792    -0.000713625076232370    0.000000000000000000
25.140    -0.000012036962346582    0.000147076153118453    0.000000000000000000    -0.000150812669411261    -0.000774542904033839    0.000000000000000000
25.145    -0.000012322247408586    0.000147557028809558    0.000000000000000000    0.000293947844701793    -0.000709336644332198    0.000000000000000000
25.150    -0.000012600183774473    0.000148020171084555    0.000000000000000000    0.000530143728750361    -0.000761249192437899    0.000000000000000000
25.155    -0.000012864866547141    0.000148464282129740    0.000000000000000000    0.000596524327106613    -0.000670807590532783    0.000000000000000000
25.160    -0.000013114636211632    0.000148891622985163    0.000000000000000000    0.000510889254209989    -0.000585682438506742    0.000000000000000000
25.165    -0.000013351633644767    0.000149304321779622    0.000000000000000000    0.000349011790902679    -0.000403196277842886    0.000000000000000000
25.170    -0.000013579905783129    0.000149706940667136    0.000000000000000000    0.000163101404643097    -0.000367640502458395    0.000000000000000000
25.175    -0.000013804100386375    0.000150100368542088    0.000000000000000000    0.000031855033512797    -0.000297183208010842    0.000000000000000000
25.180    -0.000014027498613784    0.000150486366836840    0.000000000000000000    -0.000284150794169915    -0.000341905062503081    0.000000000000000000
25.185    -0.000014258000611047    0.000150863817505029    0.000000000000000000    -0.000336345444852321    -0.000473697870459087    0.000000000000000000
25.190    -0.000014496911244431    0.000151229425726457    0.000000000000000000    0.000033926689498593    -0.000532441925227235    0.000000000000000000
25.195    -0.000014734973710578    0.000151581722899754    0.000000000000000000    -0.000106657515455821    -0.000710539704900032    0.000000000000000000
25.200    -0.000014975702614611    0.000151916256580428    0.000000000000000000    -0.000462679619521870    -0.000998743603144439    0.000000000000000000
25.205    -0.000015227998509132    0.000152225821671024    0.000000000000000000    -0.000359322599582519    -0.001206881538545843    0.000000000000000000
25.210    -0.000015489277468643    0.000152505214723157    0.000000000000000000    0.000120881119281398    -0.001363754902073680    0.000000000000000000
25.215    -0.000015747534400171    0.000152750513902737    0.000000000000000000    0.000253244766639492    -0.001281697764339692    0.000000000000000000
25.220    -0.000015999460212534    0.000152963770638209    0.000000000000000000    0.000567684309726353    -0.001335330747888807    0.000000000000000000
25.225    -0.000016237193917154    0.000153143644104984    0.000000000000000000    0.000733108766810033    -0.001576727096752693    0.000000000000000000
25.230    -0.000016456599902603    0.000153284099394340    0.000000000000000000    0.000504646721761451    -0.001702602676160190    0.000000000000000000
25.235    -0.000016663389720008    0.000153381989616792    0.000000000000000000    0.000224389337028549    -0.001855861969036121    0.000000000000000000
25.240    -0.000016864569803988    0.000153433483290018    0.000000000000000000    0.000117533483695912    -0.001865597911967967    0.000000000000000000
25.245    -0.000017062811550875    0.000153438337015445    0.000000000000000000    0.000550938977068557    -0.001748608355609579    0.000000000000000000
25.250    -0.000017247279823335    0.000153399475531981    0.000000000000000000    0.000932029631295936    -0.001758929531211042    0.000000000000000000
25.255    -0.000017408447355013    0.000153316640810238    0.000000000000000000    0.001117395234420221    -0.001826730103410799    0.000000000000000000
25.260    -0.000017541680005831    0.000153188137835909    0.000000000000000000    0.001171790070504197    -0.001716606913589177    0.000000000000000000
25.265    -0.000017645617904885    0.000153016719688740    0.000000000000000000    0.000729650946090012    -0.001458392054711800    0.000000000000000000
25.270    -0.000017731314530288    0.000152808841740204    0.000000000000000000    0.000492336991137572    -0.001171927205266023    0.000000000000000000
25.275    -0.000017804702730912    0.000152571665611535    0.000000000000000000    0.000490600099399823    -0.001061799230736614    0.000000000000000000
25.280    -0.000017865825929052    0.000152307944502099    0.000000000000000000    0.000510609365786489    -0.000930477296189232    0.000000000000000000
25.285    -0.000017914183893046    0.000152020961460258    0.000000000000000000    0.000519114014730938    -0.000742660132647737    0.000000000000000000
25.290    -0.000017949564006672    0.000151715411915100    0.000000000000000000    0.000490876602864045    -0.000759116491319328    0.000000000000000000
25.295    -0.000017972672205227    0.000151390884457660    0.000000000000000000    0.000201221108267566    -0.000748758582465791    0.000000000000000000
25.300    -0.000017990749876075    0.000151047638035658    0.000000000000000000    -0.000127867145181961    -0.000470730508487713    0.000000000000000000
25.305    -0.000018012024225553    0.000150692623350943    0.000000000000000000    -0.000087543712583624    -0.000274913207571822    0.000000000000000000
25.310    -0.000018035487167845    0.000150330735836040    0.000000000000000000    -0.000222136898135594    -0.000147802796658615    0.000000000000000000
25.315    -0.000018064503532590    0.000149965153251220    0.000000000000000000    -0.000507301604613504    0.000181645109402018    0.000000000000000000
25.320    -0.000018106202437451    0.000149604111794135    0.000000000000000000    -0.000689923500094437    0.000370570340459293    0.000000000000000000
25.325    -0.000018165149429814    0.000149252334595561    0.000000000000000000    -0.000754667839132005    0.000583696098655460    0.000000000000000000
25.330    -0.000018242963118156    0.000148915149799454    0.000000000000000000    -0.000686324018326425    0.000650667822854785    0.000000000000000000
25.335    -0.000018337934906955    0.000148594231698918    0.000000000000000000    -0.000524700475371538    0.000762226014358776    0.000000000000000000
25.340    -0.000018446024207639    0.000148292369248742    0.000000000000000000    -0.000514093688360200    0.001104804472553279    0.000000000000000000
25.345    -0.000018566965850532    0.000148018126910379    0.000000000000000000    -0.000949725859580890    0.001343594674518400    0.000000000000000000
25.350    -0.000018711650639915    0.000147777474438879    0.000000000000000000    -0.001297410737427344    0.001425113189806046    0.000000000000000000
25.355    -0.000018888770697733    0.000147572449797124    0.000000000000000000    -0.001178831477246817    0.001328961877546673    0.000000000000000000
25.360    -0.000019095361542482    0.000147400649202308    0.000000000000000000    -0.001094616014952630    0.001523597806649037    0.000000000000000000
25.365    -0.000019329317787606    0.000147266938552658    0.000000000000000000    -0.001333389179560441    0.001645098490591105    0.000000000000000000
25.370    -0.000019596608762218    0.000147174355365273    0.000000000000000000    -0.001460497977627778    0.001563946355726637    0.000000000000000000
25.375    -0.000019900412186271    0.000147120870836781    0.000000000000000000    -0.001364824062468392    0.001531293935106868    0.000000000000000000
25.380    -0.000020238336211885    0.000147105668656666    0.000000000000000000    -0.001397533340413948    0.001443621730009984    0.000000000000000000
25.385    -0.000020611198571010    0.000147126557019802    0.000000000000000000    -0.001243826390734355    0.001240003494779344    0.000000000000000000
25.390    -0.000021015156589903    0.000147178445470308    0.000000000000000000    -0.001018690797655551    0.001041404596429513    0.000000000000000000
25.395    -0.000021444581878738    0.000147256369035724    0.000000000000000000    -0.000907467822899855    0.001008611458005581    0.000000000000000000
25.400    -0.000021896693863145    0.000147359507887590    0.000000000000000000    -0.001244859609006037    0.000942828146884055    0.000000000000000000
25.405    -0.000022379927337777    0.000147486217443128    0.000000000000000000    -0.001475184754827318    0.000697287124495427    0.000000000000000000
25.410    -0.000022900040431280    0.000147630359176779    0.000000000000000000    -0.001482097555189699    0.000546728202041559    0.000000000000000000
25.415    -0.000023457205963663    0.000147788169115481    0.000000000000000000    -0.001539799551676549    0.000306744501732664    0.000000000000000000
25.420    -0.000024052866484838    0.000147953647666726    0.000000000000000000    -0.001789321356552540    -0.000031537049680714    0.000000000000000000
25.425    -0.000024693260039926    0.000148118337791729    0.000000000000000000    -0.002166278602062216    -0.000145920032941548    0.000000000000000000
25.430    -0.000025387810560066    0.000148279379915909    0.000000000000000000    -0.001944323871301611    -0.000193669497562535    0.000000000000000000
25.435    -0.000026130969176989    0.000148435580302649    0.000000000000000000    -0.001753191474308991    -0.000238185597504006    0.000000000000000000
25.440    -0.000026917957580769    0.000148585826049452    0.000000000000000000    -0.001809607505718876    -0.000357632070867309    0.000000000000000000
25.445    -0.000027750186172192    0.000148727130994483    0.000000000000000000    -0.001987946345857939    -0.000400805554026055    0.000000000000000000
25.450    -0.000028632113422262    0.000148858415800664    0.000000000000000000    -0.001939181413170737    -0.000480522193342138    0.000000000000000000
25.455    -0.000029562520207661    0.000148977687552011    0.000000000000000000    -0.002118493670309339    -0.000690941358954785    0.000000000000000000
25.460    -0.000030545889334818    0.000149079685769384    0.000000000000000000    -0.002545620873035828    -0.000898219448499564    0.000000000000000000
25.465    -0.000031592898983800    0.000149159228500545    0.000000000000000000    -0.002836642418824014    -0.001060319652316111    0.000000000000000000
25.470    -0.000032710824693254    0.000149212263240397    0.000000000000000000    -0.003032119505793750    -0.001167181919291965    0.000000000000000000
25.475    -0.000033904553390352    0.000149236118432268    0.000000000000000000    -0.003018561695330524    -0.001274821567417723    0.000000000000000000
25.480    -0.000035173746129833    0.000149228103084953    0.000000000000000000    -0.002722069258656026    -0.001552030568689007    0.000000000000000000
25.485    -0.000036510990600781    0.000149181286973421    0.000000000000000000    -0.002102456532315615    -0.001703219522864114    0.000000000000000000
25.490    -0.000037900796485036    0.000149091890373817    0.000000000000000000    -0.001650939445072800    -0.001832398857998718    0.000000000000000000
25.495    -0.000039331875855419    0.000148956683802763    0.000000000000000000    -0.001565114654983346    -0.001940130591827688    0.000000000000000000
25.500    -0.000040802083092176    0.000148772973966914    0.000000000000000000    -0.001783063795434911    -0.001987024949001151    0.000000000000000000
25.505    -0.000042316866923819    0.000148539588507339    0.000000000000000000    -0.001767986692518338    -0.002045483577716931    0.000000000000000000
25.510    -0.000043875850422775    0.000148255065958322    0.000000000000000000    -0.001905417143344243    -0.002043149201607633    0.000000000000000000
25.515    -0.000045482469350314    0.000147919464679264    0.000000000000000000    -0.001748449548214718    -0.002077234743267861    0.000000000000000000
25.520    -0.000047132799516559    0.000147531932531625    0.000000000000000000    -0.001675862259929879    -0.001969984922764326    0.000000000000000000
25.525    -0.000048825026239302    0.000147095150760916    0.000000000000000000    -0.001674147630878074    -0.001807920481780361    0.000000000000000000
25.530    -0.000050559106652817    0.000146613170978163    0.000000000000000000    -0.001722915783889268    -0.001666075529083849    0.000000000000000000
25.535    -0.000052336259960929    0.000146089539307183    0.000000000000000000    -0.001908645878444975    -0.001646141154405551    0.000000000000000000
25.540    -0.000054161129416002    0.000145524754107343    0.000000000000000000    -0.001606057786280777    -0.001574877744591483    0.000000000000000000
25.545    -0.000056026150315733    0.000144920596963888    0.000000000000000000    -0.001579645023261291    -0.001510878262824802    0.000000000000000000
25.550    -0.000057930662341045    0.000144278667863863    0.000000000000000000    -0.001749370039419136    -0.001397039661383322    0.000000000000000000
25.555    -0.000059878908617342    0.000143601812772302    0.000000000000000000    -0.001598499944195316    -0.001299608259977287    0.000000000000000000
25.560    -0.000061867117392244    0.000142892467474243    0.000000000000000000    -0.001902352513123099    -0.001185597091065511    0.000000000000000000
25.565    -0.000063902884979975    0.000142153482248907    0.000000000000000000    -0.002074409721415670    -0.001121038551068348    0.000000000000000000
25.570    -0.000065990512810741    0.000141386471059794    0.000000000000000000    -0.002359587995892165    -0.000965829039410379    0.000000000000000000
25.575    -0.000068137130341404    0.000140595314144696    0.000000000000000000    -0.002046716401652641    -0.000765750173840809    0.000000000000000000
25.580    -0.000070334915782108    0.000139785013475251    0.000000000000000000    -0.001725219430765931    -0.000540196591187168    0.000000000000000000
25.585    -0.000072575831708582    0.000138961207891027    0.000000000000000000    -0.001588697485163117    -0.000235149747610051    0.000000000000000000
25.590    -0.000074856465072184    0.000138131523563113    0.000000000000000000    -0.001043482536412137    0.000119706050563531    0.000000000000000000
25.595    -0.000077163185499197    0.000137304831886463    0.000000000000000000    -0.001007891342495932    0.000445524035718207    0.000000000000000000
25.600    -0.000079495103209772    0.000136489278310706    0.000000000000000000    -0.001204675672815425    0.000748200913452826    0.000000000000000000
25.605    -0.000081857137812168    0.000135692429757785    0.000000000000000000    -0.001265424346736537    0.000831507380389188    0.000000000000000000
25.610    -0.000084250808023232    0.000134916368889374    0.000000000000000000    -0.001481303198046431    0.001059793542478992    0.000000000000000000
25.615    -0.000086681510814247    0.000134166802859525    0.000000000000000000    -0.001659061443736701    0.001246762721463564    0.000000000000000000
25.620    -0.000089153690141356    0.000133448405897713    0.000000000000000000    -0.001896416733738809    0.001286928571250356    0.000000000000000000
25.625    -0.000091673279886808    0.000132762182150181    0.000000000000000000    -0.002061218126628121    0.001442107160429121    0.000000000000000000
25.630    -0.000094244400085426    0.000132112011081661    0.000000000000000000    -0.002043299056906701    0.001335925774215195    0.000000000000000000
25.635    -0.000096866602760467    0.000131495238157496    0.000000000000000000    -0.001486254193202815    0.001246779457754737    0.000000000000000000
25.640    -0.000099525961790337    0.000130909634719775    0.000000000000000000    -0.001087077972692740    0.001104542776773215    0.000000000000000000
25.645    -0.000102212497769525    0.000130351644851473    0.000000000000000000    -0.000889914821258146    0.000927383761276405    0.000000000000000000
25.650    -0.000104921281619244    0.000129816839577203    0.000000000000000000    -0.000950691668452977    0.000671675228797620    0.000000000000000000
25.655    -0.000107653832760675    0.000129298826183653    0.000000000000000000    -0.001029589619450425    0.000461335009745633    0.000000000000000000
25.660    -0.000110412123642592    0.000128792346165346    0.000000000000000000    -0.000965757711643010    0.000135079224512650    0.000000000000000000
25.665    -0.000113194558467300    0.000128289243127653    0.000000000000000000    -0.000883688169930354    -0.000077311389290241    0.000000000000000000
25.670    -0.000115999085496256    0.000127784207305227    0.000000000000000000    -0.000624247052985992    -0.000401176052355337    0.000000000000000000
25.675    -0.000118819218701537    0.000127269142081492    0.000000000000000000    -0.000667511903042510    -0.000803434543625650    0.000000000000000000
25.680    -0.000121656039704394    0.000126733990994166    0.000000000000000000    -0.000592504069106548    -0.001103256844286419    0.000000000000000000
25.685    -0.000124507673308979    0.000126171258485734    0.000000000000000000    -0.000948188696284257    -0.001303812324904416    0.000000000000000000
25.690    -0.000127383011630971    0.000125575930669179    0.000000000000000000    -0.001480946400204833    -0.001438584251471295    0.000000000000000000
25.695    -0.000130295373612968    0.000124944638246337    0.000000000000000000    -0.001284068816203654    -0.001696070237963048    0.000000000000000000
25.700    -0.000133239837315370    0.000124270944067546    0.000000000000000000    -0.000882963924681620    -0.001807464017497757    0.000000000000000000
25.705    -0.000136206375115889    0.000123552063288317    0.000000000000000000    -0.000858825695235774    -0.001788900550453833    0.000000000000000000
25.710    -0.000139194383558788    0.000122788459995328    0.000000000000000000    -0.000823274762459802    -0.001759320652095636    0.000000000000000000
25.715    -0.000142202973870750    0.000121980873686035    0.000000000000000000    -0.000709349441787351    -0.001748217782478016    0.000000000000000000
25.720    -0.000145229297918756    0.000121129581932181    0.000000000000000000    -0.000854239762017317    -0.001687927927180189    0.000000000000000000
25.725    -0.000148276977960812    0.000120236091980148    0.000000000000000000    -0.000654883035944385    -0.001477836113154677    0.000000000000000000
25.730    -0.000151341030078768    0.000119305656125285    0.000000000000000000    -0.000396637139165809    -0.001151090860271255    0.000000000000000000
25.735    -0.000154414998125202    0.000118346442998916    0.000000000000000000    -0.000395090649392546    -0.000970072898335140    0.000000000000000000
25.740    -0.000157498843437871    0.000117362978050088    0.000000000000000000    -0.000363967331899447    -0.000906973510084348    0.000000000000000000
25.745    -0.000160591787933838    0.000116356838763508    0.000000000000000000    -0.000371207840171601    -0.000781358771530434    0.000000000000000000
25.750    -0.000163694012625808    0.000115331165507640    0.000000000000000000    -0.000137840229670876    -0.000768654175797249    0.000000000000000000
25.755    -0.000166799683323521    0.000114286275897377    0.000000000000000000    0.000338924296452428    -0.000677403395974861    0.000000000000000000
25.760    -0.000169896880913822    0.000113224451202215    0.000000000000000000    0.000487611413096988    -0.000570604143197359    0.000000000000000000
25.765    -0.000172981888218796    0.000112148361403473    0.000000000000000000    0.000250277275317106    -0.000330886144074018    0.000000000000000000
25.770    -0.000176060638591887    0.000111063999451128    0.000000000000000000    0.000155502683395941    -0.000003293858538787    0.000000000000000000
25.775    -0.000179135501397893    0.000109979555152321    0.000000000000000000    0.000312695548254551    0.000331819085370934    0.000000000000000000
25.780    -0.000182202546815193    0.000108903406330648    0.000000000000000000    0.000225328344629879    0.000669924046503827    0.000000000000000000
25.785    -0.000185263959023877    0.000107844005610137    0.000000000000000000    0.000092156383609335    0.000710531213751709    0.000000000000000000
25.790    -0.000188323067322971    0.000106802368169970    0.000000000000000000    0.000229951584772379    0.000767179219892224    0.000000000000000000
25.795    -0.000191376426832445    0.000105779910210300    0.000000000000000000    0.000296804478074975    0.001147339831498724    0.000000000000000000
25.800    -0.000194422366229968    0.000104786135746418    0.000000000000000000    0.000579225703524998    0.001334828821787756    0.000000000000000000
25.805    -0.000197453824984902    0.000103825732003081    0.000000000000000000    0.000776723724685941    0.001420251444660581    0.000000000000000000
25.810    -0.000200465865646719    0.000102900834545860    0.000000000000000000    0.000775837735039493    0.001524603560422487    0.000000000000000000
25.815    -0.000203458510365161    0.000102014052177649    0.000000000000000000    0.000938161570602841    0.001505497209319459    0.000000000000000000
25.820    -0.000206427701044337    0.000101164907239672    0.000000000000000000    0.000923199988360620    0.001450596484987117    0.000000000000000000
25.825    -0.000209373811723804    0.000100352027213819    0.000000000000000000    0.000822051035529467    0.001327924425450870    0.000000000000000000
25.830    -0.000212299371127383    0.000099572345298603    0.000000000000000000    0.000826575150272239    0.001218110064609974    0.000000000000000000
25.835    -0.000215204266152205    0.000098823116135001    0.000000000000000000    0.001026970565772608    0.001108051851593755    0.000000000000000000
25.840    -0.000218083486912883    0.000098101588267690    0.000000000000000000    0.001080636091449353    0.000955914150497237    0.000000000000000000
25.845    -0.000220935691771275    0.000097403958254141    0.000000000000000000    0.001231128879800904    0.000726291032211181    0.000000000000000000
25.850    -0.000223757118407671    0.000096724485516397    0.000000000000000000    0.001467018645130366    0.000517604511038241    0.000000000000000000
25.855    -0.000226541869577940    0.000096057952891430    0.000000000000000000    0.001477253842517264    0.000285656741152497    0.000000000000000000
25.860    -0.000229289689402145    0.000095398561684991    0.000000000000000000    0.001548116500465829    0.000149055242535659    0.000000000000000000
25.865    -0.000231998806313839    0.000094742896859615    0.000000000000000000    0.001437474003682408    -0.000075469381601826    0.000000000000000000
25.870    -0.000234671986375440    0.000094085345299700    0.000000000000000000    0.001365075829537227    -0.000198039444039154    0.000000000000000000
25.875    -0.000237311039541304    0.000093422842753683    0.000000000000000000    0.001283635795756898    -0.000267282233944307    0.000000000000000000
25.880    -0.000239918001812273    0.000092753658151818    0.000000000000000000    0.000936203010452842    -0.000239238432994779    0.000000000000000000
25.885    -0.000242501559007981    0.000092078492589128    0.000000000000000000    0.001169047783594222    -0.000369791178423296    0.000000000000000000
25.890    -0.000245055890009099    0.000091394082246978    0.000000000000000000    0.000999194577943393    -0.000479468789104927    0.000000000000000000
25.895    -0.000247585241145769    0.000090697685185099    0.000000000000000000    0.000585291993198279    -0.000365284735843086    0.000000000000000000
25.900    -0.000250099959982608    0.000089992156004825    0.000000000000000000    0.000152525626586318    -0.000356437959634346    0.000000000000000000
25.905    -0.000252610865678783    0.000089277715875560    0.000000000000000000    -0.000203284730756603    -0.000268851204710333    0.000000000000000000
25.910    -0.000255126853493227    0.000088556554466177    0.000000000000000000    -0.000204369519486800    -0.000296723550891618    0.000000000000000000
25.915    -0.000257647950545658    0.000087827974968022    0.000000000000000000    0.000170155696329818    -0.000314008828610325    0.000000000000000000
25.920    -0.000260164793705681    0.000087091545249151    0.000000000000000000    0.000306850843673125    -0.000197811898786549    0.000000000000000000
25.925    -0.000262673965594612    0.000086350170232811    0.000000000000000000    0.000126249079708280    0.000020381062544031    0.000000000000000000
25.930    -0.000265179981256550    0.000085609304743035    0.000000000000000000    -0.000072440685587680    0.000134492427899830    0.000000000000000000
25.935    -0.000267687807935628    0.000084871801563956    0.000000000000000000    -0.000476164403635793    0.000123371385783114    0.000000000000000000
25.940    -0.000270207538724797    0.000084137382669521    0.000000000000000000    -0.000790648705447511    0.000410488839644170    0.000000000000000000
25.945    -0.000272747035731602    0.000083413225996078    0.000000000000000000    -0.000656525087467351    0.000701623073990384    0.000000000000000000
25.950    -0.000275302945865594    0.000082706609899484    0.000000000000000000    -0.000438262965684125    0.000682004128686330    0.000000000000000000
25.955    -0.000277869812573728    0.000082017043906108    0.000000000000000000    -0.000129802223461893    0.000576080802946436    0.000000000000000000
25.960    -0.000280439924337448    0.000081341879932805    0.000000000000000000    -0.000107291139629390    0.000851470344154421    0.000000000000000000
25.965    -0.000283012718379659    0.000080688002718106    0.000000000000000000    -0.000182539132221118    0.001089463091663015    0.000000000000000000
25.970    -0.000285590075900176    0.000080061362080699    0.000000000000000000    0.000016679273530905    0.001287092855149340    0.000000000000000000
25.975    -0.000288167016438854    0.000079466898764671    0.000000000000000000    -0.000063868828763074    0.001581720099298398    0.000000000000000000
25.980    -0.000290745553698252    0.000078911978451124    0.000000000000000000    -0.000156299798366542    0.001854660684416924    0.000000000000000000
25.985    -0.000293327998452608    0.000078403424654689    0.000000000000000000    0.000006754792040379    0.002033054806592667    0.000000000000000000
25.990    -0.000295910274337164    0.000077945697228418    0.000000000000000000    0.000354871593926959    0.002264843664716082    0.000000000000000000
25.995    -0.000298483678431871    0.000077544590893765    0.000000000000000000    0.000691004712679178    0.002378227469809410    0.000000000000000000
26.000    -0.000301039807408762    0.000077202940245857    0.000000000000000000    0.000765602635049729    0.002420696713462361    0.000000000000000000
26.005    -0.000303576796319776    0.000076921807015786    0.000000000000000000    0.001216384191494221    0.002374002610607234    0.000000000000000000
26.010    -0.000306083375626003    0.000076700023850980    0.000000000000000000    0.001232797598158843    0.002378697366826757    0.000000000000000000
26.015    -0.000308559134992276    0.000076537708120345    0.000000000000000000    0.000758607276449622    0.002472156031503906    0.000000000000000000
26.020    -0.000311015929176637    0.000076437196290497    0.000000000000000000    0.000750635592600569    0.002421524762546198    0.000000000000000000
26.025    -0.000313453957471184    0.000076397222579713    0.000000000000000000    0.000474915277937082    0.002224908760275145    0.000000000000000000
26.030    -0.000315880112883782    0.000076412871587936    0.000000000000000000    0.000137113636896214    0.002051757766172494    0.000000000000000000
26.035    -0.000318302840455458    0.000076479814540313    0.000000000000000000    0.000650361763657702    0.001724277301096296    0.000000000000000000
26.040    -0.000320709308983042    0.000076589864425217    0.000000000000000000    0.000840911587552621    0.001385859315409209    0.000000000000000000
26.045    -0.000323094754720938    0.000076734560793007    0.000000000000000000    0.000876498047286487    0.001164284498996197    0.000000000000000000
26.050    -0.000325458288007651    0.000076908364273272    0.000000000000000000    0.001080163975748869    0.000770597212427278    0.000000000000000000
26.055    -0.000327794817194971    0.000077101432683847    0.000000000000000000    0.000981938453243660    0.000644620692590264    0.000000000000000000
26.060    -0.000330106797920959    0.000077310616611737    0.000000000000000000    0.001325033392625408    0.000560161939951067    0.000000000000000000
26.065    -0.000332385652812132    0.000077533804588126    0.000000000000000000    0.001458086177506725    0.000348995355332936    0.000000000000000000
26.070    -0.000334628055548867    0.000077765717448398    0.000000000000000000    0.001386693097580119    0.000293083128413718    0.000000000000000000
26.075    -0.000336835790958163    0.000078004957386881    0.000000000000000000    0.001395921213989161    0.000319150444920012    0.000000000000000000
26.080    -0.000339008628337109    0.000078252176086486    0.000000000000000000    0.001440274286998184    0.000296540791743633    0.000000000000000000
26.085    -0.000341145458858880    0.000078506808305885    0.000000000000000000    0.001411118424000848    -0.000008856989177990    0.000000000000000000
26.090    -0.000343247011420051    0.000078761219100555    0.000000000000000000    0.001173947427142094    -0.000047354131966029    0.000000000000000000
26.095    -0.000345319215295544    0.000079014446041925    0.000000000000000000    0.001113701937646532    -0.000029279299662956    0.000000000000000000
26.100    -0.000347363576622595    0.000079266941000804    0.000000000000000000    0.001367973945134559    -0.000117971218847857    0.000000000000000000
26.105    -0.000349373738601018    0.000079516486679212    0.000000000000000000    0.001624925160370171    -0.000027332375637963    0.000000000000000000
26.110    -0.000351343277450432    0.000079765349048229    0.000000000000000000    0.001286365404317563    -0.000062026978165253    0.000000000000000000
26.115    -0.000353280657164737    0.000080012660742792    0.000000000000000000    0.001601396122012742    -0.000180995915081213    0.000000000000000000
26.120    -0.000355178001975993    0.000080255447539477    0.000000000000000000    0.001701535585645932    -0.000269451039483113    0.000000000000000000
26.125    -0.000357032808397607    0.000080491498060176    0.000000000000000000    0.001756692498285604    -0.000327507288711199    0.000000000000000000
26.130    -0.000358843697506764    0.000080719360898657    0.000000000000000000    0.002208495365268407    -0.000121376373787342    0.000000000000000000
26.135    -0.000360599374231790    0.000080944189327793    0.000000000000000000    0.002019308815107840    0.000119557415294400    0.000000000000000000
26.140    -0.000362304568236438    0.000081172006692311    0.000000000000000000    0.001692927805191802    0.000251857078004429    0.000000000000000000
26.145    -0.000363967439045956    0.000081406120483780    0.000000000000000000    0.001362426993258871    0.000472678389373165    0.000000000000000000
26.150    -0.000365596249180642    0.000081652051234983    0.000000000000000000    0.001249989426412804    0.000414796782653108    0.000000000000000000
26.155    -0.000367193809579668    0.000081908351905752    0.000000000000000000    0.001298239525296570    0.000414445433554638    0.000000000000000000
26.160    -0.000368758913990562    0.000082175013712360    0.000000000000000000    0.001314074483049158    0.000447495874333990    0.000000000000000000
26.165    -0.000370291166539379    0.000082452862915826    0.000000000000000000    0.001350924035182794    0.000428190612822418    0.000000000000000000
26.170    -0.000371789645987317    0.000082741416884613    0.000000000000000000    0.001601655421957539    0.000477286131554135    0.000000000000000000
26.175    -0.000373248084049706    0.000083041903006689    0.000000000000000000    0.001320251755371291    0.000397763050212605    0.000000000000000000
26.180    -0.000374673515818211    0.000083352333205020    0.000000000000000000    0.001211626066263596    0.000133080899507288    0.000000000000000000
26.185    -0.000376068656935059    0.000083666090425839    0.000000000000000000    0.000990527218636995    0.000126108046134572    0.000000000000000000
26.190    -0.000377439034871442    0.000083983000347811    0.000000000000000000    0.000707558815997347    0.000142089085530036    0.000000000000000000
26.195    -0.000378791723837424    0.000084303462496922    0.000000000000000000    0.000658186868872108    -0.000028703267174646    0.000000000000000000
26.200    -0.000380127958131684    0.000084623207064353    0.000000000000000000    0.001219473964972524    -0.000186772413195689    0.000000000000000000
26.205    -0.000381433705576820    0.000084938282321454    0.000000000000000000    0.001808442059770578    -0.000180302688762308    0.000000000000000000
26.210    -0.000382694241970462    0.000085248850011336    0.000000000000000000    0.001459980561776403    -0.000130680846225088    0.000000000000000000
26.215    -0.000383918278850060    0.000085556150680063    0.000000000000000000    0.001497591746852083    -0.000138665476028129    0.000000000000000000
26.220    -0.000385104875935986    0.000085859984711889    0.000000000000000000    0.001256966600138732    -0.000249953450964899    0.000000000000000000
26.225    -0.000386260048856909    0.000086157569907440    0.000000000000000000    0.001159844287576626    -0.000410142445382696    0.000000000000000000
26.230    -0.000387386225670642    0.000086444901541857    0.000000000000000000    0.001305878274213829    -0.000630449012788917    0.000000000000000000
26.235    -0.000388479755527520    0.000086716471950955    0.000000000000000000    0.001030544202770909    -0.000706015261015165    0.000000000000000000
26.240    -0.000389547521779329    0.000086970391978527    0.000000000000000000    0.000946629254534263    -0.000872871396906741    0.000000000000000000
26.245    -0.000390591622299774    0.000087202490221176    0.000000000000000000    0.001211940725471573    -0.000937401808380630    0.000000000000000000
26.250    -0.000391605424302083    0.000087411153418616    0.000000000000000000    0.001625564682622600    -0.000720300694595586    0.000000000000000000
26.255    -0.000392578587187326    0.000087601809098691    0.000000000000000000    0.001799536673992817    -0.000666646197723122    0.000000000000000000
26.260    -0.000393506761655719    0.000087775798623823    0.000000000000000000    0.001935372093222771    -0.000750593452822574    0.000000000000000000
26.265    -0.000394386551821781    0.000087931023312634    0.000000000000000000    0.002046871176229585    -0.000801585545855436    0.000000000000000000
26.270    -0.000395215170208438    0.000088066208362799    0.000000000000000000    0.002061916088726395    -0.000838942594866168    0.000000000000000000
26.275    -0.000395992240692877    0.000088180419848092    0.000000000000000000    0.002564658347315937    -0.000929682516722383    0.000000000000000000
26.280    -0.000396705194718633    0.000088271389270468    0.000000000000000000    0.002779943608433640    -0.000850880630036497    0.000000000000000000
26.285    -0.000397348650154178    0.000088341086677092    0.000000000000000000    0.002570306805141538    -0.000925533302707478    0.000000000000000000
26.290    -0.000397927847919594    0.000088387645751149    0.000000000000000000    0.002206243012415569    -0.000987719845582267    0.000000000000000000
26.295    -0.000398451889609700    0.000088409511829066    0.000000000000000000    0.001465578247322828    -0.000948962027013680    0.000000000000000000
26.300    -0.000398939291843623    0.000088407653856307    0.000000000000000000    0.001519888729163785    -0.000910813371381657    0.000000000000000000
26.305    -0.000399388696859317    0.000088383025549265    0.000000000000000000    0.001930785549749195    -0.000799467167264404    0.000000000000000000
26.310    -0.000399789832236267    0.000088338410563040    0.000000000000000000    0.002044747226157776    -0.000610886423299518    0.000000000000000000
26.315    -0.000400139848932563    0.000088278523416233    0.000000000000000000    0.001998044980599557    -0.000425572553556402    0.000000000000000000
26.320    -0.000400439914504344    0.000088207996955587    0.000000000000000000    0.002334732668481110    -0.000312702305100068    0.000000000000000000
26.325    -0.000400681611759414    0.000088129652937314    0.000000000000000000    0.002021448420226352    -0.000292526407952970    0.000000000000000000
26.330    -0.000400872772803977    0.000088043995758842    0.000000000000000000    0.001809945549039425    -0.000018419611573311    0.000000000000000000
26.335    -0.000401018685209815    0.000087957878090080    0.000000000000000000    0.001872276737420724    0.000164705989830487    0.000000000000000000
26.340    -0.000401117790697217    0.000087875878071065    0.000000000000000000    0.001807693160854607    0.000308490235074077    0.000000000000000000
26.345    -0.000401171703855597    0.000087801590307926    0.000000000000000000    0.001976264593877945    0.000344856880583411    0.000000000000000000
26.350    -0.000401176210399131    0.000087735923966801    0.000000000000000000    0.002324658383526679    0.000305763997408013    0.000000000000000000
26.355    -0.000401122600483076    0.000087677901725612    0.000000000000000000    0.001984134715220763    0.000306156388724392    0.000000000000000000
26.360    -0.000401019387199141    0.000087627533394141    0.000000000000000000    0.002209073822684923    0.000401327482232546    0.000000000000000000
26.365    -0.000400860947069639    0.000087587198249726    0.000000000000000000    0.002626062628248872    0.000337145263800439    0.000000000000000000
26.370    -0.000400636855374431    0.000087555291736906    0.000000000000000000    0.002536719861741428    0.000318726350145414    0.000000000000000000
26.375    -0.000400349345682679    0.000087531353382840    0.000000000000000000    0.002321475293116503    0.000501646653153741    0.000000000000000000
26.380    -0.000400003799108599    0.000087519956195102    0.000000000000000000    0.002393879332239241    0.000597796733756194    0.000000000000000000
26.385    -0.000399598405551214    0.000087523503925708    0.000000000000000000    0.002184256875934279    0.000635586527763447    0.000000000000000000
26.390    -0.000399138405571929    0.000087542941319508    0.000000000000000000    0.002058973224373581    0.000554676286543309    0.000000000000000000
26.395    -0.000398626931262036    0.000087576245620472    0.000000000000000000    0.002009309814617402    0.000607945154789302    0.000000000000000000
26.400    -0.000398065224206777    0.000087624748550306    0.000000000000000000    0.001768016299453189    0.000738356612397075    0.000000000000000000
26.405    -0.000397459316744032    0.000087691710395449    0.000000000000000000    0.001849189210088083    0.000640526038840085    0.000000000000000000
26.410    -0.000396807179551034    0.000087774685391564    0.000000000000000000    0.002058493011795979    0.000694027184271304    0.000000000000000000
26.415    -0.000396103580032742    0.000087875011067285    0.000000000000000000    0.001985158407913877    0.000785802600093482    0.000000000000000000
26.420    -0.000395350351554252    0.000087994981808009    0.000000000000000000    0.002007459941159861    0.000757262881591054    0.000000000000000000
26.425    -0.000394546936577233    0.000088133884120773    0.000000000000000000    0.001941693078975817    0.000873138095074740    0.000000000000000000
26.430    -0.000393694979273239    0.000088294614885913    0.000000000000000000    0.002225377034896156    0.000984190060265150    0.000000000000000000
26.435    -0.000392787387543373    0.000088479950402560    0.000000000000000000    0.002061412155605034    0.000881155197110690    0.000000000000000000
26.440    -0.000391828260509617    0.000088687314799134    0.000000000000000000    0.001407856418402485    0.000753484581547887    0.000000000000000000
26.445    -0.000390833937065401    0.000088913516310248    0.000000000000000000    0.000963277409611000    0.000799823359242443    0.000000000000000000
26.450    -0.000389815531685944    0.000089159713405342    0.000000000000000000    0.000713198754760756    0.000770411666935005    0.000000000000000000
26.455    -0.000388779296337619    0.000089425170792110    0.000000000000000000    0.000632218569280273    0.000597105399157034    0.000000000000000000
26.460    -0.000387727255525061    0.000089705555813857    0.000000000000000000    0.000298203592804212    0.000452281056840306    0.000000000000000000
26.465    -0.000386667759622684    0.000089997247862025    0.000000000000000000    0.000048314386291628    0.000451569649307488    0.000000000000000000
26.470    -0.000385607055860649    0.000090300229151425    0.000000000000000000    0.000064738921595493    0.000298152403095816    0.000000000000000000
26.475    -0.000384544733625574    0.000090610664250903    0.000000000000000000    0.000165881792202078    0.000187319047917768    0.000000000000000000
26.480    -0.000383478264345695    0.000090925782326579    0.000000000000000000    0.000429419593599156    0.000061607443740150    0.000000000000000000
26.485    -0.000382401059575975    0.000091242440588348    0.000000000000000000    0.000741168698808244    0.000082944887810888    0.000000000000000000
26.490    -0.000381305325588785    0.000091561172472313    0.000000000000000000    0.000534462873565383    0.000135780581044637    0.000000000000000000
26.495    -0.000380196230029756    0.000091883298870804    0.000000000000000000    0.000585027150742587    0.000148584002722537    0.000000000000000000
26.500    -0.000379072508791958    0.000092209139869362    0.000000000000000000    0.000471135874972450    0.000363926564209659    0.000000000000000000
26.505    -0.000377937009157286    0.000092544079032026    0.000000000000000000    0.000393800762604670    0.000607272151554672    0.000000000000000000
26.510    -0.000376791664503549    0.000092894199998479    0.000000000000000000    0.000260616177993802    0.000740061576626227    0.000000000000000000
26.515    -0.000375639804445362    0.000093262822504348    0.000000000000000000    0.000353966339492178    0.000834306215293803    0.000000000000000000
26.520    -0.000374479095228688    0.000093652302665599    0.000000000000000000    0.000674503938468633    0.000901726146885552    0.000000000000000000
26.525    -0.000373301523413552    0.000094064325980522    0.000000000000000000    0.000887605759471426    0.000937819605826575    0.000000000000000000
26.530    -0.000372101761454429    0.000094499794785590    0.000000000000000000    0.000955869979713669    0.000961873232362348    0.000000000000000000
26.535    -0.000370878102745813    0.000094959310421468    0.000000000000000000    0.001067302368659186    0.001158739748931834    0.000000000000000000
26.540    -0.000369627761477981    0.000095447794551069    0.000000000000000000    0.001267564678194069    0.001372177679576808    0.000000000000000000
26.545    -0.000368345731093194    0.000095970583122659    0.000000000000000000    0.001506547327868434    0.001331974034475721    0.000000000000000000
26.550    -0.000367026037025211    0.000096526671045112    0.000000000000000000    0.001578383606228723    0.001397662666274813    0.000000000000000000
26.555    -0.000365666883367071    0.000097117700534221    0.000000000000000000    0.001586155785172991    0.001338750347176787    0.000000000000000000
26.560    -0.000364268075814303    0.000097742198782010    0.000000000000000000    0.001743221369305496    0.001389205511115798    0.000000000000000000
26.565    -0.000362825687727301    0.000098401427167576    0.000000000000000000    0.001564608705687757    0.001479215521806867    0.000000000000000000
26.570    -0.000361344184422658    0.000099097635941188    0.000000000000000000    0.001788494742669539    0.001625925841547090    0.000000000000000000
26.575    -0.000359817968749447    0.000099834492860838    0.000000000000000000    0.001786402375335457    0.001784830835010825    0.000000000000000000
26.580    -0.000358247093016854    0.000100615970551364    0.000000000000000000    0.001574499526770922    0.001846925887294469    0.000000000000000000
26.585    -0.000356636854796091    0.000101443621389072    0.000000000000000000    0.001499948705033227    0.001675263351564758    0.000000000000000000
26.590    -0.000354989117857702    0.000102313153810569    0.000000000000000000    0.001069295173306613    0.001530519965042398    0.000000000000000000
26.595    -0.000353314648539981    0.000103220949231192    0.000000000000000000    0.000380071974613247    0.001486619925253579    0.000000000000000000
26.600    -0.000351630677422894    0.000104165910149947    0.000000000000000000    0.000006524537056463    0.001408280861568104    0.000000000000000000
26.605    -0.000349946543192381    0.000105146078090241    0.000000000000000000    0.000017763624356182    0.001453649381943077    0.000000000000000000
26.610    -0.000348261964871259    0.000106162587265083    0.000000000000000000    0.000356156948733491    0.001463699846291646    0.000000000000000000
26.615    -0.000346568482626418    0.000107215688936082    0.000000000000000000    0.000719910489184201    0.001425028309032846    0.000000000000000000
26.620    -0.000344857002619348    0.000108304416314808    0.000000000000000000    0.000883745674038709    0.001467152272326046    0.000000000000000000
26.625    -0.000343123428970427    0.000109429822500341    0.000000000000000000    0.000943180673135518    0.001371659116735486    0.000000000000000000
26.630    -0.000341366275804678    0.000110589520163793    0.000000000000000000    0.000766540115360124    0.001136247369453803    0.000000000000000000
26.635    -0.000339589959136045    0.000111777624011482    0.000000000000000000    0.000574107467858978    0.000949582660959391    0.000000000000000000
26.640    -0.000337799289780715    0.000112989467425694    0.000000000000000000    0.000488049274175763    0.000791968965109199    0.000000000000000000
26.645    -0.000335996419193531    0.000114221110064034    0.000000000000000000    0.000544984484042790    0.000849985840211580    0.000000000000000000
26.650    -0.000334179923994245    0.000115474002348379    0.000000000000000000    0.000196702149223797    0.000871337715280490    0.000000000000000000
26.655    -0.000332358511241229    0.000116748678075607    0.000000000000000000    0.000232526953828846    0.000695949977472005    0.000000000000000000
26.660    -0.000330531285314368    0.000118040752552271    0.000000000000000000    0.000168581213088551    0.000670895332960039    0.000000000000000000
26.665    -0.000328699844857179    0.000119349599412259    0.000000000000000000    0.000398176826575496    0.000730078313209434    0.000000000000000000
26.670    -0.000326858449979326    0.000120676698230077    0.000000000000000000    0.000600694284725971    0.000592628459355625    0.000000000000000000
26.675    -0.000325002037744354    0.000122018612759379    0.000000000000000000    0.000425540012147056    0.000631340404139299    0.000000000000000000
26.680    -0.000323134987009079    0.000123376310798785    0.000000000000000000    0.000435930794101536    0.000730130750638291    0.000000000000000000
26.685    -0.000321257038003952    0.000124752262106957    0.000000000000000000    0.000417407556457285    0.000719766014254134    0.000000000000000000
26.690    -0.000319368653809913    0.000126146207565485    0.000000000000000000    0.000109547811405920    0.000857069556189742    0.000000000000000000
26.695    -0.000317477530920589    0.000127561579762918    0.000000000000000000    -0.000118273645191916    0.000986119071498667    0.000000000000000000
26.700    -0.000315589364872394    0.000129001604937138    0.000000000000000000    -0.000512744414520299    0.000894542055100006    0.000000000000000000
26.705    -0.000313714017434563    0.000130463993662736    0.000000000000000000    -0.000808469941596633    0.000771190282242542    0.000000000000000000
26.710    -0.000311858881745271    0.000131945662145390    0.000000000000000000    -0.000437031159878764    0.000823529762181228    0.000000000000000000
26.715    -0.000310014671834977    0.000133447918872098    0.000000000000000000    0.000022709176665872    0.000768676955714307    0.000000000000000000
26.720    -0.000308169894195266    0.000134969392522699    0.000000000000000000    0.000182114199239521    0.000874211713596841    0.000000000000000000
26.725    -0.000306320563700574    0.000136512721466140    0.000000000000000000    0.000248682633029965    0.000921347983669522    0.000000000000000000
26.730    -0.000304465016140056    0.000138079084109173    0.000000000000000000    0.000182454175405231    0.000623645281716458    0.000000000000000000
26.735    -0.000302604907225153    0.000139661037884249    0.000000000000000000    0.000103018865584437    0.000407880156967286    0.000000000000000000
26.740    -0.000300742222838610    0.000141253188663249    0.000000000000000000    -0.000202606616369044    0.000373191437322068    0.000000000000000000
26.745    -0.000298884603617477    0.000142854669228182    0.000000000000000000    -0.000485102191307221    0.000582040758080561    0.000000000000000000
26.750    -0.000297039111951126    0.000144470700812067    0.000000000000000000    -0.000369385300936186    0.000666450291151449    0.000000000000000000
26.755    -0.000295202854917299    0.000146103393653231    0.000000000000000000    -0.000218923365961129    0.000432221771667733    0.000000000000000000
26.760    -0.000293372070967621    0.000147746892038686    0.000000000000000000    0.000187572399168879    0.000178361606843628    0.000000000000000000
26.765    -0.000291536597707963    0.000149394849464313    0.000000000000000000    0.000762855158072898    -0.000077732020853675    0.000000000000000000
26.770    -0.000289682053069354    0.000151040863589418    0.000000000000000000    0.000912916405170980    -0.000141462133827677    0.000000000000000000
26.775    -0.000287804685520615    0.000152683341161178    0.000000000000000000    0.000807306014052878    -0.000021773347311325    0.000000000000000000
26.780    -0.000285907135321525    0.000154325274399254    0.000000000000000000    0.001016013843580747    0.000213297328852070    0.000000000000000000
26.785    -0.000283984184776346    0.000155972540070552    0.000000000000000000    0.001323235167827175    0.000511476720532322    0.000000000000000000
26.790    -0.000282028153351971    0.000157632592659864    0.000000000000000000    0.001245602386740294    0.000783122210722739    0.000000000000000000
26.795    -0.000280040981867927    0.000159312223304443    0.000000000000000000    0.000968039811494441    0.000826549103339616    0.000000000000000000
26.800    -0.000278029609388596    0.000161012517676606    0.000000000000000000    0.000858377966004697    0.000564843024890771    0.000000000000000000
26.805    -0.000275996777460115    0.000162726933124391    0.000000000000000000    0.000883274655844642    0.000473990673843707    0.000000000000000000
26.810    -0.000273941863665238    0.000164453198339023    0.000000000000000000    0.001127595398247271    0.000456170008606175    0.000000000000000000
26.815    -0.000271858759985405    0.000166190867803869    0.000000000000000000    0.001443964696788008    0.000341872421425740    0.000000000000000000
26.820    -0.000269739557188151    0.000167937084079251    0.000000000000000000    0.001609093750699550    0.000217495498912356    0.000000000000000000
26.825    -0.000267580127047131    0.000169688737742106    0.000000000000000000    0.001670133293759334    0.000024481235397179    0.000000000000000000
26.830    -0.000265378943573766    0.000171441003435846    0.000000000000000000    0.002048138441528360    -0.000171272591327530    0.000000000000000000
26.835    -0.000263126556639364    0.000173188987314803    0.000000000000000000    0.002289165894932277    -0.000225414984430031    0.000000000000000000
26.840    -0.000260816940557588    0.000174931335819149    0.000000000000000000    0.002542132319699377    -0.000381288690558907    0.000000000000000000
26.845    -0.000258443771167819    0.000176664152106231    0.000000000000000000    0.002413723820683233    -0.000383005254308774    0.000000000000000000
26.850    -0.000256010258682533    0.000178387393261955    0.000000000000000000    0.002029463895859840    -0.000477849837796735    0.000000000000000000
26.855    -0.000253526009599851    0.000180098688171734    0.000000000000000000    0.001665761745954595    -0.000469468904171688    0.000000000000000000
26.860    -0.000251000116473520    0.000181798246358909    0.000000000000000000    0.001499878674047009    -0.000408835638370918    0.000000000000000000
26.865    -0.000248436726380338    0.000183487583655125    0.000000000000000000    0.001255176850002444    -0.000495379977510707    0.000000000000000000
26.870    -0.000245841956865906    0.000185164536451903    0.000000000000000000    0.001202388337248703    -0.000572912202148569    0.000000000000000000
26.875    -0.000243217127643042    0.000186827166443627    0.000000000000000000    0.001350563982578743    -0.000430069094531794    0.000000000000000000
26.880    -0.000240558534320614    0.000188479044707988    0.000000000000000000    0.001154660471422517    -0.000391816675686472    0.000000000000000000
26.885    -0.000237871074486401    0.000190121127555457    0.000000000000000000    0.000828444616633468    -0.000381934225877900    0.000000000000000000
26.890    -0.000235162903536772    0.000191753662047279    0.000000000000000000    0.000747969410095761    -0.000493552414777398    0.000000000000000000
26.895    -0.000232436033351890    0.000193373857728731    0.000000000000000000    0.000399352744450939    -0.000527499765681045    0.000000000000000000
26.900    -0.000229699179348397    0.000194980865916041    0.000000000000000000    0.000096404270472561    -0.000605981535480374    0.000000000000000000
26.905    -0.000226959915238142    0.000196572724564965    0.000000000000000000    -0.000087433239565494    -0.000701507987125108    0.000000000000000000
26.910    -0.000224222836958876    0.000198147045514210    0.000000000000000000    -0.000252736387637348    -0.000802172838118868    0.000000000000000000
26.915    -0.000221492077089302    0.000199701312142502    0.000000000000000000    -0.000022647695727259    -0.000808434738353318    0.000000000000000000
26.920    -0.000218761883412120    0.000201235367902336    0.000000000000000000    0.000179918401425113    -0.000788311189959265    0.000000000000000000
26.925    -0.000216027191774903    0.000202749715882420    0.000000000000000000    0.000181631034257973    -0.000733893558254239    0.000000000000000000
26.930    -0.000213287959361829    0.000204245716523548    0.000000000000000000    -0.000352820100580015    -0.000539174799820373    0.000000000000000000
26.935    -0.000210557547451270    0.000205728237794681    0.000000000000000000    -0.001048709927305332    -0.000589533629081953    0.000000000000000000
26.940    -0.000207853353288893    0.000207196020725086    0.000000000000000000    -0.001503130550005189    -0.000574776491805463    0.000000000000000000
26.945    -0.000205186737390267    0.000208649434243197    0.000000000000000000    -0.001838185944837102    -0.000348710712912625    0.000000000000000000
26.950    -0.000202566076140262    0.000210094129993484    0.000000000000000000    -0.002098463684241684    -0.000159097878464241    0.000000000000000000
26.955    -0.000199997876482362    0.000211534848296810    0.000000000000000000    -0.001778312366409020    -0.000186373879820876    0.000000000000000000
26.960    -0.000197474134633623    0.000212970907253141    0.000000000000000000    -0.001446160881354679    0.000048185138458489    0.000000000000000000
26.965    -0.000194986546806918    0.000214408170837933    0.000000000000000000    -0.001313099420890322    0.000076242053832385    0.000000000000000000
26.970    -0.000192531786465735    0.000215847340474070    0.000000000000000000    -0.001025142125902394    0.000087822704248871    0.000000000000000000
26.975    -0.000190102654677699    0.000217288705677814    0.000000000000000000    -0.001070720751961303    0.000152068488734440    0.000000000000000000
26.980    -0.000187700290908463    0.000218733872593777    0.000000000000000000    -0.000755645158735966    0.000372616861637727    0.000000000000000000
26.985    -0.000185316818268195    0.000220188354931280    0.000000000000000000    -0.000659651746077105    0.000579115268237781    0.000000000000000000
26.990    -0.000182949836921578    0.000221657315150489    0.000000000000000000    -0.000629329744543123    0.000419058958963780    0.000000000000000000
26.995    -0.000180598588818576    0.000223136751843673    0.000000000000000000    -0.000238785601525083    0.000318796348999133    0.000000000000000000
27.000    -0.000178253310355611    0.000224624158445581    0.000000000000000000    -0.000209372929949438    0.000284938886335566    0.000000000000000000
27.005    -0.000175913266215896    0.000226118688519647    0.000000000000000000    -0.000345046123910366    0.000153096758934547    0.000000000000000000
27.010    -0.000173581848229278    0.000227617046012688    0.000000000000000000    -0.000570002922038997    0.000030744854199408    0.000000000000000000
27.015    -0.000171264680315711    0.000229116172127083    0.000000000000000000    -0.000425507819827500    -0.000124396581897097    0.000000000000000000
27.020    -0.000168958150097639    0.000230612188326930    0.000000000000000000    -0.000075957425508871    -0.000470839782634519    0.000000000000000000
27.025    -0.000166653518815206    0.000232096433532212    0.000000000000000000    0.000575745251595733    -0.000663979511372759    0.000000000000000000
27.030    -0.000164334493901482    0.000233564079249709    0.000000000000000000    0.000577852970224269    -0.000835259940575603    0.000000000000000000
27.035    -0.000162001022663503    0.000235010843468692    0.000000000000000000    0.000346793820086514    -0.000946033221938154    0.000000000000000000
27.040    -0.000159658881580022    0.000236433956857127    0.000000000000000000    0.000565244666629302    -0.000989629380376009    0.000000000000000000
27.045    -0.000157302609379875    0.000237832329511052    0.000000000000000000    0.000654917301713860    -0.001123622322256887    0.000000000000000000
27.050    -0.000154929964247185    0.000239202611606921    0.000000000000000000    0.000699334759385849    -0.001113548656943514    0.000000000000000000
27.055    -0.000152539835745511    0.000240545054986366    0.000000000000000000    0.001037759416023078    -0.001049261289524017    0.000000000000000000
27.060    -0.000150123763258436    0.000241861266833573    0.000000000000000000    0.001528460707303026    -0.001126660200698529    0.000000000000000000
27.065    -0.000147669479253678    0.000243149312175763    0.000000000000000000    0.001498179360178136    -0.001042056051463094    0.000000000000000000
27.070    -0.000145177740764916    0.000244411306116666    0.000000000000000000    0.001071784709730846    -0.001185624230318812    0.000000000000000000
27.075    -0.000142659207658411    0.000245643659451811    0.000000000000000000    0.000641083099344039    -0.001328327805794321    0.000000000000000000
27.080    -0.000140124647474422    0.000246842804591811    0.000000000000000000    0.000813647691446599    -0.001357570947983777    0.000000000000000000
27.085    -0.000137569746098147    0.000248008010458111    0.000000000000000000    0.000489025209082653    -0.001506083146425585    0.000000000000000000
27.090    -0.000135002619091645    0.000249135564245751    0.000000000000000000    -0.000057354161626163    -0.001490930795573688    0.000000000000000000
27.095    -0.000132436925939183    0.000250225844763502    0.000000000000000000    -0.000250938557049604    -0.001581167774452382    0.000000000000000000
27.100    -0.000129877506250648    0.000251276596086891    0.000000000000000000    -0.000338404299333062    -0.001632715148471367    0.000000000000000000
27.105    -0.000127326546669596    0.000252286529531569    0.000000000000000000    -0.000487904538402917    -0.001779180627450427    0.000000000000000000
27.110    -0.000124787784702004    0.000253251983460560    0.000000000000000000    -0.000585878015498843    -0.001670760270259565    0.000000000000000000
27.115    -0.000122263669684800    0.000254175668382795    0.000000000000000000    -0.000512124265510030    -0.001707850081555592    0.000000000000000000
27.120    -0.000119752357774233    0.000255056657052991    0.000000000000000000    -0.000666394023992548    -0.001785927807734528    0.000000000000000000
27.125    -0.000117257705714266    0.000255892997527993    0.000000000000000000    -0.000687907756242762    -0.001855052898843551    0.000000000000000000
27.130    -0.000114780251348205    0.000256682961680525    0.000000000000000000    -0.000648133340189812    -0.001809802488927058    0.000000000000000000
27.135    -0.000112319000315649    0.000257427680770833    0.000000000000000000    -0.000733512263149699    -0.001466475146295020    0.000000000000000000
27.140    -0.000109876087089672    0.000258135737982484    0.000000000000000000    -0.000799576586518118    -0.001427298466217912    0.000000000000000000
27.145    -0.000107453163278358    0.000258808112732479    0.000000000000000000    -0.000487016053876623    -0.001220566480560070    0.000000000000000000
27.150    -0.000105042414868390    0.000259449973320460    0.000000000000000000    -0.000405522300462300    -0.001095329941178981    0.000000000000000000
27.155    -0.000102641804515934    0.000260064450659912    0.000000000000000000    -0.000506136463508298    -0.001100493213852978    0.000000000000000000
27.160    -0.000100253847575066    0.000260651415669018    0.000000000000000000    -0.001016849607102395    -0.001061873881218808    0.000000000000000000
27.165    -0.000097891311874376    0.000261211833831093    0.000000000000000000    -0.001495323710385440    -0.000816939423348845    0.000000000000000000
27.170    -0.000095566159266445    0.000261751828507585    0.000000000000000000    -0.001129622017826890    -0.000638549840991601    0.000000000000000000
27.175    -0.000093269247208959    0.000262275859438051    0.000000000000000000    -0.001094967000778049    -0.000540622333389078    0.000000000000000000
27.180    -0.000090999709326494    0.000262786374810183    0.000000000000000000    -0.001178286796857430    -0.000555937968564103    0.000000000000000000
27.185    -0.000088759628613949    0.000263282991733101    0.000000000000000000    -0.000909779492841694    -0.000463647925647188    0.000000000000000000
27.190    -0.000086542292388726    0.000263768017457878    0.000000000000000000    -0.000631882812036325    -0.000399978413053153    0.000000000000000000
27.195    -0.000084340753233803    0.000264243043722328    0.000000000000000000    -0.000307086059618154    -0.000495853668227349    0.000000000000000000
27.200    -0.000082146891230371    0.000264705673645073    0.000000000000000000    -0.000080093836200379    -0.000363246582784759    0.000000000000000000
27.205    -0.000079955031572844    0.000265159222403248    0.000000000000000000    0.000284428671771283    -0.000382268425609591    0.000000000000000000
27.210    -0.000077756061198523    0.000265603214450782    0.000000000000000000    0.000560885131604114    -0.000318741165095896    0.000000000000000000
27.215    -0.000075543068695912    0.000266039237969190    0.000000000000000000    0.000406507929756952    -0.000353534609462847    0.000000000000000000
27.220    -0.000073319913495057    0.000266466423122360    0.000000000000000000    0.000209790586054451    -0.000557266677768398    0.000000000000000000
27.225    -0.000071091513529550    0.000266879676608587    0.000000000000000000    -0.000232945748837826    -0.000705827067834508    0.000000000000000000
27.230    -0.000068868937207764    0.000267275284418118    0.000000000000000000    -0.000821417966088956    -0.000628154866678856    0.000000000000000000
27.235    -0.000066666896335131    0.000267655188355982    0.000000000000000000    -0.000974863789600659    -0.000478352907410697    0.000000000000000000
27.240    -0.000064489227057237    0.000268023133471160    0.000000000000000000    -0.000667554450627973    -0.000270969198177574    0.000000000000000000
27.245    -0.000062328246640609    0.000268384304356384    0.000000000000000000    -0.000261444968722882    -0.000183750529993577    0.000000000000000000
27.250    -0.000060173802348200    0.000268740881478358    0.000000000000000000    0.000151277954883494    -0.000234372649781690    0.000000000000000000
27.255    -0.000058015576106918    0.000269091599284088    0.000000000000000000    0.000198450217612513    -0.000375724860807169    0.000000000000000000
27.260    -0.000055852388610196    0.000269432923968297    0.000000000000000000    0.000096307446040679    -0.000595227883104250    0.000000000000000000
27.265    -0.000053686793427323    0.000269759367955429    0.000000000000000000    0.000001162271135184    -0.000702972252158117    0.000000000000000000
27.270    -0.000051521169187671    0.000270068237636257    0.000000000000000000    -0.000359062697364296    -0.000699466688128952    0.000000000000000000
27.275    -0.000049364521515454    0.000270359620649882    0.000000000000000000    -0.000802329469585833    -0.000676027576199372    0.000000000000000000
27.280    -0.000047227932079976    0.000270634102974102    0.000000000000000000    -0.001119961054762194    -0.000776890724219718    0.000000000000000000
27.285    -0.000045119341670867    0.000270889163030216    0.000000000000000000    -0.001344698744357696    -0.000999911121560369    0.000000000000000000
27.290    -0.000043044368730368    0.000271119225308291    0.000000000000000000    -0.001669352482744802    -0.001104619653919357    0.000000000000000000
27.295    -0.000041011129601936    0.000271321672095018    0.000000000000000000    -0.001591948195355409    -0.001123490311069966    0.000000000000000000
27.300    -0.000039017689178389    0.000271496031623969    0.000000000000000000    -0.001863687473723462    -0.001245139954781250    0.000000000000000000
27.305    -0.000037070840941685    0.000271639262654050    0.000000000000000000    -0.001851714392562772    -0.001172296761468069    0.000000000000000000
27.310    -0.000035170285564795    0.000271753186265094    0.000000000000000000    -0.001811071271484916    -0.001193297149771396    0.000000000000000000
27.315    -0.000033315006969692    0.000271837277447394    0.000000000000000000    -0.002123604907039152    -0.001218741616081792    0.000000000000000000
27.320    -0.000031512818497265    0.000271890900089292    0.000000000000000000    -0.001908135128116497    -0.000997753904993532    0.000000000000000000
27.325    -0.000029758333403041    0.000271919578883565    0.000000000000000000    -0.001711874336113924    -0.000809133312862104    0.000000000000000000
27.330    -0.000028046645167220    0.000271928029345016    0.000000000000000000    -0.001860543270015169    -0.000791223781870624    0.000000000000000000
27.335    -0.000026381470513149    0.000271916699211921    0.000000000000000000    -0.001821305546729135    -0.000657152647287867    0.000000000000000000
27.340    -0.000024761828497746    0.000271888940262644    0.000000000000000000    -0.001447709544998292    -0.000461992089762116    0.000000000000000000
27.345    -0.000023178379220969    0.000271849631511122    0.000000000000000000    -0.000905374165572948    -0.000416807284203506    0.000000000000000000
27.350    -0.000021617564298330    0.000271799902577496    0.000000000000000000    -0.000644754816099275    -0.000316673087099716    0.000000000000000000
27.355    -0.000020072868246094    0.000271742256816692    0.000000000000000000    -0.000633597138810125    -0.000287143883217263    0.000000000000000000
27.360    -0.000018544012122329    0.000271677432458807    0.000000000000000000    -0.000705315530299765    -0.000098231995534787    0.000000000000000000
27.365    -0.000017032788886821    0.000271610152301034    0.000000000000000000    -0.000867967766675381    -0.000063155403719206    0.000000000000000000
27.370    -0.000015543264845479    0.000271541293258168    0.000000000000000000    -0.001298453736875410    -0.000054150863307290    0.000000000000000000
27.375    -0.000014086202147560    0.000271471080443720    0.000000000000000000    -0.000969260124990148    0.000049025835791201    0.000000000000000000
27.380    -0.000012653370952765    0.000271402093275166    0.000000000000000000    -0.000770584940018779    0.000113921634588895    0.000000000000000000
27.385    -0.000011239804381471    0.000271335954147477    0.000000000000000000    -0.000763143531579965    0.000159331828290983    0.000000000000000000
27.390    -0.000009845316398467    0.000271273798315495    0.000000000000000000    -0.000664344683564493    0.000165611518658949    0.000000000000000000
27.395    -0.000008467437032551    0.000271215782771480    0.000000000000000000    -0.000624757065787704    0.000133219874506874    0.000000000000000000
27.400    -0.000007105176593280    0.000271161097724327    0.000000000000000000    -0.000472975850699230    0.000266616799748931    0.000000000000000000
27.405    -0.000005754740550277    0.000271113078097168    0.000000000000000000    -0.000174326619397939    0.000598533800694710    0.000000000000000000
27.410    -0.000004408662672759    0.000271080021815027    0.000000000000000000    0.000209687751660111    0.000707825535612491    0.000000000000000000
27.415    -0.000003057342601449    0.000271064661171276    0.000000000000000000    0.000318670224710271    0.000686628147739728    0.000000000000000000
27.420    -0.000001698055774521    0.000271066466231218    0.000000000000000000    0.000708819980777099    0.000661477290303525    0.000000000000000000
27.425    -0.000000321048448074    0.000271084808223418    0.000000000000000000    0.000561906699645244    0.000639215854902290    0.000000000000000000
27.430    0.000001070006545864    0.000271119130611990    0.000000000000000000    0.000428450758937637    0.000686978221331805    0.000000000000000000
27.435    0.000002471772808776    0.000271170627456096    0.000000000000000000    -0.000036571497937045    0.000656735053875760    0.000000000000000000
27.440    0.000003872624784239    0.000271238542676549    0.000000000000000000    -0.000425976301030563    0.000568291583047473    0.000000000000000000
27.445    0.000005262827352176    0.000271320665186577    0.000000000000000000    -0.000620505540231094    0.000523949193332977    0.000000000000000000
27.450    0.000006637517281608    0.000271415886426440    0.000000000000000000    -0.000727291474863893    0.000478600830015451    0.000000000000000000
27.455    0.000007994024924168    0.000271523072687052    0.000000000000000000    -0.000364046357713219    0.000184355358361955    0.000000000000000000
27.460    0.000009341431407785    0.000271634867831624    0.000000000000000000    -0.000238445720193183    -0.000088455122664467    0.000000000000000000
27.465    0.000010682876748398    0.000271744451598129    0.000000000000000000    -0.000145854377111708    -0.000164607284653968    0.000000000000000000
27.470    0.000012020675729583    0.000271849920182517    0.000000000000000000    0.000173298811969200    -0.000277542790852545    0.000000000000000000
27.475    0.000013362807181066    0.000271948450197135    0.000000000000000000    0.000155347793702544    -0.000208275141664466    0.000000000000000000
27.480    0.000014708822327393    0.000272041773333210    0.000000000000000000    0.000062990198249662    -0.000157544609285382    0.000000000000000000
27.485    0.000016056412228675    0.000272131157854054    0.000000000000000000    0.000014655277414934    -0.000353111455886866    0.000000000000000000
27.490    0.000017404368511893    0.000272211714588500    0.000000000000000000    -0.000527739879333883    -0.000536279903752719    0.000000000000000000
27.495    0.000018739131298128    0.000272278864325353    0.000000000000000000    -0.000943544655099797    -0.000804392808980738    0.000000000000000000
27.500    0.000020050305467985    0.000272325904241981    0.000000000000000000    -0.000927679703728265    -0.000953410977913745    0.000000000000000000
27.505    0.000021338287645249    0.000272349108884161    0.000000000000000000    -0.000726482427768218    -0.001205620953678016    0.000000000000000000
27.510    0.000022608107761819    0.000272342173002499    0.000000000000000000    -0.000790801750479128    -0.001318670050972758    0.000000000000000000
27.515    0.000023858157834627    0.000272302270369563    0.000000000000000000    -0.001539505463665362    -0.001383200179847725    0.000000000000000000
27.520    0.000025069720270843    0.000272227787732131    0.000000000000000000    -0.001855961380751824    -0.001340285121316162    0.000000000000000000
27.525    0.000026234883672540    0.000272119797966666    0.000000000000000000    -0.001601916918048704    -0.001269349095588731    0.000000000000000000
27.530    0.000027359999151287    0.000271980074473811    0.000000000000000000    -0.001388326479984195    -0.001253883159554707    0.000000000000000000
27.535    0.000028450406468033    0.000271809003901967    0.000000000000000000    -0.001190939666225724    -0.001358690366580224    0.000000000000000000
27.540    0.000029511040293124    0.000271603966070959    0.000000000000000000    -0.001243999607198991    -0.001500207874390209    0.000000000000000000
27.545    0.000030540574128035    0.000271361423043091    0.000000000000000000    -0.001168832663775291    -0.001629795167220217    0.000000000000000000
27.550    0.000031540887146352    0.000271078135136042    0.000000000000000000    -0.001254066463145926    -0.001501119540198159    0.000000000000000000
27.555    0.000032509848503090    0.000270757319240489    0.000000000000000000    -0.001424027478267741    -0.001546248882535947    0.000000000000000000
27.560    0.000033443209172871    0.000270397847122872    0.000000000000000000    -0.001855685680883751    -0.001631674821879134    0.000000000000000000
27.565    0.000034330177700630    0.000269997583134708    0.000000000000000000    -0.002322112717383518    -0.001645159687681252    0.000000000000000000
27.570    0.000035159093410454    0.000269556190154352    0.000000000000000000    -0.002578746815752510    -0.001703621537534582    0.000000000000000000
27.575    0.000035923540449885    0.000269072206635558    0.000000000000000000    -0.002794839679734463    -0.001686290433953238    0.000000000000000000
27.580    0.000036618116497322    0.000268546065855915    0.000000000000000000    -0.002737541182124448    -0.001488486113478040    0.000000000000000000
27.585    0.000037244254015207    0.000267982712923435    0.000000000000000000    -0.002704097846216501    -0.001362606530670284    0.000000000000000000
27.590    0.000037802789086936    0.000267385294827688    0.000000000000000000    -0.002684190749820646    -0.001273362297599025    0.000000000000000000
27.595    0.000038294219389919    0.000266756042674501    0.000000000000000000    -0.003045620403539437    -0.001064901206891938    0.000000000000000000
27.600    0.000038709509182814    0.000266100167991142    0.000000000000000000    -0.002909382359841701    -0.001030078212499366    0.000000000000000000
27.605    0.000039052064416712    0.000265418541352470    0.000000000000000000    -0.003041322173182460    -0.001127539249710929    0.000000000000000000
27.610    0.000039318586596282    0.000264708726232556    0.000000000000000000    -0.003013516383785131    -0.001141851325595165    0.000000000000000000
27.615    0.000039509770866256    0.000263970364829502    0.000000000000000000    -0.002892397718238929    -0.001210575495895049    0.000000000000000000
27.620    0.000039628645193275    0.000263201739039050    0.000000000000000000    -0.003198991841491037    -0.001316345740760144    0.000000000000000000
27.625    0.000039667544724256    0.000262400204605080    0.000000000000000000    -0.003218070489949200    -0.001093622387328061    0.000000000000000000
27.630    0.000039625992492989    0.000261571329611426    0.000000000000000000    -0.003000376708178613    -0.001025447855899919    0.000000000000000000
27.635    0.000039509430844017    0.000260716818421375    0.000000000000000000    -0.003304288478905403    -0.001041497029736615    0.000000000000000000
27.640    0.000039310261983073    0.000259836269805580    0.000000000000000000    -0.003378531372419705    -0.001115813939196741    0.000000000000000000
27.645    0.000039026629837818    0.000258927825841305    0.000000000000000000    -0.003407921616816422    -0.001079217870274089    0.000000000000000000
27.650    0.000038657799652142    0.000257992401430274    0.000000000000000000    -0.003635707377862383    -0.000923676678145271    0.000000000000000000
27.655    0.000038198076782020    0.000257033885102289    0.000000000000000000    -0.004077074045105776    -0.000979183261554713    0.000000000000000000
27.660    0.000037636427060771    0.000256050889192765    0.000000000000000000    -0.003685969957988185    -0.001113169048540426    0.000000000000000000
27.665    0.000036982628090571    0.000255040064057027    0.000000000000000000    -0.003441410937319895    -0.000958520389802552    0.000000000000000000
27.670    0.000036242793846939    0.000254005275911545    0.000000000000000000    -0.003084811252090339    -0.001062889624832159    0.000000000000000000
27.675    0.000035425839322004    0.000252943915525441    0.000000000000000000    -0.002921230723909997    -0.001152522152742409    0.000000000000000000
27.680    0.000034535854028972    0.000251853742085520    0.000000000000000000    -0.002916215477947331    -0.001010610219604521    0.000000000000000000
27.685    0.000033572963348991    0.000250738303390108    0.000000000000000000    -0.002742353427595534    -0.000880479213757196    0.000000000000000000
27.690    0.000032541513833320    0.000249600852714352    0.000000000000000000    -0.002784649904513756    -0.000783340872571349    0.000000000000000000
27.695    0.000031440448070037    0.000248443818516781    0.000000000000000000    -0.002366949815288714    -0.000731038921780204    0.000000000000000000
27.700    0.000030280208561371    0.000247268508346167    0.000000000000000000    -0.002197252499057639    -0.000862498681013062    0.000000000000000000
27.705    0.000029065037740228    0.000246071635708527    0.000000000000000000    -0.001909185044431951    -0.000923456496316772    0.000000000000000000
27.710    0.000027802137292975    0.000244851676658479    0.000000000000000000    -0.002151249700257663    -0.000845811356032025    0.000000000000000000
27.715    0.000026485455603216    0.000243610572324530    0.000000000000000000    -0.002080741472935385    -0.001004792825711528    0.000000000000000000
27.720    0.000025116755376633    0.000242344348169938    0.000000000000000000    -0.002340243941728506    -0.001058526134558842    0.000000000000000000
27.725    0.000023689549051506    0.000241051660861983    0.000000000000000000    -0.002370883900218012    -0.000955681832808929    0.000000000000000000
27.730    0.000022203070628875    0.000239735081508207    0.000000000000000000    -0.002020187224135349    -0.000911246485535465    0.000000000000000000
27.735    0.000020666087525640    0.000238395720992293    0.000000000000000000    -0.002087494171504968    -0.000718549328273654    0.000000000000000000
27.740    0.000019076917068117    0.000237038396743171    0.000000000000000000    -0.001650999273261616    -0.000662477531823994    0.000000000000000000
27.745    0.000017446471628763    0.000235664510555755    0.000000000000000000    -0.001359353679682179    -0.000345247842581430    0.000000000000000000
27.750    0.000015782042347416    0.000234281993172274    0.000000000000000000    -0.001509759424055341    -0.000035698025683487    0.000000000000000000
27.755    0.000014079869080469    0.000232898583338150    0.000000000000000000    -0.001535444528172455    0.000040854222715329    0.000000000000000000
27.760    0.000012339309700317    0.000231516194859595    0.000000000000000000    -0.001463738076906202    0.000373588500455308    0.000000000000000000
27.765    0.000010562156868242    0.000230143146093551    0.000000000000000000    -0.001424952147737016    0.000693098635670989    0.000000000000000000
27.770    0.000008749380232474    0.000228787424793399    0.000000000000000000    -0.001536525560956158    0.000738081353989428    0.000000000000000000
27.775    0.000006898190457682    0.000227450155527096    0.000000000000000000    -0.001262833194064065    0.000840972529297978    0.000000000000000000
27.780    0.000005015429853039    0.000226133910574026    0.000000000000000000    -0.000849059194229411    0.001019258679937820    0.000000000000000000
27.785    0.000003111442768539    0.000224843147087955    0.000000000000000000    -0.000898301539462281    0.001133349264562968    0.000000000000000000
27.790    0.000001184998145554    0.000223580717333497    0.000000000000000000    -0.000945742421290652    0.001319463679150257    0.000000000000000000
27.795    -0.000000765090037965    0.000222351274171018    0.000000000000000000    -0.000682766397275220    0.001422082754431835    0.000000000000000000
27.800    -0.000002732247381414    0.000221157383077400    0.000000000000000000    -0.000612919810831161    0.001423945307838697    0.000000000000000000
27.805    -0.000004714727720135    0.000219999090616478    0.000000000000000000    -0.000743807909684522    0.001569170557505278    0.000000000000000000
27.810    -0.000006715803256598    0.000218880027419494    0.000000000000000000    -0.000814442935618219    0.001647280744588838    0.000000000000000000
27.815    -0.000008737239866451    0.000217802146241124    0.000000000000000000    -0.000817063395310928    0.001605972721736935    0.000000000000000000
27.820    -0.000010779103061188    0.000216764414380798    0.000000000000000000    -0.000701240205870174    0.001636914208046894    0.000000000000000000
27.825    -0.000012838497261070    0.000215767605375673    0.000000000000000000    -0.000718604388333626    0.001567095040678730    0.000000000000000000
27.830    -0.000014915856570662    0.000214809973746565    0.000000000000000000    -0.000957257710359195    0.001475394280877392    0.000000000000000000
27.835    -0.000017017147323012    0.000213889226974479    0.000000000000000000    -0.000645954891927375    0.001521902027468982    0.000000000000000000
27.840    -0.000019134586947660    0.000213006527753079    0.000000000000000000    0.000004066147432457    0.001693526437207072    0.000000000000000000
27.845    -0.000021251924918623    0.000212166166692610    0.000000000000000000    0.000265681571802820    0.001638027913649243    0.000000000000000000
27.850    -0.000023362620850290    0.000211366756329982    0.000000000000000000    0.000664072613999604    0.001552814082801971    0.000000000000000000
27.855    -0.000025456714966608    0.000210606166319424    0.000000000000000000    0.000644116806981624    0.001469839522818704    0.000000000000000000
27.860    -0.000027534706162751    0.000209882322296937    0.000000000000000000    0.000185055547556639    0.001515778601369035    0.000000000000000000
27.865    -0.000029608070970205    0.000209196372739483    0.000000000000000000    0.000007768398977613    0.001478651163561943    0.000000000000000000
27.870    -0.000031681241567684    0.000208547389461119    0.000000000000000000    0.000038799464586548    0.001647677344068441    0.000000000000000000
27.875    -0.000033753442178549    0.000207939598116356    0.000000000000000000    0.000413775354794906    0.001652116525684057    0.000000000000000000
27.880    -0.000035815298405544    0.000207373109684736    0.000000000000000000    0.000889356220746922    0.001435370478204689    0.000000000000000000
27.885    -0.000037854920727021    0.000206842505515071    0.000000000000000000    0.001480142778920461    0.001345617187131515    0.000000000000000000
27.890    -0.000039857539479024    0.000206345541775084    0.000000000000000000    0.001541886565031652    0.001114940789007438    0.000000000000000000
27.895    -0.000041821611066902    0.000205876451554822    0.000000000000000000    0.001077478894444164    0.000868105896166408    0.000000000000000000
27.900    -0.000043758745682418    0.000205429063981964    0.000000000000000000    0.000896004759250244    0.000584309896835495    0.000000000000000000
27.905    -0.000045673480178953    0.000204996284156527    0.000000000000000000    0.001186282718100800    0.000428635826044176    0.000000000000000000
27.910    -0.000047558557607536    0.000204574220226742    0.000000000000000000    0.001164885982660234    0.000418864043531244    0.000000000000000000
27.915    -0.000049414512886552    0.000204162627898044    0.000000000000000000    0.000796819656527828    0.000421738929432414    0.000000000000000000
27.920    -0.000051250547674155    0.000203761579042583    0.000000000000000000    0.000587914250955079    0.000314105146029427    0.000000000000000000
27.925    -0.000053071884605484    0.000203368382815772    0.000000000000000000    0.000419313799038333    0.000176713068518464    0.000000000000000000
27.930    -0.000054882738691838    0.000202979604415674    0.000000000000000000    0.000029735651474222    0.000068437169496987    0.000000000000000000
27.935    -0.000056692849386904    0.000202592536944814    0.000000000000000000    -0.000251965055366018    0.000051919409377234    0.000000000000000000
27.940    -0.000058509259208354    0.000202206767459188    0.000000000000000000    -0.000225454187678426    0.000211382644364723    0.000000000000000000
27.945    -0.000060331305384497    0.000201826282539671    0.000000000000000000    -0.000049401832020253    0.000300617484833184    0.000000000000000000
27.950    -0.000062154586606440    0.000201453313057275    0.000000000000000000    -0.000127282476620430    0.000388356007145459    0.000000000000000000
27.955    -0.000063981049890298    0.000201090052475057    0.000000000000000000    -0.000344897755087713    0.000355287674478049    0.000000000000000000
27.960    -0.000065816135618034    0.000200735674084702    0.000000000000000000    -0.001022557919516187    0.000396884533214415    0.000000000000000000
27.965    -0.000067676785293757    0.000200391217807677    0.000000000000000000    -0.001497270180069550    0.000557225715183511    0.000000000000000000
27.970    -0.000069574866723983    0.000200060692173531    0.000000000000000000    -0.001641892187209670    0.000709632817485475    0.000000000000000000
27.975    -0.000071513995458888    0.000199747907359823    0.000000000000000000    -0.001758697310431977    0.000486723693778361    0.000000000000000000
27.980    -0.000073497091626554    0.000199447290638459    0.000000000000000000    -0.001759165380633716    0.000439409549809512    0.000000000000000000
27.985    -0.000075524166928737    0.000199157659155840    0.000000000000000000    -0.002061622617760550    0.000467232034408920    0.000000000000000000
27.990    -0.000077602782796363    0.000198879708474081    0.000000000000000000    -0.002122928392024083    0.000352247201792144    0.000000000000000000
27.995    -0.000079734471873789    0.000198610563972368    0.000000000000000000    -0.001880603128446494    0.000251089863065931    0.000000000000000000
28.000    -0.000081913176029427    0.000198347696717231    0.000000000000000000    -0.001943633965966873    0.000034616426755228    0.000000000000000000
28.005    -0.000084140471034215    0.000198085694872762    0.000000000000000000    -0.001847863160077726    -0.000152642275680131    0.000000000000000000
28.010    -0.000086413962618004    0.000197819876971402    0.000000000000000000    -0.001319829675295323    -0.000147998052556653    0.000000000000000000
28.015    -0.000088720449943675    0.000197550359118728    0.000000000000000000    -0.001379573743542613    -0.000106215983644098    0.000000000000000000
28.020    -0.000091061426612935    0.000197278185866463    0.000000000000000000    -0.001920252293092974    -0.000007020279650573    0.000000000000000000
28.025    -0.000093450409589522    0.000197005837107207    0.000000000000000000    -0.001729736669262168    -0.000125041863301362    0.000000000000000000
28.030    -0.000095882635982841    0.000196730362301368    0.000000000000000000    -0.001589572856412129    -0.000267772542864074    0.000000000000000000
28.035    -0.000098354601697570    0.000196448193181957    0.000000000000000000    -0.001530938932122394    -0.000212093248920606    0.000000000000000000
28.040    -0.000100864840885603    0.000196160721731323    0.000000000000000000    -0.001289849493475151    -0.000274156033450244    0.000000000000000000
28.045    -0.000103407326310972    0.000195866396379854    0.000000000000000000    -0.001071901368578142    -0.000160150079184457    0.000000000000000000
28.050    -0.000105976609270555    0.000195568067276404    0.000000000000000000    -0.000703298681635099    -0.000030234252567903    0.000000000000000000
28.055    -0.000108563474697180    0.000195268982316640    0.000000000000000000    -0.000670896592694543    -0.000137810111520064    0.000000000000000000
28.060    -0.000111167112538622    0.000194966452104089    0.000000000000000000    -0.000585967236411402    -0.000157784749643067    0.000000000000000000
28.065    -0.000113785399560974    0.000194659977272796    0.000000000000000000    -0.000539694071247988    -0.000027608465514835    0.000000000000000000
28.070    -0.000116417178935107    0.000194352812229865    0.000000000000000000    -0.000458167799388264    -0.000116536242382404    0.000000000000000000
28.075    -0.000119060412504225    0.000194042733780875    0.000000000000000000    -0.000329885331183883    -0.000388002729142904    0.000000000000000000
28.080    -0.000121711893206623    0.000193722955263657    0.000000000000000000    -0.000635322921740586    -0.000525532382523617    0.000000000000000000
28.085    -0.000124379256982064    0.000193390038436875    0.000000000000000000    -0.000954087465989371    -0.000502848210869912    0.000000000000000000
28.090    -0.000127070472944155    0.000193044550404821    0.000000000000000000    -0.000780061481703330    -0.000737565381734272    0.000000000000000000
28.095    -0.000129781190443288    0.000192680623238224    0.000000000000000000    -0.000837812337147695    -0.000934035801214168    0.000000000000000000
28.100    -0.000132512853250850    0.000192293345176597    0.000000000000000000    -0.000485366563813313    -0.001007854498176562    0.000000000000000000
28.105    -0.000135256650222508    0.000191880870752515    0.000000000000000000    -0.000146293946554294    -0.001018668515477550    0.000000000000000000
28.110    -0.000138004104542829    0.000191442929615547    0.000000000000000000    0.000089041978420515    -0.001016555299386719    0.000000000000000000
28.115    -0.000140749332813690    0.000190979574596093    0.000000000000000000    0.000492684885712320    -0.000891442545258511    0.000000000000000000
28.120    -0.000143482243962408    0.000190493933513008    0.000000000000000000    0.000714357546689271    -0.000786995712962184    0.000000000000000000
28.125    -0.000146197296172459    0.000189988617537100    0.000000000000000000    0.000564981340221097    -0.000842637091005849    0.000000000000000000
28.130    -0.000148898223849004    0.000189462235633916    0.000000000000000000    0.000461385850461819    -0.000844957836623013    0.000000000000000000
28.135    -0.000151587616879287    0.000188914729784816    0.000000000000000000    0.000638875664626167    -0.000753029551605125    0.000000000000000000
28.140    -0.000154261038017955    0.000188348398196926    0.000000000000000000    0.000441499598457986    -0.000715454347961038    0.000000000000000000
28.145    -0.000156923421666662    0.000187764180250338    0.000000000000000000    0.000295861227751206    -0.000699594726452169    0.000000000000000000
28.150    -0.000159578408784675    0.000187162472435588    0.000000000000000000    0.000085184156679418    -0.000673463314467817    0.000000000000000000
28.155    -0.000162231266298771    0.000186543928037976    0.000000000000000000    0.000155716565469885    -0.000449003962046859    0.000000000000000000
28.160    -0.000164880230898730    0.000185914158541313    0.000000000000000000    0.000469824197250716    -0.000429282361101655    0.000000000000000000
28.165    -0.000167517449893758    0.000185273656985623    0.000000000000000000    0.000928186709111579    -0.000507541119357940    0.000000000000000000
28.170    -0.000170131464221058    0.000184620466901948    0.000000000000000000    0.001261397743712546    -0.000612322732042358    0.000000000000000000
28.175    -0.000172713943604765    0.000183951968749973    0.000000000000000000    0.001280697112977791    -0.000909403983123972    0.000000000000000000
28.180    -0.000175264405560648    0.000183260735498419    0.000000000000000000    0.001369700700086691    -0.000915279563421878    0.000000000000000000
28.185    -0.000177780624999028    0.000182546620257780    0.000000000000000000    0.001424727519470318    -0.000999325016833334    0.000000000000000000
28.190    -0.000180261226249422    0.000181807521891720    0.000000000000000000    0.001607696668125139    -0.000996787203304131    0.000000000000000000
28.195    -0.000182701635083113    0.000181043503845578    0.000000000000000000    0.001562901462285118    -0.000683140928249776    0.000000000000000000
28.200    -0.000185102971380246    0.000180262407276229    0.000000000000000000    0.001374361230614815    -0.000727066484491152    0.000000000000000000
28.205    -0.000187469948646614    0.000179463134044768    0.000000000000000000    0.001046073448938978    -0.000500290748873828    0.000000000000000000
28.210    -0.000189810774076759    0.000178651353544585    0.000000000000000000    0.000682902043193292    -0.000053674871378041    0.000000000000000000
28.215    -0.000192134526955824    0.000177838231172618    0.000000000000000000    0.000359285567633899    0.000178848630973420    0.000000000000000000
28.220    -0.000194449297695698    0.000177029580016425    0.000000000000000000    0.000081174491054718    0.000513828805998821    0.000000000000000000
28.225    -0.000196762039073296    0.000176233774580382    0.000000000000000000    0.000345170010833222    0.000895878363589000    0.000000000000000000
28.230    -0.000199066151200623    0.000175460366103429    0.000000000000000000    0.000695303345249953    0.001068575720126856    0.000000000000000000
28.235    -0.000201352880744318    0.000174713672019478    0.000000000000000000    0.000622509817621748    0.001141522855416591    0.000000000000000000
28.240    -0.000203624047542573    0.000173995516006914    0.000000000000000000    0.000564325509781229    0.001231302235377759    0.000000000000000000
28.245    -0.000205881106203084    0.000173308142550233    0.000000000000000000    0.000266740392307644    0.001349751966173022    0.000000000000000000
28.250    -0.000208131496353787    0.000172654512892708    0.000000000000000000    0.000718268757710127    0.001602937123555692    0.000000000000000000
28.255    -0.000210363929785547    0.000172040956663270    0.000000000000000000    0.001361892500947350    0.001879929502771396    0.000000000000000000
28.260    -0.000212562315904783    0.000171474398671403    0.000000000000000000    0.001099602483802496    0.001880977753893802    0.000000000000000000
28.265    -0.000214733211961925    0.000170954865123382    0.000000000000000000    0.000588772012582919    0.001847838827470942    0.000000000000000000
28.270    -0.000216889388718751    0.000170481527546049    0.000000000000000000    0.000559061874130838    0.001817296549890208    0.000000000000000000
28.275    -0.000219031588928725    0.000170053622382462    0.000000000000000000    0.000290690039906954    0.001785032827056419    0.000000000000000000
28.280    -0.000221166521887701    0.000169670343039552    0.000000000000000000    -0.000148493273940085    0.001841984301160582    0.000000000000000000
28.285    -0.000223305167178525    0.000169333113304171    0.000000000000000000    -0.000048141638827508    0.001685803413027263    0.000000000000000000
28.290    -0.000225445016010320    0.000169038028654116    0.000000000000000000    0.000202726454926524    0.001593094652911848    0.000000000000000000
28.295    -0.000227579796680742    0.000168782771370383    0.000000000000000000    0.000091633171279753    0.001584184575286049    0.000000000000000000
28.300    -0.000229712286521882    0.000168567118701033    0.000000000000000000    0.000503004105504136    0.001526306870844882    0.000000000000000000
28.305    -0.000231832201260384    0.000168389623703454    0.000000000000000000    0.000777452622647895    0.001559230956033747    0.000000000000000000
28.310    -0.000233932679683320    0.000168251109479776    0.000000000000000000    0.000672580086704972    0.001642716683927315    0.000000000000000000
28.315    -0.000236016343604089    0.000168153663173195    0.000000000000000000    0.000665675319568232    0.001663807216145110    0.000000000000000000
28.320    -0.000238083365641868    0.000168097812047019    0.000000000000000000    0.000804635398978307    0.001706547097337675    0.000000000000000000
28.325    -0.000240130271794673    0.000168084624598276    0.000000000000000000    0.000846768536201569    0.001611257904272695    0.000000000000000000
28.330    -0.000242156008734072    0.000168111718597139    0.000000000000000000    0.000811797034555410    0.001290672005120532    0.000000000000000000
28.335    -0.000244161450747608    0.000168171079396131    0.000000000000000000    0.000658300372736618    0.001252716151568150    0.000000000000000000
28.340    -0.000246150435251826    0.000168261758098912    0.000000000000000000    0.000676735589363528    0.001118413307814228    0.000000000000000000
28.345    -0.000248122501366309    0.000168380397134388    0.000000000000000000    0.000699275558926644    0.000840082613233961    0.000000000000000000
28.350    -0.000250077085591819    0.000168520038235195    0.000000000000000000    0.000382729575293568    0.000539749850969650    0.000000000000000000
28.355    -0.000252022101577947    0.000168673173082277    0.000000000000000000    0.000302924049911009    0.000260229373501286    0.000000000000000000
28.360    -0.000253959544462827    0.000168832813663696    0.000000000000000000    0.000469893521853199    0.000054682765948796    0.000000000000000000
28.365    -0.000255885240009661    0.000168993821314263    0.000000000000000000    0.000403970241424911    -0.000069848993602961    0.000000000000000000
28.370    -0.000257800836300459    0.000169153082739991    0.000000000000000000    0.000063276299076733    -0.000110250474631918    0.000000000000000000
28.375    -0.000259714850683780    0.000169309587903853    0.000000000000000000    -0.000224295131493520    -0.000185860234435970    0.000000000000000000
28.380    -0.000261634472445388    0.000169461446561853    0.000000000000000000    -0.000487281255159323    -0.000338503020803514    0.000000000000000000
28.385    -0.000263566276238376    0.000169604842644334    0.000000000000000000    0.000065482528292977    -0.000314070861921756    0.000000000000000000
28.390    -0.000265496442968156    0.000169740386955267    0.000000000000000000    0.000729529673819222    -0.000312221783095503    0.000000000000000000
28.395    -0.000267408371456091    0.000169868125721622    0.000000000000000000    0.000809408687006165    -0.000512508651207130    0.000000000000000000
28.400    -0.000269300064726850    0.000169983051771697    0.000000000000000000    0.001325553883331065    -0.000422649513874464    0.000000000000000000
28.405    -0.000271158619150527    0.000170087411583926    0.000000000000000000    0.001202835783265573    -0.000172703818272215    0.000000000000000000
28.410    -0.000272987102679621    0.000170187453800697    0.000000000000000000    0.001155413415518478    0.000047736508741129    0.000000000000000000
28.415    -0.000274786700873328    0.000170288689430187    0.000000000000000000    0.001240434341087410    0.000339838103873003    0.000000000000000000
28.420    -0.000276555288208508    0.000170398421012274    0.000000000000000000    0.000917236692861943    0.000497772894985119    0.000000000000000000
28.425    -0.000278300944626365    0.000170520596916735    0.000000000000000000    0.000589409967521361    0.000449174963802366    0.000000000000000000
28.430    -0.000280031865795035    0.000170654002195292    0.000000000000000000    0.000428337613256162    0.000281459760221843    0.000000000000000000
28.435    -0.000281752078523374    0.000170794443967854    0.000000000000000000    0.000602287056499819    0.000213736650587527    0.000000000000000000
28.440    -0.000283457234075300    0.000170940229156681    0.000000000000000000    0.000521084567114451    0.000139213475099922    0.000000000000000000
28.445    -0.000285149362513048    0.000171089494682385    0.000000000000000000    0.000349791746069496    0.000009964879474963    0.000000000000000000
28.450    -0.000286832746157144    0.000171239009330076    0.000000000000000000    0.000840689577303894    -0.000216639395033162    0.000000000000000000
28.455    -0.000288495112561808    0.000171383107992891    0.000000000000000000    0.001496448647382836    -0.000263258000156308    0.000000000000000000
28.460    -0.000290120067750287    0.000171520625205703    0.000000000000000000    0.001605366213898191    -0.000224003689537232    0.000000000000000000
28.465    -0.000291704888783419    0.000171652542326276    0.000000000000000000    0.001913925381103864    -0.000273000302680911    0.000000000000000000
28.470    -0.000293241861682023    0.000171777634439282    0.000000000000000000    0.002128063921241676    -0.000065476360027210    0.000000000000000000
28.475    -0.000294725632982597    0.000171901089643287    0.000000000000000000    0.002443097485995381    0.000062000014693650    0.000000000000000000
28.480    -0.000296148326846020    0.000172026094847659    0.000000000000000000    0.002602237521803861    -0.000114243736867555    0.000000000000000000
28.485    -0.000297505964771398    0.000172148243958610    0.000000000000000000    0.001992150460410763    -0.000050554431168647    0.000000000000000000
28.490    -0.000298813798935266    0.000172269129208782    0.000000000000000000    0.001831514055889751    0.000175633192568518    0.000000000000000000
28.495    -0.000300075845247737    0.000172394405288768    0.000000000000000000    0.001646691942772290    0.000502544070030879    0.000000000000000000
28.500    -0.000301296724261638    0.000172532244970505    0.000000000000000000    0.001509410466242825    0.000695871576955132    0.000000000000000000
28.505    -0.000302479868013883    0.000172687481441665    0.000000000000000000    0.001397906763762804    0.000848952543057143    0.000000000000000000
28.510    -0.000303628064097034    0.000172863941726402    0.000000000000000000    0.001573953343780594    0.000865146275482028    0.000000000000000000
28.515    -0.000304736911346591    0.000173062030668026    0.000000000000000000    0.001251862837509197    0.000616805114724613    0.000000000000000000
28.520    -0.000305814462025210    0.000173275539737518    0.000000000000000000    0.001325157565042548    0.000529361846799683    0.000000000000000000
28.525    -0.000306858883764703    0.000173502282853181    0.000000000000000000    0.001761174602890603    0.000458652242563400    0.000000000000000000
28.530    -0.000307859276139124    0.000173740492274907    0.000000000000000000    0.001750307858767140    0.000130994416824154    0.000000000000000000
28.535    -0.000308815910817075    0.000173981976557054    0.000000000000000000    0.001733025090768295    0.000078858815920433    0.000000000000000000
28.540    -0.000309729219867757    0.000174225432309598    0.000000000000000000    0.001787047870620284    0.000087084544204714    0.000000000000000000
28.545    -0.000310597852721674    0.000174471065175748    0.000000000000000000    0.001762325486441389    -0.000109152181477362    0.000000000000000000
28.550    -0.000311422427438430    0.000174713969237361    0.000000000000000000    0.002145614590282584    -0.000226272910459511    0.000000000000000000
28.555    -0.000312193361790428    0.000174951216476213    0.000000000000000000    0.002176295071766934    -0.000404118605413107    0.000000000000000000
28.560    -0.000312909888765633    0.000175178360749929    0.000000000000000000    0.002238532281896403    -0.000589914544823610    0.000000000000000000
28.565    -0.000313570452433790    0.000175390757160025    0.000000000000000000    0.002041698003005157    -0.000669977486962266    0.000000000000000000
28.570    -0.000314179973651872    0.000175586404132946    0.000000000000000000    0.001605921666359561    -0.000538462934944516    0.000000000000000000
28.575    -0.000314749346828295    0.000175768589532494    0.000000000000000000    0.001353584666782814    -0.000406522515224118    0.000000000000000000
28.580    -0.000315284880388048    0.000175940611869162    0.000000000000000000    0.001230323379165094    -0.000492028993611705    0.000000000000000000
28.585    -0.000315789655863322    0.000176100333480989    0.000000000000000000    0.001353506884080660    -0.000521952665379164    0.000000000000000000
28.590    -0.000316260593666495    0.000176247006276181    0.000000000000000000    0.001555086858694155    -0.000520485159051119    0.000000000000000000
28.595    -0.000316692654298199    0.000176380666942398    0.000000000000000000    0.001857160100947330    -0.000551274867943404    0.000000000000000000
28.600    -0.000317078285927381    0.000176500545736915    0.000000000000000000    0.002085712389032074    -0.000532041813138592    0.000000000000000000
28.605    -0.000317411774746836    0.000176607123486104    0.000000000000000000    0.002322384609790111    -0.000540576969536430    0.000000000000000000
28.610    -0.000317687203951047    0.000176700186811055    0.000000000000000000    0.002180875351689635    -0.000533128628577668    0.000000000000000000
28.615    -0.000317908111271465    0.000176779921920292    0.000000000000000000    0.002262637736453760    -0.000591232272193973    0.000000000000000000
28.620    -0.000318072452648472    0.000176844876222723    0.000000000000000000    0.002168188608286849    -0.000996332279570898    0.000000000000000000
28.625    -0.000318182589310272    0.000176884922218166    0.000000000000000000    0.001730822738322917    -0.001070482791949365    0.000000000000000000
28.630    -0.000318249455403614    0.000176898206143809    0.000000000000000000    0.001981396700963169    -0.001130948166513197    0.000000000000000000
28.635    -0.000318266786579431    0.000176883216365290    0.000000000000000000    0.002018559967643767    -0.001197252549681995    0.000000000000000000
28.640    -0.000318233653756058    0.000176838295273028    0.000000000000000000    0.001685312680096626    -0.001245878249262139    0.000000000000000000
28.645    -0.000318158388115682    0.000176762227224536    0.000000000000000000    0.001187899249057746    -0.001130953724872959    0.000000000000000000
28.650    -0.000318053424994080    0.000176657885332921    0.000000000000000000    0.001055986118703861    -0.001114366333098164    0.000000000000000000
28.655    -0.000317922062219510    0.000176525684282979    0.000000000000000000    0.001438652266485489    -0.001032468656821887    0.000000000000000000
28.660    -0.000317754733138278    0.000176367671516616    0.000000000000000000    0.001680385736735953    -0.000719319757557174    0.000000000000000000
28.665    -0.000317545394413628    0.000176191675756314    0.000000000000000000    0.001732342162252039    -0.000545365728756323    0.000000000000000000
28.670    -0.000317292747134921    0.000176002045852794    0.000000000000000000    0.001942889395517740    -0.000237191460880940    0.000000000000000000
28.675    -0.000316991527621327    0.000175806486162751    0.000000000000000000    0.002402783955341489    -0.000101003337071035    0.000000000000000000
28.680    -0.000316630238508849    0.000175608401389282    0.000000000000000000    0.002731042799816383    -0.000064042715644530    0.000000000000000000
28.685    -0.000316200673326375    0.000175408715547921    0.000000000000000000    0.002753143333894970    0.000087521095362350    0.000000000000000000
28.690    -0.000315702279560554    0.000175211217733945    0.000000000000000000    0.002537088851768763    0.000021031606961628    0.000000000000000000
28.695    -0.000315140458573439    0.000175014245710142    0.000000000000000000    0.002612425620057354    0.000168361503619834    0.000000000000000000
28.700    -0.000314513326945822    0.000174821482723931    0.000000000000000000    0.002374501473388288    0.000302046105349341    0.000000000000000000
28.705    -0.000313826832781371    0.000174636270890352    0.000000000000000000    0.001994771152208016    0.000043635900957026    0.000000000000000000
28.710    -0.000313090469338115    0.000174452149954298    0.000000000000000000    0.001676479934329192    -0.000201044668044457    0.000000000000000000
28.715    -0.000312312193896500    0.000174263002901543    0.000000000000000000    0.001534103063014370    -0.000389550625060249    0.000000000000000000
28.720    -0.000311495565878310    0.000174064117083161    0.000000000000000000    0.001729906797731315    -0.000490327384255898    0.000000000000000000
28.725    -0.000310635690190176    0.000173852973080173    0.000000000000000000    0.002145890346913655    -0.000445643896369559    0.000000000000000000
28.730    -0.000309722167243370    0.000173630687979775    0.000000000000000000    0.001762515800837576    -0.000456333902579438    0.000000000000000000
28.735    -0.000308764581401543    0.000173396994531813    0.000000000000000000    0.001617940666022270    -0.000486632251133889    0.000000000000000000
28.740    -0.000307766547043065    0.000173151135277573    0.000000000000000000    0.002075492672409633    -0.000509233046690769    0.000000000000000000
28.745    -0.000306716625367777    0.000172892545197166    0.000000000000000000    0.002240998319797630    -0.000337543549322299    0.000000000000000000
28.750    -0.000305610678734494    0.000172625516528025    0.000000000000000000    0.002628340570235387    -0.000267170919654273    0.000000000000000000
28.755    -0.000304439023586956    0.000172351808585893    0.000000000000000000    0.002932682263837635    -0.000201023761622248    0.000000000000000000
28.760    -0.000303194051382821    0.000172073075049720    0.000000000000000000    0.002562424505781879    -0.000034973036773436    0.000000000000000000
28.765    -0.000301885018566042    0.000171793467187628    0.000000000000000000    0.002175476843974556    0.000093820000522833    0.000000000000000000
28.770    -0.000300521598828163    0.000171516204825550    0.000000000000000000    0.001828456878971447    0.000078544330473201    0.000000000000000000
28.775    -0.000299112467668310    0.000171240906071733    0.000000000000000000    0.001623353353744344    0.000098078586048067    0.000000000000000000
28.780    -0.000297662752674614    0.000170968059282567    0.000000000000000000    0.001635413314439362    0.000230741003231366    0.000000000000000000
28.785    -0.000296172152348056    0.000170700981018482    0.000000000000000000    0.001534548283888427    0.000281339446318689    0.000000000000000000
28.790    -0.000294643188314402    0.000170440936240555    0.000000000000000000    0.001329556991102546    0.000331538321081621    0.000000000000000000
28.795    -0.000293080985355969    0.000170189179920655    0.000000000000000000    0.001250409118692866    0.000273333110097519    0.000000000000000000
28.800    -0.000291487522169570    0.000169944256928507    0.000000000000000000    0.001110513834640114    0.000322097230603859    0.000000000000000000
28.805    -0.000289866296137304    0.000169707386367125    0.000000000000000000    0.001081881676559017    0.000315282270187123    0.000000000000000000
28.810    -0.000288218023063125    0.000169478397862497    0.000000000000000000    0.001097870451095134    0.000198686718611962    0.000000000000000000
28.815    -0.000286542303227668    0.000169254376525835    0.000000000000000000    0.000841887606731293    0.000040131454855227    0.000000000000000000
28.820    -0.000284845536202042    0.000169031358475544    0.000000000000000000    0.001355917298613563    0.000041065748005885    0.000000000000000000
28.825    -0.000283114871243952    0.000168809367068953    0.000000000000000000    0.001654490117081273    -0.000042746415197673    0.000000000000000000
28.830    -0.000281342844032934    0.000168586307001982    0.000000000000000000    0.001519230226835599    -0.000199561048467439    0.000000000000000000
28.835    -0.000279532836066246    0.000168358257908799    0.000000000000000000    0.001376166065762251    -0.000210559900406257    0.000000000000000000
28.840    -0.000277688423947913    0.000168124944818106    0.000000000000000000    0.001348295920989510    -0.000071410942246303    0.000000000000000000
28.845    -0.000275810304431556    0.000167889846453858    0.000000000000000000    0.000982473971841442    0.000164544826763546    0.000000000000000000
28.850    -0.000273907623065903    0.000167658861710278    0.000000000000000000    0.000576734541502238    0.000468986844457276    0.000000000000000000
28.855    -0.000271990523336712    0.000167439601637809    0.000000000000000000    0.000236144080110502    0.000641118639626778    0.000000000000000000
28.860    -0.000270067520005518    0.000167236369531332    0.000000000000000000    0.000127540968342110    0.000682825427292168    0.000000000000000000
28.865    -0.000268141328150116    0.000167050208060536    0.000000000000000000    0.000459518828713028    0.000594000822012625    0.000000000000000000
28.870    -0.000266203648323996    0.000166878896610291    0.000000000000000000    0.000425921978268115    0.000435077400180251    0.000000000000000000
28.875    -0.000264255320448419    0.000166718462095051    0.000000000000000000    0.000618470064079214    0.000245325416603449    0.000000000000000000
28.880    -0.000262291530821240    0.000166564160715225    0.000000000000000000    0.000905627830468433    0.000175640647873338    0.000000000000000000
28.885    -0.000260305100498300    0.000166414250351596    0.000000000000000000    0.001058430755336744    0.000165272092012437    0.000000000000000000
28.890    -0.000258292209406476    0.000166268471790268    0.000000000000000000    0.001044091725824377    -0.000053177868510577    0.000000000000000000
28.895    -0.000256253216021507    0.000166121363782227    0.000000000000000000    0.001063503785928271    -0.000225493818388706    0.000000000000000000
28.900    -0.000254187635041889    0.000165968618428726    0.000000000000000000    0.001431216673142190    -0.000321603591395573    0.000000000000000000
28.905    -0.000252086273645443    0.000165807832985440    0.000000000000000000    0.001649009758366692    -0.000364284806951770    0.000000000000000000
28.910    -0.000249943687005037    0.000165637940421981    0.000000000000000000    0.001377950319774151    -0.000283069932545009    0.000000000000000000
28.915    -0.000247766651606638    0.000165460971110208    0.000000000000000000    0.001172219705935975    -0.000409720400136723    0.000000000000000000
28.920    -0.000245560310715590    0.000165273758788431    0.000000000000000000    0.001122323166813290    -0.000386234176402668    0.000000000000000000
28.925    -0.000243325911745371    0.000165076890612245    0.000000000000000000    0.000792344682276538    -0.000186331935258903    0.000000000000000000
28.930    -0.000241071704158096    0.000164875364137677    0.000000000000000000    0.000427624774785185    -0.000208410036153708    0.000000000000000000
28.935    -0.000238806805951451    0.000164668627412205    0.000000000000000000    0.000361263158253373    -0.000239607269592870    0.000000000000000000
28.940    -0.000236532876165849    0.000164455900504993    0.000000000000000000    0.000511016495946016    0.000042880203458091    0.000000000000000000
28.945    -0.000234246170967849    0.000164244245602868    0.000000000000000000    0.000927662127998439    0.000311765488274782    0.000000000000000000
28.950    -0.000231936274216650    0.000164040384837949    0.000000000000000000    0.001177206866477282    0.000449521960347362    0.000000000000000000
28.955    -0.000229596947293788    0.000163847762122039    0.000000000000000000    0.001240241523616436    0.000627422981960011    0.000000000000000000
28.960    -0.000227226614332835    0.000163670824980679    0.000000000000000000    0.001300890829508553    0.000627962915173167    0.000000000000000000
28.965    -0.000224823759101145    0.000163509586912197    0.000000000000000000    0.001435931910950686    0.000481930073249629    0.000000000000000000
28.970    -0.000222385005571682    0.000163360397095547    0.000000000000000000    0.001576853727215536    0.000224857261263336    0.000000000000000000
28.975    -0.000219906830699037    0.000163216828710428    0.000000000000000000    0.001820588060132741    0.000053704850823616    0.000000000000000000
28.980    -0.000217383141124890    0.000163074602946580    0.000000000000000000    0.001578296938881162    -0.000138368053821366    0.000000000000000000
28.985    -0.000214819994127270    0.000162928917981387    0.000000000000000000    0.001163289182470060    -0.000156432225853487    0.000000000000000000
28.990    -0.000212227764900089    0.000162779322210547    0.000000000000000000    0.000724936147851636    -0.000388641927459576    0.000000000000000000
28.995    -0.000209617412269212    0.000162620010391521    0.000000000000000000    0.000245002405461960    -0.000572158600784314    0.000000000000000000
29.000    -0.000207000934578198    0.000162446394607475    0.000000000000000000    0.000209266587410497    -0.000798670876909786    0.000000000000000000
29.005    -0.000204379225222498    0.000162252812051506    0.000000000000000000    -0.000007458866040002    -0.000854910406009046    0.000000000000000000
29.010    -0.000201757702338450    0.000162037856735387    0.000000000000000000    -0.000148225210715473    -0.000786269302940640    0.000000000000000000
29.015    -0.000199139885084669    0.000161803244686695    0.000000000000000000    0.000037725184018345    -0.000705963396828392    0.000000000000000000
29.020    -0.000196521124701288    0.000161550983553081    0.000000000000000000    0.000193559597092734    -0.000666627500187740    0.000000000000000000
29.025    -0.000193897525327980    0.000161282056731964    0.000000000000000000    0.000548255282524024    -0.000770633161261249    0.000000000000000000
29.030    -0.000191260219572609    0.000160993864081814    0.000000000000000000    0.000998775567776118    -0.000853121675217956    0.000000000000000000
29.035    -0.000188597944428043    0.000160684343389784    0.000000000000000000    0.001442098356206579    -0.000671891968208327    0.000000000000000000
29.040    -0.000185899616824572    0.000160358025398549    0.000000000000000000    0.001690859545252403    -0.000681003452466383    0.000000000000000000
29.045    -0.000183159017732470    0.000160014682321003    0.000000000000000000    0.001148808059035344    -0.000614036198619099    0.000000000000000000
29.050    -0.000180389698438892    0.000159655988338490    0.000000000000000000    0.000466910858896519    -0.000498916249184415    0.000000000000000000
29.055    -0.000177608706373841    0.000159284821449749    0.000000000000000000    0.000094997879342704    -0.000575087349094809    0.000000000000000000
29.060    -0.000174825339361807    0.000158899277377279    0.000000000000000000    -0.000347106324014414    -0.000698124942344379    0.000000000000000000
29.065    -0.000172050650007874    0.000158496280181252    0.000000000000000000    -0.000814050166436783    -0.000847061998651005    0.000000000000000000
29.070    -0.000169296311908101    0.000158072106435258    0.000000000000000000    -0.001041774247310598    -0.000984504509704944    0.000000000000000000
29.075    -0.000166568018164511    0.000157623320076521    0.000000000000000000    -0.001060423350817720    -0.001156248675535012    0.000000000000000000
29.080    -0.000163866235004691    0.000157145627500896    0.000000000000000000    -0.000868348409416558    -0.001410515395952345    0.000000000000000000
29.085    -0.000161186160555107    0.000156632672040372    0.000000000000000000    -0.000795560463442199    -0.001420528061535061    0.000000000000000000
29.090    -0.000158525975117109    0.000156084203378310    0.000000000000000000    -0.000733404963143688    -0.001559413751400047    0.000000000000000000
29.095    -0.000155884124803189    0.000155496749372462    0.000000000000000000    -0.000146472307809096    -0.001635987871895011    0.000000000000000000
29.100    -0.000153245936296965    0.000154868395669818    0.000000000000000000    0.000378353409382802    -0.001468636133335373    0.000000000000000000
29.105    -0.000150598288955506    0.000154203326063840    0.000000000000000000    0.000493165418102457    -0.001327265206468300    0.000000000000000000
29.110    -0.000147938312478595    0.000153505074827700    0.000000000000000000    0.000453600353426346    -0.001022319438622084    0.000000000000000000
29.115    -0.000145266995992847    0.000152781265605595    0.000000000000000000    0.000273451340009057    -0.000732947682224828    0.000000000000000000
29.120    -0.000142588843223600    0.000152039132691434    0.000000000000000000    0.000076011689854709    -0.000504960011777668    0.000000000000000000
29.125    -0.000139908790162106    0.000151284375776979    0.000000000000000000    -0.000077745199054610    -0.000396212834072795    0.000000000000000000
29.130    -0.000137230680730589    0.000150519713541672    0.000000000000000000    -0.000362499671564820    -0.000050970610976277    0.000000000000000000
29.135    -0.000134561633790861    0.000149753777041090    0.000000000000000000    -0.000816780956687828    0.000085827933420319    0.000000000000000000
29.140    -0.000131913006375050    0.000148989986238844    0.000000000000000000    -0.000835206283105426    0.000052224146627209    0.000000000000000000
29.145    -0.000129285259116317    0.000148227501040264    0.000000000000000000    -0.000884727050596418    0.000140875739744429    0.000000000000000000
29.150    -0.000126679630033848    0.000147468537735177    0.000000000000000000    -0.001081750299826607    0.000421200722122749    0.000000000000000000
29.155    -0.000124101044708875    0.000146720104448143    0.000000000000000000    -0.001046210067866954    0.000508775841747376    0.000000000000000000
29.160    -0.000121548614635599    0.000145984390557153    0.000000000000000000    -0.001003305082788964    0.000410104204742658    0.000000000000000000
29.165    -0.000119021267189393    0.000145258929271282    0.000000000000000000    -0.000534881799107425    0.000144767294378307    0.000000000000000000
29.170    -0.000116507291788164    0.000144537087167770    0.000000000000000000    -0.000139448950688603    -0.000134707514008476    0.000000000000000000
29.175    -0.000113996802610702    0.000143811877376408    0.000000000000000000    0.000231892306599328    -0.000208740004063257    0.000000000000000000
29.180    -0.000111480516125576    0.000143081449084944    0.000000000000000000    0.000186328827134251    -0.000210560588808500    0.000000000000000000
29.185    -0.000108959571419771    0.000142345756778760    0.000000000000000000    0.000223058585016329    -0.000217732498414410    0.000000000000000000
29.190    -0.000106433050249341    0.000141604621160116    0.000000000000000000    0.000322015300912421    -0.000417474656206436    0.000000000000000000
29.195    -0.000103898478696388    0.000140853048675066    0.000000000000000000    -0.000413353566999786    -0.000461041405191986    0.000000000000000000
29.200    -0.000101374240982610    0.000140089950154887    0.000000000000000000    -0.000986015158515848    -0.000304337287605197    0.000000000000000000
29.205    -0.000098874653647795    0.000139319243202517    0.000000000000000000    -0.001338056261470993    -0.000158794535024464    0.000000000000000000
29.210    -0.000096408517719516    0.000138544566386772    0.000000000000000000    -0.001616116704977679    0.000136311073138575    0.000000000000000000
29.215    -0.000093982784708862    0.000137773297347856    0.000000000000000000    -0.001993700406863414    0.000131563311701107    0.000000000000000000
29.220    -0.000091606894208380    0.000137005317391732    0.000000000000000000    -0.002352736204525355    0.000033998388695262    0.000000000000000000
29.225    -0.000089289822113011    0.000136238187395325    0.000000000000000000    -0.002497268501965304    0.000236508367844595    0.000000000000000000
29.230    -0.000087035181730191    0.000135476970108114    0.000000000000000000    -0.002470103309829626    0.000492430547330367    0.000000000000000000
29.235    -0.000084842293930116    0.000134728063584587    0.000000000000000000    -0.001553299236943767    0.000493974651543348    0.000000000000000000
29.240    -0.000082688238610965    0.000133991506427348    0.000000000000000000    -0.000860604646759082    0.000163531590080404    0.000000000000000000
29.245    -0.000080555698407984    0.000133259037559862    0.000000000000000000    -0.000674320684307004    -0.000068963103657576    0.000000000000000000
29.250    -0.000078440016222109    0.000132524844614784    0.000000000000000000    -0.000653652625126123    -0.000128609413062829    0.000000000000000000
29.255    -0.000076340675351864    0.000131787436434379    0.000000000000000000    -0.000829055903253748    -0.000302224930609062    0.000000000000000000
29.260    -0.000074262060879199    0.000131042472630709    0.000000000000000000    -0.001470728461190401    -0.000518316803201427    0.000000000000000000
29.265    -0.000072220214618064    0.000130284550906959    0.000000000000000000    -0.002021093324855927    -0.000585653164012672    0.000000000000000000
29.270    -0.000070228895690051    0.000129511987854109    0.000000000000000000    -0.002540318133582506    -0.000787517337562252    0.000000000000000000
29.275    -0.000068301084715377    0.000128719736867819    0.000000000000000000    -0.002578897174255828    -0.000847363440664717    0.000000000000000000
29.280    -0.000066437746170059    0.000127906301795513    0.000000000000000000    -0.002447506440714708    -0.000773168587746981    0.000000000000000000
29.285    -0.000064635595285760    0.000127073537508514    0.000000000000000000    -0.002692011290231114    -0.000728193499056808    0.000000000000000000
29.290    -0.000062900744683716    0.000126222568384038    0.000000000000000000    -0.002932869787431293    -0.000597943804773668    0.000000000000000000
29.295    -0.000061239215826358    0.000125356650664442    0.000000000000000000    -0.002768306474736104    -0.000450445288574389    0.000000000000000000
29.300    -0.000059646894630868    0.000124479471812633    0.000000000000000000    -0.002817286533020628    -0.000287491932629905    0.000000000000000000
29.305    -0.000058125005598704    0.000123595105662507    0.000000000000000000    -0.002780639157718855    -0.000157053010647499    0.000000000000000000
29.310    -0.000056672632545483    0.000122706813187115    0.000000000000000000    -0.002494296811888673    0.000040321415031722    0.000000000000000000
29.315    -0.000055282616912559    0.000121819528747099    0.000000000000000000    -0.002209848556059435    0.000190469988663611    0.000000000000000000
29.320    -0.000053947847493536    0.000120937006056800    0.000000000000000000    -0.002041970509701727    0.000245011492101279    0.000000000000000000
29.325    -0.000052664127337256    0.000120060608653803    0.000000000000000000    -0.001709342137687017    0.000262099820632885    0.000000000000000000
29.330    -0.000051423140734418    0.000119190763746322    0.000000000000000000    -0.001751204989420055    0.000185756860209474    0.000000000000000000
29.335    -0.000050225934256316    0.000118325562760347    0.000000000000000000    -0.001957819766172013    0.000141804890222775    0.000000000000000000
29.340    -0.000049077673272368    0.000117463906896627    0.000000000000000000    -0.001914363668079479    -0.000135415789330007    0.000000000000000000
29.345    -0.000047977271380122    0.000116598865638173    0.000000000000000000    -0.001952297248137235    -0.000451862622660856    0.000000000000000000
29.350    -0.000046925676919080    0.000115722527814153    0.000000000000000000    -0.002149547495818114    -0.000565784695436022    0.000000000000000000
29.355    -0.000045927821145433    0.000114832045372747    0.000000000000000000    -0.002442265830282118    -0.000516884389877730    0.000000000000000000
29.360    -0.000044991022017543    0.000113928640821595    0.000000000000000000    -0.002330956189950718    -0.000599782825008049    0.000000000000000000
29.365    -0.000044112496794401    0.000113010241699817    0.000000000000000000    -0.002295217941553833    -0.000519338062465106    0.000000000000000000
29.370    -0.000043291352019799    0.000112078859126477    0.000000000000000000    -0.001734081309786521    -0.000152227926538654    0.000000000000000000
29.375    -0.000042513559277941    0.000111143670854974    0.000000000000000000    -0.001086140100117186    -0.000029931326024461    0.000000000000000000
29.380    -0.000041762920038586    0.000110207734300320    0.000000000000000000    -0.000521725920115432    0.000011002851854451    0.000000000000000000
29.385    -0.000041025323947234    0.000109272072816963    0.000000000000000000    0.000182491702893672    0.000232368155680062    0.000000000000000000
29.390    -0.000040283165563310    0.000108342220537498    0.000000000000000000    0.000609988830758317    0.000347582399294415    0.000000000000000000
29.395    -0.000039525757458617    0.000107421057818015    0.000000000000000000    0.000798050536961756    0.000500506181041918    0.000000000000000000
29.400    -0.000038748398090499    0.000106512407753058    0.000000000000000000    0.000964636413440067    0.000740854327828909    0.000000000000000000
29.405    -0.000037946922812046    0.000105622279046297    0.000000000000000000    0.000979408586294049    0.001053853450169360    0.000000000000000000
29.410    -0.000037120962318936    0.000104758496675790    0.000000000000000000    0.000793916603135261    0.001300214145408631    0.000000000000000000
29.415    -0.000036275153910746    0.000103927219658918    0.000000000000000000    0.000625947986017839    0.001323389022957308    0.000000000000000000
29.420    -0.000035413696802907    0.000103129027367620    0.000000000000000000    0.000116517032731987    0.001251746275645412    0.000000000000000000
29.425    -0.000034549326769249    0.000102362128733214    0.000000000000000000    -0.000054385605808335    0.001145206767043405    0.000000000000000000
29.430    -0.000033686316375737    0.000101623860267983    0.000000000000000000    0.000114373403586540    0.000934148200174749    0.000000000000000000
29.435    -0.000032820446647134    0.000100908945507757    0.000000000000000000    0.000091254035190368    0.000684467406628954    0.000000000000000000
29.440    -0.000031952295567652    0.000100211142432696    0.000000000000000000    0.000262828825082465    0.000431068741917604    0.000000000000000000
29.445    -0.000031077573767543    0.000099524116076184    0.000000000000000000    0.000662427575120724    0.000207640662549169    0.000000000000000000
29.450    -0.000030186291278056    0.000098842280736235    0.000000000000000000    0.001051421282176964    0.000157277854965468    0.000000000000000000
29.455    -0.000029268723256515    0.000098164377342660    0.000000000000000000    0.001597402916966330    0.000063245734707880    0.000000000000000000
29.460    -0.000028311220162049    0.000097488055092453    0.000000000000000000    0.001691526879608852    0.000052976281682835    0.000000000000000000
29.465    -0.000027311428895593    0.000096813057249288    0.000000000000000000    0.002051485628057229    0.000340639222059006    0.000000000000000000
29.470    -0.000026260350488436    0.000096146575386675    0.000000000000000000    0.002100287184449124    0.000402237777839343    0.000000000000000000
29.475    -0.000025156764901668    0.000095490149468507    0.000000000000000000    0.001414279629047087    0.000614571822458759    0.000000000000000000
29.480    -0.000024017822324173    0.000094849087845902    0.000000000000000000    0.000831264596341520    0.001011012749705786    0.000000000000000000
29.485    -0.000022858098131770    0.000094233301542038    0.000000000000000000    0.000380627956336852    0.001236687054376878    0.000000000000000000
29.490    -0.000021688858240458    0.000093648432414534    0.000000000000000000    -0.000283039791076803    0.001330583012434786    0.000000000000000000
29.495    -0.000020526694343923    0.000093096827862341    0.000000000000000000    -0.000347942911725548    0.001445848767202881    0.000000000000000000
29.500    -0.000019373229020182    0.000092581369529328    0.000000000000000000    -0.000759330270153644    0.001524648733531989    0.000000000000000000
29.505    -0.000018238746953194    0.000092104027414654    0.000000000000000000    -0.001011669514427196    0.001671396871386738    0.000000000000000000
29.510    -0.000017129556624067    0.000091668470221764    0.000000000000000000    -0.000553678156098639    0.001599857148647764    0.000000000000000000
29.515    -0.000016034208248842    0.000091272909457590    0.000000000000000000    -0.000080505433110227    0.001274093038978433    0.000000000000000000
29.520    -0.000014940872509445    0.000090909201019390    0.000000000000000000    0.000350408439637047    0.000918825369069674    0.000000000000000000
29.525    -0.000013838776559057    0.000090568463215418    0.000000000000000000    0.001012039796039168    0.000706125323536870    0.000000000000000000
29.530    -0.000012711379613769    0.000090245378544534    0.000000000000000000    0.001510612345581539    0.000382245318691194    0.000000000000000000
29.535    -0.000011546217359840    0.000089931850006617    0.000000000000000000    0.001118358314419475    0.000147176038401233    0.000000000000000000
29.540    -0.000010353096148052    0.000089622000869660    0.000000000000000000    0.000814428406852930    0.000073880609733853    0.000000000000000000
29.545    -0.000009139614226091    0.000089313998747946    0.000000000000000000    0.000637548801595979    0.000001037751735130    0.000000000000000000
29.550    -0.000007910193584091    0.000089006022570026    0.000000000000000000    0.000319601570584885    -0.000182837164157705    0.000000000000000000
29.555    -0.000006672782902827    0.000088693475463002    0.000000000000000000    -0.000603662989467031    -0.000061756591941534    0.000000000000000000
29.560    -0.000005450463796299    0.000088379384441179    0.000000000000000000    -0.001600805112775851    0.000055691682228852    0.000000000000000000
29.565    -0.000004268164817590    0.000088066685711413    0.000000000000000000    -0.001890899562302574    0.000255167632740591    0.000000000000000000
29.570    -0.000003133138327939    0.000087760366172464    0.000000000000000000    -0.002229143583590156    0.000518461832435275    0.000000000000000000
29.575    -0.000002053840427878    0.000087467008179327    0.000000000000000000    -0.002427247223581297    0.000710120733077193    0.000000000000000000
29.580    -0.000001035223708406    0.000087191403204516    0.000000000000000000    -0.002009259902274111    0.001025344417187788    0.000000000000000000
29.585    -0.000000066838486491    0.000086941431840135    0.000000000000000000    -0.001435775234187177    0.001102759606937467    0.000000000000000000
29.590    0.000000865652354569    0.000086719029465928    0.000000000000000000    -0.000777161660380584    0.001222779544042540    0.000000000000000000
29.595    0.000001778714154119    0.000086527196580321    0.000000000000000000    -0.000220692598894373    0.001294817985692735    0.000000000000000000
29.600    0.000002686258638698    0.000086367734144357    0.000000000000000000    -0.000059780266892707    0.000989104801776591    0.000000000000000000
29.605    0.000003592308616604    0.000086232999328438    0.000000000000000000    -0.000090865788443367    0.000506267025743041    0.000000000000000000
29.610    0.000004496086949799    0.000086110921188162    0.000000000000000000    -0.000127859251545452    0.000056373851460437    0.000000000000000000
29.615    0.000005396668801705    0.000085990252394172    0.000000000000000000    -0.000476726909199907    -0.000453702257008489    0.000000000000000000
29.620    0.000006285332480881    0.000085858241043757    0.000000000000000000    -0.000660907743688759    -0.000982198703383783    0.000000000000000000
29.625    0.000007157473466465    0.000085701674725758    0.000000000000000000    -0.001163396504138634    -0.001314661024280866    0.000000000000000000
29.630    0.000008000529539446    0.000085512241882151    0.000000000000000000    -0.001928876163843313    -0.001594254227775820    0.000000000000000000
29.635    0.000008795363708330    0.000085282952682851    0.000000000000000000    -0.002321523412916409    -0.001671252908898324    0.000000000000000000
29.640    0.000009532159791892    0.000085011882160827    0.000000000000000000    -0.002308962365168206    -0.001701944011464596    0.000000000000000000
29.645    0.000010211231816324    0.000084698263038517    0.000000000000000000    -0.002371508983384053    -0.001652692801545398    0.000000000000000000
29.650    0.000010831016116172    0.000084343326596169    0.000000000000000000    -0.002214403045319263    -0.001400925735840341    0.000000000000000000
29.655    0.000011395440339887    0.000083953367010424    0.000000000000000000    -0.001734947584855099    -0.001087963195777896    0.000000000000000000
29.660    0.000011916490873980    0.000083536208344786    0.000000000000000000    -0.001331980389466513    -0.000686447300561675    0.000000000000000000
29.665    0.000012404241898337    0.000083101888496633    0.000000000000000000    -0.000307474770803450    -0.000475032454130418    0.000000000000000000
29.670    0.000012884306053424    0.000082655692837126    0.000000000000000000    0.000423859688902957    -0.000197969032310948    0.000000000000000000
29.675    0.000013374966700733    0.000082204547951812    0.000000000000000000    0.000938412686665464    -0.000000124436889829    0.000000000000000000
29.680    0.000013889087665209    0.000081753399955576    0.000000000000000000    0.001081436190011043    -0.000001351127696054    0.000000000000000000
29.685    0.000014430244534435    0.000081302218181147    0.000000000000000000    0.000777580691848782    -0.000037042863652230    0.000000000000000000
29.690    0.000014990840920958    0.000080850110335127    0.000000000000000000    -0.000120695868162347    -0.000197547409721134    0.000000000000000000
29.695    0.000015548419910776    0.000080393063803864    0.000000000000000000    -0.001113843327358699    -0.000428480669642127    0.000000000000000000
29.700    0.000016078152817410    0.000079925305255860    0.000000000000000000    -0.001978898939271139    -0.000648616445304427    0.000000000000000000
29.705    0.000016558413250563    0.000079441331296724    0.000000000000000000    -0.002580767921715765    -0.001043320797754189    0.000000000000000000
29.710    0.000016974154485673    0.000078931274317643    0.000000000000000000    -0.003049840826608349    -0.001544947263851693    0.000000000000000000
29.715    0.000017313649700117    0.000078382593656966    0.000000000000000000    -0.003322186919862285    -0.001976205884999800    0.000000000000000000
29.720    0.000017570090241565    0.000077784507849164    0.000000000000000000    -0.002811529228612835    -0.002173805859178712    0.000000000000000000
29.725    0.000017756242552298    0.000077132076894883    0.000000000000000000    -0.002059263559232329    -0.002225699320760601    0.000000000000000000
29.730    0.000017890913274049    0.000076424003457583    0.000000000000000000    -0.001182600190031426    -0.002106770703197316    0.000000000000000000
29.735    0.000017996018991050    0.000075663260752703    0.000000000000000000    -0.000242889983859980    -0.001912299584104667    0.000000000000000000
29.740    0.000018095052458455    0.000074854710558220    0.000000000000000000    0.000710620770833756    -0.001834551404971308    0.000000000000000000
29.745    0.000018211851445130    0.000074000296578613    0.000000000000000000    0.001033118135102830    -0.001475575568441563    0.000000000000000000
29.750    0.000018354478385183    0.000073108993209794    0.000000000000000000    0.000983350937437260    -0.000903806396277350    0.000000000000000000
29.755    0.000018521689098672    0.000072195094681069    0.000000000000000000    0.000767265700967346    -0.000187347083656104    0.000000000000000000
29.760    0.000018708081454685    0.000071276512475253    0.000000000000000000    -0.000065086424341743    0.000113595465167020    0.000000000000000000
29.765    0.000018892846650090    0.000070360770156065    0.000000000000000000    -0.000737576573600797    0.000335230967202140    0.000000000000000000
29.770    0.000019059172431154    0.000069453408611058    0.000000000000000000    -0.001524945633778348    0.000502768653256160    0.000000000000000000
29.775    0.000019187374571374    0.000068558616282382    0.000000000000000000    -0.002700433075391640    0.000403795370564931    0.000000000000000000
29.780    0.000019248065884709    0.000067673918837970    0.000000000000000000    -0.003212711863013871    0.000173392569405707    0.000000000000000000
29.785    0.000019228439401469    0.000066793556207794    0.000000000000000000    -0.003430551895628332    -0.000375209310090902    0.000000000000000000
29.790    0.000019123049120838    0.000065903813344865    0.000000000000000000    -0.003091102048190253    -0.001088285715618049    0.000000000000000000
29.795    0.000018940381289003    0.000064986863339046    0.000000000000000000    -0.002373327300506561    -0.001822374492166942    0.000000000000000000
29.800    0.000018698380274654    0.000064024353970922    0.000000000000000000    -0.001371192073542764    -0.002487647625168789    0.000000000000000000
29.805    0.000018422099458468    0.000062999653412169    0.000000000000000000    -0.000120343585655118    -0.002849272271841655    0.000000000000000000
29.810    0.000018142810052639    0.000061903721046621    0.000000000000000000    0.000677223276496772    -0.003213129952721826    0.000000000000000000
29.815    0.000017880451228724    0.000060727460432254    0.000000000000000000    0.001594217976226640    -0.003749862679569321    0.000000000000000000
29.820    0.000017657947854214    0.000059457453250898    0.000000000000000000    0.002221475824868254    -0.003873869289149827    0.000000000000000000
29.825    0.000017490981375325    0.000058090599337313    0.000000000000000000    0.002153714989642380    -0.003596942723460626    0.000000000000000000
29.830    0.000017377857771178    0.000056633821855642    0.000000000000000000    0.001678885723884393    -0.003159176106073437    0.000000000000000000
29.835    0.000017306706310128    0.000055098064971319    0.000000000000000000    0.000885748642569760    -0.002550168304010357    0.000000000000000000
29.840    0.000017257698565142    0.000053498553879395    0.000000000000000000    -0.000581621705468262    -0.001789633004784040    0.000000000000000000
29.845    0.000017194150277519    0.000051854301962352    0.000000000000000000    -0.002277284566947282    -0.000814701801169014    0.000000000000000000
29.850    0.000017073669875723    0.000050189682500280    0.000000000000000000    -0.003880806026734177    0.000030730897927832    0.000000000000000000
29.855    0.000016856169323258    0.000048525831310656    0.000000000000000000    -0.004278985108929273    0.000807570282679662    0.000000000000000000
29.860    0.000016531694143070    0.000046882169378099    0.000000000000000000    -0.004261646392617632    0.001396753541237463    0.000000000000000000
29.865    0.000016100677803066    0.000045273426284073    0.000000000000000000    -0.003961388672181406    0.001712283311777047    0.000000000000000000
29.870    0.000015570626746258    0.000043707490272841    0.000000000000000000    -0.002278145015203981    0.001665447127663323    0.000000000000000000
29.875    0.000014983622064070    0.000042183190439801    0.000000000000000000    0.000039599190546915    0.001259585431816668    0.000000000000000000
29.880    0.000014397607361646    0.000040690380242556    0.000000000000000000    0.001920501850368996    0.000641543507801004    0.000000000000000000
29.885    0.000013859605205481    0.000039213608633007    0.000000000000000000    0.003307293281332651    -0.000283847689255769    0.000000000000000000
29.890    0.000013404285381349    0.000037729740831226    0.000000000000000000    0.004567116977079253    -0.001520284269655150    0.000000000000000000
29.895    0.000013063143481644    0.000036207865922703    0.000000000000000000    0.004329046547836121    -0.002550679579269954    0.000000000000000000
29.900    0.000012830227745635    0.000034622224024699    0.000000000000000000    0.003191361648946145    -0.003414654026952257    0.000000000000000000
29.905    0.000012677096050850    0.000032951215776021    0.000000000000000000    0.001382090881614010    -0.003972044614120918    0.000000000000000000
29.910    0.000012558516628105    0.000031180906411990    0.000000000000000000    -0.001210176298421401    -0.004273845780902133    0.000000000000000000
29.915    0.000012409682797900    0.000029303750903436    0.000000000000000000    -0.003835258105617574    -0.004269381207760341    0.000000000000000000
29.920    0.000012164967515054    0.000027319860864689    0.000000000000000000    -0.006503238504278273    -0.003862786308558885    0.000000000000000000
29.925    0.000011757671269601    0.000025239401168227    0.000000000000000000    -0.008499955695861601    -0.002997816923717121    0.000000000000000000
29.930    0.000011137876131751    0.000023083996048673    0.000000000000000000    -0.009353841223890517    -0.001788133395627976    0.000000000000000000
29.935    0.000010284234963305    0.000020883887594228    0.000000000000000000    -0.008849507014285180    -0.000297207922453981    0.000000000000000000
29.940    0.000009209356119501    0.000018676348941721    0.000000000000000000    -0.007107630132994663    0.001418134466289278    0.000000000000000000
29.945    0.000007956786522372    0.000016504263650872    0.000000000000000000    -0.003648543150257100    0.003373603142401484    0.000000000000000000
29.950    0.000006613003346487    0.000014416518438583    0.000000000000000000    0.000603010321326009    0.005362314066364976    0.000000000000000000
29.955    0.000005284295428635    0.000012462831077953    0.000000000000000000    0.005235098161629439    0.007026002200520808    0.000000000000000000
29.960    0.000004086464964824    0.000010684793772335    0.000000000000000000    0.010060221126686435    0.008627324230195858    0.000000000000000000
29.965    0.000003140140029180    0.000009122439572473    0.000000000000000000    0.013663454037164131    0.009704100851413742    0.000000000000000000
29.970    0.000002535401444465    0.000007802687893896    0.000000000000000000    0.015794607867527611    0.009937129015153090    0.000000000000000000
29.975    0.000002325528056438    0.000006731364440698    0.000000000000000000    0.016370769678548593    0.009682506698094350    0.000000000000000000
29.980    0.000002524923910375    0.000005902103654953    0.000000000000000000    0.015225290054875440    0.009001223269013632    0.000000000000000000
29.985    0.000003104952015684    0.000005297873450932    0.000000000000000000    0.012743569062098423    0.007784308181871263    0.000000000000000000
29.990    0.000004003569347545    0.000004888250951459    0.000000000000000000    0.008859218216305326    0.006402705594157128    0.000000000000000000
29.995    0.000005123667134814    0.000004638696091839    0.000000000000000000    0.008859218216305326    0.006402705594157128    0.000000000000000000
