LNEC Test File eXtractor

File: Newhall_1.DRV

Created in: 2026-05-01 19:00:17.260253

Number of channels: 3

Name:	DispT	DispL	DispV
Type:	Displacement	Displacement	Displacement
Unit:	m	m	m
No. of Samples:	6000	6000	6000
Time step [s]:	0.005	0.005	0.005
Trigger date:	1970-01-01	1970-01-01	1970-01-01
Trigger time:	00:00:00.000000	00:00:00.000000	00:00:00.000000
Duration [s]:	29.995	29.995	29.995
Data:
DispT	DispL	DispV
7.469309859980409e-06	3.701334045186384e-06	0.0
9.451781694499489e-06	4.797112841935501e-06	0.0
1.132411620487862e-05	5.743467257309737e-06	0.0
1.3086313391117801e-05	6.640013545559014e-06	0.0
1.4738373253217036e-05	7.486751706683332e-06	0.0
1.6500570439456218e-05	8.283681740682688e-06	0.0
1.815263030155545e-05	9.080611774682047e-06	0.0
2.0024964811934582e-05	9.777925554431484e-06	0.0
2.1787161998173766e-05	1.0525047461305882e-05	0.0
2.3659496508552898e-05	1.122236124105532e-05	0.0
2.5531831018932026e-05	1.2019291275054677e-05	0.0
2.740416552931116e-05	1.2816221309054033e-05	0.0
2.927650003969029e-05	1.3613151343053392e-05	0.0
3.125897187420937e-05	1.4459889504177709e-05	0.0
3.31313063845885e-05	1.5306627665302026e-05	0.0
3.5003640894967634e-05	1.62031739535513e-05	0.0
3.6765838081206814e-05	1.7099720241800577e-05	0.0
3.8638172591585946e-05	1.799626653004986e-05	0.0
4.0400369777825126e-05	1.8942620945424093e-05	0.0
4.216256696406431e-05	1.983916723367337e-05	0.0
4.3924764150303494e-05	2.0735713521922648e-05	0.0
4.5686961336542675e-05	2.1582451683046967e-05	0.0
4.744915852278185e-05	2.2429189844171286e-05	0.0
4.932149303316098e-05	2.322611987817064e-05	0.0
5.119382754354011e-05	2.407285803929496e-05	0.0
5.29560247297793e-05	2.4869788073294317e-05	0.0
5.471822191601848e-05	2.5616909980168715e-05	0.0
5.659055642639761e-05	2.641384001416807e-05	0.0
5.83527536126368e-05	2.7210770048167428e-05	0.0
6.011495079887597e-05	2.8057508209291747e-05	0.0
6.187714798511516e-05	2.88544382432911e-05	0.0
6.363934517135434e-05	2.975098453154038e-05	0.0
6.529140503345358e-05	3.069733894691462e-05	0.0
6.705360221969276e-05	3.159388523516389e-05	0.0
6.881579940593194e-05	3.2540239650538126e-05	0.0
7.057799659217112e-05	3.353640219303733e-05	0.0
7.234019377841031e-05	3.453256473553652e-05	0.0
7.410239096464949e-05	3.5528727278035724e-05	0.0
7.597472547502862e-05	3.647508169340996e-05	0.0
7.77369226612678e-05	3.7471244235909154e-05	0.0
7.949911984750698e-05	3.846740677840835e-05	0.0
8.126131703374616e-05	3.946356932090755e-05	0.0
8.31336515441253e-05	4.05095399905317e-05	0.0
8.489584873036448e-05	4.145589440590594e-05	0.0
8.67681832407436e-05	4.2501865075530095e-05	0.0
8.853038042698278e-05	4.34980276180293e-05	0.0
9.040271493736192e-05	4.454399828765345e-05	0.0
9.21649121236011e-05	4.558996895727761e-05	0.0
9.403724663398024e-05	4.6685747754026725e-05	0.0
9.590958114435937e-05	4.778152655077584e-05	0.0
9.77819156547385e-05	4.8877305347524954e-05	0.0
9.976438748925757e-05	5.0022892271399036e-05	0.0
0.00010174685932377666	5.1118671068148154e-05	0.0
0.00010372933115829573	5.221444986489727e-05	0.0
0.00010582194031695476	5.331022866164638e-05	0.0
0.0001079145494756138	5.445581558552046e-05	0.0
0.00010989702131013288	5.550178625514461e-05	0.0
0.00011198963046879191	5.654775692476877e-05	0.0
0.00011397210230331098	5.759372759439293e-05	0.0
0.00011606471146197	5.8589890136892124e-05	0.0
0.00011804718329648909	5.9536244552266364e-05	0.0
0.00012002965513100817	6.04825989676406e-05	0.0
0.00012201212696552725	6.142895338301484e-05	0.0
0.0001238844614759064	6.227569154413916e-05	0.0
0.00012575679598628552	6.317223783238842e-05	0.0
0.00012762913049666464	6.406878412063771e-05	0.0
0.0001293913276829038	6.496533040888698e-05	0.0
0.000131153524869143	6.581206857001131e-05	0.0
0.00013280558473124224	6.665880673113561e-05	0.0
0.00013445764459334148	6.75553530193849e-05	0.0
0.0001361097044554407	6.840209118050922e-05	0.0
0.00013765162699340002	6.919902121450857e-05	0.0
0.00013919354953135927	7.004575937563289e-05	0.0
0.00014062533474517861	7.084268940963224e-05	0.0
0.00014205711995899796	7.158981131650665e-05	0.0
0.00014348890517281728	7.233693322338104e-05	0.0
0.0001449206903866366	7.308405513025544e-05	0.0
0.00014635247560045595	7.383117703712983e-05	0.0
0.00014789439813841523	7.457829894400424e-05	0.0
0.00014921604602809464	7.532542085087864e-05	0.0
0.00015064783124191396	7.607254275775303e-05	0.0
0.00015218975377987324	7.681966466462742e-05	0.0
0.00015362153899369259	7.766640282575174e-05	0.0
0.00015505332420751193	7.84633328597511e-05	0.0
0.00015648510942133125	7.935987914800037e-05	0.0
0.00015802703195929053	8.025642543624965e-05	0.0
0.0001595689544972498	8.120277985162388e-05	0.0
0.00016100073971106915	8.21989423941231e-05	0.0
0.00016254266224902843	8.319510493662229e-05	0.0
0.00016397444746284778	8.424107560624644e-05	0.0
0.00016551637000080706	8.52870462758706e-05	0.0
0.00016705829253876634	8.633301694549475e-05	0.0
0.00016849007775258568	8.73789876151189e-05	0.0
0.00017003200029054496	8.837515015761812e-05	0.0
0.0001714637855043643	8.932150457299235e-05	0.0
0.00017300570804232358	9.026785898836658e-05	0.0
0.0001744374932561429	9.116440527661587e-05	0.0
0.0001759794157941022	9.201114343774018e-05	0.0
0.0001775213383320615	9.280807347173953e-05	0.0
0.0001790632608700208	9.350538725148897e-05	0.0
0.00018060518340798004	9.420270103123842e-05	0.0
0.00018214710594593932	9.48502066838629e-05	0.0
0.00018379916580803858	9.549771233648736e-05	0.0
0.00018534108834599786	9.609540986198687e-05	0.0
0.00018688301088395714	9.669310738748641e-05	0.0
0.00018853507074605638	9.724099678586096e-05	0.0
0.00019007699328401565	9.773907805711056e-05	0.0
0.0001917290531461149	9.823715932836014e-05	0.0
0.00019327097568407417	9.868543247248479e-05	0.0
0.00019470276089789351	9.913370561660944e-05	0.0
0.0001962446834358528	9.953217063360911e-05	0.0
0.00019767646864967214	9.998044377773376e-05	0.0
0.00019899811653935153	0.00010037890879473343	0.0
0.00020031976442903092	0.0001007773738117331	0.0
0.00020153127499457035	0.00010127545508298271	0.0
0.00020274278556010978	0.00010172372822710735	0.0
0.00020373402147736932	0.00010222180949835693	0.0
0.0002048353947187688	0.00010271989076960654	0.0
0.00020582663063602836	0.00010331758829510606	0.0
0.00020681786655328788	0.00010391528582060558	0.0
0.00020769896514640749	0.00010456279147323006	0.0
0.00020858006373952707	0.00010516048899872957	0.0
0.00020946116233264668	0.00010580799465135406	0.0
0.00021034226092576624	0.00010645550030397854	0.0
0.00021122335951888585	0.00010715281408372797	0.0
0.00021210445811200543	0.00010780031973635244	0.0
0.000213095694029265	0.00010844782538897692	0.0
0.0002140869299465245	0.00010914513916872636	0.0
0.000215188303187924	0.00010984245294847579	0.0
0.00021628967642932349	0.00011048995860110028	0.0
0.00021761132431900287	0.00011118727238084972	0.0
0.00021882283488454233	0.00011188458616059916	0.0
0.00022025462009836168	0.00011253209181322364	0.0
0.00022168640531218097	0.00011322940559297306	0.0
0.00022311819052600032	0.0001139267193727225	0.0
0.00022454997573981967	0.00011457422502534698	0.0
0.00022609189827777897	0.00011527153880509642	0.0
0.00022752368349159826	0.00011591904445772091	0.0
0.0002289554687054176	0.00011651674198322042	0.0
0.00023038725391923696	0.00011716424763584489	0.0
0.00023170890180891635	0.00011776194516134441	0.0
0.0002330305496985957	0.00011840945081396889	0.0
0.00023435219758827512	0.0001190071483394684	0.0
0.00023556370815381455	0.00011960484586496791	0.0
0.00023677521871935398	0.00012020254339046744	0.0
0.00023787659196075348	0.000120750432788842	0.0
0.00023897796520215298	0.00012129832218721657	0.0
0.0002399692011194125	0.00012179640345846615	0.0
0.00024096043703667207	0.0001222446766025908	0.0
0.00024184153562979165	0.00012264314161959048	0.0
0.0002428327715470512	0.0001229917985094652	0.0
0.00024371387014017078	0.0001233902635264649	0.0
0.00024459496873329036	0.00012373892041633958	0.0
0.00024547606732640997	0.0001240875773062143	0.0
0.0002464673032436695	0.00012443623419608902	0.0
0.0002473484018367891	0.0001248346992130887	0.0
0.00024844977507818857	0.00012528297235721333	0.0
0.00024944101099544814	0.00012568143737421304	0.0
0.00025043224691270765	0.00012617951864546262	0.0
0.0002515336201541071	0.0001266775999167122	0.0
0.0002526349933955066	0.00012717568118796182	0.0
0.0002538465039610461	0.00012772357058633637	0.0
0.00025494787720244555	0.00012827145998471094	0.0
0.000256159387767985	0.00012881934938308552	0.0
0.00025737089833352447	0.00012936723878146007	0.0
0.00025847227157492394	0.00012991512817983462	0.0
0.0002596837821404633	0.0001304132094510842	0.0
0.00026100543003014276	0.00013096109884945878	0.0
0.00026210680327154223	0.00013145918012070836	0.0
0.00026331831383708166	0.00013195726139195795	0.0
0.00026452982440262115	0.00013250515079033252	0.0
0.0002657413349681606	0.00013300323206158214	0.0
0.00026684270820956005	0.00013350131333283172	0.0
0.00026805421877509943	0.0001338997783498314	0.0
0.00026915559201649895	0.0001342982433668311	0.0
0.0002703671025820384	0.00013454728400245588	0.0
0.00027146847582343786	0.00013479632463808067	0.0
0.00027267998638897734	0.0001348959408923306	0.0
0.0002737813596303768	0.00013499555714658053	0.0
0.0002748827328717763	0.00013494574901945557	0.0
0.0002759841061131758	0.0001348959408923306	0.0
0.0002770854793545753	0.0001347465165109557	0.0
0.00027818685259597476	0.00013459709212958085	0.0
0.0002790679511890943	0.000134397859621081	0.0
0.00028005918710635394	0.0001341488189854562	0.0
0.0002809402856994735	0.0001338997783498314	0.0
0.00028182138429259305	0.00013360092958708165	0.0
0.00028270248288571266	0.00013330208082433187	0.0
0.0002834734441546923	0.00013300323206158214	0.0
0.00028402413077539205	0.00013270438329883235	0.0
0.0002847950920443717	0.00013240553453608262	0.0
0.0002852356413409315	0.0001321564939004578	0.0
0.00028567619063749126	0.000131907453264833	0.0
0.000286226877258191	0.00013170822075633318	0.0
0.00028655728923061087	0.00013150898824783333	0.0
0.00028688770120303075	0.0001314093719935834	0.0
0.00028710797585131066	0.0001313097557393335	0.0
0.0002873282504995905	0.00013125994761220853	0.0
0.0002876586624720104	0.0001313097557393335	0.0
0.00028787893712029026	0.00013135956386645844	0.0
0.00028820934909271013	0.00013145918012070836	0.0
0.00028842962374099	0.00013160860450208326	0.0
0.00028876003571340987	0.00013175802888345812	0.0
0.00028920058500996965	0.0001320070695190829	0.0
0.0002896411343065294	0.00013220630202758277	0.0
0.0002900816836030892	0.00013240553453608262	0.0
0.00029063237022378894	0.00013260476704458242	0.0
0.00029118305684448873	0.00013280399955308228	0.0
0.00029173374346518847	0.00013295342393445717	0.0
0.00029239456741002816	0.00013310284831583206	0.0
0.0002929452540307279	0.0001332522726972069	0.0
0.00029371621529970755	0.00013335188895145683	0.0
0.00029448717656868726	0.00013335188895145683	0.0
0.0002951480005135269	0.0001334016970785818	0.0
0.0002960290991066465	0.0001334016970785818	0.0
0.0002966899230514862	0.00013335188895145683	0.0
0.00029757102164460576	0.00013330208082433187	0.0
0.00029834198291358547	0.00013315265644295703	0.0
0.00029911294418256506	0.0001330530401887071	0.0
0.0002998839054515447	0.0001329036158073322	0.0
0.0003006548667205243	0.00013270438329883235	0.0
0.000301315690665364	0.00013255495891745746	0.0
0.00030197651461020376	0.00013235572640895766	0.0
0.0003025272012309035	0.00013210668577333284	0.0
0.00030307788785160323	0.000131907453264833	0.0
0.00030362857447230297	0.00013170822075633318	0.0
0.00030406912376886274	0.00013145918012070836	0.0
0.0003046198103895625	0.0001313097557393335	0.0
0.00030506035968612226	0.00013111052323083364	0.0
0.00030539077165854213	0.00013091129072233381	0.0
0.000305721183630962	0.00013076186634095892	0.0
0.0003061617329275218	0.00013066225008670902	0.0
0.00030649214489994166	0.00013061244195958406	0.0
0.0003067124195482215	0.0001305626338324591	0.0
0.0003070428315206414	0.00013051282570533413	0.0
0.00030715296884478135	0.00013051282570533413	0.0
0.00030726310616892126	0.00013051282570533413	0.0
0.0003073732434930612	0.0001305626338324591	0.0
0.0003073732434930612	0.0001305626338324591	0.0
0.0003073732434930612	0.0001305626338324591	0.0
0.00030726310616892126	0.0001305626338324591	0.0
0.00030715296884478135	0.00013051282570533413	0.0
0.00030693269419650144	0.00013046301757820917	0.0
0.0003068225568723615	0.0001304132094510842	0.0
0.0003066022822240816	0.00013031359319683427	0.0
0.0003063820075758017	0.00013026378506970934	0.0
0.0003061617329275218	0.00013021397694258437	0.0
0.0003059414582792419	0.00013011436068833447	0.0
0.00030583132095510197	0.00013001474443408455	0.0
0.00030583132095510197	0.00012996493630695958	0.0
0.000305721183630962	0.00012986532005270965	0.0
0.000305721183630962	0.00012971589567133476	0.0
0.000305721183630962	0.00012961627941708483	0.0
0.000305721183630962	0.00012946685503571	0.0
0.00030583132095510197	0.00012926762252721014	0.0
0.00030583132095510197	0.00012906839001871029	0.0
0.0003059414582792419	0.00012886915751021046	0.0
0.0003059414582792419	0.00012866992500171063	0.0
0.0003060515956033819	0.00012847069249321077	0.0
0.0003060515956033819	0.00012827145998471094	0.0
0.0003060515956033819	0.00012812203560333608	0.0
0.0003059414582792419	0.0001279726112219612	0.0
0.00030583132095510197	0.00012787299496771126	0.0
0.000305721183630962	0.00012772357058633637	0.0
0.0003055009089826821	0.00012762395433208647	0.0
0.0003051704970102622	0.0001275741462049615	0.0
0.0003048400850378424	0.00012747452995071158	0.0
0.0003043995357412826	0.00012737491369646167	0.0
0.0003038488491205829	0.00012727529744221175	0.0
0.00030307788785160323	0.00012717568118796182	0.0
0.0003023069265826236	0.00012702625680658695	0.0
0.00030142582798950397	0.00012687683242521206	0.0
0.00030043459207224445	0.00012662779178958727	0.0
0.000299333218830845	0.00012637875115396248	0.0
0.0002981217082653055	0.00012612971051833766	0.0
0.0002968000603756261	0.00012578105362846297	0.0
0.00029547841248594677	0.00012538258861146325	0.0
0.0002942669019204073	0.00012493431546733863	0.0
0.00029283511670658794	0.00012448604232321398	0.0
0.00029140333149276865	0.0001239879610519644	0.0
0.0002899715462789493	0.0001234898797807148	0.0
0.00028853976106512995	0.00012304160663659017	0.0
0.0002872181131754506	0.00012254352536534056	0.0
0.00028567619063749126	0.00012214506034834087	0.0
0.000284134268099532	0.0001217465953313412	0.0
0.00028270248288571266	0.0001213979384414665	0.0
0.0002812706976718933	0.00012104928155159177	0.0
0.0002796186378097941	0.000120750432788842	0.0
0.0002780767152718348	0.00012050139215321721	0.0
0.00027653479273387555	0.00012030215964471737	0.0
0.00027499287019591625	0.00012015273526334249	0.0
0.000273450947657957	0.0001200033108819676	0.0
0.00027179888779585773	0.00011985388650059273	0.0
0.0002701468279337585	0.0001197542702463428	0.0
0.0002686049053957992	0.00011960484586496791	0.0
0.0002670629828578399	0.00011955503773784298	0.0
0.00026552106031988066	0.00011950522961071801	0.0
0.00026397913778192136	0.00011945542148359305	0.0
0.000262547352568102	0.00011940561335646809	0.0
0.00026100543003014276	0.00011940561335646809	0.0
0.0002595736448163234	0.00011930599710221816	0.0
0.00025814185960250407	0.00011925618897509321	0.0
0.00025682021171282473	0.0001191565727208433	0.0
0.0002554985638231453	0.00011905695646659337	0.0
0.0002541769159334659	0.00011890753208521849	0.0
0.0002528552680437865	0.00011870829957671865	0.0
0.0002515336201541071	0.00011850906706821882	0.0
0.0002503221095885677	0.00011821021830546905	0.0
0.00024911059902302826	0.00011796117766984425	0.0
0.00024778895113334887	0.00011771213703421946	0.0
0.00024657744056780944	0.0001174132882714697	0.0
0.00024525579267813005	0.00011721405576296985	0.0
0.00024393414478845066	0.00011706463138159499	0.0
0.00024261249689877128	0.0001169152070002201	0.0
0.00024118071168495196	0.00011686539887309513	0.0
0.0002397489264711326	0.00011681559074597018	0.0
0.00023820700393317333	0.00011681559074597018	0.0
0.0002365549440710741	0.00011676578261884522	0.0
0.0002350130215331148	0.00011676578261884522	0.0
0.00023325082434687562	0.00011676578261884522	0.0
0.00023159876448477641	0.00011676578261884522	0.0
0.00022994670462267718	0.00011671597449172025	0.0
0.00022818450743643798	0.0001166661663645953	0.0
0.0002264223102501988	0.00011656655011034537	0.0
0.00022466011306395962	0.00011646693385609546	0.0
0.00022278777855358047	0.00011626770134759562	0.0
0.00022113571869148124	0.00011606846883909578	0.0
0.00021937352150524207	0.00011581942820347098	0.0
0.00021772146164314283	0.00011557038756784619	0.0
0.0002160694017810436	0.00011522173067797147	0.0
0.00021452747924308432	0.0001149228819152217	0.0
0.00021298555670512504	0.00011457422502534698	0.0
0.00021144363416716574	0.00011422556813547226	0.0
0.00020990171162920646	0.00011387691124559754	0.0
0.00020824965176710722	0.00011347844622859787	0.0
0.00020670772922914794	0.00011307998121159818	0.0
0.00020494553204290875	0.00011263170806747355	0.0
0.00020318333485666956	0.00011213362679622395	0.0
0.00020131100034629043	0.0001115857373978494	0.0
0.00019921839118763142	0.00011098803987234988	0.0
0.00019712578202897238	0.00011039034234685036	0.0
0.00019481289822203347	0.00010969302856710092	0.0
0.00019250001441509454	0.00010894590666022652	0.0
0.00018985671863573576	0.00010814897662622716	0.0
0.00018732356018051694	0.00010735204659222781	0.0
0.00018445998975287828	0.0001066049246853534	0.0
0.00018159641932523958	0.00010580799465135406	0.0
0.00017851257424932103	0.00010496125649022973	0.0
0.00017542872917340247	0.00010416432645623038	0.0
0.00017223474677334393	0.00010336739642223102	0.0
0.00016893062704914546	0.00010262027451535662	0.0
0.0001654062326766671	0.00010182334448135728	0.0
0.00016188183830418874	0.00010102641444735791	0.0
0.00015824730660757045	0.00010017967628623359	0.0
0.00015461277491095213	9.938274625223423e-05	0.0
0.00015086810589019388	9.858581621823487e-05	0.0
0.00014723357419357556	9.778888618423552e-05	0.0
0.0001437091798210972	9.699195615023617e-05	0.0
0.0001401847854486188	9.624483424336176e-05	0.0
0.00013666039107614045	9.549771233648736e-05	0.0
0.00013335627135194198	9.48502066838629e-05	0.0
0.00013005215162774353	9.425250915836337e-05	0.0
0.00012685816922768502	9.370461975998881e-05	0.0
0.00012377432415176643	9.320653848873921e-05	0.0
0.00012058034175170792	9.275826534461458e-05	0.0
0.0001176066339999293	9.240960845473986e-05	0.0
0.00011463292624815068	9.206095156486513e-05	0.0
0.0001115490811722321	9.176210280211538e-05	0.0
0.00010846523609631353	9.156287029361554e-05	0.0
0.00010549152834453492	9.13636377851157e-05	0.0
0.00010229754594447641	9.121421340374082e-05	0.0
9.921370086855782e-05	9.106478902236594e-05	0.0
9.612985579263926e-05	9.091536464099106e-05	0.0
9.28257360684408e-05	9.076594025961618e-05	0.0
8.963175366838227e-05	9.056670775111635e-05	0.0
8.632763394418381e-05	9.03674752426165e-05	0.0
8.302351421998534e-05	9.01184346069917e-05	0.0
7.971939449578688e-05	8.981958584424195e-05	0.0
7.641527477158841e-05	8.947092895436723e-05	0.0
7.300101772324999e-05	8.90226558102426e-05	0.0
6.958676067491159e-05	8.857438266611795e-05	0.0
6.617250362657316e-05	8.812610952199331e-05	0.0
6.26481092540948e-05	8.757822012361875e-05	0.0
5.9013577557476487e-05	8.693071447099429e-05	0.0
5.5379045860858174e-05	8.623340069124485e-05	0.0
5.174451416423986e-05	8.538666253012053e-05	0.0
4.7999845143481605e-05	8.45399243689962e-05	0.0
4.4365313446863286e-05	8.359356995362196e-05	0.0
4.062064442610502e-05	8.259740741112278e-05	0.0
3.6875975405346765e-05	8.160124486862357e-05	0.0
3.31313063845885e-05	8.060508232612437e-05	0.0
2.9386637363830238e-05	7.965872791075014e-05	0.0
2.5531831018932026e-05	7.876218162250085e-05	0.0
2.1787161998173766e-05	7.786563533425159e-05	0.0
1.793235565327555e-05	7.706870530025223e-05	0.0
1.3857274660097445e-05	7.632158339337783e-05	0.0
9.782193666919336e-06	7.56242696136284e-05	0.0
5.596975349601278e-06	7.502657208812887e-05	0.0
1.3016197081432721e-06	7.447868268975431e-05	0.0
-3.1038732574546834e-06	7.398060141850471e-05	0.0
-7.729640871332538e-06	7.363194452862999e-05	0.0
-1.235540848521039e-05	7.333309576588024e-05	0.0
-1.7091313423228193e-05	7.313386325738041e-05	0.0
-2.1937355685385943e-05	7.293463074888055e-05	0.0
-2.6783397947543693e-05	7.28848226217556e-05	0.0
-3.15193028855615e-05	7.283501449463064e-05	0.0
-3.6365345147719245e-05	7.283501449463064e-05	0.0
-4.110125008573705e-05	7.28848226217556e-05	0.0
-4.5727017699614904e-05	7.298443887600552e-05	0.0
-5.035278531349276e-05	7.303424700313048e-05	0.0
-5.486841560323066e-05	7.303424700313048e-05	0.0
-5.916377124468866e-05	7.293463074888055e-05	0.0
-6.345912688614668e-05	7.26357819861308e-05	0.0
-6.764434520346472e-05	7.228712509625609e-05	0.0
-7.160928887250289e-05	7.173923569788151e-05	0.0
-7.546409521740111e-05	7.109173004525704e-05	0.0
-7.931890156229932e-05	7.024499188413273e-05	0.0
-8.306357058305758e-05	6.929863746875848e-05	0.0
-8.680823960381585e-05	6.83024749262593e-05	0.0
-9.044277130043414e-05	6.715688800238521e-05	0.0
-9.41874403211924e-05	6.596149295138617e-05	0.0
-9.782197201781072e-05	6.466648164613722e-05	0.0
-0.00010145650371442904	6.332166221376332e-05	0.0
-0.00010509103541104735	6.187722652713947e-05	0.0
-0.00010883570443180561	6.043279084051564e-05	0.0
-0.00011269051077670382	5.893854702676685e-05	0.0
-0.00011665545444574198	5.739449508589309e-05	0.0
-0.0001207305354389201	5.590025127214429e-05	0.0
-0.0001250258910803781	5.4356199331270544e-05	0.0
-0.00012943138404597604	5.286195551752174e-05	0.0
-0.0001340571516598539	5.1367711703772946e-05	0.0
-0.00013890319392201168	4.9923276017149115e-05	0.0
-0.00014385937350830936	4.847884033052528e-05	0.0
-0.00014892569041874702	4.70842127710264e-05	0.0
-0.00015410214465332462	4.578920146577745e-05	0.0
-0.00015938873621204215	4.449419016052849e-05	0.0
-0.0001646753277707597	4.329879510952946e-05	0.0
-0.0001698517820053373	4.2153208185655375e-05	0.0
-0.00017513837356405486	4.110723751603122e-05	0.0
-0.00018031482779863245	4.0111074973532024e-05	0.0
-0.0001853811447090701	3.921452868528275e-05	0.0
-0.0001903373242953678	3.831798239703347e-05	0.0
-0.00019518336655752552	3.7471244235909154e-05	0.0
-0.00019991927149554334	3.657469794765988e-05	0.0
-0.00020454503910942117	3.5777767913660516e-05	0.0
-0.00020895053207501915	3.503064600678612e-05	0.0
-0.00021324588771647716	3.428352409991172e-05	0.0
-0.00021732096870965526	3.353640219303733e-05	0.0
-0.00022139604970283335	3.2888896540412846e-05	0.0
-0.00022536099337187155	3.224139088778837e-05	0.0
-0.00022921579971676976	3.164369336228885e-05	0.0
-0.00023296046873752803	3.0996187709664374e-05	0.0
-0.00023670513775828628	3.0398490184164858e-05	0.0
-0.00024022953213076462	2.975098453154038e-05	0.0
-0.00024386406382738294	2.91034788789159e-05	0.0
-0.0002473884581998613	2.8406165099166464e-05	0.0
-0.00025102298989647967	2.7758659446541987e-05	0.0
-0.000254547384268958	2.706134566679255e-05	0.0
-0.00025829205328971625	2.636403188704311e-05	0.0
-0.00026192658498633455	2.5616909980168715e-05	0.0
-0.0002657813913312328	2.4919596200419275e-05	0.0
-0.00026985647232441093	2.4122666166419916e-05	0.0
-0.000273931553317589	2.337554425954552e-05	0.0
-0.0002781167716349071	2.2528806098421203e-05	0.0
-0.00028263240192464493	2.1632259810171924e-05	0.0
-0.0002872581695385228	2.0636097267672727e-05	0.0
-0.00029199407447654056	1.9590126598048573e-05	0.0
-0.0002969502540628383	1.8494347801299455e-05	0.0
-0.00030201657097327593	1.734876087742538e-05	0.0
-0.00030730316253199354	1.610355769930138e-05	0.0
-0.00031281002873899096	1.4758738266927468e-05	0.0
-0.0003183168949459884	1.3364110707428592e-05	0.0
-0.00032415417312540567	1.1919675020804758e-05	0.0
-0.000329991451304823	1.0375623079931002e-05	0.0
-0.00033604900413252017	8.831571139057247e-06	0.0
-0.00034221669428435733	7.237711071058533e-06	0.0
-0.0003484945217603344	5.643851003059817e-06	0.0
-0.00035499262388459133	3.900566553686223e-06	0.0
-0.00036160086333298833	2.207090231437589e-06	0.0
-0.0003683192401055252	4.1399765493903464e-07	0.0
-0.00037514775420220204	-1.4289030486844795e-06	0.0
-0.00038208640562301875	-3.321611879432953e-06	0.0
-0.0003892453316921155	-5.214320710181427e-06	0.0
-0.00039651439508535207	-7.206645795179821e-06	0.0
-0.0004037834584785887	-9.198970880178215e-06	0.0
-0.0004111626591959653	-1.1241104092301567e-05	0.0
-0.0004185418599133419	-1.333304543154988e-05	0.0
-0.00042592106063071844	-1.5474794897923154e-05	0.0
-0.000433410398672235	-1.7666352491421387e-05	0.0
-0.00044078959938961154	-1.985791008491962e-05	0.0
-0.00044816880010698813	-2.2099275805542812e-05	0.0
-0.00045543786350022477	-2.4390449653290966e-05	0.0
-0.0004627069268934614	-2.668162350103912e-05	0.0
-0.00046975571563841813	-2.897279734878727e-05	0.0
-0.00047680450438337485	-3.136358745078535e-05	0.0
-0.00048363301848005166	-3.3804185679908376e-05	0.0
-0.0004903513952525886	-3.624478390903141e-05	0.0
-0.0004969596347009855	-3.878499839240436e-05	0.0
-0.0005033475995011025	-4.137502100290227e-05	0.0
-0.0005096254269770795	-4.4064659867650095e-05	0.0
-0.0005157931171289168	-4.6754298732397936e-05	0.0
-0.000521740532632474	-4.959336197852064e-05	0.0
-0.0005275778108118913	-5.233280897039343e-05	0.0
-0.0005331948143430286	-5.512206408939119e-05	0.0
-0.0005387016805500261	-5.791131920838894e-05	0.0
-0.0005440984094328836	-6.065076620026173e-05	0.0
-0.0005493850009916011	-6.339021319213452e-05	0.0
-0.0005545614552261788	-6.603004392975739e-05	0.0
-0.0005597379094607563	-6.862006654025531e-05	0.0
-0.000564804226371194	-7.116028102362825e-05	0.0
-0.0005699806806057716	-7.360087925275128e-05	0.0
-0.0005750469975162092	-7.59418612276244e-05	0.0
-0.000580113314426647	-7.823303507537255e-05	0.0
-0.0005852897686612245	-8.042459266887078e-05	0.0
-0.0005903560855716621	-8.251653400811909e-05	0.0
-0.0005955325398062398	-8.45088590931175e-05	0.0
-0.0006007089940408174	-8.645137605099091e-05	0.0
-0.0006058854482753949	-8.83440848817394e-05	0.0
-0.0006111720398341126	-9.013717745823795e-05	0.0
-0.00061656876871697	-9.19302700347365e-05	0.0
-0.0006220756349239675	-9.362374635698515e-05	0.0
-0.0006275825011309649	-9.531722267923377e-05	0.0
-0.0006333096419862421	-9.701069900148241e-05	0.0
-0.0006391469201656594	-9.860455906948112e-05	0.0
-0.0006452044729933567	-0.00010029803539172976	0.0
-0.0006512620258210538	-0.0001019915117139784	0.0
-0.000657539853297031	-0.000103734796163352	0.0
-0.000664037955421288	-0.00010552788873985055	0.0
-0.000670646194869685	-0.00010737078944347406	0.0
-0.0006773645716422218	-0.00010931330640134748	0.0
-0.0006843032230630385	-0.00011125582335922092	0.0
-0.0006914621491321352	-0.00011329795657134427	0.0
-0.0006988413498495117	-0.00011538989791059259	0.0
-0.0007063306878910282	-0.00011753164737696586	0.0
-0.0007140403005808246	-0.00011977301309758905	0.0
-0.000721970187918901	-0.00012206418694533721	0.0
-0.0007300102125811173	-0.00012440516892021032	0.0
-0.0007382705118916136	-0.00012674615089508344	0.0
-0.0007467510858503895	-0.00012918674912420648	0.0
-0.0007554519344574455	-0.0001316273473533295	0.0
-0.0007643730577127814	-0.0001341177537095775	0.0
-0.0007735144556163971	-0.00013670777632007538	0.0
-0.0007828761281682928	-0.00013934760705769828	0.0
-0.0007923479380443284	-0.0001420372459224461	0.0
-0.0008022602972169239	-0.00014472688478719392	0.0
-0.0008122827937136591	-0.00014756594803331665	0.0
-0.0008225255648586743	-0.0001504548194065643	0.0
-0.0008329886106519695	-0.0001534433070340619	0.0
-0.0008437820684176846	-0.00015648160278868445	0.0
-0.0008547958008316794	-0.00015956970667043197	0.0
-0.0008660298078939542	-0.00016270761867930446	0.0
-0.0008775942269286489	-0.0001659451469424268	0.0
-0.0008892687832874834	-0.00016928229145979912	0.0
-0.0009012737516187378	-0.0001726692441042964	0.0
-0.0009134989945982721	-0.00017610600487591864	0.0
-0.0009258343749019465	-0.00017964238190179078	0.0
-0.0009382798925297607	-0.00018327837518191284	0.0
-0.0009509456848058547	-0.0001870637928434098	0.0
-0.000963501339757809	-0.00019094882675915666	0.0
-0.000976167132033903	-0.00019493347692915345	0.0
-0.000988832924309997	-0.0001990675514805251	0.0
-0.0010014987165860914	-0.0002033012422861467	0.0
-0.0010140543715380455	-0.00020768435747314318	0.0
-0.0010266100264899995	-0.00021216708891438955	0.0
-0.001039055544117814	-0.0002166996284827609	0.0
-0.0010512807870973482	-0.00022128197617825722	0.0
-0.0010633958927527426	-0.00022596394012800342	0.0
-0.001075510998408137	-0.0002306957122048746	0.0
-0.0010871855547669716	-0.0002355271005359957	0.0
-0.0010987499738016663	-0.0002405079132484917	0.0
-0.0011100941181880811	-0.0002454887259609877	0.0
-0.001121217987926216	-0.00025061896305485855	0.0
-0.0011320114456919309	-0.0002558488164029794	0.0
-0.0011425846288093658	-0.00026112847787822507	0.0
-0.001152937537278521	-0.00026645794748059577	0.0
-0.0011629600337752565	-0.0002718870333372164	0.0
-0.0011728723929478517	-0.0002772663110667121	0.0
-0.0011825644774721674	-0.00028274520505045767	0.0
-0.001192036287348203	-0.00028817429090707825	0.0
-0.0012015080972242384	-0.0002936531848908239	0.0
-0.0012108697697761342	-0.0002991818870016944	0.0
-0.00122023144232803	-0.0003047603972396899	0.0
-0.0012295931148799256	-0.0003103389074776854	0.0
-0.001239064924755961	-0.00031591741771568087	0.0
-0.0012484265973078568	-0.0003215955442079263	0.0
-0.0012578984071838924	-0.0003273234788272967	0.0
-0.0012674803543840677	-0.00033305141344666705	0.0
-0.0012771724389083834	-0.0003389287724474123	0.0
-0.001286974660756839	-0.00034475632332103264	0.0
-0.001297107294577714	-0.00035068349044890286	0.0
-0.0013074602030468693	-0.00035666046570389804	0.0
-0.0013179232488401645	-0.0003626872490860182	0.0
-0.0013287167066058795	-0.00036871403246813833	0.0
-0.0013398405763440143	-0.0003748404321045084	0.0
-0.0013510745834062893	-0.0003809668317408784	0.0
-0.0013627491397651236	-0.0003871928476314984	0.0
-0.0013745338334480981	-0.00039341886352211843	0.0
-0.0013867590764276324	-0.0003997444956669883	0.0
-0.0013992045940554468	-0.00040602031968473327	0.0
-0.0014119805236556808	-0.0004122961437024782	0.0
-0.0014250868652283346	-0.0004185719677202231	0.0
-0.0014385236187734085	-0.0004247979836108431	0.0
-0.0014520705096426223	-0.0004309741913743381	0.0
-0.0014660579498083958	-0.0004371005910107082	0.0
-0.0014801555272983091	-0.0004431273743928283	0.0
-0.0014945835167606426	-0.00044915415777494844	0.0
-0.0015092317808712557	-0.00045508132490281865	0.0
-0.0015242104569542887	-0.00046095868390356396	0.0
-0.0015392992703614616	-0.0004668858510314342	0.0
-0.0015547184957410544	-0.0004728130181593044	0.0
-0.0015703579957689273	-0.00047869037716004965	0.0
-0.00158610763312094	-0.00048466735241504483	0.0
-0.0016020775451212326	-0.00049064432767004	0.0
-0.0016182677317698052	-0.0004966711110521602	0.0
-0.0016345680557425175	-0.0005026978944342803	0.0
-0.0016509785170393699	-0.0005088242940706504	0.0
-0.0016674991156603622	-0.0005150503099612704	0.0
-0.0016842399889296345	-0.0005212763258518904	0.0
-0.0017009808621989066	-0.0005276517661238852	0.0
-0.0017178318727923188	-0.0005341268226501299	0.0
-0.0017349031580340109	-0.0005408011116848746	0.0
-0.001751864305951563	-0.0005475750169738692	0.0
-0.0017688254538691154	-0.0005545481547713635	0.0
-0.0017860068764349473	-0.0005616707169502328	0.0
-0.0018030781616766394	-0.0005689427035104769	0.0
-0.0018203697215666112	-0.0005763641144520959	0.0
-0.0018375511441324434	-0.0005839349497750898	0.0
-0.0018547325666982753	-0.0005916552094794586	0.0
-0.0018720241265882474	-0.0005994252773109523	0.0
-0.0018893156864782192	-0.000607294961396696	0.0
-0.0019064971090440512	-0.0006152642617366895	0.0
-0.0019236785316098833	-0.0006232335620766831	0.0
-0.0019409700914998554	-0.0006312526705438017	0.0
-0.0019581515140656876	-0.0006393215871380451	0.0
-0.001975443073955659	-0.0006474403118594135	0.0
-0.0019927346338456313	-0.0006555092284536571	0.0
-0.0020100261937356033	-0.0006635781450479006	0.0
-0.0020272076163014353	-0.0006715474453878941	0.0
-0.0020444991761914074	-0.0006794669376007628	0.0
-0.0020617907360813794	-0.0006872868135593815	0.0
-0.002079082295971351	-0.0006950568813908752	0.0
-0.002096263718537183	-0.000702677524840994	0.0
-0.002113445141103015	-0.000710248360163988	0.0
-0.0021304062890205675	-0.0007177195792327319	0.0
-0.0021472572996139795	-0.000725140990174351	0.0
-0.0021639981728832514	-0.000732512592988845	0.0
-0.0021804086341801043	-0.0007397845795490892	0.0
-0.002196708958152817	-0.0007471063742364582	0.0
-0.002212899144801389	-0.0007543783607967023	0.0
-0.0022288690568016815	-0.0007616503473569465	0.0
-0.0022446186941536945	-0.0007688725257900657	0.0
-0.002260368331505707	-0.0007761445123503098	0.0
-0.00227600783153358	-0.0007833666907834289	0.0
-0.0022914270569131725	-0.0007906386773436731	0.0
-0.0023068462822927655	-0.0007978608557767923	0.0
-0.002322265507672358	-0.0008051826504641614	0.0
-0.002337574595727811	-0.0008125044451515305	0.0
-0.002352883683783264	-0.0008198262398388996	0.0
-0.002368302909162857	-0.0008272476507805186	0.0
-0.0023837221345424497	-0.0008347188698492626	0.0
-0.0023992514972461824	-0.0008422897051722565	0.0
-0.002414780859949915	-0.0008500099648766253	0.0
-0.002430530497301928	-0.0008578298408352439	0.0
-0.0024465004093022205	-0.0008658489493023624	0.0
-0.0024624703213025133	-0.0008740174821508559	0.0
-0.002478660507951086	-0.0008823354393807241	0.0
-0.002495181106572078	-0.0008908028209919673	0.0
-0.0025117017051930705	-0.0008994694351117103	0.0
-0.0025285527157864825	-0.0009081858573585783	0.0
-0.002545403726379895	-0.0009170517039868211	0.0
-0.002562585148945727	-0.0009260669749964389	0.0
-0.0025798767088356985	-0.0009351320541331816	0.0
-0.0025972784060498107	-0.0009442967495241742	0.0
-0.0026149003779122023	-0.0009534614449151668	0.0
-0.0026325223497745947	-0.0009627257565604094	0.0
-0.002650474733609406	-0.0009719900682056518	0.0
-0.0026684271174442177	-0.0009813539961051442	0.0
-0.0026865997759273094	-0.0009907179240046368	0.0
-0.002704882571734541	-0.0010000818519041292	0.0
-0.0027232755048659124	-0.0010094955879307466	0.0
-0.0027418887126455637	-0.001018959132084489	0.0
-0.0027606120577493547	-0.0010284226762382314	0.0
-0.002779445540177286	-0.0010378364122648487	0.0
-0.0027984992972534973	-0.0010472501482914663	0.0
-0.0028175530543297087	-0.0010566638843180836	0.0
-0.0028367169487300593	-0.0010659780040904513	0.0
-0.0028561011177786907	-0.0010752921238628187	0.0
-0.002875485286827322	-0.001084506627380936	0.0
-0.0028948694558759524	-0.0010937211308990537	0.0
-0.002914473899572863	-0.0011028360181629213	0.0
-0.002934078343269774	-0.001111950905426789	0.0
-0.002953682786966685	-0.0011210159845635318	0.0
-0.002973397367987736	-0.0011301308718273994	0.0
-0.0029931119490087866	-0.001139245759091267	0.0
-0.003012936667353977	-0.0011483606463551345	0.0
-0.003032651248375028	-0.0011575751498732524	0.0
-0.0030524759667202193	-0.0011668394615184947	0.0
-0.0030723006850654102	-0.0011761535812908623	0.0
-0.0030921254034106008	-0.0011855673173174796	0.0
-0.0031118399844316516	-0.001195030861471222	0.0
-0.0031316647027768425	-0.0012045442137520895	0.0
-0.003151269146473753	-0.0012141073741600817	0.0
-0.0031708735901706643	-0.0012237701508223237	0.0
-0.003190478033867575	-0.001233482735611691	0.0
-0.003209972340240346	-0.001243294936655308	0.0
-0.003229356509288977	-0.001253206753953175	0.0
-0.003248630541013468	-0.001263218187505292	0.0
-0.0032677944354138192	-0.0012733790454387839	0.0
-0.0032869583298141707	-0.0012836893277536506	0.0
-0.0033061222242145214	-0.0012940992263227671	0.0
-0.0033249557066424525	-0.0013046585492732586	0.0
-0.003343679051746244	-0.001315367296605125	0.0
-0.0033624023968500355	-0.0013261756601912413	0.0
-0.0033807953299814066	-0.0013370836400316076	0.0
-0.0033989679884644983	-0.0013480912361262239	0.0
-0.00341692037229931	-0.0013591486403479649	0.0
-0.003434652481485842	-0.001370255852696831	0.0
-0.0034519440413758136	-0.001381462681299947	0.0
-0.0034689051892933657	-0.001392569893648813	0.0
-0.0034855359252384983	-0.001403726914124804	0.0
-0.0035017261118870705	-0.001414784318346545	0.0
-0.003517585886563223	-0.001425841722568286	0.0
-0.0035327848372945364	-0.001436849318662902	0.0
-0.0035476533760534293	-0.0014477572985032684	0.0
-0.0035618610908674827	-0.0014585656620893848	0.0
-0.0035756282563849766	-0.001469274409421251	0.0
-0.00358873459795763	-0.0014798835404988674	0.0
-0.0036012902529095844	-0.001490343247195109	0.0
-0.003613185083916699	-0.0015006535295099756	0.0
-0.0036244190909789737	-0.0015108143874434676	0.0
-0.0036348821367722687	-0.0015208258209955846	0.0
-0.0036446843586207243	-0.0015306380220392016	0.0
-0.0036537156192002003	-0.0015402509905743187	0.0
-0.0036618657811865567	-0.0015496647266009362	0.0
-0.0036693551192280727	-0.0015588294219919289	0.0
-0.00367596335867647	-0.0015677948848744217	0.0
-0.003681690499531747	-0.0015764614989941645	0.0
-0.0036865365417939047	-0.0015849288806054078	0.0
-0.003690501485462943	-0.0015931472215810261	0.0
-0.0036934751932147214	-0.0016010667137938948	0.0
-0.0036955678023733807	-0.0016087371653711387	0.0
-0.00369655903829064	-0.0016160589600585076	0.0
-0.00369655903829064	-0.001623131714110252	0.0
-0.003695457665049241	-0.0016298060031449966	0.0
-0.0036933650558905818	-0.0016361814434169915	0.0
-0.0036899507988422432	-0.0016421086105448616	0.0
-0.0036853250312283655	-0.0016476871207828571	0.0
-0.0036794877530489482	-0.0016527675497496031	0.0
-0.0036724389643039913	-0.0016573997055722243	0.0
-0.0036641786649934953	-0.0016614839719964712	0.0
-0.0036545967177933195	-0.0016649705408952184	0.0
-0.003643582985379325	-0.0016678594122684657	0.0
-0.0036314678797239306	-0.0016700509698619641	0.0
-0.0036179209888547166	-0.001671545213675713	0.0
-0.0036032727247441035	-0.0016722923355825875	0.0
-0.0035873028127438107	-0.0016722425274554626	0.0
-0.003570121390177979	-0.001671345981167213	0.0
-0.0035518385943707474	-0.0016696525048449644	0.0
-0.003532454425322116	-0.0016669628659802167	0.0
-0.0035119688830320857	-0.0016633766808272195	0.0
-0.0034904921048247955	-0.0016588441412588482	0.0
-0.0034680240907002465	-0.0016532656310208527	0.0
-0.0034446749779825773	-0.001646740766367483	0.0
-0.0034205549039959286	-0.001639120122917364	0.0
-0.00339577400606444	-0.001630453508797621	0.0
-0.003370222146863972	-0.001620740924008254	0.0
-0.0033441196010428036	-0.0016099823685492625	0.0
-0.003317686643249216	-0.001598177842420647	0.0
-0.0032908131361590685	-0.0015854269618766576	0.0
-0.003263609217096501	-0.0015716301106630435	0.0
-0.0032361850233856536	-0.0015568370969069305	0.0
-0.003208430417702387	-0.001541097728735443	0.0
-0.0031806758120191195	-0.0015244120061485816	0.0
-0.0031529212063358524	-0.0015067799291463458	0.0
-0.003125166600652586	-0.0014882513058558607	0.0
-0.003097301857645178	-0.0014687763281500015	0.0
-0.0030696573892860513	-0.0014484546122830178	0.0
-0.003042233195575204	-0.001427236350127785	0.0
-0.0030149191391884967	-0.001405121541684303	0.0
-0.0029877152201259294	-0.0013822098032068213	0.0
-0.0029609518503599217	-0.0013585011346953404	0.0
-0.002934408755242194	-0.001334045344276985	0.0
-0.0029081960720968862	-0.0013087926238246304	0.0
-0.0028823138009239986	-0.0012828425895925262	0.0
-0.0028566518043993904	-0.0012562450497077978	0.0
-0.0028312100825230624	-0.0012290498122975696	0.0
-0.002805988635295014	-0.001201256877361842	0.0
-0.0027807671880669656	-0.00117291605302774	0.0
-0.0027556558781630575	-0.001144176763676638	0.0
-0.0027305445682591486	-0.0011149892011814116	0.0
-0.0027054332583552406	-0.0010854529817963103	0.0
-0.002679991536478912	-0.0010557175299027092	0.0
-0.002654549814602584	-0.0010257828455006084	0.0
-0.002628667543429696	-0.0009957983529713826	0.0
-0.0026025649976085283	-0.0009658138604421569	0.0
-0.002576021902490801	-0.0009360286004214309	0.0
-0.002549148395400653	-0.0009065421891634546	0.0
-0.0025216140643656657	-0.0008774542429224781	0.0
-0.0024935290467099787	-0.0008488643779527512	0.0
-0.0024647832051094523	-0.0008209220186356488	0.0
-0.002435486676888226	-0.0007936769730982956	0.0
-0.0024053090500738795	-0.0007672786657220669	0.0
-0.002374580736638834	-0.0007418765208883375	0.0
-0.002343081461934809	-0.0007174705385971071	0.0
-0.002310811225961804	-0.000694110526975501	0.0
-0.002277990303368099	-0.0006720455266591437	0.0
-0.0022443984195054142	-0.0006511759213937855	0.0
-0.00221025584902203	-0.0006316013274336764	0.0
-0.0021756727292420864	-0.000613371552905941	0.0
-0.0021406490601655827	-0.0005963869815563298	0.0
-0.002105074704468379	-0.0005807472296390923	0.0
-0.002069059799474616	-0.000566352680899979	0.0
-0.0020328246198325728	-0.0005532033353389896	0.0
-0.0019960387535698297	-0.0005411995767018742	0.0
-0.001958922475334667	-0.000530291596861508	0.0
-0.0019213656478029445	-0.000520479395817891	0.0
-0.001883588545622942	-0.0005115637410625231	0.0
-0.0018453708941463796	-0.0005034450163411547	0.0
-0.0018068228306973974	-0.0004961232216537856	0.0
-0.0017680544926001356	-0.0004893493163647911	0.0
-0.0017288456052063138	-0.0004830734923470461	0.0
-0.001689526580488352	-0.0004771463252191759	0.0
-0.0016498771437979704	-0.0004714681987269305	0.0
-0.0016100074324593091	-0.0004659394966160599	0.0
-0.0015700275837965075	-0.0004604107945051894	0.0
-0.0015298274604854261	-0.0004547824761400689	0.0
-0.001489407062526065	-0.00044900473339357354	0.0
-0.0014488765272425636	-0.0004427787175029536	0.0
-0.0014081257173107827	-0.000436104428468209	0.0
-0.0013671546327307215	-0.0004287826337808399	0.0
-0.0013260734108265207	-0.00042076352531372134	0.0
-0.00128477191427404	-0.00041199729493972845	0.0
-0.001243470417721559	-0.0004023843264046112	0.0
-0.0012019486465207983	-0.00039187481158124465	0.0
-0.0011602066006717578	-0.00038056836672387877	0.0
-0.001118464554822717	-0.0003683155674511386	0.0
-0.0010766123716495365	-0.00035526583814439916	0.0
-0.001034760188476356	-0.00034141917880366033	0.0
-0.0009930181426273154	-0.0003268253975560471	0.0
-0.0009512760967782747	-0.0003115841106558094	0.0
-0.000909644188253374	-0.00029564550997582224	0.0
-0.0008681224170526132	-0.00027920882802458545	0.0
-0.0008267107831759925	-0.0002623238729292241	0.0
-0.0007855194239476515	-0.000245090260943988	0.0
-0.0007443280647193107	-0.00022770722457737702	0.0
-0.0007033569801392496	-0.00021022457195651612	0.0
-0.0006626061702074686	-0.00019299095997128002	0.0
-0.0006219654975998275	-0.0001760063886216687	0.0
-0.0005816552369646062	-0.000159519898543307	0.0
-0.0005416753883018047	-0.00014363110599044482	0.0
-0.000502136088935563	-0.00012848943534445704	0.0
-0.00046303733886588123	-0.00011419450285959355	0.0
-0.00042448927541689915	-0.00010089573291722928	0.0
-0.0003866020359127567	-8.864293364448915e-05	0.0
-0.000349375620353454	-7.758552942274807e-05	0.0
-0.00031281002873899096	-6.777332837913099e-05	0.0
-0.00027701539839350756	-5.935575489501277e-05	0.0
-0.0002419917293170038	-5.23826170975184e-05	0.0
-0.00020773902150947971	-4.6903723113772814e-05	0.0
-0.00017425727497093524	-4.2919072943776026e-05	0.0
-0.00014154648970137043	-4.037885846040308e-05	0.0
-0.00010982694034906515	-3.938269591790387e-05	0.0
-7.898848958987946e-05	-3.9731352807778594e-05	0.0
-4.914127474795332e-05	-4.157425351140211e-05	0.0
-2.0175158499146763e-05	-4.471216552027458e-05	0.0
7.579447184120358e-06	-4.9194896961520964e-05	0.0
3.434281695012794e-05	-5.487302345376639e-05	0.0
5.989467615059608e-05	-6.169673686988588e-05	0.0
8.423502478552478e-05	-6.951661282850458e-05	0.0
0.00010758413750319395	-7.813341882112263e-05	0.0
0.00012961160233118373	-8.739773046636516e-05	0.0
0.000150537693917774	-9.725973963710722e-05	0.0
0.00017047254958710477	-0.00010747040569772396	0.0
0.00018930603201503603	-0.00011788030426684058	0.0
0.0002072584158498477	-0.00012848943534445704	0.0
0.00022421956376739982	-0.0001390487582949485	0.0
0.00024051988774011223	-0.0001494586568640651	0.0
0.0002558289757955651	-0.00015961951479755694	0.0
0.00027047723990617834	-0.00016933209958692409	0.0
0.0002845748173960918	-0.00017849679497791671	0.0
0.00029801157094116554	-0.00018686456033490995	0.0
0.00031100777518967956	-0.00019428597127652897	0.0
0.0003237837047899136	-0.00020066141154852384	0.0
0.00033622922241772785	-0.0002057916486423947	0.0
0.00034856460272140213	-0.00020957706630389165	0.0
0.00036078984570093645	-0.00021196785640588972	0.0
0.0003730150886804707	-0.0002127647864398891	0.0
0.0003852403316600051	-0.00021196785640588972	0.0
0.00039757571196367936	-0.00020952725817676668	0.0
0.00041002122959149355	-0.00020539318362539503	0.0
0.00042268702186758775	-0.00019951582462464975	0.0
0.00043546295146782175	-0.0001918951811745309	0.0
0.00044834901839219577	-0.00018253125327503844	0.0
0.0004613452226407098	-0.00017137423279904747	0.0
0.00047445156421336367	-0.0001585237360008078	0.0
0.0004875579057860176	-0.00014397976288031952	0.0
0.0005006642473586716	-0.0001277921215647076	0.0
0.0005136604516071854	-0.00011006042830822188	0.0
0.0005266566558556994	-9.088429936511235e-05	0.0
0.0005393224481317936	-7.03633509896289e-05	0.0
0.0005518781030837477	-4.8696815690271366e-05	0.0
0.000564103346063282	-2.603411784841464e-05	0.0
0.0005761083143945365	-2.524681845433596e-06	0.0
0.0005876727334292311	2.1632259810171924e-05	0.0
0.000598906740491506	4.623747460990209e-05	0.0
0.0006098103355813609	7.1141538172382e-05	0.0
0.0006203835186987959	9.604560173486192e-05	0.0
0.0006305161525196712	0.00012070062466171704	0.0
0.0006404285116922666	0.00014500699069869744	0.0
0.0006500104588924423	0.00016871565921017833	0.0
0.0006594822687684778	0.00019162739768765986	0.0
0.0006688439413203736	0.00021369239800401709	0.0
0.0006779853392239892	0.00023476123577787506	0.0
0.0006872368744517449	0.000254684486627859	0.0
0.0006963782723553607	0.000273312726172594	0.0
0.0007054095329348365	0.00029064595441208004	0.0
0.0007145509308384522	0.00030653474696494223	0.0
0.0007238024660662079	0.00032097910383118057	0.0
0.0007331641386181036	0.00033387940875654514	0.0
0.0007425258111699993	0.000345185853613911	0.0
0.0007521077583701748	0.0003548984384032782	0.0
0.0007617998428944904	0.00036311677937889657	0.0
0.0007716020647429458	0.00036984087654076615	0.0
0.0007815144239155412	0.00037512053801601195	0.0
0.0007914267830881366	0.00037915499631313365	0.0
0.0008014492795848719	0.0003819940595592564	0.0
0.0008114717760816073	0.00038373734400862995	0.0
0.0008216044099024825	0.00038448446591550435	0.0
0.000831516769075078	0.0003844346577883794	0.0
0.0008413189909235334	0.0003835879196272551	0.0
0.000850900938123709	0.00038214348394063127	0.0
0.0008602626106756046	0.0003800515426013829	0.0
0.0008692938712550804	0.00037756113624513496	0.0
0.0008779947198621364	0.0003747718811261372	0.0
0.0008863651564967725	0.0003717833934986396	0.0
0.0008942950438348489	0.0003686952896168921	0.0
0.0009017843818763654	0.0003656569938622695	0.0
0.0009088331706213221	0.00036281793061614684	0.0
0.0009154414100697191	0.000360128291751399	0.0
0.0009212786882491363	0.00035778730977652586	0.0
0.0009264551424837139	0.00035569536843727754	0.0
0.0009310809100975917	0.0003540517002421539	0.0
0.00093493571644249	0.00035270688080978	0.0
0.0009380195615184085	0.00035176052639440577	0.0
0.0009404425826494875	0.00035136206137740606	0.0
0.0009420946425115866	0.00035136206137740606	0.0
0.0009430858784288462	0.0003519099507757806	0.0
0.0009431960157529861	0.0003529559214454048	0.0
0.0009425351918081464	0.0003544999733862785	0.0
0.0009411034065943271	0.00035659191472552684	0.0
0.000938900660111528	0.00035918193733602475	0.0
0.0009360370896838895	0.00036222023309064727	0.0
0.0009322924206631312	0.00036575661011651944	0.0
0.0009277767903733932	0.00036959183590514134	0.0
0.0009226003361388157	0.0003738753348378879	0.0
0.0009165427833111186	0.0003784576825333842	0.0
0.0009099345438627216	0.0003832890708645053	0.0
0.000902445205821205	0.00038831969170412625	0.0
0.0008942950438348489	0.00039344992879799715	0.0
0.000885484057903653	0.00039872959027324284	0.0
0.0008760122480276173	0.0004039096354942387	0.0
0.000865879614206742	0.0004090896807152345	0.0
0.000855086156441027	0.0004141203015548555	0.0
0.0008436318747304724	0.00041895168988597656	0.0
0.0008316269063992179	0.0004235838457085978	0.0
0.0008189611141231238	0.0004279171527684693	0.0
0.0008057446352263299	0.0004319018029384661	0.0
0.0007919774697088363	0.0004354879880914632	0.0
0.000777549480246503	0.00043862590010033573	0.0
0.0007626809414876099	0.0004413653470922085	0.0
0.0007470414414597372	0.00044355690468570667	0.0
0.0007309613921353046	0.0004453001891350803	0.0
0.0007143306561901723	0.0004464955841860793	0.0
0.0006969289589760604	0.00044719289796582877	0.0
0.0006790867124653886	0.0004472925142200787	0.0
0.0006606937793340172	0.00044689404920307904	0.0
0.0006418602969060859	0.0004458480785334549	0.0
0.000622365990533315	0.00044425421846545617	0.0
0.0006022108602157044	0.0004421124689990829	0.0
0.0005818354552498138	0.0004393730220072101	0.0
0.0005607992263390836	0.00043608568561696274	0.0
0.0005394325854559336	0.0004322006517012159	0.0
0.0005176253952762236	0.00042771792025996945	0.0
0.0004955979304482338	0.0004226872994203486	0.0
0.0004731299163236843	0.00041700917292810313	0.0
0.0004504416275508548	0.00041073334891035817	0.0
0.0004275330641297455	0.0004039096354942387	0.0
0.0004044042260603562	0.0003964384164254947	0.0
0.000381165250666827	0.00038846911608550114	0.0
0.00035770600062501784	0.00037990211822000805	0.0
0.0003343568879073487	0.00037093665533751525	0.0
0.00031100777518967956	0.0003614731111837729	0.0
0.00028787893712029026	0.00035166091014015584	0.0
0.0002649703736991809	0.000341500052206664	0.0
0.00024228208492635143	0.0003309905373832975	0.0
0.0002199242081259418	0.0003201821737971812	0.0
0.00019811701794623194	0.0003091745777025651	0.0
0.00017675037706308183	0.00029796774909944914	0.0
0.00015604456012477145	0.0002865616879878333	0.0
0.00013599956713130075	0.0002751058187490925	0.0
0.0001167255354068097	0.0002636001413832268	0.0
9.822246495129828e-05	0.000252194080271611	0.0
8.060049308890648e-05	0.00024088763541424513	0.0
6.407989446791413e-05	0.0002297306149382541	0.0
4.855053176418135e-05	0.00021892225135213784	0.0
3.4122542301848037e-05	0.00020836292840164635	0.0
2.0906063405054173e-05	0.00019825187859527952	0.0
8.790957749659796e-06	0.00018853929380591234	0.0
-2.1126373401951435e-06	0.00017937459841491974	0.0
-1.1584447216230748e-05	0.0001707577924223017	0.0
-1.9844746526726912e-05	0.0001626888758280582	0.0
-2.6783397947543693e-05	0.00015531727301356413	0.0
-3.2290264154541134e-05	0.0001484935595974446	0.0
-3.6475482471859196e-05	0.0001424667762153245	0.0
-3.922891557535792e-05	0.00013708749848582882	0.0
-4.0440426140897355e-05	0.00013235572640895766	0.0
-4.0330288816757404e-05	0.00012837107623896084	0.0
-3.878836627879812e-05	0.0001251335479758385	0.0
-3.58146585270195e-05	0.00012259333349246552	0.0
-3.1409165561421544e-05	0.000120750432788842	0.0
-2.5461750057864304e-05	0.00011965465399209288	0.0
-1.819268666462768e-05	0.00011925618897509321	0.0
-9.38170073343177e-06	0.00011960484586496791	0.0
7.509330874435277e-07	0.00012060100840746713	0.0
1.2315352122138161e-05	0.0001222446766025908	0.0
2.542169369479208e-05	0.00012463546670458888	0.0
3.9849683157125377e-05	0.0001275741462049615	0.0
5.5819595157417966e-05	0.00013121013948508357	0.0
7.32212923715299e-05	0.0001353940221635802	0.0
9.21649121236011e-05	0.00014017560236757634	0.0
0.0001124301797653517	0.00014545526384282208	0.0
0.00013434750726920152	0.0001512828147164424	0.0
0.00015769661998687068	0.00015760844686131228	0.0
0.00018247751791835917	0.00016428273589605692	0.0
0.000208690201063667	0.00017140529807492617	0.0
0.00023644480674693414	0.00017887651714367016	0.0
0.0002656311976440206	0.00018669639310228884	0.0
0.00029624937375492637	0.0001948151178236573	0.0
0.0003282993350796515	0.00020318288318065054	0.0
0.00036178108161819596	0.00021170007291901867	0.0
0.0003968047506946997	0.00022041649516588664	0.0
0.00043326020498502275	0.0002292823417941295	0.0
0.00047114744448916525	0.0002381979965494973	0.0
0.0005105766065312669	0.00024721326755911503	0.0
0.0005515476911113279	0.0002562783466958577	0.0
0.0005940606982293481	0.0002653434258326004	0.0
0.0006380054905611878	0.00027435869684221814	0.0
0.0006834922054309866	0.0002833739678518359	0.0
0.0007305208428387449	0.0002922398144800787	0.0
0.0007790914027844623	0.00030090642859982174	0.0
0.0008290937479439991	0.0003093738102110649	0.0
0.0008805278783173552	0.00031749253493243337	0.0
0.0009333937939045307	0.0003252626027639271	0.0
0.0009878016320296655	0.00033248478119704626	0.0
0.0010436412553686194	0.0003391590702317909	0.0
0.0011009126639213928	0.000345185853613911	0.0
0.0011598361323362657	0.0003503658988349069	0.0
0.0012201913859649575	0.00035474901402190334	0.0
0.0012821986994557488	0.0003581857747935255	0.0
0.0013457479354844993	0.0003606761811497735	0.0
0.001410728956727069	0.0003621704249635223	0.0
0.0014770316258593183	0.0003627183143618969	0.0
0.001544766080205387	0.00036227004121777224	0.0
0.0016134917704687152	0.0003608256055311484	0.0
0.0016832086966493028	0.00035843481542915034	0.0
0.00175347630945059	0.00035504786278465307	0.0
0.001824294608872577	0.0003507145557247816	0.0
0.0018954433202669843	0.0003454847023766608	0.0
0.001966592031661391	0.00033930849461316577	0.0
0.002037520468407518	0.0003323851649427964	0.0
0.002108228630505365	0.00032471471336555254	0.0
0.002178165831334233	0.00031644656426280923	0.0
0.0022473320708941208	0.0003076803338888163	0.0
0.0023155070745367497	0.00029861525475207356	0.0
0.0023825807049379782	0.0002893011349797061	0.0
0.002448222550125388	0.00027993720708021367	0.0
0.0025125427474231177	0.00027052347105359625	0.0
0.002575210884858749	0.0002613089675354787	0.0
0.0026361168251081406	0.00025224388839873596	0.0
0.002695150430847153	0.00024347765802474304	0.0
0.0027523117020757867	0.00023510989266774978	0.0
0.002807380364145761	0.00022719040045488117	0.0
0.002860466554381216	0.00021986860576751207	0.0
0.002911349998133873	0.00021299508422426765	0.0
0.00296014083272787	0.00020676906833364764	0.0
0.003006728920839069	0.00020114074996852718	0.0
0.003051224399791608	0.00019611012912890623	0.0
0.0030935171322613486	0.0001917270139419098	0.0
0.00313371725557243	0.00018789178815328787	0.0
0.003171714632400712	0.00018465425989016548	0.0
0.0032077295373944756	0.00018191481289829269	0.0
0.00324165183322958	0.0001797730634319194	0.0
0.0032733713825818848	0.0001780795871096708	0.0
0.003303218597423811	0.0001769340001857967	0.0
0.0033310833404312182	0.0001761868782789223	0.0
0.0033568554742799666	0.0001758382213890476	0.0
0.0033807552736183355	0.0001758382213890476	0.0
0.003402672601122185	0.00017613707015179733	0.0
0.003422717594115656	0.0001766849595501719	0.0
0.0034408902525987473	0.00017748188958417125	0.0
0.0034569703019231798	0.00017842824399954548	0.0
0.0034713982913855135	0.00017947421466916967	0.0
0.003483843809013327	0.0001805201853387938	0.0
0.0034945271294549024	0.000181516347881293	0.0
0.003503338115386098	0.0001824128941695423	0.0
0.003510386904131055	0.0001831600160764167	0.0
0.0035156734956897726	0.0001836580973476663	0.0
0.003519308027386391	0.00018395694611041604	0.0
0.00352118036189677	0.00018390713798329108	0.0
0.00352129049922091	0.00018355848109341636	0.0
0.0035198587140070907	0.00018286116731366692	0.0
0.003516664731607032	0.00018181519664404276	0.0
0.0035117085520207348	0.00018047037721166884	0.0
0.003504990175248198	0.00017877690088942023	0.0
0.0034967298759377013	0.00017673476767729685	0.0
0.003486597242116826	0.0001743439775752988	0.0
0.0034748125484338516	0.00017165433871055093	0.0
0.0034613757948887777	0.00016866585108305337	0.0
0.003446176844157465	0.00016537851469280602	0.0
0.0034295461082123327	0.00016174252141268395	0.0
0.003411153175080961	0.0001578574874969371	0.0
0.0033912183194116305	0.00015372341294556542	0.0
0.0033697415412043403	0.0001493901058856939	0.0
0.003346832977783231	0.00014485756631732254	0.0
0.003322272354500022	0.00014017560236757634	0.0
0.0032962799460029943	0.00013544383029070515	0.0
0.003268965889616287	0.00013066225008670902	0.0
0.0032403301853399006	0.00012588066988271287	0.0
0.0032104829704979743	0.00012114889780584167	0.0
0.003179534382414649	0.00011646693385609546	0.0
0.0031474844210899232	0.00011188458616059916	0.0
0.0031145533611720787	0.00010745166284647772	0.0
0.0030808513399852543	0.00010311835578660622	0.0
0.0030462682202053106	9.893447310810959e-05	0.0
0.003011024276480527	9.490001481098785e-05	0.0
0.0029751195088109036	9.096517276811601e-05	0.0
0.0029386640545205804	8.717975510661908e-05	0.0
0.0029017680509336972	8.349395369937205e-05	0.0
0.0028646517726985342	7.990776854637494e-05	0.0
0.002827425357139232	7.637139152050279e-05	0.0
0.002790088804255789	7.28848226217556e-05	0.0
0.0027529725260206266	6.929863746875848e-05	0.0
0.002716076522433743	6.561283606151145e-05	0.0
0.0026797312054675604	6.192703465426444e-05	0.0
0.0026439365751220766	5.8091808865642526e-05	0.0
0.002609023043369713	5.410715869564574e-05	0.0
0.0025751007475346087	5.0022892271399036e-05	0.0
0.002542279824940904	4.5739393338652485e-05	0.0
0.002510780550236879	4.12566618974061e-05	0.0
0.0024806029234225326	3.657469794765988e-05	0.0
0.002451967219146146	3.159388523516389e-05	0.0
0.0024250937120559985	2.6314223759918152e-05	0.0
0.00239987226482795	2.0685905394797688e-05	0.0
0.0023763028774620013	1.4708930139802508e-05	0.0
0.002354605824606431	8.283681740682688e-06	0.0
0.0023346709689371003	1.4101601974382313e-06	0.0
0.002316498310454009	-5.861826362805905e-06	0.0
0.0022998675745088764	-1.358208606717468e-05	0.0
0.0022848888984258434	-2.1750618915668092e-05	0.0
0.00227123187023249	-3.0317616781161187e-05	0.0
0.0022590066272529558	-3.928307966365396e-05	0.0
0.0022479928948389606	-4.8447775054646567e-05	0.0
0.0022379703983422252	-5.791131920838894e-05	0.0
0.0022288290004386095	-6.742467148925627e-05	0.0
0.0022202382891556936	-7.703764002437351e-05	0.0
0.0022121982644934773	-8.670041668661573e-05	0.0
0.002204488651803681	-9.6263577094608e-05	0.0
0.0021968891764380244	-0.00010577692937547534	0.0
0.002189179563748228	-0.00011519066540209275	0.0
0.002181139539086012	-0.00012440516892021032	0.0
0.0021726589651272356	-0.00013356986431120293	0.0
0.0021636277045477595	-0.00014263494344794563	0.0
0.0021539356200234445	-0.00015155059820331343	0.0
0.002143472574230149	-0.00016031682857730638	0.0
0.0021323487044920143	-0.00016903325082417433	0.0
0.00212034373616076	-0.00017760024868966742	0.0
0.002107677943884666	-0.00018606763030091058	0.0
0.002094131053015452	-0.00019428597127652897	0.0
0.0020799233382013983	-0.00020235488787077248	0.0
0.0020648345247942256	-0.0002101249557022662	0.0
0.0020491950247663528	-0.00021759617477101019	0.0
0.00203289470079364	-0.00022486816133125432	0.0
0.0020159335528760884	-0.00023184129912874867	0.0
0.0019983115810136964	-0.00023856539629061826	0.0
0.001980359197178885	-0.00024514006907111295	0.0
0.0019619662640475133	-0.0002514158930888579	0.0
0.001943353056267862	-0.00025754229272522794	0.0
0.0019247398484882106	-0.0002634196517259732	0.0
0.0019059063660602793	-0.0002690479700910937	0.0
0.0018870728836323481	-0.0002743276315663394	0.0
0.0018683495385285567	-0.0002792586361517104	0.0
0.0018498464680730454	-0.0002837911757200818	0.0
0.0018315636722658138	-0.0002879750583985784	0.0
0.0018135011511068622	-0.0002917604760600754	0.0
0.0017958791792444704	-0.0002950976205774477	0.0
0.0017786977566786385	-0.0002981359163320702	0.0
0.0017619568834093661	-0.00030062632268831825	0.0
0.0017457666967607938	-0.00030281788028181645	0.0
0.001730127196732921	-0.0003045611647311901	0.0
0.001714928246001608	-0.00030585617603643903	0.0
0.0017003901192151347	-0.00030680253045181323	0.0
0.0016864026790493613	-0.0003074500361044377	0.0
0.0016729659255042876	-0.00030764926861293757	0.0
0.0016599697212557735	-0.0003075994604858126	0.0
0.0016477444782762392	-0.000307151187341688	0.0
0.0016359597845932645	-0.0003063542573076886	0.0
0.0016249460521792697	-0.0003051090541295646	0.0
0.0016145931437101144	-0.00030351519406156594	0.0
0.0016046807845375192	-0.00030142325272231756	0.0
0.0015956495239580434	-0.00029883323011181966	0.0
0.001587168949999267	-0.00029574512623007217	0.0
0.0015794593373094708	-0.0002921589410770751	0.0
0.001572520685888654	-0.0002879750583985784	0.0
0.001566132721088537	-0.00028324328632170725	0.0
0.00156029544290912	-0.00027796362484646146	0.0
0.001555339263322822	-0.0002720862658457162	0.0
0.0015507134957089442	-0.00026556140119234653	0.0
0.0015467485520399061	-0.00025853845526772716	0.0
0.0015433342949915676	-0.00025086800369048337	0.0
0.001540360587239789	-0.00024255004646061505	0.0
0.0015378274287845702	-0.00023363439170524726	0.0
0.0015356246823017713	-0.00022407123129725495	0.0
0.0015338624851155321	-0.00021391037336376315	0.0
0.0015322104252534327	-0.00020310200977764688	0.0
0.0015307786400396135	-0.00019174575679315603	0.0
0.0015295671294740742	-0.00017984161441029063	0.0
0.0015284657562326745	-0.00016743939075617562	0.0
0.001527254245667135	-0.00015468851021218592	0.0
0.0015260427351015957	-0.0001415391646511965	0.0
0.0015247210872119162	-0.00012819058658170726	0.0
0.001523179164673957	-0.00011459296787659323	0.0
0.0015213068301635777	-0.00010079611666297935	0.0
0.0015191040836807787	-8.68498410679906e-05	0.0
0.0015165709252255599	-7.280394921875193e-05	0.0
0.0015135972174737814	-5.8658441115263335e-05	0.0
0.0015101829604254428	-4.446312488464978e-05	0.0
0.0015062180167564048	-3.0267808654036226e-05	0.0
0.0015019226611149468	-1.6072492423422674e-05	0.0
0.0014969664815286492	-1.9767924470590374e-06	0.0
0.0014914596153216518	1.2019291275054677e-05	0.0
0.0014855121998180944	2.5965566870043432e-05	0.0
0.0014789039603696973	3.9612993702282426e-05	0.0
0.0014718551716247409	5.3061188026021584e-05	0.0
0.0014642556962590843	6.626034171413594e-05	0.0
0.001456215671596868	7.916064663950054e-05	0.0
0.001447624960313952	9.176210280211538e-05	0.0
0.0014387038370586162	0.0001040149020748555	0.0
0.0014294523018308605	0.00011591904445772091	0.0
0.0014198703546306848	0.00012737491369646167	0.0
0.0014099579954580895	0.00013843231791820274	0.0
0.001400045636285494	0.00014909125712294415	0.0
0.001390023139788759	0.00015935173131068588	0.0
0.0013800006432920233	0.00016921374048142792	0.0
0.001370088284119428	0.0001786772846351703	0.0
0.0013603961995951126	0.00018774236377191298	0.0
0.0013510345270432169	0.000196408977891656	0.0
0.001342113403787881	0.00020467712699439932	0.0
0.001333522692504965	0.00021259661920726793	0.0
0.0013255928051668887	0.00022006783827601192	0.0
0.001318213604449512	0.00022709078420063127	0.0
0.0013113850903528352	0.00023366545698112596	0.0
0.0013052174002009982	0.00023974204849037107	0.0
0.0012997105339940006	0.0002452707506012416	0.0
0.001294864491731843	0.00025020175518661265	0.0
0.001290789410738665	0.0002544354459922342	0.0
0.0012872650163661865	0.00025807143927235624	0.0
0.0012844014459385477	0.00026096031064560393	0.0
0.0012821986994557488	0.00026305225198485226	0.0
0.0012806567769177895	0.0002643970714172262	0.0
0.00127944526635225	0.0002649947689427257	0.0
0.0012787844424074104	0.0002647457283071009	0.0
0.0012784540304349905	0.0002637495657646017	0.0
0.0012784540304349905	0.00026205608944235303	0.0
0.0012785641677591304	0.0002595158749589801	0.0
0.0012788945797315503	0.00025632815482298267	0.0
0.0012793351290281102	0.0002524431209072358	0.0
0.0012797756783246698	0.00024796038946598944	0.0
0.0012803263649453695	0.0002427803442449936	0.0
0.0012807669142419294	0.0002370524096256232	0.0
0.0012810973262143493	0.00023072677748075333	0.0
0.0012813176008626293	0.00022395287219175878	0.0
0.0012813176008626293	0.00021673069375863961	0.0
0.0012812074635384892	0.00020911005030852076	0.0
0.0012807669142419294	0.00020119055809565215	0.0
0.0012799959529729498	0.0001931714496285336	0.0
0.0012788945797315503	0.0001850029167800402	0.0
0.0012775729318418708	0.00017688419205867174	0.0
0.0012759208719797716	0.00016881527546442823	0.0
0.0012740485374693926	0.00016089578325155962	0.0
0.0012719559283107336	0.00015317552354719087	0.0
0.0012697531818279346	0.0001456544963513219	0.0
0.0012674402980209956	0.00013833270166395281	0.0
0.0012649071395657767	0.00013125994761220853	0.0
0.001262484118434698	0.00012438642606896406	0.0
0.001259950959979479	0.00011776194516134441	0.0
0.0012574178015242604	0.0001113366967622246	0.0
0.0012549947803931814	0.00010511068087160461	0.0
0.0012525717592621027	9.908389748948448e-05	0.0
0.0012503690127793035	9.325634661586417e-05	0.0
0.0012482764036206447	8.762802825074371e-05	0.0
0.0012464040691102655	8.209932613987317e-05	0.0
0.0012448621465723062	7.676985653750247e-05	0.0
0.0012436506360067668	7.154000318938168e-05	0.0
0.001242879674737787	6.640976609551082e-05	0.0
0.001242549262765367	6.142895338301484e-05	0.0
0.001242659400089507	5.644814067051885e-05	0.0
0.0012434303613584868	5.156694421227279e-05	0.0
0.001244752009248166	4.6785364008276646e-05	0.0
0.0012466243437585453	4.1904167550030576e-05	0.0
0.0012491575022137642	3.7072779218909476e-05	0.0
0.0012523514846138227	3.219158276066341e-05	0.0
0.0012562062909587208	2.7210770048167428e-05	0.0
0.0012606117839243187	2.2180149208546483e-05	0.0
0.0012657882381588964	1.6900487733300742e-05	0.0
0.0012716255163383137	1.1571018130930039e-05	0.0
0.0012780134811384307	5.992507892934537e-06	0.0
0.0012850622698833876	3.1438140068911497e-07	0.0
0.001292661745249044	-5.5629776000561456e-06	0.0
0.0013009220445595402	-1.1539952855051325e-05	0.0
0.001309733030490736	-1.7765968745671308e-05	0.0
0.0013189845657184918	-2.4141409017666167e-05	0.0
0.0013287867875669472	-3.076588992528583e-05	0.0
0.0013388092840636826	-3.758960334140532e-05	0.0
0.0013493824671811177	-4.466235739314962e-05	0.0
0.0013600657876226927	-5.203396020764368e-05	0.0
0.0013710795200366874	-5.9604795530637575e-05	0.0
0.0013822033897748223	-6.742467148925627e-05	0.0
0.0013932171221888172	-7.549358808349976e-05	0.0
0.001404340991926952	-8.381154531336806e-05	0.0
0.001415244587016807	-9.237854317886114e-05	0.0
0.001426038044782522	-0.00010114477355285408	0.0
0.0014367213652240972	-0.00011020985268959676	0.0
0.0014469641363691124	-0.00011952397246196425	0.0
0.0014569866328658476	-0.00012908713286995655	0.0
0.0014666787173901632	-0.00013879971765932373	0.0
0.001475820115293779	-0.00014871153495719073	0.0
0.001484631101224975	-0.00015867316038218268	0.0
0.001492781263211331	-0.00016873440206142457	0.0
0.0015004908759011276	-0.00017879564374066644	0.0
0.001507539664646084	-0.00018885688541990837	0.0
0.0015138174921220614	-0.00019886831897202527	0.0
0.0015194344956531987	-0.00020882994439701724	0.0
0.0015243906752394965	-0.00021864214544063432	0.0
0.0015285758935568144	-0.00022840453835712646	0.0
0.0015319901506051527	-0.00023796769876511875	0.0
0.0015346334463845117	-0.00024738143479173617	0.0
0.0015363956435707508	-0.00025659593830985373	0.0
0.0015373868794880104	-0.00026551159306522157	0.0
0.0015377172914604303	-0.0002741283990578396	0.0
0.0015371666048397306	-0.000282296931906333	0.0
0.0015357348196259112	-0.0002901168078649517	0.0
0.0015335320731431122	-0.0002974386025523208	0.0
0.0015304482280671936	-0.0003042125078413153	0.0
0.0015264832843981556	-0.0003103389074776854	0.0
0.0015216372421359976	-0.0003158676095885559	0.0
0.0015157999639565805	-0.00032059938166542715	0.0
0.0015091917245081835	-0.00032448441558117396	0.0
0.001501482111818387	-0.0003275725194629215	0.0
0.001493001537859611	-0.00032976407705641975	0.0
0.0014835297279835753	-0.00033100928023454374	0.0
0.00147328695683856	-0.0003313081289972935	0.0
0.0014623833617487053	-0.000330660623344669	0.0
0.0014507088053898707	-0.0003290667632766703	0.0
0.0014383734250861964	-0.00032652654879329737	0.0
0.0014255974954859624	-0.00032303997989455017	0.0
0.0014122708792650286	-0.00031865686470755367	0.0
0.0013986138510716749	-0.0003134270113594329	0.0
0.0013844061362576214	-0.0003073006117230628	0.0
0.0013699781467952882	-0.00030037728205269343	0.0
0.0013551096080363948	-0.0002927068304754496	0.0
0.0013401309319533618	-0.0002844386813727063	0.0
0.001324931981222049	-0.0002755728347444634	0.0
0.001309843167814876	-0.0002662587149720959	0.0
0.001294754354407703	-0.00025654613018272877	0.0
0.00127966554100053	-0.00024663431288486176	0.0
0.0012647970022416368	-0.00023652326307849493	0.0
0.0012501487381310237	-0.0002263624051450031	0.0
0.0012358308859928301	-0.00021630116346576123	0.0
0.001221843445827057	-0.00020628972991364427	0.0
0.0012081864176337032	-0.00019652733699715216	0.0
0.0011948598014127694	-0.00018701398471628484	0.0
0.0011818635971642553	-0.00017784928932529224	0.0
0.0011691978048881614	-0.00016903325082417433	0.0
0.0011569725619086269	-0.00016066548546718107	0.0
0.0011448574562532327	-0.0001526961851271875	0.0
0.001133072762570258	-0.00014517515793131857	0.0
0.0011213982062114234	-0.00013815221200669923	0.0
0.0011098337871767287	-0.00013157753922620453	0.0
0.001098489642790314	-0.00012545113958983449	0.0
0.0010871454984038994	-0.00011987262935183897	0.0
0.0010758013540174847	-0.0001146427760037182	0.0
0.00106434707230693	-0.00010986119579972205	0.0
0.0010527826532722353	-0.00010542827248560062	0.0
0.001040887822265121	-0.00010134400606135392	0.0
0.0010287727166097265	-9.755858839985697e-05	0.0
0.0010163271989819124	-9.407201950110977e-05	0.0
0.001003551269381678	-9.088429936511235e-05	0.0
0.0009902246531607443	-8.794561986473971e-05	0.0
0.0009763473503191107	-8.520617287286692e-05	0.0
0.0009620294981809174	-8.271576651661895e-05	0.0
0.0009471609594220243	-8.047440079599575e-05	0.0
0.0009317417340424315	-7.838245945674744e-05	0.0
0.0009156616847179989	-7.6439942498874e-05	0.0
0.0008990309487728666	-7.474646617662537e-05	0.0
0.0008817393888828946	-7.320241423575161e-05	0.0
0.0008637870050480829	-7.18575948033777e-05	0.0
0.0008451737972684317	-7.071200787950362e-05	0.0
0.0008258997655439406	-6.96162290827545e-05	0.0
0.0008058547725504699	-6.866987466738026e-05	0.0
0.0007851489556121594	-6.777332837913099e-05	0.0
0.0007636721774048695	-6.692659021800666e-05	0.0
0.0007415345752527397	-6.603004392975739e-05	0.0
0.0007186260118316304	-6.508368951438314e-05	0.0
0.0006949464871415414	-6.4037718844759e-05	0.0
0.0006707162758307526	-6.279251566663501e-05	0.0
0.0006457151032509842	-6.144769623426109e-05	0.0
0.0006201632440505161	-5.980402803913741e-05	0.0
0.0005938404235810682	-5.791131920838894e-05	0.0
0.0005669669164909208	-5.562014536064079e-05	0.0
0.0005395427227800735	-5.298031462301791e-05	0.0
0.0005114577051243865	-4.994201886839536e-05	0.0
0.00048282200084799983	-4.635583371539825e-05	0.0
0.0004537457472750533	-4.232137541827651e-05	0.0
0.000424228944405547	-3.77390277227802e-05	0.0
0.0003942715922394809	-3.2608790628909344e-05	0.0
0.000363873690776855	-2.6880856009538955e-05	0.0
0.0003332555146659492	-2.0555223864669056e-05	0.0
0.0003021967892584837	-1.363189419429964e-05	0.0
0.0002710279265268781	-6.061058871305744e-06	0.0
0.00023952865182285272	2.107473977187669e-06	0.0
0.00020791923979468737	1.08737043511806e-05	0.0
0.0001761996904423821	2.028744037779801e-05	0.0
0.00014437000376593686	3.0298873929914937e-05	0.0
0.0001124301797653517	4.0908005007531386e-05	0.0
8.038021844062656e-05	5.206502548352239e-05	0.0
4.84403944400414e-05	6.391935973926283e-05	0.0
1.639043311531627e-05	7.622196713912791e-05	0.0
-1.5659528209408857e-05	8.922188831874242e-05	0.0
-4.770948953413398e-05	0.00010267008264248158	0.0
-7.975945085885911e-05	0.0001166661663645953	0.0
-0.00011191954950772418	0.0001311603313579586	0.0
-0.00014396951083244932	0.0001462023857496965	0.0
-0.00017612960948131437	0.000161692713285559	0.0
-0.00020839984545431938	0.00017758150583842118	0.0
-0.0002405599441031845	0.000193918571535408	0.0
-0.0002728301800761895	0.00021070391037651947	0.0
-0.0003052105533733345	0.0002278877142346306	0.0
-0.00033759092667047947	0.00024546998310974146	0.0
-0.0003698611626434845	0.000263400908874727	0.0
-0.0004021313986164895	0.00028168049152958724	0.0
-0.0004344016345894945	0.00030040834732857215	0.0
-0.0004666718705624995	0.0003194350518903068	0.0
-0.0004987218318872246	0.0003388104133419162	0.0
-0.0005307717932119498	0.00035858423981052523	0.0
-0.000562601479888395	0.00037865691504188406	0.0
-0.0005942108919165603	0.00039897863090886766	0.0
-0.0006256000292964457	0.00041959919553860104	0.0
-0.0006567688920280513	0.0004404688008039592	0.0
-0.000687607342787237	0.00046153763857781723	0.0
-0.0007180052442498629	0.00048275590073305007	0.0
-0.0007480727337400689	0.0005041235872696579	0.0
-0.0007776996739337152	0.0005256406981876405	0.0
-0.0008068860648308016	0.0005471578091056232	0.0
-0.0008355217691071884	0.0005687745362778558	0.0
-0.0008636067867628753	0.0005903912634500884	0.0
-0.0008910309804737225	0.0006119581824951959	0.0
-0.0009180146248880101	0.0006334752934131785	0.0
-0.0009442273080333179	0.0006548429799497863	0.0
-0.000969889304557926	0.0006760612421050193	0.0
-0.0009950006144618343	0.0006970802717517523	0.0
-0.0010194511004209031	0.0007178004526357355	0.0
-0.001043350899759272	0.0007382715928840941	0.0
-0.001066700012476941	0.0007584438843697028	0.0
-0.0010896085758980505	0.0007781679027111869	0.0
-0.0011120765900226	0.0007975432641627963	0.0
-0.0011339939175264498	0.000816470352470281	0.0
-0.0011556909703820198	0.0008349491676336411	0.0
-0.0011768373366168898	0.0008530295177800016	0.0
-0.0011976532908793403	0.0008706117866551123	0.0
-0.0012182489704935108	0.0008877955905132235	0.0
-0.0012385142381352615	0.00090453112122721	0.0
-0.001258449093804592	0.0009208681869241969	0.0
-0.001278053537501503	0.000936856595731309	0.0
-0.001297437706550134	0.0009524465395214214	0.0
-0.001316381326302205	0.000967737634548784	0.0
-0.0013352148087301364	0.000982680072686272	0.0
-0.0013536077418615077	0.0009973236620610102	0.0
-0.0013717804003445994	0.0010117680189272484	0.0
-0.0013896226468552712	0.0010259135270307372	0.0
-0.001407024344069383	0.001039859802625726	0.0
-0.0014242057666352152	0.0010535570375850899	0.0
-0.0014409466399044875	0.001067055040035954	0.0
-0.0014572469638772	0.0010804036181054433	0.0
-0.0014733270132016322	0.0010935529636664325	0.0
-0.001488746238581225	0.0011065528848460471	0.0
-0.0015038350519883982	0.0011193037653900368	0.0
-0.0015183731787748714	0.0011319550296797767	0.0
-0.001532580893588925	0.0011444070614610167	0.0
-0.0015461277844581384	0.0011566100526066317	0.0
-0.0015591239887066527	0.001168613811243747	0.0
-0.0015717897809827467	0.0011803685292452375	0.0
-0.001583904886638141	0.0011917745903568533	0.0
-0.0015955794429969757	0.0012029814189599693	0.0
-0.0016068134500592504	0.0012137897825460857	0.0
-0.0016176069078249653	0.0012242992973694523	0.0
-0.0016279598162941204	0.001234460155302944	0.0
-0.001637982312790856	0.001244172740092311	0.0
-0.0016476743973151714	0.0012534868598646786	0.0
-0.001657146207191207	0.0012624025146200464	0.0
-0.0016661774677706829	0.0012708698962312897	0.0
-0.0016749884537018787	0.0012788890046984082	0.0
-0.0016835791649847946	0.001286459840021402	0.0
-0.001691839464295291	0.0012935824022002713	0.0
-0.0016999896262816473	0.001300256691235016	0.0
-0.0017079195136197234	0.0013064328989985108	0.0
-0.00171551898898538	0.001312260449872131	0.0
-0.0017230083270268965	0.0013176397276016267	0.0
-0.0017302773904201332	0.0013225707321869978	0.0
-0.0017373261791650899	0.0013272526961367439	0.0
-0.0017440445559376268	0.0013315860031966156	0.0
-0.0017507629327101636	0.0013355706533666122	0.0
-0.0017570407601861407	0.0013393062629009841	0.0
-0.0017632084503379777	0.0013428924480539815	0.0
-0.001769155865841535	0.0013463292088256036	0.0
-0.0017748830066968125	0.0013495667370887262	0.0
-0.0017803898729038098	0.0013527544572247234	0.0
-0.0017856764644625274	0.0013558425611064709	0.0
-0.0017906326440488252	0.0013589804731153434	0.0
-0.001795368548986843	0.0013621183851242158	0.0
-0.001799663904628301	0.0013653559133873384	0.0
-0.001803849122945619	0.0013686432497775857	0.0
-0.0018075937919663772	0.0013721298186763328	0.0
-0.0018110080490147157	0.00137571600382933	0.0
-0.001814091894090634	0.0013795512296179517	0.0
-0.001816955464518273	0.0013835856879150738	0.0
-0.0018193784856493519	0.0013878193787206952	0.0
-0.001821471094808011	0.0013922024939076916	0.0
-0.00182323329199425	0.0013968346497303127	0.0
-0.0018246650772080692	0.0014015664218071842	0.0
-0.0018255461758011889	0.0014065472345196801	0.0
-0.0018262069997460287	0.001411528047232176	0.0
-0.0018264272743943085	0.001416608476198922	0.0
-0.0018262069997460287	0.0014217885214199177	0.0
-0.0018255461758011889	0.0014269685666409135	0.0
-0.0018243346652356495	0.0014320988037347844	0.0
-0.00182268260537355	0.0014372290408286553	0.0
-0.0018205899962148912	0.0014422596616682764	0.0
-0.0018178365631113923	0.0014472404743807723	0.0
-0.001814532443387194	0.0014520220545847684	0.0
-0.0018107877743664359	0.0014566542104073896	0.0
-0.001806492418724978	0.001461037325594386	0.0
-0.00180164637646282	0.0014651714001457578	0.0
-0.0017963597849041024	0.0014690564340615047	0.0
-0.0017905225067246851	0.0014725430029602518	0.0
-0.0017840244046004282	0.0014756809149691244	0.0
-0.0017770857531796114	0.0014783705538338721	0.0
-0.0017694862778139548	0.0014807115358087453	0.0
-0.0017614462531517386	0.0014825544365123689	0.0
-0.0017528555418688226	0.0014839988721989925	0.0
-0.001743604006641067	0.0014849950347414918	0.0
-0.0017338017847926116	0.0014855429241398663	0.0
-0.0017235590136475962	0.0014856923485212412	0.0
-0.0017127655558818813	0.0014853934997584915	0.0
-0.0017014214114954664	0.001484646377851617	0.0
-0.001689636717812492	0.001483500790927743	0.0
-0.0016774114748329576	0.0014819567389868693	0.0
-0.0016646355452327236	0.0014801138382832457	0.0
-0.0016516393409842097	0.0014779222806897475	0.0
-0.001638312724763276	0.0014754318743334996	0.0
-0.0016246556965699222	0.0014726924273416268	0.0
-0.0016107783937282885	0.0014697039397141291	0.0
-0.0015966808162383751	0.0014666158358323815	0.0
-0.0015823629641001818	0.0014634281156963842	0.0
-0.0015680451119619882	0.0014601407793061367	0.0
-0.0015535069851755152	0.0014569032510430146	0.0
-0.001538858721064902	0.001453715530907017	0.0
-0.0015243205942784286	0.0014506772351523946	0.0
-0.0015097824674919554	0.001447788363779147	0.0
-0.001495244340705482	0.001445148533041524	0.0
-0.0014807062139190088	0.001442707934812401	0.0
-0.0014663883617808155	0.0014405661853460277	0.0
-0.0014521806469667622	0.0014386734765152792	0.0
-0.0014379729321527088	0.0014371294245744052	0.0
-0.0014239854919869354	0.0014359340295234065	0.0
-0.0014099980518211617	0.0014351370994894071	0.0
-0.001396341023627808	0.0014346888263452825	0.0
-0.0013826839954344543	0.0014347386344724074	0.0
-0.0013691371045652407	0.001435236715743657	0.0
-0.001355700351020167	0.0014362826864132811	0.0
-0.0013423737347992332	0.0014379263546084047	0.0
-0.0013291572559024393	0.0014400681040747782	0.0
-0.0013159407770056452	0.0014428573591937757	0.0
-0.0013027242981088515	0.0014461945037111481	0.0
-0.0012896179565361975	0.00145012934575402	0.0
-0.0012764014776394036	0.0014546120771952663	0.0
-0.0012631849987426098	0.0014596925061620123	0.0
-0.001249858382521676	0.0014652710164000078	0.0
-0.0012365317663007422	0.001471297799782128	0.0
-0.0012227646007832488	0.0014777728563083725	0.0
-0.0012089974352657551	0.0014845965697244921	0.0
-0.0011950099950999815	0.0014916693237762364	0.0
-0.0011805820056376482	0.0014990409265907305	0.0
-0.001165933741527035	0.0015066117619137243	0.0
-0.001150955065444002	0.0015142324053638433	0.0
-0.001135645977388549	0.0015219526650682121	0.0
-0.0011197862027123963	0.001529672924772581	0.0
-0.001103596016063824	0.0015372437600955746	0.0
-0.0010869652801186915	0.0015446153629100688	0.0
-0.0010696737202287197	0.001551737925088938	0.0
-0.001052051748366328	0.0015585118303779327	0.0
-0.0010338790898832362	0.0015648374625228023	0.0
-0.0010151557447794452	0.0015707148215235475	0.0
-0.000995881713054954	0.0015759944829987936	0.0
-0.000976167132033903	0.0015806266388214147	0.0
-0.0009561221390404324	0.0015845116727371616	0.0
-0.0009355264594262619	0.001587699392873159	0.0
-0.0009146003678396717	0.001589990566720907	0.0
-0.0008931235896323816	0.001591435002407531	0.0
-0.0008713163994526717	0.0015918832755516556	0.0
-0.000849178797300542	0.0015914848105346559	0.0
-0.0008268209205001323	0.0015900901829751571	0.0
-0.000804022494403163	0.0015876495847460342	0.0
-0.0007811139309820537	0.0015842128239744117	0.0
-0.0007578749555885244	0.0015796802844060406	0.0
-0.0007344157055467153	0.0015743508148036698	0.0
-0.0007108463181807661	0.00156792556640455	0.0
-0.0006872769308148172	0.001560553963590056	0.0
-0.0006635974061247282	0.0015522858144873127	0.0
-0.0006399178814346392	0.001543170927223445	0.0
-0.0006162383567445501	0.001533259109925578	0.0
-0.000592668969378601	0.0015225503625937117	0.0
-0.000569209719336792	0.0015112439177363457	0.0
-0.0005458606066191229	0.0014993397753534803	0.0
-0.0005226216312255936	0.0014868877435722403	0.0
-0.0004994927931562044	0.0014739874386468757	0.0
-0.0004763639550868151	0.0014607384768316363	0.0
-0.00045323511701742577	0.0014471906662536474	0.0
-0.0004302164162721764	0.0014333938150400333	0.0
-0.00040719771552692714	0.0014194973475721696	0.0
-0.00038417901478167784	0.001405501263850056	0.0
-0.00036127045136056846	0.001391455372000817	0.0
-0.00033825175061531917	0.0013774094801515787	0.0
-0.0003152330498700698	0.0013634632045565899	0.0
-0.00029221434912482053	0.001349616545215851	0.0
-0.0002688652364071513	0.0013358695021293621	0.0
-0.00024540598636534224	0.001322271883424248	0.0
-0.00022183659899939319	0.001308823689100509	0.0
-0.00019793679966102426	0.001295524919158145	0.0
-0.00017381672567437547	0.0012824253817242805	0.0
-0.0001493662397153068	0.0012694752686717907	0.0
-0.00012458534178381832	0.001256724388127801	0.0
-9.95841692040499e-05	0.0012440731238380612	0.0
-7.425258465186167e-05	0.0012315214758025713	0.0
-4.870072545139352e-05	0.0012191192521484565	0.0
-2.2708316954365586e-05	0.0012067170284943414	0.0
3.5043661909422494e-06	0.0011944144210944763	0.0
3.0047461308669932e-05	0.0011821118136946113	0.0
5.670069375053756e-05	0.001169759398167621	0.0
8.357420084068509e-05	0.001157357174513506	0.0
0.00011077811990325246	0.001144905142732266	0.0
0.00013798203896581984	0.0011324033028239013	0.0
0.0001651859580283872	0.0011197022304070365	0.0
0.00019250001441509454	0.001106901541735922	0.0
0.0002199242081259418	0.001094001236810557	0.0
0.0002470179898643692	0.0010809515075038178	0.0
0.0002742219089269366	0.0010678021619428284	0.0
0.00030120555334122405	0.001054503392000464	0.0
0.0003278587857830917	0.0010411050058038499	0.0
0.0003545120182249593	0.001027607003352986	0.0
0.0003808348386944071	0.0010140591927749968	0.0
0.0004067171098672951	0.0010004117659427577	0.0
0.00043226896906776324	0.0009867643391105187	0.0
0.0004576005536199515	0.0009731169122782797	0.0
0.00048238145155144005	0.0009594694854460407	0.0
0.0005067218001863687	0.0009459216748680517	0.0
0.0005307317368488776	0.0009324236724171875	0.0
0.0005541909868906867	0.0009190252862205734	0.0
0.000577209687635936	0.0009057763244053339	0.0
0.0005996777017604855	0.0008926767869714696	0.0
0.0006215950292643354	0.0008796270576647301	0.0
0.0006429616701474855	0.0008667267527393655	0.0
0.0006637776244099358	0.0008539260640682508	0.0
0.0006839327547275465	0.000841274799778511	0.0
0.0007036473357485973	0.0008287231517430211	0.0
0.0007225909555006686	0.0008162711199617812	0.0
0.0007408737513079	0.0008039187044347911	0.0
0.0007584957231702919	0.000791715713289176	0.0
0.000775456871087844	0.0007795625302706858	0.0
0.0007917571950605564	0.0007676085797606954	0.0
0.0008071764204401492	0.00075570443737783	0.0
0.0008219348218749024	0.0007438501031220895	0.0
0.0008359222620406758	0.000732095385120599	0.0
0.0008491387409374698	0.0007203904752462334	0.0
0.0008614741212411441	0.0007086855653718679	0.0
0.0008730385402758387	0.0006969806554975023	0.0
0.0008836117233932737	0.0006852757456231367	0.0
0.0008934139452417292	0.0006735210276216462	0.0
0.0009022249311729252	0.0006617165014930307	0.0
0.0009101548185110014	0.0006498123591101655	0.0
0.0009170934699318183	0.0006379082167273	0.0
0.0009230408854353755	0.0006259044580901848	0.0
0.0009279970650216732	0.0006138010831988194	0.0
0.0009319620086907114	0.0006016479001803292	0.0
0.0009350458537666299	0.000589494717161839	0.0
0.000937028325601149	0.000577241917889099	0.0
0.0009380195615184085	0.0005649891186163588	0.0
0.0009381296988425485	0.0005527363193436187	0.0
0.0009373587375735689	0.0005404835200708785	0.0
0.0009355965403873296	0.0005282307207981384	0.0
0.0009330633819321109	0.0005159779215253983	0.0
0.0009297592622079124	0.0005038247385069081	0.0
0.0009256841812147343	0.0004916715554884179	0.0
0.0009210584136008564	0.0004796677968513026	0.0
0.0009156616847179989	0.00046771384634131227	0.0
0.0009098244065385817	0.0004558097039584468	0.0
0.0009034364417384646	0.0004440549859569563	0.0
0.0008964977903176478	0.00043239988420971573	0.0
0.0008893388642485511	0.00042089420684385	0.0
0.0008817393888828946	0.00040963757011360907	0.0
0.0008739196388689583	0.000398480549637618	0.0
0.000865989751530882	0.0003876223779243768	0.0
0.0008578395895445258	0.00037701324684676036	0.0
0.0008495792902340296	0.0003666531564047687	0.0
0.0008413189909235334	0.00035659191472552684	0.0
0.0008330586916130373	0.00034677971368190976	0.0
0.000824908529626681	0.00033731616952816743	0.0
0.0008169786422886048	0.00032820128226429974	0.0
0.0008090487549505285	0.00031938524376318183	0.0
0.0008014492795848719	0.00031091786215193867	0.0
0.0007941802161916352	0.00030274932930344524	0.0
0.0007871314274466786	0.0002949792614719515	0.0
0.0007805231879982816	0.0002875578505303325	0.0
0.0007743554978464445	0.0002804850964785882	0.0
0.0007685182196670271	0.0002738606155709685	0.0
0.0007631214907841697	0.00026758479155322365	0.0
0.000758165311197872	0.00026170743255247834	0.0
0.0007535395435839941	0.0002562783466958577	0.0
0.0007494644625908161	0.00025129753398336175	0.0
0.0007458299308941977	0.0002467649944149904	0.0
0.0007425258111699993	0.00024263091986361873	0.0
0.0007398825153906404	0.00023889531032924674	0.0
0.0007377899062319815	0.0002356079739389994	0.0
0.0007363581210181622	0.0002327191025657517	0.0
0.0007354770224250425	0.00023022869620950372	0.0
0.0007353668851009025	0.00022808694674313046	0.0
0.0007360277090457423	0.0002262938541666319	0.0
0.0007375696315837016	0.00022474980222575813	0.0
0.0007398825153906404	0.00022350459904763414	0.0
0.0007430764977906989	0.00022245862837800998	0.0
0.0007471515787838771	0.00022166169834401066	0.0
0.0007521077583701748	0.00022101419269138616	0.0
0.0007579450365495921	0.0002205659195472615	0.0
0.000764663413322129	0.00022021726265738682	0.0
0.0007723730260119254	0.000219968222021762	0.0
0.0007809637372948414	0.00021986860576751207	0.0
0.0007904355471708771	0.00021976898951326217	0.0
0.0008005681809917523	0.00021966937325901224	0.0
0.0008115819134057473	0.0002195697570047623	0.0
0.0008233666070887218	0.00021937052449626248	0.0
0.000835701987392396	0.00021917129198776266	0.0
0.00084869819164091	0.00021887244322501287	0.0
0.0008622450825101237	0.00021852378633513818	0.0
0.0008763426600000372	0.00021812532131813847	0.0
0.0008907706494623705	0.00021767704817401385	0.0
0.0009055290508971237	0.00021722877502988923	0.0
0.0009206178643042966	0.00021678050188576455	0.0
0.0009358168150356095	0.00021633222874163993	0.0
0.0009511259030910625	0.0002158839555975153	0.0
0.0009663248538223755	0.00021543568245339066	0.0
0.0009816339418778283	0.000214987409309266	0.0
0.0009968328926091411	0.00021453913616514136	0.0
0.0010119217060163142	0.0002141406711481417	0.0
0.0010267902447752073	0.00021379201425826696	0.0
0.0010414385088858204	0.0002135429736226422	0.0
0.0010559766356722938	0.0002133935492412673	0.0
0.001070184350486347	0.0002133935492412673	0.0
0.0010840616533279808	0.00021349316549551723	0.0
0.0010976085441971946	0.00021379201425826696	0.0
0.0011106047484457085	0.00021419047927526667	0.0
0.0011232705407218024	0.00021478817680076618	0.0
0.0011352755090530571	0.00021548549058051562	0.0
0.0011468399280877518	0.00021628242061451497	0.0
0.0011578536605017465	0.0002172785831570142	0.0
0.0011682065689709016	0.00021832455382663832	0.0
0.0011780087908193572	0.0002194701407505124	0.0
0.001187150188722973	0.00022066553580151144	0.0
0.001195740900005889	0.0002219605471067604	0.0
0.0012034505126956854	0.00022325555841200934	0.0
0.001210499301440642	0.0002246003778443833	0.0
0.001216887266240759	0.00022589538914963224	0.0
0.0012225042697718964	0.00022724020858200613	0.0
0.0012272401747099142	0.00022853521988725508	0.0
0.0012312051183789524	0.00022978042306537907	0.0
0.001234288963454871	0.00023097581811637813	0.0
0.00123638157261353	0.0002321214050402522	0.0
0.0012377032205032096	0.00023316737570987638	0.0
0.0012381437697997692	0.00023406392199812562	0.0
0.0012374829458549296	0.00023481104390500002	0.0
0.0012359410233169703	0.0002353589333033746	0.0
0.0012335180021858913	0.0002357075901932493	0.0
0.001230103745137553	0.00023575739832037426	0.0
0.001225698252171955	0.00023555816581187443	0.0
0.0012205217979373774	0.00023506008454062484	0.0
0.0012142439704614003	0.00023416353825237555	0.0
0.0012069749070681636	0.00023291833507425156	0.0
0.0011988247450818075	0.00023122485875200292	0.0
0.0011895732098540516	0.0002291329174127546	0.0
0.0011793304387090365	0.00022664251105650662	0.0
0.0011679862943226218	0.00022375363968325896	0.0
0.0011555407766948077	0.00022046630329301158	0.0
0.001142214160473874	0.00021678050188576455	0.0
0.0011276760336874005	0.00021274604358864283	0.0
0.0011121466709836678	0.0002083131202745214	0.0
0.0010956260723626755	0.00020363115632477516	0.0
0.0010781142378244236	0.00019855072735802925	0.0
0.001059831442017192	0.00019327106588278354	0.0
0.001040777684940981	0.000187692555644788	0.0
0.00102095296659579	0.00018186500477116772	0.0
0.0010005775616298996	0.0001758382213890476	0.0
0.0009795413327191693	0.00016966201362555257	0.0
0.0009580645545118792	0.0001634359977349326	0.0
0.0009361472270080295	0.0001571103655900627	0.0
0.0009137893502076198	0.0001507847334451928	0.0
0.0008912111987589303	0.00014450890942744785	0.0
0.0008684127726619608	0.0001382330854097029	0.0
0.0008453940719167116	0.00013205687764620788	0.0
0.0008225956458197422	0.00012598028613696277	0.0
0.0007997972197227726	0.0001200033108819676	0.0
0.000777439342922363	0.00011412595188122235	0.0
0.0007553017407702333	0.000108348209134727	0.0
0.0007334945505905235	0.00010271989076960654	0.0
0.0007123481843556533	9.7191188658736e-05	0.0
0.0006916423674173429	9.191152718349026e-05	0.0
0.0006714872370997322	8.67812900896194e-05	0.0
0.0006521030680511012	8.190009363137332e-05	0.0
0.0006334898602714499	7.726793780875206e-05	0.0
0.0006156476137607782	7.283501449463064e-05	0.0
0.000598576328519086	6.875074807038394e-05	0.0
0.0005824962791946536	6.491552228176203e-05	0.0
0.0005672973284633405	6.14787615101398e-05	0.0
0.0005528693390010074	5.8340849501267325e-05	0.0
0.0005396528601042134	5.550178625514461e-05	0.0
0.0005272073424763993	5.301137989889662e-05	0.0
0.0005159733354141244	5.081982230539839e-05	0.0
0.0005057305642691091	4.8877305347524954e-05	0.0
0.0004965891663654934	4.723363715240128e-05	0.0
0.0004886592790274171	4.568958521152753e-05	0.0
0.0004817206276066003	4.4394573906278575e-05	0.0
0.00047599348675132297	4.329879510952946e-05	0.0
0.0004712575818133052	4.235244069415522e-05	0.0
0.00046762305011668686	4.1555510660155856e-05	0.0
0.0004649797543373281	4.095781313465634e-05	0.0
0.0004634378317993688	4.05095399905317e-05	0.0
0.0004626668705303891	4.016088310065699e-05	0.0
0.000462997282502809	4.001145871928211e-05	0.0
0.00046420879306834843	4.001145871928211e-05	0.0
0.0004661912649028675	4.001145871928211e-05	0.0
0.0004690548353305062	4.0111074973532024e-05	0.0
0.00047257922970298454	4.026049935490691e-05	0.0
0.0004767644480203026	4.0459731863406744e-05	0.0
0.00048161049028246035	4.065896437190658e-05	0.0
0.0004868970818411779	4.0908005007531386e-05	0.0
0.0004927343600205951	4.1157045643156185e-05	0.0
0.0004989020501724324	4.1555510660155856e-05	0.0
0.0005055102896208292	4.20037838042805e-05	0.0
0.000512559078365786	4.255167320265506e-05	0.0
0.0005198281417590226	4.3199178855279536e-05	0.0
0.0005274276171246792	4.4045917016403855e-05	0.0
0.0005350270924903356	4.499227143177809e-05	0.0
0.0005430671171525518	4.603824210140225e-05	0.0
0.000551107141814768	4.723363715240128e-05	0.0
0.0005591471664769844	4.852864845765024e-05	0.0
0.0005671871911392007	4.997308414427407e-05	0.0
0.0005753373531255569	5.1616752339397746e-05	0.0
0.0005834875151119131	5.3409844915896304e-05	0.0
0.0005915275397741294	5.54021700008947e-05	0.0
0.0005993472897880657	5.759372759439293e-05	0.0
0.000607167039802002	6.0034325823515956e-05	0.0
0.0006148766524917984	6.267415656113883e-05	0.0
0.0006222558532091751	6.561283606151145e-05	0.0
0.0006294147792782717	6.875074807038394e-05	0.0
0.0006364635680232285	7.223731696913112e-05	0.0
0.0006430718074716254	7.602273463062807e-05	0.0
0.0006494597722717424	8.010700105487477e-05	0.0
0.0006554071877752998	8.449011624187124e-05	0.0
0.0006609140539822971	8.927169644586739e-05	0.0
0.0006658702335685949	9.430231728548832e-05	0.0
0.0006704960011824727	9.97812112692339e-05	0.0
0.0006744609448515109	0.0001055091458886043	0.0
0.0006779853392239892	0.00011163554552497435	0.0
0.000680848909651628	0.00011806079392409418	0.0
0.0006832719307827068	0.0001248346992130887	0.0
0.000685144265293086	0.000131907453264833	0.0
0.0006863557758586253	0.00013937867233357697	0.0
0.000687126737127605	0.00014714874016507072	0.0
0.0006874571491000249	0.00015526746488643916	0.0
0.000687126737127605	0.00016368503837055736	0.0
0.0006862456385344854	0.0001724512687445503	0.0
0.0006850341279689459	0.000181516347881293	0.0
0.0006832719307827068	0.00019093008390791042	0.0
0.0006810691842999079	0.00020054305244302767	0.0
0.000678536025844689	0.00021045486974089468	0.0
0.0006755623180929104	0.00022061572767438647	0.0
0.000672148061044572	0.0002310256262435031	0.0
0.0006686236666720936	0.00024158494919399457	0.0
0.0006647688603271954	0.0002522936965258609	0.0
0.0006608039166581572	0.0002631020601119772	0.0
0.0006566186983408391	0.00027405984807946836	0.0
0.0006523233426993811	0.0002851172523012095	0.0
0.000648027987057923	0.0002962244646500755	0.0
0.0006437326314164651	0.00030743129325319147	0.0
0.0006393271384508672	0.0003186879299834324	0.0
0.0006349216454852692	0.0003298947585865484	0.0
0.0006306262898438112	0.00034120120344391424	0.0
0.0006263309342023532	0.0003525076483012801	0.0
0.0006221457158850351	0.000363814093158646	0.0
0.0006179604975677171	0.0003751703461431368	0.0
0.0006136651419262592	0.0003865265991276277	0.0
0.000609590060933081	0.00039788285211211856	0.0
0.0006055149799399029	0.0004092889132237344	0.0
0.0006015500362708646	0.0004207447824624751	0.0
0.0005974749552776866	0.0004322006517012159	0.0
0.0005933998742845085	0.00044370632906708156	0.0
0.0005895450679396102	0.0004552120064329473	0.0
0.0005855801242705721	0.00046676749192593796	0.0
0.000581505043277394	0.00047837278554605363	0.0
0.0005775400996083558	0.0004900278872932943	0.0
0.0005735751559393177	0.0005017327971676599	0.0
0.0005695000749461395	0.0005134875151691504	0.0
0.0005654249939529614	0.0005252920412977658	0.0
0.0005614600502839234	0.0005371463755535062	0.0
0.0005573849692907452	0.0005490505179363717	0.0
0.000553420025621707	0.000560954660319237	0.0
0.0005493449446285289	0.0005728089945749775	0.0
0.0005454901382836307	0.0005847131369578429	0.0
0.0005416353319387325	0.0005965674712135833	0.0
0.0005378906629179743	0.0006083719973421989	0.0
0.0005342561312213559	0.0006201267153436894	0.0
0.0005308418741730175	0.000631831625218055	0.0
0.000527537754448819	0.0006434867269652955	0.0
0.0005244539093729005	0.0006550422124582862	0.0
0.0005214802016211219	0.0006665478898241519	0.0
0.0005187267685176231	0.0006779539509357678	0.0
0.0005161936100624043	0.0006893102039202586	0.0
0.0005138807262554654	0.0007005668406504994	0.0
0.0005117881170968064	0.0007117736692536154	0.0
0.0005099157825864272	0.0007228808816024814	0.0
0.0005081535854001881	0.0007339382858242226	0.0
0.0005067218001863687	0.0007448960737917137	0.0
0.0005055102896208292	0.0007558040536320799	0.0
0.0005045190537035697	0.0007666124172181961	0.0
0.0005037480924345901	0.0007773709726771876	0.0
0.0005031974058138903	0.000788029911881929	0.0
0.0005029771311656104	0.0007986390429595454	0.0
0.0005028669938414705	0.000809148557782912	0.0
0.0005030872684897504	0.0008196580726062784	0.0
0.0005036379551104502	0.000830067971175395	0.0
0.0005044089163794297	0.0008404280616173867	0.0
0.0005054001522966893	0.0008506885358051284	0.0
0.0005068319375105087	0.0008608493937386203	0.0
0.0005084839973726079	0.0008709106354178621	0.0
0.0005104664692071269	0.0008808722608428541	0.0
0.000512669215689926	0.0008907342700135962	0.0
0.0005153125114692847	0.0009003970466758384	0.0
0.0005181760818969235	0.0009099602070838307	0.0
0.0005213700642969819	0.000919373943110448	0.0
0.0005248944586694603	0.0009285884466285656	0.0
0.0005286391276902184	0.0009376535257653082	0.0
0.0005327142086833966	0.0009465193723935512	0.0
0.0005370095643248547	0.0009551361783861692	0.0
0.0005415251946145926	0.0009635537518702874	0.0
0.0005462610995526104	0.0009717222847187808	0.0
0.000551107141814768	0.0009796915850587744	0.0
0.0005562835960493457	0.000987362036636018	0.0
0.0005613499129597833	0.0009946838313233874	0.0
0.0005666365045185009	0.0010018063935022567	0.0
0.0005719230960772185	0.001008580298791251	0.0
0.0005773198249600759	0.0010150553553174959	0.0
0.0005827165538429335	0.001021181754953866	0.0
0.000588223420049931	0.0010270093058274863	0.0
0.0005936201489327884	0.001032438391684107	0.0
0.000598906740491506	0.0010375188206508527	0.0
0.0006043034693743634	0.0010422505927277239	0.0
0.000609590060933081	0.0010465838997875954	0.0
0.0006147665151676586	0.0010504689337033424	0.0
0.0006200531067263762	0.0010539555026020896	0.0
0.0006251194236368137	0.001057043606483837	0.0
0.0006301857405472515	0.0010597332453485848	0.0
0.0006351419201335491	0.001061974611069208	0.0
0.0006400980997198468	0.0010637677036457066	0.0
0.0006450542793061445	0.0010651623312052055	0.0
0.0006499003215683023	0.0010661584937477046	0.0
0.00065474636383046	0.0010667063831460793	0.0
0.0006595924060926177	0.0010669056156545791	0.0
0.0006643283110306355	0.0010666565750189544	0.0
0.0006691743532927933	0.0010660090693663299	0.0
0.0006739102582308111	0.0010649630986967057	0.0
0.0006787563004929689	0.0010635684711372067	0.0
0.0006834922054309866	0.0010617753785607082	0.0
0.0006882281103690044	0.00105958382096721	0.0
0.0006930741526311623	0.001057043606483837	0.0
0.00069781005756918	0.0010541547351105894	0.0
0.0007026560998313378	0.001050917206847467	0.0
0.0007075021420934955	0.0010473310216944699	0.0
0.0007122380470315133	0.001043445987778723	0.0
0.0007170840892936711	0.0010392621051002265	0.0
0.0007218199942316889	0.0010347793736589798	0.0
0.0007265558991697066	0.0010300974097092338	0.0
0.0007311816667835845	0.0010251165969967378	0.0
0.0007358074343974623	0.001019886743648617	0.0
0.0007404332020113402	0.0010145074659191214	0.0
0.0007449488323010782	0.001008879147554001	0.0
0.0007493543252666762	0.0010031014048075056	0.0
0.0007535395435839941	0.0009971742376796353	0.0
0.0007577247619013122	0.0009910478380432653	0.0
0.0007616897055703504	0.0009848716302797702	0.0
0.0007656546492393885	0.0009785459981349004	0.0
0.0007693993182601468	0.0009721207497357804	0.0
0.0007729237126326251	0.0009655958850824108	0.0
0.0007764481070051035	0.0009590710204290411	0.0
0.000779642089405162	0.0009525461557756713	0.0
0.0007828360718052206	0.0009460212911223015	0.0
0.0007858097795569992	0.0009394964264689318	0.0
0.0007886733499846378	0.0009330213699426871	0.0
0.0007914267830881366	0.0009266459296706921	0.0
0.0007940700788674953	0.0009203202975258222	0.0
0.0007964930999985742	0.0009141440897623272	0.0
0.0007988059838055132	0.0009080674982530822	0.0
0.0008010087302883121	0.000902190139252337	0.0
0.0008031013394469711	0.0008963625883787167	0.0
0.0008050838112814902	0.0008907840781407211	0.0
0.0008069561457918694	0.0008853549922841005	0.0
0.0008087183429781085	0.0008800255226817297	0.0
0.0008103704028402078	0.0008749450937149839	0.0
0.000811912325378167	0.0008700140891296129	0.0
0.0008132339732678464	0.0008652325089256167	0.0
0.0008145556211575258	0.0008606501612301204	0.0
0.0008156569943989254	0.0008562670460431239	0.0
0.0008166482303161849	0.0008520831633646273	0.0
0.0008175293289093044	0.0008480985131946305	0.0
0.0008181901528541442	0.0008443130955331337	0.0
0.0008187408394748439	0.0008407269103801365	0.0
0.0008191813887714037	0.0008373897658627642	0.0
0.0008192915260955437	0.0008342518538538917	0.0
0.0008192915260955437	0.000831313174353519	0.0
0.0008190712514472638	0.0008286235354887713	0.0
0.0008187408394748439	0.0008261829372596482	0.0
0.0008180800155300043	0.000823941571539025	0.0
0.0008174191915851645	0.0008218994383269016	0.0
0.000816317818343765	0.0008200565376232781	0.0
0.0008152164451023656	0.0008184626775552794	0.0
0.0008137846598885463	0.0008170182418686556	0.0
0.0008123528746747269	0.0008157232305634066	0.0
0.0008105906774884876	0.0008145776436395325	0.0
0.0008088284803022485	0.0008136312892241583	0.0
0.0008068460084677294	0.000812734742935909	0.0
0.0008047533993090705	0.0008118880047747847	0.0
0.0008025506528262714	0.0008112404991221602	0.0
0.0008002377690193326	0.0008105431853424107	0.0
0.0007980350225365335	0.0008098956796897863	0.0
0.0007956120014054546	0.0008092481740371619	0.0
0.0007931889802743758	0.0008086006683845374	0.0
0.0007906558218191569	0.0008079033546047879	0.0
0.0007881226633639381	0.0008071064245707885	0.0
0.0007855895049087193	0.0008062098782825394	0.0
0.0007829462091293605	0.0008051140994857902	0.0
0.0007803029133500017	0.000803968512561916	0.0
0.000777769754894783	0.0008025738850024173	0.0
0.0007751264591154241	0.0008009800249344184	0.0
0.0007723730260119254	0.0007991869323579199	0.0
0.0007697297302325666	0.0007972444154000465	0.0
0.0007670864344532079	0.0007950528578065483	0.0
0.0007643330013497092	0.0007926122595774252	0.0
0.0007615795682462105	0.0007899226207126774	0.0
0.0007587159978185718	0.0007870835574665547	0.0
0.0007559625647150731	0.0007839456454576822	0.0
0.0007530989942874343	0.0007805586928131851	0.0
0.0007502354238597957	0.0007769725076601879	0.0
0.0007472617161080171	0.0007731372818715659	0.0
0.0007443981456803784	0.0007690530154473192	0.0
0.0007414244379285998	0.0007647695165145728	0.0
0.000738671004825101	0.0007602369769462014	0.0
0.0007356972970733224	0.0007554553967422052	0.0
0.0007328337266456838	0.0007504745840297092	0.0
0.0007298600188939051	0.0007452945388087134	0.0
0.0007269964484662664	0.0007399650692063428	0.0
0.0007241328780386279	0.0007343865589683472	0.0
0.0007212693076109892	0.0007286088162218518	0.0
0.0007185158745074905	0.0007226816490939816	0.0
0.0007157624414039917	0.0007165552494576116	0.0
0.0007131191456246329	0.0007102794254398667	0.0
0.0007104758498452741	0.0007038541770407468	0.0
0.0007079426913900553	0.0006972296961331271	0.0
0.0007054095329348365	0.0006905055989712577	0.0
0.0007030966491278977	0.0006836320774280131	0.0
0.0007006736279968187	0.0006765593233762688	0.0
0.0006984708815140197	0.0006693869530702746	0.0
0.0006961579977070808	0.0006619655421286556	0.0
0.0006940653885484217	0.0006544943230599117	0.0
0.0006919727793897628	0.0006468238714826679	0.0
0.0006898801702311038	0.0006389541873969241	0.0
0.0006877875610724446	0.0006309848870569305	0.0
0.0006858050892379256	0.0006228661623355621	0.0
0.0006838226174034066	0.0006145482051056938	0.0
0.0006818401455688874	0.0006061306316215757	0.0
0.0006797475364102285	0.0005975138256289576	0.0
0.0006777650645757093	0.0005887974033820896	0.0
0.0006757825927411902	0.0005798817486267218	0.0
0.0006736899835825312	0.0005708664776171041	0.0
0.0006715973744238721	0.0005617515903532364	0.0
0.0006693946279410732	0.0005524872787079939	0.0
0.0006671918814582742	0.0005431233508085013	0.0
0.0006648789976513353	0.0005336598066547591	0.0
0.0006624559765202564	0.0005240468381196418	0.0
0.0006600329553891776	0.0005143342533302746	0.0
0.0006573896596098188	0.0005046216685409075	0.0
0.00065474636383046	0.0004947596593701655	0.0
0.0006518827934028213	0.00048484784207229845	0.0
0.0006490192229751827	0.0004748364085201815	0.0
0.000646045515223404	0.0004647751668409396	0.0
0.0006428515328233455	0.00045456450078032283	0.0
0.000639657550423287	0.0004443538347197061	0.0
0.0006364635680232285	0.0004340435524048394	0.0
0.00063304931097489	0.00042368346196284775	0.0
0.0006295249166024117	0.00041322375526660614	0.0
0.0006260005222299333	0.0004027142404432396	0.0
0.000622365990533315	0.00039205530123849827	0.0
0.0006186213215125568	0.00038134655390663184	0.0
0.0006148766524917984	0.0003705381903205156	0.0
0.0006110218461469003	0.00035968001860727433	0.0
0.0006070569024778622	0.00034867242251265823	0.0
0.0006030919588088239	0.0003376150182909171	0.0
0.0005991270151397859	0.0003264579978149261	0.0
0.0005950519341466077	0.00031520136108468524	0.0
0.0005908667158292896	0.0003038451081001944	0.0
0.0005866814975119716	0.0002924888551157035	0.0
0.0005823861418705137	0.00028103298587696276	0.0
0.0005780907862290556	0.000269527308511097	0.0
0.0005736852932634577	0.0002579220148909814	0.0
0.0005691696629737198	0.0002463167212708658	0.0
0.0005647641700081218	0.00023466161952362516	0.0
0.000560028265070104	0.00022305632590350952	0.0
0.000555512634780366	0.00021135141602914394	0.0
0.0005507767298423482	0.00019969631428190334	0.0
0.0005459306875801905	0.00018804121253466276	0.0
0.0005410846453180328	0.00017638611078742215	0.0
0.0005362386030558751	0.0001647808171673065	0.0
0.0005311722861454373	0.00015322533167431583	0.0
0.0005262161065591397	0.0001417196543084501	0.0
0.0005211497896487019	0.00013031359319683427	0.0
0.0005159733354141244	0.00011890753208521849	0.0
0.0005109070185036868	0.00010760108722785261	0.0
0.0005057305642691091	9.64440667518616e-05	0.0
0.0005004439727103917	8.533685440299556e-05	0.0
0.000495267518475814	7.43790664355044e-05	0.0
0.0004898707895929566	6.352089472226314e-05	0.0
0.00048447406071009904	5.2812147390396785e-05	0.0
0.0004790773318272416	4.220301631278034e-05	0.0
0.000473680602944384	3.179311774366373e-05	0.0
0.00046828387406152656	2.1582451683046967e-05	0.0
0.0004626668705303891	1.1471401876680118e-05	0.0
0.0004571600043233917	1.559584578813111e-06	0.0
0.0004515430007922543	-8.202808337679018e-06	0.0
0.00044592599726111696	-1.7765968745671308e-05	0.0
0.00044019885640583957	-2.7179704772288715e-05	0.0
0.0004343615782264223	-3.644401641753124e-05	0.0
0.00042841416272286503	-4.550909555427394e-05	0.0
0.00042246674721930784	-5.442475030964175e-05	0.0
0.00041629905706747067	-6.314117255650973e-05	0.0
0.0004101313669156335	-7.180778667625273e-05	0.0
0.0004038535394396565	-8.017555203324599e-05	0.0
0.00039735543731539945	-8.844370113598932e-05	0.0
0.0003907471978670025	-9.651261773023281e-05	0.0
0.00038402882109446566	-0.00010443210994310142	0.0
0.00037720030699778885	-0.0001121523696474702	0.0
0.00037015151825283213	-0.00011977301309758905	0.0
0.0003628824548595955	-0.00012714461591208312	0.0
0.00035561339146635885	-0.00013441660247232726	0.0
0.0003481240534248423	-0.0001414395483969466	0.0
0.0003404144407350459	-0.000148362878067316	0.0
0.0003324845533969696	-0.00015508697522918557	0.0
0.00032455466605889327	-0.00016156203175543037	0.0
0.00031629436674839706	-0.0001679374720274252	0.0
0.00030792393011376095	-0.00017411367979092024	0.0
0.00029944335615498494	-0.00018009065504591542	0.0
0.0002908526448720689	-0.00018591820591953574	0.0
0.00028204165894087297	-0.00019159633241178114	0.0
0.0002731205356855371	-0.0001970752263955267	0.0
0.00026408927510606126	-0.0002024545041250224	0.0
0.00025494787720244555	-0.00020768435747314318	0.0
0.00024569634197468983	-0.00021281459456701403	0.0
0.00023644480674693414	-0.00021779540727951001	0.0
0.00022697299687089853	-0.00022272641186488104	0.0
0.00021750118699486294	-0.0002275079920688772	0.0
0.00020802937711882733	-0.00023223976414574838	0.0
0.00019833729259451183	-0.00023687191996836962	0.0
0.0001887553453943363	-0.00024145426766386595	0.0
0.00017895312354588083	-0.0002459868072322373	0.0
0.00016937117634570527	-0.0002504197305463587	0.0
0.0001595689544972498	-0.00025490246198760507	0.0
0.00014976673264879438	-0.00025928557717460156	0.0
0.00013996451080033892	-0.000263668692361598	0.0
0.0001301622889518835	-0.0002679521912943446	0.0
0.00012036006710342802	-0.0002722356902270911	0.0
0.00011044770793083262	-0.0002764693810327127	0.0
0.00010053534875823723	-0.0002806532637112093	0.0
9.062298958564181e-05	-0.00028473753013545606	0.0
8.071063041304642e-05	-0.0002888217965597028	0.0
7.079827124045102e-05	-0.0002928064467296995	0.0
6.088591206785562e-05	-0.00029669148064544637	0.0
5.086341557112027e-05	-0.0003005267064340683	0.0
4.0951056398524876e-05	-0.0003042623159684403	0.0
3.092855990178952e-05	-0.00030794811737568735	0.0
2.0906063405054173e-05	-0.0003115841106558094	0.0
1.0993704232458775e-05	-0.0003150706795545566	0.0
1.0813450598633743e-06	-0.0003186070565804287	0.0
-8.831014112732026e-06	-0.000321994009224926	0.0
-1.8633235961187475e-05	-0.00032533115374229834	0.0
-2.8435457809642926e-05	-0.0003285686820054207	0.0
-3.812754233395843e-05	-0.00033180621026854306	0.0
-4.770948953413398e-05	-0.00033494412227741557	0.0
-5.7291436734309535e-05	-0.000338082034286288	0.0
-6.66531092862052e-05	-0.00034107052191378564	0.0
-7.601478183810085e-05	-0.0003440590095412832	0.0
-8.526631706585655e-05	-0.00034699768904165586	0.0
-9.451785229361226e-05	-0.0003498367522877786	0.0
-0.00010376938752136797	-0.0003526260074067763	0.0
-0.00011291078542498372	-0.00035541526252577405	0.0
-0.00012205218332859948	-0.00035815470951764685	0.0
-0.00013119358123221523	-0.0003607945402552697	0.0
-0.000140334979135831	-0.0003633845628657676	0.0
-0.0001493662397153068	-0.00036597458547626554	0.0
-0.00015861777494306252	-0.0003684649918325135	0.0
-0.00016775917284667826	-0.00037090559006163653	0.0
-0.00017701070807443398	-0.00037329638016363463	0.0
-0.00018637238062632963	-0.00037558755401138276	0.0
-0.00019573405317822528	-0.00037787872785913093	0.0
-0.0002052058630542609	-0.0003800702854526292	0.0
-0.00021478781025443644	-0.0003822120349190024	0.0
-0.00022447989477875194	-0.00038425416813112577	0.0
-0.00023417197930306744	-0.0003862464932161242	0.0
-0.00024408433847566282	-0.0003881890101739976	0.0
-0.0002539966976482582	-0.00039003191087762115	0.0
-0.00026390905682085363	-0.0003918250034541197	0.0
-0.00027404169064172896	-0.00039351847977636836	0.0
-0.0002840641871384643	-0.000395162147971492	0.0
-0.00029408668363519965	-0.0003967061999123657	0.0
-0.00030421931745607493	-0.00039815063559898957	0.0
-0.0003143519512769502	-0.00039949545503136354	0.0
-0.0003243744477736856	-0.0004007904663366125	0.0
-0.0003345070815945609	-0.00040193605326048655	0.0
-0.0003445295780912962	-0.00040303183205723565	0.0
-0.00035455207458803155	-0.00040397818647260986	0.0
-0.00036435429643648707	-0.00040482492463373424	0.0
-0.00037426665560908243	-0.0004055720465406086	0.0
-0.0003840688774575379	-0.00040621955219323307	0.0
-0.0003937609619818534	-0.0004067176334644827	0.0
-0.0004033429091820289	-0.00040711609848148236	0.0
-0.00041281471905806456	-0.0004074149472442321	0.0
-0.00042228652893410015	-0.00040761417975273195	0.0
-0.00043164820148599583	-0.0004076639878798569	0.0
-0.0004408997367137515	-0.0004076639878798569	0.0
-0.0004501512719415072	-0.000407564371625607	0.0
-0.000459182532520983	-0.00040736513911710713	0.0
-0.00046832393042459873	-0.00040711609848148236	0.0
-0.0004773551910040746	-0.00040681724971873264	0.0
-0.0004863864515835504	-0.0004064187847017329	0.0
-0.0004953075748388863	-0.00040602031968473327	0.0
-0.000504338835418362	-0.0004055720465406086	0.0
-0.000513149821349558	-0.00040512377339648397	0.0
-0.0005220709446048938	-0.00040467550025235935	0.0
-0.0005308819305360898	-0.0004041774189811097	0.0
-0.0005395827791431457	-0.0004037291458369851	0.0
-0.0005483937650743415	-0.00040333068081998543	0.0
-0.0005570946136813975	-0.00040288240767586076	0.0
-0.0005657954622884536	-0.00040243413453173614	0.0
-0.0005744963108955095	-0.0004020356695147365	0.0
-0.0005829768848542856	-0.0004017368207519867	0.0
-0.0005915675961372015	-0.000401338355734987	0.0
-0.0005999380327718377	-0.0004010395069722373	0.0
-0.0006083084694064738	-0.0004007406582094875	0.0
-0.00061645863139283	-0.00040044180944673774	0.0
-0.0006246087933791862	-0.0004001927688111129	0.0
-0.0006325386807172626	-0.0003998939200483632	0.0
-0.0006403584307311989	-0.0003995950712856134	0.0
-0.0006479579060968554	-0.0003992962225228637	0.0
-0.0006554472441383719	-0.00039894756563298893	0.0
-0.0006626061702074686	-0.0003985491006159893	0.0
-0.0006695448216282854	-0.00039810082747186466	0.0
-0.0006763733357249622	-0.000397602746200615	0.0
-0.0006828714378492193	-0.00039705485680224047	0.0
-0.0006891492653251963	-0.000396407351149616	0.0
-0.0006949865435046136	-0.0003956602292427416	0.0
-0.0007006035470357511	-0.0003948134910816173	0.0
-0.0007060002759186085	-0.000393867136666243	0.0
-0.0007109564555049061	-0.0003927713578694939	0.0
-0.000715472085794644	-0.00039162577094561984	0.0
-0.000719767441436102	-0.0003903307596403709	0.0
-0.0007236222477810003	-0.00038893613208087206	0.0
-0.0007270365048293387	-0.00038744188826712325	0.0
-0.0007301203499052573	-0.00038579822007199955	0.0
-0.0007327636456846161	-0.0003841047437497509	0.0
-0.0007349663921674151	-0.00038231165117325234	0.0
-0.0007367285893536542	-0.00038036913421537897	0.0
-0.0007380502372433337	-0.0003783768091303805	0.0
-0.0007389313358364532	-0.0003762350596640073	0.0
-0.000739261747808873	-0.000374093310197634	0.0
-0.0007391516104847331	-0.00037185194447701084	0.0
-0.0007386009238640333	-0.0003695607706292626	0.0
-0.0007374995506226338	-0.0003672695967815145	0.0
-0.0007359576280846746	-0.0003648788066795164	0.0
-0.0007338650189260156	-0.00036248801657751833	0.0
-0.0007313318604707967	-0.00036014703460264525	0.0
-0.000728358152719018	-0.00035775624450064714	0.0
-0.0007248337583465398	-0.00035541526252577405	0.0
-0.0007208688146775015	-0.00035307428055090097	0.0
-0.0007164633217119036	-0.0003507831067031528	0.0
-0.000711507142125606	-0.0003485915491096546	0.0
-0.0007063306878910282	-0.00034644979964328125	0.0
-0.000700713684359891	-0.00034440766643115795	0.0
-0.0006945459942080537	-0.0003424651494732845	0.0
-0.0006881580294079367	-0.000340572440642536	0.0
-0.00068132951531126	-0.0003388291561931624	0.0
-0.0006743908638904431	-0.0003371854879980388	0.0
-0.0006669015258489266	-0.00033569124418428997	0.0
-0.0006593020504832702	-0.0003342468084976661	0.0
-0.0006514823004693338	-0.0003329517971924171	0.0
-0.0006433321384829775	-0.0003317564021414181	0.0
-0.0006349617018483415	-0.00033071043147179396	0.0
-0.0006265912652137054	-0.0003298138851835447	0.0
-0.0006178904166066493	-0.0003289173388952954	0.0
-0.0006091895679995933	-0.000328220025115546	0.0
-0.0006002684447442575	-0.0003275725194629215	0.0
-0.0005912371841647818	-0.00032702463006454695	0.0
-0.000582095786261166	-0.00032657635692042233	0.0
-0.0005729543883575502	-0.0003261778919034226	0.0
-0.0005635927158056546	-0.0003258292350135479	0.0
-0.0005543411805778988	-0.0003255801943779231	0.0
-0.0005448693707018632	-0.00032533115374229834	0.0
-0.0005353975608258277	-0.0003251319212337985	0.0
-0.000525925750949792	-0.00032493268872529863	0.0
-0.0005163438037496165	-0.0003247334562167988	0.0
-0.000506761856549441	-0.0003245840318354239	0.0
-0.0004970697720251254	-0.00032438479932692403	0.0
-0.0004873776875008099	-0.0003242353749455492	0.0
-0.00047768560297649446	-0.00032398633430992443	0.0
-0.0004679935184521789	-0.0003237372936742996	0.0
-0.0004581912966037235	-0.0003234384449115498	0.0
-0.0004482789374311281	-0.00032313959614880004	0.0
-0.0004384767155826726	-0.0003227411311318004	0.0
-0.0004285643564100772	-0.0003222430498605508	0.0
-0.00041876213456162176	-0.00032169516046217625	0.0
-0.0004088497753890264	-0.0003210476548095518	0.0
-0.000398937416216431	-0.00032035034102980233	0.0
-0.00038902505704383557	-0.00031945379474155304	0.0
-0.00037922283519538016	-0.0003185074403261788	0.0
-0.00036931047602278475	-0.00031746146965655464	0.0
-0.00035950825417432924	-0.0003162660746055556	0.0
-0.00034970603232587383	-0.00031502087142743163	0.0
-0.0003399038104774184	-0.0003135764357408078	0.0
-0.0003302117259531029	-0.000312082191927059	0.0
-0.0003205196414287874	-0.00031038871560481036	0.0
-0.00031093769422861183	-0.0003086952392825617	0.0
-0.0003013557470284363	-0.00030675272232468827	0.0
-0.00029188393715240066	-0.00030481020536681484	0.0
-0.00028241212727636507	-0.0003027182640275665	0.0
-0.0002730504547244694	-0.0003005267064340683	0.0
-0.00026368878217257377	-0.0002982853407134451	0.0
-0.000254437246944818	-0.000295944358738572	0.0
-0.0002451857117170623	-0.000293503760509449	0.0
-0.00023604431381344656	-0.000290963546026076	0.0
-0.0002269029159098308	-0.0002883735234155781	0.0
-0.0002176513806820751	-0.00028573369267795523	0.0
-0.00020862012010259933	-0.0002830440538132074	0.0
-0.0001995888595231235	-0.00028035441494845956	0.0
-0.0001905575989436477	-0.00027756515982946186	0.0
-0.00018163647568831181	-0.0002747759047104641	0.0
-0.000172605215108836	-0.0002719368414643413	0.0
-0.00016368409185350016	-0.00026909777821821864	0.0
-0.0001547629685981643	-0.0002662587149720959	0.0
-0.00014573170801868848	-0.0002634196517259732	0.0
-0.00013670044743921268	-0.0002605805884798505	0.0
-0.00012777932418387683	-0.0002577415252337278	0.0
-0.00011885820092854097	-0.00025490246198760507	0.0
-0.00010982694034906515	-0.00025211320686860736	0.0
-0.00010079567976958933	-0.0002493239517496096	0.0
-9.176441919011354e-05	-0.00024653469663061183	0.0
-8.284329593477767e-05	-0.00024379524963873906	0.0
-7.370189803116193e-05	-0.00024105580264686626	0.0
-6.467063745168611e-05	-0.00023836616378211843	0.0
-5.5529239548070355e-05	-0.0002356765249173706	0.0
-4.627770432031465e-05	-0.00023303669417974772	0.0
-3.702616909255894e-05	-0.0002303470553149999	0.0
-2.7884771188943183e-05	-0.00022775703270450198	0.0
-1.8633235961187475e-05	-0.0002251172019668791	0.0
-9.38170073343177e-06	-0.0002225271793563812	0.0
-1.3016550567606343e-07	-0.0002199371567458833	0.0
9.121369722079644e-06	-0.00021734713413538537	0.0
1.837290494983535e-05	-0.00021475711152488746	0.0
2.7734577501731006e-05	-0.0002121172807872646	0.0
3.698611272948671e-05	-0.00020952725817676668	0.0
4.623764795724242e-05	-0.0002068874274391438	0.0
5.5489183184998126e-05	-0.00020419778857439598	0.0
6.474071841275384e-05	-0.00020150814970964814	0.0
7.388211631636958e-05	-0.00019881851084490034	0.0
8.302351421998534e-05	-0.00019607906385302754	0.0
9.21649121236011e-05	-0.00019333961686115474	0.0
0.00010119617270307691	-0.00019055036174215698	0.0
0.00011011729595841277	-0.0001878109147502842	0.0
0.00011903841921374863	-0.00018502165963128644	0.0
0.0001279595424690845	-0.0001822324045122887	0.0
0.00013666039107614045	-0.00017949295752041588	0.0
0.00014547137700733636	-0.00017670370240141815	0.0
0.00015406208829025236	-0.00017401406353667031	0.0
0.0001626527995731684	-0.00017127461654479754	0.0
0.00017113337353194443	-0.00016858497768004968	0.0
0.00017950381016658057	-0.00016599495506955178	0.0
0.00018787424680121668	-0.0001634049324590539	0.0
0.00019613454611171286	-0.0001609145261028059	0.0
0.00020428470809806906	-0.00015842411974655788	0.0
0.00021232473276028532	-0.00015603332964455983	0.0
0.0002203647574225016	-0.0001536923476696867	0.0
0.00022818450743643798	-0.0001514509819490635	0.0
0.0002361143947745143	-0.00014925942435556528	0.0
0.00024371387014017078	-0.00014716748301631696	0.0
0.00025142348282996716	-0.00014512534980419363	0.0
0.0002590229581956237	-0.00014313302471919524	0.0
0.0002664021589130002	-0.00014124031588844674	0.0
0.00027367122230623686	-0.0001394472233119482	0.0
0.0002809402856994735	-0.0001377039388625746	0.0
0.0002879890744444302	-0.000135960654413201	0.0
0.000295037863189387	-0.00013431698621807733	0.0
0.00030186637728606375	-0.00013272312615007862	0.0
0.0003086948913827406	-0.00013112926608207988	0.0
0.0003154132681552775	-0.00012958521414120614	0.0
0.0003219113702795345	-0.0001280411622003324	0.0
0.00032851960972793144	-0.00012654691838658358	0.0
0.0003347974372039085	-0.00012505267457283477	0.0
0.0003410752646798856	-0.0001234588145048361	0.0
0.00034724295483172274	-0.00012196457069108728	0.0
0.00035341064498355985	-0.00012037071062308857	0.0
0.0003593580604871171	-0.0001187270424279649	0.0
0.0003653054759906743	-0.00011708337423284123	0.0
0.00037114275417009164	-0.00011534008978346764	0.0
0.000376759757701229	-0.00011354699720696909	0.0
0.00038248689855650635	-0.00011170409650334557	0.0
0.00038799376476350377	-0.00010981138767259709	0.0
0.00039350063097050124	-0.00010786887071472365	0.0
0.00039889735985335875	-0.00010587654562972527	0.0
0.0004041839514120763	-0.0001038344124176019	0.0
0.0004093604056466539	-0.00010169266295122862	0.0
0.00041453685988123145	-9.955091348485535e-05	0.0
0.0004194930394675292	-9.740916401848208e-05	0.0
0.00042433908172968696	-9.521760642498386e-05	0.0
0.0004291851239918447	-9.297624070436066e-05	0.0
0.00043381089160572254	-9.078468311086242e-05	0.0
0.00043832652189546045	-8.859312551736419e-05	0.0
0.0004427320148610584	-8.640156792386596e-05	0.0
0.0004469172331783765	-8.416020220324278e-05	0.0
0.00045099231417155454	-8.20184527368695e-05	0.0
0.00045484712051645275	-7.987670327049622e-05	0.0
0.0004584816522130711	-7.783457005837288e-05	0.0
0.0004621161839096894	-7.584224497337448e-05	0.0
0.00046542030363388786	-7.384991988837609e-05	0.0
0.00046850414870980647	-7.195721105762761e-05	0.0
0.00047136771913744517	-7.011431035400409e-05	0.0
0.00047412115224094385	-6.83710259046305e-05	0.0
0.0004765441733720227	-6.667754958238187e-05	0.0
0.0004787469198548217	-6.508368951438314e-05	0.0
0.0004807293916893408	-6.358944570063435e-05	0.0
0.00048249158887557996	-6.219481814113548e-05	0.0
0.00048414364873767917	-6.089980683588653e-05	0.0
0.00048546529662735856	-5.965460365776253e-05	0.0
0.0004865666698687581	-5.8558824861013414e-05	0.0
0.00048733763113773773	-5.756266231851422e-05	0.0
0.0004879984550825774	-5.666611603026494e-05	0.0
0.0004884390043791372	-5.586918599626558e-05	0.0
0.0004887694163515571	-5.52216803436411e-05	0.0
0.0004886592790274171	-5.472359907239151e-05	0.0
0.0004885491417032772	-5.427532592826687e-05	0.0
0.0004879984550825774	-5.402628529264207e-05	0.0
0.00048744776846187764	-5.3876860911267186e-05	0.0
0.0004865666698687581	-5.392666903839215e-05	0.0
0.00048546529662735856	-5.407609341976703e-05	0.0
0.0004842537860618191	-5.437494218251679e-05	0.0
0.0004827118635238599	-5.487302345376639e-05	0.0
0.00048094966633762065	-5.557033723351582e-05	0.0
0.0004790773318272416	-5.6367267267515185e-05	0.0
0.0004768745853444426	-5.741323793713934e-05	0.0
0.0004745617015375036	-5.8558824861013414e-05	0.0
0.0004720285430822848	-5.995345242051229e-05	0.0
0.0004691649726546461	-6.1547312488511e-05	0.0
0.0004661912649028675	-6.334040506500956e-05	0.0
0.00046288714517866904	-6.5282922022883e-05	0.0
0.00045936275080619065	-6.752428774350619e-05	0.0
0.0004556180817854324	-6.98652697183793e-05	0.0
0.00045165313811639424	-7.250510045600217e-05	0.0
0.00044735778247493625	-7.529435557499992e-05	0.0
0.0004427320148610584	-7.823303507537255e-05	0.0
0.0004379961099230406	-8.142075521136998e-05	0.0
0.00043292979301260293	-8.480770785586725e-05	0.0
0.00042764320145388543	-8.829427675461443e-05	0.0
0.00042213633524688796	-9.198007816186146e-05	0.0
0.00041640919439161063	-9.576549582335842e-05	0.0
0.0004104617788880534	-9.970033786623024e-05	0.0
0.0004041839514120763	-0.000103734796163352	0.0
0.0003977959866119593	-0.00010791867884184861	0.0
0.00039129788448770224	-0.00011210256152034524	0.0
0.00038468964503930535	-0.00011638606045309179	0.0
0.00037786113094262855	-0.00012076917564008826	0.0
0.00037092247952181173	-0.0001251522908270847	0.0
0.000363873690776855	-0.00012953540601408117	0.0
0.0003567147647077583	-0.00013391852120107765	0.0
0.0003494457013145217	-0.00013830163638807412	0.0
0.00034217663792128505	-0.00014273455970219553	0.0
0.00033501771185218837	-0.00014706786676206703	0.0
0.0003276385111348118	-0.00015135136569481358	0.0
0.0003203694477415752	-0.00015563486462756012	0.0
0.0003129902470241986	-0.0001598685554331817	0.0
0.000305721183630962	-0.00016405243811167837	0.0
0.00029834198291358547	-0.00016818651266305002	0.0
0.00029107291952034883	-0.00017232058721442168	0.0
0.00028391399345125215	-0.00017635504551154343	0.0
0.0002766449300580155	-0.00018038950380866518	0.0
0.00026948600398891883	-0.00018437415397866197	0.0
0.0002622169405956822	-0.0001883089960215338	0.0
0.0002550580145265855	-0.00019219402993728065	0.0
0.00024789908845748883	-0.00019607906385302754	0.0
0.0002408502997125321	-0.00019991428964164943	0.0
0.00023369137364343543	-0.00020374951543027133	0.0
0.0002266425848984787	-0.0002075349330917683	0.0
0.00021959379615352196	-0.00021137015888039019	0.0
0.0002125450074085652	-0.00021510576841476218	0.0
0.00020538608133946856	-0.00021889118607625914	0.0
0.00019833729259451183	-0.00022267660373775607	0.0
0.00019128850384955508	-0.000226511829526378	0.0
0.00018423971510459836	-0.0002303470553149999	0.0
0.00017719092635964164	-0.0002341822811036218	0.0
0.00017014213761468492	-0.00023811712314649364	0.0
0.00016309334886972817	-0.00024205196518936546	0.0
0.00015604456012477145	-0.0002460864234864872	0.0
0.00014910590870395468	-0.00025012088178360896	0.0
0.0001421672572831379	-0.0002542051482078557	0.0
0.0001352286058623211	-0.00025833922275922736	0.0
0.00012828995444150434	-0.00026252310543772395	0.0
0.00012135130302068756	-0.0002667069881162206	0.0
0.00011452278892401073	-0.00027094067892184214	0.0
0.0001076942748273339	-0.0002752241778545887	0.0
0.000100975898054797	-0.00027950767678733523	0.0
9.414738395812019e-05	-0.00028384098384720677	0.0
8.74290071855833e-05	-0.0002881244827799533	0.0
8.071063041304642e-05	-0.0002924577898398248	0.0
7.410239096464949e-05	-0.00029684090502682126	0.0
6.760428884039251e-05	-0.00030117421208669274	0.0
6.110618671613552e-05	-0.00030555732727368924	0.0
5.471822191601848e-05	-0.0003098906343335607	0.0
4.8220119791761494e-05	-0.0003142737495205572	0.0
4.194229231578441e-05	-0.0003186070565804287	0.0
3.577460216394727e-05	-0.0003229901717674252	0.0
2.9606912012110134e-05	-0.0003273234788272967	0.0
2.3659496508552898e-05	-0.00033170659401429313	0.0
1.7712081004995655e-05	-0.00033608970920128963	0.0
1.1874802825578364e-05	-0.0003404230162611611	0.0
6.147661970301023e-06	-0.00034475632332103264	0.0
6.407957633035788e-07	-0.0003490896303809041	0.0
-4.866070443693866e-06	-0.0003533731293136507	0.0
-1.0152662002411411e-05	-0.0003577064363735222	0.0
-1.532911623698901e-05	-0.0003619401271791438	0.0
-2.039543314742666e-05	-0.0003661738179847654	0.0
-2.524147540958441e-05	-0.00037035770066326203	0.0
-2.9977380347602214e-05	-0.0003744419670875087	0.0
-3.4603147961480064e-05	-0.00037847642538463045	0.0
-3.900864092707802e-05	-0.00038246107555462723	0.0
-4.3414133892675973e-05	-0.0003863959175974991	0.0
-4.7599352209994036e-05	-0.00039018133525899604	0.0
-5.167443320317214e-05	-0.00039391694479336796	0.0
-5.56393768722103e-05	-0.0003974533218192402	0.0
-5.960432054124846e-05	-0.00040084027446373745	0.0
-6.334898956200672e-05	-0.00040412761085398475	0.0
-6.698352125862504e-05	-0.0004072157147357323	0.0
-7.07281902793833e-05	-0.00041010458610897993	0.0
-7.425258465186167e-05	-0.00041279422497372776	0.0
-7.777697902434003e-05	-0.00041523482320285083	0.0
-8.119123607267844e-05	-0.000417476188923474	0.0
-8.460549312101686e-05	-0.00041951832213559735	0.0
-8.801975016935528e-05	-0.000421261606584971	0.0
-9.132386989355373e-05	-0.0004227060422715948	0.0
-9.462798961775221e-05	-0.0004239512454497188	0.0
-9.793210934195067e-05	-0.000424897599865093	0.0
-0.00010112609174200919	-0.00042559491364484246	0.0
-0.0001043200741420677	-0.0004260431867889671	0.0
-0.00010740391921798629	-0.000426142803043217	0.0
-0.0001105979016180448	-0.0004260431867889671	0.0
-0.00011357160936982341	-0.0004256447217719674	0.0
-0.00011654531712160203	-0.0004250470242464679	0.0
-0.00011929875022510076	-0.00042415047795821867	0.0
-0.00012216232065273943	-0.00042300489103434455	0.0
-0.0001248056164320982	-0.00042166007160197063	0.0
-0.00012733877488731702	-0.0004200662115339719	0.0
-0.0001297617960183959	-0.00041822331083034845	0.0
-0.00013196454250119489	-0.00041618117761822504	0.0
-0.0001340571516598539	-0.00041398962002472684	0.0
-0.00013592948617023305	-0.0004115490217956038	0.0
-0.00013769168335647222	-0.00040895899918510587	0.0
-0.00013923360589443152	-0.00040621955219323307	0.0
-0.00014055525378411089	-0.00040328087269286047	0.0
-0.00014165662702551038	-0.0004002425769382379	0.0
-0.00014253772561862997	-0.00039705485680224047	0.0
-0.00014319854956346966	-0.0003937675204119932	0.0
-0.00014363909886002947	-0.00039038056776749585	0.0
-0.00014396951083244932	-0.0003868441907416237	0.0
-0.00014396951083244932	-0.00038330781371575157	0.0
-0.0001437492361841694	-0.0003796220123085045	0.0
-0.00014330868688760962	-0.0003759362109012575	0.0
-0.00014275800026690988	-0.0003721507932397605	0.0
-0.00014176676434965032	-0.0003683155674511386	0.0
-0.0001407755284323908	-0.0003644305335353918	0.0
-0.0001394538805427114	-0.00036049569149251994	0.0
-0.00013802209532889207	-0.00035651104132252315	0.0
-0.00013625989814265287	-0.00035252639115252636	0.0
-0.0001344977009564137	-0.00034849193285540467	0.0
-0.00013240509179775466	-0.00034440766643115795	0.0
-0.00013009220799081576	-0.0003403234000069112	0.0
-0.0001276691868597369	-0.0003362391335826645	0.0
-0.00012513602840451805	-0.0003321548671584178	0.0
-0.00012227245797687939	-0.0003280207926070461	0.0
-0.00011929875022510076	-0.00032393652618279946	0.0
-0.00011610476782504225	-0.00031980245163142773	0.0
-0.00011280064810084378	-0.000315718185207181	0.0
-0.00010927625372836541	-0.00031163391878293435	0.0
-0.00010553158470760715	-0.00030754965235868764	0.0
-0.00010156664103856898	-0.00030351519406156594	0.0
-9.749156004539087e-05	-0.0002994309276373192	0.0
-9.330634172807283e-05	-0.0002953964693401974	0.0
-8.890084876247487e-05	-0.0002913122029159507	0.0
-8.44953557968769e-05	-0.000287277744618829	0.0
-7.975945085885911e-05	-0.0002832930944488322	0.0
-7.491340859670136e-05	-0.0002792586361517104	0.0
-6.995722901040367e-05	-0.0002752739859817137	0.0
-6.4890912099966e-05	-0.00027123952768459193	0.0
-5.960432054124846e-05	-0.00026725487751459514	0.0
-5.442786630667086e-05	-0.0002632204192174734	0.0
-4.903113742381337e-05	-0.00025928557717460156	0.0
-4.3524271216815925e-05	-0.0002553009270046048	0.0
-3.801740500981848e-05	-0.000251316276834608	0.0
-3.2400401478681085e-05	-0.00024738143479173617	0.0
-2.6783397947543693e-05	-0.00024339678462173935	0.0
-2.11663944164063e-05	-0.00023946194257886755	0.0
-1.5439253561128958e-05	-0.00023557690866312067	0.0
-9.822250029991565e-06	-0.00023164206662024887	0.0
-4.095109174714224e-06	-0.00022775703270450198	0.0
1.6320316805631187e-06	-0.0002238719987887551	0.0
7.249035211700512e-06	-0.00021998696487300826	0.0
1.2976176066977854e-05	-0.00021610193095726138	0.0
1.8483042273975298e-05	-0.00021226670516863948	0.0
2.4100045805112693e-05	-0.00020838167125289262	0.0
2.9717049336250082e-05	-0.0002045464454642707	0.0
3.522391554324752e-05	-0.00020071121967564878	0.0
4.062064442610502e-05	-0.00019687599388702688	0.0
4.6017373308962515e-05	-0.00019304076809840498	0.0
5.1414102191820015e-05	-0.0001891557341826581	0.0
5.670069375053756e-05	-0.00018527070026691124	0.0
6.187714798511516e-05	-0.00018138566635116438	0.0
6.683332757141285e-05	-0.00017745082430829255	0.0
7.18996444818505e-05	-0.00017346617413829577	0.0
7.685582406814821e-05	-0.00016943171584117401	0.0
8.181200365444591e-05	-0.0001653474494169273	0.0
8.654790859246371e-05	-0.00016121337486555565	0.0
9.117367620634156e-05	-0.00015697968405993404	0.0
9.579944382021942e-05	-0.00015264637700006253	0.0
0.00010031507410995731	-0.00014821345368594112	0.0
0.00010472056707555527	-0.00014368091411756979	0.0
0.00010912606004115323	-0.0001390487582949485	0.0
0.00011331127835847128	-0.00013431698621807733	0.0
0.00011749649667578935	-0.0001294855978869562	0.0
0.00012157157766896745	-0.00012450478517446023	0.0
0.0001255365213380056	-0.00011942435620771433	0.0
0.00012950146500704377	-0.00011429411911384348	0.0
0.00013335627135194198	-0.00010901445763859772	0.0
0.00013721107769684018	-0.00010363517990910207	0.0
0.00014095574671759846	-9.820609405248145e-05	0.0
0.00014459027841421675	-9.272720006873587e-05	0.0
0.00014822481011083507	-8.70988817036154e-05	0.0
0.00015174920448331343	-8.147056333849494e-05	0.0
0.00015538373617993175	-7.579243684624952e-05	0.0
0.00015890813055241014	-7.006450222687914e-05	0.0
0.00016232238760074854	-6.428675948038379e-05	0.0
0.0001658467819732269	-5.845920860676349e-05	0.0
0.0001692610390215653	-5.258184960601824e-05	0.0
0.00017267529606990374	-4.670449060527297e-05	0.0
0.00017608955311824214	-4.082713160452771e-05	0.0
0.0001793936728424406	-3.489996447665749e-05	0.0
0.00018280792989077904	-2.902260547591223e-05	0.0
0.00018622218693911745	-2.304563022091705e-05	0.0
0.00018952630666331592	-1.7118463093046828e-05	0.0
0.00019294056371165432	-1.1141487838051648e-05	0.0
0.00019635482075999275	-5.214320710181427e-06	0.0
0.00019976907780833118	7.128464176887936e-07	0.0
0.00020318333485666956	6.640013545559014e-06	0.0
0.00020659759190500799	1.2517372546304275e-05	0.0
0.00021012198627748635	1.8444539674174498e-05	0.0
0.00021364638064996474	2.432189867491976e-05	0.0
0.0002171707750224431	3.014944954854006e-05	0.0
0.00022091544404320135	3.602680854928532e-05	0.0
0.00022454997573981967	4.185435942290562e-05	0.0
0.00022829464476057794	4.768191029652592e-05	0.0
0.00023214945110547615	5.350946117014622e-05	0.0
0.00023600425745037436	5.9386820170891486e-05	0.0
0.0002399692011194125	6.516456291738683e-05	0.0
0.00024393414478845066	7.104192191813209e-05	0.0
0.00024789908845748883	7.691928091887734e-05	0.0
0.00025208430677480686	8.27966399196226e-05	0.0
0.000256159387767985	8.872380704749284e-05	0.0
0.000260344606085303	9.4700782302488e-05	0.0
0.00026452982440262115	0.00010072756568460815	0.0
0.00026882518004407913	0.00010680415719385325	0.0
0.00027301039836139716	0.00011298036495734827	0.0
0.0002773057540028552	0.00011920638084796826	0.0
0.00028149097232017323	0.00012553201299283815	0.0
0.0002857863279616312	0.0001320070695190829	0.0
0.0002899715462789493	0.00013858174229957763	0.0
0.00029404662727212737	0.00014525603133432226	0.0
0.0002982318455894455	0.00015207974475044174	0.0
0.00030241706390676354	0.00015900307442081116	0.0
0.0003063820075758017	0.00016617544472680536	0.0
0.0003104570885689798	0.0001733478150327996	0.0
0.00031431189491387803	0.00018071941784729366	0.0
0.00031816670125877624	0.0001882404450431626	0.0
0.0003219113702795345	0.00019586108849328144	0.0
0.0003255459019761528	0.00020363115632477516	0.0
0.0003292905709969111	0.00021155064853764377	0.0
0.0003328149653693894	0.00021951994887763738	0.0
0.00033622922241772785	0.00022758886547188085	0.0
0.0003396434794660663	0.00023580720644749922	0.0
0.0003429475991902647	0.00024407535555024258	0.0
0.0003462517189144632	0.00025239331278011085	0.0
0.00034933556399038173	0.0002607610781371041	0.0
0.0003523092717421604	0.00026917865162122233	0.0
0.00035528297949393903	0.0002776460332324655	0.0
0.0003582566872457176	0.0002860636067165837	0.0
0.0003610101203492163	0.00029448118020070194	0.0
0.0003636534161285751	0.00030289875368482013	0.0
0.0003662967119079339	0.0003112665190418134	0.0
0.00036871973303901273	0.0003195844762716817	0.0
0.00037114275417009164	0.000327852625374425	0.0
0.0003734556379770306	0.0003360709663500434	0.0
0.00037565838445982955	0.00034418969107141185	0.0
0.00037764085629434863	0.00035230841579278027	0.0
0.00037962332812886766	0.00036032752425989886	0.0
0.0003813855253151069	0.0003682968245998924	0.0
0.00038314772250134605	0.0003761665086856361	0.0
0.00038468964503930535	0.0003839863846442547	0.0
0.00038623156757726466	0.0003917564524757485	0.0
0.000387553215466944	0.0003994767121801173	0.0
0.0003886545887083435	0.00040714716375736103	0.0
0.000389755961949743	0.0004147678072074799	0.0
0.0003906370605428626	0.0004223884506575988	0.0
0.0003914080218118422	0.0004299592859805927	0.0
0.0003920688457566819	0.0004375301213035865	0.0
0.0003926195323773817	0.00044510095662658044	0.0
0.0003929499443498015	0.0004527216000766993	0.0
0.0003931702189980814	0.0004603422435268182	0.0
0.0003932803563222214	0.00046796288697693704	0.0
0.0003932803563222214	0.00047563333855418083	0.0
0.0003931702189980814	0.0004834034063856746	0.0
0.0003928398070256616	0.0004911236660900434	0.0
0.00039239925772910177	0.000498993350175787	0.0
0.000391848571108402	0.0005069128423886557	0.0
0.00039129788448770224	0.0005148323346015242	0.0
0.0003904167858945827	0.0005228514430686427	0.0
0.00038953568730146313	0.0005309203596628863	0.0
0.00038843431406006366	0.0005390390843842547	0.0
0.00038733294081866413	0.0005472076172327482	0.0
0.00038601129292898474	0.0005554259582083665	0.0
0.0003845795077151654	0.0005636941073111099	0.0
0.0003829274478530662	0.0005720120645409781	0.0
0.000381165250666827	0.0005803300217708465	0.0
0.0003794030534805878	0.0005886479790007148	0.0
0.0003774205816460687	0.000597015744357708	0.0
0.0003752178351632697	0.0006053835097147012	0.0
0.0003729049513563308	0.0006137512750716945	0.0
0.00037048193022525195	0.0006221190404286877	0.0
0.00036794877177003313	0.0006303871895314311	0.0
0.0003653054759906743	0.0006386553386341743	0.0
0.0003624419055630357	0.0006468736796097928	0.0
0.00035946819781125706	0.0006550422124582862	0.0
0.00035627421541119855	0.0006631111290525297	0.0
0.00035308023301114003	0.0006710804293925233	0.0
0.0003497761132869415	0.0006789501134782669	0.0
0.0003462517189144632	0.0006867201813097606	0.0
0.0003427273245419848	0.0006943408247598795	0.0
0.0003390927928453665	0.0007018120438286235	0.0
0.00033534812382460824	0.0007090840303888675	0.0
0.00033149331747971003	0.0007162564006948619	0.0
0.0003276385111348118	0.0007232295384923562	0.0
0.0003237837047899136	0.0007300034437813508	0.0
0.0003197086237967355	0.0007365781165618455	0.0
0.00031574368012769733	0.0007429535568338403	0.0
0.0003116685991345192	0.0007491297645973353	0.0
0.0003077036554654811	0.0007550569317252055	0.0
0.0003037387117964429	0.0007607848663445759	0.0
0.0002996636308032648	0.0007663135684554465	0.0
0.0002958088244583666	0.0007716430380578172	0.0
0.00029173374346518847	0.0007767234670245631	0.0
0.00028787893712029026	0.0007816046634828091	0.0
0.00028402413077539205	0.0007862368193054304	0.0
0.00028016932443049384	0.0007907195507466768	0.0
0.0002764246554097356	0.0007949532415522984	0.0
0.00027290026103725726	0.0007989378917222952	0.0
0.0002692657293406389	0.000802822925638042	0.0
0.0002657413349681606	0.0008064589189181641	0.0
0.00026232707791982215	0.0008099454878169113	0.0
0.0002590229581956237	0.0008132826323342836	0.0
0.0002558289757955651	0.000816420544343156	0.0
0.0002526349933955066	0.0008194090319706537	0.0
0.000249661285643728	0.0008222480952167763	0.0
0.00024679771521608936	0.0008249875422086491	0.0
0.00024393414478845066	0.000827627372946272	0.0
0.00024118071168495196	0.00083011777930252	0.0
0.0002386475532297331	0.0008324587612773931	0.0
0.0002361143947745143	0.0008347499351251412	0.0
0.00023369137364343543	0.0008369913008457645	0.0
0.00023148862716063646	0.0008390832421850127	0.0
0.0002291757433536975	0.0008411253753971362	0.0
0.00022719327151917844	0.0008430180842278846	0.0
0.00022521079968465936	0.000844910793058633	0.0
0.00022322832785014028	0.0008467038856351317	0.0
0.00022135599333976115	0.0008484969782116302	0.0
0.00021970393347766192	0.0008501904545338789	0.0
0.00021805187361556268	0.0008518341227290025	0.0
0.00021639981375346347	0.0008534279827970011	0.0
0.00021485789121550417	0.000854972034737875	0.0
0.0002133159686775449	0.0008565160866787487	0.0
0.00021177404613958558	0.0008580601386196225	0.0
0.00021034226092576624	0.0008595543824333712	0.0
0.00020880033838780696	0.0008609988181199951	0.0
0.0002072584158498477	0.0008624930619337439	0.0
0.0002057164933118884	0.0008639374976203678	0.0
0.00020417457077392912	0.0008653819333069915	0.0
0.00020241237358768993	0.0008668263689936154	0.0
0.0002007603137255907	0.0008682708046802392	0.0
0.00019899811653935153	0.0008697152403668631	0.0
0.00019701564470483244	0.0008711596760534869	0.0
0.00019503317287031336	0.0008726041117401108	0.0
0.00019294056371165432	0.0008739987392996096	0.0
0.00019073781722885535	0.0008754431749862335	0.0
0.00018820465877363656	0.0008768378025457323	0.0
0.00018578163764255764	0.0008782324301052312	0.0
0.00018302820453905893	0.0008796270576647301	0.0
0.0001802747714355602	0.000881021685224229	0.0
0.0001773010636837816	0.0008823665046566028	0.0
0.00017410708128372308	0.0008836615159618518	0.0
0.0001708029615595246	0.0008849565272671009	0.0
0.00016727856718704622	0.0008862515385723497	0.0
0.00016375417281456786	0.0008874967417504737	0.0
0.00015989936646966966	0.0008887419449285977	0.0
0.0001559344228006315	0.0008899373399795968	0.0
0.0001518593418074534	0.0008911327350305957	0.0
0.00014767412349013534	0.0008922783219544698	0.0
0.0001432686305245374	0.0008933242926240941	0.0
0.00013886313755893942	0.0008943702632937182	0.0
0.0001342373699450616	0.0008953664258362174	0.0
0.00012961160233118373	0.0008963127802515917	0.0
0.00012498583471730587	0.0008972093265398409	0.0
0.00012024992977928807	0.0008980062565738403	0.0
0.00011551402484127027	0.0008987533784807147	0.0
0.00011077811990325246	0.0008994008841333392	0.0
0.00010604221496523467	0.0008999487735317136	0.0
0.00010130631002721687	0.0009004966629300883	0.0
9.679067973747896e-05	0.0009008951279470879	0.0
9.21649121236011e-05	0.0009011939767098377	0.0
8.76492818338632e-05	0.0009014430173454626	0.0
8.335392619240519e-05	0.0009015426335997125	0.0
7.905857055094719e-05	0.0009015924417268374	0.0
7.498348955776909e-05	0.0009015426335997125	0.0
7.112868321287085e-05	0.0009013434010912126	0.0
6.727387686797265e-05	0.0009010943604555878	0.0
6.37494824954943e-05	0.0009007457035657131	0.0
6.0335225447155875e-05	0.0009002974304215884	0.0
5.7141243047097355e-05	0.0008996997328960889	0.0
5.416753529531874e-05	0.0008991020353705894	0.0
5.1414102191820015e-05	0.000898354913463715	0.0
4.877080641246124e-05	0.0008975081753025907	0.0
4.6457922605522314e-05	0.0008966116290143414	0.0
4.425517612272334e-05	0.0008956154664718423	0.0
4.227270428820425e-05	0.0008945196876750931	0.0
4.051050710196508e-05	0.000893423908878344	0.0
3.885844723986584e-05	0.0008922285138273449	0.0
3.731652470190656e-05	0.0008909833106492209	0.0
3.599487681222717e-05	0.000889638491216847	0.0
3.489350357082768e-05	0.0008882936717844731	0.0
3.390226765356815e-05	0.0008868990442249743	0.0
3.302116906044855e-05	0.0008854048004112254	0.0
3.214007046732896e-05	0.0008839603647246016	0.0
3.1479246522489266e-05	0.0008824163127837278	0.0
3.092855990178952e-05	0.0008808224527157291	0.0
3.0377873281089776e-05	0.0008792784007748553	0.0
2.993732398452998e-05	0.0008776347325797317	0.0
2.949677468797019e-05	0.000876040872511733	0.0
2.916636271555034e-05	0.0008743972043166093	0.0
2.8946088067270443e-05	0.0008727535361214856	0.0
2.8615676094850596e-05	0.000871109867926362	0.0
2.83954014465707e-05	0.0008694661997312383	0.0
2.806498947415085e-05	0.0008678225315361146	0.0
2.7844714825870953e-05	0.0008661788633409909	0.0
2.7734577501731006e-05	0.0008645351951458673	0.0
2.7514302853451106e-05	0.0008628417188236186	0.0
2.7294028205171207e-05	0.0008611482425013701	0.0
2.7183890881031262e-05	0.0008594049580519964	0.0
2.6963616232751363e-05	0.0008576616736026228	0.0
2.6853478908611412e-05	0.0008558685810261243	0.0
2.6853478908611412e-05	0.0008539758721953758	0.0
2.6743341584471464e-05	0.0008520831633646273	0.0
2.6633204260331516e-05	0.000850041030152504	0.0
2.6633204260331516e-05	0.0008479988969403806	0.0
2.6523066936191568e-05	0.0008458073393468824	0.0
2.6633204260331516e-05	0.0008436157817533842	0.0
2.6633204260331516e-05	0.000841274799778511	0.0
2.6633204260331516e-05	0.0008388840096765129	0.0
2.6743341584471464e-05	0.00083634379519314	0.0
2.6853478908611412e-05	0.0008337537725826421	0.0
2.6963616232751363e-05	0.0008311139418450192	0.0
2.7183890881031262e-05	0.0008283744948531464	0.0
2.7294028205171207e-05	0.0008255354316070237	0.0
2.7514302853451106e-05	0.000822646560233776	0.0
2.7624440177591058e-05	0.0008197078807334034	0.0
2.7844714825870953e-05	0.0008166197768516559	0.0
2.806498947415085e-05	0.0008135814810970334	0.0
2.828526412243075e-05	0.0008104933772152858	0.0
2.83954014465707e-05	0.0008073056570792884	0.0
2.8725813418990544e-05	0.000804117936943291	0.0
2.8835950743130495e-05	0.0008008804086801686	0.0
2.8946088067270443e-05	0.0007976428804170462	0.0
2.905622539141039e-05	0.0007943057358996739	0.0
2.916636271555034e-05	0.0007909187832551766	0.0
2.927650003969029e-05	0.0007875318306106794	0.0
2.9386637363830238e-05	0.0007840452617119321	0.0
2.9386637363830238e-05	0.00078050888468606	0.0
2.9386637363830238e-05	0.000776922699533063	0.0
2.927650003969029e-05	0.0007732867062529409	0.0
2.916636271555034e-05	0.0007696009048456938	0.0
2.905622539141039e-05	0.0007657656790570719	0.0
2.8946088067270443e-05	0.0007618806451413251	0.0
2.8725813418990544e-05	0.0007578959949713282	0.0
2.83954014465707e-05	0.0007538117285470816	0.0
2.806498947415085e-05	0.0007496278458685849	0.0
2.7734577501731006e-05	0.0007453941550629634	0.0
2.7183890881031262e-05	0.0007410110398759669	0.0
2.6743341584471464e-05	0.0007365781165618455	0.0
2.6192654963771717e-05	0.0007319957688663491	0.0
2.5531831018932026e-05	0.0007273636130437278	0.0
2.4871007074092335e-05	0.0007226318409668566	0.0
2.4100045805112693e-05	0.0007178004526357355	0.0
2.3329084536133047e-05	0.0007128694480503646	0.0
2.244798594301346e-05	0.0007078886353378686	0.0
2.1456750025753916e-05	0.0007028082063711226	0.0
2.0465514108494377e-05	0.0006976779692772518	0.0
1.947427819123484e-05	0.000692448115929131	0.0
1.837290494983535e-05	0.0006871684544538853	0.0
1.7271531708435864e-05	0.0006817891767243897	0.0
1.617015846703637e-05	0.0006764098989948939	0.0
1.5068785225636883e-05	0.0006708811968840234	0.0
1.3967411984237393e-05	0.0006654023029002778	0.0
1.2866038742837906e-05	0.0006598237926622823	0.0
1.1764665501438416e-05	0.0006541954742971619	0.0
1.0773429584178876e-05	0.0006485671559320414	0.0
9.782193666919336e-06	0.0006428392213126711	0.0
8.790957749659796e-06	0.0006371610948204256	0.0
8.019996480680154e-06	0.0006314331602010553	0.0
7.138897887560563e-06	0.0006257052255816849	0.0
6.367936618580921e-06	0.0006199772909623144	0.0
5.817249997881176e-06	0.0006142493563429441	0.0
5.266563377181432e-06	0.0006084716135964488	0.0
4.715876756481687e-06	0.0006027436789770784	0.0
4.385464784061841e-06	0.000597065552484833	0.0
4.055052811641994e-06	0.0005913874259925875	0.0
3.834778163362096e-06	0.0005857591076274671	0.0
3.7246408392221474e-06	0.0005801805973894716	0.0
3.6145035150821986e-06	0.000574602087151476	0.0
3.6145035150821986e-06	0.0005690733850406054	0.0
3.7246408392221474e-06	0.0005636442991839849	0.0
3.7246408392221474e-06	0.0005582152133273643	0.0
3.834778163362096e-06	0.0005528857437249935	0.0
3.944915487502045e-06	0.0005475562741226229	0.0
4.165190135781943e-06	0.0005423264207745021	0.0
4.275327459921892e-06	0.0005371463755535062	0.0
4.49560210820179e-06	0.0005319663303325104	0.0
4.6057394323417385e-06	0.0005268360932386396	0.0
4.715876756481687e-06	0.0005217556642718937	0.0
4.936151404761585e-06	0.0005166752353051477	0.0
5.0462887289015345e-06	0.0005115948063384018	0.0
5.0462887289015345e-06	0.0005065641854987809	0.0
5.0462887289015345e-06	0.00050153356465916	0.0
5.0462887289015345e-06	0.000496502943819539	0.0
5.0462887289015345e-06	0.000491472322979918	0.0
4.936151404761585e-06	0.0004864915102674221	0.0
4.826014080621636e-06	0.0004814608894278011	0.0
4.6057394323417385e-06	0.0004764800767153052	0.0
4.385464784061841e-06	0.00047144945587568424	0.0
4.055052811641994e-06	0.0004664188350360633	0.0
3.7246408392221474e-06	0.00046138821419644234	0.0
3.284091542662352e-06	0.0004563575933568214	0.0
2.8435422461025563e-06	0.0004512771643900755	0.0
2.292855625402812e-06	0.0004461967354233296	0.0
1.8523063288430164e-06	0.00044111630645658366	0.0
1.1914823840033231e-06	0.0004360358774898378	0.0
6.407957633035788e-07	0.00043085583226884196	0.0
-2.0028181536114546e-08	0.00042567578704784615	0.0
-6.808521263758079e-07	0.0004204957418268503	0.0
-1.3416760712155012e-06	0.00041526588847872956	0.0
-2.1126373401951435e-06	0.00040993641887635885	0.0
-2.7734612850348366e-06	0.0004046069492739881	0.0
-3.544422554014479e-06	0.0003992276715444925	0.0
-4.31538382299412e-06	0.00039379858568787184	0.0
-4.976207767833815e-06	0.00038831969170412625	0.0
-5.747169036813457e-06	0.0003827909895932557	0.0
-6.40799298165315e-06	0.0003772622874823852	0.0
-7.068816926492843e-06	0.0003716339691172647	0.0
-7.729640871332538e-06	0.00036600565075214426	0.0
-8.390464816172229e-06	0.00036032752425989886	0.0
-8.941151436871973e-06	0.00035459958964052844	0.0
-9.49183805757172e-06	0.00034892146314828305	0.0
-9.932387354131515e-06	0.0003431437204017877	0.0
-1.037293665069131e-05	0.00033736597765529234	0.0
-1.0703348623111156e-05	0.00033153842678167205	0.0
-1.0923623271391055e-05	0.0003257606840351767	0.0
-1.1033760595531003e-05	0.00031993313316155644	0.0
-1.1143897919670952e-05	0.0003140557741608112	0.0
-1.1033760595531003e-05	0.0003082780314143158	0.0
-1.0813485947251105e-05	0.0003024504805406955	0.0
-1.0593211298971208e-05	0.00029672254592132515	0.0
-1.0152662002411411e-05	0.0002909448031748298	0.0
-9.601975381711668e-06	0.0002852666766825843	0.0
-8.941151436871973e-06	0.0002795885501903389	0.0
-8.060052843752383e-06	0.00027396023182521843	0.0
-7.178954250632792e-06	0.00026838172158722296	0.0
-6.077581009233303e-06	0.00026285301947635246	0.0
-4.866070443693866e-06	0.00025737412549260686	0.0
-3.6545598781544277e-06	0.00025199484776311114	0.0
-2.2227746643350923e-06	0.0002466155700336155	0.0
-6.808521263758079e-07	0.00024133590855836975	0.0
8.610704115834766e-07	0.00023605624708312404	0.0
2.51313027368271e-06	0.0002308762018621282	0.0
4.275327459921892e-06	0.00022579577289538231	0.0
6.147661970301023e-06	0.00022076515205576137	0.0
8.019996480680154e-06	0.00021578433934326538	0.0
9.892330991059284e-06	0.00021095295101214426	0.0
1.1654528177298466e-05	0.00020612156268102317	0.0
1.3526862687677598e-05	0.00020143959873127694	0.0
1.539919719805673e-05	0.00019685725103578064	0.0
1.7271531708435864e-05	0.0001923247114674093	0.0
1.914386621881499e-05	0.00018789178815328787	0.0
2.0795926080914228e-05	0.00018355848109341636	0.0
2.255812326715341e-05	0.00017937459841491974	0.0
2.4100045805112693e-05	0.000175290331990673	0.0
2.5641968343071974e-05	0.0001713554899478012	0.0
2.7183890881031262e-05	0.00016752026415917928	0.0
2.8505538770710644e-05	0.00016383446275193225	0.0
2.9606912012110134e-05	0.00016034789385318507	0.0
3.070828525350963e-05	0.00015696094120868783	0.0
3.169952117076916e-05	0.00015372341294556542	0.0
3.258061976388876e-05	0.00015068511719094286	0.0
3.3241443708728446e-05	0.0001477962458176952	0.0
3.390226765356815e-05	0.0001450567988258224	0.0
3.434281695012794e-05	0.00014251658434244946	0.0
3.4563091598407835e-05	0.00014012579424045138	0.0
3.478336624668774e-05	0.00013783462039270323	0.0
3.489350357082768e-05	0.0001357426790534549	0.0
3.489350357082768e-05	0.00013375035396845654	0.0
3.478336624668774e-05	0.000131907453264833	0.0
3.467322892254778e-05	0.00013021397694258437	0.0
3.445295427426789e-05	0.00012852050062033574	0.0
3.4122542301848037e-05	0.00012702625680658695	0.0
3.379213032942819e-05	0.0001255818211199631	0.0
3.3571855681148293e-05	0.00012418719356046423	0.0
3.3241443708728446e-05	0.00012289218225521528	0.0
3.302116906044855e-05	0.00012164697907709129	0.0
3.2911031736308606e-05	0.00012040177589896728	0.0
3.2800894412168655e-05	0.00011925618897509321	0.0
3.26907570880287e-05	0.00011806079392409418	0.0
3.2800894412168655e-05	0.0001169152070002201	0.0
3.302116906044855e-05	0.00011571981194922105	0.0
3.3241443708728446e-05	0.00011457422502534698	0.0
3.379213032942819e-05	0.00011342863810147292	0.0
3.445295427426789e-05	0.00011228305117759883	0.0
3.522391554324752e-05	0.00011103784799947484	0.0
3.610501413636712e-05	0.00010989226107560075	0.0
3.731652470190656e-05	0.00010869686602460173	0.0
3.8638172591585946e-05	0.00010750147097360269	0.0
3.9959820481265335e-05	0.00010630607592260365	0.0
4.172201766750451e-05	0.00010506087274447966	0.0
4.3484214853743696e-05	0.00010386547769348062	0.0
4.535654936412283e-05	0.00010262027451535662	0.0
4.744915852278185e-05	0.00010137507133723263	0.0
4.9651905005580834e-05	0.00010012986815910862	0.0
5.207492613665971e-05	9.888466498098464e-05	0.0
5.449794726773858e-05	9.763946180286063e-05	0.0
5.703110572295741e-05	9.639425862473663e-05	0.0
5.967440150231618e-05	9.514905544661265e-05	0.0
6.253797192995485e-05	9.390385226848865e-05	0.0
6.540154235759352e-05	9.270845721748963e-05	0.0
6.826511278523219e-05	9.156287029361554e-05	0.0
7.134895786115077e-05	9.03674752426165e-05	0.0
7.443280293706933e-05	8.932150457299235e-05	0.0
7.762678533712784e-05	8.827553390336819e-05	0.0
8.082076773718637e-05	8.727937136086899e-05	0.0
8.412488746138483e-05	8.633301694549475e-05	0.0
8.74290071855833e-05	8.548627878437044e-05	0.0
9.084326423392171e-05	8.468934875037109e-05	0.0
9.425752128226013e-05	8.404184309774661e-05	0.0
9.77819156547385e-05	8.339433744512212e-05	0.0
0.00010130631002721687	8.289625617387253e-05	0.0
0.00010483070439969521	8.249779115687285e-05	0.0
0.00010857537342045348	8.21989423941231e-05	0.0
0.0001122099051170718	8.199970988562325e-05	0.0
0.00011595457413783006	8.190009363137332e-05	0.0
0.00011980938048272827	8.199970988562325e-05	0.0
0.00012355404950348655	8.214913426699813e-05	0.0
0.00012751899317252468	8.239817490262292e-05	0.0
0.0001313737995174229	8.284644804674757e-05	0.0
0.00013533874318646106	8.334452931799716e-05	0.0
0.00013941382417963918	8.394222684349668e-05	0.0
0.00014337876784867735	8.468934875037109e-05	0.0
0.00014745384884185545	8.548627878437044e-05	0.0
0.00015152892983503354	8.643263319974467e-05	0.0
0.0001557141481523516	8.742879574224387e-05	0.0
0.0001597892291455297	8.852457453899298e-05	0.0
0.00016397444746284778	8.967016146286707e-05	0.0
0.00016815966578016583	9.086555651386611e-05	0.0
0.00017223474677334393	9.21107596919901e-05	0.0
0.00017630982776652206	9.340577099723905e-05	0.0
0.00018060518340798004	9.475059042961297e-05	0.0
0.00018468026440115817	9.604560173486192e-05	0.0
0.0001887553453943363	9.739042116723584e-05	0.0
0.0001928304263875144	9.878504872673472e-05	0.0
0.00019701564470483244	0.00010012986815910862	0.0
0.00020098058837387058	0.00010142487946435759	0.0
0.00020494553204290875	0.00010276969889673151	0.0
0.00020880033838780696	0.00010406471020198045	0.0
0.0002126551447327052	0.00010530991338010445	0.0
0.0002165099510776034	0.00010650530843110349	0.0
0.0002201444827742217	0.00010765089535497757	0.0
0.00022388915179497994	0.00010879648227885164	0.0
0.00022741354616745833	0.00010989226107560075	0.0
0.0002307176658916568	0.00011088842361809996	0.0
0.0002341319229399952	0.0001118347780334742	0.0
0.00023732590534005375	0.00011268151619459851	0.0
0.0002404097504159723	0.00011352825435572282	0.0
0.00024338345816775093	0.00011422556813547226	0.0
0.0002461368912712496	0.00011487307378809675	0.0
0.0002488903243747484	0.00011547077131359626	0.0
0.00025131334550582726	0.00011591904445772091	0.0
0.0002537363666369061	0.00011636731760184553	0.0
0.0002558289757955651	0.0001166661663645953	0.0
0.00025781144763008425	0.00011696501512734506	0.0
0.0002595736448163234	0.00011716424763584489	0.0
0.0002612257046784227	0.00011731367201721978	0.0
0.00026265748989224197	0.0001174132882714697	0.0
0.0002638690004577814	0.00011746309639859464	0.0
0.00026486023637504097	0.0001175129045257196	0.0
0.0002656311976440206	0.00011756271265284457	0.0
0.0002662920215888603	0.00011761252077996953	0.0
0.00026662243356128014	0.00011771213703421946	0.0
0.00026684270820956005	0.00011781175328846936	0.0
0.0002667325708854201	0.00011791136954271929	0.0
0.0002665122962371402	0.00011806079392409418	0.0
0.00026618188426472036	0.00011830983455971897	0.0
0.00026552106031988066	0.0001186584914495937	0.0
0.000264750099050901	0.00011905695646659337	0.0
0.00026375886313364144	0.00011960484586496791	0.0
0.00026265748989224197	0.00012015273526334249	0.0
0.0002613358420025626	0.00012089985717021688	0.0
0.00025990405678874323	0.0001217465953313412	0.0
0.000258362134250784	0.00012279256600096537	0.0
0.00025659993706454476	0.00012388834479771447	0.0
0.0002548377398783056	0.00012518335610296345	0.0
0.0002528552680437865	0.0001266775999167122	0.0
0.0002507626588851275	0.00012827145998471094	0.0
0.0002486700497264685	0.0001300645525612095	0.0
0.0002464673032436695	0.0001320070695190829	0.0
0.00024404428211259062	0.00013409901085833123	0.0
0.00024162126098151173	0.00013634037657895442	0.0
0.00023908810252629291	0.00013878097480807746	0.0
0.0002365549440710741	0.00014127138116432544	0.0
0.0002338015109675754	0.00014391121190194834	0.0
0.00023104807786407665	0.0001466506588938211	0.0
0.00022829464476057794	0.00014943991401281887	0.0
0.00022543107433293925	0.00015232878538606653	0.0
0.00022245736658116065	0.0001552176567593142	0.0
0.000219483658829382	0.00015815633625968685	0.0
0.0002165099510776034	0.00016104520763293451	0.0
0.00021342610600168482	0.00016393407900618218	0.0
0.00021034226092576624	0.00016677314225230488	0.0
0.00020714827852570775	0.00016951258924417767	0.0
0.00020395429612564924	0.00017220222810892554	0.0
0.00020065017640145076	0.00017479225071942342	0.0
0.00019745619400139222	0.00017728265707567142	0.0
0.00019426221160133374	0.00017957383092341957	0.0
0.0001910682292012752	0.00018171558038979286	0.0
0.00018787424680121668	0.00018370790547479125	0.0
0.00018457012707701824	0.0001855009980512898	0.0
0.0001813761446769597	0.00018714466624641346	0.0
0.0001782922996010411	0.0001885891019330373	0.0
0.00017509831720098263	0.00018988411323828626	0.0
0.00017201447212506404	0.00019097989203503539	0.0
0.00016904076437328542	0.00019197605457753456	0.0
0.00016617719394564675	0.00019277298461153392	0.0
0.00016331362351800809	0.00019347029839128336	0.0
0.00016045005309036942	0.00019401818778965794	0.0
0.00015769661998687068	0.00019446646093378256	0.0
0.00015516346153165186	0.00019486492595078222	0.0
0.00015263030307643304	0.000195163774713532	0.0
0.00015020728194535416	0.00019541281534915682	0.0
0.00014800453546255518	0.0001956618559847816	0.0
0.0001458017889797562	0.00019586108849328144	0.0
0.0001437091798210972	0.00019606032100178127	0.0
0.00014183684531071804	0.00019625955351028113	0.0
0.00013996451080033892	0.00019650859414590592	0.0
0.00013831245093823968	0.0001967576347815307	0.0
0.00013666039107614045	0.00019705648354428047	0.0
0.0001352286058623211	0.00019735533230703022	0.0
0.00013379682064850178	0.00019775379732402994	0.0
0.00013258531008296235	0.00019820207046815456	0.0
0.00013148393684156285	0.0001987499598665291	0.0
0.00013038256360016338	0.00019929784926490365	0.0
0.0001293913276829038	0.00019994535491752813	0.0
0.00012851022908978425	0.00020059286057015263	0.0
0.00012762913049666464	0.00020133998247702704	0.0
0.00012685816922768502	0.00020218672063815132	0.0
0.00012619734528284532	0.00020298365067215069	0.0
0.0001255365213380056	0.00020383038883327502	0.0
0.00012498583471730587	0.0002047269351215243	0.0
0.00012443514809660613	0.00020562348140977358	0.0
0.00012399459880004632	0.00020652002769802282	0.0
0.00012355404950348655	0.00020746638211339709	0.0
0.00012311350020692674	0.0002083131202745214	0.0
0.0001227830882345069	0.0002092096665627707	0.0
0.000122562813586227	0.00021010621285101993	0.0
0.0001223425389379471	0.0002109031428850193	0.0
0.0001221222642896672	0.00021170007291901867	0.0
0.00012201212696552725	0.0002123973866987681	0.0
0.00012201212696552725	0.00021309470047851755	0.0
0.00012201212696552725	0.000213742206131142	0.0
0.0001221222642896672	0.0002142900955295166	0.0
0.0001223425389379471	0.00021478817680076618	0.0
0.000122562813586227	0.00021518664181776584	0.0
0.00012289322555864685	0.0002155352987076406	0.0
0.00012333377485520663	0.00021583414747039034	0.0
0.00012377432415176643	0.00021603337997889017	0.0
0.00012432501077246617	0.0002161329962331401	0.0
0.00012498583471730587	0.00021623261248739	0.0
0.00012564665866214556	0.00021623261248739	0.0
0.0001264176199311252	0.00021608318810601514	0.0
0.00012718858120010484	0.00021593376372464025	0.0
0.00012806967979322445	0.00021568472308901545	0.0
0.00012895077838634403	0.0002153858743262657	0.0
0.00012994201430360357	0.000214987409309266	0.0
0.00013093325022086311	0.0002144893280380164	0.0
0.00013203462346226261	0.00021394143863964185	0.0
0.0001331359967036621	0.00021334374111414234	0.0
0.0001342373699450616	0.00021259661920726793	0.0
0.000135448880510601	0.0002117996891732686	0.0
0.0001365502537520005	0.0002109031428850193	0.0
0.0001378719016416799	0.00020990698034252013	0.0
0.0001390834122072193	0.000208811201545771	0.0
0.00014040506009689873	0.00020766561462189691	0.0
0.00014172670798657811	0.000206370603316648	0.0
0.00014315849320039746	0.00020502578388427404	0.0
0.00014459027841421675	0.00020353154007052526	0.0
0.00014613220095217606	0.00020198748812965152	0.0
0.0001475639861659954	0.00020029401180740288	0.0
0.00014921604602809464	0.00019850091923090429	0.0
0.00015086810589019388	0.00019665801852728078	0.0
0.0001525201657522931	0.00019471550156940738	0.0
0.00015439250026267224	0.00019267336835728402	0.0
0.0001561546974489114	0.0001904818107637858	0.0
0.0001581371692834305	0.00018829025317028755	0.0
0.00016011964111794957	0.00018594927119541444	0.0
0.00016210211295246865	0.00018355848109341636	0.0
0.00016430485943526763	0.00018106807473716838	0.0
0.00016661774324220656	0.00017847805212667045	0.0
0.00016882048972500553	0.0001758382213890476	0.0
0.00017113337353194443	0.00017304896627004984	0.0
0.00017355639466302335	0.00017020990302392712	0.0
0.00017608955311824214	0.00016732103165067945	0.0
0.00017862271157346096	0.00016428273589605692	0.0
0.00018126600735281976	0.0001611946320143094	0.0
0.00018390930313217851	0.00015800691187831196	0.0
0.00018666273623567725	0.00015476938361518958	0.0
0.00018941616933917596	0.00015143223909781727	0.0
0.0001921696024426747	0.00014799547832619503	0.0
0.00019503317287031336	0.00014450890942744785	0.0
0.00019789674329795206	0.00014092272427445075	0.0
0.00020087045104973065	0.00013723692286720372	0.0
0.00020373402147736932	0.00013350131333283172	0.0
0.00020670772922914794	0.0001296660875442098	0.0
0.00020968143698092657	0.000125731245501338	0.0
0.0002125450074085652	0.0001217465953313412	0.0
0.00021551871516034386	0.00011771213703421946	0.0
0.00021838228558798253	0.00011352825435572282	0.0
0.00022135599333976115	0.00010939417980435117	0.0
0.00022421956376739982	0.00010511068087160461	0.0
0.00022697299687089853	0.00010082718193885807	0.0
0.00022983656729853722	9.649387487898656e-05	0.0
0.00023247986307789597	9.216056781911505e-05	0.0
0.0002352332961813947	8.777745263211859e-05	0.0
0.00023787659196075348	8.339433744512212e-05	0.0
0.00024051988774011223	7.896141413100071e-05	0.0
0.00024305304619533108	7.46281070711292e-05	0.0
0.0002455862046505499	7.024499188413273e-05	0.0
0.00024789908845748883	6.586187669713627e-05	0.0
0.0002503221095885677	6.152856963726475e-05	0.0
0.0002526349933955066	5.7245070704518214e-05	0.0
0.0002548377398783056	5.301137989889662e-05	0.0
0.00025693034903696464	4.877768909327504e-05	0.0
0.0002590229581956237	4.464361454190337e-05	0.0
0.00026100543003014276	4.05095399905317e-05	0.0
0.0002629879018646618	3.6524889820534914e-05	0.0
0.000264750099050901	3.259004777766309e-05	0.0
0.00026662243356128014	2.8754821989041184e-05	0.0
0.00026838463074751936	2.5019212454669196e-05	0.0
0.0002699265532854786	2.1383219174547125e-05	0.0
0.0002715786131475778	1.789665027579994e-05	0.0
0.0002731205356855371	1.4459889504177709e-05	0.0
0.0002744421835752165	1.122236124105532e-05	0.0
0.0002757638314648959	8.08444923218285e-06	0.0
0.0002770854793545753	5.095961604685259e-06	0.0
0.0002782969899201147	2.2568983585625486e-06	0.0
0.00027928822583737423	-4.825486333102425e-07	0.0
0.0002802794617546338	-3.0227631166831945e-06	0.0
0.0002812706976718933	-5.463361345806226e-06	0.0
0.00028204165894087297	-7.75453519355438e-06	0.0
0.0002828126202098526	-9.896284659927652e-06	0.0
0.0002834734441546923	-1.1888609744926046e-05	0.0
0.00028402413077539205	-1.373151044854956e-05	0.0
0.0002845748173960918	-1.5474794897923154e-05	0.0
0.0002850153666926516	-1.706865496592187e-05	0.0
0.0002852356413409315	-1.8562898779670663e-05	0.0
0.0002854559159892114	-1.985791008491962e-05	0.0
0.00028556605331335136	-2.1103113263043615e-05	0.0
0.00028567619063749126	-2.219889205979273e-05	0.0
0.00028556605331335136	-2.314524647516697e-05	0.0
0.0002854559159892114	-2.4041792763416246e-05	0.0
0.0002851255040167915	-2.4788914670290647e-05	0.0
0.0002847950920443717	-2.548622845004008e-05	0.0
0.00028424440542367197	-2.613373410266456e-05	0.0
0.0002838038561271122	-2.668162350103912e-05	0.0
0.0002830328948581325	-2.7129896645163757e-05	0.0
0.0002823720709132928	-2.7528361662163435e-05	0.0
0.00028149097232017323	-2.787701855203815e-05	0.0
0.0002804997364029137	-2.817586731478791e-05	0.0
0.00027939836316151424	-2.847471607753767e-05	0.0
0.0002782969899201147	-2.8673948586037513e-05	0.0
0.00027697534203043533	-2.882337296741239e-05	0.0
0.000275543556816616	-2.902260547591223e-05	0.0
0.00027411177160279664	-2.912222173016215e-05	0.0
0.0002725698490648374	-2.922183798441207e-05	0.0
0.0002709177892027381	-2.932145423866199e-05	0.0
0.00026915559201649895	-2.9371262365786947e-05	0.0
0.00026728325750611983	-2.9470878620036868e-05	0.0
0.0002654109229957407	-2.957049487428679e-05	0.0
0.00026331831383708166	-2.9620303001411746e-05	0.0
0.0002612257046784227	-2.9719919255661667e-05	0.0
0.0002590229581956237	-2.981953550991159e-05	0.0
0.0002567100743886847	-2.9919151764161506e-05	0.0
0.00025428705325760586	-3.0018768018411427e-05	0.0
0.000251864032126527	-3.0118384272661348e-05	0.0
0.0002493308736713082	-3.0267808654036226e-05	0.0
0.0002466875778919494	-3.0367424908286144e-05	0.0
0.00024404428211259062	-3.0516849289661022e-05	0.0
0.00024118071168495196	-3.061646554391094e-05	0.0
0.00023820700393317333	-3.076588992528583e-05	0.0
0.0002352332961813947	-3.086550617953574e-05	0.0
0.00023214945110547615	-3.0965122433785663e-05	0.0
0.0002289554687054176	-3.101493056091062e-05	0.0
0.00022565134898121914	-3.111454681516054e-05	0.0
0.00022223709193288074	-3.1064738688035585e-05	0.0
0.00021871269756040237	-3.1064738688035585e-05	0.0
0.000215188303187924	-3.1064738688035585e-05	0.0
0.00021144363416716574	-3.0915314306660706e-05	0.0
0.00020758882782226753	-3.0815698052410785e-05	0.0
0.00020373402147736932	-3.0566657416785986e-05	0.0
0.00019965894048419122	-3.0317616781161187e-05	0.0
0.00019547372216687314	-2.9968959891286467e-05	0.0
0.00019128850384955508	-2.957049487428679e-05	0.0
0.00018688301088395714	-2.9072413603037187e-05	0.0
0.00018247751791835917	-2.8524524204662632e-05	0.0
0.00017785175030448133	-2.7827210424913195e-05	0.0
0.0001732259826906035	-2.7080088518038793e-05	0.0
0.00016849007775258568	-2.623335035691448e-05	0.0
0.0001636440354904279	-2.53368040686652e-05	0.0
0.00015868785590413022	-2.4290833399041045e-05	0.0
0.00015362153899369259	-2.314524647516697e-05	0.0
0.00014855522208325492	-2.190004329704297e-05	0.0
0.0001432686305245374	-2.0605031991794017e-05	0.0
0.0001380921762899598	-1.9160596305170182e-05	0.0
0.00013280558473124224	-1.7666352491421387e-05	0.0
0.00012740885584838475	-1.6072492423422674e-05	0.0
0.00012223240161380716	-1.4428824228298998e-05	0.0
0.00011683567273094966	-1.2635731651800443e-05	0.0
0.00011143894384809216	-1.084263907530189e-05	0.0
0.00010626248961351456	-8.999738371678374e-06	0.0
0.00010086576073065706	-7.057221413804941e-06	0.0
9.568930649607948e-05	-5.114704455931508e-06	0.0
9.062298958564181e-05	-3.0725712438081537e-06	0.0
8.555667267520417e-05	-1.0802461588097605e-06	0.0
8.060049308890648e-05	1.0116951804385527e-06	0.0
7.586458815088866e-05	3.103636519686866e-06	0.0
7.112868321287085e-05	5.245385986060139e-06	0.0
6.650291559899302e-05	7.337327325308452e-06	0.0
6.209742263339506e-05	9.479076791681726e-06	0.0
5.7802066991937056e-05	1.1620826258054998e-05	0.0
5.3726985998758945e-05	1.3762575724428271e-05	0.0
4.9651905005580834e-05	1.5904325190801545e-05	0.0
4.579709866068262e-05	1.8046074657174817e-05	0.0
4.216256696406431e-05	2.018782412354809e-05	0.0
3.8638172591585946e-05	2.22797654627964e-05	0.0
3.522391554324752e-05	2.4371706802044716e-05	0.0
3.180965849490911e-05	2.646364814129303e-05	0.0
2.8725813418990544e-05	2.8555589480541342e-05	0.0
2.5531831018932026e-05	3.0597722692664696e-05	0.0
2.255812326715341e-05	3.2639855904788054e-05	0.0
1.9694552839514735e-05	3.46819891169114e-05	0.0
1.6830982411876065e-05	3.6724122329034756e-05	0.0
1.3967411984237393e-05	3.8766255541158114e-05	0.0
1.1213978880738671e-05	4.0708772499031544e-05	0.0
8.570683101379899e-06	4.27509057111549e-05	0.0
5.927387322021126e-06	4.4743230796153295e-05	0.0
3.284091542662352e-06	4.673555588115168e-05	0.0
6.407957633035788e-07	4.877768909327504e-05	0.0
-2.0025000160551943e-06	5.0770014178273434e-05	0.0
-4.535658471274019e-06	5.276233926327183e-05	0.0
-7.068816926492843e-06	5.480447247539518e-05	0.0
-9.712112705851617e-06	5.679679756039357e-05	0.0
-1.224527116107044e-05	5.883893077251692e-05	0.0
-1.4888566940429214e-05	6.088106398464028e-05	0.0
-1.7421725395648037e-05	6.292319719676363e-05	0.0
-1.9954883850866863e-05	6.496533040888698e-05	0.0
-2.248804230608569e-05	6.700746362101035e-05	0.0
-2.502120076130451e-05	6.904959683313369e-05	0.0
-2.7664496540663287e-05	7.109173004525704e-05	0.0
-3.019765499588211e-05	7.318367138450536e-05	0.0
-3.273081345110093e-05	7.527561272375368e-05	0.0
-3.526397190631976e-05	7.731774593587702e-05	0.0
-3.790726768567853e-05	7.940968727512533e-05	0.0
-4.055056346503731e-05	8.150162861437365e-05	0.0
-4.319385924439608e-05	8.354376182649701e-05	0.0
-4.583715502375485e-05	8.563570316574532e-05	0.0
-4.859058812725358e-05	8.772764450499363e-05	0.0
-5.13440212307523e-05	8.981958584424195e-05	0.0
-5.4207591658390966e-05	9.191152718349026e-05	0.0
-5.7181299410169584e-05	9.400346852273856e-05	0.0
-6.004486983780826e-05	9.604560173486192e-05	0.0
-6.312871491372682e-05	9.813754307411024e-05	0.0
-6.632269731378535e-05	0.00010017967628623359	0.0
-6.951667971384386e-05	0.00010222180949835693	0.0
-7.282079943804233e-05	0.0001042639427104803	0.0
-7.623505648638074e-05	0.00010630607592260365	0.0
-7.975945085885911e-05	0.000108348209134727	0.0
-8.328384523133747e-05	0.00011039034234685036	0.0
-8.702851425209573e-05	0.00011243247555897371	0.0
-9.066304594871405e-05	0.00011452441689822203	0.0
-9.440771496947232e-05	0.00011661635823747034	0.0
-9.815238399023058e-05	0.00011870829957671865	0.0
-0.00010211732765926873	0.00012085004904309192	0.0
-0.00010597213400416694	0.0001229917985094652	0.0
-0.00010982694034906515	0.00012523316423008836	0.0
-0.00011368174669396336	0.00012747452995071158	0.0
-0.00011753655303886157	0.00012976570379845973	0.0
-0.00012139135938375978	0.00013210668577333284	0.0
-0.00012513602840451805	0.00013454728400245588	0.0
-0.0001288806974252763	0.0001369878822315789	0.0
-0.00013251522912189462	0.00013952809671495187	0.0
-0.00013614976081851294	0.00014211811932544977	0.0
-0.00013956401786685134	0.0001448077581901976	0.0
-0.00014297827491518977	0.00014749739705494544	0.0
-0.00014628239463938822	0.00015028665217394318	0.0
-0.00014947637703944676	0.0001531257154200659	0.0
-0.00015245008479122538	0.00015606439492043853	0.0
-0.00015542379254300398	0.00015905288254793612	0.0
-0.00015817722564650272	0.0001620413701754337	0.0
-0.0001608205214258615	0.0001651294740571812	0.0
-0.00016335367988108031	0.00016821757793892872	0.0
-0.00016566656368801924	0.0001713554899478012	0.0
-0.00016786931017081822	0.0001745930182109236	0.0
-0.00016996191932947723	0.000177780738346921	0.0
-0.00017183425383985638	0.00018096845848291845	0.0
-0.00017359645102609555	0.0001842557948731658	0.0
-0.00017524851088819479	0.00018754313126341315	0.0
-0.00017668029610201413	0.00019078065952653553	0.0
-0.0001780019439916935	0.0001940679959167829	0.0
-0.0001793235918813729	0.0001974051404341552	0.0
-0.00018031482779863245	0.00020069247682440254	0.0
-0.00018130606371589197	0.00020402962134177485	0.0
-0.00018218716230901158	0.00020736676585914716	0.0
-0.0001829581235779912	0.00021065410224939453	0.0
-0.0001836189475228309	0.00021399124676676682	0.0
-0.00018416963414353066	0.0002172785831570142	0.0
-0.00018461018344009044	0.00022061572767438647	0.0
-0.00018494059541251029	0.00022390306406463382	0.0
-0.0001853811447090701	0.00022719040045488117	0.0
-0.00018560141935734998	0.00023047773684512851	0.0
-0.00018582169400562987	0.0002337650732353759	0.0
-0.00018604196865390979	0.00023700260149849825	0.0
-0.00018604196865390979	0.00024024012976162066	0.0
-0.00018615210597804974	0.00024337804177049314	0.0
-0.00018615210597804974	0.0002465159537793656	0.0
-0.00018615210597804974	0.00024965386578823805	0.0
-0.00018604196865390979	0.00025269216154286063	0.0
-0.00018593183132976985	0.0002556806491703582	0.0
-0.00018582169400562987	0.00025861932867073085	0.0
-0.0001857115566814899	0.00026150820004397854	0.0
-0.0001853811447090701	0.00026429745516297625	0.0
-0.00018516087006079017	0.0002669870940277241	0.0
-0.0001847203207642304	0.00026962692476534695	0.0
-0.00018427977146767062	0.00027221694737584486	0.0
-0.00018383922217111079	0.0002747073537320929	0.0
-0.00018317839822627112	0.00027709814383409094	0.0
-0.00018262771160557138	0.00027938931768183906	0.0
-0.00018196688766073166	0.0002816306834024623	0.0
-0.00018108578906761208	0.0002837724328688355	0.0
-0.00018020469047449247	0.0002858643742080839	0.0
-0.00017921345455723295	0.0002878068911659573	0.0
-0.00017811208131583345	0.0002896995999967058	0.0
-0.00017690057075029402	0.0002914926925732043	0.0
-0.00017557892286061463	0.000293186168895453	0.0
-0.00017403700032265536	0.00029478002896345167	0.0
-0.000172605215108836	0.0002962742727772005	0.0
-0.0001709531552467368	0.0002976190922095744	0.0
-0.0001691909580604976	0.00029891410351482335	0.0
-0.00016742876087425844	0.0003000596904386974	0.0
-0.00016544628903973936	0.00030105585298119663	0.0
-0.00016346381720522027	0.00030200220739657084	0.0
-0.00016137120804656123	0.0003027991374305702	0.0
-0.00015916846156376226	0.0003034466430831947	0.0
-0.00015696571508096326	0.0003039945324815693	0.0
-0.00015465283127402436	0.0003043929974985689	0.0
-0.00015245008479122538	0.0003046420381341937	0.0
-0.0001500270636601465	0.00030484127064269356	0.0
-0.00014771417985320757	0.0003048910787698185	0.0
-0.00014540129604626863	0.00030484127064269356	0.0
-0.00014308841223932973	0.0003046420381341937	0.0
-0.0001407755284323908	0.000304343189371444	0.0
-0.0001385727819495918	0.0003039447243544443	0.0
-0.0001364801727909328	0.0003034466430831947	0.0
-0.00013438756363227375	0.00030289875368482013	0.0
-0.00013229495447361473	0.0003022014399050707	0.0
-0.0001304226199632356	0.0003014045098710713	0.0
-0.00012855028545285646	0.00030055777170994705	0.0
-0.0001267880882666173	0.0002996114172945728	0.0
-0.00012513602840451805	0.0002985654466249486	0.0
-0.00012359410586655877	0.00029751947595532446	0.0
-0.00012216232065273943	0.0002963738890314504	0.0
-0.00012084067276306004	0.0002951784939804514	0.0
-0.00011962916219752061	0.00029393329080232733	0.0
-0.00011841765163198116	0.00029268808762420334	0.0
-0.00011742641571472162	0.00029134326819182943	0.0
-0.00011643517979746208	0.00028994864063233055	0.0
-0.0001155540812043425	0.00028855401307283167	0.0
-0.00011489325725950279	0.0002871095773862079	0.0
-0.00011412229599052316	0.00028561533357245907	0.0
-0.00011346147204568347	0.00028412108975871026	0.0
-0.00011302092274912368	0.0002825770378178365	0.0
-0.00011247023612842393	0.0002809831777498378	0.0
-0.00011202968683186412	0.00027938931768183906	0.0
-0.00011169927485944429	0.0002777954576138404	0.0
-0.00011136886288702444	0.0002762015975458417	0.0
-0.00011114858823874455	0.000274557929350718	0.0
-0.00011092831359046464	0.0002729142611555943	0.0
-0.00011081817626632469	0.00027127059296047065	0.0
-0.00011070803894218475	0.00026962692476534695	0.0
-0.0001105979016180448	0.0002680330646973482	0.0
-0.0001105979016180448	0.00026643920462934953	0.0
-0.0001105979016180448	0.00026484534456135085	0.0
-0.0001105979016180448	0.0002632514844933521	0.0
-0.00011081817626632469	0.00026170743255247834	0.0
-0.00011092831359046464	0.0002601633806116046	0.0
-0.00011114858823874455	0.0002586691367978558	0.0
-0.0001112587255628845	0.000257174892984107	0.0
-0.00011147900021116439	0.00025573045729748316	0.0
-0.00011169927485944429	0.00025428602161085937	0.0
-0.00011202968683186412	0.0002528913940513605	0.0
-0.00011236009880428398	0.00025154657461898657	0.0
-0.00011280064810084378	0.0002502515633137376	0.0
-0.00011313106007326362	0.0002489565520084886	0.0
-0.00011346147204568347	0.0002477113488303646	0.0
-0.00011390202134224326	0.0002465159537793656	0.0
-0.00011434257063880305	0.00024532055872836657	0.0
-0.0001146729826112229	0.0002441749718044925	0.0
-0.00011522366923192265	0.00024307919300774335	0.0
-0.0001155540812043425	0.00024198341421099426	0.0
-0.00011599463050090229	0.0002409374435413701	0.0
-0.00011643517979746208	0.00023989147287174594	0.0
-0.00011698586641816183	0.00023889531032924674	0.0
-0.00011731627839058168	0.0002379489559138725	0.0
-0.00011764669036300153	0.00023695279337137328	0.0
-0.00011808723965956132	0.00023600643895599908	0.0
-0.00011841765163198116	0.00023506008454062484	0.0
-0.00011863792628026105	0.00023416353825237555	0.0
-0.00011896833825268091	0.00023321718383700134	0.0
-0.0001191886129009608	0.00023232063754875204	0.0
-0.00011929875022510076	0.0002313742831333778	0.0
-0.0001194088875492407	0.00023042792871800355	0.0
-0.00011951902487338065	0.00022948157430262934	0.0
-0.00011951902487338065	0.00022853521988725508	0.0
-0.00011951902487338065	0.00022763867359900582	0.0
-0.0001194088875492407	0.00022669231918363158	0.0
-0.00011929875022510076	0.00022579577289538231	0.0
-0.0001191886129009608	0.00022489922660713302	0.0
-0.00011896833825268091	0.00022400268031888375	0.0
-0.00011874806360440102	0.00022310613403063448	0.0
-0.00011852778895612111	0.00022225939586951017	0.0
-0.00011819737698370127	0.00022141265770838584	0.0
-0.00011797710233542137	0.00022061572767438647	0.0
-0.00011764669036300153	0.00021976898951326217	0.0
-0.00011720614106644173	0.00021902186760638776	0.0
-0.00011687572909402189	0.00021832455382663832	0.0
-0.00011654531712160203	0.00021757743191976392	0.0
-0.00011610476782504225	0.00021688011814001448	0.0
-0.00011577435585262239	0.00021623261248739	0.0
-0.0001153338065560626	0.0002156349149618905	0.0
-0.00011489325725950279	0.00021503721743639098	0.0
-0.00011456284528708296	0.0002144893280380164	0.0
-0.00011401215866638322	0.00021399124676676682	0.0
-0.00011357160936982341	0.0002135429736226422	0.0
-0.00011313106007326362	0.00021314450860564248	0.0
-0.00011258037345256387	0.0002127958517157678	0.0
-0.00011202968683186412	0.00021244719482589307	0.0
-0.00011147900021116439	0.00021219815419026828	0.0
-0.00011092831359046464	0.00021194911355464346	0.0
-0.0001103776269697649	0.0002117996891732686	0.0
-0.00010982694034906515	0.0002116502647918937	0.0
-0.00010916611640422546	0.00021160045666476874	0.0
-0.00010861542978352572	0.00021155064853764377	0.0
-0.00010806474316282597	0.00021160045666476874	0.0
-0.00010740391921798629	0.0002116502647918937	0.0
-0.00010685323259728654	0.00021170007291901867	0.0
-0.00010619240865244683	0.0002117996891732686	0.0
-0.0001056417220317471	0.00021194911355464346	0.0
-0.0001049808980869074	0.0002121483460631433	0.0
-0.00010443021146620765	0.00021234757857164314	0.0
-0.00010387952484550791	0.00021259661920726793	0.0
-0.00010332883822480816	0.0002127958517157678	0.0
-0.00010288828892824837	0.00021304489235139258	0.0
-0.00010244773963168858	0.00021334374111414234	0.0
-0.00010200719033512879	0.00021359278174976716	0.0
-0.00010156664103856898	0.00021394143863964185	0.0
-0.00010123622906614914	0.00021424028740239163	0.0
-0.0001009058170937293	0.00021458894429226633	0.0
-0.00010068554244544939	0.000214987409309266	0.0
-0.0001004652677971695	0.00021533606619914073	0.0
-0.0001002449931488896	0.00021578433934326538	0.0
-0.00010013485582474965	0.00021623261248739	0.0
-0.0001000247185006097	0.00021673069375863961	0.0
-9.991458117646976e-05	0.00021722877502988923	0.0
-9.98044438523298e-05	0.00021777666442826377	0.0
-9.991458117646976e-05	0.0002183743619537633	0.0
-9.991458117646976e-05	0.00021907167573351273	0.0
-0.0001000247185006097	0.00021981879764038713	0.0
-0.00010013485582474965	0.00022061572767438647	0.0
-0.0001002449931488896	0.0002214624658355108	0.0
-0.0001004652677971695	0.00022240882025088504	0.0
-0.00010068554244544939	0.00022340498279338424	0.0
-0.00010079567976958933	0.00022450076159013336	0.0
-0.00010112609174200919	0.00022564634851400742	0.0
-0.00010134636639028908	0.00022684174356500645	0.0
-0.00010156664103856898	0.00022808694674313046	0.0
-0.00010178691568684889	0.00022943176617550438	0.0
-0.00010211732765926873	0.00023082639373500324	0.0
-0.00010233760230754862	0.00023222102129450212	0.0
-0.00010266801427996847	0.000233615648854001	0.0
-0.00010288828892824837	0.00023510989266774978	0.0
-0.00010310856357652828	0.00023655432835437362	0.0
-0.00010343897554894811	0.00023799876404099747	0.0
-0.00010354911287308807	0.0002394431997276213	0.0
-0.00010387952484550791	0.0002407880191599952	0.0
-0.00010409979949378782	0.00024213283859236912	0.0
-0.0001043200741420677	0.00024347765802474304	0.0
-0.0001045403487903476	0.0002446730530757421	0.0
-0.00010476062343862751	0.00024581863999961615	0.0
-0.0001049808980869074	0.00024686461066924034	0.0
-0.0001052011727351873	0.00024781096508461455	0.0
-0.00010542144738346719	0.0002486078951186139	0.0
-0.0001056417220317471	0.00024930520889836336	0.0
-0.000105861996680027	0.0002498530982967379	0.0
-0.00010597213400416694	0.0002503013714408626	0.0
-0.00010619240865244683	0.0002506002202036123	0.0
-0.00010652282062486669	0.0002506500283307372	0.0
-0.00010663295794900664	0.0002506002202036123	0.0
-0.00010696336992142648	0.00025035117956798754	0.0
-0.00010718364456970637	0.00024995271455098783	0.0
-0.00010740391921798629	0.0002494048251526133	0.0
-0.00010762419386626618	0.0002486577032457389	0.0
-0.00010795460583868603	0.0002477611569574896	0.0
-0.00010817488048696591	0.0002466653781607405	0.0
-0.00010850529245938578	0.00024546998310974146	0.0
-0.00010872556710766566	0.00024412516367736754	0.0
-0.00010905597908008551	0.00024263091986361873	0.0
-0.00010938639105250536	0.00024098725166849506	0.0
-0.00010960666570078526	0.00023924396721912146	0.0
-0.0001099370776732051	0.00023745087464262292	0.0
-0.000110157352321485	0.00023555816581187443	0.0
-0.00011048776429390484	0.00023356584072687603	0.0
-0.00011070803894218475	0.00023152370751475268	0.0
-0.00011092831359046464	0.00022943176617550438	0.0
-0.0001112587255628845	0.0002272900167091311	0.0
-0.00011136886288702444	0.00022514826724275784	0.0
-0.00011158913753530433	0.00022300651777638455	0.0
-0.00011169927485944429	0.0002208647683100113	0.0
-0.00011180941218358423	0.000218723018843638	0.0
-0.00011191954950772418	0.00021658126937726475	0.0
-0.00011202968683186412	0.0002144893280380164	0.0
-0.00011202968683186412	0.00021244719482589307	0.0
-0.00011202968683186412	0.00021045486974089468	0.0
-0.00011191954950772418	0.00020851235278302125	0.0
-0.00011180941218358423	0.00020666945207939772	0.0
-0.00011158913753530433	0.00020482655137577421	0.0
-0.0001112587255628845	0.00020313307505352558	0.0
-0.00011103845091460458	0.00020143959873127694	0.0
-0.0001105979016180448	0.00019984573866327823	0.0
-0.00011026748964562496	0.00019835149484952945	0.0
-0.0001097168030249252	0.0001969070591629056	0.0
-0.00010927625372836541	0.00019551243160340672	0.0
-0.00010861542978352572	0.00019421742029815774	0.0
-0.00010806474316282597	0.00019297221712003378	0.0
-0.00010729378189384632	0.0001918266301961597	0.0
-0.00010663295794900664	0.0001906810432722856	0.0
-0.000105861996680027	0.0001895852644755365	0.0
-0.00010509103541104735	0.00018853929380591234	0.0
-0.0001043200741420677	0.00018754313126341315	0.0
-0.00010343897554894811	0.00018659677684803891	0.0
-0.00010255787695582853	0.00018570023055978962	0.0
-0.00010167677836270893	0.00018480368427154035	0.0
-0.00010068554244544939	0.00018390713798329108	0.0
-9.98044438523298e-05	0.00018306039982216677	0.0
-9.892334525921022e-05	0.00018221366166104244	0.0
-9.793210934195067e-05	0.00018141673162704307	0.0
-9.70510107488311e-05	0.00018056999346591877	0.0
-9.605977483157154e-05	0.0001797730634319194	0.0
-9.5068538914312e-05	0.00017897613339792003	0.0
-9.407730299705246e-05	0.0001781792033639207	0.0
-9.319620440393286e-05	0.00017738227332992135	0.0
-9.220496848667333e-05	0.00017663515142304694	0.0
-9.121373256941379e-05	0.0001758382213890476	0.0
-9.022249665215425e-05	0.00017504129135504824	0.0
-8.923126073489471e-05	0.00017429416944817383	0.0
-8.824002481763517e-05	0.0001735968556684244	0.0
-8.735892622451558e-05	0.00017289954188867495	0.0
-8.636769030725604e-05	0.00017225203623605047	0.0
-8.53764543899965e-05	0.00017160453058342602	0.0
-8.44953557968769e-05	0.00017100683305792646	0.0
-8.350411987961737e-05	0.0001704589436595519	0.0
-8.251288396235783e-05	0.00016996086238830232	0.0
-8.152164804509829e-05	0.00016946278111705274	0.0
-8.04202748036988e-05	0.00016906431610005305	0.0
-7.931890156229932e-05	0.00016871565921017833	0.0
-7.832766564503978e-05	0.00016841681044742858	0.0
-7.722629240364028e-05	0.00016816776981180376	0.0
-7.623505648638074e-05	0.0001680183454304289	0.0
-7.513368324498125e-05	0.00016796853730330393	0.0
-7.403231000358176e-05	0.000167918729176179	0.0
-7.282079943804233e-05	0.00016796853730330393	0.0
-7.171942619664285e-05	0.00016806815355755383	0.0
-7.061805295524335e-05	0.00016821757793892872	0.0
-6.940654238970392e-05	0.0001685164267016785	0.0
-6.830516914830443e-05	0.00016881527546442823	0.0
-6.720379590690494e-05	0.00016926354860855288	0.0
-6.599228534136549e-05	0.0001697616298798025	0.0
-6.478077477582606e-05	0.00017030951927817704	0.0
-6.367940153442657e-05	0.00017100683305792646	0.0
-6.246789096888713e-05	0.00017175395496480086	0.0
-6.12563804033477e-05	0.0001726006931259252	0.0
-6.015500716194821e-05	0.00017349723941417446	0.0
-5.894349659640877e-05	0.00017449340195667369	0.0
-5.7842123355009285e-05	0.00017563898888054775	0.0
-5.663061278946984e-05	0.00017683438393154677	0.0
-5.5529239548070355e-05	0.0001780795871096708	0.0
-5.442786630667086e-05	0.00017947421466916967	0.0
-5.3326493065271376e-05	0.0001809186503557935	0.0
-5.222511982387189e-05	0.00018246270229666726	0.0
-5.11237465824724e-05	0.0001841063704917909	0.0
-4.991223601693296e-05	0.00018579984681403955	0.0
-4.8921000099673424e-05	0.00018764274751766305	0.0
-4.781962685827393e-05	0.00018948564822128658	0.0
-4.6718253616874445e-05	0.00019147797330628497	0.0
-4.5506743051335e-05	0.00019352010651840833	0.0
-4.4405369809935515e-05	0.00019561204785765662	0.0
-4.319385924439608e-05	0.00019785341357827984	0.0
-4.209248600299659e-05	0.00020009477929890302	0.0
-4.09911127615971e-05	0.00020238595314665117	0.0
-3.977960219605766e-05	0.00020477674324864925	0.0
-3.856809163051823e-05	0.00020721734147777227	0.0
-3.724644374083884e-05	0.00020970774783402027	0.0
-3.60349331752994e-05	0.00021224796231739324	0.0
-3.482342260975997e-05	0.00021483798492789115	0.0
-3.350177472008058e-05	0.00021752762379263895	0.0
-3.218012683040119e-05	0.00022021726265738682	0.0
-3.08584789407218e-05	0.0002229567096492596	0.0
-2.9426693726902467e-05	0.00022574596476825735	0.0
-2.8105045837223082e-05	0.00022858502801438005	0.0
-2.6783397947543693e-05	0.0002314738993876277	0.0
-2.535161273372436e-05	0.0002343627707608754	0.0
-2.3919827519905023e-05	0.000237351258388373	0.0
-2.237790498194574e-05	0.00024033974601587058	0.0
-2.09461197681264e-05	0.00024337804177049314	0.0
-1.940419723016712e-05	0.00024646614565224063	0.0
-1.7862274692207832e-05	0.00024965386578823805	0.0
-1.6320352154248548e-05	0.0002528415859242355	0.0
-1.4668292292149317e-05	0.00025602930606023294	0.0
-1.3126369754190032e-05	0.00025931664245048023	0.0
-1.14743098920908e-05	0.00026255417071360267	0.0
-9.822250029991565e-06	0.000265891315230975	0.0
-8.060052843752383e-06	0.00026922845974834724	0.0
-6.40799298165315e-06	0.0002725656042657196	0.0
-4.645795795413968e-06	0.0002759027487830919	0.0
-2.7734612850348366e-06	0.0002792398933004642	0.0
-1.0112640987956546e-06	0.00028262684594496145	0.0
7.509330874435277e-07	0.00028591418233520885	0.0
2.6232675978226583e-06	0.0002892015187254562	0.0
4.385464784061841e-06	0.0002924888551157035	0.0
6.257799294440972e-06	0.00029567657525170096	0.0
8.019996480680154e-06	0.00029876467913344845	0.0
9.892330991059284e-06	0.00030180297488807104	0.0
1.1654528177298466e-05	0.00030474165438844364	0.0
1.3416725363537649e-05	0.00030758071763456636	0.0
1.5178922549776831e-05	0.0003102703564993142	0.0
1.6941119736016013e-05	0.0003128603791098121	0.0
1.8703316922255197e-05	0.00031530097733893517	0.0
2.035537678435443e-05	0.0003175921511866833	0.0
2.2007436646453662e-05	0.0003197339006530566	0.0
2.3659496508552898e-05	0.0003217760338651799	0.0
2.531155637065213e-05	0.0003235691264416785	0.0
2.6853478908611412e-05	0.0003252626027639271	0.0
2.83954014465707e-05	0.0003267568465776759	0.0
2.9827186660390033e-05	0.0003281514741371748	0.0
3.1369109198349314e-05	0.0003293468691881738	0.0
3.26907570880287e-05	0.0003304426479849229	0.0
3.401240497770809e-05	0.0003313391942731722	0.0
3.533405286738748e-05	0.00033218593243429653	0.0
3.665570075706687e-05	0.000332833438086921	0.0
3.78672113226063e-05	0.0003334311356124205	0.0
3.9078721888145744e-05	0.00033387940875654514	0.0
4.018009512954523e-05	0.00033427787377354485	0.0
4.128146837094472e-05	0.0003345767225362946	0.0
4.238284161234421e-05	0.0003348257631719194	0.0
4.3374077529603744e-05	0.0003350249956804192	0.0
4.4365313446863286e-05	0.0003351744200617941	0.0
4.535654936412283e-05	0.00033522422818891906	0.0
4.634778528138236e-05	0.000335323844443169	0.0
4.722888387450196e-05	0.00033537365257029395	0.0
4.810998246762155e-05	0.0003354234606974189	0.0
4.8880943736601195e-05	0.0003354234606974189	0.0
4.976204232972078e-05	0.0003354234606974189	0.0
5.064314092284037e-05	0.0003354234606974189	0.0
5.1524239515959966e-05	0.0003354234606974189	0.0
5.2295200784939605e-05	0.0003354234606974189	0.0
5.3066162053919244e-05	0.0003354732688245439	0.0
5.383712332289889e-05	0.00033552307695166884	0.0
5.471822191601848e-05	0.00033552307695166884	0.0
5.5489183184998126e-05	0.00033552307695166884	0.0
5.6260144453977765e-05	0.0003355728850787938	0.0
5.703110572295741e-05	0.0003355728850787938	0.0
5.76919296677971e-05	0.00033562269320591877	0.0
5.8462890936776744e-05	0.00033562269320591877	0.0
5.912371488161644e-05	0.00033567250133304373	0.0
5.989467615059608e-05	0.00033567250133304373	0.0
6.055550009543577e-05	0.00033567250133304373	0.0
6.121632404027547e-05	0.00033562269320591877	0.0
6.176701066097522e-05	0.0003355728850787938	0.0
6.231769728167495e-05	0.0003354732688245439	0.0
6.28683839023747e-05	0.00033537365257029395	0.0
6.341907052307444e-05	0.0003351744200617941	0.0
6.385961981963424e-05	0.00033497518755329424	0.0
6.430016911619403e-05	0.0003346763387905445	0.0
6.474071841275384e-05	0.0003343774900277948	0.0
6.507113038517367e-05	0.0003339292168836701	0.0
6.551167968173347e-05	0.0003334311356124205	0.0
6.573195433001337e-05	0.00033288324621404597	0.0
6.606236630243322e-05	0.00033218593243429653	0.0
6.639277827485306e-05	0.0003314886186545471	0.0
6.672319024727291e-05	0.00033064188049342275	0.0
6.705360221969276e-05	0.0003297453342051735	0.0
6.727387686797265e-05	0.0003287491716626743	0.0
6.760428884039251e-05	0.00032765339286592514	0.0
6.78245634886724e-05	0.0003264579978149261	0.0
6.815497546109224e-05	0.00032516298650967716	0.0
6.84853874335121e-05	0.00032376835895017833	0.0
6.881579940593194e-05	0.0003222741151364295	0.0
6.914621137835178e-05	0.00032073006319555575	0.0
6.958676067491159e-05	0.00031908639500043205	0.0
7.002730997147137e-05	0.0003173431105510585	0.0
7.046785926803117e-05	0.00031555001797455994	0.0
7.090840856459097e-05	0.00031365730914381147	0.0
7.134895786115077e-05	0.000311714792185938	0.0
7.18996444818505e-05	0.00030972246710093965	0.0
7.245033110255026e-05	0.0003076305257616913	0.0
7.300101772324999e-05	0.00030548877629531804	0.0
7.355170434394974e-05	0.0003032972187018198	0.0
7.421252828878944e-05	0.00030105585298119663	0.0
7.476321490948917e-05	0.00029876467913344845	0.0
7.542403885432887e-05	0.00029647350528570033	0.0
7.608486279916858e-05	0.0002940827151837022	0.0
7.663554941986831e-05	0.0002916919250817042	0.0
7.7296373364708e-05	0.00028925132685258116	0.0
7.79571973095477e-05	0.0002868107286234581	0.0
7.861802125438738e-05	0.0002843701303943351	0.0
7.927884519922708e-05	0.00028182991591096213	0.0
7.982953181992683e-05	0.00027938931768183906	0.0
8.038021844062656e-05	0.0002768491031984661	0.0
8.104104238546627e-05	0.00027435869684221814	0.0
8.159172900616602e-05	0.0002718184823588452	0.0
8.20322783027258e-05	0.0002692782678754722	0.0
8.258296492342556e-05	0.0002667878615192242	0.0
8.31336515441253e-05	0.00026429745516297625	0.0
8.357420084068509e-05	0.0002617572406796033	0.0
8.401475013724488e-05	0.00025931664245048023	0.0
8.445529943380469e-05	0.00025682623609423226	0.0
8.478571140622453e-05	0.0002543358297379843	0.0
8.522626070278431e-05	0.0002518952315088612	0.0
8.555667267520417e-05	0.0002494048251526133	0.0
8.588708464762402e-05	0.0002470140350506152	0.0
8.621749662004385e-05	0.00024457343682149216	0.0
8.654790859246371e-05	0.00024213283859236912	0.0
8.67681832407436e-05	0.0002396922403632461	0.0
8.709859521316345e-05	0.00023725164213412306	0.0
8.731886986144335e-05	0.000234860852032125	0.0
8.753914450972326e-05	0.00023247006193012694	0.0
8.786955648214309e-05	0.0002300294637010039	0.0
8.797969380628303e-05	0.00022763867359900582	0.0
8.819996845456295e-05	0.00022529769162413273	0.0
8.842024310284284e-05	0.00022290690152213462	0.0
8.864051775112274e-05	0.0002205659195472615	0.0
8.886079239940263e-05	0.0002182249375723884	0.0
8.908106704768253e-05	0.0002158839555975153	0.0
8.930134169596244e-05	0.00021359278174976716	0.0
8.963175366838227e-05	0.00021130160790201898	0.0
8.985202831666217e-05	0.00020901043405427083	0.0
9.018244028908203e-05	0.00020671926020652268	0.0
9.051285226150187e-05	0.0002044778944858995	0.0
9.084326423392171e-05	0.00020223652876527628	0.0
9.128381353048152e-05	0.0001999951630446531	0.0
9.17243628270413e-05	0.00019785341357827984	0.0
9.227504944774105e-05	0.0001956618559847816	0.0
9.271559874430084e-05	0.00019352010651840833	0.0
9.337642268914053e-05	0.00019137835705203504	0.0
9.392710930984028e-05	0.00018928641571278675	0.0
9.469807057881994e-05	0.00018719447437353843	0.0
9.535889452365962e-05	0.00018515234116141507	0.0
9.612985579263926e-05	0.00018306039982216677	0.0
9.690081706161891e-05	0.00018101826661004342	0.0
9.789205297887845e-05	0.00017897613339792003	0.0
9.877315157199803e-05	0.00017688419205867174	0.0
9.965425016511763e-05	0.00017479225071942342	0.0
0.00010064548608237717	0.00017270030938017512	0.0
0.00010163672199963671	0.00017055855991380184	0.0
0.0001025178205927563	0.0001683670023203036	0.0
0.00010361919383415578	0.00016622525285393033	0.0
0.00010461042975141532	0.00016393407900618218	0.0
0.00010560166566867487	0.00016164290515843403	0.0
0.00010659290158593441	0.00015930192318356094	0.0
0.00010758413750319395	0.0001568613249544379	0.0
0.00010857537342045348	0.00015442072672531486	0.0
0.00010956660933771302	0.00015183070411481695	0.0
0.00011055784525497256	0.00014924068150431902	0.0
0.0001115490811722321	0.0001465510426395712	0.0
0.0001124301797653517	0.0001438115956476984	0.0
0.00011331127835847128	0.00014107214865582564	0.0
0.00011408223962745093	0.00013818327728257795	0.0
0.00011496333822057052	0.00013534421403645525	0.0
0.00011584443681369012	0.00013240553453608262	0.0
0.00011650526075852981	0.00012946685503571	0.0
0.00011727622202750945	0.00012647836740821238	0.0
0.00011793704597234914	0.0001234898797807148	0.0
0.00011859786991718884	0.00012050139215321721	0.0
0.00011914855653788859	0.00011746309639859464	0.0
0.00011969924315858832	0.0001144248006439721	0.0
0.00012036006710342802	0.00011143631301647451	0.0
0.00012080061639998781	0.00010844782538897692	0.0
0.00012135130302068756	0.0001055091458886043	0.0
0.00012179185231724735	0.00010257046638823165	0.0
0.00012223240161380716	9.968159501498399e-05	0.0
0.00012267295091036693	9.679272364173631e-05	0.0
0.0001230033628827868	9.39536603956136e-05	0.0
0.00012333377485520663	9.116440527661587e-05	0.0
0.00012366418682762648	8.842495828474307e-05	0.0
0.00012410473612418628	8.57851275471202e-05	0.0
0.00012443514809660613	8.314529680949733e-05	0.0
0.00012476556006902598	8.060508232612437e-05	0.0
0.00012509597204144582	7.811467596987638e-05	0.0
0.00012542638401386567	7.57238858678783e-05	0.0
0.00012575679598628552	7.33829038930052e-05	0.0
0.00012619734528284532	7.1141538172382e-05	0.0
0.0001264176199311252	6.899978870600873e-05	0.0
0.00012685816922768502	6.690784736676042e-05	0.0
0.0001272987185242448	6.486571415463706e-05	0.0
0.00012762913049666464	6.29730053238886e-05	0.0
0.00012806967979322445	6.108029649314012e-05	0.0
0.00012851022908978425	5.933701204376652e-05	0.0
0.00012884064106220407	5.759372759439293e-05	0.0
0.0001293913276829038	5.5950059399269254e-05	0.0
0.00012983187697946361	5.4356199331270544e-05	0.0
0.00013027242627602342	5.286195551752174e-05	0.0
0.00013082311289672316	5.1367711703772946e-05	0.0
0.0001313737995174229	4.997308414427407e-05	0.0
0.00013181434881398273	4.8628264711900155e-05	0.0
0.00013236503543468246	4.733325340665121e-05	0.0
0.0001329157220553822	4.6088050228527206e-05	0.0
0.00013335627135194198	4.489265517752817e-05	0.0
0.00013390695797264174	4.374706825365409e-05	0.0
0.00013445764459334148	4.2651289456904973e-05	0.0
0.00013489819388990125	4.1555510660155856e-05	0.0
0.00013533874318646106	4.0559348117656665e-05	0.0
0.00013577929248302086	3.956318557515746e-05	0.0
0.00013621984177958067	3.8616831159783235e-05	0.0
0.0001365502537520005	3.7670476744408996e-05	0.0
0.00013688066572442034	3.677393045615972e-05	0.0
0.00013721107769684018	3.5927192295035394e-05	0.0
0.00013743135234512007	3.5130262261036046e-05	0.0
0.00013776176431753995	3.4333332227036685e-05	0.0
0.00013798203896581984	3.3636018447287244e-05	0.0
0.0001380921762899598	3.2888896540412846e-05	0.0
0.0001380921762899598	3.224139088778837e-05	0.0
0.00013820231361409975	3.159388523516389e-05	0.0
0.00013820231361409975	3.104599583678934e-05	0.0
0.00013820231361409975	3.054791456553974e-05	0.0
0.0001380921762899598	3.0000025167165177e-05	0.0
0.00013798203896581984	2.9601560150165503e-05	0.0
0.00013776176431753995	2.9203095133165822e-05	0.0
0.00013754148966926006	2.88544382432911e-05	0.0
0.00013732121502098014	2.8505781353416385e-05	0.0
0.00013710094037270023	2.8256740717791582e-05	0.0
0.0001367705284002804	2.8057508209291747e-05	0.0
0.0001365502537520005	2.7908083827916865e-05	0.0
0.0001363299791037206	2.7758659446541987e-05	0.0
0.00013599956713130075	2.7708851319417023e-05	0.0
0.00013577929248302086	2.7659043192292066e-05	0.0
0.00013555901783474095	2.7708851319417023e-05	0.0
0.00013533874318646106	2.7808467573666944e-05	0.0
0.0001352286058623211	2.7957891955041826e-05	0.0
0.00013511846853818117	2.8107316336416704e-05	0.0
0.0001350083312140412	2.8356356972041503e-05	0.0
0.0001350083312140412	2.8605397607666306e-05	0.0
0.00013511846853818117	2.8904246370416062e-05	0.0
0.0001352286058623211	2.925290326029078e-05	0.0
0.00013533874318646106	2.9601560150165503e-05	0.0
0.00013566915515888093	3.0000025167165177e-05	0.0
0.00013599956713130075	3.0398490184164858e-05	0.0
0.00013644011642786056	3.0846763328289495e-05	0.0
0.00013688066572442034	3.129503647241414e-05	0.0
0.00013743135234512007	3.1693501489413814e-05	0.0
0.0001380921762899598	3.209196650641349e-05	0.0
0.0001387530002347995	3.249043152341317e-05	0.0
0.00013952396150377914	3.2888896540412846e-05	0.0
0.00014029492277275877	3.323755343028757e-05	0.0
0.0001412861586900183	3.353640219303733e-05	0.0
0.0001421672572831379	3.378544282866212e-05	0.0
0.00014315849320039746	3.3984675337161964e-05	0.0
0.00014414972911765698	3.413409971853684e-05	0.0
0.00014514096503491652	3.4233715972786764e-05	0.0
0.000146242338276316	3.428352409991172e-05	0.0
0.0001473437115177155	3.428352409991172e-05	0.0
0.00014844508475911496	3.4233715972786764e-05	0.0
0.00014954645800051446	3.4183907845661807e-05	0.0
0.00015064783124191396	3.403448346428693e-05	0.0
0.00015174920448331343	3.3835250955787086e-05	0.0
0.00015285057772471296	3.3636018447287244e-05	0.0
0.00015395195096611243	3.343678593878741e-05	0.0
0.00015505332420751193	3.318774530316261e-05	0.0
0.0001561546974489114	3.293870466753781e-05	0.0
0.00015714593336617095	3.273947215903797e-05	0.0
0.0001581371692834305	3.2540239650538126e-05	0.0
0.00015912840520069003	3.239081526916325e-05	0.0
0.00016011964111794957	3.229119901491333e-05	0.0
0.0001608906023869292	3.224139088778837e-05	0.0
0.00016166156365590885	3.224139088778837e-05	0.0
0.0001624325249248885	3.229119901491333e-05	0.0
0.00016320348619386813	3.244062339628821e-05	0.0
0.00016386431013870785	3.268966403191301e-05	0.0
0.00016441499675940758	3.3038320921787725e-05	0.0
0.00016496568338010732	3.353640219303733e-05	0.0
0.0001654062326766671	3.4084291591411885e-05	0.0
0.00016573664464908697	3.4781605371161326e-05	0.0
0.00016606705662150682	3.5528727278035724e-05	0.0
0.0001662873312697867	3.6425273566285e-05	0.0
0.00016639746859392664	3.7421436108784196e-05	0.0
0.00016639746859392664	3.851721490553331e-05	0.0
0.0001662873312697867	3.966280182940739e-05	0.0
0.00016617719394564675	4.095781313465634e-05	0.0
0.00016595691929736686	4.230263256703026e-05	0.0
0.000165626507324947	4.374706825365409e-05	0.0
0.00016529609535252714	4.524131206740289e-05	0.0
0.0001647454087318274	4.68351721354016e-05	0.0
0.00016419472211112767	4.842903220340031e-05	0.0
0.00016353389816628797	5.007270039852399e-05	0.0
0.00016276293689730835	5.1766176720772624e-05	0.0
0.00016188183830418874	5.345965304302126e-05	0.0
0.00016100073971106915	5.5202937492394856e-05	0.0
0.00016000950379380964	5.694622194176846e-05	0.0
0.00015890813055241014	5.8689506391142045e-05	0.0
0.00015758648266273072	6.04825989676406e-05	0.0
0.00015637497209719132	6.227569154413916e-05	0.0
0.00015494318688337197	6.396916786638779e-05	0.0
0.0001534012643454127	6.576226044288634e-05	0.0
0.0001518593418074534	6.750554489225993e-05	0.0
0.00015031741926949411	6.919902121450857e-05	0.0
0.00014855522208325492	7.089249753675721e-05	0.0
0.0001466828875728758	7.26357819861308e-05	0.0
0.00014481055306249667	7.427945018125447e-05	0.0
0.00014293821855211752	7.59729265035031e-05	0.0
0.0001408456093934585	7.761659469862678e-05	0.0
0.00013864286291065953	7.931007102087542e-05	0.0
0.0001365502537520005	8.095373921599909e-05	0.0
0.00013434750726920152	8.264721553824773e-05	0.0
0.00013203462346226261	8.434069186049637e-05	0.0
0.00012961160233118373	8.598436005562004e-05	0.0
0.00012718858120010484	8.772764450499363e-05	0.0
0.00012476556006902598	8.942112082724226e-05	0.0
0.0001223425389379471	9.116440527661587e-05	0.0
0.00011980938048272827	9.290768972598945e-05	0.0
0.00011716608470336949	9.4700782302488e-05	0.0
0.00011452278892401073	9.64440667518616e-05	0.0
0.00011187949314465195	9.828696745548511e-05	0.0
0.00010923619736529319	0.00010008006003198366	0.0
0.00010648276426179446	0.00010187315260848223	0.0
0.00010361919383415578	0.00010371605331210574	0.0
0.00010086576073065706	0.0001055091458886043	0.0
9.80021903030184e-05	0.00010730223846510284	0.0
9.502848255123977e-05	0.0001090953310416014	0.0
9.205477479946116e-05	0.00011088842361809996	0.0
8.897092972354258e-05	0.00011268151619459851	0.0
8.588708464762402e-05	0.00011447460877109707	0.0
8.280323957170545e-05	0.00011621789322047067	0.0
7.960925717164692e-05	0.00011791136954271929	0.0
7.630513744744846e-05	0.00011955503773784298	0.0
7.300101772324999e-05	0.00012114889780584167	0.0
6.947662335077163e-05	0.00012269294974671545	0.0
6.606236630243322e-05	0.00012418719356046423	0.0
6.24278346058149e-05	0.00012563162924708807	0.0
5.879330290919659e-05	0.000126976448679462	0.0
5.5048633888438334e-05	0.00012822165185758598	0.0
5.130396486768007e-05	0.00012941704690858503	0.0
4.7339021198641904e-05	0.0001305626338324591	0.0
4.3374077529603744e-05	0.0001315587963749583	0.0
3.9298996536425634e-05	0.00013250515079033252	0.0
3.511377821910758e-05	0.00013335188895145683	0.0
3.092855990178952e-05	0.00013409901085833123	0.0
2.6633204260331516e-05	0.00013479632463808067	0.0
2.222771129473356e-05	0.00013529440590933029	0.0
1.7822218329135607e-05	0.0001357426790534549	0.0
1.3196450715257751e-05	0.00013609133594332965	0.0
8.680820425519847e-06	0.00013639018470607938	0.0
3.944915487502045e-06	0.00013653960908745428	0.0
-6.808521263758079e-07	0.00013658941721457924	0.0
-5.526894388533559e-06	0.00013658941721457924	0.0
-1.037293665069131e-05	0.00013643999283320435	0.0
-1.532911623698901e-05	0.0001362407603247045	0.0
-2.0285295823286707e-05	0.00013594191156195476	0.0
-2.535161273372436e-05	0.00013554344654495508	0.0
-3.0417929644162005e-05	0.00013504536527370547	0.0
-3.5484246554599654e-05	0.00013449747587533092	0.0
-4.066070078917725e-05	0.0001338997783498314	0.0
-4.583715502375485e-05	0.00013320246457008196	0.0
-5.11237465824724e-05	0.0001324553426632076	0.0
-5.6410338141189945e-05	0.00013160860450208326	0.0
-6.158679237576754e-05	0.00013071205821383399	0.0
-6.687338393448508e-05	0.0001298155119255847	0.0
-7.227011281734258e-05	0.00012881934938308552	0.0
-7.755670437606014e-05	0.0001278231868405863	0.0
-8.284329593477767e-05	0.00012672740804383717	0.0
-8.812988749349522e-05	0.00012568143737421304	0.0
-9.352661637635272e-05	0.00012453585045033895	0.0
-9.881320793507026e-05	0.0001233902635264649	0.0
-0.0001043200741420677	0.00012219486847546583	0.0
-0.00010960666570078526	0.00012104928155159177	0.0
-0.00011500339458364276	0.00011980407837346777	0.0
-0.00012028998614236029	0.00011855887519534377	0.0
-0.00012557657770107783	0.00011731367201721978	0.0
-0.00013097330658393534	0.00011601866071197081	0.0
-0.00013625989814265287	0.00011472364940672186	0.0
-0.00014154648970137043	0.00011342863810147292	0.0
-0.00014683308126008798	0.00011208381866909899	0.0
-0.00015200953549466555	0.00011068919110960012	0.0
-0.0001572961270533831	0.00010929456355010124	0.0
-0.00016258271861210066	0.00010789993599060237	0.0
-0.00016775917284667826	0.00010645550030397854	0.0
-0.00017293562708125588	0.0001050110646173547	0.0
-0.00017811208131583345	0.00010346701267648094	0.0
-0.00018328853555041105	0.00010197276886273214	0.0
-0.00018846498978498867	0.00010037890879473343	0.0
-0.0001935313066954263	9.878504872673472e-05	0.0
-0.00019870776093000388	9.714138053161103e-05	0.0
-0.00020366394051630162	9.544790420936241e-05	0.0
-0.00020884039475087921	9.370461975998881e-05	0.0
-0.0002137965743371769	9.191152718349026e-05	0.0
-0.0002187527539234746	9.006862647986674e-05	0.0
-0.00022381907083391227	8.817591764911826e-05	0.0
-0.00022877525042020995	8.62832088183698e-05	0.0
-0.0002336212926823677	8.42908837333714e-05	0.0
-0.0002385774722686654	8.224875052124804e-05	0.0
-0.00024342351453082316	8.02066173091247e-05	0.0
-0.00024826955679298093	7.811467596987638e-05	0.0
-0.00025311559905513866	7.602273463062807e-05	0.0
-0.0002579616413172964	7.383117703712983e-05	0.0
-0.0002626975462553142	7.168942757075656e-05	0.0
-0.000267543588517472	6.949786997725834e-05	0.0
-0.0002721693561313498	6.735612051088507e-05	0.0
-0.0002769052610693676	6.516456291738683e-05	0.0
-0.00028153102868324546	6.29730053238886e-05	0.0
-0.0002862669336212633	6.083125585751532e-05	0.0
-0.0002907825639110012	5.863969826401708e-05	0.0
-0.00029529819420073903	5.649794879764381e-05	0.0
-0.000299813824490477	5.4356199331270544e-05	0.0
-0.0003043294547802149	5.226425799202222e-05	0.0
-0.00030873494774581283	5.022212477989888e-05	0.0
-0.0003131404407114108	4.817999156777552e-05	0.0
-0.0003175459336770087	4.6187666482777127e-05	0.0
-0.0003218412893184667	4.419534139777873e-05	0.0
-0.00032602650763578485	4.22528244399053e-05	0.0
-0.0003302117259531029	4.036011560915682e-05	0.0
-0.000334286806946281	3.846740677840835e-05	0.0
-0.0003383618879394591	3.662450607478484e-05	0.0
-0.00034232683160849724	3.4781605371161326e-05	0.0
-0.0003462917752775354	3.293870466753781e-05	0.0
-0.00035003644429829365	3.1095803963914295e-05	0.0
-0.00035378111331905196	2.930271138741574e-05	0.0
-0.00035741564501567025	2.7410002556667267e-05	0.0
-0.00036094003938814864	2.556710185304375e-05	0.0
-0.00036446443376062697	2.367439302229528e-05	0.0
-0.00036776855348482544	2.1731876064421845e-05	0.0
-0.0003710726732090239	1.973955097942345e-05	0.0
-0.00037426665560908243	1.76974177673001e-05	0.0
-0.000377350500685001	1.5655284555176743e-05	0.0
-0.00038032420843677964	1.3463726961678512e-05	0.0
-0.00038329791618855823	1.122236124105532e-05	0.0
-0.00038605134929205697	8.881379266182206e-06	0.0
-0.00038869464507141575	6.490589164184135e-06	0.0
-0.0003913379408507745	3.950374680811183e-06	0.0
-0.00039387109930599334	1.3603520703132714e-06	0.0
-0.0003962941204370722	-1.3292867944345597e-06	0.0
-0.00039860700424401116	-4.118541913432311e-06	0.0
-0.0004008097507268101	-7.057221413804941e-06	0.0
-0.0004030124972096091	-1.0045709041302532e-05	0.0
-0.0004049949690441282	-1.3133812923050042e-05	0.0
-0.0004069774408786472	-1.637134118617243e-05	0.0
-0.0004088497753890264	-1.965867757641978e-05	0.0
-0.00041061197257526557	-2.304563022091705e-05	0.0
-0.0004122640324373648	-2.6532199119664238e-05	0.0
-0.0004138059549753241	-3.0118384272661348e-05	0.0
-0.00041523774018914337	-3.375437755278341e-05	0.0
-0.0004165593880788228	-3.748998708715541e-05	0.0
-0.0004176607613202223	-4.127540474865235e-05	0.0
-0.0004188722718857617	-4.511063053727426e-05	0.0
-0.00041986350780302123	-4.9045472580146086e-05	0.0
-0.00042063446907200094	-5.3030122750142874e-05	0.0
-0.00042140543034098054	-5.701477292013966e-05	0.0
-0.00042206625428582023	-6.099942309013644e-05	0.0
-0.00042250680358238	-6.503388138725818e-05	0.0
-0.00042294735287893984	-6.906833968437993e-05	0.0
-0.0004231676275272197	-7.310279798150168e-05	0.0
-0.0004233879021754996	-7.713725627862343e-05	0.0
-0.0004233879021754996	-8.117171457574519e-05	0.0
-0.00042327776485135966	-8.520617287286692e-05	0.0
-0.00042305749020307975	-8.914101491573876e-05	0.0
-0.0004228372155547999	-9.312566508573554e-05	0.0
-0.0004223966662582401	-9.706050712860737e-05	0.0
-0.0004219561169616803	-0.00010094554104435423	0.0
-0.00042129529301684063	-0.00010478076683297614	0.0
-0.00042063446907200094	-0.00010861599262159805	0.0
-0.00041986350780302123	-0.00011235160215597003	0.0
-0.00041909254653404163	-0.00011608721169034203	0.0
-0.00041810131061678207	-0.0001197232049704641	0.0
-0.0004172202120236625	-0.00012335919825058616	0.0
-0.000416228976106403	-0.0001268955752764583	0.0
-0.00041512760286500347	-0.0001303821441752055	0.0
-0.00041391609229946404	-0.00013381890494682772	0.0
-0.0004127045817339246	-0.00013725566571844996	0.0
-0.0004114930711683851	-0.00014059281023582227	0.0
-0.0004102815606028457	-0.00014392995475319455	0.0
-0.00040895991271316636	-0.0001472670992705669	0.0
-0.0004076382648234869	-0.00015050462753368927	0.0
-0.0004062064796096676	-0.00015374215579681166	0.0
-0.00040488483171998823	-0.00015697968405993404	0.0
-0.0004034530465061689	-0.00016016740419593149	0.0
-0.00040191112396820963	-0.00016335512433192893	0.0
-0.00040047933875439023	-0.00016654284446792632	0.0
-0.000398937416216431	-0.0001696807564767988	0.0
-0.00039739549367847173	-0.00017286847661279625	0.0
-0.00039574343381637247	-0.0001760063886216687	0.0
-0.0003942015112784132	-0.00017919410875766615	0.0
-0.00039254945141631395	-0.00018233202076653864	0.0
-0.00039089739155421475	-0.00018546993277541107	0.0
-0.0003891351943679755	-0.00018860784478428355	0.0
-0.0003874831345058763	-0.00019179556492028097	0.0
-0.0003857209373196371	-0.00019488366880202849	0.0
-0.00038395874013339793	-0.00019802158081090097	0.0
-0.0003821965429471587	-0.00020105987656552352	0.0
-0.00038032420843677964	-0.00020414798044727101	0.0
-0.0003786721485746804	-0.00020723608432901853	0.0
-0.00037679981406430125	-0.0002102743800836411	0.0
-0.0003749274795539221	-0.00021326286771113868	0.0
-0.00037316528236768296	-0.0002162015472115113	0.0
-0.00037129294785730383	-0.00021914022671188393	0.0
-0.00036942061334692465	-0.00022202909808513162	0.0
-0.0003675482788365456	-0.00022486816133125432	0.0
-0.0003656759443261664	-0.00022765741645025206	0.0
-0.00036380360981578733	-0.00023044667156924982	0.0
-0.00036193127530540815	-0.0002330865023068727	0.0
-0.000360169078119169	-0.00023577614117162052	0.0
-0.00035829674360878986	-0.00023831635565499347	0.0
-0.00035642440909841073	-0.00024085657013836644	0.0
-0.00035455207458803155	-0.00024334697649461441	0.0
-0.0003527898774017924	-0.00024578757472373743	0.0
-0.00035091754289141326	-0.00024812855669861057	0.0
-0.00034904520838103414	-0.0002504197305463587	0.0
-0.0003472830111947949	-0.0002526610962669819	0.0
-0.00034541067668441585	-0.0002548526538604801	0.0
-0.0003436484794981766	-0.00025699440332685344	0.0
-0.0003417761449877975	-0.00025903653653897675	0.0
-0.00034001394780155833	-0.00026102886162397514	0.0
-0.00033825175061531917	-0.0002629713785818486	0.0
-0.00033637941610494	-0.00026486408741259703	0.0
-0.0003346172189187008	-0.0002667069881162206	0.0
-0.0003327448844083217	-0.00026850008069271913	0.0
-0.00033098268722208253	-0.0002701935570149678	0.0
-0.00032911035271170335	-0.0002718870333372164	0.0
-0.00032734815552546424	-0.0002734808934052151	0.0
-0.000325585958339225	-0.0002750747534732138	0.0
-0.00032382376115298585	-0.00027656899728696263	0.0
-0.0003220615639667466	-0.00027811304922783635	0.0
-0.0003201892294563675	-0.00027950767678733523	0.0
-0.0003184270322701284	-0.0002809023043468341	0.0
-0.0003167749724080291	-0.000282296931906333	0.0
-0.00031490263789765	-0.0002836417513387069	0.0
-0.00031325057803555074	-0.0002849367626439559	0.0
-0.00031148838084931157	-0.00028623177394920487	0.0
-0.0003098363209872123	-0.00028747697712732886	0.0
-0.00030807412380097314	-0.00028872218030545285	0.0
-0.0003064220639388739	-0.0002899175753564519	0.0
-0.0003048801414009146	-0.00029106316228032594	0.0
-0.0003033382188629554	-0.00029225855733132496	0.0
-0.0003016861590008561	-0.0002933543361280741	0.0
-0.0003002543737870368	-0.0002944501149248232	0.0
-0.00029871245124907746	-0.0002955458937215723	0.0
-0.00029728066603525817	-0.00029659186439119644	0.0
-0.0002958488808214388	-0.00029758802693369567	0.0
-0.0002944170956076195	-0.00029848457322194496	0.0
-0.0002929853103938002	-0.0002994309276373192	0.0
-0.00029166366250412074	-0.0003002776657984435	0.0
-0.00029034201461444135	-0.0003010247877053179	0.0
-0.000289130504048902	-0.0003017719096121923	0.0
-0.00028780885615922253	-0.00030241941526481673	0.0
-0.00028648720826954314	-0.00030296730466319134	0.0
-0.00028527569770400377	-0.000303465385934441	0.0
-0.0002839540498143243	-0.0003039634672056905	0.0
-0.00028263240192464493	-0.00030431212409556525	0.0
-0.0002813107540349656	-0.0003045611647311901	0.0
-0.0002798789688211462	-0.0003047603972396899	0.0
-0.00027855732093146686	-0.00030490982162106477	0.0
-0.0002772356730417875	-0.00030495962974818973	0.0
-0.00027580388782796813	-0.00030495962974818973	0.0
-0.0002742619652900089	-0.0003048600134939398	0.0
-0.0002728301800761895	-0.00030471058911256497	0.0
-0.00027117812021409027	-0.0003045113566040651	0.0
-0.00026952606035199106	-0.0003042125078413153	0.0
-0.0002678740004898918	-0.0003038638509514406	0.0
-0.0002662219406277926	-0.00030351519406156594	0.0
-0.0002643496061174134	-0.00030306692091744126	0.0
-0.00026247727160703434	-0.0003025688396461916	0.0
-0.00026060493709665516	-0.0003020707583749421	0.0
-0.00025862246526213613	-0.0003015228689765675	0.0
-0.0002565298561034771	-0.00030092517145106803	0.0
-0.000254547384268958	-0.00030037728205269343	0.0
-0.000252344637786159	-0.0002997795845271939	0.0
-0.00025014189130336	-0.0002991818870016944	0.0
-0.0002478290074964211	-0.0002985841894761949	0.0
-0.0002455161236894822	-0.0002979864919506954	0.0
-0.00024320323988254324	-0.00029738879442519587	0.0
-0.00024078021875146438	-0.0002967910968996963	0.0
-0.00023824706029624553	-0.00029624320750132175	0.0
-0.00023571390184102674	-0.0002956953181029472	0.0
-0.00023318074338580792	-0.0002950976205774477	0.0
-0.00023064758493058907	-0.00029454973117907314	0.0
-0.0002280042891512303	-0.0002939520336535736	0.0
-0.00022525085604773156	-0.00029345395238232404	0.0
-0.00022249742294423285	-0.0002928562548568245	0.0
-0.0002198541271648741	-0.00029230836545844993	0.0
-0.0002169905567372354	-0.0002917106679329504	0.0
-0.0002142371236337367	-0.0002911129704074509	0.0
-0.00021148369053023796	-0.0002904654647548264	0.0
-0.00020862012010259933	-0.000289768150975077	0.0
-0.00020575654967496063	-0.00028907083719532754	0.0
-0.00020300311657146192	-0.0002882739071613282	0.0
-0.00020013954614382323	-0.0002874271690002039	0.0
-0.0001972759757161846	-0.00028653062271195455	0.0
-0.0001944124052885459	-0.00028558426829658034	0.0
-0.0001916589721850472	-0.0002845382976269562	0.0
-0.0001887954017574085	-0.00028339271070308215	0.0
-0.00018604196865390979	-0.0002821475075249581	0.0
-0.00018317839822627112	-0.00028085249621970915	0.0
-0.00018053510244691234	-0.00027945786866021027	0.0
-0.0001777816693434136	-0.00027796362484646146	0.0
-0.0001750282362399149	-0.0002763199566513378	0.0
-0.00017227480313641616	-0.00027457667220196424	0.0
-0.0001696315073570574	-0.00027273377149834074	0.0
-0.0001670983489018386	-0.00027079125454046725	0.0
-0.0001644550531224798	-0.000268699313201219	0.0
-0.00016181175734312104	-0.0002665575637348457	0.0
-0.0001592785988879022	-0.0002642165817599726	0.0
-0.00015685557775682333	-0.0002618257916579745	0.0
-0.0001543224193016045	-0.00025933538530172653	0.0
-0.00015189939817052562	-0.0002567453626912286	0.0
-0.0001495865143635867	-0.0002540557238264808	0.0
-0.0001472736305566478	-0.00025121666058035806	0.0
-0.00014507088407384881	-0.0002483277892071104	0.0
-0.00014286813759104984	-0.0002453393015796128	0.0
-0.00014066539110825082	-0.0002422511976978653	0.0
-0.0001385727819495918	-0.00023906347756186787	0.0
-0.00013659031011507272	-0.00023572633304449556	0.0
-0.00013460783828055364	-0.00023238918852712325	0.0
-0.0001327355037701745	-0.00022890261962837605	0.0
-0.00013097330658393534	-0.00022531643447537894	0.0
-0.00012921110939769615	-0.00022168044119525687	0.0
-0.00012755904953559691	-0.00021794483166088488	0.0
-0.00012601712699763764	-0.00021415941399938795	0.0
-0.00012447520445967836	-0.00021022457195651612	0.0
-0.000123043419245859	-0.00020623992178651934	0.0
-0.00012183190868031958	-0.00020215565536227262	0.0
-0.00012051026079064019	-0.00019802158081090097	0.0
-0.00011929875022510076	-0.00019383769813240435	0.0
-0.00011830751430784122	-0.0001895541991996578	0.0
-0.00011731627839058168	-0.0001852208921397863	0.0
-0.00011632504247332214	-0.00018078796882566486	0.0
-0.00011544394388020254	-0.00017630523738441846	0.0
-0.00011456284528708296	-0.00017177269781604713	0.0
-0.00011390202134224326	-0.0001671903501205508	0.0
-0.00011324119739740357	-0.0001625083861708046	0.0
-0.00011269051077670382	-0.00015782642222105837	0.0
-0.00011202968683186412	-0.00015304484201706224	0.0
-0.00011158913753530433	-0.00014826326181306606	0.0
-0.00011114858823874455	-0.00014338206535482	0.0
-0.00011070803894218475	-0.00013850086889657395	0.0
-0.0001103776269697649	-0.00013356986431120293	0.0
-0.000110157352321485	-0.00012858905159870697	0.0
-0.00010982694034906515	-0.00012360823888621096	0.0
-0.00010960666570078526	-0.00011857761804659002	0.0
-0.00010949652837664532	-0.00011354699720696909	0.0
-0.00010927625372836541	-0.00010851637636734814	0.0
-0.00010916611640422546	-0.00010348575552772718	0.0
-0.00010905597908008551	-9.845513468810624e-05	0.0
-0.00010894584175594555	-9.342451384848529e-05	0.0
-0.00010894584175594555	-8.839389300886436e-05	0.0
-0.00010894584175594555	-8.341308029636837e-05	0.0
-0.00010883570443180561	-7.843226758387239e-05	0.0
-0.00010894584175594555	-7.350126299850137e-05	0.0
-0.00010894584175594555	-6.857025841313035e-05	0.0
-0.00010905597908008551	-6.363925382775931e-05	0.0
-0.00010916611640422546	-5.880786549663821e-05	0.0
-0.00010927625372836541	-5.397647716551711e-05	0.0
-0.00010938639105250536	-4.9145088834396e-05	0.0
-0.00010960666570078526	-4.441331675752482e-05	0.0
-0.00010982694034906515	-3.9681544680653636e-05	0.0
-0.00011004721499734505	-3.499958073090741e-05	0.0
-0.00011026748964562496	-3.0417233035411104e-05	0.0
-0.0001105979016180448	-2.578507721278984e-05	0.0
-0.00011081817626632469	-2.1252537644418497e-05	0.0
-0.00011114858823874455	-1.676980620317211e-05	0.0
-0.00011158913753530433	-1.2287074761925725e-05	0.0
-0.00011191954950772418	-7.90395957492926e-06	0.0
-0.00011236009880428398	-3.570652515057752e-06	0.0
-0.00011291078542498372	7.626545448137534e-07	0.0
-0.00011335133472154353	5.095961604685259e-06	0.0
-0.0001137918840181033	9.279844283181885e-06	0.0
-0.00011445270796294301	1.3513535088803472e-05	0.0
-0.00011500339458364276	1.76974177673001e-05	0.0
-0.0001155540812043425	2.1831492318671763e-05	0.0
-0.00011621490514918219	2.5965566870043432e-05	0.0
-0.00011676559176988193	3.004983329429014e-05	0.0
-0.00011742641571472162	3.413409971853684e-05	0.0
-0.00011819737698370127	3.8168558015658594e-05	0.0
-0.00011874806360440102	4.2153208185655375e-05	0.0
-0.0001194088875492407	4.613785835565216e-05	0.0
-0.0001200697114940804	5.007270039852399e-05	0.0
-0.0001207305354389201	5.395773431427086e-05	0.0
-0.00012139135938375978	5.784276823001773e-05	0.0
-0.00012205218332859948	6.167799401863963e-05	0.0
-0.00012260286994929923	6.551321980726155e-05	0.0
-0.000123043419245859	6.924882934163352e-05	0.0
-0.0001237042431906987	7.303424700313048e-05	0.0
-0.0001241447924872585	7.672004841037751e-05	0.0
-0.00012458534178381832	8.040584981762454e-05	0.0
-0.0001250258910803781	8.409165122487156e-05	0.0
-0.00012535630305279794	8.772764450499363e-05	0.0
-0.0001256867150252178	9.13636377851157e-05	0.0
-0.0001259069896734977	9.49498229381128e-05	0.0
-0.0001261272643217776	9.853600809110991e-05	0.0
-0.00012634753897005748	0.00010207238511698207	0.0
-0.00012645767629419744	0.00010565857026997917	0.0
-0.00012656781361833737	0.00010919494729585132	0.0
-0.00012667795094247733	0.00011268151619459851	0.0
-0.0001267880882666173	0.00011621789322047067	0.0
-0.00012667795094247733	0.00011970446211921784	0.0
-0.00012667795094247733	0.00012324083914509	0.0
-0.00012667795094247733	0.0001266775999167122	0.0
-0.00012656781361833737	0.0001301641688154594	0.0
-0.00012645767629419744	0.0001336507377142066	0.0
-0.00012645767629419744	0.0001371373066129538	0.0
-0.00012634753897005748	0.00014062387551170096	0.0
-0.00012623740164591755	0.00014406063628332323	0.0
-0.0001261272643217776	0.0001475472051820704	0.0
-0.00012601712699763764	0.00015098396595369262	0.0
-0.0001259069896734977	0.00015442072672531486	0.0
-0.00012579685234935775	0.00015790729562406203	0.0
-0.0001256867150252178	0.0001612942482685593	0.0
-0.00012557657770107783	0.00016473100904018155	0.0
-0.00012557657770107783	0.00016816776981180376	0.0
-0.00012546644037693787	0.00017155472245630106	0.0
-0.00012546644037693787	0.0001749416751007983	0.0
-0.00012546644037693787	0.00017832862774529556	0.0
-0.00012535630305279794	0.0001816657722626679	0.0
-0.00012535630305279794	0.0001850029167800402	0.0
-0.00012535630305279794	0.0001883400612974125	0.0
-0.00012524616572865798	0.00019162739768765986	0.0
-0.00012524616572865798	0.00019491473407790718	0.0
-0.00012535630305279794	0.00019820207046815456	0.0
-0.00012535630305279794	0.00020143959873127694	0.0
-0.00012535630305279794	0.0002047269351215243	0.0
-0.00012535630305279794	0.00020791465525752173	0.0
-0.00012535630305279794	0.00021110237539351915	0.0
-0.00012524616572865798	0.00021433990365664156	0.0
-0.00012524616572865798	0.000217477815665514	0.0
-0.00012524616572865798	0.00022066553580151144	0.0
-0.00012535630305279794	0.00022380344781038392	0.0
-0.00012535630305279794	0.00022694135981925638	0.0
-0.00012535630305279794	0.0002300294637010039	0.0
-0.00012546644037693787	0.0002331175675827514	0.0
-0.00012546644037693787	0.00023620567146449893	0.0
-0.00012557657770107783	0.00023924396721912146	0.0
-0.0001256867150252178	0.000242282262973744	0.0
-0.0001259069896734977	0.0002452707506012416	0.0
-0.0001261272643217776	0.00024820943010161426	0.0
-0.00012634753897005748	0.0002511979177291118	0.0
-0.00012656781361833737	0.0002541365972294845	0.0
-0.00012689822559075722	0.0002570254686027321	0.0
-0.00012722863756317707	0.0002599143399759798	0.0
-0.00012755904953559691	0.0002628032113492275	0.0
-0.00012810973615629668	0.00026564227459535016	0.0
-0.00012855028545285646	0.0002684813378414729	0.0
-0.0001291009720735562	0.0002713702092147206	0.0
-0.00012954152137011602	0.0002741594643337183	0.0
-0.0001302023453149557	0.00027694871945271605	0.0
-0.00013075303193565543	0.00027968816644458885	0.0
-0.00013141385588049515	0.00028247742156358656	0.0
-0.00013207467982533484	0.00028516706042833444	0.0
-0.0001327355037701745	0.0002878566992930823	0.0
-0.00013339632771501423	0.0002905961462849551	0.0
-0.0001340571516598539	0.00029323597702257795	0.0
-0.0001347179756046936	0.00029587580776020076	0.0
-0.00013537879954953332	0.0002985654466249486	0.0
-0.00013603962349437298	0.00030120527736257147	0.0
-0.00013659031011507272	0.0003038451081001944	0.0
-0.00013714099673577248	0.0003064351307106923	0.0
-0.00013780182068061218	0.0003090251533211902	0.0
-0.00013824236997717195	0.0003116151759316881	0.0
-0.00013868291927373176	0.00031420519854218597	0.0
-0.00013923360589443152	0.0003167952211526839	0.0
-0.0001396741551909913	0.00031933543563605687	0.0
-0.00014000456716341115	0.0003219254582465548	0.0
-0.000140334979135831	0.0003244656727299277	0.0
-0.00014066539110825082	0.00032695607908617575	0.0
-0.0001409958030806707	0.00032954610169667366	0.0
-0.00014121607772895058	0.00033203650805292164	0.0
-0.00014154648970137043	0.0003345269144091696	0.0
-0.00014176676434965032	0.0003370671288925426	0.0
-0.00014198703899793023	0.0003395575352487906	0.0
-0.00014220731364621012	0.00034204794160503857	0.0
-0.00014242758829449	0.00034458815608841157	0.0
-0.00014264786294276993	0.00034707856244465954	0.0
-0.00014275800026690988	0.00034956896880090747	0.0
-0.00014297827491518977	0.00035205937515715545	0.0
-0.00014319854956346966	0.0003545497815134035	0.0
-0.00014330868688760962	0.00035704018786965146	0.0
-0.0001435289615358895	0.00035953059422589944	0.0
-0.0001437492361841694	0.00036202100058214747	0.0
-0.00014396951083244932	0.00036451140693839545	0.0
-0.0001441897854807292	0.00036700181329464343	0.0
-0.0001444100601290091	0.00036944241152376644	0.0
-0.000144630334777289	0.0003719328178800145	0.0
-0.0001448506094255689	0.0003743734161091375	0.0
-0.00014507088407384881	0.0003768140143382605	0.0
-0.00014540129604626863	0.00037930442069450854	0.0
-0.00014562157069454855	0.00038174501892363155	0.0
-0.00014584184534282844	0.00038418561715275457	0.0
-0.0001461722573152483	0.0003865764072547527	0.0
-0.0001463925319635282	0.00038906681361100065	0.0
-0.00014672294393594805	0.0003914576037129987	0.0
-0.00014694321858422794	0.00039389820194212177	0.0
-0.0001472736305566478	0.0003963388001712448	0.0
-0.00014749390520492768	0.0003987793984003678	0.0
-0.00014793445450148745	0.0004011701885023659	0.0
-0.00014815472914976734	0.0004036107867314889	0.0
-0.00014848514112218722	0.00040600157683348697	0.0
-0.00014892569041874702	0.00040844217506261004	0.0
-0.00014925610239116684	0.00041088277329173306	0.0
-0.0001495865143635867	0.0004132735633937311	0.0
-0.00014991692633600654	0.0004157141616228542	0.0
-0.00015035747563256634	0.0004181547598519772	0.0
-0.0001506878876049862	0.0004205953580811002	0.0
-0.000151128436901546	0.0004230857644373482	0.0
-0.00015156898619810577	0.00042552636266647125	0.0
-0.00015200953549466555	0.00042801676902271923	0.0
-0.00015245008479122538	0.0004305071753789672	0.0
-0.00015289063408778516	0.00043299758173521524	0.0
-0.0001534413207084849	0.0004354879880914632	0.0
-0.0001538818700050447	0.00043802820257483617	0.0
-0.00015443255662574447	0.0004405684170582091	0.0
-0.0001549832432464442	0.0004431086315415821	0.0
-0.00015553392986714394	0.00044564884602495505	0.0
-0.0001560846164878437	0.00044823886863545295	0.0
-0.00015674544043268337	0.00045082889124595086	0.0
-0.0001572961270533831	0.0004533691057293238	0.0
-0.00015795695099822283	0.0004559591283398217	0.0
-0.00015861777494306252	0.0004585491509503196	0.0
-0.00015938873621204215	0.00046108936543369256	0.0
-0.0001601596974810218	0.00046367938804419047	0.0
-0.00016093065875000143	0.00046621960252756346	0.0
-0.00016170162001898108	0.00046871000888381144	0.0
-0.00016258271861210066	0.00047115060711293446	0.0
-0.00016346381720522027	0.0004736410134691825	0.0
-0.0001644550531224798	0.0004759819954440556	0.0
-0.0001653361517155994	0.00047832297741892866	0.0
-0.00016632738763285894	0.00048061415126667684	0.0
-0.00016731862355011848	0.0004828555169873	0.0
-0.00016841999679151795	0.00048499726645367334	0.0
-0.00016952137003291745	0.0004870892077929216	0.0
-0.00017062274327431693	0.00048908153287792	0.0
-0.00017172411651571643	0.0004910240498357934	0.0
-0.00017282548975711592	0.0004928669505394169	0.0
-0.00017403700032265536	0.0004946102349887905	0.0
-0.00017535864821233474	0.0004963037113110392	0.0
-0.0001765701587778742	0.0004978477632519129	0.0
-0.00017789180666755356	0.0004993420070656617	0.0
-0.00017921345455723295	0.0005007366346251606	0.0
-0.00018053510244691234	0.0005020316459304096	0.0
-0.0001818567503365917	0.0005032270409814086	0.0
-0.00018328853555041105	0.0005043228197781578	0.0
-0.0001847203207642304	0.0005053687904477818	0.0
-0.00018615210597804974	0.0005063151448631561	0.0
-0.00018758389119186906	0.0005071618830242804	0.0
-0.00018912581372982834	0.0005079588130582798	0.0
-0.0001905575989436477	0.0005087557430922792	0.0
-0.00019209952148160697	0.0005094032487449037	0.0
-0.00019364144401956627	0.0005100009462704032	0.0
-0.0001952935038816655	0.0005105488356687778	0.0
-0.00019683542641962476	0.0005110469169400273	0.0
-0.000198487486281724	0.0005115449982112768	0.0
-0.00020013954614382323	0.0005119434632282765	0.0
-0.00020179160600592247	0.0005122921201181513	0.0
-0.0002034436658680217	0.000512640777008026	0.0
-0.0002052058630542609	0.0005129396257707758	0.0
-0.0002069680602405001	0.0005132882826606505	0.0
-0.00020873025742673926	0.0005135373232962754	0.0
-0.0002103823172888385	0.000513836172059025	0.0
-0.00021214451447507766	0.0005140852126946498	0.0
-0.00021390671166131683	0.0005143342533302746	0.0
-0.00021555877152341606	0.0005145832939658995	0.0
-0.00021732096870965526	0.0005148323346015242	0.0
-0.0002189730285717545	0.000515081375237149	0.0
-0.00022073522575799369	0.0005153304158727739	0.0
-0.00022238728562009292	0.0005156292646355237	0.0
-0.00022403934548219216	0.0005159281133982734	0.0
-0.00022558126802015144	0.0005162269621610231	0.0
-0.00022712319055811071	0.0005165756190508978	0.0
-0.00022866511309607	0.0005168744678136476	0.0
-0.00023009689830988934	0.0005172231247035223	0.0
-0.00023152868352370869	0.000517571781593397	0.0
-0.00023296046873752803	0.0005179204384832718	0.0
-0.00023439225395134732	0.0005183687116273964	0.0
-0.00023571390184102674	0.0005187671766443961	0.0
-0.00023692541240656617	0.0005191656416613958	0.0
-0.0002381369229721056	0.0005196139148055203	0.0
-0.00023934843353764503	0.00052001237982252	0.0
-0.00024044980677904453	0.0005204108448395198	0.0
-0.00024166131734458396	0.0005208591179836444	0.0
-0.00024276269058598346	0.000521307391127769	0.0
-0.00024375392650324298	0.0005217556642718937	0.0
-0.0002448552997446425	0.0005221541292888934	0.0
-0.000245846535661902	0.000522602402433018	0.0
-0.0002469479089033015	0.0005230506755771426	0.0
-0.00024793914482056106	0.0005234989487212672	0.0
-0.00024882024341368067	0.0005239472218653919	0.0
-0.00024992161665508014	0.0005243954950095165	0.0
-0.0002509128525723397	0.0005248437681536412	0.0
-0.0002519040884895992	0.0005252422331706409	0.0
-0.00025289532440685874	0.0005256406981876405	0.0
-0.00025388656032411826	0.0005260391632046402	0.0
-0.0002548777962413779	0.0005263878200945149	0.0
-0.0002558690321586374	0.0005267862851115146	0.0
-0.0002568602680758969	0.0005271349420013894	0.0
-0.0002579616413172964	0.0005274337907641391	0.0
-0.00025895287723455595	0.0005277326395268889	0.0
-0.0002600542504759554	0.0005279816801625137	0.0
-0.00026104548639321494	0.0005281311045438886	0.0
-0.00026214685963461446	0.0005282805289252634	0.0
-0.00026313809555187403	0.0005284299533066382	0.0
-0.0002642394687932735	0.0005285295695608882	0.0
-0.000265340842034673	0.0005285295695608882	0.0
-0.00026633207795193254	0.0005285295695608882	0.0
-0.000267433451193332	0.0005284797614337631	0.0
-0.00026864496175887145	0.0005283801451795132	0.0
-0.000269636197676131	0.0005282307207981384	0.0
-0.0002707375709175305	0.0005279816801625137	0.0
-0.00027183894415892996	0.0005276828313997639	0.0
-0.00027294031740032943	0.0005273341745098891	0.0
-0.00027404169064172896	0.0005269855176200144	0.0
-0.0002750329265589885	0.0005264874363487648	0.0
-0.000276024162476248	0.0005259893550775152	0.0
-0.0002771255357176475	0.0005253916575520157	0.0
-0.00027800663431076713	0.0005247441518993912	0.0
-0.0002791080075521666	0.0005239970299925168	0.0
-0.0002800992434694261	0.0005232000999585175	0.0
-0.0002809803420625457	0.0005223533617973932	0.0
-0.00028186144065566534	0.0005214070073820189	0.0
-0.0002827425392487849	0.0005203610367123947	0.0
-0.00028351350051776454	0.0005193150660427707	0.0
-0.00028428446178674414	0.0005181196709917716	0.0
-0.00028505542305572385	0.0005168744678136476	0.0
-0.00028571624700056354	0.0005155296483812737	0.0
-0.00028637707094540324	0.0005141350208217747	0.0
-0.0002870378948902429	0.0005126905851351509	0.0
-0.0002875885815109426	0.0005110967250671522	0.0
-0.00028813926813164235	0.0005094530568720286	0.0
-0.00028868995475234214	0.000507709772422655	0.0
-0.000289020366724762	0.0005058668717190315	0.0
-0.00028957105334546175	0.000503924354761158	0.0
-0.00028990146531788157	0.0005018822215490347	0.0
-0.00029034201461444135	0.0004997404720826614	0.0
-0.0002906724265868612	0.0004974991063620382	0.0
-0.00029100283855928104	0.0004951581243871652	0.0
-0.00029122311320756096	0.0004927175261580421	0.0
-0.0002915535251799808	0.0004901275035475442	0.0
-0.0002917737998282607	0.00048748767280992126	0.0
-0.00029210421180068057	0.0004847482258180485	0.0
-0.0002923244864489605	0.0004819091625719258	0.0
-0.00029254476109724035	0.0004789206749444282	0.0
-0.00029276503574552027	0.00047588237918980565	0.0
-0.0002930954477179401	0.0004727444671809332	0.0
-0.00029331572236622	0.00046950693891781076	0.0
-0.0002935359970144999	0.0004661697944004385	0.0
-0.00029386640898691974	0.0004627828417559412	0.0
-0.00029408668363519965	0.000459296272857194	0.0
-0.0002944170956076195	0.00045571008770419694	0.0
-0.00029452723293175943	0.0004520740944240748	0.0
-0.00029485764490417925	0.0004483384848897029	0.0
-0.00029507791955245917	0.00044455306722820595	0.0
-0.00029529819420073903	0.00044066803331245904	0.0
-0.00029551846884901895	0.0004367331912695872	0.0
-0.00029573874349729886	0.0004327485410995904	0.0
-0.0002959590181455788	0.00042871408280246873	0.0
-0.00029606915546971874	0.00042462981637822196	0.0
-0.00029628943011799865	0.0004204957418268503	0.0
-0.00029639956744213856	0.00041636166727547865	0.0
-0.0002965097047662785	0.00041212797646985705	0.0
-0.0002966198420904185	0.0004078942856642355	0.0
-0.0002966198420904185	0.0004036107867314889	0.0
-0.0002966198420904185	0.0003993272877987424	0.0
-0.0002966198420904185	0.00039504378886599583	0.0
-0.0002965097047662785	0.0003906606736789994	0.0
-0.00029639956744213856	0.0003862775584920029	0.0
-0.00029628943011799865	0.0003819442514321314	0.0
-0.00029606915546971874	0.00037751132811801	0.0
-0.0002958488808214388	0.00037307840480388854	0.0
-0.0002956286061731589	0.00036864548148976713	0.0
-0.00029529819420073903	0.00036416275004852076	0.0
-0.00029485764490417925	0.00035968001860727433	0.0
-0.00029452723293175943	0.000355147479038903	0.0
-0.00029408668363519965	0.0003506647475976566	0.0
-0.0002935359970144999	0.0003461820161564102	0.0
-0.0002929853103938002	0.00034159966846091395	0.0
-0.00029254476109724035	0.0003371169370196676	0.0
-0.00029188393715240066	0.0003325843974512962	0.0
-0.00029122311320756096	0.00032805185788292485	0.0
-0.0002904521519385813	0.0003235193183145535	0.0
-0.0002897913279937416	0.0003189867787461822	0.0
-0.000289020366724762	0.00031450404730493575	0.0
-0.0002882494054557823	0.0003100213158636894	0.0
-0.0002872581695385228	0.00030548877629531804	0.0
-0.00028637707094540324	0.00030100604485407167	0.0
-0.00028549597235228363	0.0002965233134128253	0.0
-0.00028450473643502406	0.0002920903900987039	0.0
-0.00028351350051776454	0.00028760765865745746	0.0
-0.00028252226460050503	0.00028317473534333605	0.0
-0.00028142089135910556	0.0002787418120292146	0.0
-0.00028031951811770603	0.00027435869684221814	0.0
-0.0002791080075521666	0.0002699755816552217	0.0
-0.0002781167716349071	0.0002655924664682252	0.0
-0.0002769052610693676	0.0002613089675354787	0.0
-0.00027569375050382817	0.00025697566047560715	0.0
-0.00027448223993828874	0.00025269216154286063	0.0
-0.00027316059204860935	0.00024840866261011406	0.0
-0.00027183894415892996	0.0002441749718044925	0.0
-0.00027051729626925057	0.0002399412809988709	0.0
-0.0002691956483795712	0.00023575739832037426	0.0
-0.00026776386316575184	0.00023152370751475268	0.0
-0.00026633207795193254	0.00022733982483625606	0.0
-0.00026490029273811314	0.00022315594215775942	0.0
-0.0002633583702001539	0.0002189720594792628	0.0
-0.0002618164476621946	0.00021483798492789115	0.0
-0.0002601643878000954	0.00021065410224939453	0.0
-0.00025851232793799617	0.00020652002769802282	0.0
-0.00025675013075175695	0.00020238595314665117	0.0
-0.0002549879335655178	0.00019830168672240448	0.0
-0.0002532257363792786	0.0001941676121710328	0.0
-0.0002513534018688995	0.00019003353761966113	0.0
-0.0002493709300343804	0.00018594927119541444	0.0
-0.0002473884581998613	0.00018186500477116772	0.0
-0.00024540598636534224	0.000177780738346921	0.0
-0.0002433133772066832	0.00017374628004979928	0.0
-0.00024122076804802419	0.00016971182175267753	0.0
-0.0002390180215652252	0.00016562755532843081	0.0
-0.00023692541240656617	0.00016164290515843403	0.0
-0.00023461252859962724	0.00015760844686131228	0.0
-0.00023240978211682827	0.0001536237966913155	0.0
-0.00023009689830988934	0.00014963914652131873	0.0
-0.0002277840145029504	0.0001456544963513219	0.0
-0.00022536099337187155	0.0001417196543084501	0.0
-0.00022293797224079266	0.00013778481226557827	0.0
-0.0002205149511097138	0.0001338997783498314	0.0
-0.0002180919299786349	0.0001300645525612095	0.0
-0.00021566890884755602	0.00012617951864546262	0.0
-0.0002131357503923372	0.0001223941009839657	0.0
-0.00021060259193711838	0.00011860868332246873	0.0
-0.00020806943348189956	0.00011487307378809675	0.0
-0.00020553627502668074	0.00011113746425372475	0.0
-0.00020289297924732196	0.00010745166284647772	0.0
-0.00020013954614382323	0.00010381566956635566	0.0
-0.00019749625036446448	0.00010017967628623359	0.0
-0.00019485295458510567	9.654368300611152e-05	0.0
-0.00019209952148160697	9.295749785311442e-05	0.0
-0.00018934608837810823	8.942112082724226e-05	0.0
-0.00018659265527460952	8.588474380137011e-05	0.0
-0.00018383922217111079	8.239817490262292e-05	0.0
-0.00018097565174347215	7.891160600387575e-05	0.0
-0.00017811208131583345	7.547484523225351e-05	0.0
-0.00017524851088819479	7.203808446063128e-05	0.0
-0.00017227480313641616	6.860132368900906e-05	0.0
-0.0001694112327087775	6.521437104451178e-05	0.0
-0.00016643752495699887	6.187722652713947e-05	0.0
-0.00016346381720522027	5.854008200976717e-05	0.0
-0.00016049010945344165	5.525274561951982e-05	0.0
-0.000157516401701663	5.201521735639743e-05	0.0
-0.00015443255662574447	4.88274972204e-05	0.0
-0.00015134871154982588	4.563977708440257e-05	0.0
-0.0001483750037980473	4.255167320265506e-05	0.0
-0.0001452911587221287	3.946356932090755e-05	0.0
-0.00014220731364621012	3.6375465439160036e-05	0.0
-0.00013923360589443152	3.3386977811662445e-05	0.0
-0.00013603962349437298	3.0448298311289815e-05	0.0
-0.00013306591574259436	2.760923506516711e-05	0.0
-0.0001299820706666758	2.4770171819044396e-05	0.0
-0.00012689822559075722	2.2030724827171605e-05	0.0
-0.00012381438051483866	1.9341085962423774e-05	0.0
-0.0001207305354389201	1.6701255224800903e-05	0.0
-0.00011775682768714148	1.416104074142795e-05	0.0
-0.0001146729826112229	1.1720442512304919e-05	0.0
-0.00011158913753530433	9.279844283181885e-06	0.0
-0.00010872556710766566	6.938862308308773e-06	0.0
-0.00010575185935588705	4.7473047148105404e-06	0.0
-0.00010277815160410843	2.5557471213123075e-06	0.0
-9.98044438523298e-05	4.1399765493903464e-07	0.0
-9.694087342469112e-05	-1.5783274300593588e-06	0.0
-9.41874403211924e-05	-3.520844387932793e-06	0.0
-9.143400721769369e-05	-5.363745091556307e-06	0.0
-8.868057411419497e-05	-7.156837668054861e-06	0.0
-8.60372783348362e-05	-8.900122117428457e-06	0.0
-8.328384523133747e-05	-1.054379031255213e-05	0.0
-8.075068677611865e-05	-1.2087842253425884e-05	0.0
-7.821752832089982e-05	-1.358208606717468e-05	0.0
-7.5684369865681e-05	-1.4976713626673556e-05	0.0
-7.337148605874207e-05	-1.637134118617243e-05	0.0
-7.083832760352325e-05	-1.7666352491421387e-05	0.0
-6.863558112072426e-05	-1.8911555669545383e-05	0.0
-6.632269731378535e-05	-2.005714259341946e-05	0.0
-6.423008815512632e-05	-2.1152921390168576e-05	0.0
-6.213747899646729e-05	-2.219889205979273e-05	0.0
-6.004486983780826e-05	-2.314524647516697e-05	0.0
-5.8172535327429125e-05	-2.4091600890541206e-05	0.0
-5.6300200817049994e-05	-2.4938339051665525e-05	0.0
-5.442786630667086e-05	-2.573526908566488e-05	0.0
-5.266566912043169e-05	-2.6482390992539277e-05	0.0
-5.1013609258332445e-05	-2.7179704772288715e-05	0.0
-4.9361549396233216e-05	-2.7777402297788234e-05	0.0
-4.781962685827393e-05	-2.8375099823287754e-05	0.0
-4.627770432031465e-05	-2.887318109453735e-05	0.0
-4.4845919106495314e-05	-2.932145423866199e-05	0.0
-4.3414133892675973e-05	-2.9769727382786628e-05	0.0
-4.209248600299659e-05	-3.0118384272661348e-05	0.0
-4.07708381133172e-05	-3.0417233035411104e-05	0.0
-3.9559327547777765e-05	-3.066627367103591e-05	0.0
-3.834781698223833e-05	-3.086550617953574e-05	0.0
-3.724644374083884e-05	-3.101493056091062e-05	0.0
-3.60349331752994e-05	-3.1064738688035585e-05	0.0
-3.493355993389991e-05	-3.111454681516054e-05	0.0
-3.383218669250042e-05	-3.1064738688035585e-05	0.0
-3.284095077524088e-05	-3.0965122433785663e-05	0.0
-3.184971485798134e-05	-3.086550617953574e-05	0.0
-3.08584789407218e-05	-3.061646554391094e-05	0.0
-2.9867243023462262e-05	-3.0367424908286144e-05	0.0
-2.898614443034267e-05	-3.0018768018411427e-05	0.0
-2.799490851308313e-05	-2.9620303001411746e-05	0.0
-2.7223947244103488e-05	-2.917202985728711e-05	0.0
-2.6342848650983898e-05	-2.872375671316247e-05	0.0
-2.5461750057864304e-05	-2.8126059187662954e-05	0.0
-2.4690788788884665e-05	-2.7528361662163435e-05	0.0
-2.3919827519905023e-05	-2.6831047882413998e-05	0.0
-2.325900357506533e-05	-2.613373410266456e-05	0.0
-2.2598179630225634e-05	-2.53368040686652e-05	0.0
-2.1937355685385943e-05	-2.4490065907540884e-05	0.0
-2.1386669064686197e-05	-2.3593519619291608e-05	0.0
-2.0725845119846506e-05	-2.264716520391737e-05	0.0
-2.0175158499146763e-05	-2.1601194534293214e-05	0.0
-1.9734609202586964e-05	-2.0555223864669056e-05	0.0
-1.929405990602717e-05	-1.945944506791994e-05	0.0
-1.8853510609467374e-05	-1.8264050016920903e-05	0.0
-1.8523098637047527e-05	-1.706865496592187e-05	0.0
-1.819268666462768e-05	-1.5773643660672914e-05	0.0
-1.7862274692207832e-05	-1.4478632355423956e-05	0.0
-1.753186271978799e-05	-1.3084004795925081e-05	0.0
-1.731158807150809e-05	-1.1689377236426205e-05	0.0
-1.7091313423228193e-05	-1.0195133422677412e-05	0.0
-1.6760901450808343e-05	-8.700889608928616e-06	0.0
-1.66507641266684e-05	-7.107029540929901e-06	0.0
-1.64304894783885e-05	-5.513169472931186e-06	0.0
-1.6100077505968652e-05	-3.8695012778075115e-06	0.0
-1.5879802857688756e-05	-2.176024955558877e-06	0.0
-1.5659528209408857e-05	-4.3274050618528267e-07	0.0
-1.5439253561128958e-05	1.3105439431883118e-06	0.0
-1.5218978912849062e-05	3.1534446468118257e-06	0.0
-1.4888566940429214e-05	5.0461534775603e-06	0.0
-1.4668292292149317e-05	6.9886704354337335e-06	0.0
-1.422774299558952e-05	8.931187393307167e-06	0.0
-1.4007468347309623e-05	1.097332060543052e-05	0.0
-1.3677056374889775e-05	1.3015453817553874e-05	0.0
-1.334664440246993e-05	1.5107395156802187e-05	0.0
-1.2906095105910135e-05	1.724914462317546e-05	0.0
-1.2575683133490287e-05	1.939089408954873e-05	0.0
-1.213513383693049e-05	2.1582451683046967e-05	0.0
-1.1804721864510645e-05	2.3823817403670157e-05	0.0
-1.136417256795085e-05	2.6065183124293353e-05	0.0
-1.0923623271391055e-05	2.8306548844916546e-05	0.0
-1.0593211298971208e-05	3.0597722692664696e-05	0.0
-1.0152662002411411e-05	3.283908841328789e-05	0.0
-9.822250029991565e-06	3.508045413391108e-05	0.0
-9.38170073343177e-06	3.737162798165923e-05	0.0
-9.051288761011923e-06	3.966280182940739e-05	0.0
-8.720876788592076e-06	4.195397567715554e-05	0.0
-8.390464816172229e-06	4.419534139777873e-05	0.0
-8.060052843752383e-06	4.638689899127697e-05	0.0
-7.729640871332538e-06	4.8628264711900155e-05	0.0
-7.619503547192588e-06	5.0770014178273434e-05	0.0
-7.289091574772741e-06	5.2911763644646706e-05	0.0
-7.178954250632792e-06	5.505351311101998e-05	0.0
-6.958679602352894e-06	5.719526257739325e-05	0.0
-6.958679602352894e-06	5.923739578951661e-05	0.0
-6.848542278212946e-06	6.127952900163996e-05	0.0
-6.848542278212946e-06	6.322204595951339e-05	0.0
-6.848542278212946e-06	6.516456291738683e-05	0.0
-6.958679602352894e-06	6.70572717481353e-05	0.0
-6.958679602352894e-06	6.894998057888376e-05	0.0
-7.178954250632792e-06	7.074307315538233e-05	0.0
-7.178954250632792e-06	7.253616573188088e-05	0.0
-7.39922889891269e-06	7.427945018125447e-05	0.0
-7.619503547192588e-06	7.602273463062807e-05	0.0
-7.839778195472486e-06	7.771621095287671e-05	0.0
-7.949915519612435e-06	7.935987914800037e-05	0.0
-8.28032749203228e-06	8.100354734312405e-05	0.0
-8.500602140312178e-06	8.264721553824773e-05	0.0
-8.720876788592076e-06	8.42908837333714e-05	0.0
-8.941151436871973e-06	8.588474380137011e-05	0.0
-9.051288761011923e-06	8.742879574224387e-05	0.0
-9.38170073343177e-06	8.90226558102426e-05	0.0
-9.49183805757172e-06	9.061651587824129e-05	0.0
-9.712112705851617e-06	9.221037594624001e-05	0.0
-9.822250029991565e-06	9.375442788711377e-05	0.0
-9.932387354131515e-06	9.534828795511248e-05	0.0
-1.0042524678271463e-05	9.684253176886128e-05	0.0
-1.0152662002411411e-05	9.843639183686e-05	0.0
-1.0152662002411411e-05	9.998044377773376e-05	0.0
-1.0152662002411411e-05	0.0001015244957186075	0.0
-1.0152662002411411e-05	0.0001030187395323563	0.0
-1.0152662002411411e-05	0.00010456279147323006	0.0
-1.0152662002411411e-05	0.00010610684341410382	0.0
-1.0042524678271463e-05	0.00010760108722785261	0.0
-9.932387354131515e-06	0.0001090953310416014	0.0
-9.932387354131515e-06	0.00011053976672822523	0.0
-9.822250029991565e-06	0.00011198420241484907	0.0
-9.712112705851617e-06	0.00011347844622859787	0.0
-9.601975381711668e-06	0.00011487307378809675	0.0
-9.49183805757172e-06	0.00011631750947472058	0.0
-9.49183805757172e-06	0.0001176623289070945	0.0
-9.27156340929182e-06	0.0001190071483394684	0.0
-9.27156340929182e-06	0.0001202523515175924	0.0
-9.161426085151873e-06	0.00012154736282284136	0.0
-9.161426085151873e-06	0.00012279256600096537	0.0
-9.161426085151873e-06	0.00012393815292483944	0.0
-9.051288761011923e-06	0.00012508373984871352	0.0
-9.051288761011923e-06	0.00012617951864546262	0.0
-9.051288761011923e-06	0.00012717568118796182	0.0
-9.161426085151873e-06	0.00012817184373046102	0.0
-9.051288761011923e-06	0.0001291680062729602	0.0
-9.161426085151873e-06	0.0001300645525612095	0.0
-9.27156340929182e-06	0.00013096109884945878	0.0
-9.27156340929182e-06	0.00013180783701058308	0.0
-9.38170073343177e-06	0.00013260476704458242	0.0
-9.49183805757172e-06	0.00013335188895145683	0.0
-9.601975381711668e-06	0.00013409901085833123	0.0
-9.712112705851617e-06	0.00013479632463808067	0.0
-9.822250029991565e-06	0.00013549363841783011	0.0
-1.0042524678271463e-05	0.0001361411440704546	0.0
-1.0152662002411411e-05	0.00013673884159595413	0.0
-1.037293665069131e-05	0.00013733653912145364	0.0
-1.0593211298971208e-05	0.0001378844285198282	0.0
-1.0813485947251105e-05	0.00013843231791820274	0.0
-1.1033760595531003e-05	0.00013898020731657732	0.0
-1.1143897919670952e-05	0.00013942848046070194	0.0
-1.14743098920908e-05	0.00013992656173195152	0.0
-1.1694584540370697e-05	0.00014042464300320116	0.0
-1.1914859188650593e-05	0.00014087291614732578	0.0
-1.213513383693049e-05	0.0001413211892914504	0.0
-1.235540848521039e-05	0.0001417196543084501	0.0
-1.2575683133490287e-05	0.00014211811932544977	0.0
-1.2795957781770185e-05	0.00014251658434244946	0.0
-1.3016232430050083e-05	0.00014291504935944914	0.0
-1.3236507078329982e-05	0.00014326370624932386	0.0
-1.345678172660988e-05	0.00014361236313919855	0.0
-1.3677056374889775e-05	0.0001439610200290733	0.0
-1.4007468347309623e-05	0.00014425986879182303	0.0
-1.422774299558952e-05	0.00014455871755457281	0.0
-1.444801764386942e-05	0.0001448077581901976	0.0
-1.4668292292149317e-05	0.00014500699069869744	0.0
-1.4888566940429214e-05	0.0001452062232071973	0.0
-1.4998704264569164e-05	0.00014535564758857218	0.0
-1.5218978912849062e-05	0.00014550507196994705	0.0
-1.5439253561128958e-05	0.00014560468822419695	0.0
-1.5549390885268905e-05	0.0001456544963513219	0.0
-1.5769665533548805e-05	0.0001456544963513219	0.0
-1.5879802857688756e-05	0.0001456544963513219	0.0
-1.5989940181828704e-05	0.00014560468822419695	0.0
-1.6100077505968652e-05	0.00014550507196994705	0.0
-1.62102148301086e-05	0.00014540545571569712	0.0
-1.6320352154248548e-05	0.00014525603133432226	0.0
-1.6320352154248548e-05	0.0001450567988258224	0.0
-1.64304894783885e-05	0.00014485756631732254	0.0
-1.6540626802528447e-05	0.00014465833380882274	0.0
-1.6540626802528447e-05	0.00014440929317319792	0.0
-1.6540626802528447e-05	0.00014411044441044817	0.0
-1.66507641266684e-05	0.00014386140377482337	0.0
-1.66507641266684e-05	0.0001435625550120736	0.0
-1.66507641266684e-05	0.0001432138981221989	0.0
-1.6760901450808343e-05	0.00014291504935944914	0.0
-1.6760901450808343e-05	0.00014266600872382432	0.0
-1.6760901450808343e-05	0.00014231735183394963	0.0
-1.6760901450808343e-05	0.0001420683111983248	0.0
-1.6871038774948294e-05	0.00014176946243557505	0.0
-1.6981176099088242e-05	0.00014152042179995026	0.0
-1.7091313423228193e-05	0.0001413211892914504	0.0
-1.720145074736814e-05	0.00014107214865582564	0.0
-1.731158807150809e-05	0.00014092272427445075	0.0
-1.753186271978799e-05	0.00014077329989307586	0.0
-1.7752137368067888e-05	0.00014067368363882593	0.0
-1.797241201634778e-05	0.00014052425925745104	0.0
-1.819268666462768e-05	0.0001404744511303261	0.0
-1.8523098637047527e-05	0.0001404744511303261	0.0
-1.8853510609467374e-05	0.00014042464300320116	0.0
-1.918392258188722e-05	0.0001404744511303261	0.0
-1.951433455430707e-05	0.00014052425925745104	0.0
-1.9954883850866863e-05	0.00014062387551170096	0.0
-2.039543314742666e-05	0.00014067368363882593	0.0
-2.0835982443986454e-05	0.00014077329989307586	0.0
-2.1276531740546252e-05	0.00014092272427445075	0.0
-2.1937355685385943e-05	0.00014102234052870068	0.0
-2.248804230608569e-05	0.00014117176491007554	0.0
-2.314886625092538e-05	0.0001413211892914504	0.0
-2.380969019576507e-05	0.00014142080554570033	0.0
-2.4580651464744717e-05	0.00014157022992707522	0.0
-2.535161273372436e-05	0.0001417196543084501	0.0
-2.6122574002704e-05	0.00014181927056270002	0.0
-2.7003672595823592e-05	0.00014191888681694992	0.0
-2.7884771188943183e-05	0.00014196869494407488	0.0
-2.8876007106202724e-05	0.0001420683111983248	0.0
-2.9867243023462262e-05	0.00014211811932544977	0.0
-3.096861626486175e-05	0.00014211811932544977	0.0
-3.218012683040119e-05	0.00014211811932544977	0.0
-3.339163739594063e-05	0.0001420683111983248	0.0
-3.4603147961480064e-05	0.00014196869494407488	0.0
-3.592479585115945e-05	0.00014186907868982498	0.0
-3.724644374083884e-05	0.00014166984618132515	0.0
-3.856809163051823e-05	0.0001414706136728253	0.0
-3.9999876844337564e-05	0.00014122157303720048	0.0
-4.154179938229685e-05	0.00014092272427445075	0.0
-4.297358459611618e-05	0.000140574067384576	0.0
-4.462564445821541e-05	0.0001402254104947013	0.0
-4.61675669961747e-05	0.00013972732922345172	0.0
-4.781962685827393e-05	0.00013927905607932705	0.0
-4.958182404451311e-05	0.00013878097480807746	0.0
-5.13440212307523e-05	0.00013828289353682788	0.0
-5.310621841699148e-05	0.00013768519601132834	0.0
-5.4978552927370605e-05	0.00013708749848582882	0.0
-5.674075011360979e-05	0.00013643999283320435	0.0
-5.872322194812887e-05	0.00013579248718057987	0.0
-6.0595556458508e-05	0.00013509517340083043	0.0
-6.268816561716703e-05	0.000134397859621081	0.0
-6.467063745168611e-05	0.00013370054584133158	0.0
-6.676324661034514e-05	0.00013295342393445717	0.0
-6.896599309314412e-05	0.00013220630202758277	0.0
-7.105860225180315e-05	0.00013145918012070836	0.0
-7.326134873460212e-05	0.00013071205821383399	0.0
-7.546409521740111e-05	0.00013001474443408455	0.0
-7.766684170020008e-05	0.0001293174306543351	0.0
-8.008986283127894e-05	0.00012866992500171063	0.0
-8.240274663821789e-05	0.0001279726112219612	0.0
-8.47156304451568e-05	0.0001273251055693367	0.0
-8.713865157623568e-05	0.00012672740804383717	0.0
-8.967181003145451e-05	0.0001260799023912127	0.0
-9.209483116253337e-05	0.00012553201299283815	0.0
-9.462798961775221e-05	0.00012493431546733863	0.0
-9.716114807297104e-05	0.00012438642606896406	0.0
-9.969430652818985e-05	0.0001238385366705895	0.0
-0.00010233760230754862	0.00012329064727221496	0.0
-0.0001049808980869074	0.0001227427578738404	0.0
-0.00010762419386626618	0.00012219486847546583	0.0
-0.00011026748964562496	0.00012164697907709129	0.0
-0.00011302092274912368	0.00012109908967871672	0.0
-0.00011566421852848244	0.00012050139215321721	0.0
-0.00011841765163198116	0.00011990369462771768	0.0
-0.00012117108473547989	0.00011930599710221816	0.0
-0.00012392451783897862	0.00011860868332246873	0.0
-0.0001267880882666173	0.00011796117766984425	0.0
-0.00012965165869425595	0.00011721405576296985	0.0
-0.00013240509179775466	0.00011646693385609546	0.0
-0.00013526866222539336	0.00011571981194922105	0.0
-0.00013824236997717195	0.00011487307378809675	0.0
-0.00014110594040481065	0.00011402633562697243	0.0
-0.00014396951083244932	0.00011312978933872315	0.0
-0.00014694321858422794	0.00011223324305047388	0.0
-0.00014980678901186658	0.00011128688863509963	0.0
-0.00015267035943950527	0.00011039034234685036	0.0
-0.00015564406719128387	0.00010944398793147613	0.0
-0.00015861777494306252	0.00010844782538897692	0.0
-0.00016159148269484115	0.00010745166284647772	0.0
-0.0001644550531224798	0.00010645550030397854	0.0
-0.00016731862355011848	0.00010545933776147934	0.0
-0.00017029233130189708	0.00010446317521898013	0.0
-0.00017326603905367573	0.00010346701267648094	0.0
-0.00017612960948131437	0.0001025206582611067	0.0
-0.00017899317990895306	0.00010157430384573247	0.0
-0.00018196688766073166	0.00010062794943035824	0.0
-0.00018483045808837035	9.968159501498399e-05	0.0
-0.000187694028516009	9.883485685385968e-05	0.0
-0.0001905575989436477	9.798811869273535e-05	0.0
-0.0001933110320471464	9.714138053161103e-05	0.0
-0.0001961746024747851	9.634445049761169e-05	0.0
-0.0001989280355782838	9.554752046361232e-05	0.0
-0.00020168146868178253	9.480039855673793e-05	0.0
-0.00020443490178528124	9.405327664986353e-05	0.0
-0.00020718833488877998	9.335596287011409e-05	0.0
-0.00020983163066813873	9.26088409632397e-05	0.0
-0.00021258506377163746	9.196133531061522e-05	0.0
-0.00021522835955099624	9.126402153086578e-05	0.0
-0.00021776151800621506	9.056670775111635e-05	0.0
-0.00022029467646143388	8.991920209849186e-05	0.0
-0.00022293797224079266	8.922188831874242e-05	0.0
-0.00022536099337187155	8.857438266611795e-05	0.0
-0.00022789415182709037	8.792687701349347e-05	0.0
-0.00023031717295816923	8.722956323374404e-05	0.0
-0.00023285033141338807	8.658205758111957e-05	0.0
-0.00023527335254446694	8.588474380137011e-05	0.0
-0.0002376963736755458	8.518743002162067e-05	0.0
-0.00024022953213076462	8.45399243689962e-05	0.0
-0.0002426525532618435	8.384261058924677e-05	0.0
-0.00024507557439292237	8.314529680949733e-05	0.0
-0.00024749859552400123	8.244798302974789e-05	0.0
-0.00024992161665508014	8.175066924999845e-05	0.0
-0.000252344637786159	8.105335547024902e-05	0.0
-0.0002547676589172379	8.035604169049958e-05	0.0
-0.0002571906800483167	7.970853603787509e-05	0.0
-0.00025961370117939564	7.901122225812565e-05	0.0
-0.00026214685963461446	7.836371660550118e-05	0.0
-0.0002645698807656933	7.776601908000167e-05	0.0
-0.00026699290189677224	7.716832155450216e-05	0.0
-0.00026941592302785105	7.657062402900262e-05	0.0
-0.00027183894415892996	7.602273463062807e-05	0.0
-0.0002743721026141488	7.552465335937847e-05	0.0
-0.00027679512374522764	7.507638021525382e-05	0.0
-0.00027921814487630656	7.46281070711292e-05	0.0
-0.0002817513033315254	7.422964205412952e-05	0.0
-0.00028417432446260424	7.393079329137975e-05	0.0
-0.0002865973455936831	7.363194452862999e-05	0.0
-0.00028891022940062206	7.343271202013016e-05	0.0
-0.0002913332505317009	7.323347951163031e-05	0.0
-0.0002937562716627798	7.308405513025544e-05	0.0
-0.00029606915546971874	7.298443887600552e-05	0.0
-0.0002984921766007976	7.298443887600552e-05	0.0
-0.00030080506040773656	7.298443887600552e-05	0.0
-0.0003030078068905355	7.298443887600552e-05	0.0
-0.00030543082802161436	7.308405513025544e-05	0.0
-0.00030763357450441336	7.318367138450536e-05	0.0
-0.0003098363209872123	7.328328763875527e-05	0.0
-0.00031214920479415126	7.343271202013016e-05	0.0
-0.00031424181395281025	7.358213640150503e-05	0.0
-0.00031644456043560925	7.378136891000488e-05	0.0
-0.0003185371695942683	7.398060141850471e-05	0.0
-0.00032062977875292733	7.417983392700455e-05	0.0
-0.0003227223879115864	7.442887456262935e-05	0.0
-0.00032481499707024536	7.46281070711292e-05	0.0
-0.0003267974689047645	7.4877147706754e-05	0.0
-0.00032877994073928353	7.512618834237879e-05	0.0
-0.0003307624125738026	7.532542085087864e-05	0.0
-0.00033263474708418174	7.56242696136284e-05	0.0
-0.0003345070815945609	7.582350212212823e-05	0.0
-0.00033626927878080003	7.607254275775303e-05	0.0
-0.0003381416132911792	7.632158339337783e-05	0.0
-0.0003399038104774184	7.657062402900262e-05	0.0
-0.00034155587033951764	7.676985653750247e-05	0.0
-0.0003433180675257568	7.701889717312727e-05	0.0
-0.0003448599900637161	7.72181296816271e-05	0.0
-0.0003465120499258153	7.751697844437687e-05	0.0
-0.00034816410978791453	7.771621095287671e-05	0.0
-0.00034970603232587383	7.801505971562646e-05	0.0
-0.0003511378175396931	7.826410035125126e-05	0.0
-0.0003526797400776525	7.851314098687606e-05	0.0
-0.0003541115252914718	7.881198974962582e-05	0.0
-0.00035554331050529107	7.911083851237558e-05	0.0
-0.0003568649583949705	7.935987914800037e-05	0.0
-0.0003581866062846499	7.970853603787509e-05	0.0
-0.00035950825417432924	7.99575766734999e-05	0.0
-0.0003608299020640087	8.025642543624965e-05	0.0
-0.00036215154995368807	8.05552741989994e-05	0.0
-0.00036336306051922744	8.085412296174916e-05	0.0
-0.00036457457108476693	8.110316359737398e-05	0.0
-0.0003656759443261664	8.140201236012374e-05	0.0
-0.00036688745489170583	8.165105299574853e-05	0.0
-0.00036798882813310536	8.190009363137332e-05	0.0
-0.0003689800640503649	8.214913426699813e-05	0.0
-0.00037008143729176435	8.239817490262292e-05	0.0
-0.0003710726732090239	8.259740741112278e-05	0.0
-0.0003720639091262835	8.27966399196226e-05	0.0
-0.000373055145043543	8.299587242812243e-05	0.0
-0.00037393624363666255	8.314529680949733e-05	0.0
-0.0003747072049056422	8.32947211908722e-05	0.0
-0.0003755883034987618	8.344414557224708e-05	0.0
-0.00037635926476774147	8.354376182649701e-05	0.0
-0.00037702008871258116	8.359356995362196e-05	0.0
-0.00037779104998156076	8.369318620787189e-05	0.0
-0.0003783417366022605	8.374299433499684e-05	0.0
-0.0003788924232229603	8.37928024621218e-05	0.0
-0.00037944310984366	8.37928024621218e-05	0.0
-0.0003798836591402198	8.37928024621218e-05	0.0
-0.00038043434576091954	8.374299433499684e-05	0.0
-0.0003807647577333394	8.369318620787189e-05	0.0
-0.00038109516970575923	8.364337808074693e-05	0.0
-0.00038131544435403915	8.359356995362196e-05	0.0
-0.00038164585632645897	8.354376182649701e-05	0.0
-0.00038175599365059893	8.349395369937205e-05	0.0
-0.0003818661309747389	8.339433744512212e-05	0.0
-0.00038197626829887884	8.334452931799716e-05	0.0
-0.00038208640562301875	8.32947211908722e-05	0.0
-0.00038197626829887884	8.324491306374725e-05	0.0
-0.00038197626829887884	8.319510493662229e-05	0.0
-0.00038175599365059893	8.314529680949733e-05	0.0
-0.00038164585632645897	8.309548868237236e-05	0.0
-0.0003814255816781791	8.309548868237236e-05	0.0
-0.00038109516970575923	8.309548868237236e-05	0.0
-0.0003807647577333394	8.30456805552474e-05	0.0
-0.00038043434576091954	8.309548868237236e-05	0.0
-0.00037999379646435976	8.309548868237236e-05	0.0
-0.00037944310984366	8.314529680949733e-05	0.0
-0.0003788924232229603	8.319510493662229e-05	0.0
-0.0003783417366022605	8.324491306374725e-05	0.0
-0.0003776809126574208	8.334452931799716e-05	0.0
-0.00037702008871258116	8.344414557224708e-05	0.0
-0.0003762491274436015	8.354376182649701e-05	0.0
-0.0003755883034987618	8.369318620787189e-05	0.0
-0.0003747072049056422	8.384261058924677e-05	0.0
-0.00037393624363666255	8.399203497062165e-05	0.0
-0.00037294500771940304	8.419126747912147e-05	0.0
-0.0003720639091262835	8.439049998762133e-05	0.0
-0.00037118281053316387	8.458973249612116e-05	0.0
-0.00037030171194004426	8.483877313174595e-05	0.0
-0.00036931047602278475	8.508781376737077e-05	0.0
-0.0003683192401055252	8.533685440299556e-05	0.0
-0.00036732800418826566	8.558589503862036e-05	0.0
-0.0003663367682710061	8.588474380137011e-05	0.0
-0.0003653455323537466	8.613378443699492e-05	0.0
-0.0003642441591123471	8.643263319974467e-05	0.0
-0.00036325292319508754	8.673148196249443e-05	0.0
-0.00036215154995368807	8.703033072524419e-05	0.0
-0.0003611603140364285	8.73789876151189e-05	0.0
-0.000360058940795029	8.767783637786868e-05	0.0
-0.0003589575675536295	8.80264932677434e-05	0.0
-0.00035785619431223	8.842495828474307e-05	0.0
-0.00035675482107083055	8.882342330174274e-05	0.0
-0.00035554331050529107	8.922188831874242e-05	0.0
-0.0003543317999397517	8.967016146286707e-05	0.0
-0.00035312028937421226	9.01184346069917e-05	0.0
-0.0003519087788086728	9.061651587824129e-05	0.0
-0.00035069726824313335	9.11145971494909e-05	0.0
-0.000349375620353454	9.171229467499041e-05	0.0
-0.00034816410978791453	9.226018407336498e-05	0.0
-0.0003467323245740952	9.290768972598945e-05	0.0
-0.00034541067668441585	9.350538725148897e-05	0.0
-0.00034386875414645654	9.420270103123842e-05	0.0
-0.00034254710625677715	9.490001481098785e-05	0.0
-0.0003410051837188179	9.564713671786225e-05	0.0
-0.0003394632611808586	9.64440667518616e-05	0.0
-0.00033803147596703925	9.729080491298593e-05	0.0
-0.00033648955342907994	9.813754307411024e-05	0.0
-0.00033483749356698074	9.903408936235951e-05	0.0
-0.00033329557102902143	9.998044377773376e-05	0.0
-0.0003317536484910622	0.00010097660632023294	0.0
-0.00033010158862896297	0.00010192296073560718	0.0
-0.0003284495287668637	0.00010296893140523134	0.0
-0.0003267974689047645	0.00010406471020198045	0.0
-0.0003250352717185253	0.00010516048899872957	0.0
-0.00032338321185642607	0.00010625626779547868	0.0
-0.0003217311519943268	0.00010740185471935276	0.0
-0.00031996895480808764	0.00010854744164322685	0.0
-0.0003183168949459884	0.00010974283669422589	0.0
-0.00031644456043560925	0.00011093823174522491	0.0
-0.00031479250057351004	0.00011218343492334892	0.0
-0.0003130303033872708	0.00011342863810147292	0.0
-0.0003112681062010317	0.00011467384127959691	0.0
-0.0003095059090147925	0.00011596885258484586	0.0
-0.0003077437118285533	0.00011726386389009481	0.0
-0.0003059815146423141	0.00011855887519534377	0.0
-0.00030421931745607493	0.00011995350275484265	0.0
-0.00030245712026983577	0.00012129832218721657	0.0
-0.0003006949230835966	0.00012269294974671545	0.0
-0.0002989327258973574	0.0001240875773062143	0.0
-0.0002971705287111182	0.00012553201299283815	0.0
-0.00029551846884901895	0.00012692664055233703	0.0
-0.0002937562716627798	0.00012837107623896084	0.0
-0.00029188393715240066	0.00012986532005270965	0.0
-0.0002901217399661615	0.00013135956386645844	0.0
-0.0002883595427799223	0.00013285380768020724	0.0
-0.0002865973455936831	0.00013434805149395605	0.0
-0.00028483514840744393	0.00013584229530770484	0.0
-0.00028307295122120477	0.0001373863472485786	0.0
-0.0002813107540349656	0.00013893039918945235	0.0
-0.0002795485568487264	0.00014052425925745104	0.0
-0.0002777863596624872	0.0001420683111983248	0.0
-0.000276024162476248	0.00014361236313919855	0.0
-0.0002741518279658689	0.0001452062232071973	0.0
-0.00027227949345548974	0.000146800083275196	0.0
-0.00027051729626925057	0.00014839394334319474	0.0
-0.00026864496175887145	0.00014998780341119342	0.0
-0.00026666248992435236	0.0001516314716063171	0.0
-0.0002646800180898333	0.0001532751398014408	0.0
-0.00026280768357945416	0.00015491880799656447	0.0
-0.0002607150744207951	0.00015651266806456315	0.0
-0.0002587326025862761	0.00015815633625968685	0.0
-0.000256639993427617	0.0001598498125819355	0.0
-0.000254547384268958	0.00016149348077705916	0.0
-0.000252344637786159	0.0001631371489721828	0.0
-0.00025025202862749996	0.0001647808171673065	0.0
-0.00024793914482056106	0.00016637467723530522	0.0
-0.00024573639833776206	0.00016806815355755383	0.0
-0.0002433133772066832	0.00016966201362555257	0.0
-0.00024100049339974427	0.00017130568182067624	0.0
-0.0002385774722686654	0.00017289954188867495	0.0
-0.00023615445113758652	0.00017449340195667369	0.0
-0.00023373143000650766	0.00017608726202467237	0.0
-0.00023119827155128884	0.0001776811220926711	0.0
-0.00022866511309607	0.00017922517403354485	0.0
-0.00022613195464085117	0.00018081903410154356	0.0
-0.00022359879618563235	0.00018236308604241733	0.0
-0.00022106563773041353	0.00018390713798329108	0.0
-0.00021842234195105476	0.00018545118992416483	0.0
-0.0002158891834958359	0.0001869454337379136	0.0
-0.0002133560250406171	0.00018843967755166242	0.0
-0.00021071272926125834	0.0001899339213654112	0.0
-0.0002081795708060395	0.00019137835705203504	0.0
-0.00020564641235082067	0.0001928227927386589	0.0
-0.00020300311657146192	0.0001942672284252827	0.0
-0.00020046995811624308	0.0001956618559847816	0.0
-0.00019793679966102426	0.00019710629167140543	0.0
-0.0001955137785299454	0.00019850091923090429	0.0
-0.0001930907573988665	0.0001998955467904032	0.0
-0.00019066773626778765	0.00020129017434990208	0.0
-0.00018824471513670876	0.00020273461003652592	0.0
-0.00018593183132976985	0.00020412923759602477	0.0
-0.00018350881019869094	0.00020552386515552366	0.0
-0.00018119592639175204	0.00020691849271502254	0.0
-0.0001788830425848131	0.00020836292840164635	0.0
-0.0001765701587778742	0.00020975755596114524	0.0
-0.0001743674122950752	0.00021115218352064412	0.0
-0.00017205452848813627	0.00021259661920726793	0.0
-0.0001698517820053373	0.00021399124676676682	0.0
-0.00016753889819839837	0.0002153858743262657	0.0
-0.0001653361517155994	0.00021683031001288951	0.0
-0.00016302326790866047	0.0002182249375723884	0.0
-0.0001608205214258615	0.00021961956513188728	0.0
-0.00015861777494306252	0.00022101419269138616	0.0
-0.00015641502846026352	0.00022235901212376007	0.0
-0.00015410214465332462	0.000223703831556134	0.0
-0.00015178926084638566	0.0002250486509885079	0.0
-0.0001495865143635867	0.00022634366229375686	0.0
-0.0001472736305566478	0.00022763867359900582	0.0
-0.00014496074674970886	0.0002289336849042548	0.0
-0.00014264786294276993	0.00023012907995525382	0.0
-0.000140334979135831	0.0002313742831333778	0.0
-0.0001379119580047521	0.00023256967818437686	0.0
-0.00013548893687367325	0.00023371526510825093	0.0
-0.00013306591574259436	0.000234860852032125	0.0
-0.00013075303193565543	0.00023590682270174915	0.0
-0.00012833001080457657	0.00023700260149849825	0.0
-0.0001259069896734977	0.00023799876404099747	0.0
-0.00012359410586655877	0.00023899492658349667	0.0
-0.00012117108473547989	0.0002399412809988709	0.0
-0.00011874806360440102	0.00024083782728712017	0.0
-0.00011632504247332214	0.0002416845654482445	0.0
-0.00011401215866638322	0.00024248149548224384	0.0
-0.00011158913753530433	0.00024332823364336817	0.0
-0.00010927625372836541	0.00024402554742311761	0.0
-0.00010696336992142648	0.000244772669329992	0.0
-0.0001045403487903476	0.0002454201749826165	0.0
-0.00010222746498340868	0.00024611748876236594	0.0
-0.0001000247185006097	0.00024671518628786545	0.0
-9.771183469367078e-05	0.0002473626919404899	0.0
-9.539895088673186e-05	0.00024796038946598944	0.0
-9.319620440393286e-05	0.000248508278864364	0.0
-9.099345792113389e-05	0.00024900636013561357	0.0
-8.890084876247487e-05	0.0002495542495339881	0.0
-8.669810227967587e-05	0.00025005233080523776	0.0
-8.44953557968769e-05	0.00025055041207648734	0.0
-8.240274663821789e-05	0.00025104849334773693	0.0
-8.020000015541892e-05	0.00025144695836473664	0.0
-7.810739099675987e-05	0.00025194503963598617	0.0
-7.601478183810085e-05	0.0002523435046529859	0.0
-7.381203535530187e-05	0.00025279177779711056	0.0
-7.171942619664285e-05	0.0002531902428141102	0.0
-6.951667971384386e-05	0.00025358870783110987	0.0
-6.742407055518483e-05	0.0002539871728481096	0.0
-6.53314613965258e-05	0.00025438563786510924	0.0
-6.323885223786678e-05	0.00025473429475498393	0.0
-6.12563804033477e-05	0.0002550829516448587	0.0
-5.916377124468866e-05	0.00025543160853473343	0.0
-5.707116208602964e-05	0.0002557802654246081	0.0
-5.4978552927370605e-05	0.00025612892231448287	0.0
-5.288594376871158e-05	0.0002564277710772326	0.0
-5.0793334610052556e-05	0.0002567266198399824	0.0
-4.8810862775533466e-05	0.00025697566047560715	0.0
-4.682839094101439e-05	0.00025727450923835693	0.0
-4.4845919106495314e-05	0.0002574737417468568	0.0
-4.286344727197623e-05	0.00025772278238248155	0.0
-4.09911127615971e-05	0.0002579220148909814	0.0
-3.900864092707802e-05	0.00025807143927235624	0.0
-3.724644374083884e-05	0.00025822086365373114	0.0
-3.537410923045971e-05	0.00025837028803510603	0.0
-3.361191204422052e-05	0.00025846990428935596	0.0
-3.184971485798134e-05	0.0002585197124164809	0.0
-3.008751767174216e-05	0.00025861932867073085	0.0
-2.8435457809642926e-05	0.00025861932867073085	0.0
-2.689353527168364e-05	0.0002586691367978558	0.0
-2.524147540958441e-05	0.0002586691367978558	0.0
-2.3699552871625127e-05	0.0002586691367978558	0.0
-2.215763033366584e-05	0.0002586691367978558	0.0
-2.0615707795706558e-05	0.0002586691367978558	0.0
-1.907378525774727e-05	0.00025861932867073085	0.0
-1.7642000043927937e-05	0.0002585695205436059	0.0
-1.6100077505968652e-05	0.0002585695205436059	0.0
-1.4778429616289265e-05	0.0002585197124164809	0.0
-1.334664440246993e-05	0.00025846990428935596	0.0
-1.1914859188650593e-05	0.000258420096162231	0.0
-1.0593211298971208e-05	0.00025837028803510603	0.0
-9.161426085151873e-06	0.00025837028803510603	0.0
-7.839778195472486e-06	0.00025832047990798106	0.0
-6.518130305793099e-06	0.00025832047990798106	0.0
-5.1964824161137115e-06	0.0002582706717808561	0.0
-3.874834526434325e-06	0.0002582706717808561	0.0
-2.553186636754939e-06	0.00025832047990798106	0.0
-1.1214014229356034e-06	0.00025837028803510603	0.0
9.010914260383434e-08	0.00025837028803510603	0.0
1.5218943564231699e-06	0.000258420096162231	0.0
2.8435422461025563e-06	0.0002585197124164809	0.0
4.165190135781943e-06	0.0002585695205436059	0.0
5.48683802546133e-06	0.0002586691367978558	0.0
6.808485915140717e-06	0.00025876875305210574	0.0
8.130133804820102e-06	0.00025886836930635567	0.0
9.451781694499489e-06	0.0002589679855606056	0.0
1.0773429584178876e-05	0.00025906760181485547	0.0
1.2095077473858263e-05	0.00025911740994198043	0.0
1.33065880393977e-05	0.0002592170261962303	0.0
1.4628235929077088e-05	0.00025926683432335527	0.0
1.5949883818756475e-05	0.00025931664245048023	0.0
1.7161394384295912e-05	0.00025941625870473016	0.0
1.8483042273975298e-05	0.00025941625870473016	0.0
1.9694552839514735e-05	0.0002594660668318551	0.0
2.0906063405054173e-05	0.00025941625870473016	0.0
2.211757397059361e-05	0.00025941625870473016	0.0
2.3329084536133047e-05	0.00025931664245048023	0.0
2.4540595101672485e-05	0.00025926683432335527	0.0
2.5641968343071974e-05	0.00025911740994198043	0.0
2.6633204260331516e-05	0.0002589679855606056	0.0
2.7734577501731006e-05	0.0002588185611792307	0.0
2.8725813418990544e-05	0.00025861932867073085	0.0
2.9717049336250082e-05	0.00025837028803510603	0.0
3.070828525350963e-05	0.00025807143927235624	0.0
3.158938384662922e-05	0.00025772278238248155	0.0
3.247048243974881e-05	0.00025737412549260686	0.0
3.3241443708728446e-05	0.0002570254686027321	0.0
3.401240497770809e-05	0.0002565273873314825	0.0
3.467322892254778e-05	0.0002560791141873579	0.0
3.533405286738748e-05	0.00025558103291610827	0.0
3.5884739488087224e-05	0.0002550331435177337	0.0
3.643542610878697e-05	0.00025448525411935917	0.0
3.6875975405346765e-05	0.00025388755659385966	0.0
3.731652470190656e-05	0.0002532400509412352	0.0
3.753679935018645e-05	0.0002525925452886107	0.0
3.7757073998466356e-05	0.0002518952315088612	0.0
3.78672113226063e-05	0.0002511979177291118	0.0
3.797734864674625e-05	0.0002504507958222374	0.0
3.797734864674625e-05	0.000249703673915363	0.0
3.797734864674625e-05	0.0002488569357542387	0.0
3.7757073998466356e-05	0.00024806000572023937	0.0
3.7646936674326404e-05	0.00024721326755911503	0.0
3.731652470190656e-05	0.0002463167212708658	0.0
3.6875975405346765e-05	0.0002454201749826165	0.0
3.643542610878697e-05	0.00024447382056724224	0.0
3.5884739488087224e-05	0.000243527466151868	0.0
3.522391554324752e-05	0.00024258111173649377	0.0
3.445295427426789e-05	0.0002415351410668696	0.0
3.379213032942819e-05	0.00024053897852437044	0.0
3.2911031736308606e-05	0.00023949300785474625	0.0
3.2029933143189016e-05	0.0002383474209308722	0.0
3.1038697225929474e-05	0.00023730145026124803	0.0
3.0047461308669932e-05	0.00023615586333737397	0.0
2.8835950743130495e-05	0.00023501027641349988	0.0
2.7734577501731006e-05	0.00023386468948962582	0.0
2.6523066936191568e-05	0.00023266929443862674	0.0
2.531155637065213e-05	0.0002314738993876277	0.0
2.3989908480972742e-05	0.00023027850433662869	0.0
2.255812326715341e-05	0.00022903330115850467	0.0
2.123647537747402e-05	0.00022773828985325574	0.0
1.9694552839514735e-05	0.00022649308667513175	0.0
1.8262767625695402e-05	0.0002251980753698828	0.0
1.6720845087736114e-05	0.00022390306406463382	0.0
1.5068785225636883e-05	0.00022265786088650983	0.0
1.3526862687677598e-05	0.00022131304145413591	0.0
1.1874802825578364e-05	0.00022006783827601192	0.0
1.0112605639339184e-05	0.0002188226350978879	0.0
8.350408453100001e-06	0.00021752762379263895	0.0
6.698348591000767e-06	0.00021633222874163993	0.0
4.936151404761585e-06	0.00021508702556351594	0.0
3.063816894382454e-06	0.0002138916305125169	0.0
1.3016197081432721e-06	0.00021274604358864283	0.0
-4.605774780959101e-07	0.00021160045666476874	0.0
-2.44304931261499e-06	0.00021050467786801964	0.0
-4.31538382299412e-06	0.00020940889907127052	0.0
-6.187718333373252e-06	0.00020836292840164635	0.0
-8.170190167892333e-06	0.00020736676585914716	0.0
-1.0042524678271463e-05	0.00020642041144377292	0.0
-1.2024996512790543e-05	0.0002054740570283987	0.0
-1.4007468347309623e-05	0.0002045775107401494	0.0
-1.5989940181828704e-05	0.0002037307725790251	0.0
-1.797241201634778e-05	0.00020288403441790076	0.0
-1.9954883850866863e-05	0.00020208710438390144	0.0
-2.1827218361245995e-05	0.000201389790604152	0.0
-2.380969019576507e-05	0.0002006426686972776	0.0
-2.5792162030284155e-05	0.0001999951630446531	0.0
-2.7664496540663287e-05	0.00019929784926490365	0.0
-2.9646968375182363e-05	0.00019870015173940414	0.0
-3.15193028855615e-05	0.0001981522623410296	0.0
-3.350177472008058e-05	0.00019760437294265504	0.0
-3.537410923045971e-05	0.00019710629167140543	0.0
-3.724644374083884e-05	0.00019660821040015585	0.0
-3.900864092707802e-05	0.0001961599372560312	0.0
-4.088097543745715e-05	0.00019571166411190655	0.0
-4.2643172623696335e-05	0.00019526339096778193	0.0
-4.451550713407546e-05	0.0001948151178236573	0.0
-4.627770432031465e-05	0.0001944166528066576	0.0
-4.803990150655383e-05	0.00019401818778965794	0.0
-4.980209869279301e-05	0.00019361972277265823	0.0
-5.156429587903219e-05	0.00019327106588278354	0.0
-5.3326493065271376e-05	0.00019287260086578385	0.0
-5.5088690251510556e-05	0.00019252394397590913	0.0
-5.685088743774974e-05	0.0001921752870860344	0.0
-5.861308462398892e-05	0.00019187643832328465	0.0
-6.0375281810228104e-05	0.00019152778143340993	0.0
-6.224761632060724e-05	0.00019122893267066018	0.0
-6.400981350684642e-05	0.00019088027578078546	0.0
-6.588214801722554e-05	0.00019058142701803567	0.0
-6.786461985174462e-05	0.00019028257825528595	0.0
-6.973695436212375e-05	0.00019003353761966113	0.0
-7.171942619664285e-05	0.0001897346888569114	0.0
-7.370189803116193e-05	0.0001894358400941616	0.0
-7.579450718982094e-05	0.00018918679945853682	0.0
-7.788711634847997e-05	0.00018888795069578706	0.0
-7.9979725507139e-05	0.00018863891006016227	0.0
-8.218247198993799e-05	0.00018838986942453745	0.0
-8.438521847273696e-05	0.00018809102066178772	0.0
-8.658796495553593e-05	0.0001878419800261629	0.0
-8.879071143833492e-05	0.00018754313126341315	0.0
-9.121373256941379e-05	0.00018729409062778835	0.0
-9.363675370049267e-05	0.00018704504999216353	0.0
-9.59496375074316e-05	0.00018669639310228884	0.0
-9.837265863851047e-05	0.00018644735246666402	0.0
-0.00010079567976958933	0.0001861485037039143	0.0
-0.00010332883822480816	0.0001858496549411645	0.0
-0.00010575185935588705	0.00018560061430553972	0.0
-0.00010828501781110586	0.00018530176554278996	0.0
-0.00011081817626632469	0.00018495310865291524	0.0
-0.00011335133472154353	0.00018465425989016548	0.0
-0.00011588449317676234	0.00018430560300029076	0.0
-0.00011841765163198116	0.00018395694611041604	0.0
-0.0001209508100872	0.00018355848109341636	0.0
-0.00012359410586655877	0.00018320982420354167	0.0
-0.0001261272643217776	0.00018281135918654195	0.0
-0.00012877056010113637	0.00018236308604241733	0.0
-0.00013141385588049515	0.00018191481289829269	0.0
-0.00013394701433571397	0.00018146653975416804	0.0
-0.00013659031011507272	0.00018101826661004342	0.0
-0.00013912346857029157	0.0001805201853387938	0.0
-0.00014165662702551038	0.00018002210406754422	0.0
-0.0001441897854807292	0.00017947421466916967	0.0
-0.00014683308126008798	0.0001789263252707951	0.0
-0.00014925610239116684	0.00017837843587242052	0.0
-0.00015178926084638566	0.000177780738346921	0.0
-0.0001543224193016045	0.0001771830408214215	0.0
-0.00015674544043268337	0.00017653553516879702	0.0
-0.0001592785988879022	0.0001759378376432975	0.0
-0.00016170162001898108	0.000175290331990673	0.0
-0.00016412464115005997	0.0001745930182109236	0.0
-0.00016654766228113883	0.0001739455125582991	0.0
-0.00016897068341221772	0.00017324819877854967	0.0
-0.00017128356721915665	0.00017250107687167527	0.0
-0.00017359645102609555	0.00017180376309192582	0.0
-0.00017590933483303448	0.00017100683305792646	0.0
-0.0001782222186399734	0.00017030951927817704	0.0
-0.0001804249651227724	0.00016956239737130264	0.0
-0.0001827378489297113	0.00016881527546442823	0.0
-0.00018494059541251029	0.0001681179616846788	0.0
-0.00018714334189530926	0.00016742064790492935	0.0
-0.00018934608837810823	0.00016672333412517994	0.0
-0.00019154883486090723	0.00016607582847255546	0.0
-0.00019364144401956627	0.00016542832281993099	0.0
-0.00019584419050236524	0.00016483062529443147	0.0
-0.00019793679966102426	0.00016423292776893196	0.0
-0.00020013954614382323	0.00016368503837055736	0.0
-0.00020223215530248227	0.00016318695709930777	0.0
-0.00020421462713700135	0.00016273868395518315	0.0
-0.00020630723629566037	0.0001622904108110585	0.0
-0.00020850998277845937	0.00016189194579405882	0.0
-0.00021049245461297845	0.0001615432889041841	0.0
-0.00021247492644749753	0.00016124444014143434	0.0
-0.00021456753560615655	0.00016099539950580955	0.0
-0.0002166601447648156	0.00016074635887018476	0.0
-0.00021853247927519471	0.00016054712636168493	0.0
-0.00022062508843385373	0.00016039770198031004	0.0
-0.0002226075602683728	0.00016024827759893515	0.0
-0.0002245900321028919	0.00016019846947181018	0.0
-0.00022657250393741098	0.00016014866134468522	0.0
-0.00022855497577193003	0.00016014866134468522	0.0
-0.00023042731028230919	0.00016014866134468522	0.0
-0.00023240978211682827	0.00016019846947181018	0.0
-0.0002342821166272074	0.00016024827759893515	0.0
-0.00023626458846172648	0.00016034789385318507	0.0
-0.0002381369229721056	0.000160447510107435	0.0
-0.00024000925748248473	0.0001605969344888099	0.0
-0.00024188159199286385	0.0001606965507430598	0.0
-0.00024375392650324298	0.0001607961669973097	0.0
-0.0002456262610136221	0.00016089578325155962	0.0
-0.0002473884581998613	0.00016104520763293451	0.0
-0.00024926079271024045	0.0001611946320143094	0.0
-0.0002511331272206196	0.0001612942482685593	0.0
-0.00025289532440685874	0.0001614436726499342	0.0
-0.0002547676589172379	0.0001615432889041841	0.0
-0.00025641971877933713	0.000161692713285559	0.0
-0.00025829205328971625	0.00016179232953980892	0.0
-0.0002600542504759554	0.00016189194579405882	0.0
-0.00026170631033805463	0.0001620413701754337	0.0
-0.00026346850752429385	0.00016214098642968364	0.0
-0.00026512056738639306	0.0001622904108110585	0.0
-0.0002667726272484923	0.0001624398351924334	0.0
-0.00026842468711059153	0.00016258925957380826	0.0
-0.0002700767469726908	0.0001626888758280582	0.0
-0.00027172880683479	0.00016283830020943308	0.0
-0.0002732707293727493	0.000162937916463683	0.0
-0.0002748126519107086	0.00016308734084505785	0.0
-0.00027635457444866786	0.00016323676522643274	0.0
-0.0002777863596624872	0.00016333638148068266	0.0
-0.00027921814487630656	0.00016348580586205756	0.0
-0.00028064993009012585	0.00016358542211630748	0.0
-0.0002819715779798053	0.00016368503837055736	0.0
-0.00028329322586948463	0.0001638842708790572	0.0
-0.00028450473643502406	0.00016398388713330714	0.0
-0.0002858263843247035	0.00016413331151468203	0.0
-0.000286927757566103	0.00016428273589605692	0.0
-0.00028813926813164235	0.00016448196840455673	0.0
-0.000289130504048902	0.00016468120091305658	0.0
-0.00029023187729030145	0.00016488043342155644	0.0
-0.0002913332505317009	0.00016507966593005627	0.0
-0.0002923244864489605	0.0001652788984385561	0.0
-0.00029331572236622	0.00016547813094705595	0.0
-0.00029419682095933956	0.00016572717158268074	0.0
-0.0002949677822283192	0.00016592640409118057	0.0
-0.0002958488808214388	0.0001661256365996804	0.0
-0.0002966198420904185	0.00016632486910818026	0.0
-0.0002973908033593981	0.0001665241016166801	0.0
-0.00029794148998009786	0.00016672333412517994	0.0
-0.00029871245124907746	0.00016692256663367977	0.0
-0.0002992631378697772	0.00016707199101505466	0.0
-0.000299813824490477	0.00016722141539642955	0.0
-0.0003003645111111767	0.0001673708397778044	0.0
-0.00030080506040773656	0.00016757007228630424	0.0
-0.00030124560970429633	0.00016766968854055417	0.0
-0.0003016861590008561	0.00016781911292192906	0.0
-0.00030201657097327593	0.000167918729176179	0.0
-0.0003023469829456958	0.0001680183454304289	0.0
-0.00030256725759397567	0.00016806815355755383	0.0
-0.0003027875322422556	0.00016816776981180376	0.0
-0.0003030078068905355	0.00016816776981180376	0.0
-0.0003031179442146754	0.00016821757793892872	0.0
-0.0003031179442146754	0.00016816776981180376	0.0
-0.00030322808153881536	0.0001681179616846788	0.0
-0.00030322808153881536	0.00016806815355755383	0.0
-0.0003031179442146754	0.0001680183454304289	0.0
-0.0003030078068905355	0.00016786892104905403	0.0
-0.00030289766956639554	0.0001677693047948041	0.0
-0.0003027875322422556	0.00016766968854055417	0.0
-0.00030256725759397567	0.00016747045603205432	0.0
-0.00030223684562155585	0.00016732103165067945	0.0
-0.00030190643364913603	0.0001671716072693046	0.0
-0.00030157602167671615	0.0001670221828879297	0.0
-0.0003011354723801564	0.0001668727585065548	0.0
-0.00030058478575945664	0.00016667352599805498	0.0
-0.0003000340991387569	0.0001665241016166801	0.0
-0.0002994834125180571	0.00016632486910818026	0.0
-0.0002988225885732174	0.0001661256365996804	0.0
-0.0002981617646283777	0.00016597621221830554	0.0
-0.00029750094068353803	0.0001657769797098057	0.0
-0.00029672997941455843	0.0001655279390741809	0.0
-0.0002958488808214388	0.00016532870656568106	0.0
-0.0002949677822283192	0.00016507966593005627	0.0
-0.0002939765463110597	0.00016488043342155644	0.0
-0.0002929853103938002	0.00016463139278593162	0.0
-0.00029210421180068057	0.00016438235215030683	0.0
-0.00029100283855928104	0.00016413331151468203	0.0
-0.0002897913279937416	0.0001638842708790572	0.0
-0.00028857981742820224	0.00016363523024343245	0.0
-0.00028736830686266275	0.00016338618960780763	0.0
-0.0002861567962971233	0.0001631371489721828	0.0
-0.00028483514840744393	0.000162937916463683	0.0
-0.0002834033631936246	0.0001626888758280582	0.0
-0.0002820817153039452	0.0001624398351924334	0.0
-0.0002805397927659859	0.00016224060268393354	0.0
-0.0002791080075521666	0.00016199156204830875	0.0
-0.00027767622233834725	0.00016179232953980892	0.0
-0.00027613429980038795	0.0001615432889041841	0.0
-0.00027448223993828874	0.0001612942482685593	0.0
-0.00027294031740032943	0.00016109501576005948	0.0
-0.0002712882575382302	0.00016089578325155962	0.0
-0.000269746335000271	0.00016064674261593483	0.0
-0.00026798413781403175	0.000160447510107435	0.0
-0.0002662219406277926	0.00016024827759893515	0.0
-0.00026445974344155337	0.00015999923696331038	0.0
-0.00026280768357945416	0.00015980000445481053	0.0
-0.00026104548639321494	0.00015965058007343563	0.0
-0.00025917315188283586	0.00015945134756493578	0.0
-0.00025741095469659664	0.00015930192318356094	0.0
-0.0002555386201862175	0.00015910269067506108	0.0
-0.00025377642299997835	0.0001589532662936862	0.0
-0.00025179395116545927	0.0001588038419123113	0.0
-0.00024992161665508014	0.00015865441753093644	0.0
-0.000248049282144701	0.00015850499314956157	0.0
-0.00024606681031018193	0.00015835556876818668	0.0
-0.00024408433847566282	0.0001582061443868118	0.0
-0.00024210186664114374	0.00015800691187831196	0.0
-0.00024011939480662469	0.0001578574874969371	0.0
-0.00023802678564796564	0.0001577080631155622	0.0
-0.00023593417648930663	0.00015750883060706237	0.0
-0.0002338415673306476	0.00015735940622568748	0.0
-0.00023174895817198857	0.0001572099818443126	0.0
-0.0002295462116891896	0.00015701074933581276	0.0
-0.00022745360253053056	0.0001568613249544379	0.0
-0.00022525085604773156	0.00015666209244593804	0.0
-0.0002230481095649326	0.00015651266806456315	0.0
-0.00022084536308213362	0.00015631343555606335	0.0
-0.00021864261659933464	0.00015621381930181342	0.0
-0.00021632973279239574	0.00015601458679331357	0.0
-0.00021401684898545678	0.00015591497053906364	0.0
-0.00021170396517851785	0.0001557157380305638	0.0
-0.000209280944047439	0.0001556161217763139	0.0
-0.00020685792291636013	0.00015541688926781405	0.0
-0.00020443490178528124	0.00015526746488643916	0.0
-0.00020201188065420235	0.00015506823237793933	0.0
-0.0001995888595231235	0.00015491880799656447	0.0
-0.00019705570106790465	0.0001547195754880646	0.0
-0.00019463267993682579	0.00015452034297956478	0.0
-0.00019209952148160697	0.00015427130234393996	0.0
-0.00018956636302638815	0.00015402226170831517	0.0
-0.00018714334189530926	0.00015377322107269038	0.0
-0.0001845000461159505	0.00015352418043706556	0.0
-0.00018196688766073166	0.0001532751398014408	0.0
-0.00017943372920551284	0.000152976291038691	0.0
-0.0001767904334261541	0.00015262763414881632	0.0
-0.00017425727497093524	0.00015232878538606653	0.0
-0.00017161397919157647	0.00015198012849619184	0.0
-0.00016897068341221772	0.00015158166347919213	0.0
-0.00016643752495699887	0.00015123300658931744	0.0
-0.00016379422917764012	0.0001507847334451928	0.0
-0.00016115093339828131	0.0001503862684281931	0.0
-0.00015861777494306252	0.00014993799528406846	0.0
-0.0001560846164878437	0.00014943991401281887	0.0
-0.00015355145803262486	0.00014889202461444432	0.0
-0.00015090816225326608	0.00014834413521606977	0.0
-0.0001483750037980473	0.00014774643769057023	0.0
-0.00014584184534282844	0.00014719854829219569	0.0
-0.00014330868688760962	0.00014650123451244624	0.0
-0.00014066539110825082	0.00014590353698694673	0.0
-0.00013813223265303202	0.0001452062232071973	0.0
-0.0001355990741978132	0.00014455871755457281	0.0
-0.00013306591574259436	0.00014386140377482337	0.0
-0.00013053275728737554	0.0001432138981221989	0.0
-0.00012799959883215672	0.0001424667762153245	0.0
-0.00012546644037693787	0.00014181927056270002	0.0
-0.00012293328192171908	0.00014112195678295058	0.0
-0.00012051026079064019	0.00014042464300320116	0.0
-0.00011797710233542137	0.00013967752109632676	0.0
-0.0001155540812043425	0.00013903001544370225	0.0
-0.00011313106007326362	0.00013828289353682788	0.0
-0.00011070803894218475	0.0001375855797570784	0.0
-0.00010828501781110586	0.00013688826597732897	0.0
-0.000105861996680027	0.0001361411440704546	0.0
-0.00010343897554894811	0.00013544383029070515	0.0
-0.00010101595441786925	0.00013469670838383075	0.0
-9.870307061093032e-05	0.0001339993946040813	0.0
-9.628004947985144e-05	0.0001332522726972069	0.0
-9.396716567291251e-05	0.00013250515079033252	0.0
-9.176441919011354e-05	0.00013180783701058308	0.0
-8.945153538317461e-05	0.00013106071510370868	0.0
-8.724878890037562e-05	0.00013036340132395924	0.0
-8.504604241757665e-05	0.0001296660875442098	0.0
-8.295343325891764e-05	0.0001289189656373354	0.0
-8.075068677611865e-05	0.00012822165185758598	0.0
-7.876821494159957e-05	0.00012752433807783654	0.0
-7.667560578294054e-05	0.0001268270242980871	0.0
-7.458299662428151e-05	0.0001260799023912127	0.0
-7.260052478976242e-05	0.0001253327804843383	0.0
-7.07281902793833e-05	0.0001245856585774639	0.0
-6.874571844486421e-05	0.0001238385366705895	0.0
-6.698352125862504e-05	0.00012304160663659017	0.0
-6.522132407238586e-05	0.00012229448472971576	0.0
-6.345912688614668e-05	0.0001214975546957164	0.0
-6.180706702404744e-05	0.00012065081653459209	0.0
-6.015500716194821e-05	0.00011985388650059273	0.0
-5.872322194812887e-05	0.00011905695646659337	0.0
-5.7181299410169584e-05	0.00011821021830546905	0.0
-5.574951419635025e-05	0.0001174132882714697	0.0
-5.431772898253092e-05	0.00011656655011034537	0.0
-5.310621841699148e-05	0.00011571981194922105	0.0
-5.178457052731209e-05	0.0001149228819152217	0.0
-5.0573059961772654e-05	0.0001140761437540974	0.0
-4.947168672037317e-05	0.00011322940559297306	0.0
-4.826017615483372e-05	0.00011243247555897371	0.0
-4.715880291343424e-05	0.00011153592927072444	0.0
-4.61675669961747e-05	0.00011073899923672507	0.0
-4.517633107891516e-05	0.00010989226107560075	0.0
-4.418509516165562e-05	0.00010899571478735148	0.0
-4.330399656853603e-05	0.0001080991684991022	0.0
-4.253303529955638e-05	0.0001072524303379779	0.0
-4.165193670643679e-05	0.00010635588404972861	0.0
-4.088097543745715e-05	0.00010545933776147934	0.0
-4.011001416847751e-05	0.00010461259960035502	0.0
-3.922891557535792e-05	0.00010376586143923069	0.0
-3.856809163051823e-05	0.00010291912327810639	0.0
-3.7686993037398633e-05	0.00010207238511698207	0.0
-3.691603176841899e-05	0.00010122564695585775	0.0
-3.614507049943935e-05	0.00010042871692185838	0.0
-3.537410923045971e-05	9.963178688785904e-05	0.0
-3.449301063734012e-05	9.888466498098464e-05	0.0
-3.3722049368360474e-05	9.813754307411024e-05	0.0
-3.284095077524088e-05	9.74402292943608e-05	0.0
-3.195985218212129e-05	9.669310738748641e-05	0.0
-3.118889091314165e-05	9.599579360773697e-05	0.0
-3.0307792320022057e-05	9.534828795511248e-05	0.0
-2.9426693726902467e-05	9.465097417536304e-05	0.0
-2.8545595133782874e-05	9.39536603956136e-05	0.0
-2.7554359216523335e-05	9.330615474298914e-05	0.0
-2.6673260623403745e-05	9.265864909036466e-05	0.0
-2.5571887382004256e-05	9.206095156486513e-05	0.0
-2.4580651464744717e-05	9.141344591224066e-05	0.0
-2.3589415547485176e-05	9.086555651386611e-05	0.0
-2.248804230608569e-05	9.031766711549153e-05	0.0
-2.1386669064686197e-05	8.976977771711698e-05	0.0
-2.039543314742666e-05	8.927169644586739e-05	0.0
-1.918392258188722e-05	8.882342330174274e-05	0.0
-1.819268666462768e-05	8.832534203049315e-05	0.0
-1.7091313423228193e-05	8.792687701349347e-05	0.0
-1.5989940181828704e-05	8.75284119964938e-05	0.0
-1.4998704264569164e-05	8.717975510661908e-05	0.0
-1.3787193699029725e-05	8.67812900896194e-05	0.0
-1.2685820457630237e-05	8.648244132686964e-05	0.0
-1.1584447216230748e-05	8.613378443699492e-05	0.0
-1.0483073974831258e-05	8.583493567424516e-05	0.0
-9.27156340929182e-06	8.548627878437044e-05	0.0
-8.170190167892333e-06	8.518743002162067e-05	0.0
-7.068816926492843e-06	8.488858125887091e-05	0.0
-5.967443685093355e-06	8.463954062324612e-05	0.0
-4.866070443693866e-06	8.434069186049637e-05	0.0
-3.7646972022943765e-06	8.409165122487156e-05	0.0
-2.7734612850348366e-06	8.384261058924677e-05	0.0
-1.7822253677752967e-06	8.359356995362196e-05	0.0
-7.909894505157568e-07	8.339433744512212e-05	0.0
2.0024646674378323e-07	8.319510493662229e-05	0.0
1.0813450598633743e-06	8.30456805552474e-05	0.0
1.9624436529829652e-06	8.284644804674757e-05	0.0
2.9536795702425055e-06	8.269702366537268e-05	0.0
3.834778163362096e-06	8.254759928399781e-05	0.0
4.715876756481687e-06	8.239817490262292e-05	0.0
5.48683802546133e-06	8.21989423941231e-05	0.0
6.367936618580921e-06	8.199970988562325e-05	0.0
7.138897887560563e-06	8.180047737712341e-05	0.0
7.909859156540205e-06	8.15514367414986e-05	0.0
8.680820425519847e-06	8.130239610587381e-05	0.0
9.341644370359541e-06	8.100354734312405e-05	0.0
9.892330991059284e-06	8.07046985803743e-05	0.0
1.0553154935898979e-05	8.040584981762454e-05	0.0
1.1103841556598723e-05	8.000738480062486e-05	0.0
1.1654528177298466e-05	7.965872791075014e-05	0.0
1.2205214797998211e-05	7.931007102087542e-05	0.0
1.2645764094558008e-05	7.891160600387575e-05	0.0
1.3196450715257751e-05	7.856294911400103e-05	0.0
1.3747137335957496e-05	7.811467596987638e-05	0.0
1.4187686632517293e-05	7.771621095287671e-05	0.0
1.4628235929077088e-05	7.726793780875206e-05	0.0
1.5178922549776831e-05	7.681966466462742e-05	0.0
1.550933452219668e-05	7.632158339337783e-05	0.0
1.5839746494616524e-05	7.582350212212823e-05	0.0
1.617015846703637e-05	7.522580459662872e-05	0.0
1.6500570439456218e-05	7.467791519825415e-05	0.0
1.6720845087736114e-05	7.403040954562968e-05	0.0
1.6941119736016013e-05	7.333309576588024e-05	0.0
1.7051257060155964e-05	7.26357819861308e-05	0.0
1.7271531708435864e-05	7.18886600792564e-05	0.0
1.7491806356715756e-05	7.1141538172382e-05	0.0
1.7601943680855707e-05	7.039441626550761e-05	0.0
1.7822218329135607e-05	6.954767810438329e-05	0.0
1.793235565327555e-05	6.875074807038394e-05	0.0
1.8042492977415503e-05	6.790400990925962e-05	0.0
1.815263030155545e-05	6.710707987526025e-05	0.0
1.815263030155545e-05	6.626034171413594e-05	0.0
1.815263030155545e-05	6.541360355301162e-05	0.0
1.815263030155545e-05	6.451705726476234e-05	0.0
1.815263030155545e-05	6.362051097651307e-05	0.0
1.793235565327555e-05	6.267415656113883e-05	0.0
1.7822218329135607e-05	6.167799401863963e-05	0.0
1.7601943680855707e-05	6.0632023349015475e-05	0.0
1.7491806356715756e-05	5.948643642514141e-05	0.0
1.7271531708435864e-05	5.829104137414237e-05	0.0
1.7161394384295912e-05	5.704583819601837e-05	0.0
1.6941119736016013e-05	5.5800635017894375e-05	0.0
1.6830982411876065e-05	5.44060074583955e-05	0.0
1.661070776359617e-05	5.301137989889662e-05	0.0
1.6500570439456218e-05	5.156694421227279e-05	0.0
1.628029579117632e-05	5.012250852564895e-05	0.0
1.6060021142896423e-05	4.8628264711900155e-05	0.0
1.5839746494616524e-05	4.7134020898151366e-05	0.0
1.550933452219668e-05	4.568958521152753e-05	0.0
1.5068785225636883e-05	4.419534139777873e-05	0.0
1.4628235929077088e-05	4.27509057111549e-05	0.0
1.429782395665724e-05	4.12566618974061e-05	0.0
1.3747137335957496e-05	3.9762418083657304e-05	0.0
1.33065880393977e-05	3.821836614278355e-05	0.0
1.2976176066977854e-05	3.667431420190979e-05	0.0
1.2645764094558008e-05	3.503064600678612e-05	0.0
1.2205214797998211e-05	3.3386977811662445e-05	0.0
1.1874802825578364e-05	3.159388523516389e-05	0.0
1.1544390853158519e-05	2.98506007857903e-05	0.0
1.1103841556598723e-05	2.7957891955041826e-05	0.0
1.0663292260038928e-05	2.6065183124293353e-05	0.0
1.0112605639339184e-05	2.4122666166419916e-05	0.0
9.451781694499489e-06	2.2180149208546483e-05	0.0
8.680820425519847e-06	2.023763225067305e-05	0.0
7.689584508260307e-06	1.8344923419924577e-05	0.0
6.808485915140717e-06	1.6551830843426025e-05	0.0
5.817249997881176e-06	1.4808546394052429e-05	0.0
4.936151404761585e-06	1.3214686326053714e-05	0.0
4.165190135781943e-06	1.177025063942988e-05	0.0
3.5043661909422494e-06	1.0475239334180921e-05	0.0
3.063816894382454e-06	9.329652410306844e-06	0.0
2.8435422461025563e-06	8.333489867807649e-06	0.0
2.9536795702425055e-06	7.536559833808292e-06	0.0
3.173954218522403e-06	6.789437926933894e-06	0.0
3.5043661909422494e-06	6.191740401434376e-06	0.0
4.055052811641994e-06	5.693659130184778e-06	0.0
4.715876756481687e-06	5.195577858935179e-06	0.0
5.376700701321381e-06	4.697496587685581e-06	0.0
5.927387322021126e-06	4.249223443560942e-06	0.0
6.257799294440972e-06	3.751142172311344e-06	0.0
6.698348591000767e-06	3.2032527739367854e-06	0.0
