LNEC Test File eXtractor

File: rinaldi_costape10_time_1.DRV

Created in: 2026-04-28 18:02:09.050742

Number of channels: 3

Name:	DispT	DispL	DispV
Type:	Displacement	Displacement	Displacement
Unit:	m	m	m
No. of Samples:	3001	3001	3001
Time step [s]:	0.005	0.005	0.005
Trigger date:	1970-01-01	1970-01-01	1970-01-01
Trigger time:	00:00:00.000000	00:00:00.000000	00:00:00.000000
Duration [s]:	15.0	15.0	15.0
Data:
DispT	DispL	DispV
-1.780941900154822e-05	8.11454129240208e-06	0.0
-2.4692287769454045e-05	1.0049583034325485e-05	0.0
-3.131542564045777e-05	1.1984624776248892e-05	0.0
-3.8198294408363596e-05	1.375140201887461e-05	0.0
-4.495129772781837e-05	1.5434047011851485e-05	0.0
-5.157443559882209e-05	1.711669200482836e-05	0.0
-5.819757346982581e-05	1.8883469247454077e-05	0.0
-6.482071134082954e-05	2.0734378739728637e-05	0.0
-7.144384921183326e-05	2.2501155982354356e-05	0.0
-7.793712163438594e-05	2.4520329973926606e-05	0.0
-8.430052860848754e-05	2.6455371715850012e-05	0.0
-9.07938010310402e-05	2.8558677957071108e-05	0.0
-9.715720800514183e-05	3.049371969899451e-05	0.0
-0.00010352061497924343	3.2512893690566764e-05	0.0
-0.000109754156504894	3.4447935432490166e-05	0.0
-0.0001158578325820935	3.6298844924764726e-05	0.0
-0.00012209137410774406	3.814975441703929e-05	0.0
-0.00012832491563339463	4.0000663909313854e-05	0.0
-0.00013442859171059412	4.176744115193957e-05	0.0
-0.00014053226778779366	4.353421839456529e-05	0.0
-0.00014663594386499316	4.538512788683985e-05	0.0
-0.00015273961994219265	4.715190512946557e-05	0.0
-0.00015884329601939217	4.900281462174013e-05	0.0
-0.0001648171066481406	5.093785636366354e-05	0.0
-0.00017079091727688909	5.287289810558695e-05	0.0
-0.00017689459335408858	5.4807939847510356e-05	0.0
-0.00018299826943128812	5.674298158943376e-05	0.0
-0.0001888422146115855	5.8762155581006e-05	0.0
-0.00019481602524033397	6.061306507328057e-05	0.0
-0.0002007898358690824	6.254810681520398e-05	0.0
-0.0002066337810493798	6.439901630747854e-05	0.0
-0.00021273745712657933	6.616579355010425e-05	0.0
-0.00021858140230687672	6.801670304237882e-05	0.0
-0.00022442534748717412	6.969934803535569e-05	0.0
-0.00023039915811592256	7.155025752763025e-05	0.0
-0.00023624310329622	7.331703477025597e-05	0.0
-0.00024221691392496846	7.50838120128817e-05	0.0
-0.0002481907245537169	7.701885375480509e-05	0.0
-0.0002539048042855632	7.886976324707965e-05	0.0
-0.0002598786149143117	8.080480498900308e-05	0.0
-0.0002657225600946091	8.257158223162877e-05	0.0
-0.0002715665052749065	8.450662397355218e-05	0.0
-0.00027754031590365496	8.635753346582676e-05	0.0
-0.0002833842610839524	8.829257520775017e-05	0.0
-0.0002893580717127008	9.005935245037588e-05	0.0
-0.0002952020168929982	9.191026194265044e-05	0.0
-0.0003010459620732956	9.367703918527616e-05	0.0
-0.0003067600418051419	9.552794867755071e-05	0.0
-0.0003127338524338904	9.729472592017643e-05	0.0
-0.0003185777976141878	9.906150316280216e-05	0.0
-0.0003245516082429363	0.00010091241265507672	0.0
-0.0003303955534232337	0.00010267918989770243	0.0
-0.0003362394986035311	0.00010461423163962584	0.0
-0.0003422133092322795	0.00010654927338154925	0.0
-0.000348316985309479	0.00010840018287382381	0.0
-0.0003542907959382275	0.00011025109236609837	0.0
-0.000360394472015427	0.00011218613410802178	0.0
-0.0003663682826441754	0.00011403704360029634	0.0
-0.00037247195872137494	0.0001158879530925709	0.0
-0.00037857563479857446	0.00011765473033519663	0.0
-0.000384679310875774	0.00011950563982747119	0.0
-0.0003907829869529735	0.0001212724170700969	0.0
-0.000396886663030173	0.0001229550620630738	0.0
-0.0004029903391073725	0.00012472183930569949	0.0
-0.000409094015184572	0.00012657274879797407	0.0
-0.0004151976912617715	0.0001283395260405998	0.0
-0.000421301367338971	0.00013010630328322547	0.0
-0.0004274050434161705	0.0001318730805258512	0.0
-0.0004335087194933701	0.00013363985776847692	0.0
-0.00043948253012211845	0.00013540663501110264	0.0
-0.000445586206199318	0.00013708928000407954	0.0
-0.00045168988227651754	0.0001387719249970564	0.0
-0.00045766369290526596	0.00014037043774038443	0.0
-0.0004637673689824655	0.00014196895048371248	0.0
-0.000469871045059665	0.00014348333097739165	0.0
-0.00047584485568841347	0.00014491357922142198	0.0
-0.00048194853176561294	0.00014625969521580347	0.0
-0.0004879223423943614	0.000147605811210185	0.0
-0.0004940260184715609	0.0001487836627052688	0.0
-0.0004999998291003093	0.00014996151420035262	0.0
-0.0005059736397290579	0.00015113936569543642	0.0
-0.0005120773158062572	0.00015231721719052025	0.0
-0.0005181809918834568	0.0001534109364359552	0.0
-0.0005241548025122052	0.00015458878793103904	0.0
-0.0005302584785894048	0.00015568250717647397	0.0
-0.0005362322892181532	0.00015677622642190894	0.0
-0.0005423359652953528	0.00015786994566734393	0.0
-0.0005483097759241012	0.00015887953266313006	0.0
-0.0005541537211043987	0.00015988911965891616	0.0
-0.000559997666284696	0.0001608987066547023	0.0
-0.0005658416114649934	0.00016182416140083958	0.0
-0.0005715556911968398	0.0001628337483966257	0.0
-0.0005772697709286862	0.00016384333539241184	0.0
-0.0005828539852120814	0.00016485292238819797	0.0
-0.0005884381994954767	0.0001658625093839841	0.0
-0.0005938925483304209	0.00016695622862941906	0.0
-0.0005993468971653652	0.00016813408012450288	0.0
-0.0006046713805518583	0.00016939606386923552	0.0
-0.0006099958639383516	0.00017065804761396815	0.0
-0.0006151904818763937	0.0001719200313587008	0.0
-0.0006205149652628868	0.00017335027960273117	0.0
-0.000625709583200929	0.00017461226334746383	0.0
-0.0006307743356905202	0.00017604251159149416	0.0
-0.0006359689536285622	0.00017738862758587569	0.0
-0.0006411635715666043	0.00017873474358025718	0.0
-0.0006463581895046465	0.00018016499182428754	0.0
-0.0006515528074426887	0.00018159524006831784	0.0
-0.0006570071562776329	0.00018310962056199704	0.0
-0.0006624615051125771	0.00018479226555497393	0.0
-0.0006680457193959724	0.00018655904279759963	0.0
-0.0006736299336793678	0.00018849408453952305	0.0
-0.0006794738788596652	0.0001905132585310953	0.0
-0.0006851879585915115	0.0001926165647723164	0.0
-0.0006911617692202599	0.00019480400326318633	0.0
-0.0006971355798490083	0.00019699144175405625	0.0
-0.0007033691213746589	0.00019909474799527735	0.0
-0.0007096026629003096	0.0002011139219868496	0.0
-0.0007159660698744111	0.0002032172282280707	0.0
-0.0007225892077454148	0.00020523640221964295	0.0
-0.0007290824801679675	0.00020733970846086402	0.0
-0.0007357056180389711	0.00020935888245243628	0.0
-0.0007425884868068771	0.0002112939241943597	0.0
-0.0007494713555747829	0.00021331309818593196	0.0
-0.0007566139552395907	0.00021524813992785535	0.0
-0.0007640162858013009	0.0002170990494201299	0.0
-0.000771548481811462	0.0002189499589124045	0.0
-0.0007793404087185252	0.00022063260390538133	0.0
-0.0007872622010740394	0.00022214698439906053	0.0
-0.0007953138588780047	0.00022357723264309089	0.0
-0.000803235651233519	0.00022475508413817468	0.0
-0.0008112873090374842	0.0002259329356332585	0.0
-0.0008192091013929985	0.00022694252262904464	0.0
-0.0008271308937485128	0.00022795210962483077	0.0
-0.000834922820655576	0.00022887756437096803	0.0
-0.0008424550166657371	0.0002297188868674565	0.0
-0.0008501170781243493	0.00023064434161359376	0.0
-0.0008576492741345104	0.00023156979635973105	0.0
-0.0008651814701446714	0.0002324952511058683	0.0
-0.0008727136661548325	0.00023342070585200559	0.0
-0.0008802458621649936	0.00023451442509744055	0.0
-0.0008879079236236057	0.0002357764088421732	0.0
-0.0008953102541853158	0.00023703839258690587	0.0
-0.0009027125847470259	0.00023846864083093623	0.0
-0.0009102447807571869	0.00023998302132461542	0.0
-0.0009175172458704459	0.00024166566631759229	0.0
-0.000924919576432156	0.00024326417906092031	0.0
-0.0009321920415454149	0.00024503095630354604	0.0
-0.0009395943721071249	0.00024679773354617176	0.0
-0.0009471265681172861	0.0002485645107887975	0.0
-0.0009546587641274472	0.0002504154202810721	0.0
-0.0009621909601376083	0.00025226632977334656	0.0
-0.0009698530215962205	0.00025420137151527	0.0
-0.0009776449485032837	0.0002560522810075446	0.0
-0.000985566740858798	0.00025798732274946793	0.0
-0.0009937482641112143	0.0002597540999920937	0.0
-0.0010021895182605327	0.0002615208772347194	0.0
-0.0010111502342036553	0.0002632035222276963	0.0
-0.00102037068104368	0.0002647179027213755	0.0
-0.0010301105896775092	0.0002659798864661081	0.0
-0.0010401102292082402	0.0002670736057115431	0.0
-0.0010502397341874223	0.00026791492820803155	0.0
-0.0010604991046150557	0.0002685038539555734	0.0
-0.00107088834049114	0.0002688403829541688	0.0
-0.0010812775763672242	0.0002690086474534665	0.0
-0.0010915369467948575	0.00026909277970311535	0.0
-0.0011019261826709418	0.0002690086474534665	0.0
-0.0011123154185470258	0.0002688403829541688	0.0
-0.0011228345198715612	0.0002685879862052223	0.0
-0.0011332237557476455	0.0002682514572066269	0.0
-0.001143742857072181	0.0002678307959583827	0.0
-0.0011543918238451673	0.0002674101347101385	0.0
-0.0011650407906181536	0.0002669053412122454	0.0
-0.00117568975739114	0.0002663164154647035	0.0
-0.0011863387241641263	0.0002656433574675127	0.0
-0.0011969876909371127	0.000264970299470322	0.0
-0.0012075067922616481	0.00026421310922348243	0.0
-0.0012181557590346345	0.00026345591897664283	0.0
-0.0012286748603591697	0.0002627828609794521	0.0
-0.001239193961683705	0.0002621098029822613	0.0
-0.0012497130630082405	0.00026160500948436825	0.0
-0.0012602321643327757	0.00026118434823612404	0.0
-0.0012707512656573111	0.0002610160837368263	0.0
-0.0012811405015333954	0.0002611002159864752	0.0
-0.0012915297374094796	0.0002613526127354217	0.0
-0.0013016592423886618	0.00026177327398366597	0.0
-0.001311788747367844	0.00026227806748155904	0.0
-0.001321658521450124	0.0002628669932291009	0.0
-0.001331528295532404	0.00026337178672699397	0.0
-0.0013413980696146842	0.00026387658022488704	0.0
-0.001351008112800062	0.0002641289769738335	0.0
-0.0013606181559854401	0.0002643813737227801	0.0
-0.0013702281991708179	0.0002646337704717266	0.0
-0.0013797083769077447	0.00026488616722067317	0.0
-0.0013891885546446717	0.00026530682846891737	0.0
-0.0013985388669331476	0.00026581162196681043	0.0
-0.0014078891792216235	0.00026648467996400117	0.0
-0.0014172394915100992	0.0002671577379611919	0.0
-0.001426459938350124	0.0002677466637087338	0.0
-0.0014356803851901488	0.0002684197217059246	0.0
-0.0014447709665817226	0.00026875625070451996	0.0
-0.0014541212788701985	0.0002690086474534665	0.0
-0.0014633417257102232	0.0002690086474534665	0.0
-0.001472692037998699	0.00026875625070451996	0.0
-0.001482302081184077	0.00026833558945627575	0.0
-0.0014923017207148083	0.00026757839920943616	0.0
-0.0015025610911424414	0.00026648467996400117	0.0
-0.0015132100579154277	0.00026522269621926856	0.0
-0.0015243784864822183	0.00026370831572558937	0.0
-0.0015360663768428132	0.0002621098029822613	0.0
-0.001548143863548761	0.00026042715798928445	0.0
-0.0015606109466000623	0.0002587445129963076	0.0
-0.0015732078950998142	0.0002572301325026284	0.0
-0.0015861944399449197	0.00025563161975930034	0.0
-0.0015991809847900249	0.00025420137151527	0.0
-0.0016122973950835815	0.0002530235200201862	0.0
-0.0016252839399286867	0.0002519298007747512	0.0
-0.0016382704847737921	0.00025092021377896514	0.0
-0.0016511271641704464	0.0002501630235321255	0.0
-0.0016641137090155518	0.0002493217010356371	0.0
-0.001676840522963755	0.00024848037853914863	0.0
-0.0016895673369119583	0.0002474707915433625	0.0
-0.0017022941508601614	0.0002462929400482787	0.0
-0.0017150209648083645	0.0002449468240538972	0.0
-0.00172800750965347	0.00024368484030916454	0.0
-0.0017408641890501242	0.00024250698881408074	0.0
-0.0017538507338952297	0.00024149740181829462	0.0
-0.001766707413291884	0.00024074021157145502	0.0
-0.001779174496343185	0.00024006715357426426	0.0
-0.001791122117600682	0.00023922583107777583	0.0
-0.0018024204116159235	0.0002382162440819897	0.0
-0.001813199243837361	0.0002368701280876082	0.0
-0.0018234586142649944	0.00023527161534428015	0.0
-0.0018334582537957254	0.00023342070585200559	0.0
-0.0018434578933264566	0.0002316539286093799	0.0
-0.0018534575328571874	0.0002301395481157007	0.0
-0.0018637169032848207	0.00022870929987167036	0.0
-0.0018742360046093561	0.00022761558062623537	0.0
-0.0018847551059338913	0.00022660599363044927	0.0
-0.0018954040727068777	0.0002257646711339608	0.0
-0.0019061829049283152	0.00022483921638782355	0.0
-0.0019169617371497525	0.0002239978938913351	0.0
-0.001928000300268092	0.00022307243914519782	0.0
-0.0019394284597317847	0.00022223111664870936	0.0
-0.0019509864846439288	0.00022155805865151863	0.0
-0.0019629341059014256	0.0002211373974032744	0.0
-0.0019751414580558243	0.00022096913290397673	0.0
-0.0019873488102102235	0.00022088500065432787	0.0
-0.002000075624158427	0.00022105326515362556	0.0
-0.0020128024381066297	0.0002213056619025721	0.0
-0.0020257889829517354	0.00022155805865151863	0.0
-0.0020390352586937424	0.00022164219090116746	0.0
-0.0020529308616780055	0.0002214739264018698	0.0
-0.0020672160610076215	0.00022105326515362556	0.0
-0.0020820207221310416	0.00022021194265713713	0.0
-0.002097214979599815	0.0002189499589124045	0.0
-0.002113188429759294	0.0002172673139194276	0.0
-0.002129681341712578	0.00021516400767820652	0.0
-0.002146953446356568	0.00021255590793909236	0.0
-0.0021647450127943624	0.0002096112792013828	0.0
-0.0021833157719228628	0.00020624598921542908	0.0
-0.002202276127396717	0.0002024600379812311	0.0
-0.002221885810112826	0.0001984216899980866	0.0
-0.002241755223725837	0.00019396268076669787	0.0
-0.00226188436823575	0.00018933540703601148	0.0
-0.002282143378194115	0.00018428747205708086	0.0
-0.0023024023881524787	0.00017890300807955488	0.0
-0.0023226613981108435	0.00017326614735308234	0.0
-0.002342790542620757	0.00016712449312871676	0.0
-0.0023626599562337675	0.00016064630990575575	0.0
-0.00238265923529523	0.00015391572993384827	0.0
-0.0024022689180113388	0.0001468486209633454	0.0
-0.002421748735278997	0.0001396973797431937	0.0
-0.002440838956201302	0.00013246200627339312	0.0
-0.0024597993116751557	0.00012522663280359255	0.0
-0.0024784999362521074	0.00011815952383308969	0.0
-0.002496940829932157	0.00011117654711223565	0.0
-0.0025149921272668535	0.00010427770264103046	0.0
-0.002532783693704648	9.746299041947412e-05	0.0
-0.00255031552924554	9.064827819791778e-05	0.0
-0.002567717499337981	8.391769822601028e-05	0.0
-0.002584989603981971	7.710298600445394e-05	0.0
-0.002602261708625961	7.02882737828976e-05	0.0
-0.0026196636787184026	6.35576938109901e-05	0.0
-0.0026373253797077455	5.691124608873145e-05	0.0
-0.002655376677042442	5.043306286577048e-05	0.0
-0.0026738175707224916	4.41231441421072e-05	0.0
-0.0026925181952994434	3.806562216739045e-05	0.0
-0.0027116084162217484	3.226049694162023e-05	0.0
-0.002731088233489406	2.6623636215147702e-05	0.0
-0.0027505680507570645	2.1070907738324015e-05	0.0
-0.0027700478680247223	1.5518179261500327e-05	0.0
-0.00278952768529238	1.0049583034325485e-05	0.0
-0.002808877637111587	4.580986807150642e-06	0.0
-0.002827967858033892	-9.717416696730441e-07	0.0
-0.002846928213507746	-6.440337896847887e-06	0.0
-0.0028654989726362465	-1.1908934124022729e-05	0.0
-0.002883810000867845	-1.7461662600846418e-05	0.0
-0.0029014717018571883	-2.2930258828021257e-05	0.0
-0.0029187438065011785	-2.8482987304844948e-05	0.0
-0.0029354964493513644	-3.411984803131748e-05	0.0
-0.0029517296304077457	-3.984084100743885e-05	0.0
-0.0029673134842218723	-4.5814230732506755e-05	0.0
-0.002982637607139096	-5.195588495687235e-05	0.0
-0.0029973124028140658	-5.834993593018447e-05	0.0
-0.0030117274675921326	-6.491225140279427e-05	0.0
-0.003026012666921748	-7.189522812364831e-05	0.0
-0.0030401680008029135	-7.904646934380003e-05	0.0
-0.003054193469235627	-8.645010731289827e-05	0.0
-0.0030682189376683407	-9.410614203094306e-05	0.0
-0.0030822444061010543	-0.00010201457349793438	0.0
-0.003096269874533768	-0.0001101754017138722	0.0
-0.003110165477518031	-0.00011867275892840542	0.0
-0.0031239312150538427	-0.00012742251289188516	0.0
-0.003137437221692752	-0.00013634053135466262	0.0
-0.003151073093780113	-0.00014559507881603542	0.0
-0.0031645791004190223	-0.00015484962627740822	0.0
-0.0031782149725063827	-0.00016410417373878102	0.0
-0.0031921105754906453	-0.00017327458895050502	0.0
-0.003206006178474908	-0.00018236087191258012	0.0
-0.0032201615123560734	-0.00019127889037535756	0.0
-0.003234446711685689	-0.00020011277658848618	0.0
-0.003248602045566854	-0.00020877839830231706	0.0
-0.0032627573794480184	-0.00021744402001614796	0.0
-0.0032767828478807324	-0.00022602550948033005	0.0
-0.003290548585416544	-0.0002346069989445121	0.0
-0.0033040545920554536	-0.0002431043561590453	0.0
-0.0033175605986943634	-0.0002517699778728762	0.0
-0.003330936739884822	-0.0002604355995867071	0.0
-0.003344053150178378	-0.00026918535355018687	0.0
-0.0033575591568172874	-0.00027793510751366663	0.0
-0.003371195028904648	-0.0002867689937267952	0.0
-0.003385090631888911	-0.0002956870121895727	0.0
-0.003399375831218527	-0.00030468916290199893	0.0
-0.003413920761445045	-0.00031369131361442523	0.0
-0.0034288552880169156	-0.0003228617288261492	0.0
-0.0034441794109341404	-0.00033220040853717083	0.0
-0.003459503533851364	-0.00034170735274749014	0.0
-0.003475087387665491	-0.00035138256145710717	0.0
-0.0034908011069280684	-0.0003612260346660219	0.0
-0.003506514826190646	-0.0003711536401245855	0.0
-0.0035224882763501258	-0.00038108124558314905	0.0
-0.0035385915919580557	-0.00039092471879206375	0.0
-0.0035546949075659865	-0.0004006840597513296	0.0
-0.0035709280886223682	-0.00041010687171200014	0.0
-0.0035870314042302986	-0.00041927728692372406	0.0
-0.0036030048543897785	-0.0004281111731368527	0.0
-0.0036188484391008074	-0.0004366085303513859	0.0
-0.003634302427466482	-0.0004446852263176749	0.0
-0.003649626550383707	-0.00045250952553501733	0.0
-0.0036644312115071266	-0.0004600814280034133	0.0
-0.0036789761417336444	-0.0004675691982221604	0.0
-0.0036932613410632603	-0.00047488870394160983	0.0
-0.0037071569440475234	-0.00048212407741141035	0.0
-0.003720792816134884	-0.0004894435831308598	0.0
-0.0037340390918768913	-0.0004965948243510115	0.0
-0.003747025636721997	-0.0005037460655711632	0.0
-0.0037597524506702	-0.0005107290422920172	0.0
-0.003772219533721501	-0.0005177120190128713	0.0
-0.0037841671549789977	-0.0005246949957337252	0.0
-0.003795984910788044	-0.0005315097079552816	0.0
-0.0038074130702517362	-0.0005382402879271892	0.0
-0.003818451633370076	-0.0005449708678990966	0.0
-0.003829100600143062	-0.0005517014478710042	0.0
-0.0038392301051222446	-0.0005584320278429116	0.0
-0.0038493596101014265	-0.0005650784755651704	0.0
-0.0038590995187352557	-0.0005718090555370777	0.0
-0.0038687095619206334	-0.0005786237677586341	0.0
-0.0038783196051060116	-0.0005855226122298393	0.0
-0.00388792964829139	-0.0005924214567010445	0.0
-0.0038974098260283166	-0.0005992361689226008	0.0
-0.003906630272868341	-0.0006060508811441572	0.0
-0.003915720854259915	-0.0006126973288664158	0.0
-0.0039242919738576845	-0.0006191755120893768	0.0
-0.003932863093455454	-0.0006254854308130401	0.0
-0.003940655020362517	-0.0006315429527877569	0.0
-0.003948057350924228	-0.000637348078013527	0.0
-0.0039550700851405845	-0.0006429849387399996	0.0
-0.003961693223011588	-0.0006482852704678768	0.0
-0.003967537168191885	-0.0006532490731971586	0.0
-0.00397299151702683	-0.0006579604791774938	0.0
-0.00397805626951642	-0.0006621670916599359	0.0
-0.003982341829315305	-0.0006659530428941339	0.0
-0.003986367658217288	-0.0006691500683807899	0.0
-0.003989744159877015	-0.0006716740358702554	0.0
-0.003992471334294487	-0.0006736090776121788	0.0
-0.003994679046918155	-0.0006747869291072625	0.0
-0.00399649716319647	-0.0006752917226051556	0.0
-0.00399766595223253	-0.0006750393258562091	0.0
-0.003998315279474785	-0.0006739456066107741	0.0
-0.003998315279474785	-0.0006721788293681483	0.0
-0.00399766595223253	-0.0006696548618786831	0.0
-0.003996237432299568	-0.000666457836392027	0.0
-0.00399389985422745	-0.0006626718851578291	0.0
-0.003990783083464624	-0.000658381140425738	0.0
-0.0039864975236657395	-0.0006536697344454028	0.0
-0.003981432771176148	-0.0006485376672168233	0.0
-0.003975329095098948	-0.0006432373354889461	0.0
-0.003968186495434141	-0.0006375163425128247	0.0
-0.003960264703078626	-0.0006317112172870545	0.0
-0.003951174121687053	-0.0006258219598116355	0.0
-0.00394104461670787	-0.0006198485700865676	0.0
-0.0039301359190379815	-0.0006137910481118508	0.0
-0.003918188297780485	-0.0006078176583867829	0.0
-0.00390520175293538	-0.0006020125331610127	0.0
-0.0038913061499511173	-0.000596459804684189	0.0
-0.0038763716233792458	-0.0005911594729563119	0.0
-0.0038606579041166687	-0.0005862798024766788	0.0
-0.0038441649921633846	-0.0005819890577445879	0.0
-0.0038265032911740412	-0.0005782872387600388	0.0
-0.0038081922629424427	-0.0005751743455230315	0.0
-0.003788972176571687	-0.0005727345102832151	0.0
-0.003768713166613323	-0.0005709677330405894	0.0
-0.003747155502170448	-0.0005699581460448033	0.0
-0.0037245589141399645	-0.0005697057492958567	0.0
-0.0037007935370734217	-0.0005702105427937498	0.0
-0.0036758593709708197	-0.0005715566587881312	0.0
-0.003649886281280609	-0.00057382822952865	0.0
-0.003622744402554338	-0.000577109387264955	0.0
-0.003594693465688911	-0.0005813159997473972	0.0
-0.003565733470684326	-0.0005864480669759767	0.0
-0.0035358644175405842	-0.0005925897212003422	0.0
-0.0035050863062576843	-0.000599740962420494	0.0
-0.003473269271387176	-0.0006078176583867829	0.0
-0.0034404133129290596	-0.0006169880735985068	0.0
-0.0034065184308833345	-0.0006272522080556658	0.0
-0.0033717144906984524	-0.000638441797258962	0.0
-0.0033357417614775105	-0.000650809237957342	0.0
-0.0032986002432205098	-0.0006641862656515082	0.0
-0.003260289935927449	-0.0006785728803414604	0.0
-0.0032206809741498776	-0.0006940532142768477	0.0
-0.0031796434924393443	-0.000710543135208021	0.0
-0.0031370476253473993	-0.0007280426431349806	0.0
-0.003092633641977139	-0.0007464676058080774	0.0
-0.0030465314077770147	-0.0007659021554769602	0.0
-0.002998611057298576	-0.0007862621598919804	0.0
-0.0029486128596449205	-0.0008075476190531379	0.0
-0.00289679654571295	-0.0008295902684611349	0.0
-0.002842772519157312	-0.0008525583726152694	0.0
-0.0027866706454264573	-0.000876367799265892	0.0
-0.0027284909245203852	-0.0009010185484130033	0.0
-0.0026682333564390964	-0.0009265106200566029	0.0
-0.00260576807573414	-0.0009528440141966911	0.0
-0.0025410950824055153	-0.0009801869953325654	0.0
-0.002474344241901674	-0.0010083712989649278	0.0
-0.0024053856887741643	-0.0010373969250937788	0.0
-0.002334089557574536	-0.0010672638737191185	0.0
-0.002260845444648142	-0.0010980562770905953	0.0
-0.00218539361909808	-0.0011296058707089115	0.0
-0.002107863946372801	-0.0011619967868237166	0.0
-0.0020281265610238544	-0.0011952290254350097	0.0
-0.0019461814630512394	-0.0012292184542931428	0.0
-0.001862288383351859	-0.0012638809411484664	0.0
-0.0017761875910288108	-0.0012992164860009807	0.0
-0.0016877492206336434	-0.0013353092211003347	0.0
-0.0015973628685117102	-0.0013719067496975816	0.0
-0.001504768803766109	-0.0014092614685416683	0.0
-0.0014100968918452914	-0.001447120980883648	0.0
-0.0013133471327492565	-0.0014855694189731697	0.0
-0.0012149091228233582	-0.0015245226505605843	0.0
-0.0011143932657222428	-0.0015638124111465943	0.0
-0.001012189157791264	-0.0016034387007311996	0.0
-0.0009081669335819702	-0.0016432332548151028	0.0
-0.0008023265930943616	-0.0016831960733983036	0.0
-0.0006949278672253405	-0.0017231588919815043	0.0
-0.0005859707559749067	-0.0017630375783150563	0.0
-0.00047545525934306027	-0.0018026638678996616	0.0
-0.00036351124277825226	-0.0018420377607353206	0.0
-0.00025000884083203163	-0.0018809068600730862	0.0
-0.00013520778440130046	-0.0019193552981626079	0.0
-1.89782080376077e-05	-0.0019572989427542363	0.0
9.893961915594876e-05	-0.001994569529348674	0.0
0.00021789636993711366	-0.00203125119019557	0.0
0.0003385413715481422	-0.002067343925294924	0.0
0.0004602252967467792	-0.002102763602397087	0.0
0.0005832078764299268	-0.0021373419570027623	0.0
0.0007069696488037806	-0.0021711631213615972	0.0
0.0008315106138683409	-0.002204058830974295	0.0
0.0009565710407267052	-0.0022360290858408557	0.0
0.0010816314675850696	-0.00226698975371163	0.0
0.001206432163546532	-0.0022970249668362677	0.0
0.0013309731286110919	-0.0023259664607154697	0.0
0.001454734900984946	-0.0023538983675988855	0.0
0.0015775876152196425	-0.0023809048197361645	0.0
0.0016991416749698282	-0.002406901684877657	0.0
0.0018193970802355037	-0.0024319730952730126	0.0
0.0019380941001197664	-0.0024562031831718797	0.0
0.0020549730037257145	-0.0024795078163246096	0.0
0.002169903925604897	-0.0025018869947312015	0.0
0.002282757000308862	-0.002523593115140604	0.0
0.0023935322278376106	-0.0025445420453031656	0.0
0.0025019698772942404	-0.002564817917468537	0.0
0.0026079400832303	-0.002584336599387069	0.0
0.002711442845645789	-0.0026032663555580586	0.0
0.0028122184336438066	-0.0026216913182311556	0.0
0.002910266847224352	-0.0026396114874063592	0.0
0.003005458220938974	-0.0026571951275829674	0.0
0.0030976626893392217	-0.002674358106511332	0.0
0.0031868802524250956	-0.002691268688690749	0.0
0.003272981044748144	-0.002708095138620518	0.0
0.003356094931756818	-0.0027246691918013403	0.0
0.0034360920480026673	-0.0027410749804828646	0.0
0.0035129723934856907	-0.0027574807691643894	0.0
0.003586735968205889	-0.002773718293346616	0.0
0.003657512637611713	-0.0027897875530295455	0.0
0.003725302401703163	-0.0028057726804628256	0.0
0.0037901052604802383	-0.002821505411147159	0.0
0.0038517913484944887	-0.0028370698773321954	0.0
0.0039104905311943645	-0.0028522978145186363	0.0
0.003966332674028318	-0.00286727335495613	0.0
0.004019187911547897	-0.0028817441018957313	0.0
0.004069186109201552	-0.0028958783198367367	0.0
0.004116327266989284	-0.00290950774427985	0.0
0.004160611384911093	-0.0029225482429754207	0.0
0.004202168328415431	-0.0029349998159234492	0.0
0.0042409980975022955	-0.0029466941986246386	0.0
0.004276970826723238	-0.0029577155233286375	0.0
0.004310346246975159	-0.0029678955255361475	0.0
0.004340994492809606	-0.00297715007299752	0.0
0.004369305160571937	-0.0029854791657127557	0.0
0.004394888653916794	-0.002992798671432205	0.0
0.00441787483829263	-0.0029990244579062198	0.0
0.004438393579147898	-0.0030042406573844477	0.0
0.0044564448764825935	-0.00300844726986689	0.0
0.004471898864848269	-0.0030114760308542488	0.0
0.004484885409693374	-0.003013663469345118	0.0
0.0044955343764663605	-0.003014757188590553	0.0
0.004503456168821874	-0.003015093717589149	0.0
0.00450904038310527	-0.0030145047918416065	0.0
0.004512027288419644	-0.0030129904113479276	0.0
0.004512416884764997	-0.00301063470835776	0.0
0.004510468903038231	-0.003007353550621455	0.0
0.004506183343239346	-0.0030032310703886618	0.0
0.004499300474471441	-0.0029980148709104334	0.0
0.0044896904312860635	-0.002991789084436419	0.0
0.004477612944580115	-0.0029843854464673206	0.0
0.004463197879802048	-0.0029758880892527873	0.0
0.004445925775158057	-0.0029662128805431707	0.0
0.004425926496096595	-0.0029554439525881185	0.0
0.0044032000426176615	-0.0029434130408883337	0.0
0.004377616549272804	-0.0029302042776934655	0.0
0.004349176016062023	-0.002915817663003513	0.0
0.004318008308433771	-0.0029001690645688283	0.0
0.004284243291836496	-0.0028833426146390594	0.0
0.004247880966270202	-0.002865254180964558	0.0
0.004209051197183337	-0.002845987895794973	0.0
0.004167883850024353	-0.002825459626880655	0.0
0.004124638655690152	-0.0028037535064712534	0.0
0.004079575345077636	-0.002780785402317119	0.0
0.004032693918186806	-0.0027565553144182522	0.0
0.003984254105914563	-0.0027312315072739496	0.0
0.003934385773709359	-0.0027046457163849152	0.0
0.003883348652468095	-0.0026771344707497433	0.0
0.0038311427421907716	-0.0026485295058691362	0.0
0.003778157639222742	-0.0026192514829913387	0.0
0.0037241336126671034	-0.0025893004021163507	0.0
0.003669590124317661	-0.002558844527743469	0.0
0.0036145271741744142	-0.0025280521243719926	0.0
0.0035589447622373636	-0.002497091456501218	0.0
0.0035032324848518616	-0.0024661307886304435	0.0
0.0034473903420179086	-0.0024351701207596687	0.0
0.0033915481991839557	-0.0024042094528888944	0.0
0.003335965787246905	-0.0023733329172677684	0.0
0.003280513240758305	-0.0023427087783955895	0.0
0.0032253204251666075	-0.002312252904022708	0.0
0.003170647071368714	-0.0022819652941491243	0.0
0.0031161035830192716	-0.0022520142132741363	0.0
0.003061819825566731	-0.0022224837936473917	0.0
0.003007795799011093	-0.0021933740352688916	0.0
0.002954031503352357	-0.0021648532026379338	0.0
0.002900526938590523	-0.002137005428004167	0.0
0.0028470223738286888	-0.002109998975866888	0.0
0.002793907405412208	-0.0020838338462260977	0.0
0.002740532706098825	-0.0020584259068321463	0.0
0.0026874177376823446	-0.0020339434221843334	0.0
0.0026343027692658635	-0.0020102181277833592	0.0
0.002581057935400932	-0.0019869976268802785	0.0
0.0025280728324329023	-0.0019643660517247395	0.0
0.0024750877294648726	-0.001941986873318147	0.0
0.0024224922228421957	-0.0019198600916605008	0.0
0.00237002658166797	-0.0018979857067518017	0.0
0.0023176908059421956	-0.0018761113218431023	0.0
0.0022660043574586762	-0.0018543210691840516	0.0
0.002214577639872059	-0.0018325308165250012	0.0
0.0021640599804245994	-0.0018106564316163016	0.0
0.002114711110013199	-0.0017886137822083045	0.0
0.0020669206249832118	-0.0017663187360513611	0.0
0.0020209482562315384	-0.0017436871608958223	0.0
0.0019770537346550827	-0.0017205507922423901	0.0
0.0019352370602538434	-0.0016968254978414162	0.0
0.00189536836757937	-0.0016725112776929004	0.0
0.0018571879257347603	-0.0016475239995471938	0.0
0.0018205658692715633	-0.0016218636634042964	0.0
0.0017849827363959744	-0.0015954461370145594	0.0
0.0017505683925564456	-0.0015682714203779828	0.0
0.0017169332414076225	-0.001540339513494567	0.0
0.0016843370138464083	-0.0015115662841146621	0.0
0.0016526498444243511	-0.0014818675999886204	0.0
0.0016221314640383537	-0.0014512434611164413	0.0
0.0015926520072399647	-0.001419693867498125	0.0
0.001564211474029184	-0.0013872188191336712	0.0
0.0015368098644060115	-0.001353986580522378	0.0
0.0015104471783704478	-0.0013199130194145963	0.0
0.0014852532813709434	-0.0012852505325592727	0.0
0.0014610983079590475	-0.0012502515167053536	0.0
0.001438112123583211	-0.001215000104102488	0.0
0.001416424593691885	-0.001179580427000325	0.0
0.0013956461219397165	-0.0011442448821478107	0.0
0.0013757767083267054	-0.001108993469544945	0.0
0.0013565566219559495	-0.0010739103214413772	0.0
0.0013381157282759	-0.0010389954378371069	0.0
0.0013201942963896546	-0.0010041646864824858	0.0
0.0013030520571941156	-0.000969586331876811	0.0
0.0012864292797923806	-0.0009352603740200826	0.0
0.001270196098735999	-0.000901186812912301	0.0
0.0012546122449218727	-0.0008673656485534657	0.0
0.0012396777183500015	-0.0008339651454428749	0.0
0.0012252626535719346	-0.0008009853035805282	0.0
0.0012114969160361229	-0.0007684261229664256	0.0
0.0011982506402941156	-0.0007362876036005673	0.0
0.0011857835572428143	-0.0007047380099822509	0.0
0.0011738359359853175	-0.0006736932098618276	0.0
0.001162667507418527	-0.0006430690709896484	0.0
0.0011520185406455406	-0.0006130338578650111	0.0
0.0011421487665632603	-0.0005834193059886183	0.0
0.0011330581851716867	-0.0005542254153604694	0.0
0.0011247467964708192	-0.0005256204504798626	0.0
0.001117084735012207	-0.0004974361468475	0.0
0.0011102018662443014	-0.000469924901212328	0.0
0.0011040981901671019	-0.0004430867135743469	0.0
0.0010989035722290597	-0.00041683745168390765	0.0
0.0010942284160848218	-0.00039134538004030795	0.0
0.0010903324526312902	-0.00036669463089319677	0.0
0.0010870858164200138	-0.000342885204242574	0.0
0.0010844885074509927	-0.0003198329678387908	0.0
0.001082670391172678	-0.00029787445068044256	0.0
0.0010812418712397166	-0.00027675725601858283	0.0
0.001080592543997461	-0.0002565655161028603	0.0
0.001080332813100559	-0.00023738336318292395	0.0
0.001080592543997461	-0.00021912666500912485	0.0
0.0010809821403428145	-0.00020162715708216538	0.0
0.0010821509293788738	-0.0001849689716516943	0.0
0.0010835794493118354	-0.00016915210871771167	0.0
0.0010856572964870522	-0.0001541765682802175	0.0
0.0010883844709045243	-0.00013970582134061635	0.0
0.0010920207034611539	-0.0001261605291471525	0.0
0.0010964361287084897	-0.00011320416270123059	0.0
0.0011020203429918849	-0.0001009208542524994	0.0
0.0011085136154144375	-8.939473605060781e-05	0.0
0.0011160458114245987	-7.86258080955558e-05	0.0
0.001124616931022368	-6.844580588804572e-05	0.0
0.0011343568396561972	-5.885472942807753e-05	0.0
0.0011451356718776347	-4.9768446466002415e-05	0.0
0.0011572131585835825	-4.101869250252266e-05	0.0
0.00117045943432559	-3.260546753763829e-05	0.0
0.001184874499103657	-2.43605070720516e-05	0.0
0.0012005882183662344	-1.6367943355411447e-05	0.0
0.0012174707266648715	-8.375379638771293e-06	0.0
0.0012355220239995677	-3.8281592213113813e-07	0.0
0.0012548719758187748	7.441483295211329e-06	0.0
0.0012751309857771391	1.534991476220264e-05	0.0
0.001296558784771563	2.3342478478842794e-05	0.0
0.001318895641905144	3.133504219548295e-05	0.0
0.0013421415571778826	3.941173816177195e-05	0.0
0.0013661666651413277	4.7656698627358634e-05	0.0
0.0013907112348985767	5.598579134259416e-05	0.0
0.001416034997346532	6.448314855712737e-05	0.0
0.0014418782215882915	7.306463802130944e-05	0.0
0.0014682409076238554	8.164612748549151e-05	0.0
0.0014951230554532235	9.022761694967356e-05	0.0
0.0015222649341794937	9.872497416420678e-05	0.0
0.0015495366783542148	0.00010722233137874	0.0
0.0015771980188742892	0.00011563555634362437	0.0
0.0016048593593943636	0.0001239646490588599	0.0
0.001632520699914438	0.0001322096095244466	0.0
0.00165992230953761	0.0001402863054907356	0.0
0.0016868044573669784	0.0001481947369577269	0.0
0.0017132970088509932	0.00015559837492682514	0.0
0.001739140233092753	0.00016274961614697687	0.0
0.001764334130092257	0.00016948019611888435	0.0
0.0017887488344010551	0.00017579011484254763	0.0
0.001812644076916049	0.00018176350456761554	0.0
0.0018357601267403366	0.00018765276204303462	0.0
0.0018580969838739177	0.00019328962276950716	0.0
0.0018796546483167925	0.00019892648349597968	0.0
0.00190030325462051	0.00020464747647210105	0.0
0.00192004280278507	0.0002103684694482224	0.0
0.0019387434273620218	0.0002160894624243438	0.0
0.001956664859248267	0.00022181045540046516	0.0
0.001973287636650002	0.00022753144837658654	0.0
0.001988871490464128	0.00023333657360235675	0.0
0.0020034164206906464	0.0002389734343288293	0.0
0.002016922427329556	0.00024461029505530184	0.0
0.002028999914035504	0.00025024715578177435	0.0
0.0020400384771538434	0.0002559681487578957	0.0
0.0020499082512361235	0.00026160500948436825	0.0
0.0020586092362823443	0.0002674101347101385	0.0
0.002066271297740956	0.00027329939218555753	0.0
0.002072634704715058	0.0002791886496609766	0.0
0.002077959188101551	0.00028524617163569336	0.0
0.0020822447479004356	0.0002913036936104101	0.0
0.002085491384111712	0.000297277083335478	0.0
0.00208769909673538	0.0003032504730605459	0.0
0.002089127616668342	0.00030913973053596494	0.0
0.002089647078462146	0.0003148607235120863	0.0
0.002089257482116793	0.00032049758423855884	0.0
0.002087958827632282	0.00032596618046573374	0.0
0.0020860108459055163	0.0003314347766929086	0.0
0.002083283671488044	0.00033681924067043457	0.0
0.0020799071698283165	0.0003421195723983117	0.0
0.0020758813409263344	0.00034733577187654005	0.0
0.0020714659156789985	0.00035238370685547064	0.0
0.002066401163189407	0.00035717924508545476	0.0
0.002060946814354463	0.00036172238656649233	0.0
0.0020549730037257145	0.00036601313129858333	0.0
0.0020483498658547105	0.000369967347032079	0.0
0.002041207266189903	0.00037350090151733043	0.0
0.00203341533928284	0.00037678205925363535	0.0
0.00202484421968507	0.00037964255574169596	0.0
0.0020153640419481433	0.0003819982587318636	0.0
0.0020048449406236076	0.0003838491682241382	0.0
0.0019935466466083664	0.0003852794164681685	0.0
0.001981339294453967	0.0003860366067150081	0.0
0.001968482615057313	0.0003862048712143058	0.0
0.0019553662047637568	0.0003859524744653593	0.0
0.001941730332676396	0.00038511115196887086	0.0
0.0019282243260374866	0.0003837650359744894	0.0
0.001914718319398577	0.00038182999423256594	0.0
0.0019014720436565696	0.0003793060267431006	0.0
0.0018886153642599152	0.0003761090012564446	0.0
0.001876018415760163	0.0003721547855229489	0.0
0.0018642006599511173	0.00036735924729296485	0.0
0.0018526426350389733	0.00036172238656649233	0.0
0.0018417339373690848	0.0003551600710938825	0.0
0.0018314745669414517	0.0003477564331247842	0.0
0.0018216047928591717	0.0003394273404095487	0.0
0.0018125142114675979	0.00033017279294817587	0.0
0.0018040729573182794	0.00032007692299031463	0.0
0.0017961511649627652	0.00030905559828631613	0.0
0.001788878699849506	0.0002971088188361803	0.0
0.0017821256965300514	0.00028415245239025836	0.0
0.0017760220204528518	0.0002701023666989015	0.0
0.0017703079407210057	0.0002549585617621096	0.0
0.0017651133227829633	0.00023872103757988276	0.0
0.0017601784357418233	0.0002213056619025721	0.0
0.0017557630104944875	0.0002026283024805288	0.0
0.0017516073161440537	0.0001828572238130505	0.0
0.0017475814872420711	0.00016190829365048842	0.0
0.0017436855237885397	0.00013994977649214022	0.0
0.0017400492912319101	0.00011706580458765471	0.0
0.0017365429241237315	9.334051018668078e-05	0.0
0.0017330365570155533	6.902629003816495e-05	0.0
0.0017295301899073747	4.420727639175604e-05	0.0
0.0017261536882476475	1.9051733746751764e-05	0.0
0.0017226473211394689	-6.2720733975502e-06	0.0
0.0017192708194797416	-3.159588054185216e-05	0.0
0.0017161540487169163	-5.6919687686154124e-05	0.0
0.001713167143402542	-8.20752303311584e-05	0.0
0.0017103101035366188	-0.00010714664072651384	0.0
0.0017079725254645	-0.00013213391887222044	0.0
0.001705764812840832	-0.00015695293251862932	0.0
0.0017039466965625173	-0.0001816878139153894	0.0
0.0017021285802842027	-0.0002061702985632029	0.0
0.001700829925799692	-0.00023031625421242105	0.0
0.0016994014058667303	-0.00025412568086304385	0.0
0.0016981027513822198	-0.0002773461817661247	0.0
0.0016968040968977094	-0.0002999777569216637	0.0
0.001695375576964748	-0.00032202040632966074	0.0
0.001693557460686433	-0.00034338999774046706	0.0
0.0016912198826143142	-0.00036425479565338026	0.0
0.0016882329772999398	-0.00038453066781875164	0.0
0.0016847266101917614	-0.0004043017464862299	0.0
0.0016803111849444255	-0.00042365216390546396	0.0
0.0016749867015579322	-0.00044266605232610263	0.0
0.0016688830254807329	-0.0004611751472488483	0.0
0.001661740425815925	-0.00047943184542264736	0.0
0.0016538186334604107	-0.0004972678823482022	0.0
0.001644857917517288	-0.0005147673902751618	0.0
0.0016348582779865568	-0.0005319303692035258	0.0
0.0016240794457651195	-0.0005487568191332946	0.0
0.0016122616899560736	-0.000565246740064468	0.0
0.0015995348760078703	-0.000581400131997046	0.0
0.001586028869368961	-0.0005973011271806774	0.0
0.001571873535487796	-0.0006130338578650111	0.0
0.001556939008915925	-0.0006285983240500474	0.0
0.0015413551551017985	-0.0006441627902350834	0.0
0.0015251219740454167	-0.0006596431241704707	0.0
0.0015083693311952308	-0.0006752917226051556	0.0
0.0014910972265512407	-0.0006910244532894893	0.0
0.0014733056601134464	-0.0007070937129724185	0.0
0.00145525436277875	-0.0007234153694042942	0.0
0.0014366836036502496	-0.0007402418193340629	0.0
0.0014177232481763957	-0.0007576571950113735	0.0
0.0013983732963571886	-0.0007755773641865773	0.0
0.0013786337481926285	-0.0007942547236086206	0.0
0.0013585046036827153	-0.0008136051410278547	0.0
0.0013377261319305468	-0.0008337127486939284	0.0
0.0013168177947299271	-0.0008547458111061392	0.0
0.0012956497266324054	-0.0008768725927637852	0.0
0.0012743517930864329	-0.0009000089614172172	0.0
0.001253313590437362	-0.000924323181565733	0.0
0.0012326649841336447	-0.0009497311209596839	0.0
0.0012126657050721824	-0.0009762327795990696	0.0
0.0011933157532529755	-0.0010035757607349438	0.0
0.0011750047250213768	-0.0010317600643673065	0.0
0.0011576027549289358	-0.00106061742599686	0.0
0.0011414994393210052	-0.0010902319778732527	0.0
0.001126824643646036	-0.0011202671909978901	0.0
0.001113838098800931	-0.0011507230653707715	0.0
0.0011024099393372381	-0.0011813472042429508	0.0
0.0010927998961518602	-0.0012121396076144276	0.0
0.0010850079692447969	-0.0012426796142369575	0.0
0.0010789042931675975	-0.0012729672241105414	0.0
0.0010746187333687128	-0.0013027500404862323	0.0
0.0010717616935027893	-0.0013321121956136786	0.0
0.001070333173569828	-0.0013608854249935831	0.0
0.0010699435772244749	-0.0013891538608755947	0.0
0.001070463039018279	-0.0014168333710100642	0.0
0.0010715019626058875	-0.0014437556908976942	0.0
0.001072930482538849	-0.0014700049527881333	0.0
0.0010742291370233594	-0.0014952446276827868	0.0
0.001075397926059419	-0.0015195588478313024	0.0
0.0010760472533016742	-0.0015428634809840321	0.0
0.0010764368496470273	-0.001565158527140976	0.0
0.0010761771187501252	-0.0015863598540524844	0.0
0.001075397926059419	-0.0016066357262178557	0.0
0.0010739694061264573	-0.0016257337468881432	0.0
0.0010716318280543384	-0.0016439063128122935	0.0
0.0010685150572915132	-0.0016611534239903065	0.0
0.0010640996320441774	-0.0016773068159228843	0.0
0.001058515417760782	-0.0016925347531093252	0.0
0.0010515026835444252	-0.0017069213677992775	0.0
0.0010430614293951066	-0.0017203825277430924	0.0
0.0010331916553128267	-0.0017330864974400677	0.0
0.0010220232267460362	-0.0017449491446405547	0.0
0.0010091665473493819	-0.001756138733843851	0.0
0.000995141078916668	-0.0017664870005506589	0.0
0.0009798169559994438	-0.0017761622092602757	0.0
0.0009629344477008067	-0.0017849960954734044	0.0
0.0009448831503661104	-0.0017929886591900447	0.0
0.0009252734676500013	-0.0018000557681605474	0.0
0.0009044949958978328	-0.0018062815546345619	0.0
0.0008821581387642516	-0.0018115818863624392	0.0
0.0008585226271461599	-0.001815956763344179	0.0
0.0008333287301466555	-0.0018194903178294305	0.0
0.0008068361786626407	-0.00182243494656714	0.0
0.0007790449726941153	-0.0018248747818069564	0.0
0.0007499551122410792	-0.0018268098235488797	0.0
0.0007195665973035328	-0.0018285766007915055	0.0
0.0006881391587783779	-0.0018300909812851848	0.0
0.0006558026621140655	-0.0018314370972795661	0.0
0.0006225571073105959	-0.0018326990810242987	0.0
0.0005885323598164199	-0.0018339610647690316	0.0
0.0005538582850799886	-0.0018352230485137642	0.0
0.0005185348831013021	-0.0018364850322584968	0.0
0.00048269201932881145	-0.0018378311482528781	0.0
0.0004465894246594186	-0.0018395137932458552	0.0
0.00041022709909312367	-0.0018415329672374274	0.0
0.00037412450442373085	-0.0018438045379779461	0.0
0.0003381517752027891	-0.001846665034466007	0.0
0.00030282837322410255	-0.0018499461922023117	0.0
0.00026789456759076916	-0.0018538162756861585	0.0
0.00023373995464814215	-0.0018581911526678984	0.0
0.0002004943998446725	-0.0018631549553971803	0.0
0.00016776830683500705	-0.0018688759483733016	0.0
0.00013595127196449898	-0.0018751017348473161	0.0
0.00010491342978469721	-0.0018819164470688723	0.0
7.452491484715072e-05	-0.0018893200850379707	0.0
4.504545804876161e-05	-0.0018973126487546108	0.0
1.647505938952987e-05	-0.0019058100059691442	0.0
-1.1186281130544497e-05	-0.0019148121566815704	0.0
-3.8198294408363596e-05	-0.0019244032331415385	0.0
-6.417138409857427e-05	-0.0019345832353490488	0.0
-8.936528109807862e-05	-0.0019452680310544518	0.0
-0.00011377998540687666	-0.001956373488008099	0.0
-0.0001372856315765173	-0.0019679837384596393	0.0
-0.00015962248871009848	-0.0019798463856601266	0.0
-0.00018118015315297335	-0.001991877297359911	0.0
-0.0002016988940082398	-0.0020039923413093445	0.0
-0.00022130857672434884	-0.0020160232530091293	0.0
-0.00024026893219820263	-0.002027885900209616	0.0
-0.00025832022953289907	-0.0020394961506611567	0.0
-0.0002761117959706934	-0.002050685739864453	0.0
-0.00029338390061468345	-0.0020615388000691536	0.0
-0.00031052613981022247	-0.0020718870667759616	0.0
-0.0003277982444542126	-0.002081814672234525	0.0
-0.00034494048364975166	-0.002091321616444844	0.0
-0.0003622125882937418	-0.0021003237671572707	0.0
-0.00037974442383463395	-0.0021089052566214527	0.0
-0.0003974061248239772	-0.002117066084837391	0.0
-0.0004150678258133205	-0.0021248062518050845	0.0
-0.00043298925769956584	-0.002132209889774182	0.0
-0.0004506509586889091	-0.002139361130994334	0.0
-0.00046844252512670336	-0.0021463441077151884	0.0
-0.00048584449521914453	-0.002153411216685691	0.0
-0.0005029867344146836	-0.0021603100611568963	0.0
-0.0005198692427133205	-0.002167377170127399	0.0
-0.0005364920201150554	-0.002174444279097902	0.0
-0.0005528550666198881	-0.0021815955203180535	0.0
-0.0005689583822278187	-0.0021887467615382054	0.0
-0.0005850616978357494	-0.002195982135008006	0.0
-0.000601294878892131	-0.002203133376228158	0.0
-0.0006179176562938659	-0.002210368749697958	0.0
-0.0006348001645925027	-0.0022176041231677587	0.0
-0.0006520722692364929	-0.0022247553643879106	0.0
-0.0006698638356742872	-0.0022319066056080625	0.0
-0.0006879151330089836	-0.002238973714578565	0.0
-0.0007066157575859352	-0.0022458725590497703	0.0
-0.000725446247611338	-0.0022525190067720293	0.0
-0.0007446663339820939	-0.0022590813222446385	0.0
-0.0007641461512497519	-0.002265391240968302	0.0
-0.0007836259685174099	-0.0022716170274423163	0.0
-0.0008031057857850679	-0.0022776745494170335	0.0
-0.000822585603052726	-0.0022834796746428036	0.0
-0.0008419355548719328	-0.002289200667618925	0.0
-0.0008610257757942377	-0.0022948375283453975	0.0
-0.0008797264003711895	-0.002300390256822221	0.0
-0.0008980374286027879	-0.002305774720799747	0.0
-0.0009158289950405823	-0.002311159184777273	0.0
-0.0009333608305814745	-0.002316543648754799	0.0
-0.0009505030697770135	-0.002322012244981974	0.0
-0.0009672557126271993	-0.0023273967089595	0.0
-0.0009837486245804833	-0.0023328653051866745	0.0
-0.0010002415365337669	-0.002338249769164201	0.0
-0.0010167344484870507	-0.0023436342331417267	0.0
-0.0010333572258887855	-0.002348934564869604	0.0
-0.0010499800032905205	-0.0023542348965974813	0.0
-0.0010667326461407064	-0.0023595352283253585	0.0
-0.001083615154439343	-0.002365087956802182	0.0
-0.001100367797289529	-0.002370724817528655	0.0
-0.001117250305588166	-0.002376529942754425	0.0
-0.0011338730829899008	-0.0023825033324794925	0.0
-0.0011503659949431847	-0.0023884767222045605	0.0
-0.0011664693105511153	-0.0023943659796799794	0.0
-0.0011823128952621437	-0.00240017110490575	0.0
-0.001197637018179368	-0.0024058079656322224	0.0
-0.001212571544751239	-0.0024111924296097483	0.0
-0.0012269866095293062	-0.002416324496838328	0.0
-0.0012407523470651179	-0.002421204167317961	0.0
-0.0012541284882555763	-0.002425915573298296	0.0
-0.0012668553022037795	-0.0024303745825296845	0.0
-0.0012791925198066296	-0.0024346653272617758	0.0
-0.0012911401410641264	-0.0024387036752449203	0.0
-0.0013026981659762702	-0.002442657890978416	0.0
-0.0013138665945430607	-0.002446359709962965	0.0
-0.0013247752922129492	-0.002449809132198568	0.0
-0.0013352943935374846	-0.0024530902899348728	0.0
-0.0013454238985166668	-0.0024562031831718797	0.0
-0.0013551638071504957	-0.002459231944159238	0.0
-0.0013646439848874225	-0.0024621765728969477	0.0
-0.0013736047008305453	-0.0024651212016346576	0.0
-0.0013823056858767659	-0.0024680658303723665	0.0
-0.0013904872091291822	-0.002471178723609374	0.0
-0.0013980194051393434	-0.00247437574909603	0.0
-0.0014050321393557002	-0.002477741039081984	0.0
-0.001411265680881351	-0.002481358725816884	0.0
-0.001416720029716295	-0.0024851446770510818	0.0
-0.001421525051308984	-0.0024891830250342263	0.0
-0.0014252911493140646	-0.0024933896375166683	0.0
-0.0014284079200768897	-0.0024976803822487595	0.0
-0.001430745498149009	-0.0025021393914801487	0.0
-0.0014323038835304214	-0.002506682532961186	0.0
-0.0014330830762211279	-0.0025112256744422236	0.0
-0.00143334280711803	-0.002515937080422559	0.0
-0.001432953210772677	-0.0025205643541532452	0.0
-0.0014321740180819704	-0.0025251074956342827	0.0
-0.00143087536359746	-0.0025295665048656714	0.0
-0.0014290572473191453	-0.002533857249597762	0.0
-0.0014269794001439283	-0.0025381479943298534	0.0
-0.0014245119566233583	-0.002542186342312998	0.0
-0.001421525051308984	-0.0025461405580464937	0.0
-0.0014182784150977078	-0.002550178906029638	0.0
-0.001414512317092627	-0.0025543013862624315	0.0
-0.0014103566227421933	-0.0025585079987448735	0.0
-0.0014056814665979556	-0.002562967007976262	0.0
-0.0014004868486599134	-0.0025678466784558956	0.0
-0.001394642903479616	-0.0025728104811851772	0.0
-0.0013884093619539655	-0.0025781108129130544	0.0
-0.0013815264931860596	-0.0025836635413898777	0.0
-0.0013743838935212516	-0.0025894686666156482	0.0
-0.0013669815629595416	-0.0025956103208400138	0.0
-0.0013597090978462827	-0.002602004371813326	0.0
-0.0013526963636299257	-0.0026087349517852337	0.0
-0.001346203091207373	-0.0026160544575046826	0.0
-0.0013402292805786246	-0.0026237104922227274	0.0
-0.0013349047971921316	-0.002632039584937963	0.0
-0.0013303595064963446	-0.002640705206651794	0.0
-0.001326463543042813	-0.0026496232251145713	0.0
-0.0013233467722799878	-0.0026587095080766467	0.0
-0.0013207494633109666	-0.0026677957910387217	0.0
-0.0013188014815842008	-0.002676713809501499	0.0
-0.0013176326925481415	-0.0026852111667160323	0.0
-0.0013172430962027882	-0.002693456127181619	0.0
-0.0013173729616512394	-0.002701196294149313	0.0
-0.0013181521543419454	-0.0027086840643680598	0.0
-0.0013197105397233582	-0.0027155829088392654	0.0
-0.001321788386898575	-0.0027221452243118747	0.0
-0.0013246454267644983	-0.0027281186140369427	0.0
-0.0013280219284242257	-0.0027335030780144686	0.0
-0.0013320477573262083	-0.002738214483994804	0.0
-0.0013367229134704462	-0.0027422528319779485	0.0
-0.0013417876659600372	-0.0027455339897142533	0.0
-0.0013472420147949814	-0.00274797382495407	0.0
-0.001353085959975279	-0.0027497406021966954	0.0
-0.0013590597706040273	-0.002750666056942833	0.0
-0.0013649037157843246	-0.0027508343214421305	0.0
-0.001370747660964622	-0.0027504136601938863	0.0
-0.0013763318752480175	-0.0027493199409484516	0.0
-0.0013817862240829617	-0.0027475531637058256	0.0
-0.0013868509765725529	-0.002745113328466009	0.0
-0.001391785863613693	-0.0027420845674786505	0.0
-0.0013964610197579309	-0.0027383827484941015	0.0
-0.0014010063104537176	-0.002734007871512362	0.0
-0.0014055516011495044	-0.002728959936533431	0.0
-0.0014098371609483893	-0.0027232389435573098	0.0
-0.001413992855298823	-0.0027168448925839975	0.0
-0.0014184082805461587	-0.002709777783613495	0.0
-0.0014225639748965924	-0.002702037616645801	0.0
-0.0014269794001439283	-0.0026937085239305656	0.0
-0.001431524690839715	-0.0026847063732181394	0.0
-0.001436069981535502	-0.0026751152967581715	0.0
-0.001441004868576642	-0.002664935294550661	0.0
-0.0014460696210662333	-0.0026540822343459605	0.0
-0.0014515239699011773	-0.0026425561161440687	0.0
-0.0014572380496330238	-0.0026303569399449864	0.0
-0.0014634715911586741	-0.0026175688379983623	0.0
-0.0014698349981327758	-0.002604023545804898	0.0
-0.0014768477323491328	-0.0025898893278638925	0.0
-0.0014842500629108429	-0.0025751661841753445	0.0
-0.0014921718552663571	-0.0025597699824896065	0.0
-0.0015007429748641265	-0.0025437848550563264	0.0
-0.0015098335562557005	-0.002527126669625855	0.0
-0.0015197033303379803	-0.0025099636906974906	0.0
-0.0015300925662140646	-0.002492211786021585	0.0
-0.0015408713984355021	-0.002473870955598137	0.0
-0.0015520398270022927	-0.002454941199427147	0.0
-0.0015633381210175344	-0.0024354225175086154	0.0
-0.001574896145929678	-0.0024153990420921903	0.0
-0.0015861944399449197	-0.0023947866409282236	0.0
-0.0015973628685117102	-0.002373669446266364	0.0
-0.0016082715661815987	-0.002352215722605909	0.0
-0.001618920532954585	-0.0023303413376972097	0.0
-0.0016290500379337674	-0.0023081304237899144	0.0
-0.0016387899465675963	-0.0022856671131336738	0.0
-0.0016481402588560722	-0.002262867273478837	0.0
-0.0016569711093507439	-0.0022400674338240003	0.0
-0.001665412363500062	-0.002217015197420217	0.0
-0.0016732042904071254	-0.0021938788287667846	0.0
-0.0016807364864172864	-0.0021705741956140555	0.0
-0.0016877492206336434	-0.002147185430211677	0.0
-0.0016943723585046472	-0.0021236284003100002	0.0
-0.0017003461691333956	-0.0020999872381586757	0.0
-0.001705930383416791	-0.002076009547008755	0.0
-0.001711254866803284	-0.002051695326860239	0.0
-0.0017159300229475222	-0.002027128709962777	0.0
-0.0017202155827464067	-0.002002225564066719	0.0
-0.0017242414116483893	-0.001976901756922417	0.0
-0.001727877644205019	-0.0019511572885298708	0.0
-0.0017309944149678442	-0.0019249921588890804	0.0
-0.0017337215893853165	-0.0018984063680000459	0.0
-0.0017359293020089842	-0.0018714840481124158	0.0
-0.001737617552838848	-0.0018442251992261906	0.0
-0.0017387863418749075	-0.0018167980858406674	0.0
-0.0017395655345656138	-0.001789118575706198	0.0
-0.0017396954000140647	-0.0017612708010724305	0.0
-0.0017391759382202605	-0.0017331706296897166	0.0
-0.0017382668800811033	-0.001704986326057354	0.0
-0.0017369682255965926	-0.0016765496256760449	0.0
-0.001735150109318278	-0.0016476922640464916	0.0
-0.001733072262143061	-0.0016186666379176405	0.0
-0.001730864549519393	-0.0015893044827901938	0.0
-0.0017285269714472742	-0.0015596899309138009	0.0
-0.0017263192588236062	-0.0015299071145381102	0.0
-0.0017242414116483893	-0.001499956033663122	0.0
-0.0017225531608185257	-0.0014699208205384846	0.0
-0.0017209947754371132	-0.00143971734291455	0.0
-0.0017196961209526025	-0.001409429733040966	0.0
-0.001718657197364994	-0.0013788897264184357	0.0
-0.0017180078701227387	-0.0013480131907973101	0.0
-0.0017176182737773857	-0.0013168842584272379	0.0
-0.0017172286774320325	-0.0012853346648089214	0.0
-0.0017173585428804836	-0.001253364409942361	0.0
-0.0017177481392258367	-0.0012212258905765026	0.0
-0.0017185273319165432	-0.0011886667099624	0.0
-0.0017198259864010536	-0.0011558551325993509	0.0
-0.0017215142372309174	-0.0011227070262377066	0.0
-0.0017238518153030362	-0.0010892223908774668	0.0
-0.0017268387206174106	-0.0010554012265186314	0.0
-0.001730604818622491	-0.0010211594009115522	0.0
-0.001735150109318278	-0.0009865810463058774	0.0
-0.0017407343236016733	-0.0009516661627016072	0.0
-0.001747097730575775	-0.0009163306178490929	0.0
-0.0017545000611374848	-0.0008807426762476319	0.0
-0.0017628114498383523	-0.0008448182056475757	0.0
-0.001772031896678377	-0.0008086413382985729	0.0
-0.0017821614016575592	-0.0007722962064502725	0.0
-0.0017931999647758988	-0.0007356986778530254	0.0
-0.0018051475860333956	-0.0006991011492557784	0.0
-0.0018177445345331478	-0.0006624194884088825	0.0
-0.0018311206757236063	-0.000625569563062689	0.0
-0.001845276009604771	-0.0005886355054668466	0.0
-0.0018599508052797402	-0.0005516173156213553	0.0
-0.0018752749281969645	-0.0005143467290269174	0.0
-0.001891248378356444	-0.00047690787793318204	0.0
-0.001907871155758179	-0.0004390483655912024	0.0
-0.001925013394953718	-0.00040085232425062726	0.0
-0.0019428049613915122	-0.000362235621661808	0.0
-0.0019612458550715616	-0.00032319825782474454	0.0
-0.001980595806890769	-0.0002837402327394368	0.0
-0.00200046522050378	-0.0002438615464058849	0.0
-0.002021113826807497	-0.00020364633107373758	0.0
-0.0020425416258019213	-0.00016309458674299492	0.0
-0.0020650083483839533	-0.00012220631341365685	0.0
-0.002088124398208241	-8.098151108572344e-05	0.0
-0.002112149506171686	-3.950431200884348e-05	0.0
-0.002136953806825837	2.3094160666318615e-06	0.0
-0.002162147703825341	4.462793764000026e-05	0.0
-0.002187990928067101	8.745125271126172e-05	0.0
-0.0022138341523088604	0.0001306952290307674	0.0
-0.0022399371074475222	0.0001743598665985173	0.0
-0.0022657803316892817	0.00021852929766416027	0.0
-0.0022914936904825907	0.0002632035222276963	0.0
-0.002316947318378997	0.0003081301435401788	0.0
-0.0023422710808269527	0.00035347742610090563	0.0
-0.0023675948432749076	0.0003992453699098766	0.0
-0.00239252900937751	0.00044534984271744297	0.0
-0.0024175930409285635	0.0004918749767732535	0.0
-0.002442397341582714	0.0005388207720773084	0.0
-0.002466941911339964	0.0005860189641303097	0.0
-0.002491486481097213	0.0006335536851819064	0.0
-0.0025157713199575596	0.0006812566707328009	0.0
-0.002540056158817907	0.0007292120530326417	0.0
-0.0025643409976782534	0.0007771674353324827	0.0
-0.0025886258365386008	0.0008252910821316213	0.0
-0.0026130405408473986	0.0008734147289307599	0.0
-0.002637714976053099	0.0009215383757298985	0.0
-0.0026623894112587985	0.0009694937580297393	0.0
-0.0026875833082583033	0.0010174491403295803	0.0
-0.0027127772052578077	0.0010651521258804749	0.0
-0.0027383606986026653	0.0011126868469320714	0.0
-0.002764203922844425	0.0011598850389850728	0.0
-0.0027901770125346357	0.00120666256978983	0.0
-0.0028164098331217484	0.0012531035715959917	0.0
-0.0028430322500542144	0.0012988715154049627	0.0
-0.002869524801538229	0.0013441346657160405	0.0
-0.0028964069493675974	0.00138855649353063	0.0
-0.0029232890971969652	0.001432305263348029	0.0
-0.0029504309759232354	0.0014750444461696416	0.0
-0.0029778325855464075	0.0015170264387444144	0.0
-0.003005104329721129	0.0015578305798241037	0.0
-0.003032635804792752	0.0015977933984073045	0.0
-0.0030602971453128265	0.001636746629994719	0.0
-0.0030878286203844495	0.0016746902745863477	0.0
-0.0031156198263529752	0.0017117084644318388	0.0
-0.0031434110323215005	0.001747632935031895	0.0
-0.003171202238290026	0.0017826319508858141	0.0
-0.0031988635788101007	0.001816621379743947	0.0
-0.0032265249193301746	0.0018496853538559426	0.0
-0.0032539265289533467	0.001881739740972152	0.0
-0.003280938542231166	0.0019127004088429266	0.0
-0.0033078206900605343	0.0019427356219675637	0.0
-0.003334183376096098	0.001971677115846766	0.0
-0.003360156465786309	0.0019997772872294797	0.0
-0.003385480228234264	0.0020268678716164074	0.0
-0.0034101546634399643	0.002053033001257198	0.0
-0.00343430963685186	0.002078272676151851	0.0
-0.0034576854175730498	0.0021027551607996644	0.0
-0.003480671601948886	0.0021263963229509898	0.0
-0.003502878593634016	0.0021492802948554755	0.0
-0.003524566123525342	0.0021713229442634724	0.0
-0.003545864057071315	0.0021926084034246296	0.0
-0.003566512663375033	0.0022130525400892984	0.0
-0.0035869015387818477	0.0022326553542574793	0.0
-0.00360690081784331	0.00225150097817882	0.0
-0.003626120904214066	0.002269505279603673	0.0
-0.0036448215287910174	0.002286668258532037	0.0
-0.0036628728261257145	0.0023030740472135616	0.0
-0.0036802747962181555	0.0023186385133985975	0.0
-0.00369689757361989	0.002333361657087145	0.0
-0.0037124814274340167	0.0023473276105288533	0.0
-0.0037272860885574364	0.0023605363737237216	0.0
-0.003741051826093248	0.0023729879466717506	0.0
-0.0037537786400414514	0.0023848505938722374	0.0
-0.0037654665304020464	0.002395956050825885	0.0
-0.00377585576627813	0.0024063884497823413	0.0
-0.003785076213118155	0.0024161477907416076	0.0
-0.0037929980054736694	0.0024252340737036826	0.0
-0.0037996211433446734	0.002433647298668567	0.0
-0.0038050754921796176	0.0024414715978859094	0.0
-0.0038091013210816	0.002448622839106061	0.0
-0.003811698630050621	0.002455185154578671	0.0
-0.003812867419086681	0.0024611585443037385	0.0
-0.0038126076881897786	0.002466543008281265	0.0
-0.0038106597064630128	0.0024714226787608978	0.0
-0.0038071533393548344	0.0024757975557426377	0.0
-0.003802088586865243	0.0024798359037257823	0.0
-0.0037953355835457885	0.0024832853259613846	0.0
-0.003786764463948019	0.002486398219198392	0.0
-0.0037766349589688367	0.0024890904511871547	0.0
-0.003764947068608242	0.002491446154177323	0.0
-0.0037513111965208814	0.0024934653281688947	0.0
-0.003736116939052108	0.002495063840912223	0.0
-0.003719234430753471	0.0024964099569066045	0.0
-0.0037006636716249704	0.002497503676152039	0.0
-0.0036804046616666065	0.002498092601899581	0.0
-0.0036585872663268296	0.0024985132631478255	0.0
-0.0036352114856056396	0.0024985132631478255	0.0
-0.0036102773195030376	0.002498344998648528	0.0
-0.003584044498915925	0.002497587808401688	0.0
-0.003556253292947399	0.0024964940891562533	0.0
-0.0035274231633912654	0.002495147973161872	0.0
-0.0034974242447990724	0.002493212931419948	0.0
-0.0034665162680677214	0.002490688963930483	0.0
-0.0034349589640941154	0.0024876602029431246	0.0
-0.003402622467429803	0.002484126648457873	0.0
-0.003369896374420138	0.0024800041682250798	0.0
-0.0033370404159620212	0.0024753768944943935	0.0
-0.003304184457503905	0.002470328959515463	0.0
-0.003271458364494239	0.0024650286277875856	0.0
-0.0032388621369330247	0.002459391767061113	0.0
-0.0032065256402687126	0.002453502509585694	0.0
-0.003174319009052851	0.002447360855361328	0.0
-0.0031426318396307945	0.0024411350688873143	0.0
-0.0031110745356571884	0.002434656885664353	0.0
-0.0030799068280289357	0.002428094570191743	0.0
-0.0030489988512975848	0.0024214481224694847	0.0
-0.0030187402018084894	0.002414717542497577	0.0
-0.0029892607450101	0.00240798696252567	0.0
-0.002960300750005515	0.002401256382553762	0.0
-0.002932119947691637	0.0023945258025818545	0.0
-0.0029047183380684644	0.0023877110903602985	0.0
-0.0028779660556875475	0.002380896378138742	0.0
-0.002852122831445788	0.002373829269168239	0.0
-0.0028269289344462836	0.002366678027948087	0.0
-0.0028025142301374853	0.002359358522228638	0.0
-0.0027787488530709426	0.0023519548842595396	0.0
-0.0027556328032466554	0.0023442988495414947	0.0
-0.002733166080664623	0.0023364745503241524	0.0
-0.002711348685324846	0.002328481986607512	0.0
-0.0026900507517788733	0.0023203211583915744	0.0
-0.0026690125491298025	0.0023117396689273924	0.0
-0.002648493808274536	0.002302737518214966	0.0
-0.00262797506741927	0.0022933988385039445	0.0
-0.0026078459229093567	0.0022836394975446783	0.0
-0.002587586912950992	0.0022734594953371687	0.0
-0.00256758763388953	0.0022627746996317652	0.0
-0.0025475883548280675	0.0022516692426781176	0.0
-0.0025274592103181545	0.0022401431244762266	0.0
-0.00250720020035979	0.002228112212776442	0.0
-0.0024868113249529745	0.002215660639828413	0.0
-0.0024660328532008064	0.002202872537881789	0.0
-0.0024448647851032846	0.002189747906936569	0.0
-0.0024233071206604096	0.002176370879242403	0.0
-0.0024013598598721817	0.0021627414547992904	0.0
-0.0023790230027386007	0.002148775501357582	0.0
-0.0023562965492596663	0.0021345571511669275	0.0
-0.0023330506339869273	0.0021200022719776775	0.0
-0.002309804718714189	0.0021051949960394813	0.0
-0.0022860393416476465	0.002090135323352338	0.0
-0.0022621440991326524	0.002074823253916248	0.0
-0.0022378592602723055	0.0020592587877312123	0.0
-0.002213444555963507	0.0020435260570468784	0.0
-0.0021886402553093565	0.002027709194112896	0.0
-0.002163446358309852	0.0020117240666796157	0.0
-0.0021378628649649945	0.0019958230714959843	0.0
-0.0021118897752747836	0.001979837944062704	0.0
-0.002085397223790769	0.0019639369488790724	0.0
-0.002058644941409852	0.0019480359536954408	0.0
-0.002031632928132033	0.001932303223011107	0.0
-0.0020042313185088603	0.0019165704923267734	0.0
-0.001976569977988786	0.0019010060261417372	0.0
-0.0019487787720202608	0.00188552569220635	0.0
-0.0019207278351548332	0.0018702136227702604	0.0
-0.0018925470328409546	0.0018549856855838197	0.0
-0.001864106499630174	0.0018400101451463255	0.0
-0.00183527637007404	0.0018251187369584803	0.0
-0.0018061865096210042	0.0018103955932699325	0.0
-0.001776966783719517	0.0017960089785799803	0.0
-0.0017473574614726769	0.0017817906283893257	0.0
-0.0017172286774320325	0.0017678246749476176	0.0
-0.0016869700279429371	0.0017541111182548562	0.0
-0.0016563217821084885	0.0017407340905606899	0.0
-0.0016252839399286867	0.0017277777241147681	0.0
-0.0015938565014035318	0.0017149896221681437	0.0
-0.001562429062878377	0.0017025380492201147	0.0
-0.0015304821625594179	0.0016903388730210324	0.0
-0.0014984053967920076	0.001678223829071599	0.0
-0.0014660689001276955	0.0016661929173718145	0.0
-0.001433472672566481	0.0016541620056720297	0.0
-0.0014004868486599134	0.0016421310939722451	0.0
-0.001367241293856444	0.0016301001822724604	0.0
-0.0013336061427076209	0.0016179851383230268	0.0
-0.0012998411261103471	0.0016057018298742958	0.0
-0.001265946244064622	0.0015934185214255645	0.0
-0.0012320513620188971	0.0015808828162278867	0.0
-0.0011984162108700745	0.0015682629787805602	0.0
-0.0011650407906181536	0.0015553907445842873	0.0
-0.0011321848321600371	0.0015422661136390676	0.0
-0.001099978200944176	0.0015290573504441992	0.0
-0.0010682910315221188	0.0015154279260010863	0.0
-0.0010372531893423171	0.001501630237058676	0.0
-0.0010069945398532216	0.001487664283616968	0.0
-0.0009775150830548325	0.0014734459334263135	0.0
-0.0009488148189471499	0.00145914345098601	0.0
-0.0009208937475301733	0.00144458857179676	0.0
-0.0008938817342523542	0.0014298654281082125	0.0
-0.0008677787791136925	0.0014150581521700158	0.0
-0.0008427147475626392	0.0013999984794828728	0.0
-0.0008184299087022922	0.0013848546745460811	0.0
-0.0007950541279811026	0.0013696267373596402	0.0
-0.0007725874053990704	0.0013543146679235508	0.0
-0.0007508998755077444	0.0013390025984874611	0.0
-0.0007299915383071248	0.0013236905290513715	0.0
-0.0007098623937972117	0.0013084625918649308	0.0
-0.0006905124419780047	0.0012932346546784901	0.0
-0.000671941682849504	0.0012780067174920494	0.0
-0.0006541501164117097	0.0012628629125552575	0.0
-0.0006368780117677196	0.001247550843119168	0.0
-0.0006205149652628868	0.0012322387736830784	0.0
-0.0006050609768972115	0.001216926704246989	0.0
-0.0005903861812222425	0.0012014463703116016	0.0
-0.0005766204436864308	0.0011861343008755122	0.0
-0.0005638936297382277	0.0011707380991897735	0.0
-0.0005520758739291818	0.001155426029753684	0.0
-0.0005414269071561953	0.0011402822248168922	0.0
-0.0005319467294192685	0.0011252225521297492	0.0
-0.000523635340718401	0.0011104994084412015	0.0
-0.0005166226065020442	0.0010959445292519517	0.0
-0.0005107786613217467	0.0010818103113109459	0.0
-0.00050623337062596	0.0010679284901188866	0.0
-0.0005031165998631346	0.0010544673301750716	0.0
-0.000501428349033271	0.0010414268314795007	0.0
-0.0005007790217910156	0.0010286387295328765	0.0
-0.000501428349033271	0.0010161871565848477	0.0
-0.0005033763307600367	0.001004156244885063	0.0
-0.00050623337062596	0.000992293597684576	0.0
-0.0005098696031825894	0.0009809357439819822	0.0
-0.0005144148938783763	0.0009698302870283348	0.0
-0.0005193497809195163	0.0009592296235725804	0.0
-0.0005246742643060095	0.0009491337536147192	0.0
-0.0005302584785894048	0.000939542677154751	0.0
-0.000535712827424349	0.0009304563941926759	0.0
-0.0005410373108108422	0.0009217066402291962	0.0
-0.0005462319287488844	0.0009133775475139606	0.0
-0.0005507772194446712	0.0009053008515476716	0.0
-0.000555062779243556	0.0008972241555813827	0.0
-0.0005585691463517344	0.0008891474596150937	0.0
-0.0005615560516661087	0.0008809024991495069	0.0
-0.0005636338988413255	0.0008724892741846227	0.0
-0.0005649325533258361	0.0008637395202211428	0.0
-0.0005655818805680913	0.0008549056340080143	0.0
-0.0005651922842227382	0.0008458193510459391	0.0
-0.0005640234951866787	0.000836733068083864	0.0
-0.0005618157825630108	0.0008274785206224912	0.0
-0.0005588288772486365	0.0008182239731611184	0.0
-0.0005546731828982028	0.0008088852934500968	0.0
-0.0005499980267539649	0.0007995466137390751	0.0
-0.0005444138124705697	0.0007899555372791069	0.0
-0.0005384400018418211	0.0007802803285694898	0.0
-0.0005319467294192685	0.0007702685908612774	0.0
-0.0005253235915482649	0.0007601727209034163	0.0
-0.000518700453677261	0.0007499927186959062	0.0
-0.0005120773158062572	0.0007396444519890984	0.0
-0.0005054541779352536	0.0007294644497815883	0.0
-0.000499090770961152	0.0007193685798237271	0.0
-0.0004927273639870503	0.0007094409743651634	0.0
-0.0004866236879098508	0.0006997657656555464	0.0
-0.00048064987728110246	0.0006901746891955782	0.0
-0.0004749357975492561	0.0006810042739838542	0.0
-0.00046961131416276285	0.0006720862555210769	0.0
-0.0004648062925700739	0.0006635888983065435	0.0
-0.0004603908673227381	0.0006555122023402547	0.0
-0.00045675463476610857	0.000647772035372561	0.0
-0.0004538975949001854	0.0006407049264020581	0.0
-0.00045156001682806644	0.0006341426109294483	0.0
-0.00045013149689510486	0.0006281692212043804	0.0
-0.00044961203510130067	0.0006226164927275567	0.0
-0.0004497419005497517	0.0006177368222479239	0.0
-0.00045078082413736015	0.0006133619452661839	0.0
-0.00045246907496722383	0.0006094918617823371	0.0
-0.00045493651848779385	0.0006061265717963833	0.0
-0.0004581831546990702	0.0006031819430586738	0.0
-0.0004619492527041507	0.0006005738433195597	0.0
-0.00046610494705458445	0.0005982181403293921	0.0
-0.00047052037230192024	0.0005960307018385221	0.0
-0.0004750656629977071	0.0005938432633476521	0.0
-0.00047987068459039606	0.0005914034281078356	0.0
-0.00048441597528618295	0.0005888794606183704	0.0
-0.0004890911314304209	0.0005859348318806609	0.0
-0.0004936364221262078	0.0005827378063940048	0.0
-0.0004979219819250926	0.0005791201196591045	0.0
-0.0005022075417239773	0.0005751659039256088	0.0
-0.0005063632360744109	0.0005708751591935178	0.0
-0.0005102591995279426	0.0005661637532131825	0.0
-0.0005142850284299251	0.0005609475537349542	0.0
-0.0005181809918834568	0.000555226560758833	0.0
-0.0005219470898885373	0.0005488325097855208	0.0
-0.00052597291879052	0.0005416812685653691	0.0
-0.0005298688822440516	0.0005338569693480265	0.0
-0.0005341544420429364	0.0005252754798838445	0.0
-0.0005385698672902723	0.0005160209324224718	0.0
-0.000542985292537608	0.000506177459213557	0.0
-0.0005479201795787481	0.0004958291925067492	0.0
-0.0005529849320683391	0.00048497613230204836	0.0
-0.0005584392809032834	0.000473870675348401	0.0
-0.0005642832260835807	0.0004625969538954559	0.0
-0.0005706466330576824	0.000451239100192862	0.0
-0.0005773996363771372	0.0004398812464902681	0.0
-0.0005848019669388473	0.0004286916572869719	0.0
-0.0005927237592943615	0.0004177544648326222	0.0
-0.00060116501344368	0.00040698553687757024	0.0
-0.0006103854602837047	0.00039646900567146475	0.0
-0.0006202552343659847	0.0003863731357136035	0.0
-0.0006306444702420691	0.00037678205925363535	0.0
-0.0006418128988088597	0.0003675275117922625	0.0
-0.0006538903855148076	0.0003590301545777293	0.0
-0.0006667470649114618	0.000351121723110738	0.0
-0.0006803829369988225	0.0003440546141402351	0.0
-0.0006945382708799874	0.0003378288276662207	0.0
-0.0007093429320034074	0.0003324443636886947	0.0
-0.0007244073240237296	0.00032798535445730594	0.0
-0.0007398613123894049	0.00032445179997205454	0.0
-0.0007553153007550802	0.0003216754357336427	0.0
-0.0007707692891207556	0.0003197403939917193	0.0
-0.0007859635465895288	0.00031856254249663544	0.0
-0.000801027938609851	0.0003179736167490935	0.0
-0.0008157027342848201	0.0003180577489987424	0.0
-0.0008301177990628869	0.00031856254249663544	0.0
-0.0008438835365986987	0.0003194038649931239	0.0
-0.0008572596777891571	0.00032066584873785656	0.0
-0.0008702462226342625	0.0003220960969818869	0.0
-0.0008825834402371125	0.0003236104774755661	0.0
-0.0008942713305977074	0.0003251248579692453	0.0
-0.0009058293555098511	0.00032663923846292447	0.0
-0.0009169977840766417	0.0003281536189566036	0.0
-0.0009281662126434323	0.00032949973495098513	0.0
-0.000939464506658674	0.0003305934541964201	0.0
-0.0009512822624677198	0.0003314347766929086	0.0
-0.0009634896146221188	0.00033193957019080165	0.0
-0.0009763462940187731	0.00033193957019080165	0.0
-0.0009897224352092315	0.00033160304119220625	0.0
-0.0010038777690903964	0.0003307617186957178	0.0
-0.0010184226993169144	0.00032949973495098513	0.0
-0.0010334870913372364	0.0003276488254587106	0.0
-0.0010492008105998142	0.0003255455192174895	0.0
-0.0010653041262077448	0.00032293741947837535	0.0
-0.0010817970381610284	0.0003201610552399635	0.0
-0.0010984198155627632	0.0003171322942526051	0.0
-0.0011151724584129493	0.0003141035332652468	0.0
-0.001131925101263135	0.00031099064002823953	0.0
-0.0011485478786648698	0.00030787774679123234	0.0
-0.001165300521515056	0.00030493311805352276	0.0
-0.0011816635680198884	0.0003020726215654621	0.0
-0.001197766883627819	0.0002993803895766991	0.0
-0.0012134806028903965	0.0002969405543368826	0.0
-0.0012288047258076208	0.00029466898359636385	0.0
-0.0012437392523794919	0.0002924815451054939	0.0
-0.001258154317157559	0.00029046237111392167	0.0
-0.0012719200546933704	0.0002884431971223494	0.0
-0.001285296195883829	0.000286508155380426	0.0
-0.0012982827407289343	0.00028457311363850257	0.0
-0.0013106199583317844	0.00028263807189657917	0.0
-0.0013224377141408303	0.00028078716240430464	0.0
-0.0013337360081560718	0.0002787679884127324	0.0
-0.0013445148403775093	0.00027683294667080893	0.0
-0.0013546443453566915	0.00027481377267923673	0.0
-0.0013643842539905204	0.00027279459868766447	0.0
-0.0013736047008305453	0.00027060716019679454	0.0
-0.0013829550131190212	0.0002684197217059246	0.0
-0.001392305325407497	0.0002659798864661081	0.0
-0.0014019153685928749	0.00026337178672699397	0.0
-0.001411655277226704	0.00026059542248858217	0.0
-0.0014217847822058862	0.00025773492600052146	0.0
-0.0014323038835304214	0.00025470616501316307	0.0
-0.0014428229848549568	0.0002515932717761558	0.0
-0.0014537316825248452	0.00024831211403985096	0.0
-0.0014647702456431848	0.0002449468240538972	0.0
-0.0014760685396584263	0.00024132913731899692	0.0
-0.001487496699122119	0.00023771145058409663	0.0
-0.001499184589482714	0.00023400963159954749	0.0
-0.0015111322107402108	0.0002303078126149984	0.0
-0.0015230798319977078	0.0002265218613808004	0.0
-0.0015350274532552046	0.0002228200423962513	0.0
-0.0015468452090642505	0.00021911822341170217	0.0
-0.0015584032339763943	0.00021550053667680188	0.0
-0.001569701527991636	0.00021196698219155043	0.0
-0.0015804803602130733	0.00020834929545665015	0.0
-0.0015907397306407064	0.00020464747647210105	0.0
-0.0016004796392745356	0.00020094565748755193	0.0
-0.0016098299515630115	0.00019715970625335395	0.0
-0.0016184010711607808	0.00019328962276950716	0.0
-0.0016265825944131974	0.00018941953928566034	0.0
-0.0016339849249749072	0.00018546532355216466	0.0
-0.0016409976591912642	0.00018167937231796668	0.0
-0.0016473610661653657	0.00017806168558306642	0.0
-0.0016530751458972122	0.00017461226334746383	0.0
-0.0016582697638352544	0.0001714993701104566	0.0
-0.00166268518908259	0.0001688071381216936	0.0
-0.0016663214216392198	0.00016636730288187716	0.0
-0.0016693083269535937	0.00016426399664065607	0.0
-0.0016713861741288107	0.00016249721939803034	0.0
-0.0016728146940617724	0.0001608987066547023	0.0
-0.0016733341558555766	0.00015946845841067196	0.0
-0.0016729445595102233	0.0001580382101666416	0.0
-0.0016717757704741638	0.0001565238296729624	0.0
-0.001669697923298947	0.00015475705243033673	0.0
-0.0016669707488814749	0.00015290614293806215	0.0
-0.0016633345163248455	0.0001508869689464899	0.0
-0.0016591788219744118	0.00014869953045561996	0.0
-0.0016545036658301739	0.00014634382746545234	0.0
-0.0016494389133405827	0.00014407225672493355	0.0
-0.0016442442954025405	0.00014180068598441478	0.0
-0.0016390496774644984	0.0001396973797431937	0.0
-0.0016338550595264563	0.0001375940735019726	0.0
-0.0016286604415884141	0.00013549076726075148	0.0
-0.0016237255545472741	0.00013347159326917925	0.0
-0.001618790667506134	0.00013153655152725583	0.0
-0.0016143752422587982	0.0001296856420349813	0.0
-0.0016102195479083645	0.00012791886479235557	0.0
-0.0016065833153517351	0.00012632035204902754	0.0
-0.0016033366791404586	0.00012505836830429488	0.0
-0.0016004796392745356	0.00012404878130850875	0.0
-0.0015982719266508677	0.00012345985556096685	0.0
-0.0015963239449241018	0.00012320745881202032	0.0
-0.001594635694094238	0.00012329159106166915	0.0
-0.0015933370396097276	0.00012388051680921105	0.0
-0.0015925578469190213	0.00012472183930569949	0.0
-0.001591908519676766	0.0001258996908007833	0.0
-0.001591518923331413	0.00012732993904481367	0.0
-0.0015913890578829618	0.00012909671628743937	0.0
-0.0015913890578829618	0.00013094762577971393	0.0
-0.001591518923331413	0.00013305093202093502	0.0
-0.001591518923331413	0.0001353225027614538	0.0
-0.0015916487887798639	0.00013767820575162143	0.0
-0.0015913890578829618	0.0001401180409914379	0.0
-0.0015908695960891578	0.00014264200848090322	0.0
-0.0015900904033984513	0.00014525010822001735	0.0
-0.00158866188346549	0.00014777407570948267	0.0
-0.001586843767187175	0.000150298043198948	0.0
-0.0015845061891150561	0.00015265374618911561	0.0
-0.0015816491492491329	0.0001549253169296344	0.0
-0.0015784025130378566	0.00015702862317085547	0.0
-0.0015746364150327759	0.0001591319294120766	0.0
-0.0015703508552338912	0.00016106697115399998	0.0
-0.0015659354299865553	0.0001630020128959234	0.0
-0.0015608706774969644	0.0001649370546378468	0.0
-0.0015558059250073734	0.00016687209637977022	0.0
-0.00155048144162088	0.00016889127037134245	0.0
-0.0015450270927859359	0.00017099457661256355	0.0
-0.0015395727439509914	0.00017326614735308234	0.0
-0.0015339885296675963	0.00017562185034324996	0.0
-0.0015284043153842009	0.00017814581783271528	0.0
-0.0015228201011008055	0.00018075391757182944	0.0
-0.0015173657522658615	0.00018353028181024127	0.0
-0.0015120412688793684	0.0001864749105479508	0.0
-0.001506846650941326	0.000189587803784958	0.0
-0.001501652033003284	0.00019286896152126293	0.0
-0.0014967171459621441	0.0001964866482561632	0.0
-0.0014919121243694548	0.00020044086398965887	0.0
-0.001487236968225217	0.0002047316087217499	0.0
-0.0014825618120809791	0.00020935888245243628	0.0
-0.0014778866559367412	0.00021440681743136692	0.0
-0.0014732114997925033	0.0002197912814088929	0.0
-0.0014684064781998144	0.00022551227438501428	0.0
-0.0014637313220555765	0.00023140153186043336	0.0
-0.0014589263004628874	0.00023754318608479894	0.0
-0.0014542511443186494	0.00024376897255881338	0.0
-0.0014494461227259605	0.0002501630235321255	0.0
-0.0014447709665817226	0.00025664120675508647	0.0
-0.0014402256758859358	0.0002632035222276963	0.0
-0.0014358102506386	0.0002696817054506572	0.0
-0.001431524690839715	0.0002763281531729159	0.0
-0.0014274988619377325	0.00028297460089517457	0.0
-0.001423732763932652	0.00028953691636778435	0.0
-0.0014204861277213757	0.00029618336409004305	0.0
-0.0014173693569585503	0.00030274567956265283	0.0
-0.0014147720479895291	0.0003092238627856138	0.0
-0.0014128240662627633	0.0003155337815092771	0.0
-0.001411265680881351	0.0003216754357336427	0.0
-0.0014100968918452914	0.00032748056095941293	0.0
-0.001409447564603036	0.0003329491571865878	0.0
-0.001409447564603036	0.0003381653566648161	0.0
-0.0014099670263968403	0.00034296089489480015	0.0
-0.0014110059499844489	0.00034733577187654005	0.0
-0.0014125643353658612	0.00035120585536038685	0.0
-0.001414382451644176	0.00035465527759598943	0.0
-0.0014168498951647461	0.00035759990633369896	0.0
-0.0014197069350306692	0.00036020800607281314	0.0
-0.0014229535712419457	0.00036239544456368307	0.0
-0.0014263300729016732	0.0003642463540559576	0.0
-0.0014302260363552046	0.0003657607345496368	0.0
-0.0014341219998087362	0.0003669385860447206	0.0
-0.0014381478287107188	0.0003678640407908579	0.0
-0.0014424333885096037	0.0003687053632873463	0.0
-0.0014465890828600375	0.0003694625535341859	0.0
-0.0014508746426589222	0.000369967347032079	0.0
-0.001455030337009356	0.0003703880082803232	0.0
-0.0014589263004628874	0.0003707245372789186	0.0
-0.0014626923984679679	0.0003709769340278651	0.0
-0.0014660689001276955	0.00037122933077681164	0.0
-0.0014693155363389716	0.0003713975952761093	0.0
-0.0014720427107564437	0.00037156585977540704	0.0
-0.0014745101542770137	0.0003717341242747047	0.0
-0.0014763282705553284	0.0003718182565243535	0.0
-0.00147775679048829	0.00037198652102365124	0.0
-0.0014786658486274475	0.0003720706532733001	0.0
-0.0014790554449728007	0.0003721547855229489	0.0
-0.0014786658486274475	0.00037198652102365124	0.0
-0.00147775679048829	0.0003717341242747047	0.0
-0.0014760685396584263	0.0003713975952761093	0.0
-0.0014738608270347584	0.0003706404050292697	0.0
-0.0014710037871688353	0.00036979908253278126	0.0
-0.0014676272855091079	0.00036862123103769746	0.0
-0.0014637313220555765	0.00036710685054401826	0.0
-0.0014595756277051427	0.0003653400733013926	0.0
-0.0014551602024578069	0.00036332089930982034	0.0
-0.00145061491176202	0.00036104932856930155	0.0
-0.001445939755617782	0.0003585253610798362	0.0
-0.001441134734025093	0.00035591726134072204	0.0
-0.001436199846983953	0.00035305676485266143	0.0
-0.0014312649599428132	0.00035011213611495185	0.0
-0.0014262002074532218	0.00034699924287794466	0.0
-0.001421265320412082	0.0003438863496409374	0.0
-0.0014162005679224908	0.00034068932415428136	0.0
-0.001411265680881351	0.0003374922986676253	0.0
-0.0014064606592886616	0.0003342111409313204	0.0
-0.0014015257722475218	0.000331182379943962	0.0
-0.0013965908852063818	0.00032823775120625247	0.0
-0.001391785863613693	0.0003253772547181918	0.0
-0.001386980842021004	0.0003227691549790777	0.0
-0.0013823056858767659	0.00032032931973926117	0.0
-0.001377630529732528	0.0003180577489987424	0.0
-0.0013730852390367412	0.00031587031050787245	0.0
-0.0013685399483409542	0.0003135987397673537	0.0
-0.0013641245230936183	0.00031132716902683487	0.0
-0.0013595792323978315	0.00030905559828631613	0.0
-0.0013550339417020447	0.0003066998952961485	0.0
-0.001350618516454709	0.00030417592780668316	0.0
-0.0013460732257589221	0.00030156782806756903	0.0
-0.0013415279350631351	0.0002987914638291572	0.0
-0.0013369826443673483	0.0002957627028417988	0.0
-0.0013324373536715616	0.00029256567735514273	0.0
-0.0013277621975273236	0.0002889479906202425	0.0
-0.0013233467722799878	0.0002849937748867468	0.0
-0.001318931347032652	0.0002807030301546558	0.0
-0.0013146457872337672	0.000275739227425374	0.0
-0.0013106199583317844	0.000270354763447848	0.0
-0.0013065941294298018	0.00026429724147313124	0.0
-0.0013028280314247211	0.00025781905825017026	0.0
-0.001299321664316543	0.00025066781703001856	0.0
-0.0012956854317599134	0.00024309591456162264	0.0
-0.0012924387955486369	0.00023501921859533361	0.0
-0.0012894518902342627	0.0002266901258800981	0.0
-0.0012863351194714375	0.0002180245041662672	0.0
-0.0012836079450539652	0.0002091906179531386	0.0
-0.0012808807706364933	0.00020018846724071234	0.0
-0.0012782834616674721	0.0001912704487779349	0.0
-0.0012756861526984512	0.0001822682980655086	0.0
-0.001272829112832528	0.00017335027960273117	0.0
-0.0012701019384150558	0.0001645163933896026	0.0
-0.0012672448985491327	0.00015585077167577167	0.0
-0.0012639982623378562	0.0001474375467108873	0.0
-0.00126075162612658	0.00013919258624530063	0.0
-0.0012571153935699503	0.00013120002252866046	0.0
-0.00125334929556487	0.00012362812006026452	0.0
-0.0012494533321113384	0.00011647687884011281	0.0
-0.0012452976377609047	0.00010966216661855646	0.0
-0.0012410120779620198	0.00010335224789489318	0.0
-0.001236466787266233	9.754712266912297e-05	0.0
-0.001231791631121995	9.216265869159697e-05	0.0
-0.0012269866095293062	8.728298821196404e-05	0.0
-0.001221921857039715	8.28239789805753e-05	0.0
-0.001216597373653222	7.878563099743082e-05	0.0
-0.0012110131593698265	7.525207651217938e-05	0.0
-0.0012052990796379802	7.205505102552331e-05	0.0
-0.0011994551344576827	6.911042228781379e-05	0.0
-0.0011933514583804831	6.658645479834848e-05	0.0
-0.0011868581859579305	6.4146619558532e-05	0.0
-0.0011801051826384758	6.195918106766207e-05	0.0
-0.001172832717525217	5.985587482644097e-05	0.0
-0.0011651706560666046	5.775256858521989e-05	0.0
-0.0011569891328141884	5.581752684329647e-05	0.0
-0.0011481582823195168	5.396661735102192e-05	0.0
-0.0011388079700310407	5.211570785874735e-05	0.0
-0.0011286784650518587	5.043306286577048e-05	0.0
-0.0011177697673819703	4.8834550122442446e-05	0.0
-0.0011062117424698265	4.715190512946557e-05	0.0
-0.0010938745248669764	4.5553392386137534e-05	0.0
-0.0010808879800218712	4.395487964280951e-05	0.0
-0.0010673819733829615	4.227223464983263e-05	0.0
-0.0010530967740533456	4.06737219065046e-05	0.0
-0.0010384219783783767	3.890694466387889e-05	0.0
-0.0010229679900127014	3.722429967090201e-05	0.0
-0.0010072542707501237	3.5457522428276295e-05	0.0
-0.00099076135879684	3.3690745185650576e-05	0.0
-0.000973619119601301	3.1839835693376016e-05	0.0
-0.0009559574186119577	2.9904793951452607e-05	0.0
-0.0009376463903803591	2.79697522095292e-05	0.0
-0.0009185561694580543	2.5866445968308106e-05	0.0
-0.0008988166212934943	2.3763139727087017e-05	0.0
-0.0008784277458866788	2.1575701236217076e-05	0.0
-0.0008573895432376082	1.9304130495698293e-05	0.0
-0.0008354422824493802	1.711669200482836e-05	0.0
-0.0008128456944188969	1.4760989014660734e-05	0.0
-0.0007895997791461583	1.240528602449311e-05	0.0
-0.0007658344020796157	9.965450784676641e-06	0.0
-0.0007410301014254644	7.357351045562485e-06	0.0
-0.000715706338977509	4.496854557501798e-06	0.0
-0.0006897332492872983	1.468093570143424e-06	0.0
-0.0006629809669063813	-1.8971964158103253e-06	0.0
-0.0006357092227316601	-5.5990154003594495e-06	0.0
-0.0006077881513146837	-9.805627882801636e-06	0.0
-0.000579217752655452	-1.4517033863136885e-05	0.0
-0.000550127892202416	-1.9733233341365197e-05	0.0
-0.0005205185699555758	-2.5370094067837727e-05	0.0
-0.0004902599204664804	-3.1427616042554475e-05	0.0
-0.0004593519437351297	-3.8158196014461975e-05	0.0
-0.0004283141015553279	-4.530943723461369e-05	0.0
-0.000396756797581722	-5.304960420230732e-05	0.0
-0.00036506962815966495	-6.137869691754285e-05	0.0
-0.0003333824587376079	-7.038084762996913e-05	0.0
-0.00030156542386709984	-7.997192408993731e-05	0.0
-0.0002698782544450428	-9.023605854709626e-05	0.0
-0.00023845081591988788	-0.00010117325100144593	0.0
-0.00020715324284318403	-0.00011269936920333753	0.0
-0.00017611540066338226	-0.00012481441315277103	0.0
-0.00014533728938048262	-0.00013743425060009758	0.0
-0.00011494877444293614	-0.0001505588815453172	0.0
-8.481999040229176e-05	-0.0001640200414891322	0.0
-5.495093725854948e-05	-0.0001779018626811914	0.0
-2.534161501170931e-05	-0.00019203608062219715	0.0
3.74824544132664e-06	-0.0002061702985632029	0.0
3.2838105894362594e-05	-0.00022047278100350635	0.0
6.127863910514328e-05	-0.0002347752634438098	0.0
8.945944141902186e-05	-0.0002490777458841132	0.0
0.00011725064738754727	-0.00026321196382511896	0.0
0.00014465225701071953	-0.00027709378501717817	0.0
0.00017153440484008757	-0.0002908914739595885	0.0
0.00019789709087565142	-0.0003042685016537547	0.0
0.00022374031511741106	-0.00031747726484862316	0.0
0.00024893421211691537	-0.00033026536679524744	0.0
0.00027360864732261554	-0.00034263280749362746	0.0
0.0002975038898376093	-0.0003544954546941144	0.0
0.00032100953600725	-0.0003659374406463571	0.0
0.00034399572038308645	-0.00037687463310070687	0.0
0.00036633257751666766	-0.00038730703205716344	0.0
0.0003884097037533467	-0.000397234637515727	0.0
0.0004100972336446726	-0.0004065733172267487	0.0
0.0004312653017421943	-0.00041540720343987726	0.0
0.00045217363894281385	-0.00042365216390546396	0.0
0.00047269237979808034	-0.00043122406637385993	0.0
0.0004928215243079936	-0.0004382070430947139	0.0
0.0005125610724725537	-0.0004446852263176749	0.0
0.0005321707551886628	-0.00045049035154344513	0.0
0.0005512609761109676	-0.0004557065510216734	0.0
0.0005699616006879193	-0.0004604179570020087	0.0
0.0005881427634710668	-0.00046445630498515315	0.0
0.0006059343299088611	-0.0004680739917200534	0.0
0.0006232064345528512	-0.0004711027527074118	0.0
0.000639959077403037	-0.000473710852446526	0.0
0.0006561922584594188	-0.0004756458941884494	0.0
0.0006717761122735452	-0.00047716027468212857	0.0
0.0006865807733969652	-0.0004782539939275635	0.0
0.0007008659727265812	-0.00047884291967510543	0.0
0.0007143719793654907	-0.00047909531642405197	0.0
0.0007269689278652428	-0.00047909531642405197	0.0
0.0007390464145711908	-0.00047867465517580776	0.0
0.0007502148431379813	-0.00047808572942826584	0.0
0.0007604742135656147	-0.0004773285391814263	0.0
0.0007702141221994437	-0.00047648721668493784	0.0
0.0007790449726941153	-0.0004754776296891517	0.0
0.0007872264959465316	-0.00047438391044371677	0.0
0.0007944989610597906	-0.0004732901911982818	0.0
0.0008011220989307944	-0.00047219647195284684	0.0
0.0008069660441110916	-0.000471018620457763	0.0
0.000812680123842938	-0.0004698407689626792	0.0
0.0008180046072294312	-0.0004686629174675954	0.0
0.0008234589560643755	-0.00046731680147321387	0.0
0.0008293029012446729	-0.0004658865532291835	0.0
0.0008357961736672257	-0.0004642880404858555	0.0
0.0008429387733320335	-0.0004626053954928786	0.0
0.0008507307002390967	-0.0004606703537509552	0.0
0.0008593018198368662	-0.00045865117975938297	0.0
0.000868522266676891	-0.00045654787351816185	0.0
0.0008786517716560732	-0.0004544445672769408	0.0
0.0008895604693259617	-0.00045225712878607085	0.0
0.0009011184942381054	-0.0004501538225448498	0.0
0.0009135855772894065	-0.0004479663840539798	0.0
0.000926831853031414	-0.0004458630778127587	0.0
0.0009407274560156766	-0.00044384390382118643	0.0
0.0009552723862421945	-0.00044174059757996537	0.0
0.0009703367782625169	-0.0004397214235883931	0.0
0.0009859206320766434	-0.00043761811734717204	0.0
0.0010018940822361228	-0.0004356830756052486	0.0
0.0010185168596378576	-0.00043374803386332525	0.0
0.0010352695024880435	-0.00043214952111999714	0.0
0.0010525416071320336	-0.0004308034051256157	0.0
0.0010698137117760235	-0.00042970968588018074	0.0
0.0010872156818684648	-0.00042903662788298995	0.0
0.0011046176519609058	-0.00042861596663474575	0.0
0.001121889756604896	-0.0004285318343850969	0.0
0.0011389021303519842	-0.00042861596663474575	0.0
0.001155524907753719	-0.0004287842311340434	0.0
0.0011717580888101007	-0.0004289524956333411	0.0
0.001187601673521129	-0.00042903662788298995	0.0
0.0012029257964383533	-0.0004291207601326388	0.0
0.0012176005921133225	-0.0004289524956333411	0.0
0.0012317559259944872	-0.00042861596663474575	0.0
0.0012453917980818478	-0.0004281111731368527	0.0
0.0012583783429269532	-0.0004273539828900131	0.0
0.0012708454259782542	-0.00042634439589422696	0.0
0.0012829229126842024	-0.00042516654439914316	0.0
0.0012946108030447972	-0.00042365216390546396	0.0
0.0013060389625084898	-0.0004218012544131894	0.0
0.0013173372565237313	-0.0004197820804216171	0.0
0.001328375819642071	-0.0004174263774314495	0.0
0.0013392845173119594	-0.00041473414544268653	0.0
0.0013499334840849457	-0.0004117053844553282	0.0
0.0013604525854094811	-0.0004084242267190232	0.0
0.0013707119558371145	-0.00040480653998412297	0.0
0.0013804518644709434	-0.000401020588749925	0.0
0.0013899320422078702	-0.00039681397626748285	0.0
0.0013987628927025419	-0.00039252323153539175	0.0
0.0014069444159549582	-0.0003880642223040031	0.0
0.0014146064774135704	-0.0003834369485733167	0.0
0.0014213594807330253	-0.00037864141034333254	0.0
0.0014274631568102247	-0.0003736776076140508	0.0
0.0014329175056451689	-0.00036871380488476903	0.0
0.0014374627963409559	-0.0003636658699058384	0.0
0.0014413587597944875	-0.00035861793492690774	0.0
0.0014443456651088615	-0.0003534858676983283	0.0
0.0014464235122840785	-0.00034852206496904656	0.0
0.0014478520322170401	-0.0003437265267390624	0.0
0.0014483714940108443	-0.0003391833852580248	0.0
0.0014478520322170401	-0.00033472437602663615	0.0
0.0014466832431809806	-0.00033068602804349164	0.0
0.0014444755305573127	-0.0003269842090589425	0.0
0.0014414886252429385	-0.0003237030513226376	0.0
0.0014374627963409559	-0.0003207584225849281	0.0
0.0014325279092998158	-0.0003183185873451116	0.0
0.0014266839641195184	-0.0003163835456031882	0.0
0.0014199309608000637	-0.00031495329735915784	0.0
0.0014123987647899027	-0.0003141119748626694	0.0
0.001403957510640584	-0.0003139437103633717	0.0
0.0013952565255943635	-0.00031436437161161596	0.0
0.0013862958096512409	-0.00031528982635775323	0.0
0.0013770753628112161	-0.0003168883391010813	0.0
0.0013679847814196421	-0.00031890751309265354	0.0
0.0013590240654765195	-0.00032143148058211887	0.0
0.001350323080430299	-0.00032420784482053067	0.0
0.0013417519608325294	-0.0003274048703071867	0.0
0.0013337003030285642	-0.0003308542925427893	0.0
0.00132577851067305	-0.0003346402437769873	0.0
0.0013185060455597909	-0.00033867859176013175	0.0
0.0013116231767918852	-0.000342885204242574	0.0
0.0013052597698177835	-0.0003473442134739627	0.0
0.001299415824637486	-0.0003520556194542979	0.0
0.001294221206699444	-0.0003569352899339309	0.0
0.0012896759160036571	-0.0003618149604135638	0.0
0.0012857799525501255	-0.00036694702764214325	0.0
0.0012822735854419469	-0.00037207909487072275	0.0
0.001279546411024475	-0.00037737942659859993	0.0
0.001277338698400807	-0.0003828480228257747	0.0
0.0012759101784678452	-0.00038840075130259843	0.0
0.001275001120328688	-0.0003941217442787198	0.0
0.0012747413894317859	-0.00039992686950449005	0.0
0.001274871254880237	-0.0004059002592295579	0.0
0.0012757803130193943	-0.00041187364895462587	0.0
0.001277078967503905	-0.00041809943542864026	0.0
0.0012786373528853175	-0.0004243252219026547	0.0
0.0012805853346120834	-0.000430635140626318	0.0
0.001282533316338849	-0.0004369450593499813	0.0
0.001284741028962517	-0.00044333911032329337	0.0
0.0012868188761377339	-0.00044973316129660553	0.0
0.0012887668578644997	-0.00045612721226991765	0.0
0.0012905849741428144	-0.0004625212632432298	0.0
0.001292013494075776	-0.0004687470497172442	0.0
0.0012931822831118353	-0.0004750569684409075	0.0
0.0012939614758025418	-0.0004811144904156242	0.0
0.001294351072147895	-0.0004870878801406922	0.0
0.001294351072147895	-0.0004928930053664624	0.0
0.0012939614758025418	-0.0004985298660929348	0.0
0.0012929225522149335	-0.0005039984623201097	0.0
0.0012914940322819716	-0.0005092987940479868	0.0
0.001289546050555206	-0.0005144308612765663	0.0
0.001287078607034636	-0.0005195629285051458	0.0
0.0012842215671687127	-0.0005246108634840765	0.0
0.0012809749309574366	-0.0005295746662133582	0.0
0.001277338698400807	-0.00053453846894264	0.0
0.0012731830040503733	-0.0005395022716719218	0.0
0.0012687675788030375	-0.0005444660744012036	0.0
0.0012640924226587995	-0.0005495140093801342	0.0
0.0012590276701692086	-0.0005546460766087137	0.0
0.0012538330522311662	-0.000559862276086942	0.0
0.0012485085688446731	-0.000565246740064468	0.0
0.0012429243545612778	-0.0005707994685412916	0.0
0.0012373401402778826	-0.0005764363292677643	0.0
0.001231626060546036	-0.0005821573222438855	0.0
0.0012257821153657388	-0.0005880465797193046	0.0
0.0012199381701854415	-0.0005940199694443725	0.0
0.001213964359556693	-0.0006001616236687382	0.0
0.0012079905489279445	-0.0006063032778931037	0.0
0.0012018868728507451	-0.000612613196616767	0.0
0.0011957831967735456	-0.0006190072475900791	0.0
0.0011895496552478948	-0.000625569563062689	0.0
0.0011833161137222443	-0.0006321318785352987	0.0
0.0011768228412996917	-0.0006387783262575574	0.0
0.0011703295688771389	-0.0006455089062294649	0.0
0.0011637064310061353	-0.0006523236184510213	0.0
0.0011568235622382295	-0.0006590541984229287	0.0
0.0011496809625734215	-0.0006657847783948362	0.0
0.0011422786320117115	-0.0006725994906163926	0.0
0.0011347464360015505	-0.0006792459383386512	0.0
0.001126694778197585	-0.000685808253811261	0.0
0.0011183833894967178	-0.000692286437034222	0.0
0.0011096824044504973	-0.000698764620257183	0.0
0.0011007216885073744	-0.0007049904067311974	0.0
0.0010911116453219964	-0.0007110479287059142	0.0
0.0010813717366881675	-0.0007170213184309821	0.0
0.0010711123662605342	-0.0007227423114071034	0.0
0.0010604633994875478	-0.0007282950398839271	0.0
0.0010492949709207573	-0.0007336795038614531	0.0
0.0010378668114570647	-0.0007388115710900326	0.0
0.0010260490556480185	-0.0007436912415696655	0.0
0.0010137118380451687	-0.0007481502508010542	0.0
0.0010011148895454165	-0.0007524409955331452	0.0
0.0009882582101487622	-0.0007563110790169921	0.0
0.0009752716653036569	-0.0007597605012525946	0.0
0.0009620253895616495	-0.0007629575267392508	0.0
0.000948779113819642	-0.0007657338909776625	0.0
0.0009356627035260857	-0.0007681737262174791	0.0
0.0009228060241294313	-0.0007702770324587002	0.0
0.000909949344732777	-0.000771959677451677	0.0
0.0008972225307845739	-0.0007733057934460586	0.0
0.0008850151786301747	-0.0007743995126914935	0.0
0.0008729376919242267	-0.0007750725706886842	0.0
0.000861119936115181	-0.0007754932319369285	0.0
0.0008496917766514882	-0.0007756614964362262	0.0
0.0008385233480846977	-0.0007754932319369285	0.0
0.0008276146504148092	-0.0007750725706886842	0.0
0.0008170955490902738	-0.0007744836449411423	0.0
0.0008068361786626407	-0.0007737264546943027	0.0
0.0007969664045803606	-0.0007727168676985166	0.0
0.0007874862268434337	-0.0007717072807027304	0.0
0.0007782657800034089	-0.0007705294292076467	0.0
0.0007693050640602862	-0.0007694357099622117	0.0
0.0007606040790140657	-0.0007683419907167768	0.0
0.0007521628248647472	-0.0007674165359706394	0.0
0.0007442410325092329	-0.000766575213474151	0.0
0.0007365789710506208	-0.0007659021554769602	0.0
0.0007290467750404597	-0.0007653973619790672	0.0
0.0007217743099272008	-0.0007650608329804718	0.0
0.0007146317102623927	-0.0007648084362315253	0.0
0.0007074891105975849	-0.0007648084362315253	0.0
0.0007003465109327769	-0.0007649767007308231	0.0
0.0006930740458195179	-0.0007653132297294184	0.0
0.0006855418498093569	-0.0007658180232273114	0.0
0.0006778797883507448	-0.0007664910812245022	0.0
0.0006698281305467794	-0.0007672482714713418	0.0
0.000661516741845912	-0.0007680895939678302	0.0
0.0006528157567996914	-0.0007690150487139675	0.0
0.0006439849063050198	-0.0007700246357097535	0.0
0.0006347644594649949	-0.0007710342227055396	0.0
0.000625154416279617	-0.0007721279419509747	0.0
0.0006152846421973369	-0.0007732216611964097	0.0
0.0006052850026666058	-0.0007742312481921959	0.0
0.0005950256322389727	-0.000775156702938333	0.0
0.0005845065309144372	-0.0007759980254348215	0.0
0.000573857564141451	-0.0007768393479313099	0.0
0.0005629488664715624	-0.0007774282736788519	0.0
0.000552040168801674	-0.0007780171994263938	0.0
0.0005411314711317855	-0.0007785219929242869	0.0
0.000530222773461897	-0.0007790267864221799	0.0
0.0005193140757920085	-0.0007793633154207754	0.0
0.000508535243570571	-0.0007796157121697218	0.0
0.0004978862767975846	-0.0007798681089186683	0.0
0.00048749704092150044	-0.0007801205056676148	0.0
0.0004771078050454162	-0.0007802046379172637	0.0
0.00046710816551468506	-0.0007802887701669125	0.0
0.000457238391432405	-0.0007803729024165615	0.0
0.000447628348247027	-0.0007804570346662102	0.0
0.0004382780359585512	-0.0007805411669158591	0.0
0.00042892772367007537	-0.0007807094314151568	0.0
0.00041970727683005054	-0.0007809618281641033	0.0
0.0004103569645415747	-0.0007812983571626987	0.0
0.0004010066522530989	-0.000781719018410943	0.0
0.00039139660906772097	-0.0007823079441584848	0.0
0.00038165670043389195	-0.0007829810021556756	0.0
0.00037165706090316083	-0.000783822324652164	0.0
0.00036152755592397867	-0.0007848319116479501	0.0
0.0003508785891509923	-0.000786009763143034	0.0
0.0003402296223780059	-0.0007874400113870642	0.0
0.0003293209247081174	-0.0007890385241303923	0.0
0.0003182823615897779	-0.0007909735658723157	0.0
0.00030698406757453624	-0.0007930768721135369	0.0
0.00029555590811084355	-0.0007954325751037043	0.0
0.0002839978831986998	-0.0007981248070924674	0.0
0.00027243985828655606	-0.000801069435830177	0.0
0.0002607519679259612	-0.0008041823290671842	0.0
0.0002488043466684643	-0.0008075476190531379	0.0
0.00023698659085941848	-0.0008109970412887405	0.0
0.00022490910415347051	-0.0008146147280236408	0.0
0.0002127017519990715	-0.000818232414758541	0.0
0.00020036453439622144	-0.0008219342337430902	0.0
0.00018802731679337138	-0.0008256360527276393	0.0
0.0001754303682936192	-0.0008294220039618373	0.0
0.00016296328524231807	-0.0008330396906967376	0.0
0.00015036633674256588	-0.0008366573774316378	0.0
0.00013789925369126478	-0.0008402750641665381	0.0
0.0001253023051915126	-0.0008437244864021407	0.0
0.00011270535669176041	-0.0008470897763880945	0.0
0.00010023827364045929	-0.0008503709341243994	0.0
8.777119058915817e-05	-0.0008534838273614066	0.0
7.517424208940599e-05	-0.000856512588348765	0.0
6.283702448655593e-05	-0.0008593730848368257	0.0
5.024007598680374e-05	-0.0008622335813248864	0.0
3.751326203860052e-05	-0.0008649258133136494	0.0
2.4786448090397286e-05	-0.0008676180453024124	0.0
1.179990324529195e-05	-0.0008702261450415265	0.0
-1.4463724967154947e-06	-0.0008727501125309918	0.0
-1.4822513687173991e-05	-0.0008753582122701059	0.0
-2.819865487763249e-05	-0.0008779663120092202	0.0
-4.20942578618952e-05	-0.0008805744117483343	0.0
-5.624959174306001e-05	-0.0008833507759867462	0.0
-7.066465652112695e-05	-0.000886127140225158	0.0
-8.533945219609597e-05	-0.0008889876367132187	0.0
-0.00010027397876796711	-0.0008919322654509282	0.0
-0.0001153383707882893	-0.0008949610264382866	0.0
-0.00013053262825706255	-0.0008981580519249426	0.0
-0.00014585675117428684	-0.0009012709451619498	0.0
-0.00016118087409151114	-0.0009044679706486058	0.0
-0.00017650499700873543	-0.0009075808638856131	0.0
-0.00019169925447750865	-0.0009107778893722692	0.0
-0.00020676364649783085	-0.0009138066503596276	0.0
-0.000221698173069702	-0.000916835411346986	0.0
-0.00023624310329622	-0.0009196959078350466	0.0
-0.0002505283026258359	-0.0009225564043231073	0.0
-0.00026442390561009853	-0.0009252486363118703	0.0
-0.00027805977769745915	-0.0009277726038013356	0.0
-0.00029104632254256453	-0.0009302124390411521	0.0
-0.00030351340559386567	-0.0009323157452823732	0.0
-0.0003155908922998136	-0.0009343349192739455	0.0
-0.00032714891721195735	-0.0009361858287662199	0.0
-0.00033805761488184586	-0.0009378684737591968	0.0
-0.000348316985309479	-0.000939382854252876	0.0
-0.00035805689394330804	-0.0009407289702472576	0.0
-0.0003670176098864307	-0.0009419068217423413	0.0
-0.0003754588640357492	-0.0009429164087381275	0.0
-0.0003832507909428124	-0.0009438418634842648	0.0
-0.0003903933906076203	-0.0009445990537311044	0.0
-0.000397016528478624	-0.0009452721117282951	0.0
-0.0004029903391073725	-0.0009457769052261882	0.0
-0.00040844468794231677	-0.0009461975664744324	0.0
-0.00041324970953500576	-0.0009466182277226766	0.0
-0.00041766513478234154	-0.000946954756721272	0.0
-0.00042156109823587314	-0.0009472912857198673	0.0
-0.0004249375998956005	-0.0009477119469681116	0.0
-0.0004277946397615237	-0.000948048475966707	0.0
-0.0004303919487305448	-0.0009483850049653023	0.0
-0.0004325996613542127	-0.0009488056662135466	0.0
-0.0004344177776325274	-0.0009492263274617907	0.0
-0.000435846297565489	-0.0009497311209596839	0.0
-0.00043714495204999953	-0.0009503200467072257	0.0
-0.0004380540101891569	-0.0009509931047044165	0.0
-0.00043870333743141216	-0.0009516661627016072	0.0
-0.0004392227992252164	-0.0009525916174477444	0.0
-0.00043961239557056955	-0.0009535170721938818	0.0
-0.00043987212646747165	-0.0009546949236889656	0.0
-0.00043987212646747165	-0.0009559569074336983	0.0
-0.00043987212646747165	-0.0009574712879273775	0.0
-0.0004400019919159227	-0.0009590698006707055	0.0
-0.0004401318573643738	-0.00096092071016298	0.0
-0.0004401318573643738	-0.0009628557519049034	0.0
-0.0004405214537097269	-0.0009650431903957733	0.0
-0.00044104091550353113	-0.0009673147611362922	0.0
-0.00044169024274578637	-0.0009698387286257575	0.0
-0.0004424694354364927	-0.0009724468283648717	0.0
-0.0004436382244725522	-0.0009751390603536346	0.0
-0.00044493687895706273	-0.0009779995568416954	0.0
-0.00044649526433847536	-0.0009809441855794048	0.0
-0.00044818351516833903	-0.0009840570788164122	0.0
-0.0004497419005497517	-0.0009872541043030683	0.0
-0.0004514301513796154	-0.0009905352620393731	0.0
-0.00045311840220947907	-0.0009939005520253267	0.0
-0.00045467678759089175	-0.0009974341065105783	0.0
-0.00045610530752385333	-0.0010010517932454786	0.0
-0.0004575338274568149	-0.0010047536122300277	0.0
-0.00045857275104442335	-0.0010086236957138743	0.0
-0.00045961167463203173	-0.0010124096469480723	0.0
-0.0004605207327711892	-0.001016363862681568	0.0
-0.0004614297909103465	-0.0010203180784150636	0.0
-0.00046220898360105285	-0.001024440558647857	0.0
-0.00046298817629175914	-0.0010284789066310016	0.0
-0.0004638972344309165	-0.0010326855191134436	0.0
-0.00046493615801852496	-0.001036807999346237	0.0
-0.0004659750816061334	-0.0010410146118286791	0.0
-0.00046727373609064393	-0.0010453053565607703	0.0
-0.0004687022560236055	-0.0010495961012928613	0.0
-0.0004701307759565671	-0.0010539709782746013	0.0
-0.0004716891613379797	-0.0010583458552563413	0.0
-0.0004731176812709413	-0.001062720732238081	0.0
-0.0004745462012039029	-0.0010671797414694697	0.0
-0.0004755851247915113	-0.0010716387507008584	0.0
-0.0004764941829306687	-0.001076181892181896	0.0
-0.00047714351017292395	-0.0010807250336629336	0.0
-0.0004774032410698261	-0.0010851840428943223	0.0
-0.00047714351017292395	-0.0010898113166250085	0.0
-0.00047636431748221766	-0.0010943544581060462	0.0
-0.0004753253938946092	-0.0010989817318367325	0.0
-0.0004737670085131966	-0.0011035248733177701	0.0
-0.0004716891613379797	-0.0011081521470484566	0.0
-0.0004692217178174097	-0.0011128635530287918	0.0
-0.00046610494705458445	-0.0011174908267594784	0.0
-0.00046272844539485704	-0.0011222022327398136	0.0
-0.0004589623473897765	-0.0011269136387201488	0.0
-0.00045480665303934274	-0.0011317091769501328	0.0
-0.00045013149689510486	-0.001136588847429766	0.0
-0.0004451966098539648	-0.0011413843856597499	0.0
-0.0004400019919159227	-0.0011464323206386805	0.0
-0.00043428791218407637	-0.0011514802556176111	0.0
-0.00042844396700377895	-0.0011566123228461908	0.0
-0.0004222104254781284	-0.0011619126545740677	0.0
-0.0004154574221586736	-0.0011672971185515938	0.0
-0.00040857455339076776	-0.0011727657147787684	0.0
-0.0004013020882775088	-0.001178402575505241	0.0
-0.0003937698922673477	-0.0011841235684813625	0.0
-0.00038571823446338237	-0.0011900128259567815	0.0
-0.000377406845762515	-0.0011959020834322006	0.0
-0.0003688357261647455	-0.0012019596054069174	0.0
-0.00036000487567007386	-0.0012080171273816341	0.0
-0.00035078442883004903	-0.0012141587816059999	0.0
-0.0003414341165415732	-0.0012204687003296631	0.0
-0.0003319539388046463	-0.0012267786190533264	0.0
-0.00032260362651617046	-0.0012331726700266384	0.0
-0.00031299358333079254	-0.0012396508532495994	0.0
-0.00030351340559386567	-0.001246213168722209	0.0
-0.00029416309330538974	-0.0012527754841948188	0.0
-0.0002848127810169139	-0.0012593377996674288	0.0
-0.00027585206507379123	-0.0012659842473896875	0.0
-0.00026676148368221756	-0.0012725465628622972	0.0
-0.0002576709022906438	-0.0012792771428342046	0.0
-0.00024884005179597214	-0.0012859235905564636	0.0
-0.0002400092013013005	-0.001292654170528371	0.0
-0.00023130821625507995	-0.0012993847505002785	0.0
-0.00022260723120885937	-0.001306031198222537	0.0
-0.00021377638071418776	-0.0013126776459447959	0.0
-0.00020494553021951613	-0.0013192399614174056	0.0
-0.0001963744106217466	-0.0013257181446403666	0.0
-0.00018767342557552604	-0.0013321963278633273	0.0
-0.0001791023059777565	-0.0013385903788366395	0.0
-0.00017040132093153594	-0.001344816165310654	0.0
-0.00016196006678221745	-0.0013510419517846683	0.0
-0.00015364867808135004	-0.001357099473759385	0.0
-0.00014533728938048262	-0.0013631569957341019	0.0
-0.00013715576612806626	-0.001369046253209521	0.0
-0.000129233973772552	-0.0013748513784352912	0.0
-0.0001214420468654888	-0.0013805723714114127	0.0
-0.00011403971630377877	-0.0013861250998882361	0.0
-0.00010689711663897082	-0.0013914254316161135	0.0
-0.000100014247871065	-0.0013966416310943418	0.0
-9.339111000006127e-05	-0.0014016054338236235	0.0
-8.702770302595966e-05	-0.0014063168398039587	0.0
-8.092402694876016e-05	-0.0014107758490353474	0.0
-7.533981266536486e-05	-0.0014149824615177897	0.0
-7.001532927887167e-05	-0.0014187684127519877	0.0
-6.49505767892806e-05	-0.001422386099486888	0.0
-6.027542064504267e-05	-0.0014255831249735441	0.0
-5.5859995397706855e-05	-0.0014285277537112535	0.0
-5.157443559882209e-05	-0.0014310517212007187	0.0
-4.754860669683944e-05	-0.0014332391596915887	0.0
-4.352277779485678e-05	-0.0014350900691838633	0.0
-3.975667978977623e-05	-0.0014365203174278936	0.0
-3.586071633624464e-05	-0.0014375299044236797	0.0
-3.2224483779615145e-05	-0.0014382029624208706	0.0
-2.8588251222985646e-05	-0.0014383712269201683	0.0
-2.48221532179051e-05	-0.0014380346979215729	0.0
-2.1185920661275604e-05	-0.001437361639924382	0.0
-1.7419822656195058e-05	-0.0014361837884292984	0.0
-1.3523859202663458e-05	-0.0014345011434363213	0.0
-9.627895749131857e-06	-0.0014323978371951003	0.0
-5.731932295600256e-06	-0.0014297056052063374	0.0
-1.576237945166548e-06	-0.001426676844218979	0.0
2.7093218537182132e-06	-0.0014232274219833762	0.0
7.124747101054027e-06	-0.0014192732062498809	0.0
1.1929768693743e-05	-0.0014150665937674384	0.0
1.6604924837980926e-05	-0.001410439320036752	0.0
2.1539811879120954e-05	-0.0014055596495571193	0.0
2.660456436871203e-05	-0.001400343450078891	0.0
3.1799182306754164e-05	-0.001394874853851716	0.0
3.7123665693247356e-05	-0.0013890697286259458	0.0
4.231828363128949e-05	-0.001383096338900878	0.0
4.751290156933162e-05	-0.0013768705524268635	0.0
5.2707519507373754e-05	-0.0013704765014535515	0.0
5.764240654851378e-05	-0.0013639141859809417	0.0
6.231756269275171e-05	-0.001357183606009034	0.0
6.673298794008752e-05	-0.0013503688937874776	0.0
7.088868229052123e-05	-0.0013435541815659214	0.0
7.491451119250388e-05	-0.001336655337094716	0.0
7.829101285223127e-05	-0.0013298406248731598	0.0
8.153764906350761e-05	-0.0013230259126516036	0.0
8.439468892943077e-05	-0.001316211200430047	0.0
8.686213245000079e-05	-0.0013094806204581395	0.0
8.893997962521764e-05	-0.001302834172735881	0.0
9.07580959035324e-05	-0.0012961877250136223	0.0
9.218661583649398e-05	-0.0012897095417906614	0.0
9.322553942410241e-05	-0.001283399623066998	0.0
9.413459756325978e-05	-0.0012770897043433347	0.0
9.478392480551505e-05	-0.0012710321823686179	0.0
9.51735211508682e-05	-0.0012649746603939013	0.0
9.556311749622138e-05	-0.001259085402918482	0.0
9.556311749622138e-05	-0.001253364409942361	0.0
9.543325204777032e-05	-0.0012476434169662394	0.0
9.530338659931927e-05	-0.0012420906884894158	0.0
9.478392480551505e-05	-0.00123670622451189	0.0
9.426446301171083e-05	-0.0012314058927840126	0.0
9.361513576945558e-05	-0.0012261896933057842	0.0
9.283594307874925e-05	-0.0012210576260772048	0.0
9.192688493959187e-05	-0.0012159255588486252	0.0
9.088796135198345e-05	-0.0012109617561193436	0.0
8.984903776437501e-05	-0.0012060820856397108	0.0
8.868024872831554e-05	-0.0012012024151600777	0.0
8.738159424380501e-05	-0.0011963227446804448	0.0
8.608293975929448e-05	-0.0011915272064504608	0.0
8.452455437788182e-05	-0.0011867316682204767	0.0
8.309603444492024e-05	-0.0011819361299904925	0.0
8.140778361505655e-05	-0.0011771405917605086	0.0
7.971953278519285e-05	-0.001172513318029822	0.0
7.7641685609976e-05	-0.001167717779799838	0.0
7.56937038832102e-05	-0.0011630063738195028	0.0
7.34859912595423e-05	-0.001158379100088816	0.0
7.101854773897229e-05	-0.001153667694108481	0.0
6.842123876995121e-05	-0.001148956288128146	0.0
6.56940643524791e-05	-0.0011442448821478107	0.0
6.296688993500697e-05	-0.0011395334761674753	0.0
6.01098500690838e-05	-0.0011348220701871401	0.0
5.725281020316063e-05	-0.0011299423997075072	0.0
5.4265904888786395e-05	-0.001125146861477523	0.0
5.127899957441217e-05	-0.0011201830587482414	0.0
4.8421959708489e-05	-0.0011150509915196618	0.0
4.569478529101688e-05	-0.0011098347920414336	0.0
4.322734177044686e-05	-0.0011044503280639075	0.0
4.075989824987685e-05	-0.0010989817318367325	0.0
3.855218562620894e-05	-0.00109334487111026	0.0
3.6863934796345246e-05	-0.0010875397458844898	0.0
3.530554941493261e-05	-0.001081482223909773	0.0
3.439649127577523e-05	-0.0010752564374357588	0.0
3.3877029481971024e-05	-0.0010688623864624465	0.0
3.374716403351997e-05	-0.0010623842032394858	0.0
3.426662582732418e-05	-0.0010557377555172269	0.0
3.517568396648156e-05	-0.0010488389110460217	0.0
3.6863934796345246e-05	-0.0010419400665748167	0.0
3.907164742001316e-05	-0.0010350412221036113	0.0
4.192868728593633e-05	-0.0010280582453827574	0.0
4.517532349721267e-05	-0.0010209911364122543	0.0
4.920115239919531e-05	-0.0010139240274417516	0.0
5.374644309498219e-05	-0.0010070251829705464	0.0
5.8811195584573266e-05	-0.0010001263384993412	0.0
6.439540986796855e-05	-0.0009933957585274338	0.0
7.049908594516807e-05	-0.0009868334430548238	0.0
7.712222381617178e-05	-0.0009804393920815118	0.0
8.426482348097973e-05	-0.0009743818701067951	0.0
9.166715404268977e-05	-0.0009685767448810249	0.0
9.945908094975296e-05	-0.00096310814865385	0.0
0.00010777046965062039	-0.0009578919491756218	0.0
0.00011647145469684096	-0.0009530964109456376	0.0
0.00012543217063996364	-0.0009487215339638978	0.0
0.00013465261747998844	-0.0009446831859807532	0.0
0.00014413279521691534	-0.0009409813669962041	0.0
0.00015387270385074434	-0.0009377843415095481	0.0
0.00016348274703612228	-0.0009349238450214873	0.0
0.00017335252111840233	-0.0009323157452823732	0.0
0.00018309242975223135	-0.0009300441745418544	0.0
0.00019283233838606034	-0.0009280250005502821	0.0
0.0002024423815714383	-0.0009262582233076564	0.0
0.0002117926938599141	-0.0009246597105643284	0.0
0.00022101314069993892	-0.0009233135945699469	0.0
0.0002297141257461595	-0.0009222198753245119	0.0
0.000238285245343929	-0.0009213785528280235	0.0
0.00024633690314789436	-0.000920537230331535	0.0
0.00025399896460650645	-0.0009200324368336421	0.0
0.00026127142971976545	-0.0009194435110861001	0.0
0.0002681542984876713	-0.0009191069820875048	0.0
0.000274647570910224	-0.0009186863208392605	0.0
0.0002807512469874235	-0.0009182656595910163	0.0
0.00028659519216772087	-0.0009179291305924209	0.0
0.00029204954100266515	-0.0009174243370945279	0.0
0.0002972441589407072	-0.0009169195435966348	0.0
0.00030217904598184726	-0.000916246485599444	0.0
0.00030685420212608514	-0.0009154892953526044	0.0
0.00031113976192496994	-0.0009145638406064671	0.0
0.0003152954562754037	-0.0009133859891113834	0.0
0.00031906155428048424	-0.0009121240053666506	0.0
0.0003228276522855648	-0.0009106096248729714	0.0
0.00032620415394529214	-0.0009088428476303458	0.0
0.00032958065560501954	-0.0009069078058884224	0.0
0.00033256756091939375	-0.0009048044996472013	0.0
0.00033529473533686587	-0.0009024487966570336	0.0
0.0003381517752027891	-0.0008998406969179195	0.0
0.000340489353274908	-0.0008971484649291564	0.0
0.00034282693134702697	-0.0008942038361914469	0.0
0.0003447749130737928	-0.0008911750752040886	0.0
0.00034672289480055856	-0.0008881463142167302	0.0
0.00034841114563042224	-0.0008849492887300741	0.0
0.0003498396655633839	-0.0008816681309937693	0.0
0.00035113832004789435	-0.0008783869732574643	0.0
0.00035204737818705174	-0.0008751058155211594	0.0
0.0003528265708777581	-0.0008719087900345034	0.0
0.0003533460326715623	-0.0008687958967974962	0.0
0.00035373562901691547	-0.0008657671358101378	0.0
0.0003538654944653665	-0.0008629066393220771	0.0
0.0003541252253622686	-0.0008602985395829628	0.0
0.0003543849562591707	-0.0008578587043431465	0.0
0.00035451482170762176	-0.0008557553981019254	0.0
0.00035490441805297496	-0.0008537362241103531	0.0
0.0003555537452952302	-0.0008518853146180786	0.0
0.00035620307253748544	-0.0008501185373754529	0.0
0.00035724199612509387	-0.0008485200246321249	0.0
0.0003584107851611534	-0.0008470056441384456	0.0
0.000359969170542566	-0.0008455753958944153	0.0
0.00036152755592397867	-0.0008443134121496826	0.0
0.0003634755376507445	-0.0008429672961553012	0.0
0.00036568325027441236	-0.0008417894446602173	0.0
0.0003682805592434335	-0.0008406115931651334	0.0
0.00037100773366090554	-0.0008395178739196986	0.0
0.00037412450442373085	-0.0008385082869239124	0.0
0.0003775010060834582	-0.0008374986999281263	0.0
0.00038100737319163666	-0.0008364049806826913	0.0
0.0003850332020936193	-0.0008353953936869052	0.0
0.00038918889644405305	-0.0008343016744414702	0.0
0.00039360432169138884	-0.0008332079551960353	0.0
0.00039840934328407777	-0.0008321142359506003	0.0
0.0004033442303252178	-0.0008309363844555165	0.0
0.00040866871371171104	-0.0008298426652100816	0.0
0.00041412306254665527	-0.0008286648137149977	0.0
0.0004199670077269527	-0.000827402829970265	0.0
0.00042581095290725006	-0.0008261408462255324	0.0
0.0004320444944329006	-0.0008248788624807997	0.0
0.00043840790140700224	-0.0008236168787360671	0.0
0.00044503103927800595	-0.0008223548949913344	0.0
0.00045178404259746077	-0.0008210929112466018	0.0
0.00045866691136536657	-0.0008198309275018692	0.0
0.00046554978013327243	-0.0008185689437571364	0.0
0.0004724326489011782	-0.0008173910922620527	0.0
0.000479185652220633	-0.0008160449762676711	0.0
0.00048580879009163676	-0.0008146988602732897	0.0
0.0004924319279626404	-0.0008131844797796105	0.0
0.0004987953349367421	-0.0008116700992859313	0.0
0.0005048990110139416	-0.0008100715865426032	0.0
0.00051087282164269	-0.0008083048092999775	0.0
0.0005165869013745363	-0.000806453899807703	0.0
0.0005219113847610296	-0.0008046029903154284	0.0
0.0005272358681475228	-0.000802667948573505	0.0
0.0005323006206371138	-0.0008008170390812303	0.0
0.0005369757767813518	-0.0007990502618386048	0.0
0.0005417807983740407	-0.0007973676168456279	0.0
0.0005461962236213765	-0.0007957691041022998	0.0
0.0005504817834202613	-0.0007943388558582695	0.0
0.000554767343219146	-0.000792992739863888	0.0
0.0005587931721211287	-0.0007918148883688041	0.0
0.0005628190010231114	-0.000790805301373018	0.0
0.0005665850990281919	-0.0007898798466268807	0.0
0.0005702213315848213	-0.00078920678862969	0.0
0.0005739874295899019	-0.0007887861273814458	0.0
0.0005774937966980804	-0.000788701995131797	0.0
0.0005808702983578078	-0.0007889543918807435	0.0
0.0005842468000175351	-0.0007894591853786364	0.0
0.0005874934362288114	-0.0007903846401247738	0.0
0.0005907400724400879	-0.0007917307561191554	0.0
0.0005937269777544621	-0.0007934134011121322	0.0
0.0005965840176203852	-0.0007954325751037043	0.0
0.0005991813265894063	-0.0007979565425931698	0.0
0.0006016487701099763	-0.0008007329068315816	0.0
0.0006038564827336442	-0.0008038458000685887	0.0
0.0006059343299088611	-0.0008072952223041914	0.0
0.0006077524461871759	-0.0008108287767894428	0.0
0.0006091809661201374	-0.0008146147280236408	0.0
0.000610479620604648	-0.0008185689437571364	0.0
0.0006112588132953543	-0.0008225231594906321	0.0
0.0006119081405376095	-0.0008264773752241278	0.0
0.0006122977368829628	-0.0008305157232072723	0.0
0.0006122977368829628	-0.0008345540711904167	0.0
0.0006120380059860607	-0.0008385924191735612	0.0
0.0006116484096407074	-0.000842546634907057	0.0
0.000610869216950001	-0.0008464167183909037	0.0
0.0006100900242592949	-0.0008501185373754529	0.0
0.0006090511006716864	-0.0008536520918607043	0.0
0.000608012177084078	-0.000857017381846658	0.0
0.0006071031189449205	-0.0008602144073333141	0.0
0.0006061940608057632	-0.0008630749038213748	0.0
0.000605544733563508	-0.0008657671358101378	0.0
0.0006048954063212526	-0.0008682069710499543	0.0
0.0006045058099758996	-0.0008703944095408241	0.0
0.0006042460790789974	-0.0008723294512827475	0.0
0.0006042460790789974	-0.0008740120962757244	0.0
0.0006043759445274485	-0.0008753582122701059	0.0
0.0006047655408728017	-0.0008764519315155409	0.0
0.0006052850026666058	-0.0008772932540120294	0.0
0.0006058044644604101	-0.0008779663120092202	0.0
0.0006065836571511165	-0.0008783869732574643	0.0
0.0006073628498418226	-0.0008786393700064109	0.0
0.0006082719079809801	-0.0008787235022560596	0.0
0.0006093108315685885	-0.0008786393700064109	0.0
0.000610479620604648	-0.0008784711055071132	0.0
0.0006117782750891585	-0.0008781345765085178	0.0
0.0006132067950221201	-0.0008777980475099224	0.0
0.0006146353149550816	-0.0008772932540120294	0.0
0.0006161937003364943	-0.0008767043282644874	0.0
0.000617881951166358	-0.0008761154025169456	0.0
0.0006197000674446727	-0.0008754423445197548	0.0
0.0006215181837229875	-0.0008746010220232664	0.0
0.0006234661654497533	-0.0008738438317764268	0.0
0.0006254141471765192	-0.0008730866415295872	0.0
0.0006273621289032849	-0.0008723294512827475	0.0
0.0006291802451815996	-0.0008714881287862591	0.0
0.0006309983614599144	-0.0008707309385394196	0.0
0.0006328164777382291	-0.0008700578805422288	0.0
0.0006343748631196418	-0.0008693006902953893	0.0
0.0006358033830526033	-0.0008685435000485496	0.0
0.0006368423066402118	-0.0008678704420513589	0.0
0.0006378812302278202	-0.0008671973840541681	0.0
0.0006386604229185266	-0.0008664401938073285	0.0
0.0006390500192638797	-0.0008657671358101378	0.0
0.0006394396156092328	-0.0008650099455632982	0.0
0.0006395694810576839	-0.0008643368875661074	0.0
0.0006394396156092328	-0.0008636638295689167	0.0
0.0006393097501607818	-0.0008629066393220771	0.0
0.0006389201538154287	-0.0008623177135745351	0.0
0.0006386604229185266	-0.0008616446555773444	0.0
0.0006381409611247223	-0.0008609715975801536	0.0
0.0006378812302278202	-0.0008603826718326118	0.0
0.0006376214993309181	-0.0008597937460850699	0.0
0.0006373617684340161	-0.0008592889525871767	0.0
0.0006372319029855649	-0.0008587000268396349	0.0
0.0006369721720886628	-0.0008581952333417418	0.0
0.0006369721720886628	-0.0008576904398438488	0.0
0.0006369721720886628	-0.0008571856463459557	0.0
0.0006369721720886628	-0.0008566808528480626	0.0
0.0006369721720886628	-0.0008561760593501696	0.0
0.0006369721720886628	-0.0008556712658522765	0.0
0.0006369721720886628	-0.0008550823401047346	0.0
0.0006369721720886628	-0.0008544934143571928	0.0
0.0006369721720886628	-0.0008539886208592996	0.0
0.0006371020375371139	-0.0008533996951117578	0.0
0.0006369721720886628	-0.000852726637114567	0.0
0.0006371020375371139	-0.0008520535791173762	0.0
0.0006371020375371139	-0.0008513805211201855	0.0
0.0006373617684340161	-0.0008506233308733459	0.0
0.0006376214993309181	-0.0008498661406265063	0.0
0.0006378812302278202	-0.0008490248181300178	0.0
0.0006384006920216245	-0.0008481834956335295	0.0
0.0006387902883669776	-0.0008472580408873921	0.0
0.0006395694810576839	-0.0008462484538916061	0.0
0.0006403486737483902	-0.00084523886689582	0.0
0.0006412577318875476	-0.0008442292799000339	0.0
0.000642296655475156	-0.00084305142840495	0.0
0.0006434654445112155	-0.000841957709159515	0.0
0.000644764098995726	-0.00084086398991408	0.0
0.0006460627534802366	-0.000839770270668645	0.0
0.0006474912734131982	-0.0008385924191735612	0.0
0.0006490496587946108	-0.0008374986999281263	0.0
0.0006506080441760235	-0.0008364049806826913	0.0
0.0006521664295574361	-0.0008353112614372563	0.0
0.0006538546803872998	-0.0008343016744414702	0.0
0.0006552832003202613	-0.0008332920874456841	0.0
0.0006568415857016739	-0.0008323666326995468	0.0
0.0006585298365315378	-0.0008314411779534095	0.0
0.0006602180873614014	-0.000830599855456921	0.0
0.000661646607294363	-0.0008297585329604327	0.0
0.0006632049926757756	-0.0008290013427135931	0.0
0.0006647633780571883	-0.0008282441524667534	0.0
0.0006661918979901499	-0.0008275710944695627	0.0
0.0006676204179231114	-0.0008269821687220208	0.0
0.0006691788033045241	-0.0008264773752241278	0.0
0.0006706073232374856	-0.0008259725817262347	0.0
0.0006720358431704473	-0.0008254677882283416	0.0
0.0006734643631034089	-0.0008250471269800974	0.0
0.0006750227484848215	-0.0008247105979815021	0.0
0.0006765811338662341	-0.0008242899367332578	0.0
0.0006782693846960978	-0.0008239534077346624	0.0
0.0006799576355259614	-0.0008236168787360671	0.0
0.0006817757518042763	-0.0008233644819871205	0.0
0.000683723733531042	-0.000823112085238174	0.0
0.0006859314461547099	-0.0008228596884892274	0.0
0.00068839888967528	-0.0008226914239899298	0.0
0.0006907364677473989	-0.0008225231594906321	0.0
0.0006933337767164201	-0.0008224390272409833	0.0
0.0006963206820307942	-0.0008222707627416855	0.0
0.0006991777218967174	-0.0008221866304920367	0.0
0.0007022944926595427	-0.0008221024982423879	0.0
0.000705541128870819	-0.0008221024982423879	0.0
0.0007087877650820953	-0.0008221024982423879	0.0
0.0007120344012933717	-0.0008221866304920367	0.0
0.0007150213066077458	-0.0008221866304920367	0.0
0.0007180082119221202	-0.0008222707627416855	0.0
0.0007208652517880433	-0.0008223548949913344	0.0
0.0007235924262055154	-0.0008225231594906321	0.0
0.0007259300042776344	-0.0008227755562395787	0.0
0.0007281377169013022	-0.0008230279529885252	0.0
0.000730085698628068	-0.0008233644819871205	0.0
0.0007319038149063828	-0.000823701010985716	0.0
0.0007333323348393445	-0.0008242899367332578	0.0
0.0007346309893238549	-0.0008247947302311509	0.0
0.0007356699129114634	-0.0008254677882283416	0.0
0.0007367088364990718	-0.0008262249784751812	0.0
0.0007374880291897782	-0.0008270663009716697	0.0
0.0007381373564320333	-0.0008279917557178069	0.0
0.0007386568182258376	-0.0008290854749632419	0.0
0.0007391762800196418	-0.0008301791942086769	0.0
0.000739565876364995	-0.0008314411779534095	0.0
0.0007398256072618971	-0.0008327872939477911	0.0
0.0007400853381587992	-0.0008342175421918213	0.0
0.0007400853381587992	-0.0008359001871847982	0.0
0.0007400853381587992	-0.0008374986999281263	0.0
0.0007399554727103481	-0.000839265477170752	0.0
0.000739565876364995	-0.0008411163866630266	0.0
0.000739306145468093	-0.00084305142840495	0.0
0.0007386568182258376	-0.0008449864701468733	0.0
0.0007380074909835823	-0.0008470056441384456	0.0
0.0007372282982928761	-0.0008491089503796668	0.0
0.0007364491056021697	-0.0008511281243712389	0.0
0.0007355400474630124	-0.0008533155628621089	0.0
0.0007346309893238549	-0.0008553347368536812	0.0
0.0007337219311846976	-0.0008575221753445512	0.0
0.0007328128730455403	-0.0008596254815857722	0.0
0.0007319038149063828	-0.0008617287878269933	0.0
0.0007311246222156765	-0.0008637479618185655	0.0
0.0007302155640765191	-0.0008657671358101378	0.0
0.0007294363713858129	-0.0008677863098017101	0.0
0.0007287870441435576	-0.0008696372192939847	0.0
0.0007280078514528512	-0.0008714881287862591	0.0
0.000727358524210596	-0.000873170773779236	0.0
0.0007268390624167917	-0.0008749375510218618	0.0
0.0007261897351745365	-0.0008764519315155409	0.0
0.0007255404079322813	-0.000878050444258869	0.0
0.0007247612152415749	-0.0008793965602532504	0.0
0.0007241118879993197	-0.0008807426762476319	0.0
0.0007232028298601623	-0.0008820046599923647	0.0
0.0007222937717210049	-0.0008831825114874485	0.0
0.0007211249826849454	-0.0008841920984832346	0.0
0.000719956193648886	-0.0008852858177286696	0.0
0.0007187874046128265	-0.0008862112724748069	0.0
0.000717488750128316	-0.0008870525949712951	0.0
0.0007163199610922565	-0.0008878939174677837	0.0
0.0007148914411592948	-0.0008887352399642721	0.0
0.0007135927866747843	-0.0008894082979614629	0.0
0.0007122941321902738	-0.0008899972237090048	0.0
0.0007108656122573122	-0.0008905861494565467	0.0
0.0007093072268758995	-0.0008910909429544397	0.0
0.000707748841494487	-0.0008914274719530351	0.0
0.0007061904561130743	-0.0008917640009516305	0.0
0.0007043723398347596	-0.000892016397700577	0.0
0.0007024243581079938	-0.0008921846621998747	0.0
0.0007003465109327769	-0.0008923529266991725	0.0
0.000698138798309109	-0.0008924370589488212	0.0
0.00069580122023699	-0.0008924370589488212	0.0
0.000693203911267969	-0.0008923529266991725	0.0
0.0006904767368504968	-0.0008922687944495236	0.0
0.0006876196969845736	-0.0008921005299502258	0.0
0.0006845029262217484	-0.0008918481332012793	0.0
0.0006813861554589232	-0.0008915957364523328	0.0
0.0006781395192476467	-0.0008911750752040886	0.0
0.0006747630175879194	-0.0008906702817061956	0.0
0.0006712566504797409	-0.0008899972237090048	0.0
0.0006677502833715625	-0.0008892400334621652	0.0
0.000664114050814933	-0.0008883987109656767	0.0
0.0006603479528098525	-0.0008873891239698906	0.0
0.0006565818548047719	-0.0008862112724748069	0.0
0.0006525560259027892	-0.0008848651564804253	0.0
0.0006486600624492577	-0.0008834349082363949	0.0
0.0006445043680988239	-0.000881752263243418	0.0
0.0006404785391968412	-0.0008799013537511436	0.0
0.0006363228448464076	-0.0008777980475099224	0.0
0.0006321671504959739	-0.0008755264767694036	0.0
0.0006280114561455401	-0.0008729183770302896	0.0
0.0006239856272435575	-0.0008700578805422288	0.0
0.0006199597983415749	-0.0008668608550555728	0.0
0.0006159339694395922	-0.0008633273005703212	0.0
0.0006119081405376095	-0.0008595413493361234	0.0
0.0006078823116356269	-0.00085541886910333	0.0
0.0006038564827336442	-0.0008509598598719412	0.0
0.0005997007883832105	-0.0008462484538916061	0.0
0.0005956749594812279	-0.0008412005189126755	0.0
0.0005913893996823431	-0.0008358160549351495	0.0
0.0005871038398834584	-0.0008300950619590281	0.0
0.0005826884146361226	-0.0008240375399843113	0.0
0.0005782729893887867	-0.0008176434890109992	0.0
0.0005734679677960977	-0.0008109129090390916	0.0
0.0005687928116518598	-0.00080376166781894	0.0
0.0005637280591622687	-0.0007963580298498417	0.0
0.0005585334412242267	-0.0007885337306324992	0.0
0.0005530790923892824	-0.0007803729024165615	0.0
0.0005474948781058871	-0.000771959677451677	0.0
0.0005415210674771386	-0.0007631257912385484	0.0
0.0005352875259514882	-0.0007540395082764733	0.0
0.0005287942535289354	-0.0007447008285654517	0.0
0.0005221711156579317	-0.0007351097521054834	0.0
0.0005151583814415748	-0.0007253504111462176	0.0
0.0005077560508798647	-0.0007153386734380052	0.0
0.0005000939894212526	-0.0007052428034801439	0.0
0.0004923020625141894	-0.0006948945367733361	0.0
0.00048412053926177303	-0.0006844621378168795	0.0
0.00047567928511245454	-0.0006738614743611252	0.0
0.00046697830006623396	-0.000663176678655722	0.0
0.0004581474495715623	-0.0006522394862013724	0.0
0.0004489270027315376	-0.0006413022937470228	0.0
0.0004397065558915128	-0.000630365101292673	0.0
0.000430486109051488	-0.0006193437765886745	0.0
0.0004210059313145611	-0.0006082383196350271	0.0
0.0004116556190260853	-0.0005972169949310285	0.0
0.0004023053067376094	-0.00058619567022703	0.0
0.0003928251290006825	-0.0005752584777726804	0.0
0.0003833449512637556	-0.0005643212853183307	0.0
0.00037386477352682876	-0.0005535523573632787	0.0
0.00036438459578990183	-0.0005427834294082267	0.0
0.00035490441805297496	-0.0005322668982021213	0.0
0.00034542424031604803	-0.0005216662347463668	0.0
0.00033581419713067006	-0.0005114021002892079	0.0
0.00032646388484219423	-0.0005010538335824002	0.0
0.0003168538416568163	-0.0004910420958741878	0.0
0.00030724379847143834	-0.0004811144904156242	0.0
0.0002975038898376093	-0.0004713551494563584	0.0
0.00028750425030687826	-0.00046176407299639016	0.0
0.00027750461077614714	-0.0004524253932853685	0.0
0.0002673751057969649	-0.00044333911032329337	0.0
0.00025711573536933176	-0.0004345052241101648	0.0
0.00024659663404479645	-0.0004259237346459827	0.0
0.000235817801823359	-0.0004175946419307472	0.0
0.00022490910415347051	-0.0004095179459644582	0.0
0.0002136108101382289	-0.0004016095144974669	0.0
0.0002024423815714383	-0.00039403761202907095	0.0
0.00019088435665929454	-0.00038663397405997276	0.0
0.0001793263317471508	-0.0003793986005901722	0.0
0.00016763844138655598	-0.0003723314916196693	0.0
0.000155560954680608	-0.0003652643826491664	0.0
0.00014361333342311112	-0.00035836553817796126	0.0
0.00013127611582026106	-0.00035155082595640484	0.0
0.00011906876366586203	-0.0003447361137348485	0.0
0.00010673154606301195	-0.0003379214015132922	0.0
9.413459756325978e-05	-0.00033127495379103357	0.0
8.153764906350761e-05	-0.00032454437381912606	0.0
6.894070056375543e-05	-0.00031781379384721855	0.0
5.62138866155522e-05	-0.0003109990816256622	0.0
4.3616938115800025e-05	-0.0003040161049048082	0.0
3.0890124167596795e-05	-0.00029703312818395416	0.0
1.8293175667844616e-05	-0.0002897977547141536	0.0
5.69622716809244e-06	-0.00028239411674505535	0.0
-6.770855883208683e-06	-0.0002748222142766594	0.0
-1.910807348605875e-05	-0.0002671661795586146	0.0
-3.131542564045777e-05	-0.00025934188034127217	0.0
-4.352277779485678e-05	-0.0002514334488742808	0.0
-5.54703990523537e-05	-0.00024352501740728953	0.0
-6.728815486139955e-05	-0.00023544832144100053	0.0
-7.88461797735433e-05	-0.00022745575772436036	0.0
-9.014447378878495e-05	-0.00021946319400772022	0.0
-0.00010131290235557552	-0.0002115547625407289	0.0
-0.00011222160002546402	-0.00020373046332338644	0.0
-0.00012300043224690145	-0.00019607442860534167	0.0
-0.00013364939901988783	-0.0001884183938872969	0.0
-0.00014390876944752104	-0.00018084649141890096	0.0
-0.00015416813987515423	-0.00017344285344980272	0.0
-0.0001642976448543364	-0.00016612334773035328	0.0
-0.00017442714983351856	-0.0001588038420109039	0.0
-0.00018455665481270073	-0.00015165260079075217	0.0
-0.00019481602524033397	-0.0001445854918202493	0.0
-0.00020507539566796718	-0.00013760251509939528	0.0
-0.0002155944969925025	-0.00013070367062819008	0.0
-0.00022650319466239097	-0.0001238048261569849	0.0
-0.0002375417577807305	-0.00011699011393542855	0.0
-0.0002487101863475211	-0.0001101754017138722	0.0
-0.0002601383458112138	-0.00010336068949231586	0.0
-0.00027195610162025963	-9.646184502111069e-05	0.0
-0.00028377385742930553	-8.956300054990551e-05	0.0
-0.0002958513441352535	-8.266415607870032e-05	0.0
-0.00030792883084120146	-7.568117935784628e-05	0.0
-0.00032013618299560044	-6.86140703873434e-05	0.0
-0.00033221366970154843	-6.154696141684053e-05	0.0
-0.00034429115640749637	-5.4395720196688816e-05	0.0
-0.0003562387776649933	-4.716034672688826e-05	0.0
-0.00036805653347403916	-3.9924973257087694e-05	0.0
-0.00037974442383463395	-3.2521335287989446e-05	0.0
-0.00039117258329832665	-2.5117697318891198e-05	0.0
-0.0004024708773135683	-1.754579485049526e-05	0.0
-0.0004135094404319078	-9.889760132450481e-06	0.0
-0.0004244181381017963	-2.2337254144057e-06	0.0
-0.0004349372394263316	5.42230930363908e-06	0.0
-0.0004451966098539648	1.3162476271332702e-05	0.0
-0.00045519624938469594	2.0902643239026324e-05	0.0
-0.000465066023466976	2.872694245636879e-05	0.0
-0.0004745462012039029	3.646710942406242e-05	0.0
-0.00048363678259547667	4.429140864140489e-05	0.0
-0.0004924676330901482	5.211570785874735e-05	0.0
-0.0005011686181363688	5.994000707608982e-05	0.0
-0.0005093501413887852	6.776430629343229e-05	0.0
-0.0005172719337442995	7.558860551077476e-05	0.0
-0.0005249339952029116	8.349703697776607e-05	0.0
-0.0005320765948677196	9.132133619510854e-05	0.0
-0.0005390893290840764	9.922976766209984e-05	0.0
-0.0005455826015066291	0.00010713819912909116	0.0
-0.0005518161430322797	0.00011496249834643362	0.0
-0.0005577899536610281	0.0001227867975637761	0.0
-0.0005631144370475213	0.0001305269645314697	0.0
-0.0005683090549855634	0.00013826713149916333	0.0
-0.0005731140765782524	0.00014600729846685694	0.0
-0.0005773996363771372	0.0001535792009352529	0.0
-0.0005815553307275709	0.00016106697115399998	0.0
-0.0005850616978357494	0.00016863887362239592	0.0
-0.0005884381994954767	0.00017595837934184533	0.0
-0.0005914251048098509	0.00018319375281164587	0.0
-0.000594022413778872	0.00019042912628144647	0.0
-0.000596359991850991	0.00019749623525194932	0.0
-0.0005984378390262078	0.00020439507972315452	0.0
-0.0006001260898560716	0.00021120979194471086	0.0
-0.0006015546097890331	0.0002178562396669695	0.0
-0.0006025935333766415	0.00022433442288993048	0.0
-0.0006033727260673479	0.00023056020936394492	0.0
-0.0006040220533096031	0.00023661773133866167	0.0
-0.0006044116496549564	0.00024242285656443188	0.0
-0.0006042817842065053	0.0002480597172909044	0.0
-0.0006041519187580542	0.0002534441812684304	0.0
-0.0006038921878611521	0.0002585762484970099	0.0
-0.0006032428606188968	0.00026345591897664283	0.0
-0.0006024636679281905	0.00026816732495697803	0.0
-0.0006015546097890331	0.0002726263341883668	0.0
-0.0006003858207529737	0.0002769170789204578	0.0
-0.0005990871662684631	0.00028087129465395345	0.0
-0.0005976586463355014	0.0002847413781378003	0.0
-0.0005961002609540889	0.0002883590648727006	0.0
-0.0005944120101242251	0.00029180848710830314	0.0
-0.0005928536247428126	0.00029500551259495925	0.0
-0.0005912952393613999	0.00029811840583196644	0.0
-0.0005897368539799872	0.0003009789023200271	0.0
-0.0005881784685985746	0.0003036711343087901	0.0
-0.0005867499486656131	0.0003062792340479043	0.0
-0.0005853214287326514	0.0003086349370380719	0.0
-0.0005841526396965919	0.0003109065077785907	0.0
-0.0005829838506605325	0.00031309394626946065	0.0
-0.000581815061624473	0.00031511312026103285	0.0
-0.0005807761380368646	0.0003170481620029563	0.0
-0.0005797372144492561	0.00031873080699593316	0.0
-0.0005786982908616477	0.00032041345198891003	0.0
-0.0005777892327224903	0.0003219278324825892	0.0
-0.000576880174583333	0.00032335808072661955	0.0
-0.0005758412509957245	0.0003246200644713522	0.0
-0.0005748023274081162	0.00032571378371678715	0.0
-0.0005740231347174098	0.0003267233707125733	0.0
-0.0005731140765782524	0.00032748056095941293	0.0
-0.000572205018439095	0.0003281536189566036	0.0
-0.0005712959602999376	0.00032874254470414554	0.0
-0.0005705167676092314	0.00032907907370274093	0.0
-0.0005697375749185251	0.0003293314704516874	0.0
-0.0005690882476762697	0.0003294156027013363	0.0
-0.0005684389204340145	0.0003294156027013363	0.0
-0.0005679194586402102	0.0003293314704516874	0.0
-0.0005673999968464061	0.00032907907370274093	0.0
-0.0005668805350526018	0.0003286584124544967	0.0
-0.0005664909387072487	0.00032823775120625247	0.0
-0.0005661013423618955	0.0003277329577083594	0.0
-0.0005658416114649934	0.00032705989971116867	0.0
-0.0005654520151196403	0.0003264709739636268	0.0
-0.0005653221496711892	0.00032579791596643607	0.0
-0.0005649325533258361	0.0003250407257195964	0.0
-0.0005649325533258361	0.0003243676677224057	0.0
-0.0005646728224289339	0.0003237787419748638	0.0
-0.0005645429569804828	0.00032318981622732183	0.0
-0.0005646728224289339	0.00032268502272942876	0.0
-0.0005646728224289339	0.0003224326259804823	0.0
-0.0005649325533258361	0.00032218022923153575	0.0
-0.0005650624187742871	0.00032218022923153575	0.0
-0.0005654520151196403	0.0003222643614811846	0.0
-0.0005658416114649934	0.00032260089047977996	0.0
-0.0005663610732587976	0.00032302155172802416	0.0
-0.000567010400501053	0.0003236104774755661	0.0
-0.0005676597277433082	0.0003243676677224057	0.0
-0.0005681791895371124	0.000325293122468543	0.0
-0.0005686986513309166	0.0003262185772146802	0.0
-0.0005690882476762697	0.00032731229646011526	0.0
-0.000569477844021623	0.000328490147955199	0.0
-0.000569867440366976	0.0003296679994502828	0.0
-0.0005701271712638781	0.0003309299831950155	0.0
-0.0005701271712638781	0.0003321919669397481	0.0
-0.0005699973058154271	0.00033353808293412965	0.0
-0.000569867440366976	0.0003348841989285111	0.0
-0.000569607709470074	0.00033623031492289264	0.0
-0.000569477844021623	0.00033757643091727416	0.0
-0.0005690882476762697	0.00033875428241235796	0.0
-0.0005688285167793676	0.0003400162661570906	0.0
-0.0005685687858824655	0.0003410258531528767	0.0
-0.0005684389204340145	0.0003421195723983117	0.0
-0.0005683090549855634	0.00034304502714444895	0.0
-0.0005683090549855634	0.0003439704818905863	0.0
-0.0005683090549855634	0.00034481180438707473	0.0
-0.0005684389204340145	0.0003455689946339143	0.0
-0.0005685687858824655	0.000346242052631105	0.0
-0.0005688285167793676	0.0003469151106282958	0.0
-0.0005689583822278187	0.0003475040363758377	0.0
-0.0005690882476762697	0.0003480088298737308	0.0
-0.0005692181131247209	0.00034851362337162385	0.0
-0.0005692181131247209	0.00034893428461986806	0.0
-0.0005690882476762697	0.0003494390781177611	0.0
-0.0005688285167793676	0.00034977560711635646	0.0
-0.0005683090549855634	0.0003501962683646007	0.0
-0.0005679194586402102	0.0003506169296128449	0.0
-0.000567140265949504	0.0003510375908610892	0.0
-0.0005663610732587976	0.0003514582521093334	0.0
-0.0005654520151196403	0.00035196304560722644	0.0
-0.0005644130915320318	0.00035238370685547064	0.0
-0.0005632443024959724	0.00035280436810371485	0.0
-0.0005619456480114619	0.0003532250293519591	0.0
-0.0005605171280785002	0.0003536456906002033	0.0
-0.0005589587426970876	0.00035398221959879865	0.0
-0.0005572704918672239	0.00035431874859739404	0.0
-0.0005555822410373602	0.00035457114534634057	0.0
-0.0005536342593105944	0.00035473940984563824	0.0
-0.0005516862775838287	0.0003548235420952871	0.0
-0.0005496084304086118	0.0003548235420952871	0.0
-0.0005475305832333949	0.00035473940984563824	0.0
-0.000545322870609727	0.0003544870130966917	0.0
-0.0005431151579860591	0.00035415048409809637	0.0
-0.0005407775799139402	0.0003537298228498521	0.0
-0.0005385698672902723	0.00035314089710231024	0.0
-0.0005362322892181532	0.00035238370685547064	0.0
-0.0005340245765944853	0.0003514582521093334	0.0
-0.0005316869985223663	0.00035044866511354725	0.0
-0.0005294792858986984	0.0003492708136184634	0.0
-0.0005271417078265795	0.0003480088298737308	0.0
-0.0005249339952029116	0.00034666271387934927	0.0
-0.0005228561480276947	0.0003452324656353189	0.0
-0.0005207783008524779	0.0003438022173912886	0.0
-0.0005188303191257121	0.0003422878368976094	0.0
-0.0005168823373989463	0.0003407734564039302	0.0
-0.0005149343556721805	0.0003390908114109533	0.0
-0.0005132461048423168	0.00033757643091727416	0.0
-0.0005114279885640021	0.0003359779181739461	0.0
-0.0005098696031825894	0.0003344635376802669	0.0
-0.0005081813523527258	0.0003329491571865878	0.0
-0.000506622966971313	0.0003315189089425574	0.0
-0.0005049347161414494	0.00033017279294817587	0.0
-0.0005033763307600367	0.00032874254470414554	0.0
-0.0005016880799301731	0.00032748056095941293	0.0
-0.0005001296945487605	0.0003262185772146802	0.0
-0.0004983115782704456	0.0003250407257195964	0.0
-0.0004964934619921309	0.0003238628742245126	0.0
-0.0004945454802653651	0.0003227691549790777	0.0
-0.0004925974985385993	0.0003216754357336427	0.0
-0.0004905196513633824	0.00032066584873785656	0.0
-0.0004883119387397146	0.00031965626174207043	0.0
-0.0004859743606675956	0.0003186466747462843	0.0
-0.00048363678259547667	0.00031772122000014704	0.0
-0.0004811693390749066	0.0003167957652540097	0.0
-0.0004785720301058856	0.0003157861782582236	0.0
-0.00047597472113686446	0.0003148607235120863	0.0
-0.0004733774121678434	0.0003138511365163002	0.0
-0.00047052037230192024	0.00031284154952051406	0.0
-0.0004677931978844481	0.0003117478302750791	0.0
-0.000465066023466976	0.0003105699787799953	0.0
-0.0004623388490495039	0.00030939212728491153	0.0
-0.00045948180918358074	0.0003081301435401788	0.0
-0.0004566247693176576	0.0003066998952961485	0.0
-0.0004538975949001854	0.00030526964705211815	0.0
-0.0004511704204827133	0.00030375526655843896	0.0
-0.0004484432460652412	0.00030224088606475977	0.0
-0.00044571607164776907	0.00030064237332143176	0.0
-0.0004428590317818459	0.00029887559607880604	0.0
-0.00044026172281282484	0.0002971088188361803	0.0
-0.0004375345483953527	0.0002952579093439057	0.0
-0.00043506710487478266	0.00029332286760198233	0.0
-0.00043246979590576165	0.0002913878258600589	0.0
-0.00042987248693674053	0.00028936865186848673	0.0
-0.0004274050434161705	0.00028726534562726556	0.0
-0.0004249375998956005	0.00028507790713639563	0.0
-0.0004226000218234816	0.0002828063363958769	0.0
-0.0004201325783029115	0.00028061889790500697	0.0
-0.00041766513478234154	0.0002782631949148393	0.0
-0.0004151976912617715	0.00027590749192467166	0.0
-0.0004126003822927504	0.00027355178893450407	0.0
-0.0004100030733237294	0.0002711119536946876	0.0
-0.0004072758989062573	0.0002686721184548711	0.0
-0.00040454872448878517	0.00026623228321505463	0.0
-0.000401821550071313	0.00026379244797523823	0.0
-0.00039896451020538984	0.0002612684804857729	0.0
-0.0003958477394425646	0.0002586603807466587	0.0
-0.0003927309686797393	0.0002561364132571934	0.0
-0.000389614197916914	0.0002536124457677281	0.0
-0.00038610783080873556	0.00025100434602861395	0.0
-0.00038273132914900816	0.00024839624628949977	0.0
-0.00037922496204082976	0.00024578814655038564	0.0
-0.00037558872948420026	0.00024318004681127148	0.0
-0.00037195249692757075	0.00024065607932180616	0.0
-0.00036818639892249015	0.000238047979582692	0.0
-0.00036429043546895855	0.00023552401209322668	0.0
-0.000360394472015427	0.00023300004460376136	0.0
-0.0003562387776649933	0.00023056020936394492	0.0
-0.0003522129487630106	0.0002280362418744796	0.0
-0.0003480572544125769	0.00022568053888431198	0.0
-0.00034390156006214323	0.0002232407036444955	0.0
-0.00033961600026325843	0.00022088500065432787	0.0
-0.00033533044046437374	0.0002186134299138091	0.0
-0.00033091501521703785	0.00021625772692364148	0.0
-0.00032662945541815316	0.0002139861561831227	0.0
-0.00032234389561926836	0.00021163045319295506	0.0
-0.00031779860492348153	0.00020944301470208514	0.0
-0.00031351304512459673	0.00020725557621121518	0.0
-0.00030909761987726094	0.00020506813772034528	0.0
-0.00030481206007837615	0.00020288069922947533	0.0
-0.00030039663483104036	0.00020086152523790307	0.0
-0.00029611107503215556	0.00019875821899668198	0.0
-0.0002918255152332708	0.00019665491275546089	0.0
-0.00028766982088283713	0.0001945516065142398	0.0
-0.0002835141265324034	0.0001924483002730187	0.0
-0.0002794882976304208	0.0001903449940317976	0.0
-0.00027533260327998704	0.00018815755554092768	0.0
-0.0002713067743780044	0.00018605424929970656	0.0
-0.0002674108109244728	0.00018386681080883663	0.0
-0.0002633849820224901	0.00018167937231796668	0.0
-0.00025961888401740955	0.00017940780157744794	0.0
-0.00025585278601232905	0.000177220363086578	0.0
-0.0002520866880072485	0.0001749487923460592	0.0
-0.000248450455450619	0.00017276135385518927	0.0
-0.0002448142228939895	0.00017057391536431932	0.0
-0.00024130785578581104	0.00016830234462380053	0.0
-0.00023780148867763262	0.00016611490613293063	0.0
-0.0002342951215694542	0.00016392746764206067	0.0
-0.00023104848535817786	0.00016165589690154188	0.0
-0.00022767198369845045	0.00015946845841067196	0.0
-0.00022455521293562517	0.00015719688767015317	0.0
-0.0002214384421727999	0.00015500944917928324	0.0
-0.0002183216714099746	0.00015273787843876448	0.0
-0.00021520490064714934	0.00015046630769824569	0.0
-0.00021208812988432406	0.0001481947369577269	0.0
-0.00020910122456994982	0.0001459231662172081	0.0
-0.00020624418470402664	0.00014365159547668932	0.0
-0.00020338714483810348	0.00014146415698581942	0.0
-0.00020040023952372924	0.00013919258624530063	0.0
-0.00019754319965780608	0.00013700514775443067	0.0
-0.00019455629434343187	0.00013490184151320958	0.0
-0.00019169925447750865	0.00013271440302233965	0.0
-0.0001888422146115855	0.00013061109678111853	0.0
-0.00018585530929721128	0.00012842365829024863	0.0
-0.00018286840398283705	0.00012632035204902754	0.0
-0.0001798814986684628	0.00012413291355815759	0.0
-0.00017676472790563753	0.00012194547506728764	0.0
-0.00017390768803971434	0.00011975803657641772	0.0
-0.00017066105182843804	0.00011748646583589893	0.0
-0.00016754428106561275	0.00011538315959467784	0.0
-0.00016442751030278747	0.00011319572110380791	0.0
-0.00016118087409151114	0.00011100828261293797	0.0
-0.0001579342378802348	0.00010890497637171687	0.0
-0.00015455773622050743	0.00010680167013049578	0.0
-0.00015118123456078002	0.00010469836388927469	0.0
-0.0001476748674526016	0.00010267918989770243	0.0
-0.00014416850034442314	0.00010057588365648135	0.0
-0.00014053226778779366	9.85567096649091e-05	0.0
-0.00013689603523116414	9.6453403423688e-05	0.0
-0.00013325980267453466	9.435009718246691e-05	0.0
-0.00012962357011790516	9.216265869159697e-05	0.0
-0.0001258574721128246	8.997522020072703e-05	0.0
-0.00012209137410774406	8.77877817098571e-05	0.0
-0.00011832527610266352	8.560034321898716e-05	0.0
-0.00011442931264913192	8.332877247846837e-05	0.0
-0.00011066321464405137	8.114133398759844e-05	0.0
-0.00010676725119051978	7.903802774637735e-05	0.0
-0.00010313101863389027	7.693472150515624e-05	0.0
-9.923505518035868e-05	7.483141526393517e-05	0.0
-9.559882262372919e-05	7.272810902271407e-05	0.0
-9.183272461864864e-05	7.062480278149297e-05	0.0
-8.832635751047018e-05	6.852149654027189e-05	0.0
-8.469012495384071e-05	6.641819029905078e-05	0.0
-8.118375784566225e-05	6.423075180818084e-05	0.0
-7.780725618593487e-05	6.204331331731091e-05	0.0
-7.443075452620748e-05	5.977174257679213e-05	0.0
-7.118411831493115e-05	5.7416039586624506e-05	0.0
-6.819721300055693e-05	5.506033659645688e-05	0.0
-6.508044223773164e-05	5.27887658559381e-05	0.0
-6.222340237180847e-05	5.051719511541932e-05	0.0
-5.9366362505885295e-05	4.824562437490054e-05	0.0
-5.6639188088413176e-05	4.60581858840306e-05	0.0
-5.4171744567843165e-05	4.395487964280951e-05	0.0
-5.170430104727315e-05	4.185157340158842e-05	0.0
-4.936672297515419e-05	3.983239941001616e-05	0.0
-4.715901035148628e-05	3.781322541844392e-05	0.0
-4.508116317626942e-05	3.5625786927573985e-05	0.0
-4.300331600105257e-05	3.3438348436704044e-05	0.0
-4.131506517118887e-05	3.108264544653642e-05	0.0
-3.9496948892874136e-05	2.872694245636879e-05	0.0
-3.780869806301044e-05	2.6202974966903483e-05	0.0
-3.612044723314674e-05	2.3594875227789326e-05	0.0
-3.456206185173411e-05	2.1070907738324015e-05	0.0
-3.3133541918772514e-05	1.8546940248858703e-05	0.0
-3.183488743426198e-05	1.6191237258691075e-05	0.0
-3.0406367501300394e-05	1.4087931017469984e-05	0.0
-2.9237578465240916e-05	1.2152889275546579e-05	0.0
-2.793892398073038e-05	1.0722641031516234e-05	0.0
-2.6770134944670902e-05	9.460657286783578e-06	0.0
-2.560134590861142e-05	8.703467039943985e-06	0.0
-2.443255687255194e-05	8.198673542050923e-06	0.0
-2.326376783649246e-05	7.946276793104392e-06	0.0
-2.209497880043298e-05	7.862144543455547e-06	0.0
-2.0926189764373502e-05	7.862144543455547e-06	0.0
-1.9757400728314017e-05	7.862144543455547e-06	0.0
-1.871847714070559e-05	7.778012293806704e-06	0.0
-1.7419822656195058e-05	7.525615544860173e-06	0.0
-1.6251033620135576e-05	7.189086546264798e-06	0.0
