LNEC Test File eXtractor

File: rinaldi_costape10_time_0.DRV

Created in: 2026-04-28 18:02:08.899205

Number of channels: 3

Name:	DispT	DispL	DispV
Type:	Displacement	Displacement	Displacement
Unit:	m	m	m
No. of Samples:	3001	3001	3001
Time step [s]:	0.005	0.005	0.005
Trigger date:	1970-01-01	1970-01-01	1970-01-01
Trigger time:	00:00:00.000000	00:00:00.000000	00:00:00.000000
Duration [s]:	15.0	15.0	15.0
Data:
DispT	DispL	DispV
-1.0336448561860375e-07	4.431614531860949e-08	0.0
-5.446561955306393e-06	1.2906639157502076e-06	0.0
-1.0671021703445564e-05	2.5936638575650602e-06	0.0
-1.6014219173133353e-05	3.896663799379913e-06	0.0
-2.1357416642821144e-05	5.199663741194766e-06	0.0
-2.6700614112508935e-05	6.446011511626364e-06	0.0
-3.204381158219673e-05	7.749011453441216e-06	0.0
-3.738700905188452e-05	9.052011395256069e-06	0.0
-4.2730206521572304e-05	1.0298359165687667e-05	0.0
-4.807340399126009e-05	1.160135910750252e-05	0.0
-5.341660146094788e-05	1.2904359049317373e-05	0.0
-5.875979893063567e-05	1.4207358991132226e-05	0.0
-6.410299640032346e-05	1.5453706761563823e-05	0.0
-6.944619387001124e-05	1.6756706703378675e-05	0.0
-7.478939133969904e-05	1.805970664519353e-05	0.0
-8.00138510878382e-05	1.9306054415625124e-05	0.0
-8.5357048557526e-05	2.060905435743998e-05	0.0
-9.070024602721379e-05	2.191205429925483e-05	0.0
-9.604344349690159e-05	2.3215054241069685e-05	0.0
-0.00010138664096658937	2.4461402011501282e-05	0.0
-0.00010672983843627717	2.5764401953316134e-05	0.0
-0.00011207303590596495	2.7067401895130985e-05	0.0
-0.00011741623337565275	2.8313749665562583e-05	0.0
-0.00012275943084534053	2.9616749607377438e-05	0.0
-0.00012810262831502832	3.091974954919229e-05	0.0
-0.00013344582578471613	3.222274949100714e-05	0.0
-0.00013890776097595252	3.3469097261438745e-05	0.0
-0.00014425095844564033	3.477209720325359e-05	0.0
-0.0001495941559153281	3.601844497368519e-05	0.0
-0.0001549373533850159	3.732144491550005e-05	0.0
-0.00016028055085470368	3.856779268593164e-05	0.0
-0.0001657424860459401	3.9870792627746494e-05	0.0
-0.00017108568351562788	4.111714039817809e-05	0.0
-0.00017642888098531564	4.236348816860969e-05	0.0
-0.00018189081617655208	4.360983593904129e-05	0.0
-0.00018723401364623984	4.4856183709472885e-05	0.0
-0.00019269594883747625	4.6102531479904486e-05	0.0
-0.0001981578840287127	4.740553142171934e-05	0.0
-0.00020350108149840045	4.865187919215094e-05	0.0
-0.0002089630166896369	4.989822696258253e-05	0.0
-0.00021442495188087328	5.108792256163088e-05	0.0
-0.0002198868870721097	5.233427033206248e-05	0.0
-0.00022534882226334611	5.358061810249407e-05	0.0
-0.0002308107574545825	5.482696587292567e-05	0.0
-0.00023639143036736752	5.601666147197402e-05	0.0
-0.00024185336555860394	5.726300924240561e-05	0.0
-0.00024731530074984036	5.850935701283721e-05	0.0
-0.00025277723594107677	5.9755704783268814e-05	0.0
-0.00025835790885386176	6.100205255370041e-05	0.0
-0.0002638198440450982	6.219174815274875e-05	0.0
-0.00026940051695788323	6.343809592318035e-05	0.0
-0.0002748624521491196	6.462779152222869e-05	0.0
-0.00028044312506190464	6.587413929266029e-05	0.0
-0.00028602379797468963	6.712048706309189e-05	0.0
-0.0002917232086090233	6.831018266214023e-05	0.0
-0.0002973038815218083	6.955653043257183e-05	0.0
-0.000303003292156142	7.080287820300343e-05	0.0
-0.000308583965068927	7.204922597343502e-05	0.0
-0.00031428337570326066	7.329557374386662e-05	0.0
-0.0003198640486160457	7.454192151429822e-05	0.0
-0.0003255634592503793	7.578826928472981e-05	0.0
-0.0003311441321631643	7.703461705516142e-05	0.0
-0.0003367248050759493	7.822431265420976e-05	0.0
-0.00034230547798873436	7.947066042464136e-05	0.0
-0.0003478861509015194	8.071700819507296e-05	0.0
-0.00035346682381430446	8.190670379412131e-05	0.0
-0.0003589287590055408	8.309639939316965e-05	0.0
-0.00036439069419677724	8.4286094992218e-05	0.0
-0.00036985262938801365	8.547579059126634e-05	0.0
-0.00037519582685770144	8.660883401893143e-05	0.0
-0.0003806577620489378	8.779852961797976e-05	0.0
-0.00038611969724017427	8.898822521702811e-05	0.0
-0.000391462894709862	9.012126864469319e-05	0.0
-0.00039680609217954984	9.131096424374154e-05	0.0
-0.0004022680273707862	9.250065984278989e-05	0.0
-0.00040761122484047404	9.369035544183824e-05	0.0
-0.0004129544223101618	9.482339886950333e-05	0.0
-0.0004182976197798496	9.59564422971684e-05	0.0
-0.000423759554971086	9.697618138206699e-05	0.0
-0.0004291027524407738	9.799592046696556e-05	0.0
-0.0004344459499104616	9.901565955186415e-05	0.0
-0.000439907885101698	9.992209429399622e-05	0.0
-0.00044536982029293437	0.00010082852903612829	0.0
-0.00045083175548417084	0.00010167831160687711	0.0
-0.00045641242839695583	0.00010252809417762593	0.0
-0.00046187436358819224	0.00010332122457699149	0.0
-0.00046745503650097724	0.0001040577028049738	0.0
-0.0004729169716922137	0.00010473752886157286	0.0
-0.00047837890688345007	0.0001054173549181719	0.0
-0.0004838408420746865	0.00010609718097477096	0.0
-0.0004893027772659229	0.00010672035485998675	0.0
-0.0004946459747356106	0.00010734352874520256	0.0
-0.0004999891722052985	0.00010796670263041836	0.0
-0.0005053323696749863	0.00010853322434425091	0.0
-0.0005105568294231255	0.0001091563982294667	0.0
-0.0005157812891712646	0.0001097795721146825	0.0
-0.0005210057489194038	0.00011040274599989831	0.0
-0.0005261114709459943	0.0001111392242278806	0.0
-0.0005312171929725849	0.00011187570245586291	0.0
-0.0005362041772776268	0.00011266883285522847	0.0
-0.0005411911615826688	0.00011351861542597729	0.0
-0.0005461781458877108	0.00011431174582534286	0.0
-0.000551046392471204	0.00011516152839609167	0.0
-0.0005559146390546973	0.00011595465879545723	0.0
-0.0005607828856381907	0.00011674778919482279	0.0
-0.0005657698699432326	0.00011754091959418836	0.0
-0.0005706381165267259	0.00011833404999355392	0.0
-0.0005756251008317679	0.00011918383256430274	0.0
-0.0005807308228583584	0.00012009026730643481	0.0
-0.000585836544884949	0.00012099670204856688	0.0
-0.0005909422669115395	0.00012201644113346547	0.0
-0.0005961667266596787	0.00012303618021836406	0.0
-0.0006013911864078178	0.00012416922364602914	0.0
-0.000606615646155957	0.0001253022670736942	0.0
-0.0006119588436256448	0.00012649196267274258	0.0
-0.0006174207788168811	0.0001276816582717909	0.0
-0.0006228827140081177	0.00012887135387083925	0.0
-0.0006283446491993541	0.0001301743538126541	0.0
-0.0006340440598336878	0.00013147735375446896	0.0
-0.0006396247327464728	0.0001328936580390503	0.0
-0.0006453241433808063	0.00013436661449501495	0.0
-0.0006511422917366886	0.0001358962231223628	0.0
-0.0006569604400925708	0.00013748248392109392	0.0
-0.0006630160638915504	0.00013912539689120833	0.0
-0.0006691904254120786	0.00014076830986132268	0.0
-0.0006756022623757039	0.00014241122283143706	0.0
-0.0006822515747824263	0.00014388417928740168	0.0
-0.000688900887189149	0.0001453571357433663	0.0
-0.0006957876750389687	0.00014666013568518117	0.0
-0.00070255572516724	0.0001478498312842295	0.0
-0.0007093237752955112	0.00014903952688327785	0.0
-0.0007160918254237824	0.00015011591813955967	0.0
-0.000722741137830505	0.00015113565722445823	0.0
-0.0007292717125156789	0.00015209874413797358	0.0
-0.0007356835494793043	0.0001529485267087224	0.0
-0.0007420953864429296	0.00015374165710808796	0.0
-0.000748507223406555	0.00015442148316468702	0.0
-0.0007549190603701804	0.00015498800487851955	0.0
-0.0007613308973338056	0.0001554412222495856	0.0
-0.0007678614720189797	0.00015589443962065163	0.0
-0.0007743920467041536	0.00015634765699171766	0.0
-0.000780803883667779	0.00015674422219140045	0.0
-0.0007872157206314043	0.00015719743956246648	0.0
-0.0007937462953165783	0.00015770730910491578	0.0
-0.0008001581322802036	0.00015827383081874833	0.0
-0.000806569969243829	0.00015889700470396413	0.0
-0.0008129818062074544	0.00015957683076056318	0.0
-0.0008195123808926282	0.00016042661333131198	0.0
-0.0008261616932993508	0.00016133304807344407	0.0
-0.0008328110057060735	0.00016235278715834265	0.0
-0.0008395790558343447	0.0001634858305860077	0.0
-0.0008463471059626159	0.00016473217835643933	0.0
-0.0008533526315339843	0.00016609183046963744	0.0
-0.0008603581571053527	0.0001675081347542188	0.0
-0.000867719895841367	0.0001689810912101834	0.0
-0.0008753191100204786	0.00017045404766614802	0.0
-0.0008833932750857845	0.00017198365629349588	0.0
-0.0008918236533157364	0.00017351326492084376	0.0
-0.0009006102447103341	0.00017492956920542514	0.0
-0.000909634311548029	0.00017628922131862325	0.0
-0.0009188958538288212	0.00017753556908905484	0.0
-0.0009281573961096134	0.00017861196034533666	0.0
-0.0009375376761119542	0.00017963169943023525	0.0
-0.0009469179561142949	0.00018048148200098407	0.0
-0.0009561794983950871	0.00018121796022896636	0.0
-0.0009654410406758793	0.00018184113411418219	0.0
-0.0009747025829566715	0.00018235100365663145	0.0
-0.0009840828629590122	0.00018269091668493098	0.0
-0.0009933444052398043	0.00018286087319908077	0.0
-0.0010027246852421451	0.00018286087319908077	0.0
-0.0010121049652444861	0.00018274756885631424	0.0
-0.001021485245246827	0.00018252096017078124	0.0
-0.0010309842629707161	0.00018218104714248171	0.0
-0.0010403645429730571	0.00018172782977141566	0.0
-0.0010497448229753977	0.00018121796022896636	0.0
-0.0010590063652561898	0.00018059478634375057	0.0
-0.0010683866452585306	0.00017997161245853478	0.0
-0.0010776481875393229	0.00017934843857331898	0.0
-0.001086909729820115	0.00017866861251671993	0.0
-0.001096171272100907	0.00017804543863150413	0.0
-0.0011054328143816994	0.0001774222647462883	0.0
-0.0011146943566624915	0.00017691239520383904	0.0
-0.0011239558989432836	0.000176459177832773	0.0
-0.0011330987035025272	0.00017611926480447346	0.0
-0.0011421227703402221	0.00017589265611894046	0.0
-0.001151146837177917	0.00017572269960479067	0.0
-0.0011599334285725146	0.0001756093952620242	0.0
-0.0011687200199671124	0.00017549609091925767	0.0
-0.0011775066113617102	0.0001754394387478744	0.0
-0.0011861744650347593	0.00017538278657649114	0.0
-0.0011947235809862597	0.00017538278657649114	0.0
-0.0012033914346593088	0.00017555274309064093	0.0
-0.0012119405506108092	0.0001758360039475572	0.0
-0.0012204896665623099	0.0001763458734900065	0.0
-0.0012289200447922616	0.00017696904737522228	0.0
-0.001237469160743762	0.00017776217777458784	0.0
-0.001245899538973714	0.00017849865600257016	0.0
-0.0012543299172036657	0.00017912182988778598	0.0
-0.001262641557712069	0.0001796883516016185	0.0
-0.0012709531982204724	0.00018002826462991804	0.0
-0.0012793835764504241	0.00018019822114406778	0.0
-0.001287813954680376	0.0001803115254868343	0.0
-0.0012962443329103278	0.00018036817765821757	0.0
-0.0013050309243049253	0.0001804248298296008	0.0
-0.0013140549911426203	0.00018048148200098407	0.0
-0.001323435271144961	0.00018048148200098407	0.0
-0.001333171764311948	0.0001805381341723673	0.0
-0.001343383208365129	0.0001805381341723673	0.0
-0.0013540696033045045	0.0001805381341723673	0.0
-0.001365112211408526	0.0001804248298296008	0.0
-0.0013765110326771932	0.00018019822114406778	0.0
-0.0013880285916674092	0.000179801655944385	0.0
-0.0013997836261007222	0.00017906517771640272	0.0
-0.001411657398255584	0.00017804543863150413	0.0
-0.0014235311704104458	0.00017679909086107252	0.0
-0.001435286204843759	0.00017532613440510793	0.0
-0.001447041239277072	0.00017368322143499352	0.0
-0.0014586775359888365	0.00017204030846487914	0.0
-0.0014703138327006012	0.00017028409115199826	0.0
-0.0014817126539692685	0.00016858452601050062	0.0
-0.0014931114752379355	0.00016694161304038624	0.0
-0.0015045102965066028	0.00016541200441303838	0.0
-0.0015159091177752702	0.0001641090044712235	0.0
-0.001527426676765486	0.00016314591755770818	0.0
-0.001538944235755702	0.00016269270018664218	0.0
-0.0015505805324674664	0.00016269270018664218	0.0
-0.0015619793537361337	0.00016308926538632492	0.0
-0.0015730219618401552	0.0001636557871001575	0.0
-0.0015835896190579822	0.0001641090044712235	0.0
-0.001593563587668066	0.00016422230881399003	0.0
-0.001602943867670407	0.00016382574361430724	0.0
-0.0016118491967865532	0.00016297596104355845	0.0
-0.0016205170504596023	0.00016172961327312683	0.0
-0.0016291849041326514	0.00016031330898854548	0.0
-0.0016378527578057005	0.00015889700470396413	0.0
-0.0016467580869218468	0.000157537352590766	0.0
-0.0016559008914810902	0.00015634765699171766	0.0
-0.0016650436960403338	0.0001552712657354358	0.0
-0.0016743052383211261	0.00015419487447915401	0.0
-0.0016836855183234667	0.0001530618310514889	0.0
-0.0016930657983258075	0.00015187213545244055	0.0
-0.0017026835537712456	0.00015062578768200896	0.0
-0.0017126575223813294	0.0001493227877401941	0.0
-0.0017227502287129619	0.00014813309214114576	0.0
-0.0017331991482092404	0.0001470567008848639	0.0
-0.0017437668054270672	0.00014615026614273185	0.0
-0.0017544532003664428	0.00014541378791474956	0.0
-0.0017653770707489157	0.00014490391837230026	0.0
-0.0017763009411313885	0.000144620657515384	0.0
-0.0017874622869569585	0.00014450735317261747	0.0
-0.0017988611082256258	0.00014456400534400073	0.0
-0.0018106161426589388	0.00014467730968676724	0.0
-0.0018228461279784466	0.00014490391837230026	0.0
-0.0018354323264626001	0.0001451305270578333	0.0
-0.0018483747381113993	0.0001453571357433663	0.0
-0.0018619108383679417	0.00014552709225751606	0.0
-0.0018759218895106787	0.00014558374442889932	0.0
-0.0018905266292611584	0.0001454704400861328	0.0
-0.0019057250576193817	0.00014518717922921653	0.0
-0.0019215171745853477	0.000144620657515384	0.0
-0.0019376655047159597	0.00014377087494463518	0.0
-0.0019542887857327664	0.00014258117934558685	0.0
-0.00197114954219267	0.00014105157071823895	0.0
-0.0019882477740956707	0.0001392387012339748	0.0
-0.0020053460059986715	0.0001370292665500279	0.0
-0.0020224442379016727	0.0001344232666663982	0.0
-0.0020395424698046736	0.00013147735375446896	0.0
-0.002056521963986126	0.0001280782234714737	0.0
-0.002073263982724481	0.00012428252798879564	0.0
-0.002090006001462836	0.00012014691947781807	0.0
-0.002106510544758094	0.00011572805010992421	0.0
-0.002122896350331803	0.00011108257205649735	0.0
-0.0021390446804624152	0.00010638044183168723	0.0
-0.0021550742728714783	0.00010162165943549385	0.0
-0.002170866389837445	9.686287703930049e-05	0.0
-0.002186539769081862	9.216074681449035e-05	0.0
-0.0022019756728831824	8.745861658968023e-05	0.0
-0.002217292838962954	8.275648636487012e-05	0.0
-0.0022324912673211774	7.799770396867673e-05	0.0
-0.0022476896956794	7.312561722971686e-05	0.0
-0.002263006861759172	6.814022614799047e-05	0.0
-0.002278442765560492	6.309818289488082e-05	0.0
-0.002294234882526458	5.799948747038792e-05	0.0
-0.00231038321265707	5.290079204589502e-05	0.0
-0.002327125231395425	4.7915400964168624e-05	0.0
-0.0023444609387415234	4.304331422520875e-05	0.0
-0.002362271596973816	3.834118400039863e-05	0.0
-0.002380675943813852	3.3865662461121524e-05	0.0
-0.002399555241540082	2.9503445264610927e-05	0.0
-0.0024186720147094092	2.5254532410866844e-05	0.0
-0.0024380262633218338	2.1062271728506015e-05	0.0
-0.0024573805119342588	1.6983315388911693e-05	0.0
-0.002476853498268232	1.2904359049317373e-05	0.0
-0.0024962077468806566	8.93870705248956e-06	0.0
-0.002515443257771533	5.086359398428256e-06	0.0
-0.002534441293219312	1.3473160871334621e-06	0.0
-0.002553201853223993	-2.2784228813948236e-06	0.0
-0.00257148746234248	-5.7908575071565995e-06	0.0
-0.0025892981205747727	-9.246639961535123e-06	0.0
-0.002606633827920871	-1.264577024453039e-05	0.0
-0.0026234945843807743	-1.610155269890891e-05	0.0
-0.002639761652232935	-1.961398732467069e-05	0.0
-0.0026555537691989014	-2.3239726293198976e-05	0.0
-0.0026707521975571245	-2.697876960449377e-05	0.0
-0.0026855944127507016	-3.077446508717182e-05	0.0
-0.0027001991525011817	-3.474011708399963e-05	0.0
-0.002714566416808564	-3.87624212522107e-05	0.0
-0.00272869620567285	-4.284137759180502e-05	0.0
-0.002742707256815587	-4.697698610278259e-05	0.0
-0.0027564808325152264	-5.1169246785143425e-05	0.0
-0.002770135670493317	-5.5531463981654015e-05	0.0
-0.0027835530330283112	-6.012028986369763e-05	0.0
-0.0027966141823986593	-6.493572443127426e-05	0.0
-0.002809319118604361	-7.003441985576715e-05	0.0
-0.0028219053170885147	-7.547302830855959e-05	0.0
-0.0028342540401295707	-8.113824544688503e-05	0.0
-0.0028464840254490784	-8.70300712707435e-05	0.0
-0.002858832748490135	-9.309185360875172e-05	0.0
-0.002871181471531191	-9.932359246090972e-05	0.0
-0.0028834114568506986	-0.00010561198348445096	0.0
-0.0028957601798917545	-0.0001120136788507587	0.0
-0.0029078714274897136	-0.00011847202638844971	0.0
-0.0029198639373661244	-0.00012493037392614074	0.0
-0.0029316189717994373	-0.00013138872146383173	0.0
-0.0029430177930681043	-0.0001377904168301395	0.0
-0.0029541791388936747	-0.00014407880785368075	0.0
-0.002965221746997696	-0.00015025389453445547	0.0
-0.0029761456173801686	-0.0001563156768724637	0.0
-0.002986950750041093	-0.00016220750269632216	0.0
-0.0029979933581451147	-0.0001678727198346476	0.0
-0.003009273441692233	-0.0001733679804588233	0.0
-0.003020791000682449	-0.00017874993674023247	0.0
-0.0030327835105588593	-0.00018396193650749187	0.0
-0.0030452509713214644	-0.00018906063193198478	0.0
-0.0030580746452487147	-0.00019415932735647768	0.0
-0.00307137327006216	-0.0001993713271237371	0.0
-0.0030849093703187026	-0.000204696631233763	0.0
-0.003098801683739891	-0.00021024854402932195	0.0
-0.0031129314726041765	-0.00021608371768179715	0.0
-0.0031272987369115593	-0.00022220215219118865	0.0
-0.0031420222143835877	-0.00022854719538611314	0.0
-0.0031569831672987134	-0.00023517549943795392	0.0
-0.0031720628579353875	-0.00024197376000394444	0.0
-0.003187498761736708	-0.00024882867274131826	0.0
-0.003202934665538028	-0.00025579688982145857	0.0
-0.0032184893070608973	-0.00026276510690159883	0.0
-0.003233925210862218	-0.0002696766718103559	0.0
-0.0032491236392204405	-0.0002764182802049632	0.0
-0.003264203329857115	-0.00028298993208542066	0.0
-0.003279045545050692	-0.00028939162745172844	0.0
-0.003293650284801172	-0.0002955667141325031	0.0
-0.0033080175491085545	-0.00030151519212774484	0.0
-0.0033221473379728404	-0.0003071237570946871	0.0
-0.00333592091367248	-0.00031250571337609624	0.0
-0.0033494570139290226	-0.00031754775662920585	0.0
-0.003362755638742467	-0.000322249886854016	0.0
-0.0033758167881128153	-0.0003266687562219098	0.0
-0.0033886404620400664	-0.0003308610169042707	0.0
-0.0034009891850811224	-0.00033488332107248176	0.0
-0.0034131004326790814	-0.0003388489730693096	0.0
-0.0034248554671123944	-0.00034275797289475414	0.0
-0.0034361355506595135	-0.00034672362489158195	0.0
-0.0034469406833204375	-0.0003508592334025595	0.0
-0.0034573896028167158	-0.0003551081462563036	0.0
-0.0034676010468698967	-0.0003595270156241974	0.0
-0.003477456277758432	-0.0003641724936776243	0.0
-0.0034871927709254186	-0.00036898792824520096	0.0
-0.0034969292640924057	-0.00037391666715554404	0.0
-0.003506547019537843	-0.0003789020582372705	0.0
-0.003516046037261733	-0.0003838874493189969	0.0
-0.0035253075795425247	-0.00038881618822934	0.0
-0.0035344503841017684	-0.0003935749706255334	0.0
-0.0035431182377748172	-0.000398163796507577	0.0
-0.0035516673537263183	-0.0004025826658754708	0.0
-0.0035596227810700755	-0.0004068882309005982	0.0
-0.0035673407329707353	-0.00041102383941157573	0.0
-0.0035745837339852013	-0.00041515944792255334	0.0
-0.00358158925955657	-0.0004192950564335309	0.0
-0.0035880010965201954	-0.0004233740127731252	0.0
-0.003594175458040723	-0.0004275096212841028	0.0
-0.0035999936063966054	-0.00043158857762369714	0.0
-0.003605336803866293	-0.00043566753396329143	0.0
-0.003610442525892884	-0.00043957653378873604	0.0
-0.0036151920347548285	-0.000443372229271414	0.0
-0.0036195853304521273	-0.0004469413160685591	0.0
-0.0036236224129847804	-0.00045028379418017106	0.0
-0.0036274220200743362	-0.00045328635926348356	0.0
-0.0036309841517207946	-0.0004559490113184965	0.0
-0.0036340713324810587	-0.00045815844600244343	0.0
-0.0036369210377982255	-0.00045991466331532434	0.0
-0.003639295792229198	-0.00046110435891437266	0.0
-0.0036411955957739756	-0.0004617841849709717	0.0
-0.0036425017107110103	-0.00046189748931373825	0.0
-0.0036430953993187533	-0.00046144427194267225	0.0
-0.003642976661597205	-0.00046042453285777366	0.0
-0.0036421454975463646	-0.00045889492423042575	0.0
-0.0036406019071662326	-0.00045685544606062864	0.0
-0.00363822715273526	-0.00045424944617699893	0.0
-0.003635139971974996	-0.0004511902289223032	0.0
-0.003631221627163892	-0.0004477344464679247	0.0
-0.003626472118301947	-0.00044388209881386333	0.0
-0.0036210101831107106	-0.0004397464903028858	0.0
-0.003614598346147085	-0.00043544092527775843	0.0
-0.0036073553451326196	-0.0004310220559098646	0.0
-0.0035992811800673137	-0.00042665983871335394	0.0
-0.0035903758509511674	-0.00042235427368822665	0.0
-0.003580639357784181	-0.00041827531734863236	0.0
-0.003570190438287902	-0.0004144796218659543	0.0
-0.003558791617019235	-0.0004109671872401925	0.0
-0.003546680369421276	-0.00040768136129996376	0.0
-0.003533619220050928	-0.00040467879621665126	0.0
-0.0035196081689081913	-0.00040190283981887177	0.0
-0.0035044097405499686	-0.00039935349210662533	0.0
-0.0034881426726978077	-0.00039708740525129516	0.0
-0.003470688227630161	-0.00039510457925288125	0.0
-0.0034521651430685766	-0.00039351831845415013	0.0
-0.0034325734190130547	-0.000392385275026485	0.0
-0.0034119130554635954	-0.0003917621011412693	0.0
-0.0033904215278632954	-0.0003917621011412693	0.0
-0.0033680988362121554	-0.0003923286228551018	0.0
-0.0033449449805101747	-0.0003935749706255334	0.0
-0.003320959960757354	-0.00039550114445256404	0.0
-0.0032961437769536933	-0.00039810714433619374	0.0
-0.003270496429099192	-0.000401506274619189	0.0
-0.0032438991794723013	-0.0004055852309587833	0.0
-0.0032165895035161196	-0.00041034401335497667	0.0
-0.0031884486635090966	-0.0004158392739791524	0.0
-0.0031593579217296854	-0.0004220143606599271	0.0
-0.003129436015899434	-0.00042881262122591764	0.0
-0.0030985642082967933	-0.0004362907078485072	0.0
-0.0030666237612002154	-0.00044439196835631265	0.0
-0.003033495936888151	-0.0004532297070921003	0.0
-0.002999061997639052	-0.00046269061971310383	0.0
-0.0029633219434529183	-0.00047294466273347285	0.0
-0.002926275774329749	-0.000483878531810441	0.0
-0.0028876860148264486	-0.0004955488791153914	0.0
-0.002847790140386113	-0.0005078990524769409	0.0
-0.002806231937844097	-0.0005209290518950894	0.0
-0.002763248882643497	-0.000534638877369837	0.0
-0.0027186034993412172	-0.0005489718767298003	0.0
-0.0026725332633803535	-0.0005639280499749794	0.0
-0.0026248006993178094	-0.0005794507449339914	0.0
-0.0025755245448751333	-0.0005955966137782188	0.0
-0.0025247048000523247	-0.0006122523521648956	0.0
-0.0024722227271278363	-0.0006294179600940216	0.0
-0.0024180783261016667	-0.0006470367853942139	0.0
-0.002362390334695365	-0.0006652221324082385	0.0
-0.0023050400151873826	-0.0006838606967933292	0.0
-0.00224602736757772	-0.0007030657828922526	0.0
-0.002185352391866376	-0.0007228373907050083	0.0
-0.002122896350331803	-0.0007431188680602133	0.0
-0.00205877798069555	-0.000763966867129251	0.0
-0.0019927598075145186	-0.0007853813879121212	0.0
-0.001924841830788709	-0.000807362430408824	0.0
-0.001855024050518122	-0.000829853342447976	0.0
-0.001783306466702757	-0.0008529674283723437	0.0
-0.0017095703416210655	-0.0008765913838391609	0.0
-0.001633934412994596	-0.0009007252088484274	0.0
-0.0015563986808233487	-0.000925368903400143	0.0
-0.0014769631451073237	-0.0009504658153229248	0.0
-0.001395509068124972	-0.0009759592924453892	0.0
-0.0013121551875978426	-0.0010018493347675366	0.0
-0.0012267827658043863	-0.0010280792901179833	0.0
-0.001139629278187701	-0.0010546491584967298	0.0
-0.0010504572493046894	-0.0010814456355610089	0.0
-0.0009592666791553512	-0.0011084687213108212	0.0
-0.0008662950431827836	-0.0011356051114034002	0.0
-0.0007711861282223409	-0.0011627981536673625	0.0
-0.0006741774097171203	-0.0011899911959313246	0.0
-0.0005751501499455734	-0.0012171275860239036	0.0
-0.0004738668734646026	-0.001244150671773716	0.0
-0.00037068379343885397	-0.001270947148837995	0.0
-0.00026524469670368155	-0.0012975736693881248	0.0
-0.0001579057964237313	-0.0013238602769099549	0.0
-4.854835487745456e-05	-0.0013497503192321022	0.0
6.247141477050285e-05	-0.0013751871441831833	0.0
0.00017503477479859227	-0.0014000574474204322	0.0
0.0002890229874852651	-0.001424304576772465	0.0
0.0004038423642227783	-0.0014479285322392822	0.0
0.0005193741672895832	-0.0014709293138208835	0.0
0.0006353809212425825	-0.0014932502693458857	0.0
0.0007515064129171305	-0.0015148913988142889	0.0
0.0008676319045916784	-0.0015359093543974762	0.0
0.0009834011831015806	-0.001556304136095448	0.0
0.0010985767730037396	-0.0015760757439082036	0.0
0.001213039936576607	-0.0015951675256643605	0.0
0.001326671936098634	-0.001613579481363918	0.0
0.0014389978206836261	-0.001631311611006877	0.0
0.001550136328053132	-0.0016484205667646197	0.0
0.0016598499827640547	-0.0016648496964657632	0.0
0.0017680200470948453	-0.001680599000110308	0.0
0.0018744090456024065	-0.0016956118255268707	0.0
0.0019790169782867386	-0.0017100581292296005	0.0
0.002081606369704744	-0.0017238246068757312	0.0
0.0021820584821348747	-0.0017369679106366462	0.0
0.0022802545778555813	-0.001749601344855112	0.0
0.0023761946568668646	-0.0017617249095311285	0.0
0.0024695225060040777	-0.001773395256836079	0.0
0.0025603568629887705	-0.001784782343284113	0.0
0.0026486977278209417	-0.0017957728645324644	0.0
0.002734307625057495	-0.0018065367770952827	0.0
0.002817305292419979	-0.0018171307331439515	0.0
0.002897690729908393	-0.0018275547326784703	0.0
0.002975463937522737	-0.0018378654278702225	0.0
0.003050624915263012	-0.0018481194708905916	0.0
0.0031230549254076686	-0.0018583168617395773	0.0
0.0031928727056782557	-0.0018685142525885633	0.0
0.0032600782560747734	-0.001878711643437549	0.0
0.0033245528388756726	-0.0018889656864579181	0.0
0.003386533929524051	-0.0018991630773069039	0.0
0.00344590279029836	-0.0019093038159845065	0.0
0.003502659421198599	-0.0019194445546621092	0.0
0.0035568038222247686	-0.0019294153368255619	0.0
0.003608573468819966	-0.001939272814646248	0.0
0.0036577308855410937	-0.0019489036837814014	0.0
0.0037043948101097004	-0.0019583079442310218	0.0
0.003748565242525786	-0.001967315639480959	0.0
0.0037903609205108993	-0.001975983421702597	0.0
0.003829900581786589	-0.0019841413343817857	0.0
0.0038669467509097576	-0.001991789377518525	0.0
0.003901618165601954	-0.0019988708989414315	0.0
0.003934033563584727	-0.002005329246479123	0.0
0.003964074207136526	-0.0020111077679602143	0.0
0.003991740096257355	-0.0020161498112133244	0.0
0.00401703123094721	-0.002020512028409835	0.0
0.004040066348927642	-0.00202408111520698	0.0
0.004060607974755553	-0.002026970375947526	0.0
0.0040788935838740395	-0.002029066506288706	0.0
0.004094685700840006	-0.0020304261584019045	0.0
0.004108103063375001	-0.0020310493322871206	0.0
0.004119026933757473	-0.0020309360279443535	0.0
0.004127694787430522	-0.0020301428975449884	0.0
0.0041338691489510495	-0.0020286699410890234	0.0
0.004137431280597508	-0.00202651715857646	0.0
0.004138381182369898	-0.0020237978543500637	0.0
0.004137193805154412	-0.002020512028409835	0.0
0.004132919247178661	-0.0020167163329271568	0.0
0.004126032459328841	-0.002012467420073413	0.0
0.004116295966161854	-0.0020076519855058363	0.0
0.0041037097676777014	-0.0020023833335671933	0.0
0.004088155126154832	-0.001996491507743335	0.0
0.004069750779314797	-0.001989976508034261	0.0
0.004048615464879142	-0.001982725030097204	0.0
0.00402474918284787	-0.0019746237695893987	0.0
0.003998270670942529	-0.0019657293786822278	0.0
0.003969298666884666	-0.0019558719008615417	0.0
0.003938070646117379	-0.0019451079882987232	0.0
0.0039048240840837667	-0.0019333809888223896	0.0
0.0038695589807838274	-0.0019206342502611573	0.0
0.0038325128116606585	-0.001906981076957793	0.0
0.003793804314435809	-0.0018923081645695302	0.0
0.0037536709645523765	-0.0018767854696105184	0.0
0.0037121127620103607	-0.0018603563399093746	0.0
0.0036694859199744067	-0.0018431340798088652	0.0
0.003625552963001418	-0.0018252319936517567	0.0
0.0035807888419775898	-0.001806593429266666	0.0
0.0035351935569029203	-0.0017873316909963596	0.0
0.003488767107777411	-0.0017675034310122204	0.0
0.003441865707765707	-0.0017471653014856322	0.0
0.0033944893568678084	-0.0017263173024165946	0.0
0.0033467567928052644	-0.0017050160859764909	0.0
0.003298905491021171	-0.0016833183043367043	0.0
0.003250816713793981	-0.001661393914011385	0.0
0.003202727936566791	-0.0016392995671719156	0.0
0.0031546391593396013	-0.0016171485681610632	0.0
0.003106431644390862	-0.001595054221321594	0.0
0.0030579866539990263	-0.0015731298309962745	0.0
0.00300954166360719	-0.0015514887015278713	0.0
0.002960859197772257	-0.001530244137259151	0.0
0.0029120579942157753	-0.001509396138190113	0.0
0.0028629005774946474	-0.001489058008663525	0.0
0.0028136244230519717	-0.0014692297486793857	0.0
0.0027638733177231005	-0.0014498547060663128	0.0
0.0027138847369511327	-0.0014309328808243058	0.0
0.00266342120529297	-0.0014124076207819817	0.0
0.002612601460470162	-0.0013941656215965736	0.0
0.0025615442402042565	-0.0013762635354394653	0.0
0.002510130806773705	-0.0013586447101392731	0.0
0.0024587173733431533	-0.0013414224500387637	0.0
0.002407066464469505	-0.0013247100594807038	0.0
0.0023552968178743076	-0.0013085075384650928	0.0
0.002303645909000659	-0.001292928191334698	0.0
0.002252113737848559	-0.0012780286702609022	0.0
0.0022010565175826537	-0.0012637523230723219	0.0
0.002150830461367588	-0.0012500424975975743	0.0
0.002101910520089558	-0.001236615932979743	0.0
0.002054534169191659	-0.0012233593248760614	0.0
0.0020089388841169906	-0.0012099894124296133	0.0
0.0019651246648655506	-0.0011963928912976324	0.0
0.0019232102491588885	-0.0011823998049659687	0.0
0.00188272068611081	-0.0011679535012632386	0.0
0.001843537237999766	-0.001152940675846676	0.0
0.0018053036916611113	-0.0011374746330590478	0.0
0.0017680200470948453	-0.0011214420685575865	0.0
0.0017314488288578712	-0.0011049562866850596	0.0
0.0016958275123932858	-0.00108807393961285	0.0
0.0016611560977010896	-0.001070738375169574	0.0
0.0016275533225028308	-0.001052949593355232	0.0
0.001594900449076961	-0.0010347075941698242	0.0
0.0015633162151450287	-0.001015955725441967	0.0
0.001532800620707034	-0.0009966939871716603	0.0
0.0015034724034845254	-0.000976809075016138	0.0
0.0014752128257559546	-0.0009563009889753999	0.0
0.0014482593629644182	-0.0009352263812208293	0.0
0.0014224932773883683	-0.0009135285995810428	0.0
0.0013980333067493528	-0.0008912642962274238	0.0
0.001374760713325824	-0.0008684334711599723	0.0
0.0013524380216746838	-0.0008450927765500714	0.0
0.001330946494074384	-0.0008212422123977214	0.0
0.0013104048682464732	-0.0007970517352170716	0.0
0.001290575668747854	-0.0007724646928367391	0.0
0.0012715776333000752	-0.000747707693942257	0.0
0.0012532920241815882	-0.0007228940428763916	0.0
0.0012356001036708442	-0.0006981936961532926	0.0
0.0012187393472109405	-0.0006736633059443434	0.0
0.0012025910170803285	-0.0006495294809350771	0.0
0.0011870363755574595	-0.0006257922211254934	0.0
0.001172312898085431	-0.0006025648308583591	0.0
0.0011581831092211457	-0.000579847310133674	0.0
0.0011448844844077005	-0.0005576396589514383	0.0
0.0011321795482019982	-0.0005359418773116518	0.0
0.0011203057760471368	-0.0005146406608715482	0.0
0.0011090256925000179	-0.0004937360096311272	0.0
0.0010984580352821909	-0.0004731146192476226	0.0
0.0010886028043936558	-0.000452719837549651	0.0
0.0010794599998344122	-0.00043249501236582914	0.0
0.0010709108838829115	-0.0004124401436961571	0.0
0.0010629554565391543	-0.00039255523154063475	0.0
0.0010557124555246886	-0.0003728969280706455	0.0
0.001049063143117966	-0.00035335192894342274	0.0
0.0010428887815974379	-0.0003340901906731162	0.0
0.0010373081086846529	-0.0003150550610883427	0.0
0.0010320836489365137	-0.0002963598445318687	0.0
0.0010272154023530204	-0.00027800454100369425	0.0
0.0010228221066557214	-0.0002601591070179691	0.0
0.00101866628640152	-0.00024282354257469324	0.0
0.0010148666793119642	-0.00022605449984524996	0.0
0.0010111858099439571	-0.00021002193534378893	0.0
0.0010076236782974985	-0.0001947258490703102	0.0
0.00100406154665104	-0.00018010958885343055	0.0
0.0010007368904476788	-0.00016622980686453325	0.0
0.000997530971965866	-0.00015308650310361818	0.0
0.0009945625289271506	-0.00014067967757068548	0.0
0.000991950299053081	-0.00012883937375158527	0.0
0.0009899317577867545	-0.00011767889598908416	0.0
0.000988506905128171	-0.00010708493994041557	0.0
0.0009877944787988794	-9.705750560557954e-05	0.0
0.0009879132165204279	-8.753994081319279e-05	0.0
0.000988863118292817	-7.858889773463858e-05	0.0
0.0009906441841160461	-7.009107202715042e-05	0.0
0.0009933751517116644	-6.204646369072828e-05	0.0
0.0009970560210796715	-5.439842055398893e-05	0.0
0.0010019242676631648	-4.714694261693236e-05	0.0
0.0010078611537405956	-4.0235377708175314e-05	0.0
0.001014985417033513	-3.3607073656334536e-05	0.0
0.0010234157952634646	-2.737533480417655e-05	0.0
0.0010330335507089026	-2.142685680893483e-05	0.0
0.0010439574210913756	-1.581829184199264e-05	0.0
0.0010563061441324318	-1.0549639903349974e-05	0.0
0.0010697235066674255	-5.564248821623581e-06	0.0
0.001084446984139454	-8.054664254302073e-07	0.0
0.0011002391011054203	3.7267072852301493e-06	0.0
0.0011172185952868724	8.258880995890506e-06	0.0
0.0011352667289622625	1.2734402535167608e-05	0.0
0.0011542647644100412	1.7266576245827965e-05	0.0
0.0011742127016302088	2.1968706470638087e-05	0.0
0.0011951105406227656	2.672748886683146e-05	0.0
0.0012168395436661626	3.171287994855785e-05	0.0
0.0012395184484819486	3.6811575373050755e-05	0.0
0.0012629097796270263	4.208022731169342e-05	0.0
0.001286894799379847	4.7575487935869095e-05	0.0
0.0013115922454619594	5.32973572455778e-05	0.0
0.0013367646424302664	5.924583524081952e-05	0.0
0.0013622932525632191	6.542092192159425e-05	0.0
0.0013880593381392693	7.170931294513549e-05	0.0
0.0014138254237153192	7.805435614006e-05	0.0
0.0014394727715698206	8.422944282083474e-05	0.0
0.0014650013817027734	9.023457298745972e-05	0.0
0.0014902925163926288	9.59564422971684e-05	0.0
0.0015152274379178386	0.00010133839857857758	0.0
0.001539924883999951	0.00010632378966030399	0.0
0.0015642661169174175	0.00011108257205649735	0.0
0.0015882511366702384	0.0001155014414243912	0.0
0.0016116424678153162	0.00011975035427813528	0.0
0.0016345588480741991	0.00012377265844634635	0.0
0.001656881539725339	0.00012762500610040764	0.0
0.001678373067325639	0.00013125074506893596	0.0
0.0016992709063181957	0.00013470652752331448	0.0
0.0017192188435383635	0.00013799235346354321	0.0
0.001738335616707691	0.00014116487506100547	0.0
0.0017565024881046295	0.0001442240923157012	0.0
0.0017738381954507277	0.0001472266573990137	0.0
0.0017899865255813394	0.00015022922248232617	0.0
0.0018051849539395626	0.00015334509190840517	0.0
0.0018193147428038482	0.0001565742656772507	0.0
0.001832375892174196	0.0001600300481316292	0.0
0.0018443684020506064	0.0001636557871001575	0.0
0.0018552922724330793	0.00016745148258283556	0.0
0.0018651475033216146	0.00017141713457966335	0.0
0.0018740528324377608	0.00017555274309064093	0.0
0.0018818895220599693	0.0001796883516016185	0.0
0.0018887763099097895	0.0001838239601125961	0.0
0.001894831933708769	0.0001879029164521904	0.0
0.0018999376557353594	0.00019181191627763494	0.0
0.0019040934759895608	0.000195607611760313	0.0
0.0019074181321929223	0.0001992333507288413	0.0
0.001910030362066992	0.0002028024375259863	0.0
0.0019118114278902213	0.0002063148721517481	0.0
0.0019128800673841586	0.00020977065460612662	0.0
0.0019132362805488047	0.00021316978488912188	0.0
0.001913117542827256	0.0002165122630007339	0.0
0.0019122863787764156	0.00021979808894096264	0.0
0.0019109802638393807	0.00022302726270980816	0.0
0.001909080460294603	0.00022619978430727042	0.0
0.0019064682304205335	0.00022937230590473266	0.0
0.001903143574217172	0.00023248817533081165	0.0
0.0018989877539629706	0.00023560404475689065	0.0
0.0018940007696579284	0.00023866326201158638	0.0
0.0018878264081374004	0.00024155252275213237	0.0
0.0018805834071229347	0.0002442718269785286	0.0
0.0018722717666145314	0.00024670787034800854	0.0
0.0018628914866121906	0.0002487473485178057	0.0
0.0018526800425590095	0.00025044691365930336	0.0
0.0018418749098980853	0.0002518065657725014	0.0
0.001830476088629418	0.00025276965268601674	0.0
0.0018188397919176537	0.00025339282657123254	0.0
0.001806966019762792	0.00025367608742814886	0.0
0.0017950922476079301	0.00025356278308538233	0.0
0.0017833372131746171	0.00025310956571431627	0.0
0.0017715821787413037	0.0002522031309721842	0.0
0.0017601833574726366	0.0002508434788589861	0.0
0.001748903273925518	0.00024908726154610524	0.0
0.0017378606658214964	0.0002468778268621583	0.0
0.0017271742708821207	0.0002442151748071453	0.0
0.0017167253513858426	0.00024109930538106634	0.0
0.00170663264505421	0.0002375302185839213	0.0
0.0016968961518872235	0.00023350791441571024	0.0
0.001687397134163334	0.00022897574070504986	0.0
0.0016782543296040904	0.00022393369745194022	0.0
0.0016694677382094927	0.00021832513248499805	0.0
0.001661037359979541	0.00021215004580422332	0.0
0.0016528444571926862	0.0002052951330668495	0.0
0.001644889029848929	0.00019781704644425993	0.0
0.0016371710779482687	0.00018960248159368803	0.0
0.0016296906014907058	0.0001807080906865171	0.0
0.0016224476004762403	0.00017107722155136382	0.0
0.001615323337183323	0.000160653222016845	0.0
0.0016083178116119547	0.0001494360920829606	0.0
0.0016015497614836837	0.00013742583174971068	0.0
0.001594900449076961	0.0001245657888457119	0.0
0.001588369874391787	0.00011091261554234759	0.0
0.0015820767751497102	9.640965966823446e-05	0.0
0.0015759024136291822	8.117022556613899e-05	0.0
0.0015699655275517512	6.525096540744448e-05	0.0
0.0015643848546389662	4.870853136353419e-05	0.0
0.0015592791326123757	3.159957560579134e-05	0.0
0.0015546483614719796	1.4037402476982461e-05	0.0
0.0015506112789393264	-3.921335851509202e-06	0.0
0.0015472866227359652	-2.2219987208300396e-05	0.0
0.0015446743928618956	-4.0688595079241343e-05	0.0
0.001542774589317118	-5.9213855121565555e-05	0.0
0.001541468474380083	-7.762581082112326e-05	0.0
0.0015409935234938885	-9.581115783514793e-05	0.0
0.0015409935234938885	-0.00011359993964948983	0.0
0.0015415872121016317	-0.00013087885192138244	0.0
0.001542655851595569	-0.00014764789465082577	0.0
0.001543961966532604	-0.00016385041566643654	0.0
0.0015455055569127362	-0.0001795997193109813	0.0
0.0015469304095713195	-0.00019495245775584324	0.0
0.0015482365245083542	-0.0002099652831724057	0.0
0.0015493051640022917	-0.00022475149990343508	0.0
0.0015498988526100347	-0.00023931110794893148	0.0
0.0015500175903315834	-0.0002537574116516614	0.0
0.001549542639445389	-0.00026797710666885823	0.0
0.0015484739999514514	-0.00028197019300052207	0.0
0.0015466929341282222	-0.00029573667064665296	0.0
0.0015440807042541528	-0.00030916323526448427	0.0
0.0015406373103292426	-0.000322249886854016	0.0
0.0015363627523534923	-0.00033488332107248176	0.0
0.0015311382926053532	-0.00034717684226264796	0.0
0.0015249639310848252	-0.0003590171460817482	0.0
0.0015179584055134568	-0.00037057418904393207	0.0
0.0015100029781696994	-0.0003817913189778164	0.0
0.0015012163867751016	-0.0003927818402261678	0.0
0.001491479893608115	-0.00040354575278898615	0.0
0.0014806747609471909	-0.00041413970883765475	0.0
0.0014690384642354263	-0.00042462036054355677	0.0
0.0014564522657512728	-0.0004349310557353091	0.0
0.001443034903216279	-0.00044524175092706145	0.0
0.0014286676389088965	-0.0004554957939474305	0.0
0.0014133504728291247	-0.00046574983696779954	0.0
0.001397083404976964	-0.00047611718433093514	0.0
0.0013798664353524147	-0.0004864278795226874	0.0
0.0013615808262339275	-0.0004968518790572062	0.0
0.0013423453153430514	-0.0005073891829344916	0.0
0.0013219224272366893	-0.0005180397911545434	0.0
0.0013006683750794866	-0.0005290303124028948	0.0
0.0012785831588714438	-0.0005403607466795457	0.0
0.0012559042540556578	-0.0005522577026700292	0.0
0.001232869136075226	-0.000564721180374345	0.0
0.0012097152803732455	-0.0005778078319638769	0.0
0.001186680162392814	-0.0005915743096100076	0.0
0.0011638825198554792	-0.0006060206133127376	0.0
0.0011416785659258877	-0.0006211467430720665	0.0
0.0011200683006040394	-0.0006370093510593778	0.0
0.0010995266747761286	-0.0006537217416174378	0.0
0.0010801724261637038	-0.0006712839147462467	0.0
0.0010622430302098626	-0.0006897525226171877	0.0
0.0010458572246361533	-0.0007090142608874942	0.0
0.0010312524848856736	-0.0007290691295571663	0.0
0.0010185475486799713	-0.0007496905199406709	0.0
0.0010076236782974985	-0.0007708217798666248	0.0
0.0009985996114598036	-0.0007922363006494951	0.0
0.0009912378727237894	-0.0008138774301178982	0.0
0.0009856571998110044	-0.0008355752117576847	0.0
0.0009815013795568027	-0.0008572729933974711	0.0
0.0009786516742396358	-0.0008786875141803413	0.0
0.0009768706084164066	-0.0008998187741062952	0.0
0.0009759207066440176	-0.0009203835123184165	0.0
0.0009754457557578231	-0.0009402684244739389	0.0
0.0009754457557578231	-0.000959416858401479	0.0
0.0009756832312009204	-0.0009778288141010366	0.0
0.0009761581820871148	-0.0009954476394012288	0.0
0.0009768706084164066	-0.0010123299864734385	0.0
0.000977701772467247	-0.0010286458118318159	0.0
0.000978532936518087	-0.001044281811133594	0.0
0.000979245362847379	-0.001059407940892923	0.0
0.000979839051455122	-0.0010739675489384196	0.0
0.0009799577891766707	-0.0010879039830987002	0.0
0.0009794828382904761	-0.0011012172433737648	0.0
0.0009781767233534413	-0.0011139639819349972	0.0
0.0009761581820871148	-0.001125974242268247	0.0
0.000973308476769948	-0.0011373613287162811	0.0
0.0009696276074019408	-0.0011480119369363332	0.0
0.0009648780985399962	-0.001158039371271169	0.0
0.0009592974256272112	-0.001167386979549406	0.0
0.0009527668509420372	-0.001176111413942427	0.0
0.000945048899041377	-0.0011842126744502327	0.0
0.000936381045368328	-0.0011916907610728222	0.0
0.000926407076758244	-0.0011986023259815792	0.0
0.0009152457309326741	-0.001205004021347887	0.0
0.0009026595324485206	-0.001210839195000362	0.0
0.0008887672190273323	-0.0012161644991103883	0.0
0.000873331315226012	-0.0012209799336779649	0.0
0.0008563518210445598	-0.0012254554552172418	0.0
0.0008378287364829754	-0.0012294777593854528	0.0
0.000817762061541259	-0.0012331034983539813	0.0
0.0007961517962194106	-0.0012363326721228267	0.0
0.0007731166782389789	-0.001239108628520606	0.0
0.0007486567075999636	-0.001241318063204553	0.0
0.0007228906220239136	-0.0012429609761746673	0.0
0.0006959371592323775	-0.0012440373674309493	0.0
0.0006676775815038066	-0.001244603889144782	0.0
0.0006382306265597493	-0.0012446605413161652	0.0
0.0006077150321217546	-0.0012443772804592488	0.0
0.0005763682736329196	-0.0012439240630881827	0.0
0.0005441903510932442	-0.001243470845717117	0.0
0.0005115374776673745	-0.001243074280517434	0.0
0.00047852839107685876	-0.0012429609761746673	0.0
0.00044551930448634305	-0.001243130932688817	0.0
0.0004123914801742787	-0.001243754106574033	0.0
0.0003795011313053117	-0.0012448304978303149	0.0
0.00034684825787944184	-0.0012463034542862794	0.0
0.00031431412217512066	-0.0012483429324560767	0.0
0.00028213619963544527	-0.0012507789758255566	0.0
0.00025043322798196446	-0.0012536682365661025	0.0
0.00021884899405003215	-0.001256897410334948	0.0
0.0001879771864473916	-0.0012604098449607098	0.0
0.0001575803297309455	-0.0012642621926147713	0.0
0.00012777716162224248	-0.0012683978011257487	0.0
9.856768212128257e-05	-0.0012728733226650257	0.0
7.007062894961437e-05	-0.0012776887572326023	0.0
4.228600210723786e-05	-0.001282957409171245	0.0
1.521380159415306e-05	-0.0012886226263095705	0.0
-1.0908497146542801e-05	-0.0012947410608189621	0.0
-3.59621563933011e-05	-0.0013012560605280363	0.0
-6.018465158921908e-05	-0.0013081676254367933	0.0
-8.321976956965089e-05	-0.0013154191033738498	0.0
-0.00010530498577769375	-0.001323010494339206	0.0
-0.0001264403002133477	-0.0013309417983328616	0.0
-0.00014662571287661267	-0.0013390997110120505	0.0
-0.00016621743693213457	-0.001347484232376772	0.0
-0.00018509673465836473	-0.0013560387102556433	0.0
-0.00020361981921994908	-0.0013647631446486645	0.0
-0.0002219054283384362	-0.001373544231213069	0.0
-0.00023983482429227744	-0.00138226866560609	0.0
-0.00025764548252457003	-0.0013908797956563449	0.0
-0.00027533740303531406	-0.0013991510126783	0.0
-0.00029279184810296083	-0.0014070256645005723	0.0
-0.00031012755544905903	-0.0014143904467803954	0.0
-0.00032722578735205996	-0.0014211320551750027	0.0
-0.000343967806090415	-0.001427193837513011	0.0
-0.00036035361166412424	-0.0014326890981371868	0.0
-0.00037626446635163896	-0.001437674489218913	0.0
-0.00039158163243141063	-0.0014421500107581902	0.0
-0.0004065425853465365	-0.0014462289670977844	0.0
-0.00042090984965391923	-0.0014500813147518457	0.0
-0.00043480216307510743	-0.0014537070537203741	0.0
-0.00044845700105319847	-0.001457276140517519	0.0
-0.00046187436358819224	-0.0014609018794860473	0.0
-0.0004752917261231861	-0.0014646975749687255	0.0
-0.0004889465641012771	-0.0014687765313083196	0.0
-0.0005028388775224653	-0.0014731954006762136	0.0
-0.0005170874041082994	-0.0014779541830724071	0.0
-0.0005319296193018766	-0.0014830528784969	0.0
-0.0005470093099385511	-0.001488434834778309	0.0
-0.0005626826891829685	-0.0014940433997452512	0.0
-0.0005785935438704832	-0.0014997086168835768	0.0
-0.0005948606117226439	-0.001505373834021902	0.0
-0.0006114838927394504	-0.0015109257468174612	0.0
-0.0006282259114778054	-0.0015163643552702536	0.0
-0.0006452054056592577	-0.0015215197028661297	0.0
-0.0006621848998407101	-0.0015263917896050896	0.0
-0.0006790456563006138	-0.0015309239633157499	0.0
-0.0006959064127605174	-0.0015351162239981106	0.0
-0.0007125296937773239	-0.0015390252238235555	0.0
-0.0007289154993510331	-0.0015426509627920835	0.0
-0.0007449450917600965	-0.0015460500930750789	0.0
-0.0007608559464476112	-0.001549392571186691	0.0
-0.0007764105879704802	-0.0015527350492983028	0.0
-0.0007918464917718005	-0.0015560208752385316	0.0
-0.0008071636578515721	-0.0015593633533501437	0.0
-0.0008225995616528924	-0.0015627058314617557	0.0
-0.0008382729408973099	-0.0015660483095733678	0.0
-0.000854065057863276	-0.001569447439856363	0.0
-0.0008700946502723394	-0.0015729032223107415	0.0
-0.0008864804558460487	-0.001576415656936503	0.0
-0.0009029849991413064	-0.0015800980480764149	0.0
-0.0009196082801581129	-0.0015839503957304762	0.0
-0.000936350298896468	-0.0015879160477273039	0.0
-0.0009530923176348231	-0.0015919950040668982	0.0
-0.0009697155986516295	-0.0015960739604064923	0.0
-0.0009861014042253386	-0.0016000962645747038	0.0
-0.0010023684720774993	-0.0016040619165715313	0.0
-0.001018279326765014	-0.0016079142642255926	0.0
-0.001033833968287883	-0.0016116533075368874	0.0
-0.0010489136589245573	-0.001615335698676799	0.0
-0.001063637136396586	-0.0016189614376453275	0.0
-0.00107788566298242	-0.001622643828785239	0.0
-0.0010916592386820596	-0.0016263828720965337	0.0
-0.001105195338938602	-0.0016301219154078283	0.0
-0.0011183752260304986	-0.0016339176108905065	0.0
-0.001131317637679298	-0.0016377133063731847	0.0
-0.001144022573885	-0.0016414523496844793	0.0
-0.001156490034647605	-0.0016449647843102412	0.0
-0.0011687200199671124	-0.00164825061025047	0.0
-0.0011807125298435228	-0.0016513098275051656	0.0
-0.0011923488265552873	-0.0016540291317315619	0.0
-0.0012037476478239547	-0.0016564651751010417	0.0
-0.0012149089936495249	-0.0016586179576136056	0.0
-0.001225714126310449	-0.0016604874792692527	0.0
-0.0012361630458067273	-0.0016622436965821337	0.0
-0.001246137014416811	-0.0016637733052094817	0.0
-0.0012555172944191519	-0.0016652462616654463	0.0
-0.0012643038858137496	-0.0016667192181214108	0.0
-0.0012723780508790558	-0.0016681921745773753	0.0
-0.00127973978961507	-0.0016697784353761065	0.0
-0.0012862703643002438	-0.0016715346526889874	0.0
-0.0012920885126561261	-0.001673460826516018	0.0
-0.001297075496961168	-0.0016756136090285817	0.0
-0.0013013500549369185	-0.0016779930002266785	0.0
-0.0013049121865833769	-0.0016806556522816914	0.0
-0.0013078806296220923	-0.0016836015651936207	0.0
-0.0013102553840530647	-0.001686774086791083	0.0
-0.0013120364498762937	-0.001690116564902695	0.0
-0.0013133425648133286	-0.0016936289995284567	0.0
-0.0013140549911426203	-0.0016971414341542183	0.0
-0.0013144112043072663	-0.0017007105209513637	0.0
-0.0013142924665857177	-0.001704166303405742	0.0
-0.001313580040256426	-0.001707508781517354	0.0
-0.0013123926630409398	-0.0017107379552861995	0.0
-0.0013106115972177103	-0.0017138538247122785	0.0
-0.0013082368427867381	-0.0017167997376242078	0.0
-0.0013052683997480225	-0.0017196323461933704	0.0
-0.001301468792658467	-0.00172240830259115	0.0
-0.0012969567592396195	-0.0017249576503033963	0.0
-0.00129173229949148	-0.0017273936936728765	0.0
-0.0012857954134140495	-0.0017296597805282067	0.0
-0.0012793835764504241	-0.0017318125630407701	0.0
-0.0012724967886006042	-0.001733965345553334	0.0
-0.0012654912630292359	-0.0017361747802372807	0.0
-0.001258604475179416	-0.0017385541714353774	0.0
-0.0012519551627726935	-0.0017413867800045403	0.0
-0.0012456620635306166	-0.0017446159537733857	0.0
-0.0012398439151747344	-0.001748468301427447	0.0
-0.0012345007177050468	-0.0017528305186239577	0.0
-0.001229751208843102	-0.0017577026053629174	0.0
-0.0012254766508673516	-0.001762914605130177	0.0
-0.001221677043777796	-0.0017684665179257357	0.0
-0.0012183523875744346	-0.0017741883872354446	0.0
-0.0012156214199788165	-0.0017799669087165365	0.0
-0.0012134841409909415	-0.0017859153867117784	0.0
-0.0012118218128892605	-0.0017919205168784032	0.0
-0.0012106344356737743	-0.001798095603559178	0.0
-0.0012100407470660315	-0.0018042706902399526	0.0
-0.0012100407470660315	-0.0018105024290921107	0.0
-0.0012106344356737743	-0.0018166775157728854	0.0
-0.0012118218128892605	-0.001822625993768127	0.0
-0.0012134841409909415	-0.0018282912109064526	0.0
-0.001215740157700365	-0.001833503210673712	0.0
-0.0012184711252959833	-0.0018381486887271389	0.0
-0.0012215583060562474	-0.0018421709928953499	0.0
-0.0012250016999811573	-0.001845513471006962	0.0
-0.0012285638316276157	-0.0018481761230619749	0.0
-0.0012320072255525257	-0.0018502156012317722	0.0
-0.001235569357198984	-0.0018516885576877367	0.0
-0.0012387752756807969	-0.0018525949924298687	0.0
-0.0012419811941626097	-0.0018529915576295515	0.0
-0.0012448308994797764	-0.0018529349054581684	0.0
-0.0012475618670753945	-0.0018524816880871023	0.0
-0.0012501740969494642	-0.00185157525334497	0.0
-0.0012526675891019851	-0.0018503289055745386	0.0
-0.001255161081254506	-0.001848629340433041	0.0
-0.0012575358356854784	-0.0018465898622632437	0.0
-0.0012599105901164506	-0.0018440971667223805	0.0
-0.0012624040822689718	-0.0018411512538104512	0.0
-0.0012648975744214929	-0.0018378087756988394	0.0
-0.001267628542017111	-0.0018340697323875445	0.0
-0.0012704782473342776	-0.0018298208195338004	0.0
-0.001273565428094542	-0.0018251753414803736	0.0
-0.001276890084297903	-0.0018200766460558806	0.0
-0.0012805709536659103	-0.0018145247332603217	0.0
-0.0012846080361985633	-0.0018085196030936967	0.0
-0.001289001331895862	-0.0018020612555560056	0.0
-0.0012938695784793556	-0.0017951496906472486	0.0
-0.0012990940382274945	-0.0017877282561960424	0.0
-0.0013047934488618282	-0.0017799102565451532	0.0
-0.0013110865481039049	-0.001771639039523198	0.0
-0.0013179733359537248	-0.0017629712573015602	0.0
-0.0013254538124112876	-0.001753793605537473	0.0
-0.0013336467151981422	-0.001744219388573703	0.0
-0.0013425520443142887	-0.00173424860641025	0.0
-0.0013520510620381781	-0.0017238246068757312	0.0
-0.0013621437683698106	-0.0017130040421415298	0.0
-0.001372592687866089	-0.001701730260036262	0.0
-0.0013832790828054644	-0.0016900599127313116	0.0
-0.0013942029531879372	-0.0016780496523980618	0.0
-0.00140512682357041	-0.0016655861746937457	0.0
-0.0014159319562313342	-0.0016527827839611302	0.0
-0.0014264996134491612	-0.0016396394802002153	0.0
-0.0014369485329454395	-0.0016260996112396173	0.0
-0.001447041239277072	-0.00161221982925072	0.0
-0.0014568964701656072	-0.0015979434820621399	0.0
-0.0014663954878894967	-0.001583270569673877	0.0
-0.0014755382924487401	-0.0015682577442573144	0.0
-0.0014844436215648866	-0.0015529050058124526	0.0
-0.0014928739997948383	-0.001537212354339291	0.0
-0.0015010669025816929	-0.0015212930941805966	0.0
-0.0015089035922039018	-0.0015051472253363692	0.0
-0.0015165028063830134	-0.0014888313999779918	0.0
-0.0015236270696759304	-0.0014725155746196147	0.0
-0.0015305138575257503	-0.001456143097089854	0.0
-0.0015371631699324729	-0.0014397706195600935	0.0
-0.0015434562691745495	-0.001423454794201716	0.0
-0.0015493931552519804	-0.0014072522731861056	0.0
-0.001555092565886314	-0.0013910497521704946	0.0
-0.0015605545010775503	-0.0013748472311548839	0.0
-0.001565660223104141	-0.0013585880579678898	0.0
-0.0015704097319660857	-0.0013421589282667462	0.0
-0.001574684289941836	-0.0013255598420514525	0.0
-0.0015784838970313918	-0.0013086774949792426	0.0
-0.001581808553234753	-0.0012915118870501165	0.0
-0.0015846582585519197	-0.0012740630182640743	0.0
-0.0015869142752613435	-0.001256217584278349	0.0
-0.0015885766033630242	-0.001237975585092941	0.0
-0.0015897639805785102	-0.0012193370207078504	0.0
-0.0015903576691862534	-0.001200301891123077	0.0
-0.001590476406907802	-0.0011808135441672375	0.0
-0.0015902389314647047	-0.0011609852841830983	0.0
-0.0015896452428569617	-0.001140873763342043	0.0
-0.0015888140788061214	-0.0011205922859868378	0.0
-0.0015878641770337325	-0.0011003108086316328	0.0
-0.0015869142752613435	-0.0010800293312764277	0.0
-0.0015860831112105031	-0.0010599744626067556	0.0
-0.0015851332094381143	-0.0010399762461084667	0.0
-0.001584302045387274	-0.0010200913339529446	0.0
-0.001583352143614885	-0.001000206421797422	0.0
-0.0015825209795640447	-0.0009802648574705165	0.0
-0.0015815710777916556	-0.0009601533366294612	0.0
-0.0015805024382977181	-0.0009398152071028728	0.0
-0.001579552536525329	-0.0009192504688907515	0.0
-0.0015784838970313918	-0.0008985157741644804	0.0
-0.0015775339952590027	-0.000877497818581293	0.0
-0.0015767028312081623	-0.0008563099064839558	0.0
-0.0015759904048788707	-0.0008348953857010855	0.0
-0.0015755154539926761	-0.0008131976040612991	0.0
-0.0015755154539926761	-0.0007913298659073629	0.0
-0.0015758716671573222	-0.0007691222147251272	0.0
-0.0015767028312081623	-0.0007467446070287416	0.0
-0.0015782464215882944	-0.0007240837384754398	0.0
-0.0015803837005761697	-0.0007011396090652218	0.0
-0.0015832334058933364	-0.0006779688709694708	0.0
-0.0015867955375397948	-0.0006545148720168034	0.0
-0.0015910700955155451	-0.000630834264378603	0.0
-0.001596057079820587	-0.0006069270480548696	0.0
-0.001601637752733372	-0.0005827932230456032	0.0
-0.0016080495896969972	-0.0005584894415221871	0.0
-0.0016150551152683658	-0.0005340723556560044	0.0
-0.0016226543294474774	-0.0005094286611042887	0.0
-0.0016309659699558804	-0.0004847283143811898	0.0
-0.0016397525613504782	-0.0004598580111439411	0.0
-0.001649132841352819	-0.0004348744035639259	0.0
-0.001659106809962903	-0.0004098341438125274	0.0
-0.0016697932049022787	-0.00038462392754697917	0.0
-0.0016810732884493973	-0.0003593570591100477	0.0
-0.0016930657983258075	-0.00033403353850173297	0.0
-0.0017058894722530582	-0.0003085967135506517	0.0
-0.0017195443102311493	-0.0002831032364281872	0.0
-0.0017340303122600808	-0.0002576097593057227	0.0
-0.0017493474783398524	-0.0002320596300118749	0.0
-0.0017657332839135615	-0.00020639619637526064	0.0
-0.0017831877289812084	-0.00018067611056726314	0.0
-0.0018015920758212441	-0.00015467276390234932	0.0
-0.0018210650621552174	-0.00012844280855190253	0.0
-0.0018414879502615797	-0.00010187294017315617	0.0
-0.0018626232646972334	-7.484985442334379e-05	0.0
-0.001884471005462179	-4.7260246959698864e-05	0.0
-0.0019066749593917706	-1.9217422124987907e-05	0.0
-0.001929235126486008	9.221967909405832e-06	0.0
-0.0019519140313017937	3.805792314348235e-05	0.0
-0.00197459293611758	6.717713923447514e-05	0.0
-0.001997153103211817	9.640965966823446e-05	0.0
-0.002019832008027603	0.00012575548444476026	0.0
-0.0020426296505649377	0.00015521461356405257	0.0
-0.0020653085553807237	0.00018478704702611142	0.0
-0.0020881061979180584	0.00021447278483093673	0.0
-0.0021109038404553927	0.0002443851313212951	0.0
-0.0021335827452711787	0.0002745240864971865	0.0
-0.0021562616500869643	0.0003048896503586109	0.0
-0.002178821817181202	0.0003355384750769515	0.0
-0.0022013819842754394	0.0003665272128235917	0.0
-0.0022239421513696764	0.00039779921142714815	0.0
-0.002246621056185463	0.00042941112305900416	0.0
-0.0022694186987227975	0.00046130629554777644	0.0
-0.0022923350789816805	0.000493484728893465	0.0
-0.002315370196962112	0.0005258331187533032	0.0
-0.00233876152810719	0.0005583514651272913	0.0
-0.0023621528592522676	0.0005909264636726626	0.0
-0.002385900403561991	0.000623501462218034	0.0
-0.0024096479478717147	0.000656019808592022	0.0
-0.0024336329676245354	0.0006884815027946268	0.0
-0.0024576179873773557	0.0007207732404830818	0.0
-0.002481840482573274	0.0007528383694860038	0.0
-0.0025059442400476436	0.0007847335419747761	0.0
-0.0025301667352435613	0.0008163454536066322	0.0
-0.002554389230439479	0.0008476741043815719	0.0
-0.002578730463356946	0.000878662842128212	0.0
-0.0026030716962744125	0.0009093116668465527	0.0
-0.0026274129291918792	0.0009394506220224441	0.0
-0.0026517541621093456	0.0009691930119986526	0.0
-0.0026760953950268123	0.000998425532432412	0.0
-0.0027004366279442787	0.0010270915311523389	0.0
-0.0027247778608617454	0.0010551343559870496	0.0
-0.0027492378315007605	0.0010824973547651614	0.0
-0.0027735790644182277	0.0011092371796580576	0.0
-0.002797920297335694	0.0011351838741515882	0.0
-0.002822142792531612	0.0011603940904171364	0.0
-0.002846246550005981	0.0011848678284547022	0.0
-0.002870112832037253	0.0012084917839215194	0.0
-0.002893860376346977	0.001231322608988971	0.0
-0.0029172517074920546	0.0012533603036570572	0.0
-0.002940405563194035	0.0012746615200971607	0.0
-0.002963203205731369	0.0012952829104806653	0.0
-0.0029855258973825096	0.0013151678226361876	0.0
-0.003007611113590552	0.0013344295609064943	0.0
-0.003029221378912401	0.001353124777462968	0.0
-0.003050594168791152	0.0013711968201342262	0.0
-0.0030717294832268063	0.001388702341091652	0.0
-0.0030926273222193624	0.001405641340335245	0.0
-0.0031135251612119195	0.0014220704700363888	0.0
-0.0031341855247613787	0.0014379330780237	0.0
-0.003154964626032387	0.0014532291642971786	0.0
-0.003175743727303395	0.001467958728856825	0.0
-0.0031962853531313055	0.0014821784238740216	0.0
-0.0032168269789592165	0.0014958882493487694	0.0
-0.00323713112934403	0.0015090882052810678	0.0
-0.003257197804285747	0.0015217216394995334	0.0
-0.0032770270037843657	0.0015337885520041665	0.0
-0.0032963812523967902	0.0015453455949663503	0.0
-0.0033152605501230205	0.001556392768386085	0.0
-0.003333664896963056	0.001566816767920604	0.0
-0.003351475555195349	0.0015767875500840567	0.0
-0.0033686925248198984	0.001586191810533677	0.0
-0.0033850783303936076	0.0015950295492694647	0.0
-0.0034006329719164768	0.001603357418462803	0.0
-0.003415356449388505	0.0016111754181136922	0.0
-0.003429130025088145	0.0016184268960507486	0.0
-0.003442072436736944	0.0016252251566167392	0.0
-0.003453827471170257	0.0016315135476402806	0.0
-0.0034645138661096326	0.001637405373464139	0.0
-0.0034740128838335223	0.0016427873297455483	0.0
-0.003482205786620377	0.0016478293729986577	0.0
-0.003488973836748648	0.0016524181988807015	0.0
-0.003494317034218336	0.0016566671117344456	0.0
-0.00349823537902944	0.00166057611155989	0.0
-0.0035004913957388637	0.0016640318940142687	0.0
-0.003501085084346607	0.0016672044156117308	0.0
-0.0035000164448526693	0.0016699803720095104	0.0
-0.003497285477257051	0.0016724730675503733	0.0
-0.0034926547061166556	0.0016745691978915537	0.0
-0.00348624286915303	0.0016763254152044346	0.0
-0.003478049966366175	0.0016777983716603996	0.0
-0.0034679572600345428	0.0016790447194308309	0.0
-0.0034560834878796807	0.001679951154172963	0.0
-0.0034423099121800413	0.0016806876324009456	0.0
-0.003426636532935624	0.0016811975019433948	0.0
-0.0034093008255895257	0.0016815374149716943	0.0
-0.003390184052420198	0.0016816507193144609	0.0
-0.0033692862134276414	0.0016816507193144609	0.0
-0.0033469635217765015	0.0016816507193144609	0.0
-0.0033230972397452294	0.0016814241106289276	0.0
-0.0032979248427769223	0.0016809708932578617	0.0
-0.0032716838063146783	0.0016802910672012626	0.0
-0.0032443741303584957	0.0016794412846305139	0.0
-0.0032162332903514735	0.0016783082412028488	0.0
-0.0031876174994582567	0.0016768919369182674	0.0
-0.003158526757678845	0.001675249023948153	0.0
-0.003129198540456337	0.001673266197949739	0.0
-0.003099632847790731	0.0016709434589230257	0.0
-0.003069948417403577	0.0016682808068680126	0.0
-0.0030401452492948735	0.0016651082852705505	0.0
-0.0030103420811861707	0.0016615391984734053	0.0
-0.002980420175355919	0.0016574035899624279	0.0
-0.002950617007247216	0.0016528714162517674	0.0
-0.002920813839138513	0.0016479993295128075	0.0
-0.002891366884194456	0.0016428439819169314	0.0
-0.0028623948801365933	0.0016375753299782887	0.0
-0.0028337790892433764	0.0016322500258682628	0.0
-0.0028057569869579025	0.0016269813739296201	0.0
-0.002778328573280172	0.001621826026333744	0.0
-0.002751493848210184	0.0016167839830806344	0.0
-0.0027253715494694884	0.0016118552441702911	0.0
-0.0026998429393365357	0.0016070398096027145	0.0
-0.002675026755532875	0.0016023943315492876	0.0
-0.002650804260336957	0.0015979188100100107	0.0
-0.0026272941914703305	0.0015934999406421169	0.0
-0.002604377811211447	0.001589081071274223	0.0
-0.002582173857281856	0.001584662201906329	0.0
-0.0025605635919600076	0.001580186680367052	0.0
-0.002539309539802805	0.001575484550142242	0.0
-0.002518530438531797	0.0015705558112318987	0.0
-0.0024981075504254347	0.0015654004636360226	0.0
-0.002478040875483718	0.0015599618551832301	0.0
-0.0024580929382635505	0.0015542966380449046	0.0
-0.0024385012142080285	0.001548348160049663	0.0
-0.002419146965595604	0.0015421164211975049	0.0
-0.0023997927169831794	0.001535658073659814	0.0
-0.002380557206092303	0.0015288598130938234	0.0
-0.0023613216952014272	0.0015218349438422998	0.0
-0.0023419674465890027	0.0015144701615624767	0.0
-0.002322494460255029	0.0015068787705971207	0.0
-0.002302783998477959	0.0014990041187748484	0.0
-0.00228295479897934	0.001490902858267043	0.0
-0.0022628881240376233	0.001482461684730938	0.0
-0.002242702711374358	0.001473737250337917	0.0
-0.002222279823267996	0.0014647295550879794	0.0
-0.0022019756728831824	0.0014554385989811256	0.0
-0.0021814340470552715	0.001445921034188739	0.0
-0.0021610111589489096	0.0014361768607108192	0.0
-0.00214035079539945	0.0014262627307187496	0.0
-0.0021196904318499903	0.0014162352963839136	0.0
-0.0020989113305789823	0.0014060945577063111	0.0
-0.002077894753864877	0.0013957838625145587	0.0
-0.0020566407017076744	0.001385416515151423	0.0
-0.0020351491741073748	0.0013749358634455211	0.0
-0.002013420171063978	0.0013643419073968526	0.0
-0.0019914536925774834	0.001353577994834034	0.0
-0.001969249738647892	0.0013427574300998327	0.0
-0.001946927046996752	0.0013318235610228644	0.0
-0.0019243668799025146	0.001320833039774513	0.0
-0.0019018067128082773	0.0013098425185261618	0.0
-0.0018790090702709426	0.0012988519972778104	0.0
-0.0018560926900120594	0.0012879181282008424	0.0
-0.001832938834310079	0.0012770975634666406	0.0
-0.0018095475031650015	0.0012663903030752056	0.0
-0.0017857999588552778	0.0012558529991979202	0.0
-0.0017619336768240057	0.0012454856518347847	0.0
-0.0017375924439065392	0.0012352316088144156	0.0
-0.001712776260102878	0.0012251475223081963	0.0
-0.0016877226008561196	0.0012151767401447436	0.0
-0.001662193990723167	0.0012053759144954406	0.0
-0.0016361904297040198	0.0011957450453602872	0.0
-0.0016097119177986782	0.0011862274805679006	0.0
-0.001582995930450239	0.0011768798722896635	0.0
-0.001555686254494057	0.0011677022205255764	0.0
-0.0015280203653732292	0.0011586378731042555	0.0
-0.0014999982630877556	0.0011498001343684678	0.0
-0.0014713824721945385	0.0011410756999754466	0.0
-0.0014422917304151273	0.0011325778742679584	0.0
-0.001412607300027973	0.0011243066572460035	0.0
-0.0013823291810330753	0.001116262048909581	0.0
-0.0013515761111519836	0.0011083873970873087	0.0
-0.0013204668281062456	0.0011007393539505695	0.0
-0.001289001331895862	0.0010931479629852135	0.0
-0.0012575358356854784	0.0010856132241912407	0.0
-0.0012260703394750946	0.0010780784853972678	0.0
-0.0011947235809862597	0.001070317137917762	0.0
-0.001163614297940522	0.0010624424860954896	0.0
-0.0011327424903378814	0.001054284573416301	0.0
-0.0011022268958998866	0.0010459567042229625	0.0
-0.0010720675146265377	0.001037402226344091	0.0
-0.0010422643465178348	0.0010286211397796865	0.0
-0.0010129361292953263	0.0010196700967011322	0.0
-0.0009840828629590122	0.0010105490971084284	0.0
-0.0009558232852304412	0.0010012014888301916	0.0
-0.0009280386583880648	0.0009916839240378048	0.0
-0.0009009664578749799	0.0009819964027312682	0.0
-0.0008743692082480896	0.0009720822727391986	0.0
-0.0008483656472289423	0.0009620548384043626	0.0
-0.0008229557748175383	0.0009518574475553767	0.0
-0.0007980208532923286	0.0009416034045350077	0.0
-0.0007736796203748619	0.0009313493615146387	0.0
-0.0007498133383435898	0.0009210953184942696	0.0
-0.0007265407449200608	0.0009108412754739007	0.0
-0.0007037431023827262	0.0009006438846249148	0.0
-0.0006816578861746832	0.0008905031459473122	0.0
-0.0006600476208528349	0.0008803057550983265	0.0
-0.0006391497818602783	0.0008702216685921071	0.0
-0.0006189643691970133	0.0008600809299145046	0.0
-0.0005996101205845886	0.0008499401912369021	0.0
-0.0005810870360230042	0.0008398561047306827	0.0
-0.0005636325909553575	0.0008297153660530802	0.0
-0.0005472467853816483	0.0008195179752040943	0.0
-0.0005319296193018766	0.0008093205843551086	0.0
-0.0005179185681591398	0.0007990098891633563	0.0
-0.0005052136319534376	0.0007887558461429872	0.0
-0.000493933548406319	0.0007784451509512349	0.0
-0.0004839595797962351	0.0007681911079308657	0.0
-0.0004756479392878319	0.00075799371708188	0.0
-0.0004688798891595607	0.0007479096305756607	0.0
-0.0004636554294114215	0.0007379388484122079	0.0
-0.0004598558223218657	0.000728138022762905	0.0
-0.00045771854333399067	0.0007183938492849852	0.0
-0.00045700611700469893	0.0007088762844925984	0.0
-0.00045759980561244204	0.0006994720240429781	0.0
-0.00045926213371412267	0.0006902943722788909	0.0
-0.0004621118390312895	0.0006813433292003367	0.0
-0.0004657927083992966	0.0006727321991500821	0.0
-0.00047006726637504687	0.0006644609821281268	0.0
-0.0004749355129585401	0.0006566429824772377	0.0
-0.00048004123498513075	0.0006492782001974147	0.0
-0.0004852656947332699	0.0006422533309458911	0.0
-0.0004906088922029577	0.0006356816790654336	0.0
-0.0004957146142295483	0.0006293932880418924	0.0
-0.0005007015985345902	0.0006233881578752674	0.0
-0.0005052136319534376	0.0006175529842227923	0.0
-0.0005093694522076394	0.0006118877670844668	0.0
-0.0005129315838540978	0.0006063358542889078	0.0
-0.0005159000268928132	0.0006008405936647322	0.0
-0.0005182747813237856	0.0005955152895547062	0.0
-0.0005198183717039177	0.0005903032897874469	0.0
-0.0005206495357547579	0.0005852612465343372	0.0
-0.0005205307980332093	0.0005802758554526108	0.0
-0.0005195808962608204	0.0005753471165422677	0.0
-0.0005176810927160425	0.0005703617254605412	0.0
-0.0005150688628419729	0.0005652063778646651	0.0
-0.000511625468917063	0.0005597677694118727	0.0
-0.0005077071241059586	0.0005539892479307808	0.0
-0.0005033138284086598	0.0005477575090786227	0.0
-0.0004985643195467151	0.0005411858571981651	0.0
-0.0004936960729632218	0.0005342742922894081	0.0
-0.0004887090886581798	0.0005271361186951182	0.0
-0.0004836033666315893	0.0005198846407580615	0.0
-0.0004784976446049987	0.0005126898149923882	0.0
-0.00047327318485685955	0.0005054949892267149	0.0
-0.0004680487251087204	0.0004984701199751913	0.0
-0.0004628242653605812	0.000491501902895051	0.0
-0.00045759980561244204	0.0004847036423290605	0.0
-0.00045261282130740004	0.0004780186861058365	0.0
-0.0004477445747239068	0.000471447034225379	0.0
-0.0004432325413050593	0.0004650453388590712	0.0
-0.0004391954587724063	0.00045870029566414674	0.0
-0.0004356333271259478	0.00045252520898337196	0.0
-0.00043254614636568375	0.000446520078816747	0.0
-0.00043005265421316275	0.00044062825299288856	0.0
-0.0004282715883899335	0.00043484973151179657	0.0
-0.0004269654734528987	0.0004293544708876209	0.0
-0.0004263717848451556	0.00042408581894897823	0.0
-0.0004263717848451556	0.00041921373221001835	0.0
-0.0004269654734528987	0.00041479486284212453	0.0
-0.0004281528506683849	0.00041082921084529666	0.0
-0.0004296964410485169	0.0004074867327336847	0.0
-0.00043159624459329475	0.000404654124164522	0.0
-0.0004337335235811699	0.00040233138513780855	0.0
-0.000435870802569045	0.0004005185156535444	0.0
-0.00043812681927846874	0.0003989889070261965	0.0
-0.00044026409826634384	0.00039779921142714815	0.0
-0.00044240137725421895	0.0003967794723422496	0.0
-0.00044430118079899684	0.00039592968977150076	0.0
-0.0004460822466222261	0.0003950799072007519	0.0
-0.0004477445747239068	0.00039428677680138644	0.0
-0.00044940690282558736	0.00039343699423063754	0.0
-0.00045083175548417084	0.000392417255145739	0.0
-0.00045237534586430283	0.0003911709073753074	0.0
-0.00045380019852288625	0.0003895846465765763	0.0
-0.00045522505118146967	0.0003875451684067791	0.0
-0.0004568873792831503	0.00038499582069453263	0.0
-0.00045854970738483093	0.00038187995126845366	0.0
-0.0004605682486511574	0.0003781975601285421	0.0
-0.00046270552763903256	0.0003740052994461813	0.0
-0.0004650802820700049	0.0003693031692213712	0.0
-0.0004678112496656231	0.0003642044737968783	0.0
-0.0004708984304258872	0.00035865256100131934	0.0
-0.0004743418243507971	0.00035270408300607767	0.0
-0.0004781414314403528	0.00034641569198253636	0.0
-0.0004825347271376517	0.0003398440401020789	0.0
-0.000487402973721145	0.0003328758230219386	0.0
-0.0004928649089123814	0.00032568099725626526	0.0
-0.0004989205327113609	0.00031814625846229237	0.0
-0.0005054511073965349	0.0003103282588114033	0.0
-0.0005126941084110005	0.0003022269983035979	0.0
-0.0005206495357547579	0.000294012433453026	0.0
-0.0005291986517062583	0.0002856845642596876	0.0
-0.0005384601939870506	0.0002773000428949659	0.0
-0.0005485529003186831	0.0002691421302157773	0.0
-0.0005594767707011558	0.00026121082622212164	0.0
-0.0005709943296913718	0.00025367608742814886	0.0
-0.0005832243150108794	0.000246594566005242	0.0
-0.0005959292512165815	0.00024007956629616776	0.0
-0.0006089904005869293	0.0002341877404723093	0.0
-0.0006222890254003746	0.0002288624363622834	0.0
-0.0006357063879353684	0.00022416030613747328	0.0
-0.0006490050127488135	0.00022008134979787893	0.0
-0.0006620661621191615	0.0002166255673435004	0.0
-0.0006750085737679607	0.00021373630660295444	0.0
-0.0006875947722521142	0.00021147021974762426	0.0
-0.0006998247575716218	0.00020977065460612662	0.0
-0.000711579792004935	0.00020863761117846153	0.0
-0.0007228598755520536	0.000208071089464629	0.0
-0.0007336650082129778	0.000208071089464629	0.0
-0.0007439951899877075	0.000208524306835695	0.0
-0.0007537316831546942	0.00020937408940644383	0.0
-0.0007632307008785836	0.00021067708934825868	0.0
-0.0007724922431593757	0.0002122633501469898	0.0
-0.0007817537854401679	0.0002140195674598707	0.0
-0.0007912528031640574	0.00021594574128690138	0.0
-0.0008013455094956899	0.00021781526294254876	0.0
-0.0008119131667135167	0.0002196281324268129	0.0
-0.0008230745125390868	0.00022121439322554402	0.0
-0.0008349482846939486	0.00022257404533874213	0.0
-0.000847534483178102	0.00022365043659502396	0.0
-0.0008607143702699985	0.00022438691482300628	0.0
-0.0008744879459696382	0.0002247268278513058	0.0
-0.0008889739479985696	0.00022478348002268907	0.0
-0.0009038161631921467	0.00022444356699438954	0.0
-0.0009191333292719184	0.00022382039310917375	0.0
-0.0009346879707947872	0.0002228573061956584	0.0
-0.0009504800877607535	0.0002216109584252268	0.0
-0.0009662722047267196	0.0002200246976264957	0.0
-0.0009820643216926857	0.00021815517597084829	0.0
-0.0009978564386586518	0.00021594574128690138	0.0
-0.0010134110801815208	0.00021356635008880467	0.0
-0.0010287282462612924	0.0002109036980337917	0.0
-0.0010436891991764182	0.00020818439380739548	0.0
-0.0010582939389268981	0.00020540843740961604	0.0
-0.0010725424655127322	0.00020263248101183657	0.0
-0.0010861973034908233	0.00020002648112820684	0.0
-0.0010992584528611714	0.0001975904377587269	0.0
-0.0011119633890668732	0.00019538100307478	0.0
-0.001124193374386381	0.00019351148141913258	0.0
-0.0011358296710981455	0.00019192522062040147	0.0
-0.0011469910169237154	0.00019073552502135312	0.0
-0.0011575586741415424	0.0001897724381078378	0.0
-0.001167651380473175	0.00018909261205123874	0.0
-0.001177031660475516	0.00018858274250878944	0.0
-0.0011860557273132106	0.00018812952513772341	0.0
-0.0011946048432647112	0.00018756300342389088	0.0
-0.0012031539592162114	0.00018688317736729183	0.0
-0.0012118218128892605	0.00018597674262515974	0.0
-0.001220727142005407	0.00018478704702611142	0.0
-0.0012298699465646506	0.0001834273949129133	0.0
-0.0012393689642885399	0.00018184113411418219	0.0
-0.0012493429328986239	0.00018014156897268454	0.0
-0.0012594356392302563	0.00017827204731703713	0.0
-0.0012698845587265346	0.0001763458734900065	0.0
-0.0012805709536659103	0.00017430639532020934	0.0
-0.001291494824048383	0.00017215361280764567	0.0
-0.0013027749075955018	0.00016994417812369873	0.0
-0.0013144112043072663	0.00016767809126836856	0.0
-0.001326284976462128	0.00016535535224165512	0.0
-0.0013383962240600868	0.00016297596104355845	0.0
-0.0013506262093795948	0.00016059656984546174	0.0
-0.0013628561946991023	0.0001581605264759818	0.0
-0.0013749674422970613	0.00015572448310650187	0.0
-0.0013869599521734715	0.00015328843973702193	0.0
-0.0013985962488852362	0.00015085239636754196	0.0
-0.0014098763324323547	0.00014841635299806202	0.0
-0.0014208002028148275	0.00014598030962858211	0.0
-0.0014313678600326545	0.00014354426625910218	0.0
-0.001441460566364287	0.0001411082228896222	0.0
-0.0014511970595312736	0.00013867217952014227	0.0
-0.0014603398640905172	0.00013617948397927907	0.0
-0.001469126455485115	0.00013374344060979913	0.0
-0.001477438095993518	0.00013125074506893596	0.0
-0.001485274785615727	0.00012875804952807275	0.0
-0.0014925177866301927	0.00012620870181582631	0.0
-0.001499167099036915	0.00012365935410357985	0.0
-0.001505103985114346	0.0001211100063913334	0.0
-0.0015104471825840339	0.00011861731085047018	0.0
-0.0015149592160028813	0.00011618126748099026	0.0
-0.001518758823092437	0.00011385852845427682	0.0
-0.0015217272661311526	0.0001116490937703299	0.0
-0.0015237458073974791	0.00010966626777191599	0.0
-0.0015249331846129651	0.00010791005045903509	0.0
-0.0015251706600560625	0.00010632378966030399	0.0
-0.0015245769714483193	0.00010507744188987237	0.0
-0.001523152118789736	0.0001040577028049738	0.0
-0.0015210148398018609	0.00010337787674837474	0.0
-0.0015182838722062426	0.0001029246593773087	0.0
-0.0015150779537244298	0.0001026980506917757	0.0
-0.0015115158220779714	0.00010258474634900917	0.0
-0.001507834952709964	0.00010252809417762593	0.0
-0.0015040353456204085	0.0001023014854920929	0.0
-0.001500117000809304	0.00010173496377826036	0.0
-0.0014961986559981998	0.00010082852903612829	0.0
-0.0014922803111870953	9.952552909431344e-05	0.0
-0.0014885994418190882	9.776931178143256e-05	0.0
-0.0014850373101726296	9.567318144025214e-05	0.0
-0.001481831391690817	9.335044241353871e-05	0.0
-0.0014788629486521014	9.097105121544201e-05	0.0
-0.0014762507187780318	8.864831218872859e-05	0.0
-0.0014739947020686083	8.655218184754816e-05	0.0
-0.0014719761608022817	8.473931236328403e-05	0.0
-0.0014701950949790525	8.332300807870267e-05	0.0
-0.0014686515045989204	8.230326899380408e-05	0.0
-0.0014674641273834342	8.168009510858829e-05	0.0
-0.0014663954878894967	8.151013859443852e-05	0.0
-0.001465683061560205	8.162344293720502e-05	0.0
-0.0014650893729524618	8.213331247965432e-05	0.0
-0.0014646144220662673	8.281313853625337e-05	0.0
-0.0014643769466231701	8.377622544976871e-05	0.0
-0.0014640207334585243	8.496592104881705e-05	0.0
-0.0014637832580154271	8.632557316201516e-05	0.0
-0.0014633083071292326	8.785518178936303e-05	0.0
-0.001462595880799941	8.955474693086066e-05	0.0
-0.001461645979027552	9.142426858650805e-05	0.0
-0.0014602211263689687	9.335044241353871e-05	0.0
-0.001458558798267288	9.533326841195261e-05	0.0
-0.0014565402570009614	9.731609441036652e-05	0.0
-0.0014540467648484405	9.924226823739717e-05	0.0
-0.0014513157972528225	0.00010111178989304457	0.0
-0.0014482286164925581	0.0001029246593773087	0.0
-0.0014447852225676484	0.00010462422451880633	0.0
-0.0014412230909211898	0.00010626713748892072	0.0
-0.0014373047461100855	0.00010779674611626859	0.0
-0.001433386401298981	0.0001092697025722332	0.0
-0.0014293493187663281	0.00011068600685681457	0.0
-0.001425312236233675	0.00011210231114139594	0.0
-0.001421275153701022	0.00011346196325459404	0.0
-0.001417238071168369	0.00011476496319640889	0.0
-0.0014133197263572646	0.00011612461530960699	0.0
-0.0014094013815461603	0.00011742761525142184	0.0
-0.0014056017744566046	0.00011873061519323671	0.0
-0.0014018021673670488	0.00012003361513505155	0.0
-0.0013982400357205901	0.00012133661507686641	0.0
-0.0013946779040741317	0.00012269626719006453	0.0
-0.0013912345101492218	0.00012411257147464588	0.0
-0.001387791116224312	0.000125698832273377	0.0
-0.0013844664600209506	0.00012751170175764114	0.0
-0.001380904328374492	0.00012949452775605505	0.0
-0.0013772234590064848	0.00013170396244000196	0.0
-0.001373423851916929	0.00013419665798086516	0.0
-0.0013693867693842761	0.00013685931003587813	0.0
-0.001365112211408526	0.00013980522294780736	0.0
-0.0013606001779896783	0.00014292109237388638	0.0
-0.0013559694068492822	0.00014626357048549838	0.0
-0.001351101160265789	0.0001498326572826434	0.0
-0.0013459954382391986	0.00015362835276532146	0.0
-0.001340889716212608	0.00015759400476214928	0.0
-0.0013356652564644688	0.00016172961327312683	0.0
-0.0013303220589947812	0.00016609183046963744	0.0
-0.0013250975992466418	0.0001706240041802978	0.0
-0.0013198731394985026	0.00017526948223372466	0.0
-0.0013148861551934609	0.00017997161245853478	0.0
-0.0013100179086099673	0.00018478704702611142	0.0
-0.0013055058751911199	0.00018954582942230477	0.0
-0.0013013500549369185	0.00019430461181849814	0.0
-0.0012975504478473625	0.00019895008987192502	0.0
-0.0012941070539224527	0.00020348226358258537	0.0
-0.0012911386108837373	0.00020784448077909595	0.0
-0.0012886451187312162	0.00021215004580422332	0.0
-0.0012867453151864383	0.0002162856543152009	0.0
-0.001285320462527855	0.0002202513063120287	0.0
-0.001284370560755466	0.00022410365396609	0.0
-0.0012838956098692716	0.00022778604510600154	0.0
-0.00128401434759082	0.00023129847973176333	0.0
-0.0012847267739201117	0.00023464095784337532	0.0
-0.0012859141511355982	0.00023775682726945432	0.0
-0.00128745774151573	0.00024058943583861702	0.0
-0.001289595020503605	0.0002431387835508635	0.0
-0.0012919697749345775	0.00024534821823481043	0.0
-0.0012948194802517444	0.00024716108771907454	0.0
-0.001298025398733557	0.0002486340441750392	0.0
-0.0013013500549369185	0.0002497670876027043	0.0
-0.0013050309243049253	0.00025044691365930336	0.0
-0.0013088305313944813	0.00025078682668760283	0.0
-0.0013127488762055856	0.0002508434788589861	0.0
-0.0013166672210166899	0.0002506168701734531	0.0
-0.0013205855658277943	0.00025027695714515357	0.0
-0.0013245039106388988	0.0002497670876027043	0.0
-0.0013281847800069057	0.00024931387023163825	0.0
-0.001331865649374913	0.00024891730503195545	0.0
-0.0013351903055782743	0.0002486340441750392	0.0
-0.0013382774863385384	0.00024852073983227266	0.0
-0.0013411271916557053	0.0002485773920036559	0.0
-0.0013435019460866775	0.0002487473485178057	0.0
-0.0013454017496314554	0.000249030609374722	0.0
-0.0013468266022900388	0.0002493705224030215	0.0
-0.0013476577663408791	0.0002497670876027043	0.0
-0.001348013979505525	0.00025005034845962057	0.0
-0.0013477765040624276	0.00025033360931653683	0.0
-0.001347064077733136	0.00025044691365930336	0.0
-0.00134587670051765	0.00025039026148792004	0.0
-0.0013444518478590664	0.00025016365280238704	0.0
-0.0013426707820358374	0.0002497670876027043	0.0
-0.0013406522407695108	0.0002492005658888717	0.0
-0.0013385149617816357	0.0002484074354895062	0.0
-0.0013361402073506633	0.0002474443485759908	0.0
-0.0013335279774765935	0.0002462546529769425	0.0
-0.0013307970098809755	0.00024489500086374437	0.0
-0.00132782856684226	0.00024325208789363002	0.0
-0.001324741386081996	0.0002413825662379826	0.0
-0.0013214167298786347	0.00023928643589680217	0.0
-0.0013179733359537248	0.0002369070446987055	0.0
-0.0013144112043072663	0.00023435769698645906	0.0
-0.0013106115972177103	0.00023175169710282933	0.0
-0.0013065745146850574	0.00022903239287643313	0.0
-0.0013025374321524045	0.00022636974082142016	0.0
-0.0012982628741766541	0.00022382039310917375	0.0
-0.0012938695784793556	0.00022138434973969378	0.0
-0.0012893575450605079	0.00021911826288436358	0.0
-0.0012847267739201117	0.00021696548037179994	0.0
-0.001279977265058167	0.0002149260022020028	0.0
-0.0012751090184746738	0.00021299982837497212	0.0
-0.0012701220341696318	0.00021124361106209124	0.0
-0.0012648975744214929	0.00020960069809197686	0.0
-0.0012596731146733535	0.000208071089464629	0.0
-0.0012543299172036657	0.00020665478518004762	0.0
-0.0012487492442908807	0.00020535178523823277	0.0
-0.0012431685713780959	0.0002040487852964179	0.0
-0.0012375878984653107	0.0002028024375259863	0.0
-0.001231888487830977	0.00020149943758417146	0.0
-0.001226307814918192	0.00020013978547097337	0.0
-0.0012208458797269557	0.00019866682901500873	0.0
-0.0012155026822572679	0.0001969672638735111	0.0
-0.0012103969602306772	0.00019504109004648046	0.0
-0.0012054099759256354	0.00019283165536253353	0.0
-0.0012007792047852392	0.00019033895982167035	0.0
-0.0011963859090879402	0.00018750635125250762	0.0
-0.0011921113511121901	0.0001842771774836621	0.0
-0.0011881930063010857	0.00018065143851513383	0.0
-0.0011846308746546273	0.00017668578651830602	0.0
-0.0011811874807297173	0.00017226691715041217	0.0
-0.0011781002999694532	0.0001675081347542188	0.0
-0.0011752505946522865	0.0001622961349869594	0.0
-0.001172638364778217	0.0001568008743627837	0.0
-0.001170144872625696	0.00015090904853892523	0.0
-0.001167651380473175	0.00014467730968676724	0.0
-0.0011652766260422025	0.00013821896214907622	0.0
-0.0011629018716112303	0.00013153400592585222	0.0
-0.0011604083794587092	0.00012473574535986167	0.0
-0.0011579148873061883	0.00011788083262248789	0.0
-0.001155302657432119	0.00011108257205649735	0.0
-0.0011525716898365007	0.00010445426800465657	0.0
-0.001149959459962431	9.799592046696556e-05	0.0
-0.001147109754645264	9.187748595757408e-05	0.0
-0.0011442600493280972	8.604231230509887e-05	0.0
-0.001141291606289382	8.060370385230645e-05	0.0
-0.0011383231632506664	7.550500842781354e-05	0.0
-0.0011352359824904025	7.074622603162018e-05	0.0
-0.0011320300640085897	6.632735666372633e-05	0.0
-0.0011287054078052284	6.219174815274875e-05	0.0
-0.0011252620138803185	5.8396052670070706e-05	0.0
-0.0011218186199554085	5.494027021569218e-05	0.0
-0.0011182564883089501	5.171109644684668e-05	0.0
-0.0011144568812193943	4.88218357063007e-05	0.0
-0.0011105385364082899	4.6159183651287736e-05	0.0
-0.0011063827161540882	4.3779792453191055e-05	0.0
-0.001101870682735241	4.162700994062738e-05	0.0
-0.0010970024361517474	3.970083611359673e-05	0.0
-0.0010917779764036085	3.80012709720991e-05	0.0
-0.0010859598280477261	3.6584966687517734e-05	0.0
-0.0010796667288056495	3.533861891708614e-05	0.0
-0.0010727799409558294	3.42622276608043e-05	0.0
-0.0010652994644982665	3.335579291867223e-05	0.0
-0.0010572252994329606	3.2449358176540165e-05	0.0
-0.0010485574457599117	3.1542923434408086e-05	0.0
-0.0010392959034791194	3.0579836520892764e-05	0.0
-0.0010295594103121328	2.9503445264610927e-05	0.0
-0.0010193479662589516	2.837040183694584e-05	0.0
-0.0010087803090411246	2.7124054066514242e-05	0.0
-0.0009976189632155547	2.587770629608264e-05	0.0
-0.0009862201419468873	2.4518054182884536e-05	0.0
-0.0009742276320704769	2.3215054241069685e-05	0.0
-0.0009617601713078721	2.1855402127871576e-05	0.0
-0.0009488177596590728	2.0552402186056725e-05	0.0
-0.000935400397124079	1.9249402244241874e-05	0.0
-0.0009212706082597936	1.794640230242702e-05	0.0
-0.0009066658685093136	1.6643402360612167e-05	0.0
-0.0008913487024295419	1.5340402418797313e-05	0.0
-0.0008755565854635757	1.3980750305599206e-05	0.0
-0.0008590520421683179	1.2677750363784353e-05	0.0
-0.0008418350725437685	1.1318098250586246e-05	0.0
-0.0008240244143114758	9.901793966004884e-06	0.0
-0.0008056200674714401	8.485489681423524e-06	0.0
-0.000786384556580564	7.012533225458908e-06	0.0
-0.0007665553570819449	5.426272426727783e-06	0.0
-0.000746013731254034	3.840011627996658e-06	0.0
-0.0007247596790968315	2.1404464864990245e-06	0.0
-0.0007029119383318858	3.8422917361813623e-07	0.0
-0.0006803517712376486	-1.485292482029261e-06	0.0
-0.0006570791778141195	-3.4681184804431672e-06	0.0
-0.0006330941580612988	-5.564248821623581e-06	0.0
-0.0006085154497007349	-7.717031334187251e-06	0.0
-0.0005832243150108794	-9.98311818951743e-06	0.0
-0.0005572207539917321	-1.2475813730380626e-05	0.0
-0.0005307422420863904	-1.5138465785393586e-05	0.0
-0.0005036700415733057	-1.814103086870607e-05	0.0
-0.0004763603656171236	-2.154016115170134e-05	0.0
-0.0004486944764962957	-2.5335856634379385e-05	0.0
-0.00042079111193237055	-2.958476948812347e-05	0.0
-0.00039276900964689684	-3.434355188431685e-05	0.0
-0.0003647469073614231	-3.955555165157626e-05	0.0
-0.0003367248050759493	-4.527742096128496e-05	0.0
-0.000308583965068927	-5.145250764205969e-05	0.0
-0.00028056186278345327	-5.808081169390047e-05	0.0
-0.0002525397604979795	-6.516233311680727e-05	0.0
-0.00022463639593405438	-7.264041973939687e-05	0.0
-0.00019673303137012927	-8.051507156166924e-05	0.0
-0.00016882966680620414	-8.878628858362438e-05	0.0
-0.00014116377768537625	-9.734076646249581e-05	0.0
-0.00011337915084299974	-0.00010629180954105002	0.0
-8.583199944372048e-05	-0.00011552611347652049	0.0
-5.840358576598982e-05	-0.00012510033044029048	0.0
-3.109390980980778e-05	-0.00013490115608959352	0.0
-4.021709296722983e-06	-0.00014487193825304628	0.0
2.2813015773264585e-05	-0.00015501267693064885	0.0
4.941026540015491e-05	-0.0001651534156082514	0.0
7.553256414085077e-05	-0.0001753508064572372	0.0
0.00010129864971690078	-0.00018532158862069	0.0
0.0001265897844067563	-0.000195122414269993	0.0
0.00015140596821041738	-0.00020463997906237976	0.0
0.00017586593884943262	-0.00021381763082646695	0.0
0.00019996969632380196	-0.0002227120217336379	0.0
0.00022359850291197686	-0.00023126649961250934	0.0
0.0002469898340570545	-0.00023948106446308124	0.0
0.0002701436897590349	-0.00024729906411397035	0.0
0.0002928225945748209	-0.00025483380290794325	0.0
0.0003152640239475096	-0.00026197197650223324	0.0
0.0003374679778771011	-0.00026877023706822377	0.0
0.0003593157186420467	-0.00027517193243453155	0.0
0.0003808072462423465	-0.000281290366943923	0.0
0.00040206129839954905	-0.0002869555840822485	0.0
0.0004228403996705571	-0.0002922808881922744	0.0
0.0004432632877769193	-0.0002972662792740008	0.0
0.0004632112249970871	-0.0003017984529846611	0.0
0.00048268421133106033	-0.000305990713667022	0.0
0.0005015635090572906	-0.0003097864091497	0.0
0.0005198491181757776	-0.0003131855394326953	0.0
0.0005375410386865216	-0.0003161314523446245	0.0
0.000554520532867974	-0.00031873745222825423	0.0
0.000570668862998586	-0.00032089023474081793	0.0
0.0005861047667999062	-0.00032270310422508205	0.0
0.0006007095065503861	-0.0003241194085096634	0.0
0.0006143643445284772	-0.0003251957997659453	0.0
0.0006271880184557279	-0.00032587562582254433	0.0
0.0006390617906105897	-0.0003262155388508438	0.0
0.0006499856609930624	-0.0003262721910222271	0.0
0.000660078367324695	-0.0003259889301653108	0.0
0.0006692211718839385	-0.00032547906062286154	0.0
0.0006774140746707931	-0.00032468593022349596	0.0
0.0006846570756852588	-0.0003237794954813639	0.0
0.0006909501749273355	-0.0003227597563964653	0.0
0.000696412110118572	-0.00032168336514018346	0.0
0.0007013990944236138	-0.00032060697388390166	0.0
0.0007059111278424614	-0.0003195305826276198	0.0
0.0007104231612613088	-0.00031851084354272117	0.0
0.0007150539324017049	-0.00031760440880058917	0.0
0.0007201596544282955	-0.00031664132188707385	0.0
0.0007256215896195319	-0.000315791539316325	0.0
0.0007316772134185113	-0.00031488510457419294	0.0
0.0007383265258252339	-0.0003140353220034441	0.0
0.000745450789118151	-0.00031312888726131203	0.0
0.0007532874787403597	-0.00031222245251917997	0.0
0.0007617178569703116	-0.00031131601777704786	0.0
0.0007707419238080066	-0.0003102962786921493	0.0
0.0007804784169749931	-0.0003092198874358675	0.0
0.0007909273364712715	-0.00030803019183681915	0.0
0.0008018512068537443	-0.0003067271918950043	0.0
0.0008133687658439603	-0.00030525423543903966	0.0
0.0008252425379988219	-0.00030361132246892533	0.0
0.0008377099987614268	-0.0003017984529846611	0.0
0.0008505336726886775	-0.0002998722791576305	0.0
0.0008638322975021227	-0.00029783280098783334	0.0
0.0008774871354802137	-0.00029584997498941943	0.0
0.0008914981866229506	-0.00029398045333377205	0.0
0.0009057467132087847	-0.0002922808881922744	0.0
0.0009201139775161675	-0.00029075127956492656	0.0
0.0009345999795450987	-0.00028939162745172844	0.0
0.0009489672438524815	-0.0002883152361954466	0.0
0.0009633345081598643	-0.0002874088014533145	0.0
0.0009774642970241496	-0.0002866723232253322	0.0
0.0009914753481668865	-0.0002861058015114997	0.0
0.001005248923866526	-0.0002857092363118169	0.0
0.00101866628640152	-0.00028553927979766715	0.0
0.0010318461734934166	-0.00028553927979766715	0.0
0.0010446698474206673	-0.0002857092363118169	0.0
0.0010572560459048207	-0.0002861058015114997	0.0
0.001069604768945877	-0.000286615671053949	0.0
0.0010817160165438357	-0.00028723884493916474	0.0
0.0010937085264202462	-0.0002878620188243806	0.0
0.0011057010362966566	-0.0002884285405382131	0.0
0.001117693546173067	-0.0002888251057378959	0.0
0.0011299235314925747	-0.00028899506225204565	0.0
0.0011422722545336309	-0.0002888251057378959	0.0
0.0011548584530177845	-0.0002883152361954466	0.0
0.0011674446515019376	-0.0002874088014533145	0.0
0.0011802683254291883	-0.0002861058015114997	0.0
0.001193091999356439	-0.00028440623637000204	0.0
0.0012057969355621413	-0.0002824800625429714	0.0
0.0012183831340462946	-0.00028021397568764116	0.0
0.0012306131193658024	-0.0002778345844895445	0.0
0.001242486891520664	-0.0002752852367772981	0.0
0.0012540044505108799	-0.0002726792368936684	0.0
0.001264809583171804	-0.00026995993266727214	0.0
0.0012751397649465339	-0.0002671839762694927	0.0
0.0012848762581135205	-0.00026435136770032995	0.0
0.0012939003249512154	-0.000261462106959784	0.0
0.0013022119654596187	-0.0002584595418764715	0.0
0.0013096924419171816	-0.00025534367245039246	0.0
0.0013163417543239043	-0.0002521711508529302	0.0
0.001322278640401335	-0.00024894197708408473	0.0
0.0013271468869848284	-0.00024565615114385597	0.0
0.0013310652317959327	-0.0002422570208608607	0.0
0.0013340336748346481	-0.0002389145427492487	0.0
0.0013359334783794262	-0.00023551541246625342	0.0
0.0013367646424302664	-0.00023217293435464143	0.0
0.0013364084292656205	-0.0002288304562430294	0.0
0.0013348648388854885	-0.0002256012824741839	0.0
0.0013321338712898702	-0.00022254206521948817	0.0
0.001328215526478766	-0.00021965280447894218	0.0
0.001323228542173724	-0.00021704680459531248	0.0
0.0013171729183747444	-0.00021483736991136554	0.0
0.0013104048682464732	-0.00021302450042710142	0.0
0.001303043129510459	-0.00021160819614252004	0.0
0.0012950877021667016	-0.00021070176140038798	0.0
0.0012870135371013955	-0.00021024854402932195	0.0
0.0012787018965929925	-0.00021024854402932195	0.0
0.0012702715183630405	-0.00021064510922900472	0.0
0.0012617224024115401	-0.0002115515439711368	0.0
0.0012532920241815882	-0.0002129111960843349	0.0
0.0012448616459516365	-0.0002146674133972158	0.0
0.001236668743164782	-0.0002168768480811627	0.0
0.0012285945780994758	-0.00021942619579340918	0.0
0.0012208766261988155	-0.0002222588043625719	0.0
0.0012135148874628013	-0.0002253746737886509	0.0
0.001206509361891433	-0.00022860384755749637	0.0
0.001199978787206259	-0.00023188967349772513	0.0
0.001194041901128828	-0.00023523215160933716	0.0
0.0011884612282160429	-0.00023857462972094918	0.0
0.001183474243911001	-0.00024186045566117792	0.0
0.0011789622104921536	-0.0002452029337727899	0.0
0.0011751626034025978	-0.000248545411884402	0.0
0.0011719566849207853	-0.00025188788999601396	0.0
0.0011694631927682642	-0.00025528702027900925	0.0
0.0011674446515019376	-0.000258799454904771	0.0
0.001166138536564903	-0.0002623118895305328	0.0
0.0011654261102356112	-0.0002659942806704443	0.0
0.001165188634792514	-0.0002697899761531224	0.0
0.0011654261102356112	-0.00027369897597856696	0.0
0.0011659010611218058	-0.000277721280146778	0.0
0.001166732225172646	-0.0002818568886577556	0.0
0.001167682126945035	-0.0002861058015114997	0.0
0.0011687507664389725	-0.00029046801870801024	0.0
0.0011698194059329102	-0.0002949435402472874	0.0
0.0011708880454268475	-0.00029941906178656446	0.0
0.0011718379471992366	-0.00030400788766860807	0.0
0.001172669111250077	-0.0003085967135506517	0.0
0.0011733815375793686	-0.0003131855394326953	0.0
0.0011738564884655632	-0.0003177177131433557	0.0
0.0011742127016302088	-0.0003221932346826327	0.0
0.0011742127016302088	-0.0003265554518791434	0.0
0.0011739752261871116	-0.0003308610169042707	0.0
0.0011733815375793686	-0.0003349966254152483	0.0
0.0011725503735285283	-0.0003390189295834593	0.0
0.0011714817340345907	-0.0003429279294089039	0.0
0.0011701756190975559	-0.0003466669727201987	0.0
0.001168632028717424	-0.0003502360595173437	0.0
0.001166732225172646	-0.000353635189800339	0.0
0.0011647136839063195	-0.0003569210157405677	0.0
0.0011624576671968958	-0.00036003688516664673	0.0
0.0011599641750443747	-0.0003630961024213425	0.0
0.0011573519451703051	-0.000366098667504655	0.0
0.001154620977574687	-0.0003691012325879675	0.0
0.0011517712722575201	-0.0003721604498426632	0.0
0.001148802829218805	-0.0003753329714401255	0.0
0.0011458343861800893	-0.0003785621452089709	0.0
0.0011426284676982767	-0.00038190462332058294	0.0
0.0011394225492164642	-0.00038536040577496144	0.0
0.0011360978930131027	-0.0003889861447434898	0.0
0.001132654499088193	-0.0003927251880547846	0.0
0.0011290923674417343	-0.00039657753570884584	0.0
0.0011254114980737272	-0.00040059983987705697	0.0
0.0011214931532626227	-0.00040473544838803447	0.0
0.0011175748084515183	-0.00040898436124177856	0.0
0.0011133002504757682	-0.0004132899262669059	0.0
0.0011089069547784694	-0.0004176521434634165	0.0
0.0011042761836380732	-0.0004221276650026936	0.0
0.0010992891993330312	-0.00042654653437058747	0.0
0.001094064739584892	-0.0004310220559098646	0.0
0.0010883653289505584	-0.00043555422962052496	0.0
0.0010824284428731276	-0.00044002975115980204	0.0
0.0010760166059095022	-0.00044444862052769586	0.0
0.001069248555781231	-0.00044892414206697295	0.0
0.0010620055547667653	-0.0004533996636062501	0.0
0.0010542876028661052	-0.00045781853297414396	0.0
0.0010460947000792507	-0.0004622374023420378	0.0
0.00103754558412775	-0.00046659961953854833	0.0
0.0010284027795685066	-0.000470961836735059	0.0
0.0010189037618446172	-0.00047532405393156956	0.0
0.0010089297932345334	-0.0004796296189566969	0.0
0.000998480873738255	-0.000483878531810441	0.0
0.0009876757410773307	-0.00048801414032141854	0.0
0.000976395657530212	-0.0004919797923182463	0.0
0.0009647593608184476	-0.0004958321399723077	0.0
0.0009527668509420372	-0.0004995145311122193	0.0
0.0009406556033440781	-0.0005029703135665978	0.0
0.000928306880303022	-0.0005061994873354432	0.0
0.0009159581572619657	-0.000509258704590139	0.0
0.0009037281719424581	-0.0005120346609879184	0.0
0.0008916169243444992	-0.0005146406608715482	0.0
0.0008796244144680888	-0.0005169633998982616	0.0
0.000867750642313227	-0.0005190028780680588	0.0
0.0008562330833230112	-0.0005208723997237062	0.0
0.0008449529997758924	-0.0005224586605224373	0.0
0.0008339103916718711	-0.0005237616604642521	0.0
0.0008231052590109469	-0.0005248947038919172	0.0
0.0008126563395146686	-0.000525744486462666	0.0
0.0008024448954614873	-0.0005263110081764986	0.0
0.0007925896645729521	-0.000526650921204798	0.0
0.0007829719091275142	-0.0005267642255475647	0.0
0.0007737103668467219	-0.000526650921204798	0.0
0.000764686300009027	-0.0005263110081764986	0.0
0.000756018446335978	-0.0005258011386340493	0.0
0.0007475880681060261	-0.0005251213125774502	0.0
0.0007393951653191716	-0.0005243281821780847	0.0
0.000731439737975414	-0.0005234783996073359	0.0
0.0007238405237963026	-0.0005225719648652038	0.0
0.0007165975227818368	-0.0005216088779516885	0.0
0.0007094732594889198	-0.0005205891388667898	0.0
0.0007025864716391	-0.0005196260519532745	0.0
0.0006958184215108289	-0.0005186629650397592	0.0
0.0006890503713825577	-0.0005177565302976272	0.0
0.0006822823212542865	-0.0005170200520696449	0.0
0.0006753955334044666	-0.0005163968781844291	0.0
0.0006682712701115496	-0.000515943660813363	0.0
0.0006609095313755354	-0.0005156603999564468	0.0
0.0006533103171964238	-0.0005155470956136802	0.0
0.0006453548898526665	-0.0005156603999564468	0.0
0.0006371619870658117	-0.0005160003129847463	0.0
0.0006287316088358599	-0.0005164535303558124	0.0
0.0006200637551628109	-0.0005171333564124113	0.0
0.0006110396883251159	-0.0005179831389831602	0.0
0.0006017781460443237	-0.0005188895737252922	0.0
0.000592397866041983	-0.0005198526606388076	0.0
0.0005827801105965449	-0.0005208157475523229	0.0
0.0005730436174295584	-0.0005217788344658382	0.0
0.000563188386541023	-0.0005226852692079703	0.0
0.0005532144179309392	-0.0005234783996073359	0.0
0.0005432404493208552	-0.0005242715300067014	0.0
0.0005332664807107714	-0.0005249513560633004	0.0
0.0005234112498222362	-0.0005255745299485163	0.0
0.0005136747566552495	-0.0005261410516623488	0.0
0.0005040570012098115	-0.0005265942690334149	0.0
0.0004946767212074707	-0.0005269908342330977	0.0
0.00048553391664822717	-0.0005273307472613972	0.0
0.00047650984981053223	-0.0005275573559469302	0.0
0.00046784199613748314	-0.00052772731246108	0.0
0.00045941161790753136	-0.0005278406168038464	0.0
0.0004512187151206767	-0.000527953921146613	0.0
0.0004432632877769193	-0.000527953921146613	0.0
0.0004354265981547106	-0.000527953921146613	0.0
0.00042770864625405044	-0.000527953921146613	0.0
0.0004199906943533903	-0.000527953921146613	0.0
0.0004121540047311815	-0.000527953921146613	0.0
0.0004040798396658755	-0.0005280105733179961	0.0
0.00039588693687902095	-0.0005280672254893795	0.0
0.0003874565586490691	-0.0005281805298321459	0.0
0.00037878870497601996	-0.0005283504863462958	0.0
0.0003697646381383251	-0.0005285204428604456	0.0
0.0003606218335790815	-0.0005288037037173617	0.0
0.00035124155357674073	-0.0005292002689170445	0.0
0.0003416237981313027	-0.0005296534862881106	0.0
0.00033188730496431606	-0.0005302200080019432	0.0
0.0003219133363542322	-0.0005308998340585421	0.0
0.0003118206300225997	-0.0005318062688006743	0.0
0.0003017279236909672	-0.0005328260078855728	0.0
0.00029139774191623747	-0.0005340157034846211	0.0
0.0002809488224199591	-0.0005354320077692026	0.0
0.00027049990292368076	-0.0005370182685679336	0.0
0.0002598135079843052	-0.0005387744858808145	0.0
0.0002491271130449296	-0.0005407006597078452	0.0
0.00023820324266245682	-0.0005428534422204089	0.0
0.00022727937227998398	-0.0005451761812471223	0.0
0.00021623676417596257	-0.0005477255289593688	0.0
0.00020519415607194114	-0.0005503881810143817	0.0
0.0001941515479679197	-0.0005531641374121612	0.0
0.0001832276775854469	-0.0005560533981527071	0.0
0.00017218506948142546	-0.0005589426588932531	0.0
0.00016126119909895266	-0.0005618319196337991	0.0
0.00015033732871647982	-0.0005646645282029619	0.0
0.00013953219605555565	-0.0005673838324293581	0.0
0.00012872706339463145	-0.0005699898323129878	0.0
0.00011804066845525586	-0.0005724258756824677	0.0
0.00010723553579433167	-0.0005747486147091812	0.0
9.631166541185884e-05	-0.0005769013972217449	0.0
8.538779502938602e-05	-0.0005789408753915419	0.0
7.422644920381598e-05	-0.0005808670492185726	0.0
6.294636565669731e-05	-0.0005826232665314535	0.0
5.142880666648141e-05	-0.0005843228316729512	0.0
3.9792509954716897e-05	-0.0005859657446430656	0.0
2.780000007830652e-05	-0.0005874953532704134	0.0
1.5451277037250296e-05	-0.0005890816140691445	0.0
2.7463408315482174e-06	-0.0005906112226964923	0.0
-1.0196070817251094e-05	-0.0005921974834952235	0.0
-2.3375957909147642e-05	-0.0005937837442939547	0.0
-3.6912058165690046e-05	-0.0005954266572640689	0.0
-5.0566896143781066e-05	-0.0005971828745769498	0.0
-6.445920956496931e-05	-0.0005989390918898308	0.0
-7.847026070770618e-05	-0.0006008086135454782	0.0
-9.260004957199167e-05	-0.0006027347873725088	0.0
-0.00010684857615782579	-0.000604774265542306	0.0
-0.00012097836502211126	-0.0006068703958834865	0.0
-0.00013510815388639676	-0.0006090798305674333	0.0
-0.0001491192050291336	-0.0006113459174227634	0.0
-0.0001630115184503219	-0.0006137253086208602	0.0
-0.00017678509414996153	-0.0006161046998189569	0.0
-0.0001903211944065039	-0.0006184274388456704	0.0
-0.00020350108149840045	-0.0006207501778723837	0.0
-0.00021644349314719978	-0.0006229029603849474	0.0
-0.00022902969163135324	-0.0006249990907261278	0.0
-0.00024137841467240944	-0.0006269819167245417	0.0
-0.0002532521868272712	-0.000628794786208806	0.0
-0.0002647697458174871	-0.0006304943513503036	0.0
-0.00027581235392150854	-0.0006320239599776514	0.0
-0.00028638001113933547	-0.0006333836120908495	0.0
-0.000296472717470968	-0.0006346299598612811	0.0
-0.00030609047291640603	-0.000635706351117563	0.0
-0.00031523327747564955	-0.0006366694380310783	0.0
-0.0003240198688702473	-0.0006374625684304438	0.0
-0.0003322127716571019	-0.0006381423944870429	0.0
-0.000339930723557762	-0.0006387089162008755	0.0
-0.0003471737245722277	-0.0006392187857433247	0.0
-0.0003539417747004989	-0.0006396720031143908	0.0
-0.00036035361166412424	-0.0006400119161426903	0.0
-0.0003661717600200065	-0.0006403518291709897	0.0
-0.0003715149574896943	-0.0006406350900279061	0.0
-0.0003765019417947362	-0.0006408616987134392	0.0
-0.0003810139752135837	-0.0006410883073989721	0.0
-0.0003851697954677853	-0.000641314916084505	0.0
-0.00038873192711424384	-0.0006415415247700381	0.0
-0.00039205658331760516	-0.0006417681334555712	0.0
-0.00039490628863477194	-0.0006419947421411042	0.0
-0.0003972810430657443	-0.0006422213508266373	0.0
-0.00039941832205361947	-0.0006425612638549367	0.0
-0.0004011993878768487	-0.0006428445247118529	0.0
-0.00040262424053543204	-0.0006432410899115357	0.0
-0.00040369288002936967	-0.0006436943072826018	0.0
-0.00040452404408021	-0.000644204176825051	0.0
-0.00040523647040950167	-0.0006447706985388837	0.0
-0.00040571142129569614	-0.0006454505245954827	0.0
-0.00040594889673879335	-0.000646187002823465	0.0
-0.0004063051099034392	-0.0006470934375655971	0.0
-0.0004065425853465365	-0.0006480565244791124	0.0
-0.0004067800607896337	-0.0006491895679067775	0.0
-0.000407017536232731	-0.0006504359156772091	0.0
-0.0004073737493973768	-0.0006517955677904072	0.0
-0.00040772996256202267	-0.000653325176417755	0.0
-0.00040820491344821714	-0.0006549680893878694	0.0
-0.00040867986433441156	-0.0006567809588721336	0.0
-0.0004090360774990574	-0.0006587071326991643	0.0
-0.00040927355294215467	-0.0006607466108689614	0.0
-0.0004095110283852519	-0.0006628427412101418	0.0
-0.0004096297661068005	-0.0006650521758940888	0.0
-0.0004096297661068005	-0.0006673749149208022	0.0
-0.0004095110283852519	-0.0006696976539475156	0.0
-0.00040915481522060603	-0.0006720770451456123	0.0
-0.0004087986020559602	-0.000674456436343709	0.0
-0.00040844238889131435	-0.0006768924797131889	0.0
-0.0004080861757266685	-0.0006793851752540521	0.0
-0.00040784870028357125	-0.0006819345229662986	0.0
-0.00040772996256202267	-0.000684483870678545	0.0
-0.00040784870028357125	-0.000687146522733558	0.0
-0.00040820491344821714	-0.000689809174788571	0.0
-0.0004089173397775088	-0.0006925284790149672	0.0
-0.00040998597927144635	-0.0006953044354127465	0.0
-0.0004114108319300298	-0.0006981936961532926	0.0
-0.0004130731600317104	-0.0007010829568938386	0.0
-0.0004150917012980369	-0.0007039722176343846	0.0
-0.000417228980285912	-0.0007069747827176969	0.0
-0.00041948499699533576	-0.0007099773478010095	0.0
-0.00042174101370475955	-0.000712979912884322	0.0
-0.00042399703041418323	-0.0007159824779676345	0.0
-0.0004261343094020584	-0.0007190416952223302	0.0
-0.0004281528506683849	-0.0007220442603056427	0.0
-0.0004299339164916141	-0.0007251034775603384	0.0
-0.00043135876915019754	-0.0007281626948150341	0.0
-0.00043254614636568375	-0.00073122191206973	0.0
-0.00043349604813807264	-0.0007342811293244257	0.0
-0.00043408973674581575	-0.0007373403465791214	0.0
-0.00043432721218891296	-0.0007404562160052004	0.0
-0.00043408973674581575	-0.0007435154332598961	0.0
-0.0004336147858596213	-0.0007466313026859751	0.0
-0.00043278362180878096	-0.0007497471721120541	0.0
-0.00043159624459329475	-0.0007528630415381332	0.0
-0.00043005265421316275	-0.0007560355631355954	0.0
-0.0004281528506683849	-0.0007591514325616744	0.0
-0.0004258968339589611	-0.0007623806063305199	0.0
-0.0004231658663633429	-0.0007655531279279821	0.0
-0.0004201974233246275	-0.0007687823016968276	0.0
-0.00041675402939971755	-0.0007720114754656732	0.0
-0.0004128356845886132	-0.000775297301405902	0.0
-0.000408561126612863	-0.0007785831273461307	0.0
-0.0004038116177509183	-0.0007819256054577427	0.0
-0.0003985871580027791	-0.000785324735740738	0.0
-0.00039276900964689684	-0.0007887805181951166	0.0
-0.00038659464812636874	-0.0007922929528208782	0.0
-0.0003799453357196461	-0.0007958620396180233	0.0
-0.00037282107242672907	-0.0007994877785865516	0.0
-0.00036522185824761755	-0.0008032834740692296	0.0
-0.0003573851686254088	-0.0008071358217232909	0.0
-0.0003491922658385542	-0.0008111014737201187	0.0
-0.00034088062533015094	-0.0008151804300597131	0.0
-0.0003323315093786505	-0.0008193726907420739	0.0
-0.00032366365570560144	-0.0008236216035958179	0.0
-0.00031499580203255234	-0.0008279271686209453	0.0
-0.00030620921063795466	-0.0008322327336460726	0.0
-0.00029754135696490557	-0.0008365949508425833	0.0
-0.0002887547655703079	-0.0008409005158677105	0.0
-0.00027996817417571016	-0.0008452627330642211	0.0
-0.0002711815827811125	-0.0008496249502607318	0.0
-0.0002623949913865148	-0.0008539871674572424	0.0
-0.0002536083999919171	-0.000858349384653753	0.0
-0.0002447030708757708	-0.0008627116018502636	0.0
-0.00023579774175962442	-0.0008670738190467742	0.0
-0.00022677367492192948	-0.0008714360362432847	0.0
-0.00021786834580578317	-0.0008757982534397953	0.0
-0.0002089630166896369	-0.0008802171228076891	0.0
-0.00020005768757349056	-0.000884635992175583	0.0
-0.00019115235845734425	-0.0008889982093720937	0.0
-0.00018236576706274655	-0.0008933604265686042	0.0
-0.0001738166511112461	-0.0008977226437651148	0.0
-0.0001652675351597456	-0.0009020282087902422	0.0
-0.0001569558946513424	-0.0009062771216439863	0.0
-0.00014876299186448777	-0.0009104127301549638	0.0
-0.00014092630224227901	-0.0009145483386659414	0.0
-0.0001333270880631675	-0.0009185706428341525	0.0
-0.00012608408704870185	-0.000922479642659597	0.0
-0.00011919729919888201	-0.0009262753381422751	0.0
-0.00011254798679215942	-0.0009300143814535699	0.0
-0.0001062548875500827	-0.0009336401204220981	0.0
-0.00010031800147265182	-0.0009372092072192432	0.0
-9.485606628141542e-05	-0.0009406649896736217	0.0
-8.963160653327624e-05	-0.0009439508156138505	0.0
-8.476335994978291e-05	-0.000947179989382696	0.0
-8.025132653093544e-05	-0.000950295858808775	0.0
-7.597676855518522e-05	-0.0009532417717207041	0.0
-7.193968602253221e-05	-0.0009560743802898669	0.0
-6.814007893297646e-05	-0.0009586803801734966	0.0
-6.445920956496931e-05	-0.0009610597713715932	0.0
-6.089707791851079e-05	-0.0009632125538841569	0.0
-5.733494627205226e-05	-0.0009651387277111876	0.0
-5.389155234714235e-05	-0.0009667816406813021	0.0
-5.044815842223245e-05	-0.0009681412927945002	0.0
-4.7004764497322536e-05	-0.0009692176840507819	0.0
-4.3561370572412625e-05	-0.0009700674666215308	0.0
-3.9999238925954096e-05	-0.00097057733616398	0.0
-3.6318369557946955e-05	-0.0009708039448495131	0.0
-3.2637500189939814e-05	-0.0009707472926781298	0.0
-2.8837893100384048e-05	-0.000970350727478447	0.0
-2.4800810567731052e-05	-0.000969670901421848	0.0
-2.064499031352944e-05	-0.0009687078145083327	0.0
-1.6251694616230593e-05	-0.0009674048145665177	0.0
-1.1620923475834506e-05	-0.0009658185537677867	0.0
-6.871414613889804e-06	-0.0009639490321121392	0.0
-2.0031680303964843e-06	-0.0009617962495995756	0.0
3.1025539961940702e-06	-0.0009593035540587124	0.0
8.327013744333242e-06	-0.0009565275976609329	0.0
1.3670211214021031e-05	-0.0009534117282348539	0.0
1.9013408683708822e-05	-0.000950069250123242	0.0
2.4356606153396613e-05	-0.0009464435111547137	0.0
2.9581065901535785e-05	-0.000942534511329269	0.0
3.4686787928126336e-05	-0.0009384555549896747	0.0
3.955503451161966e-05	-0.0009342066421359306	0.0
4.430454337356436e-05	-0.0009297877727680368	0.0
4.86978390708632e-05	-0.0009252555990573764	0.0
5.297239704661344e-05	-0.0009206667731753329	0.0
5.67720041361692e-05	-0.000916021295121906	0.0
6.0334135782627724e-05	-0.0009113191648970958	0.0
6.35400542644404e-05	-0.0009065603825009025	0.0
6.650849730315583e-05	-0.0009018016001047091	0.0
6.912072717722542e-05	-0.0008970428177085158	0.0
7.137674388664917e-05	-0.0008922273831409391	0.0
7.339528515297565e-05	-0.0008874686007447458	0.0
7.517635097620493e-05	-0.0008827664705199356	0.0
7.671994135633695e-05	-0.0008780643402951255	0.0
7.814479401492036e-05	-0.000873475514413082	0.0
7.933217123040654e-05	-0.0008688866885310382	0.0
8.051954844589271e-05	-0.0008644111669917612	0.0
8.146945021828166e-05	-0.0008600489497952506	0.0
8.230061426912197e-05	-0.0008557433847701233	0.0
8.31317783199623e-05	-0.0008515511240877625	0.0
8.372546692770538e-05	-0.0008474721677481682	0.0
8.431915553544847e-05	-0.0008435065157513403	0.0
8.491284414319156e-05	-0.000839654168097279	0.0
8.538779502938602e-05	-0.0008358584726146009	0.0
8.574400819403189e-05	-0.0008321760814746894	0.0
8.598148363712911e-05	-0.0008286069946775444	0.0
8.621895908022635e-05	-0.0008250945600517826	0.0
8.633769680177497e-05	-0.000821638777597404	0.0
8.64564345233236e-05	-0.0008182396473144088	0.0
8.64564345233236e-05	-0.00081495382137418	0.0
8.633769680177497e-05	-0.0008116113432625681	0.0
8.610022135867773e-05	-0.0008083821694937225	0.0
8.574400819403189e-05	-0.0008050963435534939	0.0
8.526905730783742e-05	-0.0008019238219560315	0.0
8.443789325699709e-05	-0.0007986946481871861	0.0
8.348799148460814e-05	-0.0007955221265897237	0.0
8.230061426912197e-05	-0.0007923496049922615	0.0
8.075702388898995e-05	-0.0007891770833947992	0.0
7.897595806576069e-05	-0.000786004561797337	0.0
7.695741679943419e-05	-0.0007828320401998748	0.0
7.470140009001044e-05	-0.0007796595186024125	0.0
7.220790793748948e-05	-0.0007764869970049503	0.0
6.959567806341989e-05	-0.000773314475407488	0.0
6.662723502470446e-05	-0.000770198605981409	0.0
6.35400542644404e-05	-0.0007670260843839467	0.0
6.0334135782627724e-05	-0.0007638535627864845	0.0
5.712821730081506e-05	-0.0007606810411890223	0.0
5.3803561097453764e-05	-0.0007575085195915599	0.0
5.047890489409247e-05	-0.0007543359979940978	0.0
4.715424869073118e-05	-0.0007511634763966355	0.0
4.406706793046712e-05	-0.00074793430262779	0.0
4.0979887170203066e-05	-0.0007445918245161781	0.0
3.8248919574584865e-05	-0.0007411926942331827	0.0
3.57554274220639e-05	-0.000737680259607421	0.0
3.3499410712640166e-05	-0.0007340545206388927	0.0
3.1718344889410905e-05	-0.0007303154773275978	0.0
3.017475450927887e-05	-0.0007263498253307701	0.0
2.922485273688993e-05	-0.0007222708689911758	0.0
2.8631164129146845e-05	-0.0007180786083088149	0.0
2.8512426407598224e-05	-0.0007136597389409211	0.0
2.886863957224408e-05	-0.0007091275652302606	0.0
2.981854134463302e-05	-0.0007044254350054507	0.0
3.112465628166781e-05	-0.0006996666526092573	0.0
3.302445982644569e-05	-0.0006947945658702973	0.0
3.5399214257418046e-05	-0.0006898658269599542	0.0
3.836765729613348e-05	-0.000684937088049611	0.0
4.181105122104339e-05	-0.0006800650013106512	0.0
4.572939603214777e-05	-0.0006752495667430746	0.0
5.0122691729446616e-05	-0.0006704341321754979	0.0
5.4990938312939934e-05	-0.000665788654122071	0.0
6.045287350417634e-05	-0.0006611998282400275	0.0
6.638975958160723e-05	-0.0006567809588721336	0.0
7.280159654523256e-05	-0.0006525320460183896	0.0
7.968838439505238e-05	-0.0006485097418501784	0.0
8.693138540951806e-05	-0.0006447140463675005	0.0
9.464933731017821e-05	-0.0006412016117417386	0.0
0.00010260476465393557	-0.0006379724379728931	0.0
0.00011091640516233881	-0.0006349698728895806	0.0
0.00011934678339229065	-0.0006322505686631845	0.0
0.00012801463706533972	-0.0006298711774650877	0.0
0.00013680122845993742	-0.000627718394952524	0.0
0.00014558781985453512	-0.00062590552546826	0.0
0.00015449314897068145	-0.0006243192646695288	0.0
0.00016316100264373052	-0.0006230729168990971	0.0
0.00017182885631677962	-0.0006220531778141986	0.0
0.00018037797226828006	-0.0006212033952434498	0.0
0.00018868961277668329	-0.000620580221358234	0.0
0.00019676377784198928	-0.0006200136996444014	0.0
0.00020471920518574667	-0.0006196171344447186	0.0
0.00021243715708640682	-0.0006192205692450358	0.0
0.00022003637126551833	-0.0006188806562167364	0.0
0.00022739811000153262	-0.0006185973953598201	0.0
0.00023452237329444966	-0.0006183141345029038	0.0
0.0002415278988658181	-0.0006180875258173708	0.0
0.00024841468671563794	-0.000617917569303221	0.0
0.0002550639991223605	-0.0006177476127890713	0.0
0.00026135709836443724	-0.0006175776562749215	0.0
0.00026753145988496534	-0.0006174076997607717	0.0
0.00027346834596239623	-0.000617237743246622	0.0
0.0002791677565967299	-0.0006170111345610889	0.0
0.00028462969178796627	-0.0006167278737041727	0.0
0.0002898541515361055	-0.0006163313085044899	0.0
0.0002947223981195988	-0.0006158214389620406	0.0
0.00029923443153844625	-0.0006151416129054416	0.0
0.0003036277272357451	-0.0006142918303346927	0.0
0.00030754607204684946	-0.0006132720912497942	0.0
0.00031122694141485656	-0.0006120257434793626	0.0
0.00031443285989666924	-0.0006106094391947812	0.0
0.0003174013029353847	-0.0006090798305674333	0.0
0.0003198947950879057	-0.0006073236132545524	0.0
0.00032203207407578076	-0.0006053974394275217	0.0
0.00032381313989901007	-0.0006033013090863414	0.0
0.00032511925483604486	-0.0006010918744023945	0.0
0.00032595041888688523	-0.000598769135375681	0.0
0.00032642536977307965	-0.0005963330920062012	0.0
0.0003265441074946283	-0.0005938970486367211	0.0
0.00032630663205153107	-0.0005914043530958579	0.0
0.00032595041888688523	-0.000588968309726378	0.0
0.00032535673027914207	-0.0005865889185282813	0.0
0.0003246443039498504	-0.0005843794838443344	0.0
0.0003239318776205587	-0.0005822267013317707	0.0
0.0003233381890128156	-0.0005802438753333568	0.0
0.00032274450040507255	-0.0005783743536777094	0.0
0.000322269549518878	-0.0005766747885362118	0.0
0.0003219133363542322	-0.000575145179908864	0.0
0.00032179459863268355	-0.0005737855277956658	0.0
0.00032179459863268355	-0.0005726524843680008	0.0
0.0003219133363542322	-0.0005716327452831021	0.0
0.0003223882872404267	-0.0005708396148837366	0.0
0.0003231007135697184	-0.0005701031366557543	0.0
0.0003240506153421073	-0.0005695366149419218	0.0
0.00032535673027914207	-0.0005689700932280892	0.0
0.0003269003206592741	-0.0005684602236856399	0.0
0.0003286813864825034	-0.0005678937019718074	0.0
0.0003309374031919271	-0.0005673271802579748	0.0
0.0003334308953444481	-0.000566704006372759	0.0
0.00033616186294006627	-0.0005660241803161599	0.0
0.00033936778142187895	-0.0005653443542595609	0.0
0.00034281117534678884	-0.0005646078760315786	0.0
0.00034672952015789326	-0.0005638713978035963	0.0
0.00035088534041209483	-0.000563134919575614	0.0
0.00035539737383094236	-0.0005623417891762485	0.0
0.00036014688269288704	-0.0005615486587768829	0.0
0.00036525260471947756	-0.0005607555283775173	0.0
0.000370714539910714	-0.0005599623979781517	0.0
0.0003764139505450476	-0.0005591692675787862	0.0
0.0003823508366224785	-0.0005584327893508039	0.0
0.00038852519814300664	-0.0005576396589514383	0.0
0.00039481829738508337	-0.0005568465285520727	0.0
0.00040111139662716005	-0.0005561100503240904	0.0
0.0004075232335907854	-0.0005553169199247249	0.0
0.0004138163328328622	-0.0005545237895253593	0.0
0.0004201094320749389	-0.0005537306591259937	0.0
0.00042628379359546697	-0.0005529375287266282	0.0
0.0004322206796728979	-0.0005521443983272626	0.0
0.0004381575657503288	-0.0005512946157565137	0.0
0.00044385697638466237	-0.000550444833185765	0.0
0.00044931891157589884	-0.0005495383984436328	0.0
0.0004547808467671352	-0.0005486319637015008	0.0
0.0004600053065152744	-0.0005476688767879855	0.0
0.00046499229082031635	-0.0005466491377030869	0.0
0.00046997927512535824	-0.0005455727464468051	0.0
0.0004748475217088516	-0.00054443970301914	0.0
0.00047947829284924765	-0.0005432500074200917	0.0
0.00048410906398964375	-0.00054200365964966	0.0
0.0004886210974084912	-0.000540644007536462	0.0
0.0004931331308273386	-0.0005392843554232639	0.0
0.000497407688803089	-0.0005378680511386825	0.0
0.0005016822467788392	-0.0005365650511968676	0.0
0.0005059568047545894	-0.000535318703426436	0.0
0.000510112625008791	-0.0005342989643415375	0.0
0.0005141497075414439	-0.0005333925295994054	0.0
0.000518186790074097	-0.0005327127035428063	0.0
0.0005221051348852013	-0.0005322028340003571	0.0
0.0005260234796963057	-0.0005319195731434407	0.0
0.0005297043490643128	-0.0005318629209720574	0.0
0.0005332664807107714	-0.0005320328774862073	0.0
0.0005365911369141327	-0.0005324294426858901	0.0
0.0005397970553959454	-0.0005330526165711058	0.0
0.0005427654984346608	-0.0005339590513132379	0.0
0.0005456152037518276	-0.000535092094740903	0.0
0.0005481086959043486	-0.0005363950946827179	0.0
0.0005502459748922237	-0.000537981355481449	0.0
0.0005522645161585503	-0.0005398508771370964	0.0
0.0005538081065386823	-0.0005419470074782769	0.0
0.000555114221475717	-0.0005442697465049903	0.0
0.0005561828609696546	-0.0005468757463886199	0.0
0.0005567765495773976	-0.0005497083549577827	0.0
0.0005571327627420435	-0.0005527109200410952	0.0
0.0005572515004635922	-0.0005558267894671742	0.0
0.0005570140250204949	-0.0005589993110646364	0.0
0.000556657811855849	-0.0005621718326620985	0.0
0.0005560641232481059	-0.0005652310499167945	0.0
0.0005554704346403629	-0.0005682336150001068	0.0
0.0005548767460326198	-0.0005710662235692696	0.0
0.0005541643197033282	-0.0005737288756242825	0.0
0.0005536893688171336	-0.000576278223336529	0.0
0.0005532144179309392	-0.0005786009623632425	0.0
0.0005528582047662934	-0.0005808103970471894	0.0
0.0005526207293231961	-0.0005828498752169865	0.0
0.0005525019916016475	-0.0005847193968726339	0.0
0.0005525019916016475	-0.0005864756141855148	0.0
0.0005526207293231961	-0.0005880052228128627	0.0
0.0005528582047662934	-0.0005893648749260608	0.0
0.0005530956802093906	-0.0005906112226964923	0.0
0.0005534518933740365	-0.000591630961781391	0.0
0.0005538081065386823	-0.000592537396523523	0.0
0.0005542830574248767	-0.0005932738747515053	0.0
0.0005548767460326198	-0.0005937837442939547	0.0
0.0005554704346403629	-0.0005941803094936375	0.0
0.0005561828609696546	-0.0005943502660077872	0.0
0.0005570140250204949	-0.0005944069181791705	0.0
0.0005578451890713353	-0.0005942936138364039	0.0
0.0005587950908437242	-0.0005940670051508708	0.0
0.0005598637303376618	-0.0005937270921225713	0.0
0.0005610511075531479	-0.0005932738747515053	0.0
0.0005622384847686341	-0.0005927073530376727	0.0
0.0005636633374272175	-0.0005921408313238402	0.0
0.0005650881900858009	-0.0005915743096100076	0.0
0.0005665130427443844	-0.0005910077878961751	0.0
0.0005679378954029677	-0.0005903846140109594	0.0
0.0005693627480615512	-0.0005898180922971268	0.0
0.0005707876007201346	-0.0005892515705832942	0.0
0.0005720937156571693	-0.0005886850488694617	0.0
0.0005732810928726556	-0.0005881185271556291	0.0
0.0005742309946450445	-0.0005876086576131799	0.0
0.0005751808964174335	-0.0005870987880707306	0.0
0.0005758933227467251	-0.0005865889185282813	0.0
0.0005764870113544682	-0.000586079048985832	0.0
0.0005769619622406627	-0.0005855691794433828	0.0
0.0005773181754053085	-0.0005851159620723167	0.0
0.0005774369131268572	-0.0005846627447012507	0.0
0.0005776743885699543	-0.0005841528751588013	0.0
0.000577793126291503	-0.0005836996577877353	0.0
0.0005779118640130516	-0.000583189788245286	0.0
0.0005780306017346002	-0.0005826799187028368	0.0
0.0005782680771776974	-0.0005821700491603875	0.0
0.0005786242903423433	-0.0005817168317893215	0.0
0.0005789805035069891	-0.0005812069622468722	0.0
0.0005794554543931837	-0.0005806970927044228	0.0
0.0005799304052793781	-0.0005802438753333568	0.0
0.0005805240938871213	-0.0005797906579622908	0.0
0.0005811177824948643	-0.0005793374405912247	0.0
0.0005818302088241561	-0.0005789408753915419	0.0
0.0005824238974318991	-0.0005785443101918591	0.0
0.0005828988483180936	-0.0005782043971635597	0.0
0.0005834925369258366	-0.0005778644841352602	0.0
0.0005838487500904825	-0.0005775245711069607	0.0
0.000584323700976677	-0.0005772413102500443	0.0
0.0005846799141413228	-0.000576958049393128	0.0
0.0005849173895844201	-0.0005766181363648285	0.0
0.0005851548650275172	-0.0005763348755079123	0.0
0.0005852736027490659	-0.000576051614650996	0.0
0.0005855110781921631	-0.0005757117016226965	0.0
0.0005856298159137118	-0.000575371788594397	0.0
0.0005857485536352603	-0.0005749752233947142	0.0
0.0005859860290783576	-0.0005745220060236481	0.0
0.0005861047667999062	-0.0005740687886525821	0.0
0.0005863422422430034	-0.0005736155712815161	0.0
0.0005866984554076493	-0.0005731057017390668	0.0
0.0005869359308507465	-0.0005725391800252343	0.0
0.0005872921440153924	-0.0005719160061400184	0.0
0.0005877670949015869	-0.0005712928322548027	0.0
0.0005882420457877814	-0.0005706696583695868	0.0
0.0005887169966739759	-0.0005699898323129878	0.0
0.0005891919475601703	-0.0005692533540850055	0.0
0.0005897856361679134	-0.0005685168758570231	0.0
0.0005903793247756565	-0.0005677803976290408	0.0
0.0005909730133833996	-0.0005670439194010585	0.0
0.0005915667019911426	-0.000566250789001693	0.0
0.0005920416528773371	-0.0005655143107737106	0.0
0.0005926353414850802	-0.000564721180374345	0.0
0.0005932290300928232	-0.0005639280499749794	0.0
0.0005939414564221149	-0.0005631915717469972	0.0
0.000594535145029858	-0.0005624550935190149	0.0
0.0005951288336376012	-0.000561775267462416	0.0
0.0005958412599668929	-0.0005610954414058168	0.0
0.0005965536862961846	-0.000560472267520601	0.0
0.0005972661126254763	-0.0005599057458067684	0.0
0.0005980972766763166	-0.0005593958762643192	0.0
0.0005989284407271569	-0.0005589426588932531	0.0
0.0005998783424995458	-0.0005585460936935703	0.0
0.0006008282442719348	-0.0005581495284938875	0.0
0.000602015621487421	-0.0005578662676369714	0.0
0.0006033217364244558	-0.000557583006780055	0.0
0.0006047465890830392	-0.0005572997459231388	0.0
0.0006062901794631712	-0.0005570731372376058	0.0
0.0006080712452864004	-0.000556903180723456	0.0
0.000610089786552727	-0.000556676572037923	0.0
0.0006123458032621507	-0.0005565066155237732	0.0
0.0006148392954146716	-0.0005563366590096235	0.0
0.0006174515252887413	-0.0005561667024954737	0.0
0.000620301230605908	-0.0005560533981527071	0.0
0.0006235071490877207	-0.0005558834416385574	0.0
0.0006267130675695334	-0.0005557701372957909	0.0
0.0006301564614944433	-0.0005556568329530243	0.0
0.0006337185931409019	-0.0005556001807816411	0.0
0.000637399462508909	-0.0005555435286102579	0.0
0.0006409615941553676	-0.0005554868764388746	0.0
0.0006444049880802774	-0.0005554302242674914	0.0
0.0006478483820051874	-0.0005554302242674914	0.0
0.000651054300487	-0.0005554302242674914	0.0
0.0006541414812472642	-0.0005554868764388746	0.0
0.0006568724488428823	-0.0005555435286102579	0.0
0.0006594846787169518	-0.0005556001807816411	0.0
0.0006617406954263756	-0.0005557134851244077	0.0
0.0006638779744142507	-0.0005558267894671742	0.0
0.00066565904023748	-0.0005559967459813239	0.0
0.000667202630617612	-0.0005561667024954737	0.0
0.0006685087455546468	-0.0005563366590096235	0.0
0.000669696122770133	-0.0005565632676951565	0.0
0.0006706460245425219	-0.0005567898763806895	0.0
0.0006714771885933622	-0.0005570731372376058	0.0
0.0006721896149226539	-0.0005574130502659052	0.0
0.000672783303530397	-0.000557809615465588	0.0
0.0006732582544165915	-0.0005582628328366541	0.0
0.0006736144675812373	-0.0005587727023791034	0.0
0.0006739706807458831	-0.0005593392240929359	0.0
0.0006740894184674319	-0.0005600757023209182	0.0
0.0006742081561889805	-0.0005608121805489005	0.0
0.0006740894184674319	-0.0005616619631196493	0.0
0.0006738519430243346	-0.0005626250500331647	0.0
0.0006736144675812373	-0.0005636447891180633	0.0
0.0006731395166950429	-0.000564721180374345	0.0
0.0006725458280872998	-0.0005659108759733934	0.0
0.0006719521394795567	-0.0005671572237438251	0.0
0.0006713584508718136	-0.0005684035715142566	0.0
0.0006706460245425219	-0.0005697632236274547	0.0
0.0006699335982132302	-0.0005711228757406528	0.0
0.0006693399096054872	-0.0005725391800252343	0.0
0.0006687462209977441	-0.0005739554843098156	0.0
0.000668152532390001	-0.0005754284407657801	0.0
0.0006676775815038066	-0.0005768447450503615	0.0
0.000667202630617612	-0.0005783177015063261	0.0
0.0006668464174529661	-0.0005797340057909075	0.0
0.0006666089420098688	-0.0005811503100754889	0.0
0.0006663714665667717	-0.0005825099621886871	0.0
0.000666252728845223	-0.0005838696143018852	0.0
0.000666252728845223	-0.0005852292664150832	0.0
0.0006661339911236744	-0.0005865322663568981	0.0
0.0006660152534021258	-0.0005878352662987129	0.0
0.0006658965156805771	-0.0005890249618977613	0.0
0.0006657777779590286	-0.0005901580053254263	0.0
0.0006655403025159313	-0.0005912910487530915	0.0
0.0006651840893512855	-0.00059231078783799	0.0
0.000664709138465091	-0.0005932172225801221	0.0
0.0006641154498573479	-0.0005941236573222541	0.0
0.0006635217612496048	-0.0005949167877216197	0.0
0.0006628093349203132	-0.0005955966137782188	0.0
0.0006620969085910215	-0.0005962764398348178	0.0
0.0006612657445401812	-0.0005968996137200337	0.0
0.0006604345804893408	-0.0005974094832624829	0.0
0.0006596034164385006	-0.0005979193528049322	0.0
0.0006586535146661115	-0.0005983725701759982	0.0
0.000657584875172174	-0.000598769135375681	0.0
0.0006563974979566878	-0.0005991090484039805	0.0
0.0006552101207412017	-0.0005994489614322801	0.0
0.0006537852680826182	-0.0005997322222891963	0.0
0.0006522416777024862	-0.0005999588309747294	0.0
0.000650460611879257	-0.0006001854396602624	0.0
0.0006485608083344791	-0.0006003553961744122	0.0
0.0006465422670681526	-0.0006004687005171786	0.0
0.0006441675126371802	-0.0006005253526885619	0.0
0.0006417927582062079	-0.0006005820048599451	0.0
0.0006391805283321383	-0.0006005820048599451	0.0
0.0006363308230149714	-0.0006005253526885619	0.0
0.0006334811176978046	-0.0006004120483457954	0.0
0.0006305126746590892	-0.0006002420918316457	0.0
0.0006274254938988251	-0.0006000154831461126	0.0
0.0006243383131385611	-0.0005997322222891963	0.0
0.0006211323946567484	-0.0005993923092608969	0.0
0.0006179264761749357	-0.0005989957440612141	0.0
0.0006144830822500258	-0.000598542526690148	0.0
0.0006111584260466645	-0.000598089309319082	0.0
0.0006077150321217546	-0.0005975227876052494	0.0
0.0006042716381968447	-0.0005968996137200337	0.0
0.0006007095065503861	-0.0005962197876634345	0.0
0.0005972661126254763	-0.0005954833094354523	0.0
0.0005938227187005663	-0.0005946901790360867	0.0
0.0005903793247756565	-0.0005937837442939547	0.0
0.0005870546685722951	-0.0005927073530376727	0.0
0.0005838487500904825	-0.0005915743096100076	0.0
0.0005806428316086699	-0.0005902713096681928	0.0
0.0005775556508484058	-0.0005887983532122282	0.0
0.0005744684700881418	-0.0005871554402421138	0.0
0.0005715000270494262	-0.0005853425707578497	0.0
0.0005685315840107108	-0.0005833030925880525	0.0
0.0005655631409719953	-0.0005810936579041056	0.0
0.00056259469793328	-0.0005786576145346258	0.0
0.0005595075171730159	-0.000576051614650996	0.0
0.0005565390741343005	-0.00057316235391045	0.0
0.0005533331556524878	-0.0005701031366557543	0.0
0.0005501272371706751	-0.0005667606585441423	0.0
0.0005466838432457653	-0.0005631915717469972	0.0
0.0005432404493208552	-0.0005593958762643192	0.0
0.0005395595799528481	-0.0005553735720961081	0.0
0.0005356412351417438	-0.000551124659242364	0.0
0.0005316041526090908	-0.0005466491377030869	0.0
0.0005273295946333405	-0.0005419470074782769	0.0
0.0005226988234929446	-0.0005370182685679336	0.0
0.0005178305769094511	-0.0005318629209720574	0.0
0.0005127248548828606	-0.0005264809646906483	0.0
0.0005073816574131727	-0.0005208723997237062	0.0
0.0005016822467788392	-0.0005150938782426143	0.0
0.0004956266229798596	-0.0005090887480759893	0.0
0.000489333523737783	-0.0005028570092238312	0.0
0.00048280294905260896	-0.0004964553138575234	0.0
0.00047591616120278913	-0.0004898270098056827	0.0
0.0004687918979098721	-0.00048302874923969214	0.0
0.0004614301591738578	-0.0004760605321595519	0.0
0.00045383094499474626	-0.0004689223585652618	0.0
0.00044599425537253753	-0.00046167088062820525	0.0
0.00043803882802878017	-0.0004543627505197654	0.0
0.00043008340068502275	-0.0004469979682399423	0.0
0.00042200923561971676	-0.00043957653378873604	0.0
0.00041393507055441077	-0.00043209844716614646	0.0
0.00040586090548910483	-0.0004246770127149401	0.0
0.0003977867404237988	-0.0004171989260923505	0.0
0.0003897125753584928	-0.00040972083946976093	0.0
0.0003816384102931868	-0.0004022427528471713	0.0
0.0003735642452278808	-0.0003947646662245817	0.0
0.0003654900801625748	-0.0003873432317733754	0.0
0.00035741591509726883	-0.00037986514515078577	0.0
0.00034934175003196284	-0.0003725003628709627	0.0
0.0003413863226882055	-0.00036507892841975635	0.0
0.0003333121576228995	-0.00035777079831131656	0.0
0.00032523799255759344	-0.00035051932037426	0.0
0.00031704508977073887	-0.00034332449460858667	0.0
0.00030873344926233567	-0.00033618632101429656	0.0
0.0003003030710323838	-0.0003292181039341563	0.0
0.0002917539550808833	-0.00032230653902539925	0.0
0.00028308610140783427	-0.000315564930630792	0.0
0.0002741807722916879	-0.0003089932787503345	0.0
0.0002650379677324444	-0.0003025349312126435	0.0
0.0002557764254516522	-0.00029624654018910217	0.0
0.0002461586700062142	-0.0002900714535083275	0.0
0.00023654091456077616	-0.00028412297551308577	0.0
0.0002265669459506923	-0.00027834445403199384	0.0
0.00021659297734060842	-0.0002726792368936684	0.0
0.00020638153328742732	-0.0002672406284408759	0.0
0.00019593261379114896	-0.00026191532433085003	0.0
0.000185364956573322	-0.0002567599767349739	0.0
0.0001745598239123978	-0.00025183123782463075	0.0
0.0001637546912514736	-0.0002470158032570541	0.0
0.0001527120831474522	-0.00024237032520362724	0.0
0.00014143199960033352	-0.00023789480366435013	0.0
0.00013015191605321485	-0.00023353258646783954	0.0
0.00011875309478454755	-0.00022928367361409543	0.0
0.00010723553579433167	-0.00022503476076035138	0.0
9.571797680411576e-05	-0.00022078584790660727	0.0
8.408168009235123e-05	-0.00021653693505286318	0.0
7.244538338058672e-05	-0.0002121747178563526	0.0
6.08090866688222e-05	-0.00020775584848845875	0.0
4.92915276786063e-05	-0.00020322367477779838	0.0
3.777396868839039e-05	-0.0001986348488957548	0.0
2.637514741972311e-05	-0.00019393271867094468	0.0
1.4976326151055824e-05	-0.00018911728410336804	0.0
3.8149803254857755e-06	-0.0001841885451930249	0.0
-7.227627778535657e-06	-0.00017914650193991526	0.0
-1.803276043945985e-05	-0.0001739911543440391	0.0
-2.8719155378835433e-05	-0.00016872250240539645	0.0
-3.916807487511378e-05	-0.00016334054612398725	0.0
-4.937951892829488e-05	-0.00015790193767119482	0.0
-5.947222525992738e-05	-0.00015240667704701912	0.0
-6.932745614846263e-05	-0.00014679811208007695	0.0
-7.894521159390066e-05	-0.0001411328949417515	0.0
-8.844422931779005e-05	-0.00013552432997480932	0.0
-9.782450932013085e-05	-0.00012991576500786712	0.0
-0.00010720478932247163	-0.00012436385221230818	0.0
-0.00011646633160326379	-0.000118981895930899	0.0
-0.00012584661160560458	-0.00011371324399225634	0.0
-0.000135345629329494	-0.00010861454856776344	0.0
-0.000144963384774932	-0.00010374246182880356	0.0
-0.0001548186156634673	-9.904033160399344e-05	0.0
-0.00016491132199509975	-9.445150572194983e-05	0.0
-0.00017512276604828087	-9.003263635405598e-05	0.0
-0.00018557168554455923	-8.561376698616213e-05	0.0
-0.00019625808048393477	-8.125154978965155e-05	0.0
-0.00020706321314485897	-7.688933259314095e-05	0.0
-0.0002179870835273318	-7.252711539663035e-05	0.0
-0.00022902969163135324	-6.81082460287365e-05	0.0
-0.00024007229973537468	-6.363272448945941e-05	0.0
-0.0002511149078393961	-5.9157202950182304e-05	0.0
-0.00026215751594341755	-5.456837706813869e-05	0.0
-0.0002730813863258904	-4.9979551186095074e-05	0.0
-0.0002838865189868146	-4.533407313266821e-05	0.0
-0.0002945729139261901	-4.057529073647484e-05	0.0
-0.0003051405711440171	-3.581650834028146e-05	0.0
-0.0003155894906402954	-3.0944421601321577e-05	0.0
-0.00032591967241502517	-2.6072334862361696e-05	0.0
-0.00033613111646820627	-2.114359595201856e-05	0.0
-0.00034610508507829015	-1.615820487029217e-05	0.0
-0.00035596031596682535	-1.1172813788565774e-05	0.0
-0.0003655780714122634	-6.130770535456127e-06	0.0
-0.00037519582685770144	-1.0320751109632253e-06	0.0
-0.0003845761068600422	4.0666203135296764e-06	0.0
-0.0003937189114192858	9.165315738022578e-06	0.0
-0.00040274297825698067	1.4377315505281988e-05	0.0
-0.00041164830737312703	1.9532663101158142e-05	0.0
-0.0004203161610461761	2.4744662868417554e-05	0.0
-0.0004288652769976766	2.9956662635676966e-05	0.0
-0.0004371769175060798	3.5168662402936375e-05	0.0
-0.0004452510825713858	4.043731434157904e-05	0.0
-0.00045320650991514315	4.564931410883845e-05	0.0
-0.00046092446181580335	5.091796604748111e-05	0.0
-0.00046840493827336624	5.6129965814740525e-05	0.0
-0.0004756479392878319	6.139861775338318e-05	0.0
-0.0004825347271376517	6.66106175206426e-05	0.0
-0.0004893027772659229	7.182261728790202e-05	0.0
-0.0004957146142295483	7.709126922654467e-05	0.0
-0.0005017702380285277	8.230326899380408e-05	0.0
-0.0005077071241059586	8.745861658968023e-05	0.0
-0.000513169059297195	9.267061635693965e-05	0.0
-0.0005183935190453342	9.782596395281581e-05	0.0
-0.0005232617656288275	0.0001029246593773087	0.0
-0.0005278925367692235	0.00010802335480180162	0.0
-0.0005321670947449739	0.00011306539805491126	0.0
-0.0005360854395560782	0.00011805078913663765	0.0
-0.0005396475712025367	0.00012303618021836406	0.0
-0.000542972227405898	0.00012790826695732393	0.0
-0.000545821932723065	0.00013272370152490054	0.0
-0.0005483154248755858	0.00013742583174971068	0.0
-0.0005505714415850096	0.00014207130980313753	0.0
-0.0005524712451297874	0.0001466034835137979	0.0
-0.0005538960977883708	0.00015102235288169175	0.0
-0.000555083475003857	0.00015532791790681907	0.0
-0.000556033376776246	0.00015952017858917992	0.0
-0.0005565083276624404	0.00016354248275739098	0.0
-0.0005567458031055377	0.00016745148258283556	0.0
-0.000556627065383989	0.00017119052589413035	0.0
-0.0005562708522193431	0.00017475961269127534	0.0
-0.0005555584258900515	0.00017815874297427063	0.0
-0.0005546085241176626	0.00018138791674311613	0.0
-0.0005534211469021764	0.00018450378616919512	0.0
-0.0005521150319651415	0.0001873930469097411	0.0
-0.0005506901793065582	0.00019011235113613732	0.0
-0.0005491465889264261	0.00019271835101976703	0.0
-0.0005474842608247455	0.00019509774221786373	0.0
-0.000545821932723065	0.0001973638290731939	0.0
-0.0005441596046213842	0.0001994599594143743	0.0
-0.0005424972765197036	0.00020144278541278822	0.0
-0.0005409536861395715	0.00020331230706843563	0.0
-0.0005392913580378909	0.0002050685243813165	0.0
-0.0005377477676577589	0.00020676808952281415	0.0
-0.0005362041772776268	0.00020835435032154527	0.0
-0.0005346605868974947	0.00020982730677750988	0.0
-0.0005331169965173628	0.00021124361106209124	0.0
-0.0005315734061372308	0.00021260326317528932	0.0
-0.0005301485534786473	0.0002139062631171042	0.0
-0.0005286049630985153	0.0002151526108875358	0.0
-0.0005271801104399319	0.0002162856543152009	0.0
-0.0005258739955028971	0.0002173620455714827	0.0
-0.0005245678805658624	0.00021832513248499805	0.0
-0.0005232617656288275	0.0002192315672271301	0.0
-0.0005220743884133413	0.00022008134979787893	0.0
-0.0005210057489194038	0.00022081782802586123	0.0
-0.0005200558471470148	0.00022144100191107705	0.0
-0.0005192246830961746	0.00022195087145352634	0.0
-0.0005183935190453342	0.00022240408882459237	0.0
-0.0005177998304375912	0.0002227440018528919	0.0
-0.0005172061418298481	0.0002229706105384249	0.0
-0.0005167311909436536	0.00022308391488119143	0.0
-0.0005164937155005564	0.0002231405670525747	0.0
-0.0005161375023359105	0.00022308391488119143	0.0
-0.0005160187646143618	0.00022291395836704164	0.0
-0.0005157812891712646	0.00022268734968150863	0.0
-0.0005157812891712646	0.0002223474366532091	0.0
-0.0005156625514497159	0.00022195087145352634	0.0
-0.0005157812891712646	0.00022144100191107705	0.0
-0.0005157812891712646	0.00022093113236862775	0.0
-0.0005159000268928132	0.00022036461065479522	0.0
-0.0005161375023359105	0.00021974143676957943	0.0
-0.0005163749777790076	0.00021917491505574685	0.0
-0.0005167311909436536	0.00021855174117053105	0.0
-0.0005170874041082994	0.00021798521945669852	0.0
-0.0005175623549944939	0.00021741869774286596	0.0
-0.0005180373058806883	0.00021696548037179994	0.0
-0.0005186309944884315	0.00021656891517211717	0.0
-0.0005192246830961746	0.0002162856543152009	0.0
-0.0005198183717039177	0.0002161156978010511	0.0
-0.0005202933225901121	0.0002161156978010511	0.0
-0.0005207682734763065	0.00021617234997243438	0.0
-0.0005210057489194038	0.00021639895865796738	0.0
-0.000521243224362501	0.00021679552385765017	0.0
-0.0005213619620840496	0.00021730539340009946	0.0
-0.0005213619620840496	0.00021792856728531526	0.0
-0.0005211244866409523	0.00021877834985606408	0.0
-0.0005207682734763065	0.00021968478459819617	0.0
-0.0005204120603116607	0.00022070452368309472	0.0
-0.0005198183717039177	0.00022178091493937658	0.0
-0.0005193434208177231	0.00022291395836704164	0.0
-0.00051874973220998	0.00022399034962332349	0.0
-0.000518156043602237	0.00022506674087960534	0.0
-0.0005176810927160425	0.00022602982779312066	0.0
-0.0005173248795513967	0.00022699291470663595	0.0
-0.0005170874041082994	0.0002278426972773848	0.0
-0.0005169686663867508	0.0002286924798481336	0.0
-0.0005168499286652022	0.00022942895807611592	0.0
-0.0005169686663867508	0.0002301654363040982	0.0
-0.0005170874041082994	0.000230788610189314	0.0
-0.0005174436172729453	0.0002314117840745298	0.0
-0.0005176810927160425	0.00023197830578836239	0.0
-0.0005180373058806883	0.00023248817533081165	0.0
-0.0005183935190453342	0.0002329413927018777	0.0
-0.00051874973220998	0.00023339461007294374	0.0
-0.0005189872076530773	0.0002337911752726265	0.0
-0.0005192246830961746	0.00023413108830092603	0.0
-0.0005192246830961746	0.00023441434915784232	0.0
-0.0005193434208177231	0.0002346976100147586	0.0
-0.0005192246830961746	0.00023498087087167485	0.0
-0.0005191059453746259	0.00023515082738582462	0.0
-0.0005188684699315287	0.00023537743607135765	0.0
-0.0005186309944884315	0.00023560404475689065	0.0
-0.0005182747813237856	0.00023577400127104044	0.0
-0.0005177998304375912	0.00023600060995657344	0.0
-0.0005172061418298481	0.00023622721864210644	0.0
-0.0005164937155005564	0.00023645382732763947	0.0
-0.0005156625514497159	0.0002366804360131725	0.0
-0.0005148313873988757	0.00023696369687008876	0.0
-0.0005137627479049381	0.00023724695772700503	0.0
-0.0005125753706894519	0.0002375302185839213	0.0
-0.0005112692557524171	0.00023787013161222082	0.0
-0.0005099631408153824	0.0002381533924691371	0.0
-0.0005084195504352503	0.00023843665332605338	0.0
-0.0005068759600551183	0.00023866326201158638	0.0
-0.0005052136319534376	0.00023883321852573617	0.0
-0.000503551303851757	0.00023894652286850267	0.0
-0.0005016515003069791	0.00023894652286850267	0.0
-0.0004998704344837499	0.00023883321852573617	0.0
-0.0004978518932174233	0.00023866326201158638	0.0
-0.0004959520896726455	0.00023838000115467011	0.0
-0.000493933548406319	0.00023792678378360408	0.0
-0.0004919150071399925	0.0002374169142411548	0.0
-0.000489896465873666	0.000236793740355939	0.0
-0.0004878779246073395	0.0002360572621279567	0.0
-0.00048597812106256164	0.00023520747955720785	0.0
-0.0004839595797962351	0.0002343010448150758	0.0
-0.0004819410385299086	0.00023322465355879397	0.0
-0.00048004123498513075	0.00023214826230251212	0.0
-0.0004781414314403528	0.0002309585667034638	0.0
-0.0004763603656171236	0.00022971221893303218	0.0
-0.0004744605620723457	0.0002284658711626006	0.0
-0.00047267949624911644	0.00022727617556355225	0.0
-0.00047077969270433855	0.0002260864799645039	0.0
-0.0004689986268811093	0.00022489678436545554	0.0
-0.0004670988233363314	0.00022376374093779048	0.0
-0.0004653177575131022	0.00022268734968150863	0.0
-0.00046329921624677566	0.00022166761059661005	0.0
-0.00046139941270199777	0.00022070452368309472	0.0
-0.00045938087143567125	0.00021979808894096264	0.0
-0.0004573623301693448	0.00021889165419883058	0.0
-0.00045522505118146967	0.00021809852379946502	0.0
-0.0004530877721935945	0.00021730539340009946	0.0
-0.00045083175548417084	0.00021656891517211717	0.0
-0.00044857573877474705	0.00021583243694413485	0.0
-0.00044631972206532337	0.0002151526108875358	0.0
-0.000443944967634351	0.00021447278483093673	0.0
-0.00044168895092492726	0.00021384961094572094	0.0
-0.00043943293421550353	0.00021316978488912188	0.0
-0.00043705817978453116	0.0002125466110039061	0.0
-0.00043480216307510743	0.00021192343711869027	0.0
-0.00043254614636568375	0.00021130026323347447	0.0
-0.0004304088673778086	0.00021067708934825868	0.0
-0.0004281528506683849	0.00021005391546304289	0.0
-0.00042601557168050975	0.00020937408940644383	0.0
-0.0004238782926926346	0.00020863761117846153	0.0
-0.0004218597514263081	0.0002079011329504792	0.0
-0.0004198412101599816	0.00020710800255111368	0.0
-0.00041782266889365513	0.0002063148721517481	0.0
-0.00041580412762732866	0.00020540843740961604	0.0
-0.00041390432408255077	0.0002044453504961007	0.0
-0.00041188578281622424	0.0002034256114112021	0.0
-0.00041010471699299503	0.00020234922015492028	0.0
-0.00040820491344821714	0.0002012161767272552	0.0
-0.0004063051099034392	0.00020002648112820684	0.0
-0.00040452404408021	0.00019878013335777525	0.0
-0.00040262424053543204	0.0001974771334159604	0.0
-0.00040084317471220283	0.00019606082913137905	0.0
-0.00039894337116742494	0.00019470117701818093	0.0
-0.00039704356762264705	0.00019322822056221632	0.0
-0.0003950250263563206	0.0001917552641062517	0.0
-0.00039288774736844547	0.00019022565547890382	0.0
-0.0003907504683805703	0.00018869604685155594	0.0
-0.00038837571394959795	0.00018710978605282483	0.0
-0.00038600095951862564	0.0001855235252540937	0.0
-0.00038350746736610464	0.00018393726445536257	0.0
-0.00038089523749203506	0.0001822943514852482	0.0
-0.0003780455321748683	0.00018065143851513383	0.0
-0.00037519582685770144	0.00017900852554501945	0.0
-0.000372227383818986	0.00017736561257490507	0.0
-0.00036902146533717334	0.00017566604743340746	0.0
-0.00036581554685536066	0.00017390983012052655	0.0
-0.00036249089065199934	0.00017221026497902893	0.0
-0.00035904749672708945	0.00017045404766614802	0.0
-0.0003556041028021795	0.00016869783035326714	0.0
-0.000352041971155721	0.00016688496086900297	0.0
-0.00034836110178771383	0.0001651287435561221	0.0
-0.00034468023241970673	0.00016331587407185797	0.0
-0.00034088062533015094	0.00016155965675897707	0.0
-0.0003370810182405952	0.00015974678727471292	0.0
-0.0003332814111510394	0.00015799056996183204	0.0
-0.0003294818040614837	0.00015623435264895116	0.0
-0.0003255634592503793	0.00015453478750745354	0.0
-0.00032176385216082354	0.0001528352223659559	0.0
-0.0003178455073497192	0.00015113565722445823	0.0
-0.0003140459002601634	0.00014949274425434388	0.0
-0.00031024629317060766	0.0001478498312842295	0.0
-0.0003063279483595033	0.00014626357048549838	0.0
-0.00030264707899149614	0.00014467730968676724	0.0
-0.00029884747190194036	0.00014314770105941938	0.0
-0.00029516660253393326	0.0001416180924320715	0.0
-0.0002914857331659261	0.0001401451359761069	0.0
-0.00028780486379791895	0.00013867217952014227	0.0
-0.0002842427321514604	0.00013719922306417766	0.0
-0.0002806806005050019	0.00013572626660821304	0.0
-0.00027723720658009196	0.0001343099623236317	0.0
-0.00027379381265518207	0.0001328936580390503	0.0
-0.0002703504187302722	0.00013147735375446896	0.0
-0.00026690702480536223	0.00013011770164127084	0.0
-0.00026358236860200097	0.0001287013973566895	0.0
-0.000260138974677091	0.00012734174524349137	0.0
-0.00025681431847372977	0.00012592544095891	0.0
-0.00025348966227036845	0.00012450913667432867	0.0
-0.00025016500606700714	0.0001230928323897473	0.0
-0.0002468403498636459	0.00012167652810516594	0.0
-0.0002435156936602846	0.00012020357164920131	0.0
-0.00024030977517847191	0.00011873061519323671	0.0
-0.0002369851189751106	0.00011720100656588883	0.0
-0.00023366046277174932	0.00011572805010992421	0.0
-0.00023045454428993663	0.00011419844148257633	0.0
-0.00022712988808657538	0.00011266883285522847	0.0
-0.0002239239696047627	0.0001111392242278806	0.0
-0.00022071805112295	0.00010960961560053274	0.0
-0.00021751213264113733	0.00010808000697318486	0.0
-0.00021418747643777602	0.00010655039834583699	0.0
-0.00021098155795596336	0.00010502078971848912	0.0
-0.0002077756394741507	0.00010349118109114126	0.0
-0.00020456972099233803	0.00010196157246379338	0.0
-0.00020148254023207395	0.00010048861600782878	0.0
-0.0001982766217502613	9.89590073804809e-05	0.0
-0.00019507070326844862	9.748605092451628e-05	0.0
-0.00019186478478663594	9.601309446855166e-05	0.0
-0.0001887776040263719	9.454013801258705e-05	0.0
-0.00018569042326610784	9.306718155662243e-05	0.0
-0.00018248450478429516	9.159422510065782e-05	0.0
-0.0001793973240240311	9.012126864469319e-05	0.0
-0.00017631014326376703	8.864831218872859e-05	0.0
-0.000173222962503503	8.723200790414722e-05	0.0
-0.00017025451946478754	8.57590514481826e-05	0.0
-0.0001671673387045235	8.4286094992218e-05	0.0
-0.00016419889566580807	8.286979070763664e-05	0.0
-0.00016123045262709263	8.139683425167202e-05	0.0
-0.00015826200958837715	7.998052996709066e-05	0.0
-0.00015541230427121037	7.856422568250929e-05	0.0
-0.00015244386123249492	7.709126922654467e-05	0.0
-0.0001495941559153281	7.567496494196331e-05	0.0
-0.00014674445059816127	7.425866065738194e-05	0.0
-0.00014389474528099443	7.284235637280059e-05	0.0
-0.00014104503996382765	7.148270425960249e-05	0.0
-0.0001381953346466608	7.006639997502112e-05	0.0
-0.000135345629329494	6.865009569043976e-05	0.0
-0.00013261466173387579	6.723379140585841e-05	0.0
-0.00012976495641670897	6.587413929266029e-05	0.0
-0.00012703398882109077	6.445783500807893e-05	0.0
-0.00012418428350392395	6.309818289488082e-05	0.0
-0.00012133457818675713	6.168187861029946e-05	0.0
-0.00011860361059113892	6.02655743257181e-05	0.0
-0.0001157539052739721	5.8849270041136735e-05	0.0
-0.0001130229376783539	5.7489617927938626e-05	0.0
-0.00011017323236118706	5.607331364335727e-05	0.0
-0.00010744226476556886	5.46570093587759e-05	0.0
-0.00010459255944840204	5.3240705074194544e-05	0.0
-0.00010186159185278384	5.1824400789613185e-05	0.0
-9.901188653561702e-05	5.040809650503182e-05	0.0
-9.628091893999882e-05	4.899179222045046e-05	0.0
-9.354995134438061e-05	4.7575487935869095e-05	0.0
-9.070024602721379e-05	4.6159183651287736e-05	0.0
-8.785054071004698e-05	4.468622719532312e-05	0.0
-8.511957311442877e-05	4.326992291074176e-05	0.0
-8.226986779726195e-05	4.1853618626160397e-05	0.0
-7.953890020164375e-05	4.043731434157904e-05	0.0
-7.668919488447692e-05	3.896435788561442e-05	0.0
-7.38394895673101e-05	3.754805360103306e-05	0.0
-7.11085219716919e-05	3.6131749316451705e-05	0.0
-6.825881665452507e-05	3.465879286048709e-05	0.0
-6.540911133735826e-05	3.324248857590572e-05	0.0
-6.255940602019144e-05	3.1826184291324365e-05	0.0
-5.970970070302461e-05	3.0353227835359742e-05	0.0
-5.6859995385857796e-05	2.8936923550778383e-05	0.0
-5.412902779023959e-05	2.7463967094813768e-05	0.0
-5.127932247307276e-05	2.6047662810232406e-05	0.0
-4.842961715590594e-05	2.457470635426779e-05	0.0
-4.557991183873912e-05	2.3158402069686428e-05	0.0
-4.2730206521572304e-05	2.1685445613721815e-05	0.0
-3.9880501204405484e-05	2.0269141329140453e-05	0.0
-3.7030795887238665e-05	1.8796184873175834e-05	0.0
-3.4181090570071845e-05	1.7379880588594472e-05	0.0
-3.133138525290502e-05	1.590692413262986e-05	0.0
-2.84816799357382e-05	1.4490619848048496e-05	0.0
-2.5631974618571377e-05	1.301766339208388e-05	0.0
-2.2782269301404554e-05	1.160135910750252e-05	0.0
-1.9932563984237734e-05	1.0128402651537904e-05	0.0
-1.708285866707091e-05	8.712098366956542e-06	0.0
-1.4233153349904092e-05	7.239141910991925e-06	0.0
-1.1383448032737271e-05	5.822837626410564e-06	0.0
-8.53374271557045e-06	4.349881170445948e-06	0.0
-5.802775119952246e-06	2.933576885864587e-06	0.0
-2.953069802785425e-06	1.460620429899971e-06	0.0
-1.0336448561860375e-07	4.431614531860949e-08	0.0
