LNEC Test File eXtractor

File: rinaldi_costape10_time_3.DRV

Created in: 2026-04-28 18:02:09.372724

Number of channels: 3

Name:	DispT	DispL	DispV
Type:	Displacement	Displacement	Displacement
Unit:	m	m	m
No. of Samples:	3001	3001	3001
Time step [s]:	0.005	0.005	0.005
Trigger date:	1970-01-01	1970-01-01	1970-01-01
Trigger time:	00:00:00.000000	00:00:00.000000	00:00:00.000000
Duration [s]:	15.0	15.0	15.0
Data:
DispT	DispL	DispV
-1.9908363410958054e-05	1.3816173548481219e-05	0.0
-2.693958562083498e-05	1.5822660198466752e-05	0.0
-3.3580184374607636e-05	1.762849818345373e-05	0.0
-4.0481198765783144e-05	1.9334011835941435e-05	0.0
-4.725200533825722e-05	2.0838876823430583e-05	0.0
-5.389260409202988e-05	2.2444066143419013e-05	0.0
-6.066341066450396e-05	2.424990412840599e-05	0.0
-6.717380159957519e-05	2.63567151108908e-05	0.0
-7.394460817204927e-05	2.8563850425874887e-05	0.0
-8.032479128841908e-05	3.117228307085608e-05	0.0
-8.670497440478887e-05	3.3680391383338e-05	0.0
-9.321536533986011e-05	3.6589797025817014e-05	0.0
-9.946534063752849e-05	3.909790533829893e-05	0.0
-0.0001058455237538983	4.1906986648278684e-05	0.0
-0.00011196529123286525	4.4214446295762046e-05	0.0
-0.00011795485089313079	4.652190594324541e-05	0.0
-0.00012420482619079917	4.872904125822949e-05	0.0
-0.00013032459366976612	5.073552790821503e-05	0.0
-0.00013631415333003168	5.264169022570128e-05	0.0
-0.00014230371299029718	5.454785254318754e-05	0.0
-0.00014829327265056272	5.655433919317307e-05	0.0
-0.00015441304012952966	5.866115017565788e-05	0.0
-0.00016040259978979522	6.076796115814269e-05	0.0
-0.0001662619516313593	6.317574513812533e-05	0.0
-0.00017225151129162487	6.558352911810797e-05	0.0
-0.00017824107095189038	6.79913130980906e-05	0.0
-0.00018436083843085735	7.049942141057252e-05	0.0
-0.00019022019027242147	7.310785405555371e-05	0.0
-0.00019620974993268697	7.531498937053781e-05	0.0
-0.0002020691017742511	7.772277335052045e-05	0.0
-0.0002079284536158152	7.992990866550453e-05	0.0
-0.00021404822109478215	8.193639531549006e-05	0.0
-0.00021990757293634624	8.404320629797487e-05	0.0
-0.00022576692477791036	8.584904428296184e-05	0.0
-0.0002317564844381759	8.795585526544666e-05	0.0
-0.00023774604409844145	8.99623419154322e-05	0.0
-0.00024360539594000556	9.196882856541773e-05	0.0
-0.0002497251634189725	9.427628821290109e-05	0.0
-0.0002555845152605366	9.658374786038445e-05	0.0
-0.0002617042827395036	9.899153184036709e-05	0.0
-0.0002675636345810677	0.00010119866715535119	0.0
-0.0002735531942413332	0.00010360645113533381	0.0
-0.00027967296172030015	0.00010581358645031791	0.0
-0.0002856625213805657	0.00010822137043030055	0.0
-0.00029165208104083126	0.00011032818141278537	0.0
-0.0002976416407010968	0.00011253531672776944	0.0
-0.0003035009925426609	0.0001144414790452557	0.0
-0.0003093603443842249	0.00011664861436023978	0.0
-0.0003153499040444905	0.00011855477667772604	0.0
-0.0003212092558860546	0.00012066158766021085	0.0
-0.000327459231183723	0.00012266807431019638	0.0
-0.0003333185830252871	0.0001247748852926812	0.0
-0.0003391779348668512	0.00012718266927266384	0.0
-0.00034503728670841533	0.0001294901289201472	0.0
-0.0003512872620060837	0.00013179758856763054	0.0
-0.00035727682166634923	0.00013410504821511393	0.0
-0.00036326638132661476	0.00013651283219509656	0.0
-0.0003692559409868803	0.00013871996751008064	0.0
-0.00037537570846584724	0.00014092710282506473	0.0
-0.0003813652681261128	0.00014303391380754955	0.0
-0.0003874850356050797	0.0001450404004575351	0.0
-0.0003934745952653453	0.00014714721144001988	0.0
-0.0003994641549256108	0.00014895304942500687	0.0
-0.00040558392240457774	0.00015105986040749166	0.0
-0.0004115734820648433	0.0001530663470574772	0.0
-0.00041756304172510886	0.00015517315803996202	0.0
-0.0004235526013853744	0.00015727996902244683	0.0
-0.0004296723688643413	0.0001594871043374309	0.0
-0.00043566192852460687	0.00016159391531991575	0.0
-0.00044152128036617093	0.0001639013749673991	0.0
-0.00044738063220773505	0.0001660081859498839	0.0
-0.00045350039968670205	0.0001681149969323687	0.0
-0.00045935975152826616	0.00017022180791485353	0.0
-0.00046547951900723306	0.00017212797023233978	0.0
-0.00047159928648620006	0.00017383348388482747	0.0
-0.0004774586383277642	0.00017563932186981447	0.0
-0.0004834481979880297	0.00017704386252480434	0.0
-0.0004895679654669966	0.0001785487275122935	0.0
-0.0004955575251272622	0.00017985294383478408	0.0
-0.0005015470847875278	0.0001811571601572747	0.0
-0.0005076668522664947	0.000182361052147266	0.0
-0.0005137866197454616	0.00018366526846975658	0.0
-0.0005199063872244286	0.00018476883612724863	0.0
-0.0005260261547033956	0.0001861733767822385	0.0
-0.0005322761300010639	0.00018737726877222983	0.0
-0.0005382656896613295	0.00018868148509472042	0.0
-0.0005445156649589979	0.00018978505275221247	0.0
-0.0005505052246192634	0.0001909889447422038	0.0
-0.0005566249920982303	0.00019219283673219513	0.0
-0.0005626145517584959	0.00019329640438968716	0.0
-0.0005686041114187614	0.00019439997204717918	0.0
-0.0005744634632603255	0.00019550353970467126	0.0
-0.0005803228151018896	0.00019670743169466256	0.0
-0.0005860519591247523	0.00019791132368465386	0.0
-0.0005919113109663164	0.0001991152156746452	0.0
-0.0005975102471704777	0.0002004194319971358	0.0
-0.0006029789755559375	0.00020182397265212565	0.0
-0.0006084477039413974	0.00020342916197211409	0.0
-0.0006140466401455586	0.00020493402695960326	0.0
-0.0006192549528936155	0.00020653921627959167	0.0
-0.0006247236812790755	0.0002082447299320794	0.0
-0.0006300622018458338	0.0002097495949195685	0.0
-0.0006351403067751894	0.00021145510857205623	0.0
-0.0006403486195232463	0.00021295997355954538	0.0
-0.0006456871400900047	0.00021446483854703453	0.0
-0.0006507652450193603	0.00021596970353452365	0.0
-0.0006559735577674173	0.0002176752171870114	0.0
-0.0006614422861528772	0.00021938073083949908	0.0
-0.000666911014538337	0.00022118656882448606	0.0
-0.0006723797429237968	0.00022329337980697087	0.0
-0.0006778484713092566	0.00022550051512195497	0.0
-0.0006837078231508207	0.00022800862343443686	0.0
-0.0006894369671736835	0.00023071738041191735	0.0
-0.0006952963190152475	0.0002334261373893978	0.0
-0.0007011556708568117	0.00023633554303187682	0.0
-0.0007072754383357785	0.00023924494867435587	0.0
-0.0007133952058147456	0.00024195370565183633	0.0
-0.0007196451811124139	0.00024476278696181606	0.0
-0.0007261555720474851	0.00024737121960679724	0.0
-0.0007325357551638549	0.00025007997658427775	0.0
-0.0007389159382802247	0.000252688409229259	0.0
-0.0007456867448526988	0.0002551965175417408	0.0
-0.0007525877592438744	0.0002576043015217235	0.0
-0.0007596189814537513	0.00025991176116920686	0.0
-0.0007669106193010311	0.00026211889648419096	0.0
-0.0007744626727857137	0.000264326031799175	0.0
-0.0007822751419077991	0.00026633251844916054	0.0
-0.0007899574032111833	0.00026803803210164823	0.0
-0.000798160495789373	0.00026974354575413597	0.0
-0.0008061031727301599	0.0002709474377441273	0.0
-0.0008140458496709468	0.0002722516540666179	0.0
-0.000822118734430435	0.00027315457305911135	0.0
-0.000830061411371222	0.0002741578163841041	0.0
-0.0008380040883120089	0.0002748600867115991	0.0
-0.0008455561417966915	0.00027546203270659473	0.0
-0.000853368610918777	0.00027606397870159037	0.0
-0.0008610508722221611	0.0002767662490290853	0.0
-0.0008687331335255451	0.000277368195024081	0.0
-0.0008764153948289292	0.00027817078968407524	0.0
-0.0008839674483136118	0.00027917403300906795	0.0
-0.0008917799174356973	0.00028047824933155857	0.0
-0.0008993319709203799	0.0002818827899865484	0.0
-0.000907014232223764	0.00028378895230403466	0.0
-0.000914696493527148	0.0002857954389540202	0.0
-0.0009221183391931293	0.00028800257426900435	0.0
-0.0009296703926778119	0.0002903100339164877	0.0
-0.0009370922383437931	0.00029281814222896957	0.0
-0.0009445140840097742	0.0002953262505414515	0.0
-0.0009523265531318596	0.0002978343588539334	0.0
-0.0009600088144352438	0.00030034246716641535	0.0
-0.0009675608679199264	0.0003028505754788973	0.0
-0.0009753733370420119	0.0003052583594588799	0.0
-0.0009833160139827988	0.0003077664677713618	0.0
-0.0009912586909235858	0.00031027457608384375	0.0
-0.0009994617835017755	0.0003125820357313271	0.0
-0.0010080554995360695	0.00031478917104631117	0.0
-0.0010170398390264676	0.00031699630636129527	0.0
-0.0010261543863355675	0.0003189024686787815	0.0
-0.0010359199727381742	0.00032050765799877	0.0
-0.0010459459747781841	0.0003220125229862591	0.0
-0.0010561021846368951	0.0003230157663112518	0.0
-0.0010662583944956064	0.0003236177123062475	0.0
-0.0010765448121730188	0.0003237180366387468	0.0
-0.0010869614376691327	0.0003236177123062475	0.0
-0.001097117647527844	0.0003233167393087497	0.0
-0.0011074040652052563	0.00032261446898125475	0.0
-0.0011176904828826691	0.00032191219865375983	0.0
-0.0011282373161974845	0.0003211096039937656	0.0
-0.0011385237338748968	0.0003202066850012721	0.0
-0.0011489403593710108	0.00031930376600877865	0.0
-0.0011596174005045277	0.00031850117134878445	0.0
-0.001170164233819343	0.0003177989010212895	0.0
-0.00118084127495286	0.000316895982028796	0.0
-0.0011913881082676755	0.0003159930630363025	0.0
-0.0012019349415824908	0.0003152907927088076	0.0
-0.001212481774897306	0.0003142875493838148	0.0
-0.001223158816030823	0.0003131839817263227	0.0
-0.001233575441526937	0.0003122810627338293	0.0
-0.0012441222748417523	0.0003111774950763372	0.0
-0.0012547993159752692	0.00031037490041634303	0.0
-0.0012653461492900845	0.0003095723057563488	0.0
-0.0012757627747861985	0.0003090706840938524	0.0
-0.001286309608101014	0.0003090706840938524	0.0
-0.001296726233597128	0.0003092713327588509	0.0
-0.0013070126512745403	0.0003099736030863459	0.0
-0.001317299068951953	0.00031097684641133867	0.0
-0.0013273250709919626	0.00031218073840133	0.0
-0.001337220865213271	0.00031338463039132133	0.0
-0.0013472468672532806	0.00031468884671381194	0.0
-0.0013570124536558875	0.0003155917657063054	0.0
-0.0013666478322397928	0.00031649468469879886	0.0
-0.0013764134186423998	0.0003170966306937945	0.0
-0.0013860487972263051	0.0003172972793587931	0.0
-0.0013955539679915091	0.0003176985766887902	0.0
-0.001405059138756713	0.0003177989010212895	0.0
-0.0014144341017032157	0.0003182001983512866	0.0
-0.0014239392724684197	0.00031850117134878445	0.0
-0.001433184027596221	0.00031870182001378296	0.0
-0.0014425589905427234	0.0003194040903412779	0.0
-0.0014518037456705247	0.0003199057120037743	0.0
-0.001461178708617027	0.0003206079823312692	0.0
-0.0014704234637448281	0.0003212099283262649	0.0
-0.0014796682188726294	0.00032171154998876126	0.0
-0.0014893035974565347	0.00032191219865375983	0.0
-0.001499459807315246	0.00032191219865375983	0.0
-0.001509616017173957	0.0003210092796612663	0.0
-0.001520293058307474	0.00031960473900627645	0.0
-0.0015313607228970949	0.00031749792802379163	0.0
-0.0015430794265802233	0.00031468884671381194	0.0
-0.0015550585459007543	0.0003114784680738351	0.0
-0.0015674282886773896	0.0003078667921038611	0.0
-0.001580058447091428	0.0003043554404663864	0.0
-0.0015929490211428687	0.00030074376449641243	0.0
-0.0016058395951943098	0.00029753338585643556	0.0
-0.0016189905848831537	0.0002949249532114544	0.0
-0.0016318811589345948	0.0002931191152264674	0.0
-0.0016446415251673344	0.00029181489890397686	0.0
-0.0016575320992187755	0.000291513925906479	0.0
-0.0016705528810889178	0.000291513925906479	0.0
-0.0016831830395029562	0.00029201554756897537	0.0
-0.0016959434057356958	0.00029241684489897244	0.0
-0.001708573564149734	0.00029271781789647034	0.0
-0.0017213339303824736	0.0002925171692314718	0.0
-0.0017342245044339145	0.00029211587190147465	0.0
-0.0017471150784853556	0.00029121295290898116	0.0
-0.0017602660681741995	0.00029000906091898983	0.0
-0.001773026434406939	0.000288604520264	0.0
-0.0017855263850022759	0.00028689900661151225	0.0
-0.0017975055043228068	0.0002847921956290275	0.0
-0.0018089637923685324	0.00028228408731654554	0.0
-0.0018197710413207504	0.0002794750060065658	0.0
-0.0018300574589981632	0.000276665924696586	0.0
-0.0018403438766755756	0.00027365619472160776	0.0
-0.0018503698787155855	0.00027114808640912587	0.0
-0.001860395880755595	0.00026904127542664105	0.0
-0.0018706822984330077	0.0002673357617741533	0.0
-0.0018814895473852258	0.00026603154545166275	0.0
-0.001892036380700041	0.0002648276534616714	0.0
-0.001902713421833558	0.00026382441013667865	0.0
-0.0019135206707857763	0.0002626205181466873	0.0
-0.0019243279197379943	0.00026151695048919527	0.0
-0.0019355257921463169	0.00026021273416670465	0.0
-0.0019468538723733408	0.0002590088421767133	0.0
-0.001958442368237768	0.0002579052745192213	0.0
-0.001970421487558299	0.00025740365285672497	0.0
-0.0019825308146975314	0.00025720300419172635	0.0
-0.001994770349655465	0.00025740365285672497	0.0
-0.0020072703002508023	0.0002582062475167191	0.0
-0.0020200306664835414	0.0002591091665092126	0.0
-0.0020327910327162814	0.00026031305849920393	0.0
-0.002045942022405125	0.000261416626156696	0.0
-0.0020596138433687746	0.0002622192208166902	0.0
-0.0020736762877885282	0.0002626205181466873	0.0
-0.0020883897713017893	0.0002622192208166902	0.0
-0.0021032334626337515	0.00026111565315919814	0.0
-0.002118988608696624	0.0002593098151742112	0.0
-0.0021352645860343022	0.00025650073386423143	0.0
-0.0021521916024654876	0.0002528890578942575	0.0
-0.00216976965799018	0.00024857511159678857	0.0
-0.0021879987526083793	0.00024365921930432402	0.0
-0.0022067486785013845	0.00023804105668436454	0.0
-0.0022260194356691953	0.00023212192106690722	0.0
-0.002245811024111812	0.0002258014881194528	0.0
-0.0022656026125544284	0.0002192804065069998	0.0
-0.0022857848244531493	0.000212458351897049	0.0
-0.0023058368285331686	0.00020533532428960037	0.0
-0.0023258888326131884	0.00019791132368465386	0.0
-0.0023459408366932073	0.00019018635008220957	0.0
-0.002365732425135824	0.0001819597548172689	0.0
-0.0023856542213971416	0.00017353251088732965	0.0
-0.002405445809839758	0.0001647039696273933	0.0
-0.002424976982644972	0.00015587542836745697	0.0
-0.0024441175319940816	0.00014674591411002278	0.0
-0.002463258081343191	0.00013771672418508787	0.0
-0.0024821382150548976	0.00012888818292515152	0.0
-0.0025007579331292012	0.00012015996599771448	0.0
-0.002519117235566102	0.00011153207340277668	0.0
-0.0025372161223656004	0.00010300450514033816	0.0
-0.0025551848013463966	9.46775855428982e-05	0.0
-0.0025730232725084917	8.645099027795751e-05	0.0
-0.002590861743670587	7.812407068051755e-05	0.0
-0.0026085700070139807	6.989747541557687e-05	0.0
-0.0026265386859947774	6.187152881563473e-05	0.0
-0.0026447677806129767	5.38455822156926e-05	0.0
-0.0026633874986872804	4.61206086132483e-05	0.0
-0.002682397840217689	3.859628367580255e-05	0.0
-0.0027016685973854995	3.1473256068353914e-05	0.0
-0.0027213299780094145	2.455087712590382e-05	0.0
-0.0027415121899081354	1.8029795513450838e-05	0.0
-0.0027615641939881547	1.1809686898495686e-05	0.0
-0.0027817464058868756	5.489253951041257e-06	0.0
-0.002801668202148194	-6.305303314146194e-07	0.0
-0.0028215899984095115	-6.750314613870496e-06	0.0
-0.0028412513790334265	-1.2970423228825647e-05	0.0
-0.002860652344019939	-1.9090207511281523e-05	0.0
-0.002879662685550347	-2.531031612623668e-05	0.0
-0.002898412611443352	-3.173107340619038e-05	0.0
-0.0029163812904241487	-3.825215501864336e-05	0.0
-0.002933959345948841	-4.477323663109634e-05	0.0
-0.0029510165701987275	-5.149496690854788e-05	0.0
-0.002967422755355107	-5.831702151849869e-05	0.0
-0.0029831779014179794	-6.544004912594734e-05	0.0
-0.0029985424240247475	-7.266340106589525e-05	0.0
-0.0030132559075380086	-8.008740167084174e-05	0.0
-0.0030277089754138665	-8.771205094078676e-05	0.0
-0.003041901627652322	-9.573799754072889e-05	0.0
-0.0030558338642533746	-0.00010406491713816885	0.0
-0.0030696358930357255	-0.00011259248540060736	0.0
-0.003083568129636778	-0.00012172199965804153	0.0
-0.0030972399506004273	-0.0001312528112454728	0.0
-0.003110911771564077	-0.00014138556882789977	0.0
-0.003124453384709025	-0.0001520199480728231	0.0
-0.0031378647900352718	-0.0001631559489802428	0.0
-0.0031508855719054145	-0.0001746932472176596	0.0
-0.0031641667694129595	-0.00018673216711757282	0.0
-0.0031771875512831022	-0.000198771087017486	0.0
-0.003190338540971946	-0.00021070968258489993	0.0
-0.0032038801541168943	-0.00022244762948731532	0.0
-0.0032172915594431413	-0.00023388460339223284	0.0
-0.0032310935882254917	-0.0002449202799671533	0.0
-0.0032450258248265446	-0.0002555546592120766	0.0
-0.0032588278536088955	-0.00026568741679450355	0.0
-0.003272760090209948	-0.00027551920137943266	0.0
-0.003286301703354896	-0.00028505001296686393	0.0
-0.0032998433164998443	-0.0002943801758892967	0.0
-0.0033132547218260905	-0.0003036100144792301	0.0
-0.0033265359193336364	-0.00031283985306916357	0.0
-0.003339947324659883	-0.00032217001599159627	0.0
-0.0033529681065300257	-0.0003317008275790276	0.0
-0.003366509719674974	-0.00034123163916645885	0.0
-0.003380181540638623	-0.00035116374808388725	0.0
-0.0033941137772396756	-0.0003611961813338149	0.0
-0.0034085668451155336	-0.00037162991191373967	0.0
-0.0034232803286287946	-0.000382264291158663	0.0
-0.003438514643416861	-0.00039329996773358343	0.0
-0.003454009373842331	-0.000404736941638501	0.0
-0.003469764519905203	-0.0004165752128734156	0.0
-0.0034856498737867773	-0.0004287144571058281	0.0
-0.0035016654354870524	-0.0004412549986682377	0.0
-0.0035178112050060287	-0.0004540965132281451	0.0
-0.003534087182343707	-0.0004668377034555532	0.0
-0.003550623575318788	-0.0004795788936829614	0.0
-0.003567159968293869	-0.0004920191109128717	0.0
-0.003583826569087651	-0.0005039577064802856	0.0
-0.003600362962062732	-0.0005152943560527038	0.0
-0.003616508731581709	-0.0005259287352976272	0.0
-0.0036327847089193867	-0.0005358608442150556	0.0
-0.003648539854982259	-0.0005449903584724898	0.0
-0.0036640345854077284	-0.0005533172780699297	0.0
-0.0036790084845583926	-0.0005611425760048733	0.0
-0.003693852175890355	-0.000568666900942319	0.0
-0.0037081750359475116	-0.0005757899285497676	0.0
-0.0037222374803672653	-0.0005830132804897156	0.0
-0.0037359093013309154	-0.0005902366324296635	0.0
-0.003749060291019759	-0.0005976606330346099	0.0
-0.0037620810728899016	-0.0006053856066370543	0.0
-0.0037747112313039396	-0.0006132109045719979	0.0
-0.0037869507662618737	-0.0006215378241694378	0.0
-0.0037985392621263003	-0.0006300653924318763	0.0
-0.003810127757990727	-0.0006386932850268141	0.0
-0.0038211954225803486	-0.0006473211776217519	0.0
-0.0038320026715325667	-0.000656049394549189	0.0
-0.0038421588813912777	-0.0006645769628116275	0.0
-0.0038517942599751833	-0.000673104531074066	0.0
-0.0038614296385590884	-0.0006813311263390067	0.0
-0.0038706743936868897	-0.0006893570729389489	0.0
-0.0038797889409959894	-0.0006973830195388909	0.0
-0.003888903488305089	-0.0007052083174738345	0.0
-0.003898018035614189	-0.0007129332910762788	0.0
-0.003907002375104587	-0.0007206582646787232	0.0
-0.003915726298957582	-0.0007283832382811675	0.0
-0.003924189807173175	-0.0007360078875511125	0.0
-0.003932392899751364	-0.0007435322124885582	0.0
-0.003940465784510854	-0.000751056537426004	0.0
-0.003947757422358133	-0.0007585808623634497	0.0
-0.0039549188523867115	-0.0007660048629683962	0.0
-0.003961429243321783	-0.0007733285392408435	0.0
-0.003967679218619451	-0.0007803512425157928	0.0
-0.003973147947004911	-0.0007870729727932443	0.0
-0.00397848646757167	-0.000793493730073198	0.0
-0.003983304156863622	-0.000799312541358156	0.0
-0.003987470807062067	-0.0008045294066481185	0.0
-0.003991246833804409	-0.0008090440016105859	0.0
-0.003994502029271945	-0.0008125553532480606	0.0
-0.003997106185645973	-0.0008153644345580403	0.0
-0.0039991895107451955	-0.0008169696238780287	0.0
-0.004001012420207015	-0.0008176718942055237	0.0
-0.004002054082756627	-0.0008172705968755266	0.0
-0.004002835329668835	-0.0008155650832230389	0.0
-0.004002835329668835	-0.0008129566505780577	0.0
-0.004002054082756627	-0.0008090440016105859	0.0
-0.004000752004569613	-0.0008043287579831198	0.0
-0.003998408263832987	-0.0007987105953631604	0.0
-0.003995283276184153	-0.0007923901624157059	0.0
-0.003990856210348305	-0.0007854677834732559	0.0
-0.003985778105418949	-0.0007781441072008086	0.0
-0.0039795281301212805	-0.000770619782263363	0.0
-0.003972236492274001	-0.0007628948086609187	0.0
-0.003964033399695811	-0.0007553704837234728	0.0
-0.003954658436749308	-0.0007479464831185264	0.0
-0.003944372019071896	-0.0007407231311785785	0.0
-0.003933043938844872	-0.0007334997792386305	0.0
-0.003920674196068237	-0.000726778048961179	0.0
-0.00390726279074199	-0.0007201566430162268	0.0
-0.0038928097228661316	-0.0007141371830662701	0.0
-0.003877184784621961	-0.0007083183717813121	0.0
-0.003860908807284283	-0.0007029008578263512	0.0
-0.0038437213752156945	-0.0006980852898663859	0.0
-0.003825362072778794	-0.0006938716679014163	0.0
-0.0038062215234296844	-0.0006902599919314423	0.0
-0.0037862997271683667	-0.0006874509106214626	0.0
-0.003765075852720034	-0.0006853440996389778	0.0
-0.0037426801079033893	-0.000684340856313985	0.0
-0.0037191124927184313	-0.0006844411806464844	0.0
-0.003694503214983862	-0.0006854444239714771	0.0
-0.0036685918590622785	-0.0006879525322839589	0.0
-0.0036416388405910837	-0.0006916645325864322	0.0
-0.003613644159570277	-0.000696680749211396	0.0
-0.0035847380238185613	-0.0007031015064913498	0.0
-0.003555050641154636	-0.0007105255070962963	0.0
-0.0035243215959411003	-0.0007193540483562325	0.0
-0.0034928113038153554	-0.0007291858329411617	0.0
-0.003460389556958701	-0.0007401211851835828	0.0
-0.0034269261475524345	-0.0007523607537484946	0.0
-0.0033925512834152584	-0.0007656035656383991	0.0
-0.003357264964547172	-0.0007799499451857957	0.0
-0.003321067190948176	-0.0007956005410556828	0.0
-0.003283567339162166	-0.0008125553532480606	0.0
-0.0032452862404639474	-0.0008307140574304296	0.0
-0.0032055728557600126	-0.0008501769779352894	0.0
-0.003164817808506467	-0.0008711447634276382	0.0
-0.003122500267428504	-0.0008933164409099784	0.0
-0.003078359816888721	-0.0009167923347148091	0.0
-0.0030327870803432224	-0.0009414721205096311	0.0
-0.0029853914343359036	-0.0009673557982944445	0.0
-0.0029361728788667653	-0.0009942427194042506	0.0
-0.002885131413935807	-0.001021932235174051	0.0
-0.0028320066239056253	-0.0010505246699363448	0.0
-0.002776928716594923	-0.001080020023691132	0.0
-0.002719897692003699	-0.0011102176477734145	0.0
-0.002660783342313252	-0.001141217866515691	0.0
-0.002599455459704881	-0.0011731210042504607	0.0
-0.0025361744598159887	-0.0012060273853102238	0.0
-0.002470679927009172	-0.0012400373340274785	0.0
-0.002403232276921834	-0.001275050526069726	0.0
-0.0023333106782791693	-0.0013110669614369663	0.0
-0.002261305754537281	-0.0013484879374591964	0.0
-0.0021873477135148723	-0.00138681183247392	0.0
-0.0021111761395745388	-0.001426339619478635	0.0
-0.0020327910327162814	-0.0014668706498083429	0.0
-0.001952062185121398	-0.0015084049234630435	0.0
-0.0018695104280646946	-0.0015507417917777382	0.0
-0.001784614930271366	-0.0015938812547524272	0.0
-0.0016972454839227099	-0.0016378233123871102	0.0
-0.0016079229202935327	-0.0016822669916842898	0.0
-0.0015162566159277297	-0.001727613589973963	0.0
-0.0014222465708253011	-0.0017734618099261323	0.0
-0.0013262834084423513	-0.001820112624538296	0.0
-0.0012284973365975812	-0.001867265060812956	0.0
-0.0011282373161974845	-0.0019150194430826118	0.0
-0.0010264148019729705	-0.001963074798349765	0.0
-0.0009226391704679349	-0.002011531450946916	0.0
-0.0008167802138636767	-0.002060188752209065	0.0
-0.0007093587634350014	-0.0021088460534712146	0.0
-0.0006001144035445061	-0.002157403030400864	0.0
-0.0004893075498295938	-0.002205558710000517	0.0
-0.00037680799447156293	-0.0022532127679376736	0.0
-0.00026261573747041357	-0.002300164555547335	0.0
-0.00014712140228224991	-0.0023463137484970023	0.0
-2.993436545096775e-05	-0.0023916603467866748	0.0
8.88151652047315e-05	-0.0024360037017513553	0.0
0.000208866774047445	-0.002479243489058544	0.0
0.0003307412923519784	-0.0025216806817057375	0.0
0.00045365747320612326	-0.002563214955360438	0.0
0.0005778757322472824	-0.0026036456613576465	0.0
0.0007030054460193515	-0.002642972799697363	0.0
0.0008290466145223304	-0.0026812966947120866	0.0
0.0009554784064814137	-0.0027185170220693183	0.0
0.0010820404062591984	-0.0027545334574365582	0.0
0.0012082117825808788	-0.002789546649478806	0.0
0.0013343831589025595	-0.0028230549765335643	0.0
0.0014595128726746286	-0.002855459735930831	0.0
0.001583861339534489	-0.0028865602790056066	0.0
0.0017067775203886337	-0.002916356605757892	0.0
0.0018285218308744659	-0.0029448487161876863	0.0
0.0019487036475358806	-0.0029723375832924883	0.0
0.002066802139098073	-0.002998522234074799	0.0
0.0021829475133797434	-0.0030235029928671188	0.0
0.0022970095625621917	-0.0030475808326669456	0.0
0.0024088580788267154	-0.0030707557534742783	0.0
0.002518493062173315	-0.0030929274309566186	0.0
0.0026253936813271845	-0.003114396838111464	0.0
0.002729820351925727	-0.003135063650606315	0.0
0.0028313824505128383	-0.0031551285171061705	0.0
0.0029302101849072197	-0.003174691761943529	0.0
0.0030260431394714678	-0.0031939540337833903	0.0
0.003118881314205584	-0.003212714683960755	0.0
0.003208594501290865	-0.00323137500980562	0.0
0.0032951827007273128	-0.0032500353356504858	0.0
0.003378645912514926	-0.003268595337162852	0.0
0.003458984136653705	-0.003287155338675218	0.0
0.003536067165324948	-0.0033059159888525827	0.0
0.003609894998528656	-0.003324776963362447	0.0
0.0036808582597209322	-0.003343537613539812	0.0
0.0037486965332643746	-0.0033623985880496753	0.0
0.0038134098191589826	-0.0033810589138945414	0.0
0.0038752585330421594	-0.003399719239739407	0.0
0.003933721843639099	-0.003417978268254275	0.0
0.003989450790043309	-0.0034359363237716455	0.0
0.004042184956617386	-0.003453192108961521	0.0
0.004092054551180032	-0.0034699462724889	0.0
0.004138929365912544	-0.0034859981656887844	0.0
0.004183069816452327	-0.003501347788561174	0.0
0.004224345694980679	-0.0035158948167735692	0.0
0.004263017417135002	-0.0035293382773284717	0.0
0.004298694359459193	-0.0035418788188908814	0.0
0.004331767145409354	-0.0035534161171282986	0.0
0.004362235774985487	-0.0035636491990432245	0.0
0.004390230456006294	-0.0035727787133006585	0.0
0.00441549077283437	-0.003580503686903103	0.0
0.004438277141107119	-0.003586723795518058	0.0
0.004458589560824541	-0.0035914390391455246	0.0
0.004476297824167936	-0.0035948500664504993	0.0
0.0044915321389560016	-0.003596756228767986	0.0
0.004504292505188742	-0.0035972578504304825	0.0
0.004514709130684856	-0.0035964552557704883	0.0
0.00452239139198824	-0.0035946494177855007	0.0
0.004527729912554998	-0.0035919406608080203	0.0
0.004530334068929027	-0.003588328984838047	0.0
0.004530334068929027	-0.003583814389875579	0.0
0.004528380951648505	-0.0035786978489181164	0.0
0.004523823677993956	-0.0035727787133006585	0.0
0.004516662247965378	-0.0035660569830232073	0.0
0.004506766453744069	-0.0035584323337532623	0.0
0.004494526918786135	-0.003549503468160827	0.0
0.004479813435272874	-0.0035393707105783995	0.0
0.00446210517192948	-0.003527833412340983	0.0
0.004441792752212057	-0.0035148915734485764	0.0
0.004418745968301906	-0.0035000435722386835	0.0
0.004392834612380323	-0.003483590381708802	0.0
0.004364058684447307	-0.0034653313531939336	0.0
0.004332548392321563	-0.003445266486694078	0.0
0.004298433943821789	-0.003423696755206734	0.0
0.004261715338947988	-0.0034003211857344022	0.0
0.004222392577700157	-0.0033755410756070806	0.0
0.004180726075715701	-0.0033492561004922704	0.0
0.004137106456450724	-0.0033217672333874684	0.0
0.004091663927723927	-0.003292773501295178	0.0
0.004044268281716608	-0.003262375228547897	0.0
0.003995440349703574	-0.0032306727394781254	0.0
0.0039450499238661224	-0.003197565709753364	0.0
0.0038934876276603587	-0.003163154463706112	0.0
0.0038408836689049833	-0.0031273386770038704	0.0
0.0037873682554186976	-0.003090519646976636	0.0
0.0037328111793828007	-0.0030525970492919093	0.0
0.0036776030642533966	-0.003013972181279688	0.0
0.0036220043256678883	-0.00297484569160497	0.0
0.0035660149636262757	-0.0029355185532652537	0.0
0.0035097651859472604	-0.002896492387923035	0.0
0.0034532549926308423	-0.002857767195578314	0.0
0.0033968750071331254	-0.0028193429762310915	0.0
0.0033406252294541096	-0.0027816210272113636	0.0
0.0032847660752311986	-0.00274460134851913	0.0
0.003228906921008287	-0.0027080832914893934	0.0
0.0031736988058788836	-0.0026722675047871516	0.0
0.0031184906907494796	-0.002636853015414907	0.0
0.00306367319907618	-0.002602040472037658	0.0
0.0030089859152215813	-0.0025675289016579067	0.0
0.0029546892548230875	-0.0025336192772731515	0.0
0.0029005228022432944	-0.0025001109502183934	0.0
0.0028464865574822033	-0.002467505542156128	0.0
0.002792710728358515	-0.0024357027287538573	0.0
0.0027388046914161254	-0.0024050034830090787	0.0
0.002685028862292437	-0.002375508129254292	0.0
0.00263138324098745	-0.0023472166674894956	0.0
0.002577607411863762	-0.0023201290977146907	0.0
0.002524091998377476	-0.0022942454199298776	0.0
0.0024704463770724894	-0.0022692646611375575	0.0
0.002417451794861009	-0.002245086497005232	0.0
0.0023643270048308283	-0.002221510278867902	0.0
0.0023115928382567512	-0.0021981347093955705	0.0
0.0022593795029574796	-0.00217465881559074	0.0
0.002207556791114313	-0.002150881948788411	0.0
0.0021566455340020557	-0.002126503135991087	0.0
0.0021069061472581115	-0.0021013217285337686	0.0
0.0020587292543385845	-0.002075137077751457	0.0
0.0020125054786995786	-0.002047848859311654	0.0
0.001968365028159796	-0.0020196577218793573	0.0
0.0019263079027192357	-0.0019904633411220677	0.0
0.0018863341023778984	-0.0019605666900372833	0.0
0.0018480530036796795	-0.0019298674442925045	0.0
0.0018112041909871764	-0.0018986665768852295	0.0
0.0017756574564816874	-0.001866964087815458	0.0
0.0017414128001632127	-0.0018346596527506912	0.0
0.0017079493907569466	-0.0018018535960234276	0.0
0.0016753974360815905	-0.0017680442959711713	0.0
0.0016440173517745472	-0.0017332317525939225	0.0
0.0016138091378358167	-0.001697215317226682	0.0
0.0015847727942653988	-0.0016596940168719526	0.0
0.0015567781132445927	-0.0016204672028647354	0.0
0.001529955302592099	-0.0015798358482025283	0.0
0.001504174154489217	-0.0015377999528853315	0.0
0.0014795648767546479	-0.001494459841245644	0.0
0.0014561274693883914	-0.0014503171349459622	0.0
0.0014339921402091492	-0.0014058734556487826	0.0
0.0014130286813982197	-0.0013611288033541053	0.0
0.0013931068851369018	-0.0013168857727219243	0.0
0.0013740965436064938	-0.0012730440394197403	0.0
0.0013558674489882944	-0.0012300049007775507	0.0
0.001338289393463602	-0.001187668032462856	0.0
0.0013212321692137154	-0.0011461337588081556	0.0
0.001305086399694739	-0.0011055024041459484	0.0
0.001289461461450568	-0.0010655733198112363	0.0
0.0012740969388437997	-0.0010263465058040191	0.0
0.0012595136631492402	-0.000987520989126799	0.0
0.0012455814265481878	-0.0009492974184445747	0.0
0.0012319096055845382	-0.0009114751450923473	0.0
0.0012191492393517987	-0.0008740541690701171	0.0
0.0012065190809377605	-0.0008369341660453847	0.0
0.001194800377254632	-0.0008002154603506495	0.0
0.0011836025048463097	-0.0007638980519859114	0.0
0.0011730556715314941	-0.0007277812922861719	0.0
0.0011628994616727831	-0.0006921661542489285	0.0
0.0011535244987262805	-0.0006569523135416825	0.0
0.0011448005748732851	-0.0006221397701644335	0.0
0.0011367276901137968	-0.0005878288484496808	0.0
0.001129175636629114	-0.0005540195483974246	0.0
0.00112240483005664	-0.0005210128430051626	0.0
0.0011162850625776731	-0.0004886080836078963	0.0
0.001111076749829616	-0.00045710624320312337	0.0
0.001106128852718962	-0.0004266076461233433	0.0
0.0011019622025205166	-0.0003972126167010552	0.0
0.0010983163835968765	-0.000369222127933757	0.0
0.0010953216037667436	-0.0003422348824914516	0.0
0.0010928476552114167	-0.00031685282636913464	0.0
0.0010908945379308954	-0.0002928753109018075	0.0
0.0010894622519251795	-0.0002701016874244717	0.0
0.0010885507971942696	-0.00024883292893462507	0.0
0.0010878997581007625	-0.00022876806243476972	0.0
0.0010875091346446584	-0.00020950579059490863	0.0
0.001087769550282061	-0.00019134708641253953	0.0
0.0010882903815568668	-0.00017409130122266394	0.0
0.0010893320441064782	-0.00015743746202778402	0.0
0.001091154953568298	-0.0001412852444954005	0.0
0.001093889317761028	-0.00012603594595551044	0.0
0.0010972747210472652	-0.00011128826907811676	0.0
0.0011019622025205166	-9.714253819571876e-05	0.0
0.0011076913465433791	-8.389972630581424e-05	0.0
0.0011143319452971518	-7.16601577409025e-05	0.0
0.0011221444144192373	-6.012285950348567e-05	0.0
0.0011311287539096356	-4.958880459106162e-05	0.0
0.0011412849637683466	-3.975702000613252e-05	0.0
0.001152743251814072	-3.052718141619906e-05	0.0
0.0011655036180468117	-2.1999613153760547e-05	0.0
0.0011794358546478641	-1.3672693556320585e-05	0.0
0.001194800377254632	-5.646746956378453e-06	0.0
0.0012114669780484144	2.2788753110644035e-06	0.0
0.0012293054492105097	1.0405146243505811e-05	0.0
0.0012485762063783206	1.8531417175947222e-05	0.0
0.0012688886260957429	2.695866110588646e-05	0.0
0.0012905031240001792	3.5887526698322086e-05	0.0
0.0013130290766355257	4.491671662325699e-05	0.0
0.0013365966918204835	5.4447528210688265e-05	0.0
0.0013609455539176502	6.437963712811665e-05	0.0
0.001386075662927025	7.471304337554215e-05	0.0
0.001411856811029907	8.52470982879662e-05	0.0
0.0014382889982262961	9.608212619788807e-05	0.0
0.0014653722245161925	0.00010701747844030923	0.0
0.001493106489899596	0.00011805315501522966	0.0
0.0015211011709204024	0.00012888818292515152	0.0
0.0015490958519412087	0.0001398235351675727	0.0
0.001577741572055522	0.000150457914412496	0.0
0.001606257084351134	0.00016089164499242078	0.0
0.0016349028044654475	0.00017112472690734702	0.0
0.001663288108942358	0.00018085618715977684	0.0
0.0016910223743257613	0.00019018635008220957	0.0
0.0017186264318904635	0.00019871391834464807	0.0
0.0017453190347242553	0.00020653921627959167	0.0
0.0017714908062832417	0.0002136622438870403	0.0
0.0017967511231113183	0.0002201833254994933	0.0
0.0018216208164832904	0.00022600213678445133	0.0
0.001845448847305651	0.0002318209480694094	0.0
0.0018686258390345045	0.00023723846202437034	0.0
0.0018908913760324482	0.00024265597597933125	0.0
0.0019122454582994816	0.0002482741385992908	0.0
0.0019325578780169039	0.0002540929498842488	0.0
0.0019519588430034164	0.0002601124098342054	0.0
0.0019703181454403173	0.00026633251844916054	0.0
0.0019875055775089054	0.0002728536000616135	0.0
0.0020035211392091805	0.00027967565467156436	0.0
0.0020184950383598443	0.0002863973849490159	0.0
0.002032297067142195	0.000293319763891466	0.0
0.0020446668099188305	0.00030044279149891464	0.0
0.0020558646823271532	0.000307465494773864	0.0
0.002065890684367163	0.0003144881980488133	0.0
0.0020747448160388596	0.000321611225656262	0.0
0.0020824270773422437	0.00032873425326371064	0.0
0.002088937468277315	0.0003356566322061607	0.0
0.002094145781025372	0.0003427796598136094	0.0
0.002098442639042519	0.0003497020387560594	0.0
0.0021015676266913533	0.000356423769033511	0.0
0.0021037811596092775	0.00036304517497846324	0.0
0.0021050832377962916	0.0003693656079259177	0.0
0.0021053436534336947	0.0003754853922083736	0.0
0.0021049530299775904	0.0003816051764908294	0.0
0.002103390536153173	0.00038752431210828674	0.0
0.002101177003235249	0.0003935437720582434	0.0
0.0020983124312238177	0.00039956323200819995	0.0
0.002094666612300178	0.00040548236762565727	0.0
0.002090499962101732	0.0004116021519081131	0.0
0.0020856822728097797	0.00041762161185806976	0.0
0.002080343752243021	0.00042344042314302775	0.0
0.002074614608220158	0.0004290585857629873	0.0
0.00206836463292249	0.00043457642405044753	0.0
0.0020612032028939115	0.00043949231634291203	0.0
0.00205378135722793	0.00044380626264038095	0.0
0.0020455782646497406	0.00044771891160785273	0.0
0.0020365939251593425	0.00045082896591533026	0.0
0.0020265679231193327	0.00045323674989531293	0.0
0.0020155002585297115	0.00045474161488280216	0.0
0.0020037815548465832	0.0004556445338752956	0.0
0.0019910211886138437	0.0004555442095427963	0.0
0.0019774795754688955	0.0004548419392153014	0.0
0.0019636775466865446	0.00045343739856031155	0.0
0.0019493546866293878	0.0004515312362428253	0.0
0.0019351620343909326	0.0004492237765953419	0.0
0.0019208391743337759	0.0004463143709528629	0.0
0.001906776729914022	0.00044290334364788746	0.0
0.001892974701131671	0.0004387900460154171	0.0
0.0018796935036241257	0.00043377382939045327	0.0
0.0018669331373913861	0.00042785469377299595	0.0
0.0018544331867960493	0.0004209323148305459	0.0
0.0018425842752942197	0.0004129063682306037	0.0
0.0018313864028858971	0.00040377685397316953	0.0
0.0018204489461149773	0.0003933431233932448	0.0
0.0018104229440749678	0.0003816051764908294	0.0
0.0018010479811284652	0.00036896431059592056	0.0
0.0017921938494567682	0.0003551195527110204	0.0
0.0017839907568785785	0.00034027155150112744	0.0
0.0017761782877564931	0.00032421965830124315	0.0
0.0017692772733653175	0.0003069638731113676	0.0
0.0017627668824302463	0.0002884038715990014	0.0
0.0017567773227699808	0.00026853965376414464	0.0
0.0017511783865658194	0.000247270895274298	0.0
0.0017462304894551655	0.0002243969474644629	0.0
0.0017414128001632127	0.00019971716166964086	0.0
0.0017369857343273642	0.00017353251088732965	0.0
0.0017328190841289187	0.00014554202212003144	0.0
0.0017289128495678759	0.00011614699269774339	0.0
0.001725267030644236	8.534742262046547e-05	0.0
0.0017217514195392975	5.3644933550694055e-05	0.0
0.0017183660162530606	2.1139849820928416e-05	0.0
0.0017152410286042264	-1.1766531238834327e-05	0.0
0.0017119858331366906	-4.45725879660978e-05	0.0
0.0017092514689439609	-7.707767169586342e-05	0.0
0.0017066473125699325	-0.0001089808094306334	0.0
0.001704433779652008	-0.00014018167683790844	0.0
0.0017023504545527852	-0.00017078059825018782	0.0
0.0017010483763657712	-0.000200576925002473	0.0
0.0016998765059974582	-0.00022967098142726323	0.0
0.001699225466903951	-0.0002584640648545556	0.0
0.001698574427810444	-0.0002866552022868524	0.0
0.0016987046356291453	-0.00031454536672165126	0.0
0.001698574427810444	-0.00034203423382645306	0.0
0.0016987046356291453	-0.000369222127933757	0.0
0.001698834843447847	-0.0003958080760460653	0.0
0.001698834843447847	-0.00042209305116087584	0.0
0.0016984442199917424	-0.0004476757559481914	0.0
0.001697662973079534	-0.0004727568390730105	0.0
0.0016961004792551168	-0.000497235976202834	0.0
0.0016940171541558941	-0.0005210128430051626	0.0
0.00169089216650706	-0.0005441877638124956	0.0
0.0016868557241273157	-0.0005667607386248328	0.0
0.0016819078270166616	-0.0005884307944446765	0.0
0.0016757880595376945	-0.0006095992286020239	0.0
0.0016687568373278177	-0.0006301657167643756	0.0
0.001660553744749628	-0.0006502305832642309	0.0
0.001651308989621827	-0.0006697938281015898	0.0
0.0016410225719444144	-0.000689056099941451	0.0
0.0016294340760799875	-0.0007081177231163137	0.0
0.0016169341254846509	-0.0007265774002961805	0.0
0.0016033925123397027	-0.0007451374018085466	0.0
0.0015891998601012473	-0.0007632961059909157	0.0
0.0015738353374944792	-0.0007813544858407855	0.0
0.001557819775794204	-0.0007994128656906553	0.0
0.001540892759363019	-0.0008172705968755266	0.0
0.0015233147038383264	-0.0008352286523928971	0.0
0.0015049554014014254	-0.0008531867079102677	0.0
0.0014862054755084204	-0.0008714457364251359	0.0
0.001466804510521908	-0.0008900057379375021	0.0
0.0014467525064418888	-0.0009089670367798655	0.0
0.0014261796710870638	-0.0009286306059497237	0.0
0.0014052162122761343	-0.0009490967697795761	0.0
0.0013838621300091007	-0.0009703655282694227	0.0
0.00136185700864856	-0.000992637530084262	0.0
0.0013393310560132134	-0.0010159127752240944	0.0
0.0013164144799217628	-0.001040492236686417	0.0
0.0012933676960116105	-0.001066576563136229	0.0
0.001270190704282757	-0.0010941657545735302	0.0
0.0012472741281913064	-0.0011234604596633189	0.0
0.0012248783833746612	-0.0011542600297405968	0.0
0.0012031336776515233	-0.0011868654378028617	0.0
0.0011820400110218925	-0.0012207750621876172	0.0
0.0011622484225792759	-0.001256189551559862	0.0
0.0011434984966862708	-0.0012927076085895986	0.0
0.00112605064898028	-0.001330529881941826	0.0
0.0011101652950987063	-0.001368954101289049	0.0
0.0010962330584976536	-0.0014078799422987682	0.0
0.0010839935235397197	-0.001447006431973486	0.0
0.0010738373136810087	-0.001486132921648204	0.0
0.001065634221102819	-0.0015243564923304285	0.0
0.0010592540379864492	-0.0015619781170176572	0.0
0.001054957179969302	-0.0015982955253823954	0.0
0.0010522228157765724	-0.0016335093660896415	0.0
0.0010511811532269608	-0.0016674189904743969	0.0
0.0010514415688643638	-0.0017003253715341597	0.0
0.0010526134392326765	-0.0017321281849364304	0.0
0.0010546967643318991	-0.0017627271063487097	0.0
0.0010571707128872263	-0.001792523433100995	0.0
0.0010597748692612549	-0.0018213165165282873	0.0
0.0010623790256352834	-0.001849106356630587	0.0
0.001064462350734506	-0.0018759932777403932	0.0
0.001066545675833729	-0.0019019772798577058	0.0
0.0010679779618394446	-0.0019268577143175263	0.0
0.0010691498322077575	-0.0019506345811198548	0.0
0.001069670663482563	-0.001973107231599693	0.0
0.0010692800400264589	-0.0019942756657570404	0.0
0.0010681081696581462	-0.002014139883591897	0.0
0.001065634221102819	-0.0020323989121067655	0.0
0.0010621186099978805	-0.0020493537242991435	0.0
0.001057040505068525	-0.002064903995836531	0.0
0.0010503999063147522	-0.002079451024048926	0.0
0.001042327021555264	-0.0020928944846038294	0.0
0.0010328218507900599	-0.002105535350498738	0.0
0.001021493770563036	-0.002117473946066152	0.0
0.0010088636121489978	-0.0021288105956385702	0.0
0.0009949313755479455	-0.0021395452992159928	0.0
0.0009793064373037745	-0.00214967805679842	0.0
0.0009621190052351864	-0.002159208868385851	0.0
0.0009433690793421812	-0.0021677364366482895	0.0
0.0009231868674434605	-0.002175260761585735	0.0
0.0009013119539016211	-0.0021815811945331896	0.0
0.0008780047543540661	-0.0021865974111581537	0.0
0.0008527444375259897	-0.002190209087128128	0.0
0.0008261820425108992	-0.0021927171954406097	0.0
0.0007980571536713914	-0.0021941217360955992	0.0
0.000768499978826168	-0.0021946233577580954	0.0
0.0007375105179752289	-0.0021945230334255964	0.0
0.0007052189789372756	-0.0021940214117630997	0.0
0.0006717555695310095	-0.002193218817103106	0.0
0.0006375109132125349	-0.0021926168711081102	0.0
0.0006022245943444487	-0.002192215573778113	0.0
0.0005661570285641542	-0.0021923158981106126	0.0
0.000529308215871651	-0.002192817519773109	0.0
0.0004919385719043421	-0.0021939210874306007	0.0
0.00045417830448092893	-0.0021957269254155878	0.0
0.00041615762142011297	-0.002198435682393068	0.0
0.00037839735399669984	-0.002201646061033045	0.0
0.0003406370865732867	-0.0022056590343330165	0.0
0.0003035278582433807	-0.0022102739536279826	0.0
0.0002669394611882804	-0.0022154908189179453	0.0
0.0002311323110453886	-0.0022213096302029036	0.0
0.0001962366156334068	-0.0022276300631503577	0.0
0.0001618617514962307	-0.002234753090757806	0.0
0.00012865875772736742	-0.002242277415695252	0.0
9.610680305201127e-05	-0.0022505040109601928	0.0
6.433609528886366e-05	-0.002259332552220129	0.0
3.3737257894028885e-05	-0.0022687630394750613	0.0
4.049875230104075e-06	-0.002278996121389987	0.0
-2.459584488420934e-05	-0.0022898311492999092	0.0
-5.246031808631421e-05	-0.002301468771869825	0.0
-7.902271310140482e-05	-0.0023140093134322347	0.0
-0.00010480386120428691	-0.002327553098319637	0.0
-0.000129673554576259	-0.002341598504869536	0.0
-0.00015337137757991828	-0.0023565468304119286	0.0
-0.00017589733021526475	-0.0023720971019493163	0.0
-0.00019751182811970122	-0.002387948346484202	0.0
-0.0002179544556558249	-0.0024040002396840863	0.0
-0.00023722521282363573	-0.0024201524572164696	0.0
-0.0002558449308979395	-0.0024361040260838544	0.0
-0.0002735531942413332	-0.0024516542976212425	0.0
-0.00029074062630992124	-0.0024664019744986363	0.0
-0.0003074072271037036	-0.002480447381048535	0.0
-0.0003238134122600831	-0.0024933892199409417	0.0
-0.000340349805235164	-0.0025053278155083556	0.0
-0.0003566257825728421	-0.0025161628434182777	0.0
-0.0003730319677292216	-0.002525793979338208	0.0
-0.00038969856852300396	-0.0025345221962656452	0.0
-0.0004063651693167863	-0.0025422471698680893	0.0
-0.00042303177011056867	-0.0025492698731430386	0.0
-0.0004400889943604553	-0.0025557909547554917	0.0
-0.0004568858029729391	-0.002562011063370447	0.0
-0.0004736826115854229	-0.002568231171985402	0.0
-0.0004902190045605037	-0.0025749529022628535	0.0
-0.0005064949818981819	-0.002581875281205304	0.0
-0.0005226407514171585	-0.002589700579140247	0.0
-0.0005385261052987323	-0.002598027498737687	0.0
-0.0005542812513616047	-0.002606956364330123	0.0
-0.0005696457739683728	-0.002616487175917554	0.0
-0.0005851405043938423	-0.0026263189605024834	0.0
-0.0006008956504567147	-0.0026365520424174093	0.0
-0.0006170414199756913	-0.0026467851243323357	0.0
-0.0006335778129507722	-0.002656917881914762	0.0
-0.0006505048293819574	-0.0026667496664996913	0.0
-0.0006680828849066498	-0.0026762804780871225	0.0
-0.0006857911482500435	-0.002685409992344557	0.0
-0.0007044108663243473	-0.002693837236274496	0.0
-0.0007231607922173524	-0.0027015622098769403	0.0
-0.0007425617572038647	-0.0027087855618168886	0.0
-0.0007620929300090783	-0.00271550729209434	0.0
-0.0007816241028142921	-0.0027217274007092953	0.0
-0.0008011552756195057	-0.002727746860659252	0.0
-0.0008208166562434209	-0.0027335656719442098	0.0
-0.000840478036867336	-0.0027393844832291677	0.0
-0.0008597487940351468	-0.002745102970181626	0.0
-0.0008787591355655549	-0.0027510221057990836	0.0
-0.0008973788536398585	-0.0027571418900815396	0.0
-0.0009154777404393565	-0.0027633619986964946	0.0
-0.0009331860037827503	-0.0027698830803089478	0.0
-0.0009507640593074426	-0.0027767051349188985	0.0
-0.0009678212835573292	-0.0027835271895288493	0.0
-0.000984618092169813	-0.002790549892803799	0.0
-0.0010015451086009982	-0.0027973719474137498	0.0
-0.0010183419172134821	-0.0028041940020237	0.0
-0.0010353991414633686	-0.002810715083636153	0.0
-0.0010523261578945537	-0.0028172361652486063	0.0
-0.0010693833821444406	-0.002823556598196061	0.0
-0.0010865708142130284	-0.0028300776798085136	0.0
-0.0011034978306442135	-0.0028365987614209667	0.0
-0.0011206852627128018	-0.002843220167365919	0.0
-0.0011376122791439869	-0.0028502428706408687	0.0
-0.0011544090877564708	-0.0028572655739158175	0.0
-0.0011708152729128503	-0.0028643886015232664	0.0
-0.0011868308346131254	-0.0028716119534632142	0.0
-0.0012024557728572964	-0.002878734981070663	0.0
-0.0012176900876453632	-0.002885657360013113	0.0
-0.0012322733633399225	-0.0028924794146230636	0.0
-0.0012463358077596765	-0.0028991008205680163	0.0
-0.0012600076287233263	-0.0029053209291829713	0.0
-0.001272898202774767	-0.0029111397404679292	0.0
-0.0012853981533701038	-0.0029165572544228905	0.0
-0.001297637688328038	-0.0029213728223828556	0.0
-0.0013094865998298675	-0.002925787093012824	0.0
-0.0013209448878755928	-0.002929599417647796	0.0
-0.0013321427602839154	-0.0029330104449527715	0.0
-0.0013429500092361334	-0.0029358195262627514	0.0
-0.0013533666347322476	-0.002938528283240232	0.0
-0.0013632624289535557	-0.0029409360672202145	0.0
-0.0013730280153561628	-0.0029434441755326964	0.0
-0.0013822727704839637	-0.0029458519595126787	0.0
-0.001391257109974362	-0.00294846039215766	0.0
-0.0013995904103712533	-0.0029514701221326385	0.0
-0.0014075330873120403	-0.0029548811494376137	0.0
-0.0014146945173406185	-0.0029586934740725864	0.0
-0.0014212049082756898	-0.0029630074203700553	0.0
-0.0014269340522985524	-0.0029678229883300204	0.0
-0.0014318819494092065	-0.002973039853619983	0.0
-0.0014359183917889507	-0.002978858664904941	0.0
-0.0014390433794377849	-0.0029848781248548975	0.0
-0.0014416475358118134	-0.0029909979091373535	0.0
-0.001443340237454932	-0.0029975189907498066	0.0
-0.0014441214843671404	-0.0030039397480297603	0.0
-0.001444512107823245	-0.003010360505309714	0.0
-0.0014441214843671404	-0.003016781262589668	0.0
-0.001443340237454932	-0.003022700398207125	0.0
-0.0014419079514492164	-0.0030283185608270843	0.0
-0.0014400850419873962	-0.0030334351017845475	0.0
-0.001437871509069472	-0.0030380500210795145	0.0
-0.0014352673526954437	-0.0030422636430444835	0.0
-0.0014320121572279079	-0.003045975643346957	0.0
-0.001428626753941671	-0.0030496876436494303	0.0
-0.0014245903115619267	-0.003053198995286905	0.0
-0.001420033037907377	-0.0030567103469243797	0.0
-0.001415085140796723	-0.003060622995891852	0.0
-0.0014094862045925616	-0.0030650372665218194	0.0
-0.0014031060214761918	-0.003069852834481785	0.0
-0.0013965956305411204	-0.0030752703484367458	0.0
-0.0013891737848751393	-0.0030813901327192018	0.0
-0.0013816217313904566	-0.003088011538664154	0.0
-0.0013736790544496699	-0.0030952348906041023	0.0
-0.0013658665853275842	-0.003103160512871545	0.0
-0.0013583145318429018	-0.0031116880811339833	0.0
-0.001351413517451726	-0.0031211185683889153	0.0
-0.001344903126516655	-0.0031310506773063436	0.0
-0.0013390437746750908	-0.0031417853808837666	0.0
-0.0013340958775644367	-0.0031531220304561844	0.0
-0.0013295386039098868	-0.0031647596530261003	0.0
-0.0013260229928049483	-0.003176497599928516	0.0
-0.0013228980051561141	-0.0031883358711634305	0.0
-0.0013205542644194885	-0.003199973493733347	0.0
-0.0013189917705950713	-0.0032111094946407665	0.0
-0.001318210523682863	-0.0032217438738856895	0.0
-0.0013179501080454602	-0.0032317763071356173	0.0
-0.0013184709393202656	-0.0032411064700580503	0.0
-0.0013196428096885785	-0.0032496340383204887	0.0
-0.0013213355113316971	-0.0032572586875904337	0.0
-0.001324069875524427	-0.0032639804178678854	0.0
-0.001327194863173261	-0.0032694982561553457	0.0
-0.0013311010977343038	-0.003274012851117813	0.0
-0.0013355281635701523	-0.003277524202755288	0.0
-0.001340606268499508	-0.0032799319867352706	0.0
-0.0013460749968849676	-0.0032812362030577606	0.0
-0.0013518041409078306	-0.0032818381490527563	0.0
-0.001357793700568096	-0.0032815371760552586	0.0
-0.00136365305240966	-0.0032805339327302663	0.0
-0.0013693821964325227	-0.0032789287434102773	0.0
-0.0013751113404553855	-0.0032767216080952935	0.0
-0.001380580068840845	-0.003274012851117813	0.0
-0.0013857883815889024	-0.0032705014994803385	0.0
-0.001390866486518258	-0.0032662878775153686	0.0
-0.0013956841758102105	-0.0032613719852229044	0.0
-0.0014002414494647603	-0.0032556534982704456	0.0
-0.0014049289309380117	-0.0032490320923254934	0.0
-0.00140935599677386	-0.0032415077673880474	0.0
-0.0014136528547910071	-0.003232980199125609	0.0
-0.0014182101284455572	-0.0032237503605356756	0.0
-0.001422506986462704	-0.0032135172786207492	0.0
-0.001427064260117254	-0.0032025819263783277	0.0
-0.0014317517415905054	-0.0031908439794759123	0.0
-0.0014364392230637563	-0.0031785040865785017	0.0
-0.001441517327993112	-0.0031654619233535955	0.0
-0.0014467256407411692	-0.0031515168411361963	0.0
-0.0014523245769453301	-0.0031370701372563	0.0
-0.0014581839287868942	-0.0031216201900514115	0.0
-0.0014644339040845627	-0.0031055682968515273	0.0
-0.0014709442950196338	-0.003088713808991649	0.0
-0.0014781057250482124	-0.003070956402139277	0.0
-0.0014856577785328949	-0.0030523964006269107	0.0
-0.0014937306632923832	-0.003033234453119549	0.0
-0.0015024545871453788	-0.003013269910952193	0.0
-0.0015115691344544785	-0.0029925027741248425	0.0
-0.0015217253443131895	-0.002971234015634996	0.0
-0.0015322721776280049	-0.0029492629868176543	0.0
-0.0015432096343989245	-0.002926690012005317	0.0
-0.00155466792244465	-0.002903414766865485	0.0
-0.0015661262104903753	-0.0028793369270656583	0.0
-0.0015779751219922049	-0.0028547574656033357	0.0
-0.0015895636178566317	-0.0028292750851485193	0.0
-0.0016008916980836557	-0.0028030904343662086	0.0
-0.0016122197783106796	-0.0027763038375889014	0.0
-0.0016231572350815992	-0.0027488149704841	0.0
-0.0016337040683964148	-0.0027208244817168016	0.0
-0.0016437300704364244	-0.0026924326956195063	0.0
-0.0016536258646577327	-0.002663639612192214	0.0
-0.001662870619785534	-0.00263504717742992	0.0
-0.0016717247514572307	-0.0026061537696701284	0.0
-0.001680058051854122	-0.002577761983572833	0.0
-0.0016881309366136102	-0.0025492698731430386	0.0
-0.0016956829900982929	-0.0025211790600432413	0.0
-0.001702844420126871	-0.002493288895608442	0.0
-0.0017093548110619424	-0.002465599379838642	0.0
-0.0017154745785409094	-0.0024378095397363424	0.0
-0.0017213339303824736	-0.002409718726636545	0.0
-0.001726672450949232	-0.0023811262918742512	0.0
-0.0017313599324224832	-0.00235213255978196	0.0
-0.0017360474138957344	-0.002322336233029675	0.0
-0.0017400838562754786	-0.002291536662952397	0.0
-0.0017437296751991185	-0.0022598341738826254	0.0
-0.0017469848706666543	-0.0022272287658203606	0.0
-0.0017495890270406826	-0.0021938207630981016	0.0
-0.0017516723521399055	-0.0021597104900483474	0.0
-0.0017532348459643227	-0.002125198919668596	0.0
-0.0017544067163326354	-0.002090386376291347	0.0
-0.0017547973397887395	-0.0020553731842491	0.0
-0.0017545369241513367	-0.0020203599922068525	0.0
-0.0017538858850578297	-0.001985547448829603	0.0
-0.0017525838068708152	-0.0019506345811198548	0.0
-0.0017508911052276969	-0.0019158220377426059	0.0
-0.0017489379879471756	-0.0018811098186978562	0.0
-0.0017465942472105497	-0.0018460966266556087	0.0
-0.0017441202986552228	-0.0018111837589458604	0.0
-0.0017417765579185972	-0.0017760702425711134	0.0
-0.0017394328171819716	-0.001740655753198869	0.0
-0.0017373494920827487	-0.0017051409394941248	0.0
-0.0017355265826209288	-0.001669325152791883	0.0
-0.0017338338809778102	-0.0016331080687596443	0.0
-0.0017324015949720945	-0.0015964896873974085	0.0
-0.0017312297246037819	-0.0015592693600401766	0.0
-0.0017301880620541703	-0.001521647735352948	0.0
-0.001729146399504559	-0.0014833238403382243	0.0
-0.0017287557760484547	-0.0014445986479935033	0.0
-0.0017284953604110517	-0.0014055724826512847	0.0
-0.0017284953604110517	-0.001366145019979069	0.0
-0.001729146399504559	-0.001326516908641855	0.0
-0.0017301880620541703	-0.0012863871756421442	0.0
-0.001731620348059886	-0.0012459564696449357	0.0
-0.0017339640887965115	-0.0012052247906502293	0.0
-0.0017369588686266444	-0.0011639914899930267	0.0
-0.0017408651031876872	-0.0011224572163383263	0.0
-0.00174568279247964	-0.0010802206723561308	0.0
-0.0017514119365025025	-0.001037582831043938	0.0
-0.0017581827430749766	-0.0009945436924017484	0.0
-0.0017659952121970622	-0.0009509026077645631	0.0
-0.001774588928231356	-0.0009070608744623791	0.0
-0.0017842243068152614	-0.0008628178438301981	0.0
-0.0017949013479487783	-0.0008183741645330186	0.0
-0.0018064898438132052	-0.0007738301609033398	0.0
-0.0018187293787711393	-0.0007294868059386595	0.0
-0.001831880368459983	-0.0006851434509739792	0.0
-0.0018458126050610354	-0.0006406997716767997	0.0
-0.001860395880755595	-0.0005966573897096172	0.0
-0.0018756301955436617	-0.0005525146834099355	0.0
-0.001891645757243937	-0.0005082716527777544	0.0
-0.0019084425658564205	-0.00046382797348057495	0.0
-0.0019257602057437101	-0.00041908332118589754	0.0
-0.0019435986769058054	-0.0003737367228962245	0.0
-0.0019623486027988105	-0.00032788850294405503	0.0
-0.001982140191241427	-0.0002813380126643907	0.0
-0.002002452610958849	-0.00023398492772473212	0.0
-0.0020235462775884797	-0.00018572892379258005	0.0
-0.0020454211911303194	-0.00013687097386543232	0.0
-0.0020684679750404716	-8.741107794328893e-05	0.0
-0.0020922960058628324	-3.72489116936506e-05	0.0
-0.0021169052835974017	1.3214227553485558e-05	0.0
-0.002142426016062881	6.407866413061882e-05	0.0
-0.0021682071641657627	0.00011534439803774919	0.0
-0.002194769559180853	0.00016701142927487666	0.0
-0.0022213319541959436	0.00021877878484450342	0.0
-0.002248024557029736	0.00027074678907912874	0.0
-0.002274586952044827	0.0003230157663112518	0.0
-0.0023010191392412163	0.0003756860408733721	0.0
-0.0023271909108002024	0.00042865728843299015	0.0
-0.002353102266721786	0.00048192950899010606	0.0
-0.0023788834148246677	0.000535903999874717	0.0
-0.0024044041472901473	0.0005905807610868226	0.0
-0.0024299248797556264	0.0006458594682939242	0.0
-0.0024551851965837024	0.0007020410944935191	0.0
-0.0024801850977743765	0.0007588246666881096	0.0
-0.0025049245833276466	0.000816210184877696	0.0
-0.002529533861062216	0.00087389667606478	0.0
-0.0025538827231593826	0.0009319844645818611	0.0
-0.00257836179307525	0.000989971928766443	0.0
-0.002602710655172417	0.0010481600416160236	0.0
-0.0026271897250882844	0.0011059468571356069	0.0
-0.002651668795004152	0.0011635330239901916	0.0
-0.0026761478649200204	0.0012207178935147794	0.0
-0.0027011477661106936	0.001277802438706868	0.0
-0.0027260174594826657	0.0013343853622364598	0.0
-0.0027512777763107426	0.001390667312768554	0.0
-0.00277666830095752	0.0014466482903031505	0.0
-0.0028020588256042977	0.0015021276461752505	0.0
-0.00282783997370718	0.0015574063533823517	0.0
-0.002854011745266166	0.001611882465929459	0.0
-0.0028797928933690484	0.0016658569568140699	0.0
-0.002906094872746736	0.001718828204373688	0.0
-0.0029322666443057223	0.0017709968572733117	0.0
-0.0029586988315021116	0.0018217609695179457	0.0
-0.002985521642154605	0.0018715218384375868	0.0
-0.003011953829350994	0.0019195771937047406	0.0
-0.003038776640003488	0.0019664286569819026	0.0
-0.003065859866293384	0.0020117752552715755	0.0
-0.0030926826769458776	0.0020556169885737594	0.0
-0.003119896111054475	0.002098154505553453	0.0
-0.0031469793373443715	0.0021392874818781564	0.0
-0.0031743229792716705	0.0021793168905453676	0.0
-0.003201536413380269	0.002218142407222588	0.0
-0.003228619639670165	0.0022557640319098167	0.0
-0.0032555726581413595	0.0022923824132720524	0.0
-0.003282395468793853	0.0023277969026442974	0.0
-0.003308957863808944	0.0023620075000265507	0.0
-0.00333512963536793	0.002395214854083811	0.0
-0.0033609107834708125	0.002427418964816079	0.0
-0.00338630130811759	0.002458318859225856	0.0
-0.0034110407936708605	0.0024883158346431403	0.0
-0.0034352594479493256	0.0025171089180704323	0.0
-0.0034588270631342836	0.00254509940683773	0.0
-0.00348226447050054	0.002572086652280036	0.0
-0.0035047904231358864	0.0025982713030623474	0.0
-0.003526795544496427	0.0026234527105196657	0.0
-0.0035486704580382665	0.0026477311989844907	0.0
-0.0035700245403053003	0.0026711067684568224	0.0
-0.003591118206934931	0.002693479094604161	0.0
-0.0036118212501084577	0.0027150488260915054	0.0
-0.0036318732541884766	0.0027356153142538567	0.0
-0.0036514044269936904	0.0027550782347587166	0.0
-0.003670284560705397	0.0027736382362710827	0.0
-0.003688643863142298	0.0027910946701259574	0.0
-0.00370622191866699	0.0028075478606558388	0.0
-0.0037228885194607727	0.0028229978078607274	0.0
-0.0037386436655236447	0.002837544836073122	0.0
-0.0037533571490369058	0.0028509882966280256	0.0
-0.003767159177819257	0.0028637294868554338	0.0
-0.0037799195440519962	0.0028757684067553468	0.0
-0.003791117416460319	0.0028870047319952655	0.0
-0.00380127362631903	0.0028974384625751904	0.0
-0.0038102579658094286	0.0029072702471601196	0.0
-0.0038176798114754095	0.002916199112752555	0.0
-0.003823929786773078	0.0029246263566824944	0.0
-0.003828747476065031	0.0029322510059524394	0.0
-0.003832132879351268	0.0029391733848948896	0.0
-0.0038338255809943866	0.002945493817842344	0.0
-0.0038340859966317893	0.002950911331797305	0.0
-0.0038325235028073726	0.00295572689975727	0.0
-0.003829398515158538	0.0029599405217222395	0.0
-0.003824711033685287	0.0029637528463572122	0.0
-0.003818070434931514	0.0029667625763321907	0.0
-0.0038096069267159216	0.0029693710089771716	0.0
-0.0037994507168572105	0.002971578144292156	0.0
-0.0037876018053553807	0.002973383982277143	0.0
-0.00377379977657303	0.0029747885229321324	0.0
-0.00375830504614756	0.0029758920905896247	0.0
-0.003740857198441569	0.002976694685249619	0.0
-0.0037218468569111614	0.0029772966312446142	0.0
-0.003700883398100232	0.002977497279909613	0.0
-0.0036784876532835868	0.002977497279909613	0.0
-0.0036543992068238233	0.002977497279909613	0.0
-0.00362848785090224	0.002977196306912115	0.0
-0.0036014046246123435	0.0029763937122521214	0.0
-0.003572628696679329	0.0029751898202621295	0.0
-0.0035428111061967024	0.00297378527960714	0.0
-0.0035116914375270623	0.002971578144292156	0.0
-0.0034796603141265116	0.002968769062982176	0.0
-0.003446978151632454	0.0029650570626797027	0.0
-0.0034133845344074864	0.0029605424677172356	0.0
-0.003379530501545116	0.0029550246294297753	0.0
-0.003345285845226641	0.0029486038721498217	0.0
-0.0033113016045455694	0.0029413805202098734	0.0
-0.0032773173638644976	0.00293355522227493	0.0
-0.0032435935388208286	0.0029250276540124915	0.0
-0.003209999921595861	0.002916098788420056	0.0
-0.0031766667200082968	0.0029069692741626216	0.0
-0.0031438543496955375	0.0028977394355726885	0.0
-0.00311117218720148	0.002888609921315254	0.0
-0.003079010855982228	0.0028796810557228185	0.0
-0.0030471099404003788	0.0028710531631278803	0.0
-0.003015860063912037	0.0028627262435304405	0.0
-0.0029856518499733063	0.0028548006212629974	0.0
-0.0029558342594906803	0.002847276296325552	0.0
-0.0029270583315576656	0.0028399526200531045	0.0
-0.002898933442718158	0.002832729268113157	0.0
-0.002871589800790859	0.0028254055918407097	0.0
-0.0028452878214131707	0.0028177809425707647	0.0
-0.0028196368811289904	0.002809855320303322	0.0
-0.0027948973955757195	0.002801528400705882	0.0
-0.002770808949115956	0.0027928001837784445	0.0
-0.0027476319573871023	0.002783470020856012	0.0
-0.0027249757969330544	0.0027739392092685808	0.0
-0.002703100883391215	0.0027641074246836515	0.0
-0.002681877008942883	0.0027538743427687256	0.0
-0.002661043757950655	0.0027433402878563012	0.0
-0.0026407313382332325	0.002732204286948882	0.0
-0.0026202887106971094	0.0027208676373764633	0.0
-0.002600627330073194	0.002709029366141549	0.0
-0.002580705533811876	0.002696689473244138	0.0
-0.0025610441531879607	0.002683747634351731	0.0
-0.002541512980382747	0.0026703041737968277	0.0
-0.002521851599758832	0.0026562587672469295	0.0
-0.0025020600113162153	0.002641410766037036	0.0
-0.0024823986306923007	0.0026260611431646467	0.0
-0.0024620862109748782	0.002610209898629761	0.0
-0.002441513375620053	0.0025937567080998795	0.0
-0.002420680124627825	0.0025771028689049996	0.0
-0.002399456250179493	0.0025602483810451214	0.0
-0.002377711544456355	0.0025429925958552453	0.0
-0.002355706423095814	0.0025255361620003716	0.0
-0.0023331804704604677	0.0025078790794804988	0.0
-0.00231052431000642	0.0024900213482956274	0.0
-0.002287477526096268	0.002471962968445758	0.0
-0.0022643005343674144	0.0024536036155983904	0.0
-0.002240602711363755	0.0024348429654210257	0.0
-0.0022169048883600956	0.002415781342246163	0.0
-0.002192816441900332	0.002396619394738801	0.0
-0.0021682071641657627	0.0023771564742339412	0.0
-0.002143207262975089	0.002357492905064083	0.0
-0.0021178167383283115	0.0023377290115617257	0.0
-0.0020919053824067276	0.002318165766724367	0.0
-0.0020657336108477415	0.002298602521887008	0.0
-0.002039171215832651	0.0022794405743796456	0.0
-0.002012348405180158	0.0022603789512047833	0.0
-0.00198513497107156	0.0022417186253599177	0.0
-0.0019577913291442604	0.00222335927251255	0.0
-0.0019300570637608573	0.0022053008926626806	0.0
-0.001902322798377454	0.0021875434858103083	0.0
-0.001874197909537946	0.002169986727622935	0.0
-0.001845682397242334	0.0021525302937680612	0.0
-0.0018167762614906178	0.002135174184245686	0.0
-0.0017878701257389015	0.00211801872338831	0.0
-0.0017584431587123796	0.002100963586863433	0.0
-0.0017283651525923506	0.0020842094233360533	0.0
-0.0016982871464723214	0.002067555584141174	0.0
-0.001667558101258785	0.0020515036909412895	0.0
-0.0016365686404078462	0.0020359534194039014	0.0
-0.0016050583482821012	0.002020804445196511	0.0
-0.0015735480561563566	0.0020062574169841156	0.0
-0.0015413867249371048	0.001992412659099215	0.0
-0.0015090951858991513	0.0019786682255468146	0.0
-0.0014766734390424968	0.0019654254136569098	0.0
-0.0014437308609110363	0.0019521826017670054	0.0
-0.0014103976593234716	0.0019389397898771008	0.0
-0.0013768040420985039	0.0019256969779871964	0.0
-0.0013426895935987307	0.0019120528687672947	0.0
-0.001308444937280256	0.0018981077865498953	0.0
-0.0012739398653243785	0.001883861731334998	0.0
-0.001239434793368501	0.0018691140544576045	0.0
-0.0012051901370500261	0.0018539650802502135	0.0
-0.0011712058963689546	0.0018383144843803264	0.0
-0.0011376122791439869	0.001822162266847943	0.0
-0.0011046697010125266	0.00180590972498306	0.0
-0.0010722479541558718	0.0017892558857881802	0.0
-0.0010403470385740227	0.0017723010735958022	0.0
-0.0010093575777230836	0.0017552459370709253	0.0
-0.0009790191559656517	0.001738090476213549	0.0
-0.0009494619811204284	0.001720634042358675	0.0
-0.0009205558453687121	0.0017030772841713016	0.0
-0.0008926913721666072	0.0016853198773189295	0.0
-0.0008657383536954123	0.001667361821801559	0.0
-0.0008398269977738288	0.00164920311761919	0.0
-0.0008146968887644539	0.0016309440891043216	0.0
-0.0007904782344859888	0.0016125847362569539	0.0
-0.0007673012427571353	0.0015942253834095863	0.0
-0.0007447752901217889	0.001575966354894718	0.0
-0.0007230305843986509	0.0015577073263798496	0.0
-0.0007023275412251244	0.0015397492708624791	0.0
-0.0006824057449638064	0.0015218915396776078	0.0
-0.0006631349877959957	0.001504134132825236	0.0
-0.0006449058931777962	0.0014864770503053633	0.0
-0.0006271976298344024	0.0014687196434529913	0.0
-0.0006104008212219187	0.0014507615879356206	0.0
-0.0005947758829777477	0.001432703208085751	0.0
-0.0005798019838270839	0.0014144441795708826	0.0
-0.0005658697472260315	0.0013960848267235149	0.0
-0.0005531093809932919	0.0013773241765461502	0.0
-0.0005412604694914622	0.0013586638507012848	0.0
-0.0005307136361766468	0.0013401038491889187	0.0
-0.0005215990888675472	0.0013216441720090518	0.0
-0.0005133959962893573	0.0013034854678266826	0.0
-0.0005068856053542861	0.0012856277366418115	0.0
-0.0005014168769688263	0.001268472275784435	0.0
-0.0004973804345890821	0.0012517181122570558	0.0
-0.000494906486033755	0.0012356662190571716	0.0
-0.0004938648234841436	0.001220216271852283	0.0
-0.0004938648234841436	0.0012052679463098908	0.0
-0.0004954273173085607	0.0011907209180974955	0.0
-0.0004981616815012906	0.0011768761602125955	0.0
-0.000501937708243632	0.0011631317266601947	0.0
-0.0005064949818981819	0.0011499892391027893	0.0
-0.0005120939181023431	0.0011372480488753812	0.0
-0.0005179532699439072	0.0011250084803104694	0.0
-0.0005242032452415756	0.0011134711820730526	0.0
-0.0005307136361766468	0.0011026361541631308	0.0
-0.000537224027111718	0.0010924030722482046	0.0
-0.0005436042102280878	0.001082771936328274	0.0
-0.0005497239777070549	0.0010739433950683378	0.0
-0.0005551927060925146	0.001065415826805899	0.0
-0.0005604010188405715	0.0010569885828759598	0.0
-0.0005646978768577187	0.00104866166327852	0.0
-0.0005684739036000599	0.0010401340950160814	0.0
-0.0005714686834301928	0.001031305553756145	0.0
-0.000573421800710714	0.0010217747421687139	0.0
-0.0005747238788977283	0.001012043281916284	0.0
-0.0005748540867164298	0.0010016095513363593	0.0
-0.0005742030476229227	0.0009907745234264372	0.0
-0.0005723801381611027	0.000979437873854019	0.0
-0.0005697759817870743	0.0009676999269516036	0.0
-0.0005658697472260315	0.0009556610070516904	0.0
-0.0005614426813901831	0.0009435217628192779	0.0
-0.0005559739530047232	0.0009310815455893677	0.0
-0.0005501146011631591	0.0009186413283594573	0.0
-0.0005434740024093863	0.0009060004624645484	0.0
-0.0005367031958369123	0.0008934599209021389	0.0
-0.0005299323892644383	0.0008811200280047279	0.0
-0.0005231615826919642	0.0008687801351073169	0.0
-0.0005162605683007887	0.0008566408908749044	0.0
-0.0005094897617283147	0.0008448026196399897	0.0
-0.0005027189551558406	0.0008331649970700737	0.0
-0.0004960783564020679	0.0008218283474976554	0.0
-0.0004896981732856981	0.0008103913735927378	0.0
-0.0004834481979880297	0.0007992553726853181	0.0
-0.0004775888461464656	0.000788320020442897	0.0
-0.00047225032557970714	0.000777785965530473	0.0
-0.000467302428469053	0.0007675528836155467	0.0
-0.000463005570451906	0.0007577210990306176	0.0
-0.00045962016716566894	0.0007485915847731835	0.0
-0.0004567555951542376	0.0007401643408432441	0.0
-0.00045480247787371627	0.0007327403402382977	0.0
-0.0004537608153241048	0.0007261189342933454	0.0
-0.0004533701918680006	0.0007207014203383845	0.0
-0.0004538910231428063	0.0007161868253759171	0.0
-0.0004550628935111191	0.0007126754737384424	0.0
-0.00045727642642904334	0.0007101673654259605	0.0
-0.0004601409984404747	0.0007083615274409735	0.0
-0.00046352640172671176	0.0007072579597834814	0.0
-0.00046743263628775447	0.0007064553651234871	0.0
-0.00047159928648620006	0.0007057530947959923	0.0
-0.00047589614450334707	0.0007048501758034987	0.0
-0.00048058362597659833	0.0007034456351485089	0.0
-0.00048501069181244676	0.000701639797163522	0.0
-0.0004895679654669966	0.0006990313645185408	0.0
-0.0004941252391215464	0.0006957206615460646	0.0
-0.0004984220971386936	0.0006916073639135943	0.0
-0.0005027189551558406	0.0006867917959536289	0.0
-0.0005070158131729875	0.000681374281998668	0.0
-0.0005110522555527318	0.0006753548220487114	0.0
-0.0005152189057511772	0.0006686330917712599	0.0
-0.00051912514031222	0.0006613094154988128	0.0
-0.0005231615826919642	0.0006532834688988706	0.0
-0.0005273282328904097	0.0006443546033064351	0.0
-0.000531364675270154	0.0006347234673865044	0.0
-0.0005360521567434052	0.000624089088141581	0.0
-0.0005406094303979551	0.0006126521142366635	0.0
-0.0005451667040525049	0.0006004125456717519	0.0
-0.0005502448089818604	0.0005872700581143465	0.0
-0.0005555833295486189	0.0005733249758969471	0.0
-0.0005611822657527802	0.0005588782720170513	0.0
-0.0005670416175943443	0.0005441305951396576	0.0
-0.0005736822163481169	0.0005289816209322668	0.0
-0.000580453022920591	0.0005138326467248761	0.0
-0.0005880050764052737	0.0004988843211824838	0.0
-0.0005959477533460605	0.000484437617302588	0.0
-0.0006044112615616532	0.0004703922107526893	0.0
-0.0006137862245081557	0.0004568484258652869	0.0
-0.0006236820187294639	0.000444207559970378	0.0
-0.0006339684364068765	0.00043236928873546343	0.0
-0.000645166308815199	0.0004212332878280437	0.0
-0.00065714542813573	0.00041120085457811603	0.0
-0.0006700360021871712	0.0004021716646531812	0.0
-0.0006837078231508207	0.00039414571805323904	0.0
-0.0006977702675705746	0.00038722333911078894	0.0
-0.0007123535432651341	0.00038140452782583085	0.0
-0.000727327442415798	0.00037678960853086414	0.0
-0.0007428221728412675	0.0003732782568933895	0.0
-0.0007581866954480356	0.0003708704729134068	0.0
-0.0007735512180548037	0.00036956625659091626	0.0
-0.0007887855328428704	0.0003693656079259177	0.0
-0.0008036292241748328	0.0003700678782534126	0.0
-0.0008183427076880938	0.000371673067573401	0.0
-0.0008327957755639519	0.0003738802028883851	0.0
-0.0008464675965276016	0.00037668928419836486	0.0
-0.0008598790018538483	0.0003798996628383417	0.0
-0.0008728997837239907	0.0003832103658108179	0.0
-0.0008851393186819247	0.00038652106878329397	0.0
-0.0008968580223650529	0.00038953079875827227	0.0
-0.0009085767260481811	0.00039233988006825206	0.0
-0.0009197745984565036	0.00039484798838073396	0.0
-0.000930972470864826	0.0003968544750307195	0.0
-0.0009424307589105514	0.0003983593400182086	0.0
-0.000954279670412381	0.0003992622590107021	0.0
-0.0009666494131890164	0.00039986420500569774	0.0
-0.000979670195059159	0.00039956323200819995	0.0
-0.000993211808204107	0.000398860961680705	0.0
-0.0010075346682612639	0.0003975567453582144	0.0
-0.0010222481517745247	0.0003955502587082289	0.0
-0.0010374824665625915	0.00039274117739824914	0.0
-0.0010532376126254636	0.00038953079875827227	0.0
-0.0010696437977818433	0.0003855178254583012	0.0
-0.001086180190756924	0.0003810032304958337	0.0
-0.0011028467915507065	0.0003760873382033692	0.0
-0.0011197738079818918	0.0003709707972459061	0.0
-0.0011365706165943755	0.0003657539319559437	0.0
-0.0011533674252068593	0.0003606373909984806	0.0
-0.001170164233819343	0.00035582182303851536	0.0
-0.001186440211157021	0.00035140755240854716	0.0
-0.0012027161884946994	0.0003476955521060739	0.0
-0.0012183411267388702	0.00034468582213109563	0.0
-0.0012337056493456383	0.00034237836248361225	0.0
-0.0012485493406776008	0.00034067284883112456	0.0
-0.0012628722007347575	0.000339368632508634	0.0
-0.001276544021698407	0.00033846571351614046	0.0
-0.0012899554270246539	0.00033776344318864554	0.0
-0.0013027157932573934	0.00033686052419615206	0.0
-0.0013149553282153273	0.0003358572808711593	0.0
-0.0013266740318984556	0.0003345530645486687	0.0
-0.0013377416964880766	0.0003326469022311824	0.0
-0.0013482885298028919	0.0003304397669161983	0.0
-0.0013583145318429018	0.00032783133427121715	0.0
-0.0013679499104268071	0.00032482160429623885	0.0
-0.0013769342499172052	0.0003215109013237627	0.0
-0.0013861790050450065	0.0003182001983512866	0.0
-0.0013954237601728077	0.00031458852238131266	0.0
-0.0014049289309380117	0.0003108765220788394	0.0
-0.0014144341017032157	0.0003072648461088654	0.0
-0.0014245903115619267	0.0003036531701388915	0.0
-0.0014350069370580407	0.0003001418185014168	0.0
-0.001445553770372856	0.00029642981819894357	0.0
-0.0014564912271437759	0.00029271781789647034	0.0
-0.0014675588917333969	0.0002888051689289985	0.0
-0.0014788869719604208	0.00028459154696402886	0.0
-0.0014904754678248477	0.0002801772763340607	0.0
-0.0015021941715079759	0.00027546203270659473	0.0
-0.0015144337064659098	0.00027084711341162797	0.0
-0.0015265430336051423	0.000266131869784162	0.0
-0.0015386523607443749	0.000261416626156696	0.0
-0.0015506314800649058	0.00025690203119422856	0.0
-0.001562610599385437	0.00025258808489675964	0.0
-0.0015741990952498636	0.00024857511159678857	0.0
-0.0015852667598394848	0.00024456213829681755	0.0
-0.0015958135931543002	0.0002406494893293457	0.0
-0.0016059698030130112	0.00023663651602937467	0.0
-0.0016156051815969165	0.00023242289406440504	0.0
-0.0016244593132686137	0.00022790829910193758	0.0
-0.0016330530293029075	0.0002231930554744716	0.0
-0.0016407352906062916	0.00021817683884950775	0.0
-0.001648157136272273	0.0002128596492270461	0.0
-0.001654927942844747	0.00020764278393708372	0.0
-0.0016607872946863109	0.00020262656731211986	0.0
-0.001666256023071771	0.00019791132368465386	0.0
-0.0016709435045450221	0.00019389835038468282	0.0
-0.001674849739106065	0.00019068797174470595	0.0
-0.0016779747267548991	0.00018807953909972478	0.0
-0.0016801882596728234	0.0001865746741122356	0.0
-0.0016817507534972406	0.0001857720794522414	0.0
-0.001682271584772046	0.00018557143078724284	0.0
-0.0016818809613159417	0.0001857720794522414	0.0
-0.0016805788831289275	0.00018597272811723994	0.0
-0.0016783653502110034	0.00018597272811723994	0.0
-0.0016755007781995722	0.00018547110645474358	0.0
-0.0016717247514572307	0.0001844678631297508	0.0
-0.0016672976856213822	0.00018266202514476381	0.0
-0.0016622195806920265	0.00018015391683228192	0.0
-0.0016568810601252685	0.00017694353819230506	0.0
-0.0016512821239211071	0.0001732315378898318	0.0
-0.0016456831877169457	0.00016911824025736148	0.0
-0.0016400842515127845	0.00016480429395989256	0.0
-0.0016343551074899218	0.00016049034766242367	0.0
-0.0016290165869231636	0.00015637705002995335	0.0
-0.001623678066356405	0.0001526650497274801	0.0
-0.0016188603770644523	0.00014935434675500398	0.0
-0.0016140426877724995	0.00014664558977752352	0.0
-0.001609876037574054	0.00014473942746003724	0.0
-0.0016063604264691157	0.00014363585980254522	0.0
-0.0016029750231828785	0.00014313423814004883	0.0
-0.0016003708668088502	0.0001433348868050474	0.0
-0.0015980271260722244	0.0001441374814650416	0.0
-0.0015960740087917029	0.0001453413734550329	0.0
-0.0015943813071485845	0.00014704688710752062	0.0
-0.0015934698524176746	0.00014905337375750613	0.0
-0.0015925583976867646	0.00015116018473999097	0.0
-0.0015919073585932576	0.00015356796871997358	0.0
-0.0015916469429558546	0.00015627672569745407	0.0
-0.0015916469429558546	0.00015898548267493455	0.0
-0.001591777150774556	0.00016189488831741357	0.0
-0.0015919073585932576	0.00016500494262489113	0.0
-0.00159216777423066	0.000168215321264868	0.0
-0.001592037566411959	0.00017162634856984337	0.0
-0.0015919073585932576	0.00017513770020731806	0.0
-0.0015912563194997503	0.00017864905184479277	0.0
-0.0015900844491314374	0.0001819597548172689	0.0
-0.0015887823709444231	0.00018527045778974502	0.0
-0.001586829253663902	0.0001882801877647233	0.0
-0.0015844855129272762	0.0001909889447422038	0.0
-0.0015816209409158447	0.0001933967287221864	0.0
-0.0015783657454483094	0.0001957041883696698	0.0
-0.0015744595108872666	0.0001977106750196553	0.0
-0.0015705532763262238	0.00019971716166964086	0.0
-0.001565996002671674	0.0002016233239871271	0.0
-0.001561438729017124	0.00020342916197211409	0.0
-0.00155649083190647	0.0002055359729545989	0.0
-0.0015515429347958158	0.00020774310826958298	0.0
-0.0015464648298664603	0.00021015089224956564	0.0
-0.0015412565171184032	0.00021275932489454684	0.0
-0.0015359179965516447	0.00021556840620452655	0.0
-0.0015305794759848863	0.0002184778118470056	0.0
-0.0015253711632368294	0.00022158786615448318	0.0
-0.0015201628504887725	0.00022499889345945856	0.0
-0.001515084745559417	0.00022851024509693325	0.0
-0.0015100066406300615	0.00023232256973190578	0.0
-0.0015050587435194072	0.0002365361916968754	0.0
-0.0015001108464087532	0.00024115111099184212	0.0
-0.0014951629492980989	0.00024626765194930524	0.0
-0.0014904754678248477	0.0002518858145692647	0.0
-0.0014855275707141935	0.0002582062475167191	0.0
-0.0014803192579661364	0.00026492797779417064	0.0
-0.0014752411530367811	0.0002722516540666179	0.0
-0.0014701630481074256	0.0002798763033365629	0.0
-0.0014646943197219656	0.00028780192560400573	0.0
-0.00145961621479261	0.00029602852086894644	0.0
-0.0014542776942258516	0.0003043554404663864	0.0
-0.0014489391736590932	0.0003126823600638264	0.0
-0.0014438610687297375	0.0003211096039937656	0.0
-0.0014386527559816806	0.000329235874926207	0.0
-0.001433835066689728	0.000337562794523647	0.0
-0.0014291475852164766	0.00034548841679108984	0.0
-0.0014247205193806283	0.0003533137147260334	0.0
-0.0014208142848195855	0.00036123933699347627	0.0
-0.0014171684658959456	0.0003688639862634213	0.0
-0.0014140434782471114	0.0003764886355333663	0.0
-0.0014116997375104858	0.0003840129604708121	0.0
-0.001409616412411263	0.00039133663674325924	0.0
-0.001408053918586846	0.0003983593400182086	0.0
-0.0014071424638559358	0.0004051813946281594	0.0
-0.0014068820482185333	0.0004117024762406124	0.0
-0.0014071424638559358	0.0004178222605230683	0.0
-0.001408053918586846	0.00042344042314302775	0.0
-0.001409616412411263	0.0004282559911029931	0.0
-0.001411439321873083	0.00043236928873546343	0.0
-0.0014139132704284098	0.0004357803160404388	0.0
-0.001417038258077244	0.0004382884243529207	0.0
-0.0014205538691821826	0.000440194586670407	0.0
-0.0014243298959245238	0.00044129815432789905	0.0
-0.001428626753941671	0.0004419001003228947	0.0
-0.001432923611958818	0.0004419001003228947	0.0
-0.0014374808856133679	0.00044149880299289756	0.0
-0.001442168367086619	0.0004409971813304012	0.0
-0.0014469860563785717	0.00044049555966790485	0.0
-0.0014520641613079274	0.00043999393800540844	0.0
-0.0014567516427811786	0.0004396929650079106	0.0
-0.0014613089164357284	0.00043949231634291203	0.0
-0.0014659963979089799	0.0004395926406754113	0.0
-0.001470032840288724	0.00043979328934040993	0.0
-0.001474069282668468	0.00044029491100290623	0.0
-0.0014774546859547052	0.0004409971813304012	0.0
-0.0014805796736035394	0.0004417997759903954	0.0
-0.001483183829977568	0.0004426023706503896	0.0
-0.0014852671550767906	0.0004434049653103838	0.0
-0.0014866994410825064	0.0004440069113053795	0.0
-0.0014876108958134162	0.00044460885730037515	0.0
-0.0014878713114508191	0.00044470918163287443	0.0
-0.0014873504801760134	0.0004445085329678759	0.0
-0.0014861786098077005	0.000444207559970378	0.0
-0.0014842254925271792	0.0004433046409778846	0.0
-0.0014816213361531507	0.0004422010733203925	0.0
-0.0014784963485043165	0.00044049555966790485	0.0
-0.0014745901139432739	0.00043838874868542	0.0
-0.0014705536715635297	0.00043588064037293814	0.0
-0.0014661266057276812	0.00043307155906295835	0.0
-0.00146143912425443	0.0004299615047554808	0.0
-0.0014566214349624772	0.0004263498287855068	0.0
-0.0014515433300331217	0.00042243717981803504	0.0
-0.0014463350172850646	0.0004182235578530654	0.0
-0.0014409964967183062	0.00041380928722309726	0.0
-0.0014355277683328466	0.00040919436792813055	0.0
-0.0014300590399473868	0.0004045794486331638	0.0
-0.0014245903115619267	0.000399964529338197	0.0
-0.0014189913753577654	0.00039544993437572965	0.0
-0.0014135226469723058	0.00039093533941326217	0.0
-0.001408053918586846	0.00038692236611329104	0.0
-0.0014024549823826846	0.0003832103658108179	0.0
-0.0013969862539972247	0.0003798996628383417	0.0
-0.001391517525611765	0.0003769902571958627	0.0
-0.0013860487972263051	0.0003743818245508815	0.0
-0.001380840484478248	0.0003722750135683967	0.0
-0.0013755019639114896	0.0003701682025859119	0.0
-0.001370423858982134	0.00036816171593592636	0.0
-0.0013653457540527786	0.00036605490495344154	0.0
-0.0013601374413047217	0.00036394809397095673	0.0
-0.001355059336375366	0.0003617409586559727	0.0
-0.0013502416470834134	0.00035923285034349074	0.0
-0.0013451635421540579	0.0003565240933660103	0.0
-0.0013402156450434035	0.0003536146877235312	0.0
-0.0013352677479327496	0.00035040430908355434	0.0
-0.0013303198508220952	0.0003468929574460797	0.0
-0.0013252417458927397	0.00034287998414610866	0.0
-0.0013205542644194885	0.00033846571351614046	0.0
-0.00131612719858364	0.0003334494968911766	0.0
-0.0013115699249290902	0.00032773100993871787	0.0
-0.0013074032747306447	0.0003213102526587642	0.0
-0.0013033668323509005	0.0003138862520538177	0.0
-0.0012994605977898577	0.00030586030545387555	0.0
-0.0012959449866849194	0.00029673079119644136	0.0
-0.0012922991677612795	0.000286798682279013	0.0
-0.0012891741801124453	0.0002761643030340897	0.0
-0.0012861794002823124	0.00026492797779417064	0.0
-0.0012831846204521798	0.0002531900308917553	0.0
-0.001280580464078151	0.00024105078665934281	0.0
-0.0012779763077041227	0.00022891154242693035	0.0
-0.001275632566967497	0.00021677229819451788	0.0
-0.00127315861841217	0.00020483370262710396	0.0
-0.00127042425421944	0.00019319608005718787	0.0
-0.001267950305664113	0.00018175910615227033	0.0
-0.0012652159414713831	0.00017102440257484773	0.0
-0.001262090953822549	0.00016079132065992152	0.0
-0.001259096173992416	0.00015105986040749166	0.0
-0.0012555805628874776	0.00014172969748505896	0.0
-0.0012519347439638377	0.00013320212922262044	0.0
-0.0012481587172214965	0.00012497553395767974	0.0
-0.0012441222748417523	0.00011725056035523544	0.0
-0.0012399556246433067	0.0001101275327477868	0.0
-0.0012355285588074583	0.00010350612680283454	0.0
-0.0012309712851529084	9.738634252037867e-05	0.0
-0.001226283803679657	9.186850423291845e-05	0.0
-0.0012212056987503015	8.675196327545534e-05	0.0
-0.0012159973860022446	8.223736831298789e-05	0.0
-0.0012105286576167846	7.83247193455161e-05	0.0
-0.0012049297214126236	7.511434070553926e-05	0.0
-0.0011992005773897607	7.210461073056096e-05	0.0
-0.0011930808099107938	6.989747541557687e-05	0.0
-0.0011865704189757227	6.779066443309207e-05	0.0
-0.00117992982022195	6.598482644810508e-05	0.0
-0.0011727683901933716	6.427931279561737e-05	0.0
-0.0011653465445273902	6.257379914312968e-05	0.0
-0.0011571434519492005	6.0868285490641965e-05	0.0
-0.0011484195280962051	5.896212317315571e-05	0.0
-0.001139174772968404	5.695563652317018e-05	0.0
-0.0011292789787470958	5.474850120818609e-05	0.0
-0.0011184717297948775	5.264169022570128e-05	0.0
-0.0011070134417491522	5.0233906245718644e-05	0.0
-0.0010949041146099197	4.7826122265736e-05	0.0
-0.0010821437483771801	4.551866261825264e-05	0.0
-0.0010688625508696347	4.3110878638269996e-05	0.0
-0.0010548001064498809	4.090374332328591e-05	0.0
-0.0010403470385740227	3.859628367580255e-05	0.0
-0.0010252429316046573	3.6589797025817014e-05	0.0
-0.001009748201179188	3.4583310375831485e-05	0.0
-0.0009936024316602114	3.257682372584595e-05	0.0
-0.000976675415229026	3.057033707586042e-05	0.0
-0.0009592275675230352	2.8363201760876333e-05	0.0
-0.0009412588885422386	2.6156066445892247e-05	0.0
-0.000922378754830532	2.364795813341033e-05	0.0
-0.0009029777898440198	2.1039525488429137e-05	0.0
-0.000882795577945299	1.8230444178449392e-05	0.0
-0.000861962326953071	1.5220714203471093e-05	0.0
-0.0008403478290486346	1.2411632893491347e-05	0.0
-0.0008179520842319895	9.301578586013769e-06	0.0
-0.000794775092503136	6.392172943534746e-06	0.0
-0.0007712074773181781	3.482767301055723e-06	0.0
-0.0007465981995836089	5.733616585767003e-07	0.0
-0.000721207674936831	-2.536692648900876e-06	0.0
-0.0006954265268339489	-5.646746956378453e-06	0.0
-0.0006687339240001569	-9.158098593853135e-06	0.0
-0.0006413902820728577	-1.287009889632637e-05	0.0
-0.0006133956010520515	-1.7284369526294545e-05	0.0
-0.0005847498809377381	-2.2300586151258376e-05	0.0
-0.0005554531217299175	-2.82197217687157e-05	0.0
-0.0005256355312472913	-3.4640479048669406e-05	0.0
-0.0004952971094898594	-4.186383098861732e-05	0.0
-0.0004640472330015174	-5.009042625355801e-05	0.0
-0.0004326671486944741	-5.901929184599363e-05	0.0
-0.00040076623311262506	-6.865042776592419e-05	0.0
-0.0003687351097120746	-7.908415834584897e-05	0.0
-0.00033657377849282273	-9.032048358576795e-05	0.0
-0.0003044124472735708	-0.00010235940348568115	0.0
-0.0002721209082356175	-0.00011510059371308929	0.0
-0.0002403502004724699	-0.00012864437860049164	0.0
-0.0002084492848906209	-0.00014289043381538892	0.0
-0.00017680878494617471	-0.00015783875935778112	0.0
-0.0001454287006391314	-0.00017358967956016759	0.0
-0.00011456944760689375	-0.00018994254575754966	0.0
-8.384040239335754e-05	-0.00020679703361742814	0.0
-5.3371772817224184e-05	-0.00022435379180480157	0.0
-2.3163558878493667e-05	-0.00024231184732217208	0.0
6.6540316041325675e-06	-0.00026047055150454115	0.0
3.6341414268057375e-05	-0.00027862925568691025	0.0
6.537775783847506e-05	-0.00029668763553678	0.0
9.41536857714899e-05	-0.0003147460153866498	0.0
0.00012253899024840048	-0.00033230277357402323	0.0
0.00015053367126920678	-0.0003493579100989003	0.0
0.00017800752101520737	-0.0003660117492937802	0.0
0.00020483033166770082	-0.0003818629938286659	0.0
0.00023126251886409002	-0.00039731294103355455	0.0
0.00025691345914827067	-0.00041206061791094817	0.0
0.00028204356815764566	-0.0004263066731258455	0.0
0.0003062622224361106	-0.0004398504580132478	0.0
0.00033022046107717275	-0.0004527922969056545	0.0
0.00035365786844342915	-0.00046533283846806407	0.0
0.00037618382107877565	-0.000477271434035478	0.0
0.00039857956589542067	-0.0004887084079403956	0.0
0.00042058468725596145	-0.0004994431115178181	0.0
0.00044193876952299503	-0.0005097765177652436	0.0
0.00046303243615262584	-0.0005192070050201756	0.0
0.00048373547932615234	-0.0005279352219476126	0.0
0.0005039176912248732	-0.0005358608442150556	0.0
0.0005238394874861912	-0.0005430841961550035	0.0
0.0005435008681101062	-0.0005495049534349572	0.0
0.0005625112096405143	-0.0005551231160549167	0.0
0.0005812611355335194	-0.0005600390083473812	0.0
0.0005993600223330174	-0.0005641523059798515	0.0
0.0006170682856764112	-0.0005677639819498256	0.0
0.0006342557177449992	-0.0005706733875923046	0.0
0.0006509223185387816	-0.0005730811715722872	0.0
0.0006668076724203553	-0.0005745860365597763	0.0
0.0006823024028458249	-0.0005756896042172683	0.0
0.0006968856785403844	-0.0005761912258797647	0.0
0.0007108179151414369	-0.0005759905772147662	0.0
0.0007240991126489822	-0.0005752883068872713	0.0
0.0007363386476069161	-0.0005742850635622785	0.0
0.0007480573512900444	-0.0005727801985747894	0.0
0.0007588646002422625	-0.0005709743605898023	0.0
0.0007686301866448693	-0.0005689678739398169	0.0
0.0007780051495913721	-0.0005670617116223305	0.0
0.0007862082421695618	-0.0005651555493048444	0.0
0.0007940207112916472	-0.0005633497113198574	0.0
0.0008006613100454198	-0.0005617445219998689	0.0
0.0008069112853430882	-0.0005604403056773783	0.0
0.0008121195980911452	-0.0005593367380198863	0.0
0.0008171977030205007	-0.0005582331703623943	0.0
0.000821885184493752	-0.0005574305757024001	0.0
0.0008268330816044062	-0.0005564273323774072	0.0
0.0008320413943524632	-0.0005551231160549167	0.0
0.0008379007461940273	-0.0005537185753999267	0.0
0.0008444111371290985	-0.0005519127374149399	0.0
0.0008515725671576769	-0.000549805926432455	0.0
0.0008593850362797623	-0.0005471974937874738	0.0
0.0008681089601327578	-0.000544388412477494	0.0
0.0008776141308979618	-0.0005413786825025158	0.0
0.0008879005485753744	-0.0005382686281950381	0.0
0.000898838005346294	-0.000534957925222562	0.0
0.0009108171246668251	-0.0005317475465825851	0.0
0.0009234472830808632	-0.0005285371679426084	0.0
0.00093685868840711	-0.0005254271136351308	0.0
0.0009510513406455653	-0.0005224173836601524	0.0
0.0009655044085214235	-0.0005196083023501727	0.0
0.0009808689311281915	-0.0005166988967076938	0.0
0.0009964938693723625	-0.0005139901397302133	0.0
0.0010127698467100406	-0.000511381707085232	0.0
0.001029436447503823	-0.0005092748961027472	0.0
0.0010464936717537094	-0.0005075693824502595	0.0
0.001063811311640999	-0.000506265166127769	0.0
0.0010811289515282884	-0.000505562895800274	0.0
0.0010987070070529808	-0.0005053622471352754	0.0
0.0011160246469402704	-0.0005058638687977718	0.0
0.0011333422868275598	-0.0005065661391252668	0.0
0.0011501390954400436	-0.0005077700311152581	0.0
0.0011668056962338257	-0.0005090742474377487	0.0
0.0011829514657528024	-0.0005104787880927386	0.0
0.0011988368196343764	-0.0005118833287477285	0.0
0.0012140711344224432	-0.0005129868964052204	0.0
0.001228784617935704	-0.0005136891667327154	0.0
0.0012431074779928606	-0.000513889815397714	0.0
0.0012569095067752117	-0.0005133881937352176	0.0
0.001270190704282757	-0.0005123849504102249	0.0
0.001283081278334198	-0.0005106794367577371	0.0
0.0012955812289295347	-0.0005083719771102537	0.0
0.0013079509717061702	-0.0005054625714677747	0.0
0.0013200602988454027	-0.0005021518684952986	0.0
0.0013321696259846352	-0.0004983395438603261	0.0
0.0013440185374864648	-0.000494326570560355	0.0
0.0013556070333508917	-0.0004900126242628861	0.0
0.0013670653213966168	-0.00048559835363291793	0.0
0.0013782631938049396	-0.0004809834343379512	0.0
0.0013889402349384562	-0.0004763685150429845	0.0
0.0013992266526158688	-0.00047145262275051996	0.0
0.0014088620311997742	-0.0004665367304580554	0.0
0.0014178463706901725	-0.00046152051383309157	0.0
0.0014261796710870638	-0.0004562033242106299	0.0
0.0014334713089343433	-0.00045068548592316963	0.0
0.0014402421155068174	-0.00044486667463821165	0.0
0.0014461014673483818	-0.00043884721468825504	0.0
0.0014511795722777373	-0.0004326271060732999	0.0
0.0014553462224761828	-0.0004261060244608469	0.0
0.0014586014179437184	-0.00041948461851589467	0.0
0.0014608149508616426	-0.00041306386123594093	0.0
0.0014622472368673583	-0.00040664310395598725	0.0
0.001462768068142164	-0.00040062364400603065	0.0
0.001462117029048657	-0.0003947045083885733	0.0
0.0014606847430429413	-0.00038938731876611164	0.0
0.001458210794487614	-0.00038457175080614637	0.0
0.0014546951833826758	-0.0003803581288411768	0.0
0.0014502681175468273	-0.00037654580420620423	0.0
0.001444669181342666	-0.0003736363985637252	0.0
0.0014381587904075948	-0.0003714292632487411	0.0
0.0014307369447416137	-0.00037002472259375127	0.0
0.0014224036443447224	-0.00036952310093125486	0.0
0.001413158889216921	-0.00037002472259375127	0.0
0.0014035235106330157	-0.0003713289389162419	0.0
0.0013936277164117074	-0.0003735360742312259	0.0
0.0013834715065529964	-0.00037654580420620423	0.0
0.0013734455045129868	-0.0003803581288411768	0.0
0.0013635497102916785	-0.00038467207513864565	0.0
0.0013537841238890715	-0.00038938731876611164	0.0
0.0013441487453051662	-0.00039450385972357476	0.0
0.0013351644058147679	-0.0003997207250135371	0.0
0.0013263102741430711	-0.00040523856330099736	0.0
0.0013182373893835826	-0.00041085672592095683	0.0
0.0013105551280801987	-0.00041647488854091636	0.0
0.0013032634902329187	-0.00042199272682837656	0.0
0.0012967530992978476	-0.0004277112137808353	0.0
0.0012907635396375821	-0.00043332937640079485	0.0
0.0012855552268895253	-0.00043884721468825504	0.0
0.001281258368872378	-0.00044476635030571237	0.0
0.001277221926492634	-0.0004505851615906704	0.0
0.0012740969388437997	-0.0004567049458731263	0.0
0.0012716229902884726	-0.0004630253788205807	0.0
0.001269930288645354	-0.00046974710909803227	0.0
0.0012687584182770413	-0.000476569163707983	0.0
0.0012684980026396384	-0.0004836921913154317	0.0
0.00126862821045834	-0.0004912165162528774	0.0
0.0012696698730079513	-0.0004987408411903232	0.0
0.0012712323668323685	-0.0005065661391252668	0.0
0.0012730552762941882	-0.0005143914370602104	0.0
0.0012752688092121124	-0.0005225177079926517	0.0
0.0012776125499487383	-0.0005304433302600946	0.0
0.0012802167063227668	-0.0005384692768600368	0.0
0.0012828208626967951	-0.000546495223459979	0.0
0.0012852948112521223	-0.0005544208457274218	0.0
0.001287638551988748	-0.0005624467923273638	0.0
0.0012897218770879706	-0.0005702720902623074	0.0
0.0012915447865497907	-0.0005779970638647517	0.0
0.0012929770725555064	-0.0005854210644696983	0.0
0.001294018735105118	-0.0005927447407421454	0.0
0.001294669774198625	-0.0005996671196845955	0.0
0.0012949301898360277	-0.0006063888499620471	0.0
0.0012945395663799236	-0.0006126089585770021	0.0
0.0012936281116490134	-0.0006186284185269588	0.0
0.0012923260334619993	-0.0006242465811469183	0.0
0.0012905031240001792	-0.0006298647437668778	0.0
0.0012881593832635536	-0.0006351819333893395	0.0
0.0012854250190708237	-0.0006403987986793019	0.0
0.0012823000314219895	-0.0006456156639692642	0.0
0.0012785240046796482	-0.000650932853591726	0.0
0.001274487562299904	-0.0006562500432141876	0.0
0.001270190704282757	-0.0006619685301666462	0.0
0.0012653730149908044	-0.0006677873414516044	0.0
0.0012604251178801502	-0.0006740074500665596	0.0
0.0012552168051320931	-0.0006804282073465132	0.0
0.0012497480767466333	-0.000687250261956464	0.0
0.0012442793483611737	-0.0006942729652314134	0.0
0.0012386804121570123	-0.0007013959928388621	0.0
0.0012326908524967469	-0.0007088199934438085	0.0
0.0012268315006551827	-0.0007161436697162557	0.0
0.0012207117331762157	-0.0007237683189862008	0.0
0.0012147221735159502	-0.0007312926439236464	0.0
0.0012083419903995802	-0.0007389172931935914	0.0
0.0012022222229206134	-0.0007466422667960358	0.0
0.0011957118319855422	-0.0007544675647309794	0.0
0.001189201441050471	-0.000762292862665923	0.0
0.001182430634477997	-0.0007702184849333657	0.0
0.0011757900357242243	-0.0007781441072008086	0.0
0.0011688890213330488	-0.0007861700538007508	0.0
0.0011617275913044702	-0.000794196000400693	0.0
0.001154305745638489	-0.0008022219470006351	0.0
0.0011464932765164035	-0.0008104485422655757	0.0
0.0011386808073943183	-0.0008184744888655179	0.0
0.0011304777148161286	-0.0008264001111329607	0.0
0.0011218839987818343	-0.0008342254090679043	0.0
0.001112899659291436	-0.0008420507070028479	0.0
0.001103654904163635	-0.0008496753562727929	0.0
0.001093889317761028	-0.0008570993568777394	0.0
0.0010839935235397197	-0.0008643227088176874	0.0
0.0010734466902249044	-0.0008712450877601375	0.0
0.0010626394412726863	-0.0008779668180375889	0.0
0.0010513113610456622	-0.0008843875753175427	0.0
0.0010397228651812353	-0.0008905073595999986	0.0
0.0010277437458607044	-0.0008962258465524573	0.0
0.0010152437952653678	-0.0009014427118424197	0.0
0.0010024834290326282	-0.0009064589284673836	0.0
0.000989592854981187	-0.0009108731990973516	0.0
0.0009764418652923432	-0.0009147858480648234	0.0
0.0009631606677847979	-0.0009183975240347975	0.0
0.000949749262458551	-0.000921507578342275	0.0
0.0009365982727697072	-0.0009241160109872561	0.0
0.0009235774908995647	-0.0009262228219697411	0.0
0.0009106869168481236	-0.0009278280112897295	0.0
0.0008977963427966826	-0.0009290319032797207	0.0
0.0008856870156574502	-0.0009300351466047136	0.0
0.0008734474806995162	-0.0009304364439347106	0.0
0.0008615985691976866	-0.0009304364439347106	0.0
0.0008500100733332597	-0.0009302357952697121	0.0
0.0008386819931062358	-0.000929533524942217	0.0
0.0008277445363353162	-0.0009284299572847252	0.0
0.0008170674952017994	-0.0009272260652947338	0.0
0.0008066508697056853	-0.0009257212003072447	0.0
0.0007966248676656756	-0.0009239153623222577	0.0
0.0007871196969004717	-0.0009221095243372707	0.0
0.0007777447339539691	-0.0009201030376872851	0.0
0.0007686301866448693	-0.0009181968753697989	0.0
0.0007597760549731726	-0.0009162907130523126	0.0
0.0007513125467575799	-0.0009146855237323242	0.0
0.0007431094541793902	-0.0009132809830773343	0.0
0.0007352969850573047	-0.0009121774154198423	0.0
0.0007277449315726221	-0.0009113748207598482	0.0
0.0007203230859066409	-0.0009108731990973516	0.0
0.0007131616558780625	-0.0009106725504323531	0.0
0.0007058700180307827	-0.0009109735234298509	0.0
0.000698578380183503	-0.0009114751450923473	0.0
0.0006912867423362232	-0.0009123780640848408	0.0
0.0006836044810328391	-0.0009135819560748322	0.0
0.0006759222197294551	-0.000914986496729822	0.0
0.0006679795427886683	-0.0009165916860498105	0.0
0.0006595160345730756	-0.0009181968753697989	0.0
0.0006507921107200801	-0.0009198020646897873	0.0
0.0006420681868670847	-0.000921507578342275	0.0
0.0006328234317392836	-0.0009231127676622635	0.0
0.0006233182609740795	-0.0009246176326497527	0.0
0.0006134224667527713	-0.0009260221733047425	0.0
0.000603526672531463	-0.0009273263896272331	0.0
0.0005933704626727519	-0.0009284299572847252	0.0
0.0005829538371766379	-0.0009293328762772186	0.0
0.0005724070038618226	-0.0009302357952697121	0.0
0.0005615997549096042	-0.0009308377412647078	0.0
0.000550792505957386	-0.0009314396872597034	0.0
0.0005399852570051678	-0.0009318409845897004	0.0
0.0005291780080529496	-0.0009322422819196977	0.0
0.0005183707591007313	-0.0009325432549171955	0.0
0.0005076937179672146	-0.000932743903582194	0.0
0.0004972770924711005	-0.0009329445522471925	0.0
0.00048686046697498655	-0.0009330448765796918	0.0
0.00047657404929757395	-0.0009329445522471925	0.0
0.0004666782550762657	-0.0009329445522471925	0.0
0.00045678246085495747	-0.0009329445522471925	0.0
0.00044740749790845484	-0.0009328442279146933	0.0
0.0004380325349619523	-0.0009328442279146933	0.0
0.00042878777983415117	-0.0009328442279146933	0.0
0.00041954302470635	-0.0009330448765796918	0.0
0.0004102982695785489	-0.0009332455252446904	0.0
0.0004009233066320463	-0.0009337471469071868	0.0
0.0003912879280481409	-0.0009342487685696831	0.0
0.000381522341645534	-0.0009349510388971782	0.0
0.00037149633960552433	-0.0009357536335571722	0.0
0.00036134012974681326	-0.0009368572012146643	0.0
0.00035066308861329636	-0.0009381614175371549	0.0
0.00033998604747977957	-0.0009397666068571433	0.0
0.0003290485907088599	-0.0009415724448421304	0.0
0.00031798092611923885	-0.0009437795801571144	0.0
0.00030665284589221487	-0.0009463880128020956	0.0
0.0002950643500277881	-0.0009492974184445747	0.0
0.0002834758541633613	-0.00095270844574955	0.0
0.00027188735829893453	-0.0009565207703845225	0.0
0.0002601686546158063	-0.0009608347166819916	0.0
0.00024818953529527523	-0.0009653493116444589	0.0
0.00023647083161214703	-0.0009701648796044243	0.0
0.0002242312966542131	-0.000975181096229388	0.0
0.00021212196951498062	-0.0009802976371868512	0.0
0.0001998824345570467	-0.0009854141781443142	0.0
0.0001876428995991128	-0.0009905307191017774	0.0
0.0001750127411850746	-0.0009955469357267412	0.0
0.00016264299840843926	-0.0010003625036867066	0.0
0.00015014304781310248	-0.001004877098649174	0.0
0.00013790351285516858	-0.001009291369279142	0.0
0.00012527335444113038	-0.001013304342579113	0.0
0.00011290361166449505	-0.001017216991546585	0.0
0.00010053386888785971	-0.0010207283431840598	0.0
8.82943339299258e-05	-0.0010240390461565357	0.0
7.592459115329046e-05	-0.0010272494247965125	0.0
6.381526401405797e-05	-0.0010301588304389916	0.0
5.131531341872121e-05	-0.0010331685604139701	0.0
3.8685155004683025e-05	-0.001036077966056449	0.0
2.618520440934626e-05	-0.0010387867230339295	0.0
1.3424838176606647e-05	-0.0010415958043439092	0.0
2.7384848776276127e-07	-0.0010443045613213898	0.0
-1.2877141201081124e-05	-0.0010472139669638687	0.0
-2.6158338708626436e-05	-0.0010500230482738484	0.0
-3.9960367490977445e-05	-0.0010529324539163274	0.0
-5.40228119107313e-05	-0.0010561428325563042	0.0
-6.8345671967888e-05	-0.0010593532111962812	0.0
-8.318936329985041e-05	-0.0010627642385012566	0.0
-9.816326245051426e-05	-0.0010662755901387313	0.0
-0.0001132673694198795	-0.0010700879147737038	0.0
-0.0001285016842079462	-0.0010742012124061741	0.0
-0.0001439964146334157	-0.0010782141857061452	0.0
-0.00015936093724018384	-0.001082528132003614	0.0
-0.0001751160833030562	-0.0010867417539685838	0.0
-0.0001904806059098243	-0.0010910557002660527	0.0
-0.0002058451285165924	-0.0010951689978985228	0.0
-0.0002210794433046591	-0.001099181971198494	0.0
-0.00023605334245532293	-0.0011029942958334664	0.0
-0.0002507668259685839	-0.0011066059718034405	0.0
-0.0002649594782070392	-0.0011099166747759166	0.0
-0.0002791521304454945	-0.0011129264047508949	0.0
-0.00029256353577174123	-0.0011157354860608746	0.0
-0.0003055843176418837	-0.001118042945708358	0.0
-0.0003180842682372204	-0.001120250081023342	0.0
-0.0003303238031951543	-0.0011221562433408284	0.0
-0.0003416518834221783	-0.001123861756993316	0.0
-0.00035245913237439655	-0.0011253666219808052	0.0
-0.0003626153422331077	-0.001126771162635795	0.0
-0.0003721205129983116	-0.0011279750546257863	0.0
-0.0003811048524887099	-0.0011289782979507792	0.0
-0.0003893079450668997	-0.0011298812169432727	0.0
-0.00039685999855158235	-0.0011305834872707677	0.0
-0.0004037610129427578	-0.0011312857575982624	0.0
-0.0004100109882404262	-0.0011317873792607588	0.0
-0.00041587034008199033	-0.0011319880279257574	0.0
-0.0004209484450113459	-0.0011323893252557545	0.0
-0.00042537551084719427	-0.0011326902982532524	0.0
-0.00042954216104563987	-0.001132890946918251	0.0
-0.0004329275643318769	-0.0011333925685807474	0.0
-0.00043566192852460687	-0.0011336935415782452	0.0
-0.00043826608489863536	-0.0011340948389082421	0.0
-0.00044034940999785813	-0.0011345964605707385	0.0
-0.00044191190382227523	-0.0011350980822332352	0.0
-0.00044308377419058803	-0.0011357000282282306	0.0
-0.000443995228921498	-0.0011364022985557256	0.0
-0.00044451606019630367	-0.0011372048932157197	0.0
-0.00044477647583370656	-0.0011380074878757141	0.0
-0.00044477647583370656	-0.0011390107312007067	0.0
-0.00044451606019630367	-0.001140114298858199	0.0
-0.0004442556445589009	-0.0011414185151806895	0.0
-0.00044360460546539375	-0.0011429233801681787	0.0
-0.0004429535663718866	-0.0011447292181531656	0.0
-0.00044243273509708095	-0.001146735704803151	0.0
-0.0004417816960035738	-0.0011491434887831338	0.0
-0.00044100044909136526	-0.0011516515970956156	0.0
-0.00044074003345396243	-0.0011545610027380946	0.0
-0.00044047961781655954	-0.0011576710570455721	0.0
-0.00044047961781655954	-0.0011610820843505477	0.0
-0.00044047961781655954	-0.0011645934359880224	0.0
-0.00044100044909136526	-0.0011683054362904956	0.0
-0.0004417816960035738	-0.0011721177609254681	0.0
-0.0004426931507344838	-0.0011759300855604406	0.0
-0.000443995228921498	-0.0011798427345279124	0.0
-0.00044490668365240797	-0.0011838557078278835	0.0
-0.00044620876183942224	-0.0011879690054603538	0.0
-0.00044764104784513793	-0.001192082303092824	0.0
-0.00044881291821345073	-0.0011962959250577938	0.0
-0.000450114996400465	-0.001200710195687762	0.0
-0.0004512868667687778	-0.0012050241419852307	0.0
-0.0004521983214996878	-0.0012097393856126968	0.0
-0.00045323998404929916	-0.0012143543049076635	0.0
-0.00045415143878020913	-0.0012192701972001281	0.0
-0.00045519310132982057	-0.0012240857651600935	0.0
-0.0004562347638794319	-0.001229302630450056	0.0
-0.00045727642642904334	-0.0012342185227425205	0.0
-0.0004584482967973562	-0.001239535712364982	0.0
-0.00045988058280307183	-0.0012446522533224452	0.0
-0.00046131286880878746	-0.0012498691186124077	0.0
-0.00046313577827060745	-0.00125508598390237	0.0
-0.0004649586877324274	-0.0012604031735248317	0.0
-0.00046704201283165016	-0.0012656200388147941	0.0
-0.000469125337930873	-0.001271037552769755	0.0
-0.0004712086630300958	-0.0012762544180597174	0.0
-0.0004731617803106171	-0.001281571607682179	0.0
-0.0004749846897724371	-0.0012868887973046406	0.0
-0.00047641697577815274	-0.0012923063112596017	0.0
-0.000477719053965167	-0.0012977238252145625	0.0
-0.00047850030087737556	-0.0013030410148370242	0.0
-0.0004788909243334798	-0.0013087595017894828	0.0
-0.0004787607165147784	-0.0013141770157444439	0.0
-0.0004782398852399727	-0.001319694854031904	0.0
-0.0004771982226903613	-0.001325112367986865	0.0
-0.00047550552104724277	-0.0013307305306068246	0.0
-0.00047342219594802	-0.001336348693226784	0.0
-0.00047068783175529004	-0.0013418665315142442	0.0
-0.0004676930519251573	-0.0013474846941342036	0.0
-0.00046417744082021884	-0.0013531028567541632	0.0
-0.00046027120625917613	-0.0013587210193741225	0.0
-0.00045571393260462623	-0.0013644395063265816	0.0
-0.00045089624331267356	-0.001370057668946541	0.0
-0.0004456879305646165	-0.001375876480231499	0.0
-0.0004400889943604553	-0.0013817956158489561	0.0
-0.00043409943470018976	-0.001387815075798913	0.0
-0.00042771925158382	-0.0013939348600813689	0.0
-0.0004208182371926444	-0.0014002552930288232	0.0
-0.00041365680716406604	-0.001406676050308777	0.0
-0.0004061047536793835	-0.0014133977805862283	0.0
-0.0003984224923759994	-0.0014202198351961793	0.0
-0.0003899589841604068	-0.0014273428628036279	0.0
-0.00038123506030741136	-0.0014344658904110765	0.0
-0.0003723809286357145	-0.001441889891016023	0.0
-0.00036313617350791335	-0.0014494142159534686	0.0
-0.0003533705871053065	-0.0014569385408909146	0.0
-0.00034360500070269965	-0.0014645631901608596	0.0
-0.00033370920648139135	-0.001472288163763304	0.0
-0.00032394362007878453	-0.0014800131373657482	0.0
-0.0003139176180387748	-0.0014877381109681925	0.0
-0.0003040218238174666	-0.0014954630845706368	0.0
-0.00029425623741485975	-0.0015030877338405818	0.0
-0.0002846208588309543	-0.001510812707443026	0.0
-0.0002752458958844517	-0.0015185376810454704	0.0
-0.0002658709329379492	-0.0015261623303154154	0.0
-0.00025636576217274515	-0.0015339876282503592	0.0
-0.0002472512148636454	-0.0015418129261853028	0.0
-0.0002382668753732471	-0.0015498388727852447	0.0
-0.00022928253588284884	-0.0015577644950526875	0.0
-0.00022042840421115196	-0.0015657904416526297	0.0
-0.00021144406472075366	-0.0015737160639200725	0.0
-0.00020245972523035536	-0.0015816416861875154	0.0
-0.0001937358013773599	-0.001589466984122459	0.0
-0.0001851420853430659	-0.001597091633392404	0.0
-0.00017641816149007044	-0.0016046159583298497	0.0
-0.00016782444545577642	-0.0016119396346022969	0.0
-0.00015949114505888523	-0.001619263310874744	0.0
-0.00015115784466199407	-0.0016261856898171943	0.0
-0.00014295475208380432	-0.001633007744427145	0.0
-0.000134881867324316	-0.0016397294747045965	0.0
-0.00012706939820223052	-0.001646350880649549	0.0
-0.00011938713689884647	-0.0016528719622620018	0.0
-0.00011209549905156669	-0.0016592927195419557	0.0
-0.00010506427684168975	-0.0016655128281569107	0.0
-9.842367808791709e-05	-0.0016716326124393665	0.0
-9.191328715284585e-05	-0.0016776520723893232	0.0
-8.579351967387892e-05	-0.0016832702350092826	0.0
-7.99341678323148e-05	-0.0016886877489642436	0.0
-7.446543944685496e-05	-0.0016938042899217068	0.0
-6.925712669879798e-05	-0.0016983188848841743	0.0
-6.430922958814385e-05	-0.0017024321825166444	0.0
-5.9751955933593985e-05	-0.0017060438584866186	0.0
-5.5455097916446974e-05	-0.0017093545614590947	0.0
-5.141865553670281e-05	-0.001712063318436575	0.0
-4.7512420975660075e-05	-0.0017142704537515593	0.0
-4.360618641461733e-05	-0.0017159759674040469	0.0
-3.9830159672276015e-05	-0.0017172801837265375	0.0
-3.605413292993471e-05	-0.0017180827783865316	0.0
-3.253852182499624e-05	-0.0017184840757165287	0.0
-2.9022910720057776e-05	-0.0017182834270515301	0.0
-2.524688397771646e-05	-0.0017175811567240354	0.0
-2.1601065054076572e-05	-0.0017164775890665433	0.0
-1.7955246130436683e-05	-0.0017148723997465547	0.0
-1.4049011569393945e-05	-0.0017125649400990715	0.0
-1.0142777008351207e-05	-0.0017096555344565925	0.0
-6.366750266009894e-06	-0.0017060438584866186	0.0
-2.2001000675643067e-06	-0.001701930560854148	0.0
2.096757949582706e-06	-0.001697215317226682	0.0
6.523823785431143e-06	-0.0016917978032717212	0.0
1.1341513077383855e-05	-0.0016860793163192625	0.0
1.615920236933656e-05	-0.0016798592077043074	0.0
2.1107099479990702e-05	-0.001673237801759355	0.0
2.618520440934626e-05	-0.0016663154228169048	0.0
3.126330933870182e-05	-0.0016590920708769571	0.0
3.660182990546023e-05	-0.001651467421607012	0.0
4.1940350472218644e-05	-0.0016437424480045678	0.0
4.7148663220275624e-05	-0.001635816825737125	0.0
5.248718378703403e-05	-0.0016277908791371828	0.0
5.7304873078986744e-05	-0.0016195642838722419	0.0
6.212256237093945e-05	-0.001611237364274802	0.0
6.654962820678789e-05	-0.0016028101203448628	0.0
7.08464862239349e-05	-0.0015943828764149236	0.0
7.488292860367906e-05	-0.001585955632484984	0.0
7.839853970861754e-05	-0.0015774280642225458	0.0
8.178394299485458e-05	-0.0015691011446251058	0.0
8.464851500628591e-05	-0.0015607742250276658	0.0
8.72526713803144e-05	-0.0015525476297627253	0.0
8.959641211694005e-05	-0.0015444213588302839	0.0
9.141932157876e-05	-0.0015363954122303415	0.0
9.298181540317709e-05	-0.001528570114295398	0.0
9.428389359019134e-05	-0.0015210457893579524	0.0
9.532555613980273e-05	-0.0015135214644205067	0.0
9.623701087071269e-05	-0.0015063984368130579	0.0
9.67578421455184e-05	-0.0014992754092056093	0.0
9.727867342032409e-05	-0.0014924533545956585	0.0
9.753908905772695e-05	-0.0014857316243182068	0.0
9.766929687642838e-05	-0.0014791102183732547	0.0
9.792971251383122e-05	-0.001472689461093301	0.0
9.753908905772695e-05	-0.0014663690281458467	0.0
9.727867342032409e-05	-0.0014603495681958898	0.0
9.67578421455184e-05	-0.001454229783913434	0.0
9.636721868941413e-05	-0.0014483106482959768	0.0
9.558597177720558e-05	-0.0014423915126785193	0.0
9.480472486499703e-05	-0.0014365727013935614	0.0
9.389327013408706e-05	-0.0014309545387736018	0.0
9.298181540317709e-05	-0.0014252360518211432	0.0
9.167973721616283e-05	-0.0014196178892011836	0.0
9.063807466655143e-05	-0.001413899402248725	0.0
8.920578866083577e-05	-0.0014082812396287653	0.0
8.77735026551201e-05	-0.0014025627526763065	0.0
8.621100883070302e-05	-0.0013968442657238478	0.0
8.45183071875845e-05	-0.0013913264274363875	0.0
8.230477426966027e-05	-0.0013856079404839289	0.0
8.03516569891389e-05	-0.0013799897778639695	0.0
7.800791625251326e-05	-0.0013743716152440097	0.0
7.540375987848476e-05	-0.0013688537769565496	0.0
7.266939568575484e-05	-0.00136323561433659	0.0
6.967461585562208e-05	-0.00135771777604913	0.0
6.667983602548932e-05	-0.0013521999377616696	0.0
6.34246405579537e-05	-0.0013467824238067088	0.0
6.0299652909119503e-05	-0.0013411642611867493	0.0
5.691424962288247e-05	-0.0013357467472317884	0.0
5.3528846336645426e-05	-0.0013301285846118286	0.0
5.014344305040839e-05	-0.0013243097733268707	0.0
4.70184554015742e-05	-0.0013184909620419128	0.0
4.4023675571441435e-05	-0.001312371177759457	0.0
4.102889574130866e-05	-0.0013059504204795032	0.0
3.829453154857874e-05	-0.0012994293388670503	0.0
3.6080998630654536e-05	-0.0012926072842570993	0.0
3.399767353143174e-05	-0.0012854842566496507	0.0
3.243517970701464e-05	-0.0012778596073797057	0.0
3.139351715740325e-05	-0.001270034309444762	0.0
3.074247806389612e-05	-0.00126200836284482	0.0
3.0612270245194696e-05	-0.00125368144324738	0.0
3.100289370129897e-05	-0.0012450535506524424	0.0
3.230497188831322e-05	-0.001236325333725005	0.0
3.399767353143174e-05	-0.0012276974411300674	0.0
3.6471622086758805e-05	-0.0012189692242026303	0.0
3.933619409819014e-05	-0.0012101406829426939	0.0
4.311222084053146e-05	-0.0012014124660152568	0.0
4.727887103897705e-05	-0.0011927845734203192	0.0
5.222676814963118e-05	-0.0011843573294903797	0.0
5.7695496535091014e-05	-0.00117603040989294	0.0
6.368505619535655e-05	-0.0011680044632929978	0.0
7.032565494912921e-05	-0.0011602794896905535	0.0
7.748708497770755e-05	-0.0011527551647531075	0.0
8.503913846239018e-05	-0.0011458327858106577	0.0
9.298181540317709e-05	-0.001139111055533206	0.0
0.00010144532361876968	-0.0011329912712507502	0.0
0.00011055987092786941	-0.0011273731086307909	0.0
0.00011980462605567056	-0.0011222565676733277	0.0
0.00012944000463957598	-0.0011177419727108602	0.0
0.00013933579886088424	-0.001113728999410889	0.0
0.0001497524243569982	-0.0011105186207709121	0.0
0.00015990863421570933	-0.0011077095394609324	0.0
0.00017045546753052473	-0.0011053017554809499	0.0
0.00018087209302663872	-0.0011033955931634635	0.0
0.00019115851070405123	-0.0011017904038434752	0.0
0.0002014449283814638	-0.0011003858631884853	0.0
0.0002116011382401749	-0.0010990816468659948	0.0
0.00022162714028018461	-0.0010980784035410018	0.0
0.0002310021032266872	-0.0010971754845485085	0.0
0.00024024685835448835	-0.0010964732142210135	0.0
0.0002489707822074838	-0.0010957709438935187	0.0
0.0002574342904230764	-0.001095269322231022	0.0
0.0002653769673638633	-0.0010946673762360264	0.0
0.0002729290208485459	-0.0010943664032385288	0.0
0.00027996024305842283	-0.001094065430241031	0.0
0.0002867310496308969	-0.001093764457243533	0.0
0.00029298102492856533	-0.0010936641329110338	0.0
0.00029910079240753223	-0.0010934634842460352	0.0
0.00030469972861169346	-0.001093363159913536	0.0
0.0003099080413597505	-0.0010929618625835388	0.0
0.00031485593847040464	-0.0010925605652535417	0.0
0.00031954341994365595	-0.0010918582949260467	0.0
0.00032384027796080296	-0.0010906544029360555	0.0
0.00032774651252184567	-0.0010893501866135649	0.0
0.00033152253926418696	-0.001087644672961077	0.0
0.0003350381503691254	-0.0010855378619785924	0.0
0.00033829334583666105	-0.0010829294293336113	0.0
0.0003411579178480924	-0.0010801203480236316	0.0
0.0003437620742221209	-0.0010770102937161538	0.0
0.000346236022777448	-0.0010733986177461799	0.0
0.00034831934787667076	-0.001069786941776206	0.0
0.0003504026729758936	-0.0010657739684762349	0.0
0.0003518349589816092	-0.0010616606708437645	0.0
0.00035352766062472774	-0.0010576476975437934	0.0
0.0003546995309930406	-0.0010533337512463245	0.0
0.0003556109857239505	-0.0010489194806163565	0.0
0.0003563922326361591	-0.0010446055343188874	0.0
0.00035678285609226336	-0.0010402915880214185	0.0
0.0003570432717296662	-0.001036077966056449	0.0
0.0003570432717296662	-0.0010319646684239785	0.0
0.00035678285609226336	-0.0010281523437890062	0.0
0.0003563922326361591	-0.0010246409921515313	0.0
0.0003562620248174577	-0.0010214306135115545	0.0
0.0003558714013613534	-0.0010186215322015748	0.0
0.00035548077790524915	-0.0010164143968865906	0.0
0.00035548077790524915	-0.0010145082345691045	0.0
0.0003556109857239505	-0.001012802720916617	0.0
0.0003558714013613534	-0.001011398180261627	0.0
0.0003565224404548605	-0.0010100939639391363	0.0
0.00035743389518577045	-0.0010090907206141435	0.0
0.0003586057655540833	-0.0010078868286241523	0.0
0.0003599078437410975	-0.0010068835852991593	0.0
0.00036160054538421604	-0.001005679693309168	0.0
0.00036368387048343886	-0.0010045761256516762	0.0
0.0003660276112200645	-0.0010031715849966863	0.0
0.000368631767594093	-0.0010018673686741958	0.0
0.00037175675524292717	-0.001000563152351705	0.0
0.0003750119507104628	-0.0009991586116967152	0.0
0.00037852756181540125	-0.0009977540710417252	0.0
0.00038256400419514543	-0.0009964498547192346	0.0
0.000386730654393591	-0.0009951456383967441	0.0
0.0003912879280481409	-0.0009938414220742535	0.0
0.000396235825158795	-0.0009925372057517628	0.0
0.00040118372226944916	-0.0009912329894292723	0.0
0.0004067826584736104	-0.000990029097439281	0.0
0.0004123815946777716	-0.0009887248811167903	0.0
0.0004185013621567386	-0.0009873203404618005	0.0
0.00042449092181700415	-0.0009858154754743113	0.0
0.0004310013127520754	-0.0009843106104868223	0.0
0.0004375117036871466	-0.000982805745499333	0.0
0.0004444127180783221	-0.0009813008805118438	0.0
0.0004514439402881991	-0.0009797960155243548	0.0
0.000458475162498076	-0.0009782911505368656	0.0
0.0004656365925266544	-0.000976986934214375	0.0
0.00047266781473653124	-0.0009756827178918845	0.0
0.0004796990369464082	-0.0009744788259018931	0.0
0.0004864698435188823	-0.0009730742852469032	0.0
0.0004933708579100578	-0.0009715694202594141	0.0
0.0005000114566638304	-0.000970064555271925	0.0
0.0005062614319614987	-0.0009683590416194372	0.0
0.0005123811994404658	-0.0009662522306369525	0.0
0.0005182405512820299	-0.0009640450953219683	0.0
0.0005237092796674897	-0.0009616373113419856	0.0
0.000529308215871651	-0.0009589285543645052	0.0
0.000534516528619708	-0.000956320121719524	0.0
0.0005393342179116608	-0.0009536113647420436	0.0
0.0005442821150223148	-0.0009511032564295616	0.0
0.0005487091808581633	-0.0009485951481170797	0.0
0.0005531362466940117	-0.000946488337134595	0.0
0.0005575633125298601	-0.0009445821748171086	0.0
0.0005615997549096042	-0.0009429769854971202	0.0
0.0005657664051080499	-0.0009416727691746296	0.0
0.0005696726396690926	-0.0009406695258496368	0.0
0.0005734486664114339	-0.000939967255522142	0.0
0.0005772246931537753	-0.0009396662825246441	0.0
0.0005808705120774151	-0.0009396662825246441	0.0
0.0005842559153636522	-0.000939967255522142	0.0
0.0005876413186498892	-0.0009406695258496368	0.0
0.0005908965141174249	-0.0009417730935071289	0.0
0.0005941517095849605	-0.0009432779584946181	0.0
0.000597406905052496	-0.0009453847694771029	0.0
0.0006002714770639274	-0.0009478928777895848	0.0
0.000602875633437956	-0.0009511032564295616	0.0
0.0006052193741745816	-0.0009547149323995356	0.0
0.0006074329070925058	-0.0009591292030295038	0.0
0.0006096464400104299	-0.0009638444466569698	0.0
0.0006114693494722499	-0.0009689609876144329	0.0
0.0006127714276592641	-0.0009742781772368945	0.0
0.0006140735058462784	-0.000979896339856854	0.0
0.0006148547527584869	-0.0009856148268093127	0.0
0.000615505791851994	-0.0009910323407642738	0.0
0.000615766207489397	-0.0009965501790517339	0.0
0.000615766207489397	-0.0010017670443416963	0.0
0.0006153755840332927	-0.0010068835852991593	0.0
0.0006148547527584869	-0.0010116991532591246	0.0
0.0006139432980275769	-0.001016113423889093	0.0
0.000613031843296667	-0.001020427370186562	0.0
0.0006119901807470556	-0.0010243400191540335	0.0
0.0006106881025600414	-0.001028052019456507	0.0
0.0006096464400104299	-0.0010316636954264809	0.0
0.0006086047774608186	-0.0010347737497339584	0.0
0.0006076933227299086	-0.001037883804041436	0.0
0.0006069120758177	-0.0010406928853514156	0.0
0.000606261036724193	-0.0010432009936638975	0.0
0.0006058704132680887	-0.001045508453311381	0.0
0.0006057402054493872	-0.0010474146156288673	0.0
0.0006056099976306858	-0.0010488191562838573	0.0
0.0006057402054493872	-0.0010500230482738484	0.0
0.0006061308289054915	-0.0010507253186013432	0.0
0.0006065214523615957	-0.001051026291598841	0.0
0.0006071724914551029	-0.0010511266159313403	0.0
0.0006076933227299086	-0.0010509259672663418	0.0
0.0006084745696421171	-0.0010504243456038456	0.0
0.0006092558165543257	-0.0010499227239413492	0.0
0.0006104276869226385	-0.001049120129281355	0.0
0.0006117297651096527	-0.0010483175346213606	0.0
0.0006129016354779656	-0.0010475149399613666	0.0
0.0006143339214836812	-0.0010467123453013723	0.0
0.000615766207489397	-0.0010457091019763795	0.0
0.0006175891169512169	-0.0010449065073163853	0.0
0.0006192818185943354	-0.001044003588323892	0.0
0.0006212349358748568	-0.0010429000206663996	0.0
0.0006231880531553781	-0.001041896777341407	0.0
0.0006252713782546009	-0.0010409938583489137	0.0
0.0006273547033538237	-0.00104009093935642	0.0
0.0006291776128156437	-0.0010390876960314273	0.0
0.0006311307300961651	-0.0010380844527064345	0.0
0.0006332140551953878	-0.0010372818580464402	0.0
0.0006349067568385063	-0.001036378939053947	0.0
0.0006365994584816248	-0.0010355763443939524	0.0
0.0006379015366686392	-0.0010348740740664577	0.0
0.000639073407036952	-0.0010340714794064634	0.0
0.0006401150695865633	-0.0010331685604139701	0.0
0.000640635900861369	-0.0010323659657539756	0.0
0.0006412869399548762	-0.0010314630467614823	0.0
0.0006416775634109804	-0.0010305601277689886	0.0
0.0006416775634109804	-0.0010297575331089945	0.0
0.0006419379790483832	-0.0010286539654515026	0.0
0.0006416775634109804	-0.0010278513707915082	0.0
0.0006416775634109804	-0.0010269484517990148	0.0
0.0006412869399548762	-0.0010260455328065213	0.0
0.0006411567321361748	-0.0010253432624790265	0.0
0.0006411567321361748	-0.0010246409921515313	0.0
0.0006410265243174733	-0.0010239387218240366	0.0
0.0006408963164987719	-0.001023336775829041	0.0
0.0006407661086800704	-0.0010229354784990438	0.0
0.0006407661086800704	-0.001022333532504048	0.0
0.0006408963164987719	-0.0010218319108415517	0.0
0.0006408963164987719	-0.0010214306135115545	0.0
0.0006408963164987719	-0.0010209289918490581	0.0
0.0006407661086800704	-0.001020427370186562	0.0
0.0006407661086800704	-0.001019825424191566	0.0
0.000640635900861369	-0.0010191231538640713	0.0
0.0006405056930426676	-0.0010186215322015748	0.0
0.0006405056930426676	-0.0010179192618740799	0.0
0.0006402452774052647	-0.0010171166672140856	0.0
0.0006401150695865633	-0.0010163140725540914	0.0
0.0006399848617678618	-0.0010155114778940973	0.0
0.0006399848617678618	-0.0010146085589016036	0.0
0.0006399848617678618	-0.001013605315576611	0.0
0.0006401150695865633	-0.0010127023965841176	0.0
0.0006403754852239661	-0.0010116991532591246	0.0
0.0006405056930426676	-0.0010105955856016327	0.0
0.0006411567321361748	-0.001009291369279142	0.0
0.0006415473555922789	-0.0010081878016216502	0.0
0.0006423286025044876	-0.0010068835852991593	0.0
0.000643109849416696	-0.0010053787203116703	0.0
0.000644021304147606	-0.0010039741796566803	0.0
0.0006451931745159188	-0.0010025696390016906	0.0
0.0006462348370655304	-0.0010012654226792	0.0
0.000647667123071246	-0.0009996602333592116	0.0
0.0006489692012582602	-0.000998356017036721	0.0
0.0006505316950826773	-0.0009970518007142303	0.0
0.0006518337732696915	-0.0009955469357267412	0.0
0.00065352647491281	-0.0009943430437367499	0.0
0.0006549587609185256	-0.0009932394760792578	0.0
0.0006565212547429427	-0.0009921359084217659	0.0
0.0006580837485673599	-0.0009910323407642738	0.0
0.0006599066580291798	-0.0009901294217717802	0.0
0.0006614691518535969	-0.0009892265027792867	0.0
0.0006630316456780141	-0.0009884239081192924	0.0
0.0006647243473211325	-0.0009877216377917977	0.0
0.0006662868411455497	-0.0009870193674643027	0.0
0.0006678493349699668	-0.000986417421469307	0.0
0.0006696722444317867	-0.0009860161241393099	0.0
0.0006711045304375025	-0.0009855145024768135	0.0
0.0006727972320806209	-0.0009851132051468166	0.0
0.000674359725905038	-0.0009848122321493185	0.0
0.000676182635366858	-0.0009845112591518206	0.0
0.0006780055448286779	-0.0009841099618218237	0.0
0.0006798284542904977	-0.0009838089888243259	0.0
0.0006816513637523177	-0.0009834076914943288	0.0
0.0006837346888515406	-0.000983106718496831	0.0
0.0006858180139507633	-0.000982805745499333	0.0
0.0006882919625060904	-0.0009825047725018352	0.0
0.0006908961188801189	-0.0009823041238368367	0.0
0.0006933700674354459	-0.000982103475171838	0.0
0.0006961044316281759	-0.0009820031508393388	0.0
0.0006992294192770101	-0.0009819028265068395	0.0
0.0007020939912884414	-0.0009819028265068395	0.0
0.0007054793945746784	-0.0009819028265068395	0.0
0.0007087345900422141	-0.0009820031508393388	0.0
0.0007119897855097497	-0.000982103475171838	0.0
0.0007153751887959867	-0.0009823041238368367	0.0
0.0007183699686261195	-0.000982404448169336	0.0
0.0007212345406375509	-0.0009825047725018352	0.0
0.0007242293204676836	-0.0009826050968343345	0.0
0.000726833476841712	-0.000982805745499333	0.0
0.0007291772175783377	-0.000983106718496831	0.0
0.0007312605426775606	-0.0009833073671618295	0.0
0.0007330834521393806	-0.000983608340159327	0.0
0.0007349063616012004	-0.0009840096374893244	0.0
0.0007362084397882148	-0.0009845112591518206	0.0
0.0007373803101565275	-0.0009851132051468166	0.0
0.0007384219727061389	-0.0009858154754743113	0.0
0.0007393334274370489	-0.0009868187187993041	0.0
0.000739984466530556	-0.000987821962124297	0.0
0.0007405052978053617	-0.0009890258541142883	0.0
0.000740895921261466	-0.0009902297461042795	0.0
0.0007412865447175703	-0.0009916342867592695	0.0
0.0007416771681736745	-0.0009932394760792578	0.0
0.0007418073759923759	-0.0009949449897317456	0.0
0.0007419375838110773	-0.000996851152049232	0.0
0.0007419375838110773	-0.0009989579630317166	0.0
0.0007419375838110773	-0.001000964449681702	0.0
0.0007418073759923759	-0.0010032719093291855	0.0
0.0007412865447175703	-0.0010055793689766688	0.0
0.000740895921261466	-0.0010080874772891509	0.0
0.0007403750899866603	-0.0010105955856016327	0.0
0.0007397240508931532	-0.0010131036939141145	0.0
0.0007389428039809446	-0.0010156118022265966	0.0
0.000738161557068736	-0.0010182202348715777	0.0
0.0007373803101565275	-0.001020828667516559	0.0
0.0007364688554256175	-0.001023336775829041	0.0
0.0007355574006947075	-0.001025945208474022	0.0
0.0007346459459637977	-0.001028453316786504	0.0
0.0007338646990515891	-0.001030961425098986	0.0
0.0007330834521393806	-0.0010333692090789687	0.0
0.0007321719974084705	-0.001035776993058951	0.0
0.0007315209583149633	-0.0010380844527064345	0.0
0.0007308699192214563	-0.0010402915880214185	0.0
0.0007300886723092477	-0.0010424987233364027	0.0
0.000729567841034442	-0.0010445052099863881	0.0
0.0007290470097596364	-0.0010465116966363738	0.0
0.0007283959706661291	-0.0010482172102888614	0.0
0.0007277449315726221	-0.0010500230482738484	0.0
0.000727093892479115	-0.0010514275889288384	0.0
0.0007263126455669065	-0.0010527318052513288	0.0
0.0007254011908359964	-0.0010541363459063188	0.0
0.0007243595282863851	-0.0010552399135638109	0.0
0.0007231876579180722	-0.0010561428325563042	0.0
0.0007220157875497594	-0.001057146075881297	0.0
0.0007207137093627452	-0.001057848346208792	0.0
0.0007194116311757309	-0.0010587512652012853	0.0
0.0007181095529887166	-0.0010595538598612798	0.0
0.0007165470591642995	-0.0010603564545212738	0.0
0.0007151147731585839	-0.0010610587248487688	0.0
0.0007136824871528682	-0.0010615603465112652	0.0
0.0007121199933284512	-0.0010622626168387602	0.0
0.0007104272916853326	-0.0010627642385012566	0.0
0.0007087345900422141	-0.0010630652114987545	0.0
0.000707172096217797	-0.0010632658601637528	0.0
0.0007052189789372756	-0.0010634665088287514	0.0
0.0007031356538380527	-0.0010634665088287514	0.0
0.0007009221209201286	-0.001063366184496252	0.0
0.0006984481723648015	-0.0010632658601637528	0.0
0.0006961044316281759	-0.0010629648871662552	0.0
0.0006933700674354459	-0.0010626639141687573	0.0
0.0006906357032427161	-0.0010623629411712595	0.0
0.0006875107155938819	-0.0010618613195087629	0.0
0.0006843857279450477	-0.0010615603465112652	0.0
0.0006812607402962136	-0.0010610587248487688	0.0
0.0006778753370099765	-0.0010603564545212738	0.0
0.000674359725905038	-0.001059654184193779	0.0
0.0006708441148000995	-0.0010588515895337846	0.0
0.0006674587115138625	-0.0010577480218762927	0.0
0.0006638128925902226	-0.0010567447785513001	0.0
0.0006600368658478813	-0.0010554405622288092	0.0
0.0006561306312868386	-0.00105393569724132	0.0
0.0006522243967257958	-0.0010522301835888326	0.0
0.000648318162164753	-0.0010505246699363448	0.0
0.0006441515119663075	-0.00104841785895386	0.0
0.0006402452774052647	-0.0010461103993063764	0.0
0.0006360786272068192	-0.0010435019666613953	0.0
0.000632042184827075	-0.001040793209683915	0.0
0.0006278755346286294	-0.001037582831043938	0.0
0.0006239693000675867	-0.0010340714794064634	0.0
0.0006199328576878424	-0.0010301588304389916	0.0
0.0006160266231267998	-0.0010256442354765242	0.0
0.000612120388565757	-0.001020828667516559	0.0
0.0006082141540047143	-0.0010156118022265966	0.0
0.0006041777116249701	-0.0010098933152741377	0.0
0.0006000110614265245	-0.001003873855324181	0.0
0.0005959746190467804	-0.0009973527737117281	0.0
0.0005916777610296333	-0.0009905307191017774	0.0
0.0005875111108311878	-0.0009834076914943288	0.0
0.0005830840449953393	-0.0009758833665568829	0.0
0.0005786569791594909	-0.0009679577442894401	0.0
0.0005738392898675382	-0.0009597311490244995	0.0
0.0005691518083942869	-0.0009510029320970623	0.0
0.0005640737034649314	-0.0009418734178396282	0.0
0.0005588653907168744	-0.000932342606252197	0.0
0.0005533966623314145	-0.0009223101730022693	0.0
0.0005477977261272533	-0.0009118764424223445	0.0
0.0005418081664669877	-0.0009010414145124226	0.0
0.0005354279833506179	-0.0008897047649400043	0.0
0.0005289175924155467	-0.0008779668180375889	0.0
0.0005222769936617741	-0.0008659278981376757	0.0
0.0005151155636331957	-0.0008537886539052632	0.0
0.0005075635101485131	-0.0008412481123428537	0.0
0.000499881248845129	-0.0008287075707804441	0.0
0.0004919385719043421	-0.0008159663805530359	0.0
0.00048373547932615234	-0.0008031248659931287	0.0
0.00047527197111055973	-0.0007902833514332212	0.0
0.00046654804725756435	-0.0007772411882083153	0.0
0.00045769391558586744	-0.00076409870065091	0.0
0.00044831895263936487	-0.0007509562130935048	0.0
0.0004390741975115637	-0.0007377134012036002	0.0
0.0004298294423837626	-0.0007244705893136957	0.0
0.00042032427161855856	-0.0007111274530912919	0.0
0.000410949308672056	-0.0006978846412013874	0.0
0.0004015743457255534	-0.0006845415049789836	0.0
0.0003921993827790509	-0.000671298693089079	0.0
0.00038269421201384685	-0.0006580558811991744	0.0
0.00037318904124864286	-0.0006450137179742685	0.0
0.00036368387048343886	-0.0006320718790818619	0.0
0.0003541786997182349	-0.0006194310131869531	0.0
0.00034480373677173225	-0.0006066898229595449	0.0
0.0003351683581878269	-0.0005943499300621338	0.0
0.00032605381087872715	-0.0005820100371647228	0.0
0.0003164184322948217	-0.0005701717659298081	0.0
0.00030691326152961775	-0.0005582331703623943	0.0
0.00029714767512701093	-0.0005466958721249774	0.0
0.0002871216730870012	-0.0005351585738875606	0.0
0.00027722587886569287	-0.0005240225729801408	0.0
0.0002671998768256832	-0.000513187545070219	0.0
0.00025691345914827067	-0.0005026534901577949	0.0
0.0002463666258334553	-0.0004925207325753681	0.0
0.00023555937688123706	-0.00048268894799043897	0.0
0.00022462192011031738	-0.00047315813640300765	0.0
0.00021342404770199487	-0.00046402862214557346	0.0
0.00020222617529367236	-0.0004554007295506357	0.0
0.00019063767942924554	-0.00044697348562069646	0.0
0.00017891897574611734	-0.00043884721468825504	0.0
0.00016733047988169052	-0.00043102191675331147	0.0
0.00015509094492375663	-0.0004231966188183679	0.0
0.00014311182560322556	-0.00041547164521592354	0.0
0.0001306118750078888	-0.0004078469959459786	0.0
0.00011837234004995488	-0.0004002223466760335	0.0
0.00010587238945461812	-0.0003924973730735892	0.0
9.324223104057994e-05	-0.00038487272380364416	0.0
8.048186480784032e-05	-0.0003770474258687006	0.0
6.77214985751007e-05	-0.00036932245226625635	0.0
5.49611323423611e-05	-0.00036139682999881343	0.0
4.207055829092006e-05	-0.0003531702347338728	0.0
2.931019205818045e-05	-0.0003448433151364328	0.0
1.668003364414226e-05	-0.000336215422541495	0.0
3.919667411402651e-06	-0.0003273868812815587	0.0
-8.710491002635537e-06	-0.0003182573670241245	0.0
-2.1080233779270873e-05	-0.0003089272041016918	0.0
-3.344997655590622e-05	-0.00029939639251426047	0.0
-4.5689511513840124e-05	-0.00028946428359683207	0.0
-5.766863083437119e-05	-0.00027963249901190296	0.0
-6.951754233620083e-05	-0.0002693994170969768	0.0
-8.110603820062762e-05	-0.0002592666595145498	0.0
-9.243411842765156e-05	-0.00024923422626462214	0.0
-0.00010350178301727265	-0.0002392017930146945	0.0
-0.00011443923978819232	-0.00022937000842976538	0.0
-0.00012511628092170914	-0.00021993952117483338	0.0
-0.00013566311423652452	-0.00021070968258489993	0.0
-0.00014581932409523567	-0.00020168049265996502	0.0
-0.00015610574177264818	-0.00019315292439752653	0.0
-0.00016600153599395648	-0.00018482600480008654	0.0
-0.0001760275380339662	-0.00017659940953514586	0.0
-0.00018592333225527443	-0.00016877411160020229	0.0
-0.00019607954211398558	-0.0001609488136652587	0.0
-0.00020610554415399527	-0.0001532238400628144	0.0
-0.00021652216965010923	-0.00014549886646037012	0.0
-0.00022719921078362605	-0.0001377738928579258	0.0
-0.00023813666755454572	-0.00012994859492298223	0.0
-0.00024894391650676393	-0.00012202297265553937	0.0
-0.00026027199673378786	-0.00011389670172309796	0.0
-0.0002719907004169161	-0.00010567010645815728	0.0
-0.00028357919628134285	-9.734318686071732e-05	0.0
-0.00029555831560187397	-8.901626726327736e-05	0.0
-0.0003074072271037036	-8.058902333333812e-05	0.0
-0.00031938634642423463	-7.216177940339887e-05	0.0
-0.00033149567356346716	-6.363421114096035e-05	0.0
-0.00034347479288399823	-5.5106642878521844e-05	0.0
-0.0003554539122045293	-4.647875028358405e-05	0.0
-0.00036717261588765747	-3.785085768864626e-05	0.0
-0.0003787611117520843	-2.9122640761209188e-05	0.0
-0.00039034960761651105	-2.0193775168773566e-05	0.0
-0.00040167768784353503	-1.1264909576337945e-05	0.0
-0.0004127453524331561	-2.1353953189037694e-06	0.0
-0.00042381301702277717	6.994118938530406e-06	0.0
-0.00043449005815629407	1.6223957528463857e-05	0.0
-0.00044503689147110944	2.545379611839731e-05	0.0
-0.00045519310132982057	3.4783959040830036e-05	0.0
-0.0004653493111885317	4.411412196326277e-05	0.0
-0.0004751148975911385	5.334396055319622e-05	0.0
-0.0004843596527189397	6.267412347562895e-05	0.0
-0.0004934742000280394	7.200428639806169e-05	0.0
-0.0005025887473371391	8.123412498799512e-05	0.0
-0.0005110522555527318	9.046396357792858e-05	0.0
-0.0005192553481309215	9.969380216786202e-05	0.0
-0.0005274584407091112	0.00010902396509029477	0.0
-0.0005348802863750924	0.00011825380368022821	0.0
-0.0005421719242223722	0.00012768429093516022	0.0
-0.0005490729386135477	0.00013701445385759295	0.0
-0.0005555833295486189	0.00014634461678002567	0.0
-0.0005619635126649887	0.0001556747797024584	0.0
-0.0005675624488691499	0.00016490461829239187	0.0
-0.0005730311772546099	0.00017413445688232532	0.0
-0.0005781092821839654	0.00018336429547225876	0.0
-0.0005826665558385152	0.00019239348539719367	0.0
-0.0005869634138556622	0.00020122202665713001	0.0
-0.0005907394405980036	0.0002102512165820649	0.0
-0.0005941248438842406	0.00021887910917700267	0.0
-0.0005972498315330748	0.00022740667743944122	0.0
-0.0005999841957258047	0.000236034570034379	0.0
-0.0006023279364624303	0.000244361489631819	0.0
-0.0006044112615616532	0.00025258808489675964	0.0
-0.0006061039632047717	0.00026071435582920106	0.0
-0.0006074060413917859	0.00026853965376414464	0.0
-0.0006083174961226959	0.0002761643030340897	0.0
-0.0006089685352162029	0.00028368862797153543	0.0
-0.0006093591586723072	0.00029081165557898403	0.0
-0.0006094893664910087	0.00029753338585643556	0.0
-0.0006092289508536059	0.00030425511613388714	0.0
-0.0006088383273975016	0.00031047522474884226	0.0
-0.0006083174961226959	0.0003163943603662996	0.0
-0.0006072758335730845	0.00032191219865375983	0.0
-0.0006062341710234731	0.0003272293882762215	0.0
-0.0006049320928364589	0.00033224560490118535	0.0
-0.0006034998068307431	0.00033696084852865134	0.0
-0.000601937313006326	0.0003412747948261202	0.0
-0.0005999841957258047	0.00034548841679108984	0.0
-0.0005981612862639848	0.0003494010657585616	0.0
-0.0005962081689834634	0.00035321339039353413	0.0
-0.0005942550517029421	0.00035662441769850956	0.0
-0.000592432142241122	0.00036003544500348494	0.0
-0.0005906092327793021	0.0003631454993109625	0.0
-0.0005887863233174822	0.00036605490495344154	0.0
-0.0005870936216743637	0.00036896431059592056	0.0
-0.0005854009200312451	0.0003715727432409018	0.0
-0.000584098841844231	0.0003739805272208844	0.0
-0.0005826665558385152	0.0003764886355333663	0.0
-0.0005814946854702024	0.00037889641951334896	0.0
-0.0005801926072831881	0.00038110355482833306	0.0
-0.0005791509447335768	0.00038300971714581926	0.0
-0.000577979074365264	0.00038501620379580485	0.0
-0.0005771978274530554	0.00038672171744829253	0.0
-0.0005761561649034441	0.0003884272311007803	0.0
-0.000575244710172534	0.0003898317717557701	0.0
-0.0005742030476229227	0.00039103566374576145	0.0
-0.000573421800710714	0.00039213923140325345	0.0
-0.0005726405537985056	0.0003929418260632477	0.0
-0.000571859306886297	0.0003937444207232419	0.0
-0.0005710780599740884	0.0003942460423857383	0.0
-0.0005704270208805813	0.0003945470153832361	0.0
-0.0005697759817870743	0.0003946473397157354	0.0
-0.00056938535833097	0.0003946473397157354	0.0
-0.0005688645270561642	0.00039444669105073683	0.0
-0.0005686041114187614	0.00039414571805323904	0.0
-0.0005682134879626572	0.0003936440963907426	0.0
-0.0005678228645065529	0.0003929418260632477	0.0
-0.0005674322410504486	0.0003922395557357528	0.0
-0.0005673020332317471	0.00039133663674325924	0.0
-0.0005671718254130456	0.00039033339341826653	0.0
-0.0005669114097756428	0.0003893301500932737	0.0
-0.0005669114097756428	0.00038822658243578166	0.0
-0.0005665207863195386	0.0003870226904457904	0.0
-0.0005666509941382401	0.00038591912278829833	0.0
-0.0005663905785008372	0.0003848155551308063	0.0
-0.0005662603706821358	0.0003838123118058135	0.0
-0.0005665207863195386	0.00038290939281332003	0.0
-0.0005663905785008372	0.00038240777115082367	0.0
-0.0005666509941382401	0.00038190614948832726	0.0
-0.0005666509941382401	0.000381805825155828	0.0
-0.0005670416175943443	0.00038190614948832726	0.0
-0.0005673020332317471	0.00038230744681832433	0.0
-0.0005678228645065529	0.00038300971714581926	0.0
-0.0005683436957813585	0.0003840129604708121	0.0
-0.0005688645270561642	0.0003852168524608034	0.0
-0.00056938535833097	0.00038672171744829253	0.0
-0.0005697759817870743	0.000388326906768281	0.0
-0.0005701666052431785	0.0003901327447532679	0.0
-0.0005704270208805813	0.00039203890707075416	0.0
-0.0005706874365179841	0.0003938447450557412	0.0
-0.0005708176443366856	0.00039575090737322744	0.0
-0.0005708176443366856	0.0003974564210257152	0.0
-0.0005706874365179841	0.0003992622590107021	0.0
-0.0005704270208805813	0.00040096777266318984	0.0
-0.0005701666052431785	0.0004025729619831782	0.0
-0.0005700363974244771	0.00040417815130316666	0.0
-0.0005695155661496713	0.00040548236762565727	0.0
-0.00056938535833097	0.0004068869082806471	0.0
-0.000569124942693567	0.00040789015160563993	0.0
-0.0005689947348748657	0.0004090940435956312	0.0
-0.0005689947348748657	0.00040999696258812475	0.0
-0.000569124942693567	0.00041100020591311746	0.0
-0.0005692551505122685	0.000411903124905611	0.0
-0.00056938535833097	0.00041280604389810444	0.0
-0.0005696457739683728	0.0004135083142255994	0.0
-0.0005700363974244771	0.0004144112332180929	0.0
-0.0005702968130618798	0.0004150131792130886	0.0
-0.0005705572286992827	0.0004155148008755849	0.0
-0.0005708176443366856	0.000415916098205582	0.0
-0.0005710780599740884	0.00041631739553557915	0.0
-0.0005710780599740884	0.000416618368533077	0.0
-0.000570947852155387	0.0004168190171980755	0.0
-0.0005705572286992827	0.00041711999019557335	0.0
-0.0005704270208805813	0.0004174209631930712	0.0
-0.0005697759817870743	0.0004178222605230683	0.0
-0.000569124942693567	0.0004183238821855647	0.0
-0.0005683436957813585	0.00041882550384806104	0.0
-0.0005674322410504486	0.00041942744984305673	0.0
-0.0005662603706821358	0.00042002939583805237	0.0
-0.0005650885003138229	0.0004207316661655473	0.0
-0.0005636562143081072	0.0004214339364930422	0.0
-0.0005622239283023916	0.0004220358824880379	0.0
-0.000560531226659273	0.00042263782848303355	0.0
-0.0005588385250161546	0.00042313945014552996	0.0
-0.0005568854077356331	0.00042344042314302775	0.0
-0.0005548020826364104	0.00042374139614052565	0.0
-0.0005527187575371876	0.00042374139614052565	0.0
-0.0005506354324379647	0.00042374139614052565	0.0
-0.0005482916917013392	0.0004233400988105285	0.0
-0.0005459479509647135	0.00042293880148053145	0.0
-0.0005434740024093863	0.00042233685548553575	0.0
-0.0005410000538540594	0.00042153426082554155	0.0
-0.0005385261052987323	0.0004204306931680495	0.0
-0.0005361823645621067	0.00041932712551055745	0.0
-0.0005337084160067795	0.0004178222605230683	0.0
-0.0005312344674514525	0.00041621707120307987	0.0
-0.0005287605188961254	0.0004144112332180929	0.0
-0.0005262865703407984	0.00041250507090060664	0.0
-0.0005240730374228742	0.0004103982599181218	0.0
-0.0005217292966862484	0.000408291448935637	0.0
-0.0005196459715870258	0.00040608431362065296	0.0
-0.0005175626464878029	0.0004038771783056688	0.0
-0.0005154793213885801	0.00040167004299068476	0.0
-0.0005135262041080587	0.00039966355634069923	0.0
-0.0005115730868275374	0.0003975567453582144	0.0
-0.0005100105930031202	0.00039565058304072816	0.0
-0.0005081876835413004	0.0003939450693882404	0.0
-0.0005064949818981819	0.0003922395557357528	0.0
-0.0005048022802550633	0.0003907346907482636	0.0
-0.0005031095786119449	0.0003891295014282752	0.0
-0.0005015470847875278	0.0003878252851057846	0.0
-0.0004999845909631106	0.00038642074445079474	0.0
-0.0004980314736825893	0.00038501620379580485	0.0
-0.0004963387720394707	0.0003837119874733143	0.0
-0.0004943856547589494	0.00038240777115082367	0.0
-0.0004925627452971295	0.00038120387916083234	0.0
-0.000490609628016608	0.000379999987170841	0.0
-0.0004885263029173853	0.0003786957708483504	0.0
-0.0004861825621807596	0.00037759220319085834	0.0
-0.0004839690292628354	0.00037658895986586563	0.0
-0.0004816252885262097	0.0003754853922083736	0.0
-0.0004791513399708827	0.00037448214888338076	0.0
-0.0004766773914155556	0.00037347890555838805	0.0
-0.00047420344286022855	0.0003724756622333952	0.0
-0.0004713388708487972	0.00037137209457590323	0.0
-0.0004688649222934701	0.0003701682025859119	0.0
-0.0004662607659194416	0.0003688639862634213	0.0
-0.00046352640172671176	0.0003673591212759321	0.0
-0.0004607920375339818	0.000365854256288443	0.0
-0.0004580576733412519	0.000364048418303456	0.0
-0.000455323309148522	0.00036224258031846904	0.0
-0.0004527191527744935	0.0003603364180009828	0.0
-0.00044998478858176354	0.00035843025568349653	0.0
-0.00044738063220773505	0.0003563234447010117	0.0
-0.00044451606019630367	0.0003541163093860276	0.0
-0.0004417816960035738	0.00035190917407104357	0.0
-0.0004390473318108439	0.0003497020387560594	0.0
-0.00043657338325551684	0.0003471939304435776	0.0
-0.0004338390190627869	0.0003447861464635949	0.0
-0.0004313650705074598	0.00034227803815111297	0.0
-0.0004287609141334313	0.0003397699298386311	0.0
-0.00042628696557810424	0.00033706117286115057	0.0
-0.00042381301702277717	0.0003341517672186716	0.0
-0.00042133906846745015	0.0003314430102411911	0.0
-0.00041860470427472024	0.00032853360459871207	0.0
-0.00041600054790069175	0.00032562419895623305	0.0
-0.00041339639152666326	0.0003228151176462533	0.0
-0.0004106620273339333	0.00031980538767127496	0.0
-0.0004079276631412034	0.000316895982028796	0.0
-0.00040506309112977207	0.00031398657638631697	0.0
-0.0004021985191183407	0.00031107717074383795	0.0
-0.0003993339471069094	0.0003080674407688596	0.0
-0.0003960787516393738	0.00030505771079388134	0.0
-0.00039295376399053954	0.00030194765648640376	0.0
-0.0003898287763417054	0.0002989379265114255	0.0
-0.00038618295741806545	0.0002956272235389493	0.0
-0.0003827975541318284	0.00029241684489897244	0.0
-0.00037928194302689	0.00028910614192649635	0.0
-0.0003756361241032501	0.0002858957632865195	0.0
-0.0003719903051796102	0.00028278570897904195	0.0
-0.0003683444862559703	0.0002795753303390651	0.0
-0.00036443825169492756	0.0002764652760315875	0.0
-0.00036053201713388486	0.0002734555460566092	0.0
-0.0003564955747541407	0.0002705461404141302	0.0
-0.00035245913237439655	0.0002676367347716511	0.0
-0.0003484226899946524	0.00026492797779417064	0.0
-0.0003442560397962068	0.00026211889648419096	0.0
-0.0003400893895977612	0.00025941013950671045	0.0
-0.0003357925315806142	0.00025670138252923	0.0
-0.00033149567356346716	0.00025399262555174954	0.0
-0.00032732902336502157	0.000251283868574269	0.0
-0.00032303216534787456	0.00024837446293179	0.0
-0.0003186050995120261	0.00024576603028680883	0.0
-0.0003143082414948791	0.00024315759764182766	0.0
-0.0003100113834777321	0.0002404488406643472	0.0
-0.0003057145254605851	0.00023794073235186526	0.0
-0.0003012874596247366	0.00023553294837188262	0.0
-0.0002971208094262911	0.00023312516439189998	0.0
-0.000292823951409144	0.00023081770474441663	0.0
-0.0002886573012106984	0.00022851024509693325	0.0
-0.0002844906510122529	0.00022600213678445133	0.0
-0.0002804542086325087	0.00022369467713696797	0.0
-0.0002761573506153617	0.00022118656882448606	0.0
-0.0002721209082356175	0.00021867846051200416	0.0
-0.0002680844658558734	0.00021607002786702296	0.0
-0.0002639178156574278	0.00021336127088954248	0.0
-0.00026014178891508644	0.00021055218957956274	0.0
-0.00025623555435404374	0.00020774310826958298	0.0
-0.000252329319793001	0.00020483370262710396	0.0
-0.0002486835008693611	0.00020222526998212275	0.0
-0.00024490747412701975	0.00019941618867214304	0.0
-0.00024126165520337988	0.00019670743169466256	0.0
-0.00023761583627974	0.00019409899904968136	0.0
-0.00023397001735610013	0.00019159089073719947	0.0
-0.0002305846140698631	0.00018898245809221827	0.0
-0.00022719921078362605	0.00018647434977973635	0.0
-0.000223813807497389	0.00018386591713475515	0.0
-0.00022068881984855482	0.00018125748448977395	0.0
-0.0002175638321997206	0.0001785487275122935	0.0
-0.000214308636732185	0.000175839970534813	0.0
-0.0002111836490833508	0.00017293056489233399	0.0
-0.00020805866143451662	0.00017022180791485353	0.0
-0.0002051940894230853	0.00016741272660487376	0.0
-0.00020232951741165395	0.00016480429395989256	0.0
-0.00019933473758152118	0.0001620955369824121	0.0
-0.00019660037338879125	0.0001594871043374309	0.0
-0.00019360559355865848	0.00015717964468994755	0.0
-0.00019087122936592858	0.00015457121204496635	0.0
-0.00018813686517319867	0.000152263752397483	0.0
-0.0001852722931617673	0.00014985596841750036	0.0
-0.00018240772115033597	0.00014734786010501844	0.0
-0.0001794129413202032	0.00014483975179253652	0.0
-0.00017654836930877185	0.00014223131914755532	0.0
-0.00017381400511604195	0.00013952256217007487	0.0
-0.00017081922528590918	0.0001368138051925944	0.0
-0.00016795465327447783	0.00013410504821511393	0.0
-0.0001650900812630465	0.00013149661557013273	0.0
-0.0001619650936142123	0.00012878785859265227	0.0
-0.00015897031378407953	0.00012627975028017035	0.0
-0.00015584532613524535	0.00012377164196768843	0.0
-0.00015259013066770975	0.00012146418232020506	0.0
-0.00014933493520017413	0.00011915672267272171	0.0
-0.0001460797397326385	0.00011684926302523834	0.0
-0.00014256412862770004	0.00011464212771025426	0.0
-0.000139178725341463	0.00011233466806277089	0.0
-0.00013566311423652452	0.00010992688408278825	0.0
-0.00013227771095028747	0.00010731845143780705	0.0
-0.0001286318920266476	0.0001046096944603266	0.0
-0.00012511628092170914	0.0001020012618153454	0.0
-0.00012134025417936782	9.919218050536564e-05	0.0
-0.00011756422743702652	9.628277486288662e-05	0.0
-0.00011391840851338663	9.357401788540616e-05	0.0
-0.00011001217395234389	9.106590957292423e-05	0.0
-0.00010649656284740543	8.855780126044233e-05	0.0
-0.00010259032828636269	8.615001728045968e-05	0.0
-9.89445093627228e-05	8.384255763297632e-05	0.0
-9.503827480168006e-05	8.163542231799224e-05	0.0
-9.152266369674159e-05	7.942828700300815e-05	0.0
-8.78768447731017e-05	7.712082735552478e-05	0.0
-8.423102584946181e-05	7.471304337554215e-05	0.0
-8.084562256322478e-05	7.220493506306024e-05	0.0
-7.73300114582863e-05	6.939585375308048e-05	0.0
-7.40748159907507e-05	6.648644811060147e-05	0.0
-7.081962052321509e-05	6.33763938031239e-05	0.0
-6.769463287438089e-05	6.0466988160644856e-05	0.0
-6.456964522554671e-05	5.755758251816584e-05	0.0
-6.170507321411536e-05	5.474850120818609e-05	0.0
-5.8710293383982587e-05	5.203974423070562e-05	0.0
-5.623634482865552e-05	4.973228458322226e-05	0.0
-5.363218845462703e-05	4.762547360073745e-05	0.0
-5.115823989929996e-05	4.5618986950751915e-05	0.0
-4.881449916267432e-05	4.371282463326566e-05	0.0
-4.66009662447501e-05	4.160601365078085e-05	0.0
-4.4387433326825885e-05	3.949920266829604e-05	0.0
-4.2564523865005934e-05	3.699109435581412e-05	0.0
-4.087182222188741e-05	3.428233737833365e-05	0.0
-3.9048912760067476e-05	3.1071958738356806e-05	0.0
-3.7226003298247525e-05	2.756060710088212e-05	0.0
-3.579371729253186e-05	2.3948931130908158e-05	0.0
-3.423122346811476e-05	2.0236930828434924e-05	0.0
-3.305935309980194e-05	1.6524930525961687e-05	0.0
-3.1496859275384846e-05	1.3414876218484112e-05	0.0
-3.045519672577345e-05	1.0605794908504366e-05	0.0
-2.9153118538759202e-05	8.498983926019557e-06	0.0
-2.8111455989147807e-05	7.094443271029683e-06	0.0
-2.693958562083498e-05	6.5928216085333e-06	0.0
-2.576771525252216e-05	6.5928216085333e-06	0.0
-2.4726052702910765e-05	7.295091936028236e-06	0.0
-2.3684390153299366e-05	8.39865959352028e-06	0.0
-2.264272760368797e-05	9.502227251012323e-06	0.0
-2.1601065054076572e-05	1.0706119241003643e-05	0.0
-2.0559402504465177e-05	1.1709362565996409e-05	0.0
-1.925732431745093e-05	1.231130856099207e-05	0.0
-1.834586958654096e-05	1.2612281558489897e-05	0.0
