LNEC Test File eXtractor

File: rinaldi_1.DRV

Created in: 2026-04-28 11:41:00.219887

Number of channels: 3

Name:	DispT	DispL	DispV
Type:	Displacement	Displacement	Displacement
Unit:	m	m	m
No. of Samples:	3001	3001	3001
Time step [s]:	0.005	0.005	0.005
Trigger date:	1970-01-01	1970-01-01	1970-01-01
Trigger time:	00:00:00.000000	00:00:00.000000	00:00:00.000000
Duration [s]:	15.0	15.0	15.0
Data:
DispT	DispL	DispV
1.4907888391050091e-05	7.202685181693399e-06	0.0
1.9137805311819867e-05	1.4606912321017393e-05	0.0
2.336772223258964e-05	2.201113946034139e-05	0.0
2.7501504677887375e-05	2.9740827133262042e-05	0.0
3.144301817224103e-05	3.812143587337601e-05	0.0
3.538453166659468e-05	4.674614001368748e-05	0.0
3.942217963642038e-05	5.569630468759561e-05	0.0
4.336369313077403e-05	6.464646936150373e-05	0.0
4.730520662512768e-05	7.35152689020127e-05	0.0
5.134285459495338e-05	8.246543357592082e-05	0.0
5.528436808930703e-05	9.125286798303062e-05	0.0
5.9129747108188644e-05	0.00010004030239014042	0.0
6.287899165159822e-05	0.00010899046706404854	0.0
6.643596724406372e-05	0.00011794063173795666	0.0
6.970453941011307e-05	0.00012697216154526394	0.0
7.287697710069041e-05	0.00013600369135257124	0.0
7.59532803157957e-05	0.00014503522115987856	0.0
7.893344905542896e-05	0.0001539040207003875	0.0
8.181748331959015e-05	0.0001626914551074973	0.0
8.479765205922341e-05	0.00017139752438120792	0.0
8.758555184791259e-05	0.0001800222285215194	0.0
9.027731716112972e-05	0.00018856556752843171	0.0
9.28729479988748e-05	0.00019719027166874317	0.0
9.518017541020377e-05	0.00020597770607585296	0.0
9.729513387058866e-05	0.00021484650561636194	0.0
9.912168890455741e-05	0.00022355257489007255	0.0
0.00010065984051211007	0.00023217727903038403	0.0
0.00010200572316871863	0.00024063925290389716	0.0
0.00010315933687438312	0.00024877576624381364	0.0
0.00010412068162910352	0.0002565868190501335	0.0
0.00010488975743287985	0.00026399104618945746	0.0
0.00010556269876118413	0.00027115117792858394	0.0
0.00010613950561401636	0.00027806721426751297	0.0
0.00010662017799137657	0.000284983250606442	0.0
0.00010700471589326473	0.0002917365566785726	0.0
0.00010719698484420881	0.0002984898627507033	0.0
0.00010729311931968085	0.0003051618036894348	0.0
0.00010710085036873677	0.00031183374462816633	0.0
0.00010681244694232064	0.0003184243204334987	0.0
0.00010633177456496045	0.0003247708008386335	0.0
0.00010556269876118413	0.0003310359161103692	0.0
0.00010469748848193576	0.0003371383011153066	0.0
0.00010364000925174331	0.0003431593209868448	0.0
0.0001023902610706068	0.0003490989757249838	0.0
0.00010104437841399823	0.00035511999559652204	0.0
9.950622680644558e-05	0.0003611410154680602	0.0
9.78719407234209e-05	0.00036724340047299754	0.0
9.623765464039622e-05	0.0003733457854779349	0.0
9.441109960642745e-05	0.0003793668053494731	0.0
9.248841009698664e-05	0.00038538782522101126	0.0
9.056572058754583e-05	0.00039124611482575116	0.0
8.854689660263299e-05	0.000397104404430491	0.0
8.64319381422481e-05	0.0004029626940352309	0.0
8.422084520639117e-05	0.0004089023487733699	0.0
8.21058867460063e-05	0.0004147606383781098	0.0
7.989479381014936e-05	0.000420781658249648	0.0
7.787596982523651e-05	0.00042680267812118615	0.0
7.59532803157957e-05	0.00043282369799272437	0.0
7.40305908063549e-05	0.0004389260829976617	0.0
7.230017024785818e-05	0.0004450284680025991	0.0
7.085815311577756e-05	0.0004511308530075364	0.0
6.941613598369696e-05	0.0004571518728790746	0.0
6.816638780256043e-05	0.00046317289275061283	0.0
6.701277409689595e-05	0.00046911254748875186	0.0
6.595529486670351e-05	0.0004750522022268909	0.0
6.509008458745515e-05	0.0004806663964314333	0.0
6.412873983273474e-05	0.00048619922550257645	0.0
6.335966402895842e-05	0.0004915693243069213	0.0
6.25905882251821e-05	0.0004966953277110687	0.0
6.172537794593373e-05	0.000501739965981817	0.0
6.095630214215741e-05	0.0005068659693859643	0.0
6.009109186290905e-05	0.0005119106076567125	0.0
5.922588158366068e-05	0.0005170366110608599	0.0
5.8264536828940286e-05	0.0005220812493316082	0.0
5.7303192074219875e-05	0.0005271258876023563	0.0
5.634184731949948e-05	0.0005320077956063062	0.0
5.547663704025111e-05	0.0005366456082100586	0.0
5.4611426761002746e-05	0.0005408765951468152	0.0
5.374621648175439e-05	0.0005447007564165759	0.0
5.288100620250602e-05	0.00054819945715274	0.0
5.2111930398729695e-05	0.0005512913322219083	0.0
5.1246720119481336e-05	0.0005540577467574799	0.0
5.038150984023297e-05	0.0005566614310262532	0.0
4.951629956098461e-05	0.0005589396547614298	0.0
4.874722375720829e-05	0.0005609737830964089	0.0
4.807428242890401e-05	0.0005626824508977913	0.0
4.7497475576071765e-05	0.0005642283884323754	0.0
4.7016803198711566e-05	0.000565448865433363	0.0
4.672839977229544e-05	0.000566506612167552	0.0
4.653613082135136e-05	0.0005673202635015438	0.0
4.66322652968234e-05	0.0005680525497021362	0.0
4.672839977229544e-05	0.0005686221056359304	0.0
4.692066872323952e-05	0.0005691916615697246	0.0
4.7401341100599727e-05	0.0005697612175035187	0.0
4.778587900248788e-05	0.0005702494083039137	0.0
4.8362685855320124e-05	0.0005709816945045062	0.0
4.8939492708152374e-05	0.0005717953458384978	0.0
4.951629956098461e-05	0.0005729344577060861	0.0
5.018924088928889e-05	0.0005744803952406703	0.0
5.076604774212114e-05	0.0005761890630420528	0.0
5.143898907042542e-05	0.0005781418262436327	0.0
5.2111930398729695e-05	0.0005800945894452127	0.0
5.278487172703398e-05	0.0005820473526467926	0.0
5.3457813055338266e-05	0.0005838373855815742	0.0
5.40346199081705e-05	0.0005855460533829566	0.0
5.451529228553071e-05	0.0005873360863177383	0.0
5.489983018741887e-05	0.0005891261192525199	0.0
5.499596466289091e-05	0.000591160247587499	0.0
5.489983018741887e-05	0.0005935198364560748	0.0
5.4611426761002746e-05	0.0005961235207248481	0.0
5.4226888859114586e-05	0.0005990526655272181	0.0
5.3553947530810304e-05	0.0006023072708631846	0.0
5.278487172703398e-05	0.0006057246064659495	0.0
5.182352697231358e-05	0.0006093046723355127	0.0
5.076604774212114e-05	0.0006130474684718743	0.0
4.932403061004053e-05	0.0006167902646082359	0.0
4.768974452701585e-05	0.0006206957910113958	0.0
4.586318949304707e-05	0.0006246826825479549	0.0
4.394049998360628e-05	0.0006288323043513123	0.0
4.1921675998693424e-05	0.0006332260215548672	0.0
3.9710583062836495e-05	0.0006379451992920188	0.0
3.7403355651507526e-05	0.0006429084724293677	0.0
3.499999376470652e-05	0.0006480344758335153	0.0
3.240436292696143e-05	0.0006533232095044609	0.0
2.9712597613744304e-05	0.0006586119431754066	0.0
2.673242887411105e-05	0.000663737946579554	0.0
2.3656125659005762e-05	0.0006685384894501048	0.0
2.0291419017484348e-05	0.0006729322066536596	0.0
1.7118981326907017e-05	0.0006769190981902187	0.0
1.3850409160857647e-05	0.0006805805291931811	0.0
1.0870240421224395e-05	0.0006839164996625469	0.0
7.986206157063186e-06	0.0006870897398651144	0.0
5.294440843846058e-06	0.0006900188846674842	0.0
2.794944481573008e-06	0.000692866664336455	0.0
3.91582594772e-07	0.0006953076183384299	0.0
-2.011779292029008e-06	0.0006975858420736065	0.0
-4.511275654302057e-06	0.0006995386052751865	0.0
-7.010772016575106e-06	0.000701247273076569	0.0
-9.702537329792234e-06	0.000702711845477754	0.0
-1.2586571593953445e-05	0.0007040950527455398	0.0
-1.5566740333586695e-05	0.0007054782600133256	0.0
-1.873917802416403e-05	0.0007069428324145105	0.0
-2.191161571474136e-05	0.0007084074048156955	0.0
-2.5372456831734808e-05	0.0007101160726170779	0.0
-2.883329794872826e-05	0.0007119061055518596	0.0
-3.2582542492137835e-05	0.0007139402338868388	0.0
-3.652405598649149e-05	0.0007162184576220153	0.0
-4.0753972907261265e-05	0.0007186594116239903	0.0
-4.517615877897512e-05	0.0007215071912929611	0.0
-4.988674807710509e-05	0.0007245990663621293	0.0
-5.478960632617915e-05	0.000727935036831495	0.0
-5.978859905072525e-05	0.0007315151027010582	0.0
-6.497986072621543e-05	0.0007352578988374199	0.0
-7.055566030359376e-05	0.000739244790373979	0.0
-7.622759435644415e-05	0.0007433130470439372	0.0
-8.238020078665473e-05	0.0007475440339806937	0.0
-8.882121064328143e-05	0.0007516936557840511	0.0
-9.564675840179629e-05	0.0007557619124540094	0.0
-0.00010276070958672728	0.0007595860737237701	0.0
-0.00011006692972260234	0.0007631661395933333	0.0
-0.0001175654188094215	0.0007665021100626991	0.0
-0.0001249677734207686	0.000769431254865069	0.0
-0.00013227399355664367	0.0007720349391338424	0.0
-0.00013938794474157464	0.0007743131628690189	0.0
-0.00014659803040197766	0.000776347291203998	0.0
-0.00015351971263596455	0.0007781373241387797	0.0
-0.00016053752934542352	0.0007795205314065656	0.0
-0.00016755534605488245	0.000780741008407553	0.0
-0.0001745731627643414	0.0007814732946081455	0.0
-0.0001816871139492724	0.0007819614854085404	0.0
-0.00018870493065873136	0.0007821242156753387	0.0
-0.00019591501631913437	0.0007820428505419395	0.0
-0.00020312510197953738	0.0007817173900083429	0.0
-0.00021043132211541246	0.0007811478340745488	0.0
-0.00021764140777581547	0.0007804155478739563	0.0
-0.00022485149343621849	0.0007796018965399648	0.0
-0.0002319654446211495	0.0007786255149391747	0.0
-0.0002390793958060805	0.0007776491333383848	0.0
-0.0002460010780400674	0.0007766727517375948	0.0
-0.00025292276027405426	0.0007757777352702039	0.0
-0.0002598444425080412	0.0007750454490696114	0.0
-0.00026657385579108403	0.0007744758931358172	0.0
-0.00027311100012318275	0.0007741504326022206	0.0
-0.00027964814445528147	0.0007740690674688215	0.0
-0.00028599301983643616	0.0007740690674688215	0.0
-0.00029224176074211876	0.0007743131628690189	0.0
-0.0002982982326968573	0.0007746386234026156	0.0
-0.0003044508391270679	0.0007749640839362123	0.0
-0.0003104111766063344	0.0007752081793364098	0.0
-0.00031656378303654496	0.0007755336398700065	0.0
-0.0003227163894667556	0.0007759404655370023	0.0
-0.0003289651303724382	0.0007765913866041956	0.0
-0.0003353100057535928	0.0007774864030715864	0.0
-0.0003418471500856916	0.000778788245205973	0.0
-0.00034848042889326235	0.0007804155478739563	0.0
-0.00035530597665177723	0.0007821242156753387	0.0
-0.00036232379336123614	0.0007839142486101204	0.0
-0.0003693416100706951	0.0007856229164115028	0.0
-0.00037655169573109815	0.0007870061236792887	0.0
-0.00038395405034244526	0.000788145235546877	0.0
-0.0003913564049537924	0.0007888775217474695	0.0
-0.0003988548940406115	0.0007894470776812635	0.0
-0.00040664178655384675	0.0007898539033482595	0.0
-0.00041462094801802615	0.0007902607290152553	0.0
-0.0004227923784331495	0.0007905048244154528	0.0
-0.0004311560777992171	0.0007907489198156503	0.0
-0.00044000044954264477	0.0007909116500824486	0.0
-0.00044903709023701654	0.0007909930152158477	0.0
-0.0004583621343578045	0.0007909930152158477	0.0
-0.0004678794474295365	0.0007909116500824486	0.0
-0.00047758902945221253	0.0007906675546822511	0.0
-0.00048739474595036066	0.0007900979987484569	0.0
-0.0004972004624485088	0.0007892029822810661	0.0
-0.0005069100444711848	0.0007879011401466794	0.0
-0.0005164273575429168	0.000786192472345297	0.0
-0.0005258485361391769	0.0007843210742771162	0.0
-0.0005350774457844927	0.0007821242156753387	0.0
-0.0005440179520033924	0.0007799273570735613	0.0
-0.0005526700547958761	0.000777730498471784	0.0
-0.0005612260231128876	0.0007753709096032081	0.0
-0.0005695897224789551	0.0007731740510014307	0.0
-0.0005777611528940786	0.0007709771923996532	0.0
-0.00058583644883373	0.0007690244291980732	0.0
-0.0005940078792488533	0.0007675598567968882	0.0
-0.0006021793096639769	0.000766908935729695	0.0
-0.0006103507400791003	0.000766990300863094	0.0
-0.0006184260360187516	0.0007675598567968882	0.0
-0.0006265013319584029	0.000768454873264279	0.0
-0.0006341920899961663	0.0007692685245982708	0.0
-0.0006416905790829854	0.0007695126199984682	0.0
-0.0006489006647433884	0.0007690244291980732	0.0
-0.0006560146159283194	0.0007678039521970858	0.0
-0.0006630324326377784	0.0007660952843957033	0.0
-0.0006701463838227093	0.0007640611560607243	0.0
-0.0006774526039585845	0.0007621083928591443	0.0
-0.0006849510930454036	0.0007603183599243626	0.0
-0.0006927379855586387	0.0007587724223897785	0.0
-0.000700524878071874	0.0007573892151219926	0.0
-0.0007086001740115254	0.000756087372987606	0.0
-0.0007166754699511768	0.0007547041657198203	0.0
-0.0007249430348417724	0.0007531582281852362	0.0
-0.0007334028686833119	0.0007515309255172528	0.0
-0.0007421511059512675	0.0007498222577158703	0.0
-0.0007511877466456394	0.0007482763201812862	0.0
-0.0007605127907664272	0.0007468931129135004	0.0
-0.0007701262383136313	0.0007459167313127105	0.0
-0.0007800280892872514	0.0007451844451121179	0.0
-0.0007902183436872877	0.0007446962543117229	0.0
-0.0008006008670382681	0.0007445335240449247	0.0
-0.0008113679282911366	0.0007446148891783237	0.0
-0.0008223272584949492	0.0007447776194451221	0.0
-0.0008338633955515941	0.0007451030799787188	0.0
-0.0008455918015591829	0.0007453471753789163	0.0
-0.00085770474546866	0.000745672635912513	0.0
-0.0008701060928045533	0.0007457540010459121	0.0
-0.0008827958435668627	0.0007458353661793113	0.0
-0.000895773997755588	0.0007455912707791139	0.0
-0.0009090405553707296	0.0007450217148453197	0.0
-0.0009224032474613432	0.0007442080635113279	0.0
-0.0009359582085029008	0.0007430689516437397	0.0
-0.0009495131695444586	0.0007414416489757564	0.0
-0.0009632603995369603	0.0007394075206407772	0.0
-0.000976815360578518	0.0007369665666388023	0.0
-0.0009903703216200756	0.0007339560567030332	0.0
-0.0010036368792352172	0.0007305387211002683	0.0
-0.0010168073023748866	0.0007265518295637093	0.0
-0.0010298815910390843	0.000721995382093356	0.0
-0.0010428597452278097	0.0007168693786892087	0.0
-0.0010557417649410632	0.0007112551844846662	0.0
-0.0010686237846543164	0.0007049900692129305	0.0
-0.001081409669892098	0.0006984808585409974	0.0
-0.0010943878240808234	0.0006916461873354675	0.0
-0.0011073659782695488	0.0006846487858631394	0.0
-0.0011204402669337463	0.0006776513843908112	0.0
-0.0011338029590243599	0.0006707353480518822	0.0
-0.0011472617855904455	0.0006638193117129531	0.0
-0.0011608167466320032	0.0006569846405074234	0.0
-0.0011744678421490328	0.0006501499693018936	0.0
-0.0011884073410924787	0.0006432339329629645	0.0
-0.0012024429745113967	0.0006362365314906363	0.0
-0.0012166708768812586	0.0006289950346181107	0.0
-0.0012309949137265927	0.000621753537745585	0.0
-0.0012455112195228707	0.000614349310606261	0.0
-0.0012602197942700928	0.0006071078137337354	0.0
-0.0012752167724437312	0.0005999476819946088	0.0
-0.0012902137506173694	0.0005929502805222806	0.0
-0.0013054991322174238	0.00058619697445015	0.0
-0.0013206883793420061	0.0005797691289116159	0.0
-0.0013359737609420605	0.0005735853787732794	0.0
-0.001351066873591171	0.000567401628634943	0.0
-0.0013660638517648091	0.0005614619738968039	0.0
-0.0013808685609875034	0.0005555223191586649	0.0
-0.0013953848667837814	0.000549664029553925	0.0
-0.0014096127691536433	0.0005438871050825843	0.0
-0.0014235522680970895	0.0005381915457446428	0.0
-0.001437203363614119	0.0005326587166734995	0.0
-0.0014505660557047326	0.0005272886178691547	0.0
-0.00146364034436893	0.000521999884198209	0.0
-0.0014765223640821835	0.0005168738807940617	0.0
-0.0014890198458935486	0.0005117478773899142	0.0
-0.0015012289242784978	0.0005065405088523677	0.0
-0.001513245733712503	0.000501251775181422	0.0
-0.0015249741397200917	0.0004958003112436779	0.0
-0.0015365102767767368	0.0004901861170391355	0.0
-0.0015478541448824374	0.0004843278274343957	0.0
-0.001559005744037194	0.00047838817269625666	0.0
-0.0015700612087164788	0.0004722044225579201	0.0
-0.0015811166733957634	0.00046593930728618447	0.0
-0.001591979869124104	0.00045959282688104957	0.0
-0.0016026507959015005	0.0004530836162091164	0.0
-0.0016132255882034248	0.0004464116752703849	0.0
-0.0016236081115544052	0.0004394142737980567	0.0
-0.0016336060970034974	0.0004320914117921319	0.0
-0.0016435079479771176	0.00042436172411921126	0.0
-0.0016531213955243216	0.0004162252107792948	0.0
-0.0016626387085960537	0.0004078446020391808	0.0
-0.0016719637527168414	0.00039913853276547014	0.0
-0.0016813849313131015	0.00039026973322496116	0.0
-0.0016909022443848333	0.00038131956855105305	0.0
-0.0017004195574565656	0.0003722066736103466	0.0
-0.0017100330050037697	0.00036301241353624096	0.0
-0.0017197425870264457	0.00035389951859553454	0.0
-0.0017294521690491215	0.00034462389338802974	0.0
-0.0017392578855472698	0.00033542963331392413	0.0
-0.0017489674675699458	0.0003262353732398185	0.0
-0.001758869318543566	0.00031720384343251123	0.0
-0.0017687711695171862	0.0003082536787586031	0.0
-0.0017788652894417502	0.00029938487921809414	0.0
-0.0017890555438417866	0.00029076017507778266	0.0
-0.001799438067192767	0.0002823795663376687	0.0
-0.0018101089939701633	0.000274161687864353	0.0
-0.001821068324173976	0.0002661879047912349	0.0
-0.0018323160578042048	0.00025837685198491507	0.0
-0.0018438521948608495	0.0002506471643119944	0.0
-0.0018555806008684387	0.0002428361115056746	0.0
-0.0018674051413514994	0.0002350250586993548	0.0
-0.0018795180852609766	0.00022688854535943831	0.0
-0.0018916310291704538	0.00021858930175272352	0.0
-0.001903743973079931	0.00020988323247901286	0.0
-0.0019160491859403518	0.00020093306780510472	0.0
-0.001928258264325301	0.0001914947123308016	0.0
-0.0019404673427102501	0.00018197499172309934	0.0
-0.0019526764210951993	0.00017212981058180042	0.0
-0.0019649816339556204	0.00016228462944050146	0.0
-0.0019770945778650973	0.00015243944829920254	0.0
-0.0019891113872991025	0.0001425942671579036	0.0
-0.0020008397933066915	0.00013299318141680213	0.0
-0.0020124720648388083	0.00012347346080909986	0.0
-0.002023815932944509	0.00011427920073499424	0.0
-0.002034967532099266	0.00010524767092768696	0.0
-0.002045830727827606	9.670433192077465e-05	0.0
-0.002056501654605003	8.832372318066069e-05	0.0
-0.0020669803124314557	8.018720984074421e-05	0.0
-0.0020772667013069634	7.245752216782356e-05	0.0
-0.0020873608212315276	6.513466016189873e-05	0.0
-0.002097262672205148	5.821862382296972e-05	0.0
-0.0021070683887032962	5.15466828842382e-05	0.0
-0.0021166818362505003	4.520020247910335e-05	0.0
-0.00212610301484676	3.9179182607565156e-05	0.0
-0.002135331924492076	3.3239527869426126e-05	0.0
-0.0021443685651864474	2.72998731312871e-05	0.0
-0.0021531168024544033	2.1441583526547235e-05	0.0
-0.0021615766362959427	1.542056365500904e-05	0.0
-0.0021697480667110663	9.07408324987419e-06	0.0
-0.0021778233626507174	2.646237711340171e-06	0.0
-0.002185514120688481	-4.107068360790507e-06	0.0
-0.002193108744250772	-1.1023104699719512e-05	0.0
-0.002200511098862119	-1.8101871305446848e-05	0.0
-0.002207817318997994	-2.526200304457335e-05	0.0
-0.0022149312701829254	-3.250349991709901e-05	0.0
-0.002221852952416912	-3.958226652282635e-05	0.0
-0.002228582365699955	-4.6498302861755356e-05	0.0
-0.002235023375556582	-5.30888786670877e-05	0.0
-0.0022411759819867924	-5.9516724205621725e-05	0.0
-0.0022470401849905867	-6.570047434395825e-05	0.0
-0.002252712119043437	-7.172149421549644e-05	0.0
-0.0022581917841453434	-7.757978382023629e-05	0.0
-0.002263286911345362	-8.343807342497616e-05	0.0
-0.002268189769594436	-8.921499789631687e-05	0.0
-0.0022728042244170936	-9.499192236765757e-05	0.0
-0.0022771302758133353	-0.00010052475143880077	0.0
-0.0022812640582586335	-0.00010605758050994398	0.0
-0.002285013302802043	-0.00011126494904749054	0.0
-0.002288378009443564	-0.00011622822218483956	0.0
-0.0022914543126586694	-0.00012086603478859197	0.0
-0.0022940499434964145	-0.00012501565659194937	0.0
-0.0022962610364322712	-0.00012875845272831092	0.0
-0.0022981837259417126	-0.00013193169293087837	0.0
-0.002299625743073793	-0.0001343726469328533	0.0
-0.0023004909533530416	-0.00013616267986763496	0.0
-0.0023009716257304013	-0.0001372204266018241	0.0
-0.0023009716257304013	-0.00013754588713542075	0.0
-0.002300298684402097	-0.00013713906146842493	0.0
-0.0022991450706964325	-0.00013591858446743746	0.0
-0.002297318515662464	-0.00013404718639925667	0.0
-0.002294819019300191	-0.0001314435021304834	0.0
-0.0022918388505605574	-0.0001281888967945168	0.0
-0.0022881857404926202	-0.0001242833703913569	0.0
-0.0022839558235718503	-0.00011980828805440283	0.0
-0.002279052965322776	-0.00011476364978365462	0.0
-0.002273477165745398	-0.00010939355097930974	0.0
-0.002267228424839715	-0.00010353526137456987	0.0
-0.0022603067426057283	-9.759560663643084e-05	0.0
-0.002252615984567965	-9.141185649809431e-05	0.0
-0.0022441561507264255	-8.539083662655613e-05	0.0
-0.0022349272410811098	-7.961391215521543e-05	0.0
-0.0022249292556320173	-7.399971795067305e-05	0.0
-0.002214258328854621	-6.887371454652567e-05	0.0
-0.002202818326273448	-6.423590194277327e-05	0.0
-0.002190705382363971	-6.0004915006016705e-05	0.0
-0.0021778233626507174	-5.6180753736255967e-05	0.0
-0.00216426840160916	-5.2763418133491044e-05	0.0
-0.002149848230288354	-4.975290819772195e-05	0.0
-0.0021347551176392437	-4.714922392894867e-05	0.0
-0.002118796794710885	-4.5196460727368724e-05	0.0
-0.0021021655304542222	-4.373188832618375e-05	0.0
-0.0020847651903937825	-4.2918236992192104e-05	0.0
-0.0020667880434805113	-4.2999602125591275e-05	0.0
-0.0020480418207634633	-4.3894618592982085e-05	0.0
-0.002028718791193583	-4.568465152776371e-05	0.0
-0.002008626685819927	-4.845106606333531e-05	0.0
-0.001987861639117966	-5.211249706629773e-05	0.0
-0.001966231382136757	-5.683167480344929e-05	0.0
-0.0019437359148762995	-6.260859927478998e-05	0.0
-0.0019203752373365937	-6.936190534692066e-05	0.0
-0.0018960532150421674	-7.725432328663965e-05	0.0
-0.0018707698479930208	-8.604175769374944e-05	0.0
-0.001844525136189154	-9.596830396844754e-05	0.0
-0.0018172229451550947	-0.0001067085015771373	0.0
-0.0017888632748908426	-0.0001185064459200162	0.0
-0.0017594461253963984	-0.00013119940673028587	0.0
-0.0017287792277208174	-0.00014495011427474475	0.0
-0.001697150985290516	-0.00015959583828659442	0.0
-0.0016641768602036063	-0.00017521794389923403	0.0
-0.001630145255886504	-0.00019197916137946199	0.0
-0.0015948639033882652	-0.00020979812559387907	0.0
-0.00155833280270889	-0.00022851210627568698	0.0
-0.001520551953848378	-0.0002481211034248857	0.0
-0.0014815213568067295	-0.00026870648217487437	0.0
-0.0014412410115839447	-0.00029018687739225385	0.0
-0.0013995186492290793	-0.00031256228907702415	0.0
-0.001356450404217605	-0.00033583271722918527	0.0
-0.0013119401420740504	-0.0003599167967153381	0.0
-0.001265987862798415	-0.0003847331624020833	0.0
-0.0012186897008661715	-0.00041044454455621944	0.0
-0.001169853387326375	-0.0004368068477775488	0.0
-0.0011194789221790258	-0.0004639014371994707	0.0
-0.001067566305424124	-0.0004918096779553843	0.0
-0.0010142116715371418	-0.0005204502049118902	0.0
-0.0009593188860426066	-0.0005498230180689888	0.0
-0.000902984083415991	-0.0005800908476934779	0.0
-0.0008451111291818227	-0.0006110909635185598	0.0
-0.0007857000233401018	-0.000642823365544234	0.0
-0.0007247507658908282	-0.0006753694189039	0.0
-0.00066216722235853	-0.0007086477584641583	0.0
-0.0005979493927432071	-0.0007426583842250092	0.0
-0.0005321934115203314	-0.0007774826613198518	0.0
-0.00046480314421443116	-0.0008130392246152868	0.0
-0.0003957785908255062	-0.0008491653438445159	0.0
-0.0003249274824026125	-0.0008859423841409384	0.0
-0.0002524420878966941	-0.000923288980371155	0.0
-0.00017813013835680692	-0.0009610424022683674	0.0
-0.00010218390273389504	-0.0009992840149659749	0.0
-2.4507246552486446e-05	-0.001037851088197179	0.0
5.480369571194683e-05	-0.0010767436219619798	0.0
0.00013574892405940477	-0.0011157175208601797	0.0
0.0002182323040144154	-0.0011549355151585772	0.0
0.00030225383557697864	-0.0011940721443235755	0.0
0.0003876212497961505	-0.0012331274083551744	0.0
0.0004742384121964588	-0.0012720199421199752	0.0
0.0005620091883024316	-0.0013106683804845784	0.0
0.0006508374436385969	-0.001348909993182186	0.0
0.0007406270437294825	-0.001386907510479596	0.0
0.0008311857196241446	-0.0014243354718432117	0.0
0.0009223212023716389	-0.0014611938772730333	0.0
0.0010140334919719655	-0.0014973199965022626	0.0
0.0011059380505232359	-0.0015327138295308993	0.0
0.0011979387435499785	-0.0015672126460921452	0.0
0.0012897471676257771	-0.0016006537159192018	0.0
0.0013812671882751596	-0.0016331997692788677	0.0
0.0014724026710226537	-0.001664850806171143	0.0
0.001562961346917316	-0.001695525461462628	0.0
0.0016527509470082014	-0.001725223735153323	0.0
0.0017415792023443666	-0.0017540269923766274	0.0
0.0018295422474012835	-0.0017818538679991419	0.0
0.001916255544277064	-0.0018088670922876645	0.0
0.002001719092971708	-0.001834822569841998	0.0
0.0020858367590097433	-0.0018598830309289407	0.0
0.002168512407915698	-0.0018840484755484929	0.0
0.002249553770738628	-0.0019072375385672546	0.0
0.0023290569819540054	-0.0019295315851186258	0.0
0.0024067336381354137	-0.001950849250069207	0.0
0.0024825837392828537	-0.0019713532636857966	0.0
0.0025564150164453805	-0.0019909622608349953	0.0
0.0026285158730494106	-0.0020098389717836014	0.0
0.002698405636717584	-0.0020279833965316154	0.0
0.0027663727108763166	-0.0020454769002124355	0.0
0.0028321286920991924	-0.002062400847959462	0.0
0.002895961983812627	-0.0020788366049060932	0.0
0.002957584182590205	-0.0020948655361857286	0.0
0.003017283691858342	-0.002110650372065167	0.0
0.003074964377141566	-0.002126109747411008	0.0
0.0031305301039644055	-0.002141325027356651	0.0
0.003184173141277804	-0.002156458942168896	0.0
0.0032358934890817617	-0.0021713487615809433	0.0
0.003285498878425334	-0.0021862385809929908	0.0
0.0033330854437839947	-0.0022010470352716387	0.0
0.0033785570506822695	-0.0022158554895502867	0.0
0.003422202102546576	-0.0022305012135621365	0.0
0.003463636061475025	-0.002245146937573986	0.0
0.003503147330894034	-0.0022596299313190375	0.0
0.003540543641852657	-0.00227395019479729	0.0
0.0035759211288263685	-0.0022880263628753455	0.0
0.0036093759262906385	-0.0023018584355532037	0.0
0.003640811899769996	-0.002315202317430667	0.0
0.003670325183739912	-0.002328220738774533	0.0
0.0036980119126758595	-0.002340588239051206	0.0
0.0037236798176268943	-0.002352386183394085	0.0
0.003747617302019432	-0.0023634518415363713	0.0
0.0037696320969025296	-0.002373866578611465	0.0
0.003789820336751658	-0.0023833049340857677	0.0
0.0038081820215668176	-0.0023916855428258816	0.0
0.0038246210168725366	-0.002399252500232004	0.0
0.0038391373226688147	-0.002405761710903937	0.0
0.003851538670004708	-0.0024112131748416812	0.0
0.0038620173278311604	-0.0024156068920452357	0.0
0.003870284892721756	-0.002419024227648001	0.0
0.0038765336336274384	-0.0024213838165165766	0.0
0.003880475147121792	-0.0024226856586509636	0.0
0.003882109433204817	-0.00242301111918456	0.0
0.003881821029778401	-0.0024222788329839678	0.0
0.0038791292644651835	-0.002420488800049186	0.0
0.0038743225406915817	-0.0024178851157804124	0.0
0.0038674008584575945	-0.0024141423196440514	0.0
0.003858171948812279	-0.002409504507040299	0.0
0.003847116484132994	-0.0024040530431025547	0.0
0.0038338499265178527	-0.002397787927830819	0.0
0.003818564544917798	-0.0023906277960916923	0.0
0.003801260339332831	-0.0023827353781519737	0.0
0.0037820334442384227	-0.002374110674011662	0.0
0.003760883859634574	-0.0023644282231371615	0.0
0.003738003854472228	-0.00235385075579527	0.0
0.003713393428751386	-0.0023422155417191894	0.0
0.0036870525824720473	-0.0023293598506421214	0.0
0.003659173584585155	-0.002315365047697465	0.0
0.0036298525695661827	-0.0023000684026184223	0.0
0.003599185671890602	-0.0022833885502715934	0.0
0.0035673651605093565	-0.0022654068557903776	0.0
0.003534583304373391	-0.0022460419540413766	0.0
0.003500840103482705	-0.0022252938450245895	0.0
0.0034662316923127702	-0.002203243893873416	0.0
0.0034309503398145314	-0.0021798921005878554	0.0
0.0033949960459879885	-0.0021554825605681065	0.0
0.003358561079784085	-0.0021299339086807687	0.0
0.0033216454412028215	-0.0021033275100592417	0.0
0.00328434526471967	-0.002075907460103723	0.0
0.003246756684810102	-0.0020477551239476122	0.0
0.003208783566998646	-0.00201878913645751	0.0
0.0031707143147117183	-0.001989334958167012	0.0
0.003132260524522902	-0.0019591484936759217	0.0
0.0030935183309076697	-0.001928555203517836	0.0
0.0030546800028169656	-0.001897555087692754	0.0
0.003015553271299845	-0.0018661481462006765	0.0
0.0029761381363563088	-0.0018345784744418006	0.0
0.0029364345979863557	-0.0018030901678163238	0.0
0.002896346521714515	-0.0017716018611908472	0.0
0.002855873907540786	-0.0017405203802323662	0.0
0.002815209024416113	-0.0017096829946740826	0.0
0.002774159603389552	-0.0016794965301829925	0.0
0.0027328217789365744	-0.0016498796216256966	0.0
0.0026914839544835974	-0.001620994999268993	0.0
0.0026499538610796755	-0.001592924028246281	0.0
0.0026085199021512267	-0.0015655039782907628	0.0
0.002567182077698249	-0.0015388162145358367	0.0
0.0025260365221962157	-0.0015126980067147048	0.0
0.002485275504596071	-0.0014870679896939677	0.0
0.002444802890422342	-0.0014618447983402267	0.0
0.002404907083101445	-0.0014371097977868806	0.0
0.002365491948157908	-0.0014127002577671312	0.0
0.0023267497545426765	-0.0013889416388145751	0.0
0.002288488233304804	-0.0013658339409292123	0.0
0.0022508035189197644	-0.001343458529244442	0.0
0.002213695611387557	-0.001321815403760264	0.0
0.0021772606451836538	-0.0013009859296100779	0.0
0.002141498620308055	-0.0012807260113936857	0.0
0.002106794074662648	-0.0012607915537108905	0.0
0.002073147008247434	-0.0012410198262948935	0.0
0.002040653555537884	-0.0012210040034786988	0.0
0.002009313716533999	-0.001200744085262307	0.0
0.00197922362571125	-0.0011798332459787215	0.0
0.001949902610692278	-0.0011582714856279428	0.0
0.001921446805952554	-0.0011359774390765718	0.0
0.0018937600770166066	-0.001112869741191209	0.0
0.0018668424238844352	-0.001089111122238653	0.0
0.0018405977120805681	-0.0010647015822189034	0.0
0.0018151220760804776	-0.0010395597559985615	0.0
0.0017904155158841631	-0.0010138483738444256	0.0
0.0017666703004425692	-0.0009873233403562976	0.0
0.0017437902952802235	-0.0009601473858009767	0.0
0.0017217755003971263	-0.000932157779911664	0.0
0.0017006259157932775	-0.000903517252955158	0.0
0.001680245406993205	-0.0008739817095312612	0.0
0.0016607301084723806	-0.0008435511496399736	0.0
0.0016420800202308049	-0.0008123883035480935	0.0
0.0016241990077930054	-0.00078057453638902	0.0
0.0016069909366835103	-0.0007480284830293541	0.0
0.0015905519413777914	-0.0007148315086024949	0.0
0.0015746897529249047	-0.0006812277085086398	0.0
0.0015594043713248503	-0.0006468916222141923	0.0
0.001544599662102156	-0.000612230075386148	0.0
0.001530275625256822	-0.0005770803377577088	0.0
0.0015165283952643202	-0.0005417678698624714	0.0
0.0015032618376491786	-0.0005064554019672339	0.0
0.0014906682213623415	-0.0004713056643387947	0.0
0.0014785552774528644	-0.0004363186569771538	0.0
0.0014672114093471635	-0.00040181984041590796	0.0
0.001456444348094295	-0.00036789057978845623	0.0
0.0014463502281697306	-0.0003347749704949962	0.0
0.0014368329150979988	-0.0003021475520019311	0.0
0.001427892408879099	-0.00027033378484285763	0.0
0.0014195287095130316	-0.00023917093875097756	0.0
0.0014117418169997962	-0.00020865901372629076	0.0
0.001404339462388449	-0.0001785539143685998	0.0
0.0013974177801544623	-0.00014901837094470296	0.0
0.0013907845013468915	-0.00011980828805440283	0.0
0.0013845357604412088	-9.10050308310985e-05	0.0
0.0013784792884864703	-6.23645038745925e-05	0.0
0.00137280735443362	-3.413080258508231e-05	0.0
0.0013673276893317137	-6.141196695769626e-06	0.0
0.0013622325621316955	2.15229486599464e-05	0.0
0.0013572335694071495	4.878026834866661e-05	0.0
0.0013526191145844914	7.546803210359266e-05	0.0
0.0013481969287127775	0.00010174897019152288	0.0
0.0013441592807429518	0.00012737898721225976	0.0
0.0013405061706750143	0.00015235808316580338	0.0
0.0013371414640334929	0.00017652352778535529	0.0
0.0013341612952938598	0.00019971259080411727	0.0
0.0013315656644561147	0.00022200663735548842	0.0
0.0013293545715202578	0.00024332430230606958	0.0
0.001327624150961761	0.0002636655856558608	0.0
0.0013262782683051524	0.00028294912227146287	0.0
0.001325413058025904	0.0003012562772862749	0.0
0.0013252207890749599	0.00031850568556689786	0.0
0.001325509192501376	0.0003350228076469283	0.0
0.0013265666717315685	0.0003505635481261688	0.0
0.0013284893612410093	0.0003653720024048168	0.0
0.0013310849920787544	0.0003793668053494731	0.0
0.00133464196767122	0.0003925479569601378	0.0
0.0013390641535429338	0.00040507818750360917	0.0
0.001344351549693896	0.0004167947667130889	0.0
0.0013506002905995787	0.0004278604248553753	0.0
0.0013577142417845096	0.00043843789219726677	0.0
0.0013657895377241608	0.00044852716873876314	0.0
0.0013748261784185328	0.0004581282544798646	0.0
0.0013849202983430972	0.00046732251455397023	0.0
0.0013958796285469094	0.00047610994896108	0.0
0.0014078964379809146	0.0004845719228345932	0.0
0.001420778457694168	0.0004925457059077113	0.0
0.0014345256876866698	0.0005001940284472329	0.0
0.0014491381279584199	0.0005073541601863593	0.0
0.0014646157785094184	0.0005143515616586875	0.0
0.0014806702359132491	0.0005211048677308181	0.0
0.0014974937691208563	0.0005279395389363481	0.0
0.0015147979747058237	0.0005346114798750795	0.0
0.001532582852668151	0.0005413647859472102	0.0
0.0015508484030078388	0.0005482808222861392	0.0
0.0015694984912494145	0.0005554409540252657	0.0
0.0015885331173928784	0.0005626824508977913	0.0
0.0016077600124872863	0.0005700866780371153	0.0
0.0016273714454835828	0.0005777350005766368	0.0
0.001647175147430823	0.0005856274185163558	0.0
0.0016669788493780633	0.0005937639318562723	0.0
0.0016868786858007757	0.0006021445405963862	0.0
0.001706682387748016	0.0006108506098700969	0.0
0.0017263899552197844	0.0006195566791438075	0.0
0.0017458091192651365	0.0006282627484175182	0.0
0.0017648437454086004	0.0006368874525578297	0.0
0.0017835899681256481	0.0006451053310311453	0.0
0.001801951652940808	0.0006529977489708643	0.0
0.0018198326653786074	0.0006604019761101883	0.0
0.0018372330054390467	0.000667236647315718	0.0
0.001854152673122126	0.0006738272231210505	0.0
0.0018704955339523728	0.000680010973259387	0.0
0.0018862615879297873	0.0006858692628641269	0.0
0.001901354700578898	0.0006915648222020685	0.0
0.0019157748718997038	0.0006971790164066108	0.0
0.0019294259674167335	0.0007024677500775565	0.0
0.0019424041216054588	0.0007075123883483047	0.0
0.001954517065514936	0.0007123942963522546	0.0
0.001965860933620637	0.0007170321089560069	0.0
0.001976435725922561	0.0007215885564263602	0.0
0.0019861453079452374	0.0007260636387633143	0.0
0.001995085814164137	0.0007305387211002683	0.0
0.0020031611101037883	0.0007350138034372223	0.0
0.0020104673302396635	0.0007398143463077731	0.0
0.0020170044745717623	0.0007446962543117229	0.0
0.0020228686775755566	0.0007499849879826686	0.0
0.002028059939251047	0.0007553550867870135	0.0
0.0020324821251227606	0.0007610506461249551	0.0
0.002036327504141642	0.0007668275705962958	0.0
0.002039596076307692	0.0007727672253344348	0.0
0.002042191707145437	0.0007785441498057755	0.0
0.0020442105311303496	0.0007843210742771162	0.0
0.00204565254826243	0.0007899352684816586	0.0
0.0020463254895907346	0.0007952240021526042	0.0
0.0020464216240662064	0.00080051273582355	0.0
0.002045844817213374	0.0008054760089608991	0.0
0.002044498934556766	0.0008105206472316473	0.0
0.002042480110571853	0.0008154025552355971	0.0
0.0020397883452586358	0.0008202844632395471	0.0
0.0020364236386171144	0.0008249222758432994	0.0
0.002032578259598233	0.0008295600884470519	0.0
0.002028059939251047	0.000834116535917405	0.0
0.0020228686775755566	0.00083851025312096	0.0
0.0020171967435227063	0.0008427412400577166	0.0
0.002011044137092496	0.0008469722269944731	0.0
0.0020044108582849248	0.0008510404836644313	0.0
0.001997296907099994	0.0008550273752009904	0.0
0.001989606149062231	0.0008586888062039528	0.0
0.001981530853122579	0.0008621061418067178	0.0
0.001972974884805568	0.0008650352866090877	0.0
0.001964226647537612	0.0008675576057444618	0.0
0.0019552861413187125	0.0008693476386792434	0.0
0.0019461533661488683	0.0008708122110804284	0.0
0.0019372128599299688	0.0008717072275478191	0.0
0.0019282723537110689	0.0008720326880814159	0.0
0.0019195241164431133	0.0008718699578146175	0.0
0.0019109681481261017	0.000871137671614025	0.0
0.0019026044487600341	0.0008699171946130375	0.0
0.0018945291528203827	0.0008679644314114576	0.0
0.0018865499913562035	0.0008654421122760835	0.0
0.0018788592333184402	0.0008621061418067178	0.0
0.001871168475280677	0.0008582006154035579	0.0
0.00186376612066933	0.0008534814376664063	0.0
0.0018563637660579829	0.0008481927039954606	0.0
0.001849249814873052	0.0008421716841239224	0.0
0.001842231998163593	0.0008354997431851909	0.0
0.001835310315929606	0.0008279327857790685	0.0
0.0018285809026465632	0.0008197149073057529	0.0
0.0018220437583144644	0.0008106020123650465	0.0
0.001815795017408782	0.0008006754660903483	0.0
0.0018096424109785712	0.0007896911730814611	0.0
0.001803778207974777	0.0007778118636051831	0.0
0.0017981062739219264	0.0007648748073947158	0.0
0.0017927227432954923	0.0007508800044500596	0.0
0.001787627616095474	0.0007357460896378149	0.0
0.0017827247578463999	0.0007195544280913811	0.0
0.001778206437499214	0.0007023050198107581	0.0
0.001773880386102972	0.0006839164996625469	0.0
0.0017699388726086186	0.0006643075025133481	0.0
0.001766285762540681	0.0006437221237633595	0.0
0.0017629210558991596	0.0006220789982791817	0.0
0.0017599408871595264	0.0005995408563276131	0.0
0.001757249121846309	0.0005762704281754518	0.0
0.0017550380289104524	0.0005521049835558999	0.0
0.0017533076083519558	0.0005273699830025539	0.0
0.0017518655912198752	0.0005020654265154137	0.0
0.0017509042464651547	0.0004763540443612775	0.0
0.0017503274396123223	0.0004502358365401456	0.0
0.0017500390361859062	0.0004239548984522154	0.0
0.0017500390361859062	0.000397592595230886	0.0
0.0017502313051368503	0.0003712302920095566	0.0
0.0017505197085632665	0.00034535617958862224	0.0
0.0017507119775142105	0.0003198888928346836	0.0
0.0017509042464651547	0.00029523525741473674	0.0
0.0017510003809406264	0.0002712325430619831	0.0
0.0017506158430387385	0.0002481248451766203	0.0
0.0017499429017104342	0.0002255053380916525	0.0
0.0017488854224802417	0.000203536752073878	0.0
0.0017471550019217451	0.00018205635685649853	0.0
0.00174504004346136	0.00016098278730611486	0.0
0.001742252143672671	0.00014023467828932782	0.0
0.0017388874370311495	0.00011964929953933913	0.0
0.001734945923536796	9.947074645634627e-05	0.0
0.0017304276031896101	7.945492364015172e-05	0.0
0.001725332475989592	6.0008656757751344e-05	0.0
0.0017195644074612696	4.080648527554846e-05	0.0
0.0017132195320801148	2.217386972713972e-05	0.0
0.001706201715370656	4.1108101125251375e-06	0.0
0.0016984148228574205	-1.3464058701694456e-05	0.0
0.001689858854540409	-3.0469371582119897e-05	0.0
0.001680533810419621	-4.714922392894867e-05	0.0
0.0016704396904950567	-6.334088547538247e-05	0.0
0.0016593842258157722	-7.928845162161877e-05	0.0
0.0016475596853327112	-9.499192236765757e-05	0.0
0.00163477380009493	-0.0001103699325800997	0.0
0.0016211227045779002	-0.0001256665776591427	0.0
0.001606702533257094	-0.00014080049247138735	0.0
0.001591609420607984	-0.00015601577241703115	0.0
0.0015757472321550972	-0.0001711496872292758	0.0
0.001559500505800322	-0.00018644633230831877	0.0
0.001542773107068187	-0.00020198707278755925	0.0
0.0015257573049096361	-0.00021752781326679974	0.0
0.001508549233800141	-0.0002333126491462377	0.0
0.0014911488937397015	-0.00024934158042587315	0.0
0.0014739408226302065	-0.0002657773373725044	0.0
0.0014567327515207112	-0.00028261991998613156	0.0
0.0014399092183131042	-0.00030019478880035115	0.0
0.0014236624919583291	-0.00031850194381516324	0.0
0.0014079925724563866	-0.0003377041152973661	0.0
0.0013930917287582206	-0.000357882668380359	0.0
0.0013790560953393025	-0.00037887487279734353	0.0
0.001365885672199633	-0.00040092482394851715	0.0
0.001353676593814684	-0.00042395115670048076	0.0
0.0013424288601844552	-0.0004479538710532344	0.0
0.0013322386057844189	-0.00047293296700677795	0.0
0.0013231058306145752	-0.0004991325399613091	0.0
0.0013150305346749237	-0.0005263084945166301	0.0
0.0013082049869164087	-0.0005545421958061403	0.0
0.0013022446494371422	-0.0005837522786964405	0.0
0.0012974379256635402	-0.0006135319175205348	0.0
0.0012935925466446587	-0.0006437997471450239	0.0
0.0012907085123804976	-0.00067439303730311	0.0
0.0012884974194446407	-0.0007051490577279943	0.0
0.00128705540231256	-0.0007359864432862777	0.0
0.0012862863265087835	-0.0007665797334443637	0.0
0.0012858056541314234	-0.000796847563068853	0.0
0.0012856133851804794	-0.0008267085670263464	0.0
0.0012855172507050072	-0.0008557559196498482	0.0
0.0012853249817540633	-0.0008838268906725602	0.0
0.001285036578327647	-0.0009108401149610829	0.0
0.001284652040425759	-0.0009367955925154163	0.0
0.0012838829646219826	-0.0009616933233355608	0.0
0.0012828254853917902	-0.0009855333074215162	0.0
0.0012814796027351815	-0.0010083969099066814	0.0
0.001279845316652157	-0.001030365495924456	0.0
0.001277826492667244	-0.0010515204306082388	0.0
0.001275230861829499	-0.0010717803488246307	0.0
0.0012721545586143936	-0.0010912266157070312	0.0
0.001268309179595512	-0.0011096965009886415	0.0
0.001263598590297382	-0.001127271369802861	0.0
0.0012581189251954757	-0.00114395122214969	0.0
0.0012516779153388489	-0.001159736058029128	0.0
0.0012442755607275017	-0.0011745445123077759	0.0
0.0012358157268859624	-0.0011884579501190331	0.0
0.0012263945482897023	-0.0012014763714628994	0.0
0.00121591589046325	-0.0012135184112059758	0.0
0.0012042836189311331	-0.0012247467996150604	0.0
0.0011914977336933516	-0.0012350801715567546	0.0
0.001177654369225378	-0.0012446812572978559	0.0
0.0011625612565762675	-0.0012533873265715666	0.0
0.0011464106646969648	-0.0012611983793778864	0.0
0.0011290103246365255	-0.0012682771459836138	0.0
0.0011106486398213657	-0.0012747049915221478	0.0
0.0010910372068250697	-0.0012804819159934885	0.0
0.001070560563549525	-0.0012857706496644341	0.0
0.001049218709994732	-0.0012904084622681865	0.0
0.001027107780636163	-0.0012947208143383423	0.0
0.0010041316409983452	-0.0012982195150745065	0.0
0.0009806748289831672	-0.0013013113901436746	0.0
0.0009566412101151573	-0.0013036709790122502	0.0
0.0009320307843943148	-0.0013052982816802337	0.0
0.0009071319552470564	-0.001306356028414423	0.0
0.0008817524537224377	-0.0013067628540814188	0.0
0.0008560845487714031	-0.0013068442192148177	0.0
0.0008300321059184801	-0.0013066814889480195	0.0
0.000803883528590085	-0.0013066001238146204	0.0
0.0007776388167862181	-0.0013066814889480195	0.0
0.0007515863739332952	-0.0013071696797484144	0.0
0.0007256300655558443	-0.001307983331082406	0.0
0.0007000582950802815	-0.0013095292686169902	0.0
0.000674774928031135	-0.0013115633969519693	0.0
0.0006499722333593485	-0.0013143298114875412	0.0
0.0006256502110649223	-0.0013178285122237051	0.0
0.0006018088611478564	-0.001321815403760264	0.0
0.0005786404525590946	-0.0013265345814974156	0.0
0.000555952716347693	-0.0013317419500349624	0.0
0.000534034055940068	-0.0013374375093729038	0.0
0.0005126922023852749	-0.0013435398943778412	0.0
0.0004919271556833143	-0.0013501304701831736	0.0
0.0004718350503096578	-0.0013571278716555015	0.0
0.0004522236173133616	-0.0013647761941950232	0.0
0.00043318899116989755	-0.0013729940726683388	0.0
0.00041453890292832173	-0.0013817001419420495	0.0
0.00039656175601505023	-0.0013910571322829533	0.0
0.0003789691470036669	-0.0014009023134242521	0.0
0.0003618572103696436	-0.0014112356853659463	0.0
0.0003452259461129807	-0.0014220572481080352	0.0
0.0003291714887091499	-0.0014331229062503215	0.0
0.0003134054347317353	-0.001444676755193003	0.0
0.000298216187607153	-0.0014563119692690837	0.0
0.0002833153439089867	-0.0014681912787453614	0.0
0.0002688951725881806	-0.001480233318488438	0.0
0.00025466727021831873	-0.0014923567233649136	0.0
0.00024082390575034488	-0.0015044801282413892	0.0
0.0002272689447087872	-0.0015165221679844655	0.0
0.0002140023870936456	-0.0015283201123273442	0.0
0.00020092809842944814	-0.0015397112310032274	0.0
0.00018804607871619473	-0.0015505327937453165	0.0
0.0001753563279538854	-0.001560703435420212	0.0
0.00016285884614252016	-0.001570141790894515	0.0
0.000150553633282099	-0.0015787664950348266	0.0
0.0001383445548971499	-0.0015866589129745455	0.0
0.00012623161098767281	-0.001593900409847071	0.0
0.00011402253260272367	-0.0016005723507858027	0.0
0.00010190958869324659	-0.0016068374660575385	0.0
8.970051030829748e-05	-0.0016126957556622783	0.0
7.749143192334835e-05	-0.0016184726801336188	0.0
6.509008458745515e-05	-0.0016240868743381614	0.0
5.268873725156194e-05	-0.0016297010685427035	0.0
3.9998986489252616e-05	-0.0016354779930140445	0.0
2.7020832300527173e-05	-0.0016415803780189817	0.0
1.3946543636329687e-05	-0.0016481709538243143	0.0
7.761204966601613e-07	-0.0016550869901632431	0.0
-1.2586571593953445e-05	-0.001662409852169168	0.0
-2.604539816003909e-05	-0.0016700581747086894	0.0
-3.94080902506527e-05	-0.0016779505926484085	0.0
-5.2770782341266305e-05	-0.0016858430105881272	0.0
-6.61334744318799e-05	-0.0016938167936612453	0.0
-7.940003204702148e-05	-0.001701546481334166	0.0
-9.257045518669101e-05	-0.0017091134387402884	0.0
-0.00010583701280183258	-0.0017164363007462133	0.0
-0.00011910357041697413	-0.001723270971951743	0.0
-0.0001323701280321157	-0.0017297801826236764	0.0
-0.0001457328201227293	-0.0017358825676286136	0.0
-0.00015919164668881495	-0.0017415781269665552	0.0
-0.0001726504732549006	-0.0017469482257709001	0.0
-0.00018610929982098627	-0.0017520742291750476	0.0
-0.00019976039533801598	-0.0017571188674457955	0.0
-0.00021321922190410163	-0.0017620007754497455	0.0
-0.00022687031742113135	-0.001767045413720494	0.0
-0.00024032914398721702	-0.0017720086868578428	0.0
-0.0002538841050287747	-0.0017770533251285912	0.0
-0.0002674390660703324	-0.0017820165982659402	0.0
-0.000280801758160946	-0.001786979871403289	0.0
-0.0002942605847270316	-0.0017920245096740373	0.0
-0.0003075271423421732	-0.001797231878211584	0.0
-0.00032050529653089864	-0.001802683342149328	0.0
-0.0003334834507196241	-0.0018082975363538703	0.0
-0.0003461732014819334	-0.001814074460825211	0.0
-0.0003586706832932987	-0.0018200141155633501	0.0
-0.0003709758961537198	-0.0018260351354348883	0.0
-0.00038308884006319686	-0.0018319747901730272	0.0
-0.00039510564949720193	-0.001837751714644368	0.0
-0.0004068340555047909	-0.0018434472739823095	0.0
-0.00041846632703690774	-0.0018488173727866544	0.0
-0.0004299063296180805	-0.0018541061064576002	0.0
-0.00044115406324830923	-0.0018593948401285458	0.0
-0.0004522095279275939	-0.0018646022086660924	0.0
-0.00046297658918046243	-0.0018698095772036389	0.0
-0.0004734552470069148	-0.0018750169457411854	0.0
-0.00048374163588242315	-0.0018803870445455305	0.0
-0.0004936434868560433	-0.0018855944130830768	0.0
-0.0005031607999277753	-0.0018907204164872243	0.0
-0.0005122935750976191	-0.0018956023244911743	0.0
-0.0005210418123655748	-0.001900077406828128	0.0
-0.0005293093772561703	-0.0019043897588982839	0.0
-0.0005370962697694055	-0.0019082139201680446	0.0
-0.0005444024899052807	-0.0019117126209042088	0.0
-0.0005513241721392674	-0.0019149672262401753	0.0
-0.0005578613164713661	-0.0019178150059091462	0.0
-0.0005640139229015768	-0.0019205000553113186	0.0
-0.0005695897224789551	-0.0019230223744466928	0.0
-0.0005748771186299173	-0.001925544693582067	0.0
-0.0005796838424035193	-0.0019279856475840418	0.0
-0.0005840098937997612	-0.001930589331852815	0.0
-0.0005877591383431708	-0.0019332743812549874	0.0
-0.0005911238449846922	-0.001936040795790559	0.0
-0.0005938156102979094	-0.0019391326708597272	0.0
-0.0005961228377092383	-0.0019425500064624924	0.0
-0.000597757123792263	-0.0019462928025988538	0.0
-0.0005989107374979274	-0.0019502796941354129	0.0
-0.0005993914098752876	-0.0019545920462055687	0.0
-0.0005993914098752876	-0.0019592298588093212	0.0
-0.0005988146030224554	-0.001964030401679872	0.0
-0.0005976609893167909	-0.001968993674817221	0.0
-0.0005961228377092383	-0.001974038313087969	0.0
-0.0005941040137243254	-0.001979001586225318	0.0
-0.0005917006518375244	-0.0019838834942292683	0.0
-0.0005889127520488352	-0.0019886026719664195	0.0
-0.00058583644883373	-0.001993240484570172	0.0
-0.0005825678766676806	-0.001997715566907126	0.0
-0.0005790109010752151	-0.002002027918977282	0.0
-0.0005753577910072776	-0.0020063402710474377	0.0
-0.0005714162775129239	-0.002010571257984194	0.0
-0.0005673786295430983	-0.002014639514654152	0.0
-0.0005632448470978004	-0.002018626406190711	0.0
-0.0005590149301770307	-0.0020223692023270726	0.0
-0.0005546888787807889	-0.0020261119984634345	0.0
-0.0005506512308109632	-0.002029773429466397	0.0
-0.0005468058517920816	-0.0020335162256027582	0.0
-0.0005431527417241441	-0.002037665847406116	0.0
-0.0005400764385090388	-0.002042303660009868	0.0
-0.0005372885387203496	-0.002047592393680814	0.0
-0.0005350774457844927	-0.0020536947786857513	0.0
-0.000533347025225996	-0.002060366719624483	0.0
-0.0005320972770448594	-0.0020677709467638067	0.0
-0.0005312320667656111	-0.0020755819995701267	0.0
-0.0005308475288637229	-0.002083718512910043	0.0
-0.0005306552599127789	-0.0020920991216501574	0.0
-0.000531039797814667	-0.002100398365256872	0.0
-0.0005316166046674992	-0.0021089417042637845	0.0
-0.0005324818149467476	-0.0021174036781372975	0.0
-0.000533731563127884	-0.0021258656520108106	0.0
-0.0005351735802599647	-0.0021344089910177227	0.0
-0.0005369040008184614	-0.002142952330024635	0.0
-0.0005388266903279022	-0.0021512515736313497	0.0
-0.0005408455143128151	-0.002159306721837867	0.0
-0.0005431527417241441	-0.0021667923141105903	0.0
-0.0005456522380864171	-0.002173708350449519	0.0
-0.0005482478689241622	-0.0021797293703210573	0.0
-0.0005509396342373794	-0.0021849367388586042	0.0
-0.0005536313995505965	-0.0021892490909287596	0.0
-0.0005563231648638136	-0.0021925850613981257	0.0
-0.0005589187957015587	-0.0021951887456668987	0.0
-0.0005615144265393037	-0.002196734683201483	0.0
-0.0005640139229015768	-0.0021976296996688736	0.0
-0.0005664172847883778	-0.002197873795069071	0.0
-0.0005687245121997067	-0.0021973856042686764	0.0
-0.0005711278740865078	-0.002196246492401088	0.0
-0.0005735312359733088	-0.0021946191897331047	0.0
-0.0005759345978601098	-0.002192340965997928	0.0
-0.000578626363173327	-0.0021894931863289573	0.0
-0.000581414262962016	-0.002185994485592793	0.0
-0.0005844905661771214	-0.0021818448637894354	0.0
-0.0005877591383431708	-0.0021771256860522842	0.0
-0.0005913161139356362	-0.002171836952381338	0.0
-0.0005952576274299899	-0.002165897297643199	0.0
-0.0005994875443507597	-0.002159306721837867	0.0
-0.0006040058646979456	-0.0021520652249653414	0.0
-0.0006089087229470197	-0.0021442541721590214	0.0
-0.0006142922535734539	-0.0021357108331521092	0.0
-0.0006200603221017763	-0.002126597938211403	0.0
-0.0006261167940565149	-0.002116834122203503	0.0
-0.0006325578039131415	-0.002106256654861612	0.0
-0.0006392872171961844	-0.0020951909967193254	0.0
-0.0006464011683811154	-0.0020833930523764463	0.0
-0.0006537073885169904	-0.0020710255520997737	0.0
-0.0006613981465547536	-0.002057925765622508	0.0
-0.0006692811735434609	-0.0020442564232114485	0.0
-0.0006772603350076403	-0.0020299361597331954	0.0
-0.0006855278998982358	-0.002015046340321148	0.0
-0.0006938915992643033	-0.0019995869649753065	0.0
-0.0007023514331058428	-0.001983476668562272	0.0
-0.0007108112669473824	-0.001966796816215443	0.0
-0.0007190788318379779	-0.0019495474079348203	0.0
-0.0007271541277776292	-0.0019316470785870042	0.0
-0.0007351332892418086	-0.001913339923572192	0.0
-0.0007428240472795719	-0.001894463212623586	0.0
-0.000750322536366391	-0.0018750169457411854	0.0
-0.000757628756502266	-0.00185508248805839	0.0
-0.000764646573211725	-0.001834741204708599	0.0
-0.0007714721209702398	-0.0018138303654250136	0.0
-0.0007781053997778105	-0.0017925127004744324	0.0
-0.0007844502751589653	-0.0017707068447234563	0.0
-0.0007906990160646479	-0.001748412798172085	0.0
-0.0007966593535439144	-0.0017257932910871173	0.0
-0.0008024274220722368	-0.0017028483234685528	0.0
-0.0008078109526986711	-0.0016795778953163916	0.0
-0.0008130022143741612	-0.001656063371764033	0.0
-0.0008177128036722913	-0.0016325488482116745	0.0
-0.0008221349895440051	-0.0016088715943925174	0.0
-0.0008261726375138308	-0.0015851943405733604	0.0
-0.0008298257475817684	-0.0015614357216208045	0.0
-0.0008330943197478177	-0.0015376771026682483	0.0
-0.0008359783540119788	-0.001513918483715692	0.0
-0.0008384778503742519	-0.0014901598647631361	0.0
-0.0008405928088346369	-0.0014661571504103826	0.0
-0.0008424193638686057	-0.0014419917057908304	0.0
-0.0008439575154761583	-0.001417500800637682	0.0
-0.0008453033981327668	-0.0013926844349509367	0.0
-0.0008462647428874872	-0.0013674612435971955	0.0
-0.0008469376842157915	-0.0013418312265764587	0.0
-0.0008475144910686238	-0.0013157943838887258	0.0
-0.0008478028944950399	-0.001289269350400598	0.0
-0.000847899028970512	-0.0012622561261120754	0.0
-0.0008477067600195678	-0.0012345919807563595	0.0
-0.0008473222221176796	-0.0012065210097336476	0.0
-0.0008468415497403194	-0.0011778804827771417	0.0
-0.0008460724739365432	-0.00114883313015364	0.0
-0.0008453995326082389	-0.0011195416821299404	0.0
-0.0008445343223289905	-0.001090168868972842	0.0
-0.0008435729775742701	-0.0010608774209491427	0.0
-0.0008428039017704938	-0.0010316673380588426	0.0
-0.0008419386914912453	-0.0010026199854353407	0.0
-0.0008412657501629412	-0.000973653997945238	0.0
-0.0008406889433101089	-0.0009446880104551354	0.0
-0.0008402082709327486	-0.0009154779275648352	0.0
-0.0008398237330308606	-0.0008861864795411358	0.0
-0.0008397275985553885	-0.0008564882058504407	0.0
-0.0008398237330308606	-0.0008264644716261489	0.0
-0.0008402082709327486	-0.0007961152768682604	0.0
-0.000840977346736525	-0.0007654406215767754	0.0
-0.0008421309604421895	-0.0007344405057516936	0.0
-0.0008435729775742701	-0.0007032776596598135	0.0
-0.0008455918015591829	-0.0006716266227675384	0.0
-0.0008479951634459839	-0.0006395687602082675	0.0
-0.0008508791977101453	-0.0006073481673821982	0.0
-0.0008542439043516666	-0.0005745580186223348	0.0
-0.0008580892833705482	-0.000541605139595673	0.0
-0.000862319200291318	-0.0005080827046352171	0.0
-0.00086712592406492	-0.00047431617427456376	0.0
-0.0008725094546913543	-0.0004402241833803137	0.0
-0.0008781813887442046	-0.00040572536681906786	0.0
-0.0008844301296498872	-0.0003709824548576245	0.0
-0.0008913518118838741	-0.00033599544749598364	0.0
-0.0008986580320197491	-0.00030068297960074615	0.0
-0.0009067333279594006	-0.0002652077814387103	0.0
-0.0009152892962764123	-0.0002295698530098761	0.0
-0.0009246143403972	-0.00019376919431424362	0.0
-0.0009345161913708203	-0.00015772444021841363	0.0
-0.0009452832526236888	-0.00012151695585578529	0.0
-0.0009565309862539174	-8.52281063597578e-05	0.0
-0.0009685477956879225	-4.8695161463532805e-05	0.0
-0.0009812375464502319	-1.1918121167110325e-05	0.0
-0.0009946002385408455	2.4940284262711323e-05	0.0
-0.0010085397374842912	6.204278509273046e-05	0.0
-0.0010231521777560415	9.922665105614877e-05	0.0
-0.0010382452904051519	0.00013665461241976456	0.0
-0.0010538190754316224	0.00017408257378338036	0.0
-0.0010698735328354529	0.0002116732654137945	0.0
-0.001086312528141172	0.00024934532217760777	0.0
-0.0011031360613487791	0.0002875055697418161	0.0
-0.001120344132458274	0.0003258285475728227	0.0
-0.0011378406069941856	0.00036472108133762347	0.0
-0.001155625484956513	0.00040418317103621835	0.0
-0.0011736026318697845	0.0004443775469354058	0.0
-0.001191579778783056	0.0004852228439017865	0.0
-0.0012096530601717996	0.0005266376968019613	0.0
-0.0012278224760360152	0.0005686221056359304	0.0
-0.0012459918919002309	0.0006110133401368952	0.0
-0.0012640651732889743	0.0006535673049046585	0.0
-0.0012823307236286621	0.00069628399993922	0.0
-0.0013006924084438217	0.0007393261555073781	0.0
-0.0013191502277344535	0.0007825310413423346	0.0
-0.0013378003159760293	0.0008259800225774886	0.0
-0.001356546538693077	0.000869591734079441	0.0
-0.0013753888958855972	0.0009136916363817882	0.0
-0.0013943273875535892	0.000958035634084333	0.0
-0.001413169744746109	0.0010027864574538737	0.0
-0.0014322043708895728	0.001047862741357011	0.0
-0.001451142862557565	0.0010933458509271442	0.0
-0.001470177488701029	0.001139235786164273	0.0
-0.0014892121148444928	0.0011853698168015994	0.0
-0.001508439009938901	0.0012319106731059218	0.0
-0.001527665905033309	0.0012786142596770422	0.0
-0.001547085069078661	0.0013254805765149612	0.0
-0.0015666003675994854	0.0013724282584862792	0.0
-0.0015862118005957814	0.0014193759404575975	0.0
-0.0016060155025430219	0.001466160892162117	0.0
-0.001625915338965734	0.0015127017484664394	0.0
-0.0016458151753884465	0.001559079874503963	0.0
-0.001665907280762103	0.0016051325400078904	0.0
-0.0016859993861357595	0.001650778379844822	0.0
-0.001706187625984888	0.0016959360288813583	0.0
-0.0017262797313585443	0.001740686852250899	0.0
-0.0017463718367322007	0.0017848681196866456	0.0
-0.0017665600765813293	0.0018283171009217997	0.0
-0.0017865560474795135	0.0018711965262231593	0.0
-0.001806455883902226	0.0019133436653239267	0.0
-0.0018262595858494662	0.0019547585182241017	0.0
-0.0018459671533212346	0.0019951969895234864	0.0
-0.0018654824518420587	0.0020349031746222787	0.0
-0.0018849016158874108	0.0020735516129868825	0.0
-0.0019042246454572908	0.0021112236697506956	0.0
-0.001923355406076227	0.002148000710047118	0.0
-0.0019423900322196911	0.002183557273342553	0.0
-0.001961328523887683	0.0022180560899037987	0.0
-0.001980170881080203	0.0022514971597308556	0.0
-0.0019987248348463066	0.002283717752556925	0.0
-0.00201727878861241	0.0023148805986488055	0.0
-0.00203564047342757	0.002344985698006496	0.0
-0.0020539060237672576	0.002374033050629998	0.0
-0.0020718831706805297	0.0024021853867861086	0.0
-0.002089860317593801	0.00242936134134143	0.0
-0.0021075490610806564	0.0024556422794293604	0.0
-0.0021251416700920397	0.002481109566183299	0.0
-0.002142542010152479	0.0025057632016032456	0.0
-0.0021597500812619744	0.002529603185689201	0.0
-0.0021767658834205253	0.002552792248707963	0.0
-0.0021936855511036045	0.0025750049301259347	0.0
-0.0022103168153602675	0.0025964853253433143	0.0
-0.002226755810665986	0.0026171520692267023	0.0
-0.0022430025370207608	0.002637086526909498	0.0
-0.0022586724565227035	0.002656207333258301	0.0
-0.0022740539725982305	0.0026745958534065127	0.0
-0.002288954816296396	0.002692089357087333	0.0
-0.0023033749876172024	0.002708850574567561	0.0
-0.002317122217609704	0.0027248795058471965	0.0
-0.002330196506273902	0.002740257516059639	0.0
-0.002342597853609795	0.0027546591446712906	0.0
-0.0023542301251419117	0.0027684098522157497	0.0
-0.0023650933208702526	0.002781428273559616	0.0
-0.0023750913063193446	0.0027936330435694907	0.0
-0.0023842240814891886	0.0028050241622453735	0.0
-0.0023923955119043118	0.0028157643598540638	0.0
-0.0023995094630892425	0.002825772271262161	0.0
-0.002405565935043981	0.0028350478964696657	0.0
-0.0024105649277685274	0.0028436726006099773	0.0
-0.0024143141723119367	0.002851646383683095	0.0
-0.00241681366867421	0.0028590506108224193	0.0
-0.0024180634168553465	0.002865722551761151	0.0
-0.0024179672823798747	0.002871906301899487	0.0
-0.0024164291307723217	0.0028776018612374286	0.0
-0.0024134489620326887	0.002882727864641576	0.0
-0.0024090267761609743	0.0028874470423787277	0.0
-0.0024031625731571805	0.0028915966641820854	0.0
-0.002395760218545833	0.0028952580951850477	0.0
-0.00238710811575335	0.002898431335387615	0.0
-0.0023769178613533134	0.0029011163847897873	0.0
-0.0023654778587721406	0.002903394608524964	0.0
-0.002352691973534359	0.002905347371726544	0.0
-0.0023387524745909134	0.0029068119441277287	0.0
-0.0023235632274663308	0.002907869690861918	0.0
-0.002307316501111556	0.0029086833421959096	0.0
-0.0022901084300020608	0.0029091715329963045	0.0
-0.002271842879662373	0.002909252898129704	0.0
-0.0022528082535189092	0.0029091715329963045	0.0
-0.002232908417096197	0.0029089274375961073	0.0
-0.002212239504869708	0.002908520611929111	0.0
-0.002190993785790387	0.0029077069605951194	0.0
-0.002169171259858234	0.0029065678487275315	0.0
-0.002146964196024193	0.0029051032763263464	0.0
-0.0021244687287637356	0.002903231878258166	0.0
-0.0021016848580768617	0.0029010350196563882	0.0
-0.0020788048529145164	0.0028983499702542157	0.0
-0.0020559248477521708	0.002895420825451846	0.0
-0.0020331409770652973	0.0028920034898490808	0.0
-0.0020104532408538956	0.002888097963445921	0.0
-0.001987957773593438	0.0028837856113757654	0.0
-0.0019655584408084527	0.0028789850685052147	0.0
-0.0019434475114498836	0.0028735336045674705	0.0
-0.0019216249855177304	0.0028674312195625332	0.0
-0.0018999947285365212	0.0028607592786238016	0.0
-0.0018787490094572	0.002853761877151473	0.0
-0.0018579839627552396	0.0028464390151455485	0.0
-0.001837507319479695	0.0028388720577394266	0.0
-0.0018176074830569826	0.002831305100333304	0.0
-0.0017982844534871025	0.002823738142927182	0.0
-0.0017793459618191106	0.0028163339157878577	0.0
-0.0017608881425284788	0.002808929688648534	0.0
-0.0017429109956152073	0.0028017695569094074	0.0
-0.001725318386603824	0.00279469079030368	0.0
-0.0017081103154943287	0.0027876933888313516	0.0
-0.0016911906478112495	0.002780858717625822	0.0
-0.0016746555180300587	0.002774105411553691	0.0
-0.0016583126571998118	0.0027674334706149595	0.0
-0.0016422581997959811	0.0027605987994094297	0.0
-0.0016263960113430944	0.0027536827630705012	0.0
-0.0016106299573656797	0.0027465226313313743	0.0
-0.0015950561723392092	0.002738955673925252	0.0
-0.0015794823873127386	0.0027310632559855333	0.0
-0.001563812467810796	0.0027228453775122174	0.0
-0.0015483348172597978	0.0027141393082385067	0.0
-0.0015329533011842712	0.0027051077784311993	0.0
-0.0015175717851087446	0.0026956694229568964	0.0
-0.0015020941345577463	0.0026857428766821983	0.0
-0.0014867126184822197	0.002675572235007303	0.0
-0.0014712349679312214	0.002664913402532012	0.0
-0.0014556611829047508	0.0026537663792563265	0.0
-0.0014399912634028083	0.0026423752605804433	0.0
-0.0014241290749499216	0.002630577316237564	0.0
-0.0014080746175460907	0.002618453911361089	0.0
-0.001391924025666788	0.0026059236808176176	0.0
-0.001375581164836541	0.002592905259473751	0.0
-0.0013591421695308224	0.0025796427427296873	0.0
-0.0013426070397496313	0.0025659734003186277	0.0
-0.0013259757754929685	0.002551897232240572	0.0
-0.0013092483767608335	0.00253749560362892	0.0
-0.0012923287090777543	0.0025229312447504694	0.0
-0.0012753129069192032	0.0025082855207386196	0.0
-0.00125820097028518	0.0024933143361931735	0.0
-0.0012408967647002127	0.002478180421380929	0.0
-0.0012234002901643016	0.002463046506568684	0.0
-0.001205615412201974	0.002447668496356242	0.0
-0.0011877343997641744	0.0024322091210104008	0.0
-0.001169564983899959	0.0024166683805311603	0.0
-0.0011512994335602712	0.0024009649097851216	0.0
-0.0011327454797941674	0.0023851800739056834	0.0
-0.0011139992570771196	0.0023693138728928466	0.0
-0.0010951568998845995	0.0023535290370134084	0.0
-0.0010760261392656636	0.002337662836000571	0.0
-0.0010566069752203115	0.002322040730387932	0.0
-0.0010369955422240152	0.002306418624775292	0.0
-0.0010169995713258308	0.0022910406145628497	0.0
-0.0009966190625257582	0.002275906699750605	0.0
-0.0009758540158237976	0.002260935515205159	0.0
-0.0009548005656954207	0.0022462084260599104	0.0
-0.0009331703087142117	0.0022317254323148588	0.0
-0.0009112516483065864	0.002217405168836606	0.0
-0.0008889484499970731	0.0022034103658919494	0.0
-0.0008662607137856716	0.002189578293214091	0.0
-0.000843284574147854	0.002175990315936431	0.0
-0.0008199238966081481	0.002162646434058968	0.0
-0.0007963709501174983	0.0021495466475817027	0.0
-0.0007726257346759044	0.0021366095913712352	0.0
-0.0007486882502833663	0.002123916630560965	0.0
-0.0007245584969398841	0.0021113864000174938	0.0
-0.0007002364746454579	0.0020990188997408207	0.0
-0.0006759144523510317	0.0020869768599977444	0.0
-0.0006514001611056615	0.0020751789156548653	0.0
-0.0006268858698602912	0.002063543701578785	0.0
-0.0006023715786149208	0.002052152582902902	0.0
-0.0005779534218450226	0.0020408428293604178	0.0
-0.0005537275340260684	0.0020296144409513335	0.0
-0.0005298861841090025	0.0020182233222754502	0.0
-0.0005062371031428805	0.002006669473332769	0.0
-0.0004830686945541188	0.0019948715289898897	0.0
-0.0004600925549163012	0.0019827481241134143	0.0
-0.0004376932221313158	0.0019703806238367413	0.0
-0.0004154861582972745	0.0019576876630264715	0.0
-0.0003936636323651213	0.0019446692416826051	0.0
-0.00037232177881032835	0.0019314880900719404	0.0
-0.0003511721942064795	0.0019179814779276792	0.0
-0.0003305994164554629	0.0019043121355166194	0.0
-0.0003104111766063344	0.001890317332571963	0.0
-0.0002906074746590941	0.0018760784342271093	0.0
-0.00027118831061374193	0.0018616768056154572	0.0
-0.00025234595342122203	0.0018469497164702083	0.0
-0.00023408040308153439	0.0018322226273249594	0.0
-0.0002162955251192069	0.0018173328079129124	0.0
-0.00019908745400971172	0.001802361623367466	0.0
-0.00018255232422852074	0.0017873904388220198	0.0
-0.00016659400130016207	0.0017725006194099725	0.0
-0.00015150088865105172	0.0017576921651313246	0.0
-0.0001371768518057177	0.0017428837108526764	0.0
-0.00012362189076416003	0.0017280752565740284	0.0
-0.00011102827447732276	0.0017132668022953805	0.0
-9.929986846973382e-05	0.0016985397131501316	0.0
-8.862894169233734e-05	0.0016837312588714837	0.0
-7.911162862060535e-05	0.0016689228045928357	0.0
-7.055566030359376e-05	0.0016541143503141877	0.0
-6.296103674130257e-05	0.0016393058960355398	0.0
-5.6520026884675876e-05	0.0016244974417568918	0.0
-5.1232630733713664e-05	0.0016096076223448446	0.0
-4.690657933747185e-05	0.0015947991680661966	0.0
-4.3734141646894516e-05	0.0015799907137875487	0.0
-4.142691423556554e-05	0.0015652636246422998	0.0
-4.0177166054429015e-05	0.0015506992657638493	0.0
-3.979262815254086e-05	0.0015363790022855965	0.0
-4.027330052990106e-05	0.0015222214690741415	0.0
-4.142691423556554e-05	0.0015083080312628845	0.0
-4.325346926953432e-05	0.001494638688851825	0.0
-4.5656831156335324e-05	0.0014810507115741642	0.0
-4.854086542049653e-05	0.0014677881948301004	0.0
-5.171330311107386e-05	0.001454769773486234	0.0
-5.4981875277123235e-05	0.0014421581778093636	0.0
-5.834658191864464e-05	0.001430034772932888	0.0
-6.171128856016606e-05	0.0014184809239902066	0.0
-6.488372625074339e-05	0.001407333900714521	0.0
-6.786389499037663e-05	0.0013970005287728272	0.0
-7.045952582812172e-05	0.001387155347631528	0.0
-7.267061876397865e-05	0.001377716992157225	0.0
-7.440103932247538e-05	0.001368848192616716	0.0
-7.584305645455598e-05	0.0013601421233430055	0.0
-7.670826673380435e-05	0.0013516801494694922	0.0
-7.709280463569252e-05	0.0013433809058627775	0.0
-7.709280463569252e-05	0.0013351630273894617	0.0
-7.670826673380435e-05	0.0013270265140495451	0.0
-7.584305645455598e-05	0.001319052730976427	0.0
-7.449717379794742e-05	0.0013111603130367083	0.0
-7.27667532394507e-05	0.0013034306253637876	0.0
-7.055566030359376e-05	0.0012958636679576653	0.0
-6.796002946584867e-05	0.0012882153454181438	0.0
-6.497986072621543e-05	0.0012807297531454206	0.0
-6.161515408469402e-05	0.0012728373352057017	0.0
-5.7962044016756486e-05	0.0012647008218657852	0.0
-5.411666499787487e-05	0.0012560761177254735	0.0
-5.0271285978993254e-05	0.0012469632227847672	0.0
-4.6329772484639606e-05	0.0012372807719102665	0.0
-4.248439346575799e-05	0.0012271914953687702	0.0
-3.883128339782046e-05	0.0012169394885604755	0.0
-3.527430780535496e-05	0.0012065247514853822	0.0
-3.20057356393056e-05	0.0011961100144102892	0.0
-2.8929432424200302e-05	0.0011857766424685952	0.0
-2.5949263684567052e-05	0.0011756873659270989	0.0
-2.3449767322294004e-05	0.0011657608196524007	0.0
-2.1142539910965035e-05	0.001155997003644501	0.0
-1.9123715926052186e-05	0.0011464772830367986	0.0
-1.7489429843027503e-05	0.0011372016578292939	0.0
-1.623968166189098e-05	0.0011280887628885873	0.0
-1.5374471382642615e-05	0.0011192199633480785	0.0
-1.4893799005282413e-05	0.001110595259207767	0.0
-1.4701530054338333e-05	0.0011022960156010521	0.0
-1.4797664529810373e-05	0.0010942408673945347	0.0
-1.5278336907170576e-05	0.0010864298145882149	0.0
-1.595127823547486e-05	0.001079025587448891	0.0
-1.6912622990195263e-05	0.0010719468208431637	0.0
-1.7873967744915663e-05	0.0010654376101712306	0.0
-1.9123715926052186e-05	0.0010594979554330915	0.0
-2.0469598582660753e-05	0.0010542092217621457	0.0
-2.191161571474136e-05	0.0010496527742917925	0.0
-2.3353632846821962e-05	0.0010458286130220317	0.0
-2.4795649978902568e-05	0.0010426553728194643	0.0
-2.6237667110983174e-05	0.0010398889582838929	0.0
-2.7583549767591735e-05	0.0010376107345487161	0.0
-2.9025566899672344e-05	0.001035495241080338	0.0
-3.056371850722499e-05	0.0010336238430121573	0.0
-3.20057356393056e-05	0.0010319151752107747	0.0
-3.354388724685824e-05	0.0010302065074093922	0.0
-3.508203885441089e-05	0.0010283351093412114	0.0
-3.681245941290761e-05	0.0010264637112730305	0.0
-3.873514892234842e-05	0.0010243482178046524	0.0
-4.0753972907261265e-05	0.0010219072638026775	0.0
-4.286893136764615e-05	0.0010188153887335093	0.0
-4.527229325444716e-05	0.0010152353228639458	0.0
-4.7964058567664285e-05	0.0010109229707937902	0.0
-5.075195835635345e-05	0.0010057156022562437	0.0
-5.3924396046930786e-05	0.0009997759475181046	0.0
-5.748137163939628e-05	0.0009931853717127723	0.0
-6.123061618280585e-05	0.000985699779440049	0.0
-6.546053310357562e-05	0.0009777259963669308	0.0
-7.007498792623357e-05	0.0009691826573600186	0.0
-7.526624960172375e-05	0.0009601511275527112	0.0
-8.093818365457412e-05	0.000950631406945009	0.0
-8.709079008478471e-05	0.0009408675909371093	0.0
-9.382020336782752e-05	0.0009306155841288145	0.0
-0.00010112642350370259	0.0009200381167869231	0.0
-0.00010891331601693787	0.0009092165540448341	0.0
-0.00011718088090753333	0.0008980695307691485	0.0
-0.000125929118175489	0.0008867597772266646	0.0
-0.0001349657588698608	0.0008752059282839833	0.0
-0.0001442908029906487	0.0008636520793413019	0.0
-0.00015400038501332477	0.0008520982303986205	0.0
-0.0001638061015114729	0.0008408698419895358	0.0
-0.00017370795248509304	0.0008300482792474469	0.0
-0.00018360980345871319	0.0008198776375725512	0.0
-0.0001936077889078054	0.0008103579169648489	0.0
-0.00020350963988142553	0.0008017332128245375	0.0
-0.00021321922190410163	0.0007938407948848185	0.0
-0.00022283266945130565	0.0007868433934124904	0.0
-0.00023215771357209356	0.0007808223735409521	0.0
-0.0002412904887419374	0.0007755336398700065	0.0
-0.0002503271294363092	0.0007711399226664515	0.0
-0.00025926763565520895	0.0007675598567968882	0.0
-0.0002680158729231646	0.0007647934422613166	0.0
-0.00027695637914206434	0.0007627593139263376	0.0
-0.0002858968853609641	0.0007615388369253501	0.0
-0.00029502966053080793	0.0007608879158581568	0.0
-0.00030406630122517975	0.0007610506461249551	0.0
-0.00031339134534596764	0.0007617015671921484	0.0
-0.0003227163894667556	0.0007628406790597367	0.0
-0.00033223370253848754	0.0007644679817277201	0.0
-0.00034203941903663567	0.0007665021100626991	0.0
-0.0003520374044857279	0.0007686989686644766	0.0
-0.00036241992783670824	0.0007710585575330523	0.0
-0.0003730908546141047	0.0007733367812682289	0.0
-0.0003842424537688614	0.0007754522747366073	0.0
-0.0003956824563500342	0.0007772423076713889	0.0
-0.0004074108623576231	0.0007787068800725738	0.0
-0.0004193315373161561	0.0007796832616733638	0.0
-0.0004315406157011052	0.0007802528176071579	0.0
-0.0004438458285615264	0.0007802528176071579	0.0
-0.0004562471758974196	0.0007797646268067629	0.0
-0.00046874465770878484	0.0007789509754727714	0.0
-0.000481049870569206	0.0007776491333383848	0.0
-0.0004934512179050991	0.0007759404655370023	0.0
-0.0005055641618145763	0.000773824972068624	0.0
-0.0005173887022976373	0.000771384018066649	0.0
-0.0005291171083052262	0.0007685362383976782	0.0
-0.0005405571108863989	0.0007655257284619091	0.0
-0.0005516125755656836	0.0007621083928591443	0.0
-0.0005622835023430801	0.000758528326989581	0.0
-0.0005726660256940605	0.0007548668959866186	0.0
-0.0005827601456186247	0.0007510427347168578	0.0
-0.0005922774586903566	0.0007474626688472946	0.0
-0.0006016986372866167	0.0007438826029777314	0.0
-0.0006107352779809884	0.0007405466325083656	0.0
-0.0006194835152489441	0.0007375361225725965	0.0
-0.0006281356180414278	0.0007348510731704239	0.0
-0.0006365954518829674	0.0007324914843018483	0.0
-0.0006449591512490349	0.0007305387211002683	0.0
-0.0006533228506151024	0.0007289927835656843	0.0
-0.0006615904155056978	0.0007277723065646967	0.0
-0.0006697618459208211	0.0007267145598305076	0.0
-0.0006780294108114167	0.0007255754479629193	0.0
-0.0006863931101774842	0.0007245177012287301	0.0
-0.0006948529440190237	0.0007232972242277427	0.0
-0.0007035050468115072	0.0007216699215597593	0.0
-0.0007124455530304071	0.0007197985234915785	0.0
-0.000721770597151195	0.0007176016648898011	0.0
-0.000731191775747455	0.0007151607108878262	0.0
-0.000740709088819187	0.000712638391752452	0.0
-0.000750418670841863	0.0007097906120834813	0.0
-0.0007601282528645391	0.0007067801021477121	0.0
-0.0007696455659362712	0.000703688227078544	0.0
-0.0007793551479589471	0.0007005149868759765	0.0
-0.0007887763265552072	0.0006971790164066108	0.0
-0.0007983897741024111	0.0006937616808038458	0.0
-0.0008078109526986711	0.0006901816149342825	0.0
-0.000817232131294931	0.0006866829141981184	0.0
-0.0008264610409402469	0.0006831842134619544	0.0
-0.0008355938161100908	0.0006796041475923912	0.0
-0.0008445343223289905	0.0006760240817228279	0.0
-0.0008530902906460021	0.0006723626507198655	0.0
-0.0008613578555365975	0.0006687825848503022	0.0
-0.000869337017000777	0.0006652025189807391	0.0
-0.0008768355060875961	0.0006615410879777766	0.0
-0.000883853322797055	0.0006579610221082132	0.0
-0.0008903904671291537	0.0006542995911052509	0.0
-0.0008964469390838923	0.0006507195252356876	0.0
-0.0009019266041857986	0.000646976729099326	0.0
-0.0009069255969103447	0.0006433966632297628	0.0
-0.0009113477827820585	0.0006397352322268004	0.0
-0.0009150008928499961	0.000636073801223838	0.0
-0.0009182694650160455	0.0006324937353542748	0.0
-0.0009207689613783184	0.0006289950346181107	0.0
-0.0009227877853632314	0.0006255776990153458	0.0
-0.0009241336680198399	0.0006222417285459799	0.0
-0.0009249988782990882	0.0006189871232100134	0.0
-0.0009253834162009765	0.0006158952481408451	0.0
-0.0009252872817255044	0.0006129661033384752	0.0
-0.0009248066093481442	0.0006103624190697019	0.0
-0.0009238452645934237	0.0006078400999343277	0.0
-0.0009224993819368153	0.0006056432413325503	0.0
-0.0009209612303292626	0.0006036091129975712	0.0
-0.0009190385408198217	0.000601981810329588	0.0
-0.000917019716834909	0.000600517237928403	0.0
-0.0009148086238990519	0.0005994594911942139	0.0
-0.0009126936654386671	0.0005987272049936213	0.0
-0.0009105787069782821	0.000598076283926428	0.0
-0.0009084637485178974	0.0005975880931260331	0.0
-0.0009064449245329844	0.0005969371720588397	0.0
-0.0009046183694990156	0.0005959607904580497	0.0
-0.0009028879489405189	0.0005944962180568648	0.0
-0.0009012536628574943	0.000592624819988684	0.0
-0.0008998116457254137	0.0005901838659867091	0.0
-0.0008985618975442772	0.0005874174514511374	0.0
-0.0008975044183140847	0.0005844069415153684	0.0
-0.0008965430735593643	0.0005813964315795992	0.0
-0.0008958701322310601	0.0005784672867772294	0.0
-0.0008951971909027558	0.0005757822373750568	0.0
-0.0008948126530008676	0.0005735853787732794	0.0
-0.0008943319806235074	0.0005718767109718969	0.0
-0.0008939474427216192	0.0005706562339709095	0.0
-0.0008935629048197311	0.0005700866780371153	0.0
-0.0008930822324423708	0.0005699239477703169	0.0
-0.0008926976945404827	0.0005703307734373129	0.0
-0.0008921208876876504	0.0005710630596379053	0.0
-0.0008914479463593462	0.0005721208063720945	0.0
-0.0008906788705555698	0.0005736667439066786	0.0
-0.0008897175258008494	0.000575375411708061	0.0
-0.000888563912095185	0.0005772468097762418	0.0
-0.0008872180294385764	0.0005794436683780193	0.0
-0.0008856798778310238	0.0005818846223799943	0.0
-0.000883853322797055	0.0005844069415153684	0.0
-0.0008819306332876141	0.0005871733560509399	0.0
-0.0008797195403517573	0.0005898584054531125	0.0
-0.0008773161784649563	0.0005925434548552848	0.0
-0.0008749128165781553	0.0005951471391240582	0.0
-0.0008723171857404102	0.0005977508233928314	0.0
-0.000869721554902665	0.0006001104122614071	0.0
-0.00086712592406492	0.0006023886359965838	0.0
-0.0008644341587517028	0.0006046668597317604	0.0
-0.0008617423934384857	0.0006067009880667395	0.0
-0.0008591467626007407	0.0006088164815351179	0.0
-0.0008565511317629956	0.0006107692447366978	0.0
-0.0008539555009252504	0.0006128033730716768	0.0
-0.0008513598700875054	0.0006147561362732567	0.0
-0.0008486681047742882	0.0006167902646082359	0.0
-0.0008459763394610711	0.0006186616626764167	0.0
-0.0008431884396723819	0.0006206957910113958	0.0
-0.0008403044054082207	0.000622729919346375	0.0
-0.0008374203711440596	0.0006246826825479549	0.0
-0.0008343440679289542	0.0006267981760163332	0.0
-0.000831363899189321	0.0006289136694847115	0.0
-0.0008281914614987437	0.0006312732583532873	0.0
-0.0008249228893326943	0.0006337142123552621	0.0
-0.0008216543171666448	0.000636561992024233	0.0
-0.0008182896105251236	0.0006397352322268004	0.0
-0.00081482876940813	0.0006432339329629645	0.0
-0.0008112717938156645	0.0006470580942327252	0.0
-0.0008076186837477269	0.0006512077160360826	0.0
-0.0008039655736797895	0.0006556014332396375	0.0
-0.000800312463611852	0.0006603206109767891	0.0
-0.0007966593535439144	0.0006653652492475372	0.0
-0.000793102377951449	0.0006705726177850839	0.0
-0.0007895454023589834	0.0006761868119896263	0.0
-0.0007862768301929341	0.0006819637364609669	0.0
-0.0007830082580268847	0.0006879033911991059	0.0
-0.0007799319548117793	0.0006941685064708416	0.0
-0.0007771440550230903	0.0007005149868759765	0.0
-0.0007745484241853451	0.0007071055626813089	0.0
-0.0007723373312494882	0.0007137775036200404	0.0
-0.0007704146417400474	0.000720530809692171	0.0
-0.0007687803556570228	0.0007272841157643017	0.0
-0.0007676267419513582	0.000733874691569634	0.0
-0.0007666653971966378	0.0007403839022415672	0.0
-0.0007662808592947497	0.0007467303826467021	0.0
-0.0007660885903438056	0.0007528327676516395	0.0
-0.0007664731282456937	0.0007586910572563794	0.0
-0.0007671460695739981	0.0007643052514609217	0.0
-0.0007682035488041905	0.0007697567153986658	0.0
-0.0007695494314607991	0.0007748013536694139	0.0
-0.0007712798520192958	0.0007796832616733638	0.0
-0.0007732025415287366	0.0007843210742771162	0.0
-0.0007755097689400656	0.000788633426347272	0.0
-0.0007780092653023387	0.0007926203178838311	0.0
-0.0007807971650910277	0.0007962003837533944	0.0
-0.000783681199355189	0.0007993736239559617	0.0
-0.0007865652336193501	0.0008020586733581341	0.0
-0.0007897376713099275	0.000804499627360109	0.0
-0.0007928139745250328	0.0008062896602948907	0.0
-0.0007958902777401381	0.0008077542326960758	0.0
-0.0007988704464797714	0.0008085678840300673	0.0
-0.0008017544807439325	0.0008090560748304623	0.0
-0.0008045423805326218	0.0008091374399638615	0.0
-0.0008070418768948947	0.000808893344563664	0.0
-0.0008093491043062238	0.0008084051537632689	0.0
-0.0008115601972420806	0.0008077542326960758	0.0
-0.0008133867522760494	0.0008071846767622816	0.0
-0.0008150210383590741	0.0008066964859618865	0.0
-0.0008163669210156827	0.0008062082951614915	0.0
-0.0008174244002458752	0.0008060455648946932	0.0
-0.0008181934760496515	0.0008059641997612941	0.0
-0.0008185780139515396	0.0008061269300280923	0.0
-0.0008187702829024837	0.0008063710254282899	0.0
-0.0008185780139515396	0.0008065337556950882	0.0
-0.0008180973415741794	0.0008068592162286849	0.0
-0.0008174244002458752	0.0008070219464954832	0.0
-0.0008162707865402106	0.000806940581362084	0.0
-0.0008150210383590741	0.0008068592162286849	0.0
-0.0008134828867515215	0.000806452390561689	0.0
-0.0008118486006684967	0.0008057201043610966	0.0
-0.00081011818011	0.0008048250878937058	0.0
-0.0008081954906005593	0.0008036046108927183	0.0
-0.0008061766666156464	0.0008021400384915333	0.0
-0.0008039655736797895	0.0008004313706901508	0.0
-0.0008016583462684604	0.0007985599726219701	0.0
-0.0007992549843816595	0.0007962817488867935	0.0
-0.0007966593535439144	0.0007938407948848185	0.0
-0.0007940637227061693	0.0007909116500824486	0.0
-0.0007911796884420082	0.0007878197750132803	0.0
-0.000788199519702375	0.0007844024394105154	0.0
-0.0007850270820117975	0.0007808223735409521	0.0
-0.0007816623753702761	0.0007770795774045906	0.0
-0.0007782976687287547	0.0007732554161348299	0.0
-0.0007747406931362892	0.0007695126199984682	0.0
-0.0007711837175438238	0.0007660139192623041	0.0
-0.0007674344730004141	0.0007626779487929384	0.0
-0.0007636852284570046	0.0007594233434569718	0.0
-0.000759935983913595	0.0007564128335212027	0.0
-0.0007560906048947134	0.0007534836887188327	0.0
-0.0007523413603513038	0.0007507172741832612	0.0
-0.0007484959813324223	0.0007481135899144878	0.0
-0.0007447467367890126	0.000745672635912513	0.0
-0.0007409974922456031	0.0007433130470439372	0.0
-0.0007372482477021934	0.0007410348233087606	0.0
-0.0007336912721097279	0.000738756599573584	0.0
-0.0007301342965172625	0.0007366411061052056	0.0
-0.000726577320924797	0.0007344442475034282	0.0
-0.0007233087487587476	0.0007321660237682516	0.0
-0.0007201363110681704	0.0007297250697662766	0.0
-0.0007171561423285371	0.0007271213854975034	0.0
-0.0007142721080643758	0.0007241108755617343	0.0
-0.0007116764772266308	0.0007207749050923685	0.0
-0.0007091769808643577	0.0007169507438226078	0.0
-0.0007068697534530288	0.0007128011220192504	0.0
-0.0007047547949926438	0.0007080005791486997	0.0
-0.000702735971007731	0.0007027932106111531	0.0
-0.0007008132814982902	0.0006970162861398124	0.0
-0.0006989867264643215	0.0006906698057346775	0.0
-0.0006972563059058247	0.0006839164996625469	0.0
-0.0006956220198228	0.000676593637656622	0.0
-0.0006939877337397753	0.0006688639499837014	0.0
-0.0006924495821322227	0.0006606460715103858	0.0
-0.000690815296049198	0.0006521027325034735	0.0
-0.0006892771444416454	0.0006431525678295653	0.0
-0.0006876428583586208	0.0006338769426220605	0.0
-0.0006860085722755959	0.0006245199522811565	0.0
-0.0006842781517170992	0.0006149188665400551	0.0
-0.0006825477311586026	0.0006053177807989537	0.0
-0.0006807211761246338	0.0005957980601912514	0.0
-0.000678894621090665	0.0005865224349837467	0.0
-0.0006771642005321683	0.0005775722703098385	0.0
-0.0006752415110227274	0.0005690289313029262	0.0
-0.0006732226870378147	0.0005609737830964089	0.0
-0.0006711077285774297	0.0005534068256902865	0.0
-0.0006688966356415728	0.0005463280590845593	0.0
-0.0006664932737547718	0.0005397374832792268	0.0
-0.0006638015084415546	0.0005336350982742896	0.0
-0.0006610136086528655	0.0005279395389363481	0.0
-0.0006579373054377602	0.0005228135355322005	0.0
-0.0006545725987962388	0.0005180129926616499	0.0
-0.0006509194887283013	0.0005136192754580949	0.0
-0.0006468818407584755	0.0005096323839215358	0.0
-0.0006426519238377057	0.0005059709529185735	0.0
-0.0006380374690150479	0.0005026349824492078	0.0
-0.0006330384762905017	0.0004996244725134387	0.0
-0.0006276549456640675	0.0004968580579778671	0.0
-0.0006219830116112172	0.0004944171039758922	0.0
-0.0006157342707055344	0.0004922202453741146	0.0
-0.0006092932608489078	0.0004904302124393331	0.0
-0.000602275444139449	0.0004887215446379506	0.0
-0.0005948730895281017	0.00048717560710336645	0.0
-0.0005870861970148665	0.0004857110347021815	0.0
-0.000578818632124271	0.0004842464623009965	0.0
-0.0005701665293317874	0.00048278188989981155	0.0
-0.0005611298886374156	0.00048115458723182824	0.0
-0.0005518048445166277	0.0004794459194304458	0.0
-0.0005419029935430076	0.00047765588649566416	0.0
-0.0005317127391429713	0.0004757031232940842	0.0
-0.0005210418123655748	0.00047375036009250426	0.0
-0.0005098902132108181	0.0004717162317575251	0.0
-0.0004982579416787012	0.00046976346855594523	0.0
-0.0004859527288182801	0.0004677293402209661	0.0
-0.00047326297805597075	0.0004657765770193861	0.0
-0.0004599002859653571	0.00046374244868440696	0.0
-0.00044615305597285533	0.000461789685482827	0.0
-0.00043163675017657727	0.0004597555571478479	0.0
-0.00041663977200293896	0.00045772142881286875	0.0
-0.00040116212145194046	0.00045560593534449054	0.0
-0.0003850115295726377	0.0004534904418761122	0.0
-0.0003683802653159747	0.0004512935832743348	0.0
-0.0003512683286819515	0.0004490967246725573	0.0
-0.00033357958519509613	0.0004468185009373807	0.0
-0.00031550630380635254	0.0004443775469354058	0.0
-0.00029695235004024875	0.00044185522780003166	0.0
-0.0002779177238967848	0.0004391701783978592	0.0
-0.0002584024253759606	0.00043624103359548926	0.0
-0.00023850258895324823	0.00043314915852632105	0.0
-0.00021831434910411977	0.0004298131880569553	0.0
-0.00019764543687763109	0.00042639585245419034	0.0
-0.0001766881212247263	0.00042265305631782876	0.0
-0.0001554424021454054	0.0004186661647812697	0.0
-0.0001338121451641963	0.0004145165429779123	0.0
-0.0001120857537075152	0.00040996009550755907	0.0
-9.007095882441796e-05	0.00040491545723681085	0.0
-6.796002946584867e-05	0.00039938262816566764	0.0
-4.58491001072794e-05	0.0003931175128939319	0.0
-2.3738170748710126e-05	0.00038636420682180127	0.0
-1.627241390140847e-06	0.00037879724941567897	0.0
2.0483687968428428e-05	0.0003705793709423633	0.0
4.240234837605362e-05	0.0003617105714018544	0.0
6.432100878367882e-05	0.0003521908507941521	0.0
8.604740024035994e-05	0.0003420202091192565	0.0
0.00010777379169704105	0.00033119864637716755	0.0
0.0001294040486782501	0.0003198888928346836	0.0
0.00015084203670851512	0.00030809094849180475	0.0
0.00017218389026330808	0.00029588617848193006	0.0
0.000193429609342629	0.0002831118525382612	0.0
0.00021457919394647786	0.0002700120660609957	0.0
0.00023544037512391062	0.0002564240887833351	0.0
0.0002563015563013434	0.0002425920161054771	0.0
0.0002766820651014159	0.00022843448289402245	0.0
0.0002970625739014885	0.00021411421941576944	0.0
0.00031696241032420084	0.00019971259080411727	0.0
0.0003366699777959691	0.00018522959705906595	0.0
0.00035599300736584923	0.00017090933358081291	0.0
0.00037493149903384117	0.0001568331655027574	0.0
0.000393581587275417	0.00014300109282489943	0.0
0.0004119432720905767	0.00012957584581403724	0.0
0.00043001655347932023	0.00011663878960357002	0.0
0.0004477052969661757	0.00010410855906009866	0.0
0.00046520177150208704	9.214788445042143e-05	0.0
0.00048250597708705427	8.059403550774003e-05	0.0
0.0004994256447701334	6.952837736545361e-05	0.0
0.0005162491779777404	5.911364029036053e-05	0.0
0.0005326881732834593	4.910572888226326e-05	0.0
0.0005489348996382342	3.966737340796014e-05	0.0
0.0005647009536156488	3.0798573867451184e-05	0.0
0.0005800824696911752	2.2417965127337213e-05	0.0
0.0005950794478648135	1.4606912321017393e-05	0.0
0.0006094996191856196	7.365415448491729e-06	0.0
0.0006233429836535933	6.121093763610513e-07	0.0
0.0006365134067932628	-5.571640761975472e-06	0.0
0.0006489147541291562	-1.1267200099917007e-05	0.0
0.000660739294612217	-1.6311838370665222e-05	0.0
0.0006717947592915017	-2.0786920707619287e-05	0.0
0.0006820811481670101	-2.4692447110779193e-05	0.0
0.000691694595714214	-2.8109782713544116e-05	0.0
0.0007006351019331138	-3.095756238251488e-05	0.0
0.0007089026668237093	-3.331715125109066e-05	0.0
0.0007165934248614725	-3.510718418587229e-05	0.0
0.0007238035105218755	-3.632766118685976e-05	0.0
0.0007304367893294463	-3.7141312520851404e-05	0.0
0.000736685530235129	-3.762950332124639e-05	0.0
0.0007426458677143955	-3.754813818784723e-05	0.0
0.0007484139362427178	-3.7141312520851404e-05	0.0
0.0007537974668691521	-3.640902632025892e-05	0.0
0.0007590848630201144	-3.543264471946895e-05	0.0
0.0007639877212691884	-3.4212167718481475e-05	0.0
0.0007688905795182624	-3.291032558409484e-05	0.0
0.0007736011688163925	-3.1445753182909875e-05	0.0
0.0007784078925899945	-3.006254591512407e-05	0.0
0.0007834068853145405	-2.8679338647338268e-05	0.0
0.0007885981469900308	-2.7296131379552468e-05	0.0
0.0007942700810428811	-2.5912924111766668e-05	0.0
0.0008003265529976196	-2.4529716843980864e-05	0.0
0.0008070559662806625	-2.322787470959423e-05	0.0
0.0008141699174655934	-2.184466744180843e-05	0.0
0.0008217645410278847	-2.054282530742179e-05	0.0
0.0008298398369675359	-1.915961803963599e-05	0.0
0.0008383958052845476	-1.7776410771850186e-05	0.0
0.0008474324459789193	-1.6311838370665222e-05	0.0
0.0008567574900997072	-1.4765900836081093e-05	0.0
0.0008664670721223834	-1.321996330149696e-05	0.0
0.0008764650575714756	-1.1511295500114502e-05	0.0
0.0008866553119715119	-9.721262565332876e-06	0.0
0.0008971339697979642	-7.6057690969545915e-06	0.0
0.0009076126276244167	-5.408910495177143e-06	0.0
0.000918187419926341	-2.967956493202199e-06	0.0
0.0009288583467037376	-4.456373578280908e-07	0.0
0.000939529273481134	2.158046910945182e-06	0.0
0.0009502963347340026	4.843096313117621e-06	0.0
0.000960967261511399	7.121320048294234e-06	0.0
0.0009716381882887955	9.318178650071683e-06	0.0
0.000982405249541664	1.1270941851651638e-05	0.0
0.0009930761763190603	1.2735514252836604e-05	0.0
0.0010036509686209849	1.4037356387223241e-05	0.0
0.0010141296264474374	1.5013737988013217e-05	0.0
0.0010246082842738898	1.5827389322004864e-05	0.0
0.00103499080762487	1.639694525579902e-05	0.0
0.0010453733309758505	1.6803770922794845e-05	0.0
0.0010556597198513587	1.6966501189593174e-05	0.0
0.001065849974251395	1.6966501189593174e-05	0.0
0.0010759440941759593	1.6803770922794845e-05	0.0
0.0010859420796250515	1.6478310389198183e-05	0.0
0.0010959400650741437	1.5990119588803193e-05	0.0
0.0011058419160477637	1.542056365500904e-05	0.0
0.001115647632545912	1.4932372854614053e-05	0.0
0.001125261080093116	1.4444182054219064e-05	0.0
0.001134970662115792	1.4281451787420735e-05	0.0
0.001144584109662996	1.4362816920819898e-05	0.0
0.001154101422734728	1.4851007721214888e-05	0.0
0.001163522601330988	1.5827389322004864e-05	0.0
0.001172847645451776	1.7373326856588996e-05	0.0
0.0011818842861461476	1.9407455191568116e-05	0.0
0.0011906325234141034	2.1929774326942222e-05	0.0
0.001199092357255643	2.4858919129312155e-05	0.0
0.0012070715187198222	2.819488959867791e-05	0.0
0.0012145700078066415	3.1693590334841994e-05	0.0
0.0012214916900406283	3.535502133780441e-05	0.0
0.001227740430946311	3.926054774096433e-05	0.0
0.0012332200960482173	4.32474392775234e-05	0.0
0.0012380268198218193	4.7315695947481634e-05	0.0
0.001242160602267117	5.1465317750839044e-05	0.0
0.0012454291744331662	5.5777669820994776e-05	0.0
0.0012480248052709115	6.009002189115051e-05	0.0
0.0012497552258294083	6.456510422810456e-05	0.0
0.0012507165705841286	6.91215516984578e-05	0.0
0.0012509088395350728	7.367799916881104e-05	0.0
0.0012503320326822404	7.831581177256342e-05	0.0
0.0012490822845011038	8.29536243763158e-05	0.0
0.001247063460516191	8.751007184666904e-05	0.0
0.001244371695202974	9.206651931702227e-05	0.0
0.0012411031230369245	9.646023652057715e-05	0.0
0.0012371616095425708	0.00010077258859073289	0.0
0.001232643289195385	0.0001049222103940903	0.0
0.0012275481619953667	0.00010882773679725021	0.0
0.0012219723624179886	0.0001123264375334143	0.0
0.0012160120249387221	0.00011541831260258254	0.0
0.0012096671495575673	0.00011794063173795666	0.0
0.0012031300052254687	0.00011997476007293578	0.0
0.0011965928608933698	0.00012135796734072159	0.0
0.001189959582085799	0.0001220088884079149	0.0
0.0011835185722291724	0.00012217161867471323	0.0
0.0011771736968480178	0.00012168342787431825	0.0
0.001171021090417807	0.00012054431600672994	0.0
0.0011651568874140126	0.00011891701333874665	0.0
0.0011593888188856903	0.00011663878960357002	0.0
0.001154005288259256	0.00011379100993459925	0.0
0.001148910161059238	0.00011045503946523352	0.0
0.001144103437285636	0.00010663087819547276	0.0
0.001139681251413922	0.0001023998912587162	0.0
0.0011357397379195685	9.784344378836296e-05	0.0
0.001132086627851631	9.312426605121141e-05	0.0
0.0011289141901610535	8.824235804726152e-05	0.0
0.0011261262903723643	8.327908490991248e-05	0.0
0.0011238190629610353	7.831581177256342e-05	0.0
0.0011218002389761226	7.32711735018152e-05	0.0
0.0011201659528930978	6.830790036446614e-05	0.0
0.001118916204711961	6.326326209371794e-05	0.0
0.0011179548599572408	5.821862382296972e-05	0.0
0.0011174741875798807	5.301125528542317e-05	0.0
0.0011170896496779925	4.780388674787663e-05	0.0
0.0011169935152025206	4.235242281013258e-05	0.0
0.0011170896496779925	3.690095887238854e-05	0.0
0.0011173780531044087	3.120539953444701e-05	0.0
0.001117570322055353	2.5428475063106306e-05	0.0
0.0011178587254817688	1.9407455191568116e-05	0.0
0.0011180509944327128	1.3386435320029922e-05	0.0
0.001118243263383657	7.121320048294234e-06	0.0
0.001118243263383657	6.934745097602162e-07	0.0
0.0011180509944327128	-5.734371028773801e-06	0.0
0.0011178587254817688	-1.2243581700706985e-05	0.0
0.0011174741875798807	-1.8834157506039332e-05	0.0
0.0011168973807270484	-2.5424733311371677e-05	0.0
0.0011162244393987442	-3.193394398330486e-05	0.0
0.0011153592291194957	-3.844315465523804e-05	0.0
0.0011143978843647752	-4.4789635060372895e-05	0.0
0.0011131481361836388	-5.105475033210859e-05	0.0
0.0011118983880025024	-5.7075770203646776e-05	0.0
0.0011103602363949497	-6.30154249417858e-05	0.0
0.0011088220847873971	-6.879234941312651e-05	0.0
0.0011069955297534281	-7.432517848426971e-05	0.0
0.0011050728402439876	-7.977664242201376e-05	0.0
0.0011029578817836026	-8.49840109595603e-05	0.0
0.0011007467888477457	-9.002864923030851e-05	0.0
0.0010984395614364166	-9.49105572342584e-05	0.0
0.0010959400650741437	-9.95483698380108e-05	0.0
0.0010933444342363986	-0.00010418618244176319	0.0
0.0010905565344477093	-0.00010874262991211642	0.0
0.001087672500183548	-0.00011338044251586881	0.0
0.001084788465919387	-0.00011809962025302035	0.0
0.0010818082971797538	-0.00012290016312357108	0.0
0.0010786358594891763	-0.00012786343626092014	0.0
0.0010753672873231271	-0.00013290807453166838	0.0
0.0010720025806816055	-0.00013819680820261406	0.0
0.00106844560508914	-0.00014356690700695893	0.0
0.0010646963605457306	-0.00014909973607810215	0.0
0.001060947116002321	-0.00015487666054944286	0.0
0.0010568133335570231	-0.00016081631528758186	0.0
0.0010524872821607815	-0.0001670000654259184	0.0
0.0010478728273381234	-0.00017318381556425492	0.0
0.0010430661035645214	-0.00017961166110278893	0.0
0.0010378748418890314	-0.00018603950664132296	0.0
0.0010322990423116529	-0.00019254871731325612	0.0
0.0010265309737833306	-0.0001991392931185885	0.0
0.001020282232877648	-0.00020572986892392083	0.0
0.0010137450885455493	-0.000212239079595854	0.0
0.0010068234063115623	-0.00021882965540118634	0.0
0.0009996133206511594	-0.00022533886607311953	0.0
0.0009919225626133959	-0.00023176671161165356	0.0
0.0009841356701001606	-0.0002381945571501876	0.0
0.0009758681052095653	-0.0002446224026887216	0.0
0.0009674082713680257	-0.00025096888309385646	0.0
0.0009586600341000701	-0.0002572339983655921	0.0
0.0009498156623566423	-0.00026349911363732784	0.0
0.0009407790216622706	-0.00026968286377566437	0.0
0.0009314539775414826	-0.00027578524878060166	0.0
0.0009220327989452227	-0.00028172490351874074	0.0
0.0009126116203489628	-0.0002875831931234806	0.0
0.0009029981728017587	-0.000293197387328023	0.0
0.0008932885907790827	-0.00029848612099896864	0.0
0.0008836751432318786	-0.0003035307592697169	0.0
0.0008739655612092026	-0.0003083313021402676	0.0
0.0008644482481374705	-0.0003128063844772217	0.0
0.0008551232040166826	-0.0003169560062805791	0.0
0.0008458942943713668	-0.0003207801675503398	0.0
0.0008367615192015229	-0.00032419750315310477	0.0
0.0008280132819335673	-0.00032728937822227303	0.0
0.0008194573136165556	-0.00033005579275784466	0.0
0.0008111897487259602	-0.00033249674675981956	0.0
0.0008030183183108367	-0.0003345308750947987	0.0
0.0007951352913221295	-0.0003363209080295803	0.0
0.0007875406677598382	-0.00033762275016396696	0.0
0.0007800421786730191	-0.0003386804968981561	0.0
0.0007729282274880881	-0.0003394127830987486	0.0
0.0007659104107786292	-0.0003397382436323452	0.0
0.0007589887285446423	-0.0003398196087657444	0.0
0.0007523554497370715	-0.00033957551336554685	0.0
0.0007458183054049728	-0.0003390873225651519	0.0
0.000739377295548346	-0.00033835503636455946	0.0
0.0007330324201671914	-0.00033746001989716864	0.0
0.0007267836792615087	-0.00033648363829637864	0.0
0.0007206310728312982	-0.0003354258915621895	0.0
0.0007143823319256155	-0.000334205414561202	0.0
0.000708325859970877	-0.0003329849375602145	0.0
0.0007020771190651944	-0.00033192719082602543	0.0
0.0006958283781595118	-0.0003307067138250379	0.0
0.0006895796372538291	-0.0003295676019574496	0.0
0.0006831386273972025	-0.0003286725854900588	0.0
0.0006765053485896316	-0.00032785893415606716	0.0
0.0006697759353065889	-0.00032728937822227303	0.0
0.0006626619841216579	-0.0003268825525552772	0.0
0.0006554518984612549	-0.00032671982228847884	0.0
0.0006480495438499078	-0.00032680118742187803	0.0
0.0006404549202876166	-0.0003272080130888739	0.0
0.0006327641622498534	-0.00032769620388926885	0.0
0.000624881135261146	-0.0003285098552232605	0.0
0.0006170942427479107	-0.0003294862368240505	0.0
0.0006092112157592035	-0.0003307067138250379	0.0
0.0006014243232459682	-0.00033208992109282374	0.0
0.0005935412962572609	-0.00033347312836060956	0.0
0.0005858505382194977	-0.0003347749704949962	0.0
0.0005781597801817344	-0.00033615817776278195	0.0
0.0005705651566194432	-0.00033737865476376946	0.0
0.000563066667532624	-0.00033851776663135777	0.0
0.000555664312921277	-0.00033957551336554685	0.0
0.0005482619583099299	-0.00034063326009973604	0.0
0.0005410518726495268	-0.00034152827656712685	0.0
0.0005338417869891238	-0.00034226056276771935	0.0
0.0005266317013287207	-0.00034299284896831185	0.0
0.0005196138846192619	-0.0003434810397687068	0.0
0.0005124999334343308	-0.000344050595702501	0.0
0.0005054821167248719	-0.0003443760562360976	0.0
0.000498464300015413	-0.0003447015167696943	0.0
0.000491446483305954	-0.0003449456121698918	0.0
0.0004844286665964951	-0.0003451083424366901	0.0
0.00047750698436250816	-0.00034527107270348843	0.0
0.0004703930331775772	-0.00034543380297028675	0.0
0.00046337521646811825	-0.00034551516810368593	0.0
0.0004561651308077152	-0.0003455965332370851	0.0
0.00044885891067184013	-0.0003458406286372826	0.0
0.000441360421585021	-0.00034600335890408093	0.0
0.0004337657980227298	-0.0003462474543042784	0.0
0.00042597890550949457	-0.00034665427997127425	0.0
0.0004179997440453152	-0.0003471424707716692	0.0
0.00040992444810566384	-0.0003476306615720642	0.0
0.0004016568832150684	-0.0003482815826392575	0.0
0.0003932931838490009	-0.00034909523397324915	0.0
0.00038473721553198924	-0.00035007161557403915	0.0
0.0003760851127395056	-0.00035121072744162746	0.0
0.000367433009947022	-0.0003525939347094133	0.0
0.00035858863820359426	-0.0003541398722439974	0.0
0.0003498404009356386	-0.0003560112703121782	0.0
0.0003409960291922109	-0.0003580453986471573	0.0
0.00033215165744878317	-0.0003604049875157331	0.0
0.0003233072857053555	-0.0003629273066511072	0.0
0.00031436677948645575	-0.00036569372118667884	0.0
0.00030552240774302806	-0.00036870423112244787	0.0
0.00029658190152412827	-0.0003718774713250153	0.0
0.00028764139530522854	-0.0003754575371945786	0.0
0.0002786047546108567	-0.0003790376030641418	0.0
0.00026956811391648495	-0.00038286176433390256	0.0
0.0002605314732221131	-0.0003869300210038608	0.0
0.0002513986980522693	-0.00039099827767381904	0.0
0.00024226592288242548	-0.00039514789947717643	0.0
0.0002330370132371096	-0.0003992161561471347	0.0
0.0002237119691163217	-0.0004031216825502946	0.0
0.00021438692499553379	-0.00040694584382005536	0.0
0.00020477347744832976	-0.00041068863995641694	0.0
0.00019506389542565367	-0.000414187340692581	0.0
0.00018525817892750556	-0.00041752331116194673	0.0
0.00017526019347841338	-0.000420615186231115	0.0
0.00016516607355384914	-0.00042354433103348495	0.0
0.00015478355020286878	-0.0004263921107024557	0.0
0.00014420875790094434	-0.00042907716010462816	0.0
0.0001336339655990199	-0.00043159947924000224	0.0
0.00012277076987067935	-0.0004341217983753764	0.0
0.00011171530519139471	-0.00043648138724395214	0.0
0.00010065984051211007	-0.0004389223412459271	0.0
8.931597240640931e-05	-0.00044128193011450285	0.0
7.797210430070854e-05	-0.0004437228841164778	0.0
6.653210171953575e-05	-0.00044624520325185193	0.0
5.509209913836295e-05	-0.0004488488875206252	0.0
4.355596208171811e-05	-0.00045145257178939846	0.0
3.2115959500545314e-05	-0.00045421898632497004	0.0
2.077209139484455e-05	-0.0004569854008605417	0.0
9.428223289143792e-06	-0.00045999591079631076	0.0
-1.7233758656128873e-06	-0.0004630064207320799	0.0
-1.2682706069425485e-05	-0.00046601693066784897	0.0
-2.3449767322294004e-05	-0.00046919017087041637	0.0
-3.4120694099690476e-05	-0.0004725261413397822	0.0
-4.44070829751988e-05	-0.0004758621118091479	0.0
-5.450120289976303e-05	-0.00047919808227851366	0.0
-6.430691939791115e-05	-0.00048245268761448024	0.0
-7.382423246964313e-05	-0.0004856259278170477	0.0
-8.295700763948697e-05	-0.0004887178028862159	0.0
-9.180137938291468e-05	-0.0004916469476885859	0.0
-0.00010035734769992627	-0.0004943319970907584	0.0
-0.0001085287781150497	-0.0004968543162261324	0.0
-0.00011631567062828496	-0.0004992139050947083	0.0
-0.00012371802523963206	-0.0005013293985630864	0.0
-0.00013083197642456304	-0.0005032007966312672	0.0
-0.00013756138970760586	-0.0005049094644326498	0.0
-0.00014390626508876053	-0.0005064554019672339	0.0
-0.00014986660256802704	-0.0005078386092350197	0.0
-0.00015553853662087741	-0.0005089777211026079	0.0
-0.00016082593277183963	-0.0005099541027033979	0.0
-0.00016563265654544166	-0.0005107677540373896	0.0
-0.00017015097689262754	-0.0005115000402379821	0.0
-0.00017428475933792527	-0.0005122323264385746	0.0
-0.00017813013835680692	-0.0005128018823723687	0.0
-0.0001814948449983283	-0.0005132900731727637	0.0
-0.0001845711482134336	-0.0005137782639731588	0.0
-0.00018745518247759483	-0.0005141850896401546	0.0
-0.00018985854436439582	-0.0005145919153071503	0.0
-0.00019206963730025275	-0.0005150801061075453	0.0
-0.00019418459576063762	-0.0005155682969079403	0.0
-0.00019591501631913437	-0.000515893757441537	0.0
-0.00019754930240215905	-0.0005163819482419319	0.0
-0.00019908745400971172	-0.0005169515041757261	0.0
-0.00020033720219084821	-0.0005175210601095203	0.0
-0.00020168308484745678	-0.0005182533463101127	0.0
-0.00020283669855312127	-0.0005189042673773061	0.0
-0.00020379804330784165	-0.0005197992838446969	0.0
-0.0002047593880625621	-0.0005207756654454868	0.0
-0.00020562459834181043	-0.0005218334121796761	0.0
-0.00020648980862105878	-0.0005230538891806634	0.0
-0.00020716274994936307	-0.0005243557313150501	0.0
-0.00020773955680219533	-0.0005259016688496342	0.0
-0.00020831636365502756	-0.0005275289715176176	0.0
-0.0002088931705078598	-0.0005294003695857982	0.0
-0.00020937384288522	-0.0005313531327873782	0.0
-0.0002097583807871082	-0.0005335499913891557	0.0
-0.00021023905316446836	-0.0005359095802577315	0.0
-0.0002105274565908845	-0.0005384318993931057	0.0
-0.0002110081289682447	-0.0005411983139286772	0.0
-0.00021139266687013287	-0.0005441274587310472	0.0
-0.00021187333924749306	-0.0005472193338002154	0.0
-0.00021235401162485325	-0.000550473939136182	0.0
-0.0002129308184776855	-0.0005537285444721486	0.0
-0.00021350762533051774	-0.0005572272452083127	0.0
-0.000214180566658822	-0.0005606445808110776	0.0
-0.0002150457769380704	-0.0005642246466806409	0.0
-0.0002160071216927908	-0.0005678860776836032	0.0
-0.00021706460092298324	-0.0005715475086865657	0.0
-0.0002182182146286477	-0.0005752903048229273	0.0
-0.0002195640972852563	-0.0005790331009592888	0.0
-0.00022110224889280894	-0.0005829386273624487	0.0
-0.00022264040050036158	-0.0005868441537656086	0.0
-0.00022437082105885832	-0.0005908310453021677	0.0
-0.00022610124161735504	-0.000594899301972126	0.0
-0.0002279277966513238	-0.0005990489237754833	0.0
-0.0002296582172098205	-0.0006031985455788408	0.0
-0.00023148477224378927	-0.0006075922627823957	0.0
-0.00023321519280228601	-0.0006119046148525515	0.0
-0.0002348494788853107	-0.0006162983320561063	0.0
-0.00023638763049286336	-0.0006206920492596612	0.0
-0.00023773351314947193	-0.0006250857664632161	0.0
-0.00023888712685513639	-0.0006295608488001702	0.0
-0.00023994460608532883	-0.0006340359311371242	0.0
-0.00024061754741363313	-0.0006385110134740782	0.0
-0.00024119435426646536	-0.0006429860958110324	0.0
-0.00024148275769288148	-0.0006475425432813857	0.0
-0.00024148275769288148	-0.0006520176256183396	0.0
-0.00024138662321740946	-0.0006564927079552937	0.0
-0.00024090595084004925	-0.0006611305205590461	0.0
-0.0002401368750362729	-0.0006656869680293993	0.0
-0.00023898326133060842	-0.0006701620503663533	0.0
-0.00023754124419852782	-0.000674881228103505	0.0
-0.0002358108236400311	-0.0006794376755738581	0.0
-0.00023369586517964623	-0.0006839941230442114	0.0
-0.00023119636881737315	-0.000688713300781363	0.0
-0.00022840846902868401	-0.0006933511133851154	0.0
-0.0002251398968626346	-0.0006981516562556662	0.0
-0.00022158292127016913	-0.0007029521991262168	0.0
-0.00021764140777581547	-0.0007077527419967675	0.0
-0.0002134114908550457	-0.0007126346500007174	0.0
-0.00020879703603238775	-0.0007175165580046673	0.0
-0.00020399031225878575	-0.0007224798311420164	0.0
-0.0001988951850587676	-0.0007275244694127646	0.0
-0.0001936077889078054	-0.000732650472816912	0.0
-0.00018803198933042706	-0.0007378578413544585	0.0
-0.00018226392080210462	-0.0007430652098920051	0.0
-0.0001762074488473661	-0.0007484353086963499	0.0
-0.00017015097689262754	-0.000753886772634094	0.0
-0.00016390223598694491	-0.0007595009668386364	0.0
-0.00015746122613031824	-0.0007652778913099771	0.0
-0.0001509240817982195	-0.0007712175460481162	0.0
-0.0001442908029906487	-0.0007772385659196542	0.0
-0.00013765752418307793	-0.0007833409509245916	0.0
-0.0001309281109000351	-0.0007896874313297265	0.0
-0.00012410256314152022	-0.0007959525466014621	0.0
-0.00011737314985847741	-0.000802299027006597	0.0
-0.00011054760209996255	-0.0008086455074117319	0.0
-0.00010362591986597564	-0.0008150733529502658	0.0
-9.680037210746078e-05	-0.0008215011984887999	0.0
-8.987868987347388e-05	-0.0008278476788939347	0.0
-8.295700763948697e-05	-0.0008342755244324688	0.0
-7.61314598809721e-05	-0.0008406220048376037	0.0
-6.940204659792929e-05	-0.0008470498503761377	0.0
-6.267263331488645e-05	-0.0008534776959146716	0.0
-5.603935450731568e-05	-0.0008598241763198064	0.0
-4.950221017521693e-05	-0.0008662520218583405	0.0
-4.315733479406227e-05	-0.0008726798673968745	0.0
-3.7004728363851695e-05	-0.0008791077129354086	0.0
-3.094825640911315e-05	-0.0008854541933405435	0.0
-2.5180187880790728e-05	-0.0008917193086122791	0.0
-1.960438830341239e-05	-0.000898065789017414	0.0
-1.422085767697813e-05	-0.0009042495391557505	0.0
-9.029596001487954e-06	-0.0009103519241606878	0.0
-4.030603276941855e-06	-0.0009162915788988268	0.0
6.79986021188121e-07	-0.0009222312336369659	0.0
5.198306368374017e-06	-0.0009280081581083066	0.0
9.428223289143792e-06	-0.0009337037174462482	0.0
1.3562005734441525e-05	-0.0009391551813839921	0.0
1.750351922879518e-05	-0.000944525280188337	0.0
2.115662929673271e-05	-0.0009497326487258836	0.0
2.4617470413726163e-05	-0.0009546959218632326	0.0
2.7982177055247577e-05	-0.0009595778298671825	0.0
3.1058480270352865e-05	-0.000964215642470935	0.0
3.4134783485458154e-05	-0.000968690724807889	0.0
3.701881774961937e-05	-0.0009729217117446456	0.0
3.980671753830853e-05	-0.0009769899684146037	0.0
4.249848285152567e-05	-0.0009807327645509653	0.0
4.51902481647428e-05	-0.0009843128304205286	0.0
4.7978147953431963e-05	-0.000987486070623096	0.0
5.076604774212114e-05	-0.0009903338502920667	0.0
5.3553947530810304e-05	-0.0009927748042940418	0.0
5.643798179497151e-05	-0.00099489029776242	0.0
5.9418150534604766e-05	-0.0009965989655638025	0.0
6.249445374971006e-05	-0.000997900807698189	0.0
6.576302591575943e-05	-0.000998714459032181	0.0
6.903159808180879e-05	-0.0009992026498325758	0.0
7.249243919880224e-05	-0.0009992026498325758	0.0
7.59532803157957e-05	-0.00099879582416558	0.0
7.951025590826119e-05	-0.000997900807698189	0.0
8.316336597619872e-05	-0.0009965989655638025	0.0
8.681647604413626e-05	-0.00099489029776242	0.0
9.066185506301787e-05	-0.0009927748042940418	0.0
9.43149651309554e-05	-0.0009900897548918693	0.0
9.806420967436498e-05	-0.0009870792449561002	0.0
0.00010171731974230252	-0.0009836619093533353	0.0
0.00010537042981024004	-0.0009799191132169737	0.0
0.00010892740540270554	-0.0009756881262802172	0.0
0.00011229211204422694	-0.0009710503136764648	0.0
0.00011556068421027632	-0.0009660870405391157	0.0
0.00011873312190085366	-0.00096079830686817	0.0
0.00012161715616501485	-0.0009551027475302286	0.0
0.00012440505595370403	-0.0009491630927920895	0.0
0.00012700068679144912	-0.000942979342653753	0.0
0.0001294040486782501	-0.0009366328622486181	0.0
0.000131519007138635	-0.0009301236515766849	0.0
0.00013344169664807583	-0.0009235330757713524	0.0
0.00013526825168204458	-0.000916861134832621	0.0
0.00013680640328959722	-0.0009101891938938895	0.0
0.00013824842042167785	-0.0009033545226883597	0.0
0.00013949816860281435	-0.000896601216616229	0.0
0.0001405556478330068	-0.0008898479105440983	0.0
0.00014142085811225517	-0.0008830946044719677	0.0
0.00014218993391603148	-0.0008763412983998371	0.0
0.00014286287524433578	-0.0008697507225945046	0.0
0.000143439682097168	-0.0008630787816557732	0.0
0.0001438242199990562	-0.0008566509361172391	0.0
0.0001441126234254723	-0.0008501417254453058	0.0
0.00014440102685188842	-0.0008438766101735702	0.0
0.00014468943027830453	-0.0008376928600352337	0.0
0.00014478556475377657	-0.0008316718401636954	0.0
0.00014488169922924864	-0.0008258135505589556	0.0
0.00014488169922924864	-0.000820036626087615	0.0
0.00014468943027830453	-0.0008144224318830726	0.0
0.00014449716132736046	-0.0008089709679453285	0.0
0.00014420875790094434	-0.0008036822342743828	0.0
0.00014372808552358412	-0.0007984748657368362	0.0
0.00014324741314622393	-0.0007933488623326889	0.0
0.00014257447181791966	-0.0007883855891953398	0.0
0.00014180539601414333	-0.0007835036811913899	0.0
0.00014084405125942292	-0.0007787845034542384	0.0
0.00013978657202923047	-0.0007739839605836877	0.0
0.00013853682384809397	-0.0007692647828465362	0.0
0.00013709480671601334	-0.0007646269702427837	0.0
0.00013546052063298866	-0.0007599891576390314	0.0
0.00013373010007449194	-0.0007553513450352789	0.0
0.00013180741056505112	-0.0007507948975649256	0.0
0.00012969245210466625	-0.0007462384500945725	0.0
0.00012738522469333727	-0.0007416820026242192	0.0
0.00012488572833106422	-0.0007372069202872652	0.0
0.0001223862319687912	-0.000732650472816912	0.0
0.00011969446665557406	-0.0007281753904799579	0.0
0.00011700270134235693	-0.0007236189430096046	0.0
0.00011421480155366776	-0.0007190624955392514	0.0
0.00011152303624045063	-0.0007145060480688982	0.0
0.00010883127092723349	-0.0007099496005985449	0.0
0.00010623564008948841	-0.0007053931531281918	0.0
0.00010364000925174331	-0.0007008367056578385	0.0
0.00010123664736494231	-0.000696117527920687	0.0
9.902555442908539e-05	-0.0006915610804503337	0.0
9.69105959687005e-05	-0.0006868419027131822	0.0
9.508404093473173e-05	-0.0006821227249760307	0.0
9.344975485170705e-05	-0.0006772408169720808	0.0
9.210387219509849e-05	-0.0006723589089681309	0.0
9.104639296490604e-05	-0.0006673142706973826	0.0
9.027731716112972e-05	-0.000662025537026437	0.0
8.989277925924155e-05	-0.0006566554382220921	0.0
8.989277925924155e-05	-0.0006511226091509489	0.0
9.018118268565767e-05	-0.0006453456846796082	0.0
9.085412401396195e-05	-0.00063932466480807	0.0
9.200773771962644e-05	-0.0006331409146697334	0.0
9.354588932717908e-05	-0.0006267944342645986	0.0
9.556471331209194e-05	-0.0006202852235926654	0.0
9.796807519889294e-05	-0.0006135319175205348	0.0
0.00010075597498758212	-0.000606778611448404	0.0
0.00010392841267815945	-0.0005998625751094751	0.0
0.00010748538827062493	-0.0005930279039039453	0.0
0.0001114269017649786	-0.0005861118675650162	0.0
0.0001157529531612204	-0.0005792771963594864	0.0
0.0001202712735084063	-0.0005725238902873557	0.0
0.0001252702662329524	-0.0005659333144820233	0.0
0.00013046152790844256	-0.0005595868340768884	0.0
0.00013594119301034888	-0.0005533217188051528	0.0
0.00014161312706319925	-0.0005473006989336146	0.0
0.0001474773300669937	-0.0005416865047290722	0.0
0.0001536299364972043	-0.0005362350407913281	0.0
0.00015978254292741488	-0.00053119040252058	0.0
0.00016612741830856952	-0.0005264712247834283	0.0
0.0001724722936897242	-0.0005222402378466718	0.0
0.0001789133035463509	-0.0005183347114435119	0.0
0.00018525817892750556	-0.0005148360107073478	0.0
0.00019160305430866023	-0.0005116627705047804	0.0
0.0001979479296898149	-0.0005088963559692088	0.0
0.0002041966705954975	-0.0005064554019672339	0.0
0.0002103492770257081	-0.0005044212736322548	0.0
0.00021640574898044662	-0.0005027939709642715	0.0
0.0002222699519842411	-0.0005014921288298848	0.0
0.0002280380205125635	-0.0005004343820956957	0.0
0.00023361382008994187	-0.000499620730761704	0.0
0.0002389973507163761	-0.0004988884445611115	0.0
0.0002442847468673383	-0.0004984816188941157	0.0
0.0002494760085428285	-0.0004979934280937207	0.0
0.00025437886679190256	-0.0004975866024267249	0.0
0.00025918559056550453	-0.0004971797767597291	0.0
0.0002638000453881625	-0.0004969356813595316	0.0
0.0002683183657353484	-0.0004965288556925358	0.0
0.00027264441713159023	-0.0004962033951589391	0.0
0.0002766820651014159	-0.0004959592997587416	0.0
0.0002804313096448255	-0.000495633839225145	0.0
0.00028408441971276307	-0.0004953083786915482	0.0
0.00028744912635428446	-0.0004949829181579516	0.0
0.0002904292950939177	-0.0004944947273575566	0.0
0.0002932171948826068	-0.0004939251714237624	0.0
0.00029562055676940783	-0.00049319288522317	0.0
0.00029773551522979273	-0.00049221650362238	0.0
0.00029965820473923355	-0.0004910773917547917	0.0
0.0003011963563467862	-0.0004896941844870059	0.0
0.0003024461045279227	-0.00048798551668562346	0.0
0.00030350358375811514	-0.00048611411861744264	0.0
0.0003042726595618915	-0.0004840799902824635	0.0
0.00030484946641472373	-0.0004817204014138878	0.0
0.00030513786984113985	-0.00047911671714511453	0.0
0.00030523400431661194	-0.00047643166774294203	0.0
0.0003053301387920839	-0.00047350252294057213	0.0
0.0003050417353656678	-0.0004703292827380047	0.0
0.00030484946641472373	-0.00046715604253543723	0.0
0.00030436879403736354	-0.00046373870693267234	0.0
0.00030388812166000335	-0.0004604027364633066	0.0
0.0003033113148071711	-0.00045706676599394086	0.0
0.00030283064242981087	-0.00045389352579137347	0.0
0.0003023499700524507	-0.000450720285588806	0.0
0.0003019654321505625	-0.00044779114078643607	0.0
0.0003016770287241464	-0.0004449433611174653	0.0
0.0003015808942486744	-0.00044233967684869204	0.0
0.0003015808942486744	-0.00043989872284671703	0.0
0.00030177316319961845	-0.00043770186424493964	0.0
0.0003021577011015066	-0.0004356677359099605	0.0
0.0003027345079543389	-0.0004338777029751789	0.0
0.00030350358375811514	-0.0004323317654405948	0.0
0.00030436879403736354	-0.0004309485581728089	0.0
0.00030561854221850004	-0.0004298094463052206	0.0
0.0003071566938260527	-0.00042883306470443066	0.0
0.0003088871143845494	-0.00042801941337043903	0.0
0.0003108098038939902	-0.00042720576203644734	0.0
0.0003131170313053192	-0.0004265548409692541	0.0
0.00031561652766759225	-0.00042574118963526245	0.0
0.00031840442745628147	-0.0004249275383012707	0.0
0.00032148073067138675	-0.0004241138869672791	0.0
0.0003248454373129081	-0.00042321887049988826	0.0
0.0003283062784299016	-0.00042232385403249745	0.0
0.00033205552297331113	-0.0004213474724317075	0.0
0.0003359970364676648	-0.00042028972569751837	0.0
0.00033993854996201844	-0.00041931334409672837	0.0
0.00034416846688278824	-0.0004181742322291401	0.0
0.00034849451827903007	-0.0004170351203615518	0.0
0.00035282056967527185	-0.00041597737362736266	0.0
0.0003572427555469857	-0.00041491962689317347	0.0
0.0003616649414186996	-0.00041386188015898434	0.0
0.00036618326176588546	-0.0004128041334247952	0.0
0.00037070158211307137	-0.000411746386690606	0.0
0.0003751237679847852	-0.00041068863995641694	0.0
0.0003796420883319711	-0.0004095495280888286	0.0
0.00038396813972821293	-0.0004084917813546395	0.0
0.00038819805664898273	-0.0004074340346204503	0.0
0.0003924279735697525	-0.000406294922752862	0.0
0.00039646562153957814	-0.00040507444575187454	0.0
0.00040050326950940386	-0.0004038539687508871	0.0
0.00040444478300375754	-0.0004027148568832988	0.0
0.0004081940275471671	-0.0004014130147489121	0.0
0.0004119432720905767	-0.0004001111726145255	0.0
0.00041550024768304217	-0.00039880933048013883	0.0
0.0004191533577509797	-0.0003973447580789539	0.0
0.0004226141988679731	-0.0003958801856777689	0.0
0.00042597890550949457	-0.0003944969784099831	0.0
0.00042934361215101597	-0.00039295104087539904	0.0
0.0004326121843170653	-0.00039132373820741567	0.0
0.0004357846220076427	-0.0003896964355394324	0.0
0.00043895705969822	-0.00038798776773804996	0.0
0.00044193722843785326	-0.0003863604650700667	0.0
0.0004449173971774865	-0.0003846517972686842	0.0
0.0004477052969661757	-0.0003830244946007009	0.0
0.0004503970622793928	-0.0003815599221995159	0.0
0.00045308882759260993	-0.0003804208103319276	0.0
0.000455588323954883	-0.00037944442873113766	0.0
0.00045789555136621196	-0.00037887487279734353	0.0
0.0004601066443020689	-0.00037854941226374685	0.0
0.0004620293338115097	-0.00037854941226374685	0.0
0.00046385588884547844	-0.00037879350766394435	0.0
0.00046549017492850315	-0.00037944442873113766	0.0
0.00046683605758511174	-0.0003804208103319276	0.0
0.0004679896712907762	-0.00038172265246631424	0.0
0.00046895101604549664	-0.00038351268540109593	0.0
0.0004697200918492729	-0.0003854654486026759	0.0
0.0004702007642266331	-0.00038774367233785246	0.0
0.0004705853021285213	-0.00039042872174002485	0.0
0.0004707775710794653	-0.00039327650140899567	0.0
0.0004707775710794653	-0.00039644974161156307	0.0
0.00047068143660399333	-0.00040002980748112633	0.0
0.0004704891676530492	-0.0004038539687508871	0.0
0.0004702968987021052	-0.00040792222542084536	0.0
0.00046991236080021697	-0.0004121532123576019	0.0
0.0004694316884228568	-0.0004167096598279551	0.0
0.00046895101604549664	-0.00042110337703151	0.0
0.0004684703436681364	-0.0004255784593684641	0.0
0.0004679896712907762	-0.0004298908114386198	0.0
0.00046750899891341596	-0.0004341217983753764	0.0
0.00046712446101152786	-0.00043802732477853627	0.0
0.00046673992310963965	-0.00044177012091489785	0.0
0.00046645151968322353	-0.000445268821651062	0.0
0.00046625925073227946	-0.0004486047921204277	0.0
0.0004660669817813354	-0.0004516153020561968	0.0
0.00046597084730586334	-0.00045454444685856673	0.0
0.00046597084730586334	-0.00045706676599394086	0.0
0.00046597084730586334	-0.0004594263548625166	0.0
0.0004660669817813354	-0.0004614604831974957	0.0
0.0004661631162568074	-0.0004633318812656765	0.0
0.00046645151968322353	-0.00046487781880026065	0.0
0.00046673992310963965	-0.0004663423912014456	0.0
0.00046712446101152786	-0.0004674815030690339	0.0
0.00046760513338888805	-0.00046837651953642473	0.0
0.0004680858057662482	-0.00046910880573701724	0.0
0.0004686626126190804	-0.00046959699653741224	0.0
0.00046933555394738474	-0.00046984109193760974	0.0
0.000470008495275689	-0.00046992245707100887	0.0
0.00047068143660399333	-0.00046975972680421055	0.0
0.00047145051240776964	-0.00046951563140401305	0.0
0.0004721234537360739	-0.00046902744060361805	0.0
0.00047279639506437823	-0.0004684578846698239	0.0
0.00047346933639268244	-0.0004677255984692314	0.0
0.00047404614324551473	-0.00046699331226863897	0.0
0.000474622950098347	-0.00046626102606804647	0.0
0.0004750074880002351	-0.0004654473747340548	0.0
0.00047539202590212327	-0.00046463372340006315	0.0
0.00047577656380401147	-0.00046398280233286984	0.0
0.00047596883275495555	-0.0004631691509988782	0.0
0.00047625723618137166	-0.0004624368647982857	0.0
0.0004763533706568437	-0.0004617045785976932	0.0
0.00047644950513231574	-0.00046105365753049994	0.0
0.0004765456396077878	-0.00046032137132990744	0.0
0.0004765456396077878	-0.00045967045026271407	0.0
0.0004766417740832598	-0.0004590195291955208	0.0
0.00047673790855873186	-0.0004583686081283275	0.0
0.00047673790855873186	-0.0004577990521945333	0.0
0.00047673790855873186	-0.00045714813112734	0.0
0.00047673790855873186	-0.0004564972100601467	0.0
0.0004768340430342039	-0.00045584628899295336	0.0
0.0004768340430342039	-0.00045527673305915923	0.0
0.00047693017750967593	-0.0004547071771253651	0.0
0.00047693017750967593	-0.0004540562560581717	0.0
0.00047702631198514797	-0.0004534053349909784	0.0
0.00047702631198514797	-0.0004528357790571843	0.0
0.00047702631198514797	-0.00045218485798999096	0.0
0.00047702631198514797	-0.00045153393692279765	0.0
0.00047702631198514797	-0.00045104574612240265	0.0
0.00047702631198514797	-0.00045047619018860846	0.0
0.00047693017750967593	-0.00044990663425481433	0.0
0.00047693017750967593	-0.00044941844345441933	0.0
0.0004768340430342039	-0.00044901161778742357	0.0
0.00047673790855873186	-0.0004486047921204277	0.0
0.0004766417740832598	-0.0004481979664534319	0.0
0.0004765456396077878	-0.0004477097756530369	0.0
0.0004765456396077878	-0.0004473843151194402	0.0
0.00047644950513231574	-0.00044689612431904525	0.0
0.0004763533706568437	-0.00044657066378544857	0.0
0.0004763533706568437	-0.0004460824729850536	0.0
0.00047625723618137166	-0.00044567564731805775	0.0
0.00047625723618137166	-0.0004451874565176628	0.0
0.0004761611017058996	-0.0004446179005838686	0.0
0.0004761611017058996	-0.0004440483446500745	0.0
0.0004760649672304276	-0.00044339742358288117	0.0
0.0004760649672304276	-0.0004427465025156878	0.0
0.0004760649672304276	-0.00044201421631509535	0.0
0.0004760649672304276	-0.00044128193011450285	0.0
0.0004761611017058996	-0.0004403869136471121	0.0
0.0004761611017058996	-0.0004395732623131204	0.0
0.00047625723618137166	-0.00043867824584572964	0.0
0.0004763533706568437	-0.00043770186424493964	0.0
0.00047644950513231574	-0.00043672548264414964	0.0
0.00047673790855873186	-0.0004357491010433597	0.0
0.0004768340430342039	-0.0004346913543091705	0.0
0.00047702631198514797	-0.00043379633784177974	0.0
0.0004773147154115641	-0.00043273859110759056	0.0
0.00047760311883798026	-0.0004317622095068006	0.0
0.0004777953877889243	-0.0004307044627726114	0.0
0.0004780837912153404	-0.0004297280811718215	0.0
0.0004783721946417565	-0.0004286703344376323	0.0
0.0004787567325436447	-0.0004277753179702415	0.0
0.0004792374049210049	-0.00042696166663624984	0.0
0.0004797180772983651	-0.00042606665016885903	0.0
0.0004802948841511974	-0.0004252529988348674	0.0
0.00048106395995497364	-0.00042452071263427495	0.0
0.00048192917023422204	-0.00042395115670048076	0.0
0.0004828905149889424	-0.00042338160076668663	0.0
0.0004839479942191349	-0.00042289340996629163	0.0
0.00048529387687574343	-0.00042240521916589663	0.0
0.000486735894007824	-0.00042207975863229995	0.0
0.0004882740456153767	-0.0004217542980987033	0.0
0.0004900044661738734	-0.0004215102026985058	0.0
0.0004919271556833143	-0.00042118474216490913	0.0
0.000493945979668227	-0.00042102201189811087	0.0
0.0004959648036531399	-0.00042077791649791337	0.0
0.0004981758965889968	-0.000420615186231115	0.0
0.0005003869895248538	-0.0004204524559643167	0.0
0.0005025980824607107	-0.0004203710908309175	0.0
0.0005048091753965677	-0.0004202083605641192	0.0
0.0005070202683324246	-0.00042004563029732087	0.0
0.0005091352267928094	-0.00041996426516392174	0.0
0.0005111540507777223	-0.00041996426516392174	0.0
0.0005131728747626352	-0.00041988290003052255	0.0
0.0005150955642720759	-0.00041988290003052255	0.0
0.0005169221193060447	-0.00041996426516392174	0.0
0.0005186525398645414	-0.00041996426516392174	0.0
0.0005201906914720941	-0.00042004563029732087	0.0
0.0005216327086041746	-0.0004202083605641192	0.0
0.0005228824567853112	-0.00042028972569751837	0.0
0.0005240360704909757	-0.0004204524559643167	0.0
0.0005249974152456961	-0.0004206965513645142	0.0
0.0005258626255249444	-0.0004209406467647117	0.0
0.0005265355668532488	-0.0004212661072983083	0.0
0.000527112373706081	-0.000421591567831905	0.0
0.0005275930460834411	-0.0004219170283655017	0.0
0.0005278814495098573	-0.00042232385403249745	0.0
0.0005279775839853294	-0.00042289340996629163	0.0
0.0005280737184608015	-0.00042338160076668663	0.0
0.0005279775839853294	-0.00042395115670048076	0.0
0.0005277853150343853	-0.00042460207776767413	0.0
0.0005275930460834411	-0.0004253343639682666	0.0
0.0005272085081815531	-0.0004261480153022582	0.0
0.0005268239702796649	-0.0004271243969030482	0.0
0.0005263432979023046	-0.00042818214363723735	0.0
0.0005258626255249444	-0.00042932125550482566	0.0
0.0005252858186721122	-0.0004306230976392123	0.0
0.00052470901181928	-0.0004320063049069981	0.0
0.0005241322049664477	-0.00043347087730818306	0.0
0.0005234592636381434	-0.0004350981799761664	0.0
0.0005228824567853112	-0.000436888212910948	0.0
0.000522305649932479	-0.00043859688071233046	0.0
0.0005216327086041746	-0.0004405496439139104	0.0
0.0005211520362268145	-0.00044250240711549035	0.0
0.0005205752293739823	-0.00044453653545046943	0.0
0.00051999842252115	-0.00044657066378544857	0.0
0.0005195177501437898	-0.0004486861572538269	0.0
0.0005190370777664297	-0.00045080165072220515	0.0
0.0005185564053890694	-0.0004529985093239826	0.0
0.0005180757330117092	-0.00045503263765896173	0.0
0.000517595060634349	-0.0004572294962607392	0.0
0.0005171143882569888	-0.0004592636245957183	0.0
0.0005166337158796286	-0.00046137911806409663	0.0
0.0005161530435022684	-0.0004633318812656765	0.0
0.0005156723711249082	-0.0004654473747340548	0.0
0.000515191698747548	-0.0004673187728022356	0.0
0.0005147110263701878	-0.00046919017087041637	0.0
0.0005141342195173555	-0.0004710615689385972	0.0
0.0005135574126645233	-0.00047277023673997963	0.0
0.0005128844713362191	-0.00047447890454136213	0.0
0.0005122115300079148	-0.00047602484207594627	0.0
0.0005114424542041384	-0.00047748941447713116	0.0
0.0005105772439248901	-0.00047879125661151785	0.0
0.0005096158991701697	-0.0004801744638793036	0.0
0.0005086545544154493	-0.0004813135757468919	0.0
0.0005075009407097848	-0.0004822899573476819	0.0
0.0005063473270041203	-0.00048334770408187106	0.0
0.0005050975788229838	-0.0004842427205492619	0.0
0.0005037516961663752	-0.0004850563718832535	0.0
0.0005023096790342946	-0.00048587002321724514	0.0
0.0005007715274267419	-0.0004864395791510393	0.0
0.0004991372413437172	-0.0004871718653516318	0.0
0.0004974068207852205	-0.00048774142128542596	0.0
0.0004955802657512518	-0.00048814824695242177	0.0
0.000493657576241811	-0.0004886364377528168	0.0
0.000491542617781426	-0.0004889618982864135	0.0
0.0004893315248455691	-0.0004892873588200101	0.0
0.0004870242974342401	-0.0004895314542202076	0.0
0.00048462093554743917	-0.0004897755496204051	0.0
0.0004820253047096941	-0.0004898569147538043	0.0
0.000479429673871949	-0.0004899382798872035	0.0
0.00047673790855873186	-0.0004899382798872035	0.0
0.00047404614324551473	-0.0004899382798872035	0.0
0.00047125824345682556	-0.0004897755496204051	0.0
0.00046856647814360843	-0.0004895314542202076	0.0
0.0004656824438794472	-0.0004892873588200101	0.0
0.00046289454409075806	-0.0004887991680196151	0.0
0.0004601066443020689	-0.0004883109772192201	0.0
0.0004573187445133797	-0.00048774142128542596	0.0
0.0004545308447246905	-0.00048709050021823264	0.0
0.0004517429449360014	-0.0004863582140176402	0.0
0.0004489550451473122	-0.0004854631975502494	0.0
0.000446167145358623	-0.0004844868159494594	0.0
0.00044337924556993384	-0.00048342906921527024	0.0
0.0004405913457812447	-0.0004822899573476819	0.0
0.0004378995804680276	-0.0004809881152132953	0.0
0.00043520781515481047	-0.0004795235428121103	0.0
0.00043251604984159334	-0.00047789624014412703	0.0
0.0004299204190038482	-0.00047602484207594627	0.0
0.00042722865369063107	-0.00047390934860756795	0.0
0.00042453688837741394	-0.0004715497597389922	0.0
0.0004218451230641968	-0.00046902744060361805	0.0
0.00041905722327550764	-0.0004661796609346473	0.0
0.00041626932348681853	-0.0004630064207320799	0.0
0.00041338528922265727	-0.00045958908512931494	0.0
0.00041040512048302403	-0.00045584628899295336	0.0
0.00040732881726791875	-0.00045177803232299515	0.0
0.00040406024510186933	-0.0004474656802528394	0.0
0.00040059940398487595	-0.0004427465025156878	0.0
0.00039704242839241037	-0.0004377832293783388	0.0
0.0003932931838490009	-0.0004323317654405948	0.0
0.0003893516703546472	-0.0004266362061026532	0.0
0.0003851217534338774	-0.000420615186231115	0.0
0.00038079570203763556	-0.00041426870582598015	0.0
0.00037618124721497766	-0.0004075153997538495	0.0
0.0003713745234413757	-0.0004005179982815213	0.0
0.00036647166519230157	-0.0003931137711421973	0.0
0.0003612804035168114	-0.0003854654486026759	0.0
0.00035589687289037714	-0.00037749166552955766	0.0
0.00035032107331299886	-0.00036919242192284287	0.0
0.0003446491392601485	-0.0003606490829159306	0.0
0.000338784936256354	-0.0003518616485088208	0.0
0.0003328245987770875	-0.0003427487535681143	0.0
0.0003266719923468769	-0.0003333103980938112	0.0
0.0003204232514411943	-0.00032370931235270976	0.0
0.00031398224158456754	-0.00031386413121141084	0.0
0.00030763736620341295	-0.0003037748546699144	0.0
0.00030110022187131413	-0.0002934414827282205	0.0
0.00029446694306374337	-0.0002830267456531274	0.0
0.00028792979873164465	-0.00027244927831123595	0.0
0.00028129651992407384	-0.00026179044583594534	0.0
0.0002747593755919751	-0.00025105024822725565	0.0
0.0002681260967844043	-0.00024031005061856588	0.0
0.00026149281797683356	-0.00022965121814327527	0.0
0.0002547634046937907	-0.00021891102053458553	0.0
0.00024813012588621996	-0.00020817082292589578	0.0
0.0002414007126031771	-0.0001975119904506052	0.0
0.00023457516484466228	-0.00018685315797531461	0.0
0.0002277496170861474	-0.000176194325500024	0.0
0.00022073180037668845	-0.0001656168581581326	0.0
0.0002137139836672295	-0.00015503939081624118	0.0
0.00020660003248229852	-0.00014454328860774893	0.0
0.00019938994682189548	-0.00013412855153265582	0.0
0.00019198759221054839	-0.00012387654472436105	0.0
0.0001845852375992013	-0.00011362453791606631	0.0
0.00017699061403691007	-0.00010361662650796903	0.0
0.00016929985599914687	-9.377144536667009e-05	0.0
0.00016141682901043956	-8.400762935877032e-05	0.0
0.00015353380202173225	-7.45692738844672e-05	0.0
0.0001453623716066088	-6.521228354356326e-05	0.0
0.00013709480671601334	-5.6180753736255967e-05	0.0
0.00012873110734994584	-4.739331932914617e-05	0.0
0.00012017513903293426	-3.8849980322233865e-05	0.0
0.0001114269017649786	-3.0469371582119897e-05	0.0
0.00010267866449702291	-2.233285824220342e-05	0.0
9.373815827812317e-05	-1.4440440302484433e-05	0.0
8.470151758375137e-05	-6.792117762962944e-06	0.0
7.556874241390754e-05	7.74839643159381e-07	0.0
6.633983276859166e-05	8.016336515685046e-06	0.0
5.701478864780376e-05	1.5095103121412382e-05	0.0
4.75936100515438e-05	2.1929774326942222e-05	0.0
3.8172431455283854e-05	2.852035013227457e-05	0.0
2.87512528590239e-05	3.502956080420775e-05	0.0
1.9233939787291906e-05	4.137604120934261e-05	0.0
9.812761191031952e-06	4.755979134767913e-05	0.0
3.91582594772e-07	5.374354148601565e-05	0.0
-9.029596001487954e-06	5.992729162435217e-05	0.0
-1.8354640122275865e-05	6.627377202948703e-05	0.0
-2.74874152921197e-05	7.262025243462188e-05	0.0
-3.662019046196353e-05	7.912946310655506e-05	0.0
-4.556069668086328e-05	8.572003891188741e-05	0.0
-5.440506842429099e-05	9.247334498401808e-05	0.0
-6.305717121677462e-05	9.93893813229471e-05	0.0
-7.170927400925825e-05	0.00010646814792867443	0.0
-8.01691078507978e-05	0.00011362827966780092	0.0
-8.862894169233734e-05	0.0001208697765403266	0.0
-9.699264105840486e-05	0.00012835536881304976	0.0
-0.00010535634042447237	0.00013592232621917208	0.0
-0.00011362390531506783	0.00014357064875869359	0.0
-0.00012179533573019126	0.00015130033643161422	0.0
-0.00013006290062078673	0.0001591927543713332	0.0
-0.0001383304655113822	0.0001670851723110522	0.0
-0.00014659803040197766	0.00017497759025077118	0.0
-0.00015486559529257312	0.00018287000819049016	0.0
-0.00016322929465864065	0.00019076242613020914	0.0
-0.0001716891285001802	0.00019857347893652896	0.0
-0.0001802450968171918	0.00020614043634265128	0.0
-0.00018880106513420337	0.00021354466348197528	0.0
-0.000197453167926687	0.00022070479522110178	0.0
-0.00020620140519464266	0.00022770219669342995	0.0
-0.00021514191141354242	0.00023445550276556063	0.0
-0.0002240824176324422	0.00024104607857089298	0.0
-0.00023302292385134194	0.000247473924109427	0.0
-0.00024205956454571373	0.0002539831347813602	0.0
-0.00025109620524008553	0.000260329615186495	0.0
-0.0002601328459344573	0.00026659473045823073	0.0
-0.0002691694866288291	0.0002729412108633656	0.0
-0.00027810999284772885	0.0002793690564018996	0.0
-0.00028695436459115655	0.00028579690194043363	0.0
-0.00029570260185911225	0.0002923061126123668	0.0
-0.0003044508391270679	0.00029889668841769914	0.0
-0.0003131029419195515	0.00030564999448982986	0.0
-0.00032165891023656315	0.00031232193542856133	0.0
-0.00033002260960263066	0.0003191566066340912	0.0
-0.00033838630896869816	0.0003260726429730202	0.0
-0.0003465577393838216	0.0003331514095787475	0.0
-0.000354729169798945	0.0003401488110510757	0.0
-0.00036261219678765226	0.0003473089427902022	0.0
-0.0003704952237763596	0.00035455043966272785	0.0
-0.00037828211628959484	0.0003617105714018544	0.0
-0.00038587673985188603	0.0003690334334077792	0.0
-0.0003932790944632332	0.00037627493028030484	0.0
-0.0004005853145991082	0.0003836791574196288	0.0
-0.00040769926578403923	0.0003910833845589528	0.0
-0.00041462094801802615	0.0003984876116982769	0.0
-0.00042135036130106895	0.00040589183883760086	0.0
-0.0004277913711576957	0.000413377431110324	0.0
-0.0004341362465388503	0.0004208630233830472	0.0
-0.0004402888529690609	0.00042834861565577034	0.0
-0.0004462491904483274	0.00043591557306189263	0.0
-0.0004520172589766498	0.000443482530468015	0.0
-0.0004574969240785561	0.00045104948787413727	0.0
-0.00046278432022951835	0.00045853508014686043	0.0
-0.0004678794474295365	0.00046610203755298273	0.0
-0.0004726861712031385	0.00047350626469230676	0.0
-0.00047739676050126845	0.00048107322209842905	0.0
-0.0004817228118975103	0.0004885588143711523	0.0
-0.000485856594342808	0.0004959630415104762	0.0
-0.0004897019733616897	0.0005033672686498002	0.0
-0.0004933550834296271	0.0005107714957891242	0.0
-0.0004966236555956766	0.0005180943577950491	0.0
-0.0004996038243353098	0.0005253358546675747	0.0
-0.0005023917241239989	0.0005325773515401003	0.0
-0.000504891220486272	0.0005397374832792268	0.0
-0.0005069100444711848	0.0005468162498849543	0.0
-0.0005088327339806257	0.0005537322862238833	0.0
-0.0005103708855881783	0.0005605669574294131	0.0
-0.0005117167682447869	0.000567401628634943	0.0
-0.0005127742474749792	0.0005739922044402752	0.0
-0.0005135433232787556	0.0005805014151122085	0.0
-0.00051421626460706	0.0005867665303839441	0.0
-0.000514600802508948	0.0005929502805222806	0.0
-0.0005147930714598922	0.0005988899352604197	0.0
-0.0005147930714598922	0.0006045854945983612	0.0
-0.000514600802508948	0.0006101996888029036	0.0
-0.000514408533558004	0.0006154884224738493	0.0
-0.0005139278611806438	0.0006206144258779966	0.0
-0.0005134471888032835	0.0006254963338819466	0.0
-0.0005127742474749792	0.0006302155116190982	0.0
-0.000512005171671203	0.0006346092288226531	0.0
-0.0005111399613919546	0.0006387588506260105	0.0
-0.0005101786166372342	0.0006427457421625696	0.0
-0.0005092172718825137	0.0006464071731655319	0.0
-0.0005081597926523214	0.000649905873901696	0.0
-0.000507198447897601	0.0006531604792376626	0.0
-0.0005061409686674085	0.0006561709891734316	0.0
-0.0005051796239126881	0.0006590187688424024	0.0
-0.0005042182791579676	0.0006616224531111757	0.0
-0.0005032569344032473	0.0006640634071131507	0.0
-0.000502295589648527	0.0006664229959817265	0.0
-0.0005015265138447506	0.000668619854583504	0.0
-0.0005006613035655022	0.000670653982918483	0.0
-0.0004998922277617259	0.0006725253809866639	0.0
-0.0004991231519579496	0.0006743967790548447	0.0
-0.0004984502106296453	0.0006761054468562271	0.0
-0.0004978734037768131	0.0006777327495242104	0.0
-0.0004972965969239808	0.0006791973219253953	0.0
-0.0004968159245466206	0.0006805805291931811	0.0
-0.0004963352521692604	0.0006818010061941687	0.0
-0.0004959507142673722	0.0006828587529283577	0.0
-0.0004955661763654841	0.0006838351345291477	0.0
-0.0004952777729390679	0.0006847301509965386	0.0
-0.000495085503988124	0.0006853810720637319	0.0
-0.0004949893695126519	0.000685950627997526	0.0
-0.0004948932350371798	0.0006863574536645218	0.0
-0.0004948932350371798	0.0006866015490647193	0.0
-0.0004949893695126519	0.0006866829141981184	0.0
-0.0004951816384635959	0.0006866829141981184	0.0
-0.0004954700418900121	0.0006865201839313202	0.0
-0.0004957584453164282	0.0006861133582643243	0.0
-0.0004962391176937884	0.0006857065325973286	0.0
-0.0004967197900711485	0.0006851369766635344	0.0
-0.0004972004624485088	0.0006844046904629418	0.0
-0.000497777269301341	0.0006835096739955511	0.0
-0.0004983540761541733	0.0006826146575281602	0.0
-0.0004990270174824776	0.0006815569107939711	0.0
-0.0004996999588107818	0.0006805805291931811	0.0
-0.0005003729001390861	0.0006794414173255928	0.0
-0.0005009497069919183	0.0006783023054580046	0.0
-0.0005016226483202227	0.0006771631935904162	0.0
-0.000502295589648527	0.0006761054468562271	0.0
-0.0005027762620258871	0.0006750477001220378	0.0
-0.0005033530688787194	0.0006742340487880463	0.0
-0.0005038337412560795	0.0006733390323206554	0.0
-0.0005043144136334397	0.0006726881112534622	0.0
-0.000504698951535328	0.0006721999204530671	0.0
-0.000505083489437216	0.0006718744599194705	0.0
-0.0005053718928636322	0.0006717930947860713	0.0
-0.0005056602962900483	0.0006718744599194705	0.0
-0.0005057564307655204	0.000672118555319668	0.0
-0.0005059486997164644	0.0006725253809866639	0.0
-0.0005060448341919364	0.0006732576671872563	0.0
-0.0005061409686674085	0.0006742340487880463	0.0
-0.0005062371031428805	0.0006753731606556346	0.0
-0.0005063332376183526	0.000676593637656622	0.0
-0.0005064293720938247	0.0006781395751912062	0.0
-0.0005066216410447687	0.0006796041475923912	0.0
-0.0005068139099957127	0.0006811500851269753	0.0
-0.000507102313422129	0.0006826960226615594	0.0
-0.0005073907168485451	0.0006840792299293452	0.0
-0.0005077752547504332	0.000685462437197131	0.0
-0.0005081597926523214	0.0006867642793315176	0.0
-0.0005086404650296815	0.0006879033911991059	0.0
-0.0005092172718825137	0.0006889611379332951	0.0
-0.000509697944259874	0.0006898561544006859	0.0
-0.0005102747511127062	0.0006907511708680767	0.0
-0.0005108515579655385	0.0006915648222020685	0.0
-0.0005113322303428987	0.0006922157432692617	0.0
-0.000511812902720259	0.0006927852992030559	0.0
-0.000512197440622147	0.0006933548551368501	0.0
-0.0005124858440485632	0.000693843045937245	0.0
-0.0005127742474749792	0.0006941685064708416	0.0
-0.0005128703819504513	0.0006944939670044383	0.0
-0.0005129665164259234	0.0006947380624046358	0.0
-0.0005128703819504513	0.0006949007926714342	0.0
-0.0005127742474749792	0.0006950635229382325	0.0
-0.0005125819785240353	0.0006951448880716317	0.0
-0.0005122935750976191	0.0006951448880716317	0.0
-0.000511812902720259	0.0006952262532050308	0.0
-0.0005114283648183707	0.0006951448880716317	0.0
-0.0005108515579655385	0.0006952262532050308	0.0
-0.0005101786166372342	0.0006952262532050308	0.0
-0.0005093134063579858	0.0006952262532050308	0.0
-0.0005083520616032655	0.0006953076183384299	0.0
-0.000507198447897601	0.0006953889834718291	0.0
-0.0005060448341919364	0.0006953889834718291	0.0
-0.000504698951535328	0.0006954703486052282	0.0
-0.0005032569344032473	0.0006955517137386274	0.0
-0.0005017187827956948	0.0006956330788720266	0.0
-0.0005000844967126699	0.0006956330788720266	0.0
-0.0004983540761541733	0.0006955517137386274	0.0
-0.0004966236555956766	0.0006953889834718291	0.0
-0.0004948932350371798	0.0006950635229382325	0.0
-0.000493066680003211	0.0006945753321378375	0.0
-0.0004913362594447143	0.000693843045937245	0.0
-0.0004895097044107455	0.0006930293946032533	0.0
-0.00048777928385224887	0.000691890282735665	0.0
-0.00048604886329375207	0.0006905884406012783	0.0
-0.0004843184427352554	0.0006890425030666943	0.0
-0.00048268415665223067	0.0006872524701319126	0.0
-0.00048085760161826194	0.0006852183417969336	0.0
-0.00047922331553523724	0.0006830214831951561	0.0
-0.0004774928949767405	0.0006805805291931811	0.0
-0.00047566633994277176	0.0006779768449244078	0.0
-0.000473935919384275	0.000675129065255437	0.0
-0.0004721093643503063	0.000672118555319668	0.0
-0.0004701866748408654	0.0006690266802504998	0.0
-0.0004682639853314246	0.0006658534400479323	0.0
-0.0004663412958219838	0.0006626801998453649	0.0
-0.000464418606312543	0.0006595069596427975	0.0
-0.00046249591680310224	0.0006564150845736292	0.0
-0.0004604770928181893	0.0006534859397712593	0.0
-0.0004584582688332765	0.0006505567949688893	0.0
-0.0004563433103728916	0.0006477903804333177	0.0
-0.0004543244863879788	0.0006451053310311453	0.0
-0.0004522095279275939	0.0006425830118957712	0.0
-0.000450094569467209	0.0006401420578937962	0.0
-0.0004478834765313521	0.0006378638341586196	0.0
-0.00044567238359549514	0.000635585610423443	0.0
-0.00044355742513511024	0.0006335514820884639	0.0
-0.00044134633219925336	0.0006315173537534848	0.0
-0.0004390391047879244	0.0006295645905519049	0.0
-0.0004369241463275395	0.0006276931924837241	0.0
-0.0004346169189162105	0.0006259845246823415	0.0
-0.00043240582598035363	0.0006241131266141607	0.0
-0.00043029086751996873	0.0006224044588127783	0.0
-0.00042817590905958383	0.0006206144258779966	0.0
-0.0004261570850746709	0.000618824392943215	0.0
-0.0004241382610897581	0.0006171157251418325	0.0
-0.00042231170605578933	0.0006152443270736518	0.0
-0.0004204851510218206	0.0006132915638720718	0.0
-0.0004186585959878518	0.0006112574355370928	0.0
-0.0004169281754293551	0.0006092233072021136	0.0
-0.00041529388934633037	0.0006070264486003362	0.0
-0.0004136596032633057	0.0006045854945983612	0.0
-0.000412025317180281	0.0006020631754629871	0.0
-0.0004102948966217843	0.0005993781260608147	0.0
-0.0004086606105387596	0.0005964489812584447	0.0
-0.0004068340555047909	0.0005933571061892765	0.0
-0.00040510363494629414	0.0005901838659867091	0.0
-0.0004031809454368533	0.0005866038001171457	0.0
-0.00040106598697646847	0.0005830237342475826	0.0
-0.0003988548940406115	0.0005790368427110236	0.0
-0.00039654766662928256	0.0005750499511744645	0.0
-0.0003939520357915374	0.0005708189642377079	0.0
-0.0003912602704783203	0.000566425247034153	0.0
-0.00038837623621415914	0.0005617874344304006	0.0
-0.00038520379852358176	0.0005571496218266482	0.0
-0.0003818390918820604	0.0005523490789560975	0.0
-0.00037818598181412285	0.0005474671709521476	0.0
-0.00037443673727071325	0.0005425852629481977	0.0
-0.00037030295482541554	0.0005375406246774495	0.0
-0.00036607303790464575	0.000532414621273302	0.0
-0.0003614585830819878	0.0005272886178691547	0.0
-0.00035674799378385786	0.0005220812493316082	0.0
-0.00035174900105931176	0.0005167111505272633	0.0
-0.00034665387385929356	0.0005113410517229184	0.0
-0.0003412703432328593	0.0005058895877851743	0.0
-0.00033579067813095307	0.0005003567587140311	0.0
-0.00033011874407810264	0.0004947425645094888	0.0
-0.0003242545410743082	0.0004890470051715472	0.0
-0.0003182942035950417	0.00048343281096700487	0.0
-0.0003122377316403032	0.00047765588649566416	0.0
-0.00030618125968556465	0.00047187896202432344	0.0
-0.00030002865325535403	0.0004661834026863819	0.0
-0.00029387604682514347	0.0004604064782150412	0.0
-0.00028772344039493285	0.00045479228401049885	0.0
-0.00028157083396472234	0.00044917808980595646	0.0
-0.00027551436200998376	0.0004437266258682124	0.0
-0.0002695540245307173	0.0004383565270638676	0.0
-0.00026368982152692277	0.00043314915852632105	0.0
-0.0002578256185231284	0.00042794178998877447	0.0
-0.00025215368447027795	0.00042289715171802626	0.0
-0.0002465778848928996	0.0004180152437140764	0.0
-0.0002410982197909933	0.000413377431110324	0.0
-0.00023561855468908703	0.0004088209836399708	0.0
-0.0002303311585381248	0.00040434590130301667	0.0
-0.0002251398968626346	0.00040003354923286096	0.0
-0.00021994863518714445	0.00039588392742950356	0.0
-0.00021494964246259834	0.00039173430562614616	0.0
-0.00020995064973805224	0.00038782877922298627	0.0
-0.0002050477914889782	0.0003839232528198263	0.0
-0.00020024106771537618	0.0003800990915500656	0.0
-0.0001955304784172462	0.000376356295413704	0.0
-0.00019091602359458826	0.00037261349927734244	0.0
-0.00018639770324740238	0.00036895206827438	0.0
-0.00018187938290021647	0.0003652906372714176	0.0
-0.00017745719702850262	0.000361547841135056	0.0
-0.00017313114563226081	0.00035780504499869443	0.0
-0.00016890122871149102	0.0003539808837289337	0.0
-0.00016467131179072125	0.00035007535732577377	0.0
-0.00016053752934542352	0.0003460884657892147	0.0
-0.00015640374690012579	0.0003419388439858573	0.0
-0.00015226996445482806	0.0003377078570491007	0.0
-0.00014823231648500236	0.0003333141398455458	0.0
-0.00014419466851517664	0.000328920422641991	0.0
-0.00014025315502082302	0.00032436397517163776	0.0
-0.0001362155070509973	0.00031980752770128444	0.0
-0.00013227399355664367	0.0003151697150975321	0.0
-0.00012833248006229001	0.0003104505373603805	0.0
-0.0001244871010434084	0.00030573135962322893	0.0
-0.00012073785649999883	0.0003011749121528757	0.0
-0.0001170847464320613	0.0002965370995491233	0.0
-0.0001135277708395958	0.0002919806520787701	0.0
-0.00011006692972260234	0.0002875055697418161	0.0
-0.00010670222308108093	0.0002831932176716603	0.0
-0.00010362591986597564	0.0002788808656015046	0.0
-0.00010054961665087036	0.00027473124379814715	0.0
-9.766558238670914e-05	0.000270662987128189	0.0
-9.506995154896406e-05	0.00026667609559162986	0.0
-9.257045518669101e-05	0.0002626892040550708	0.0
-9.026322777536205e-05	0.0002587836776519109	0.0
-8.814826931497715e-05	0.000254878151248751	0.0
-8.612944533006429e-05	0.0002510539899789903	0.0
-8.42067558206235e-05	0.0002473111938426287	0.0
-8.247633526212676e-05	0.00024356839770626709	0.0
-8.093818365457412e-05	0.00023990696670330466	0.0
-7.949616652249352e-05	0.00023616417056694308	0.0
-7.8246418341357e-05	0.00023266546983077903	0.0
-7.709280463569252e-05	0.00022908540396121573	0.0
-7.61314598809721e-05	0.00022574943349185	0.0
-7.536238407719579e-05	0.0002224948281558834	0.0
-7.459330827341947e-05	0.00021932158795331597	0.0
-7.42087703715313e-05	0.0002163110780175469	0.0
-7.382423246964313e-05	0.00021338193321517696	0.0
-7.363196351869906e-05	0.00021045278841280702	0.0
-7.343969456775498e-05	0.00020760500874383625	0.0
-7.343969456775498e-05	0.00020475722907486549	0.0
-7.343969456775498e-05	0.00020199081453929388	0.0
-7.334356009228293e-05	0.00019922440000372227	0.0
-7.334356009228293e-05	0.0001963766203347515	0.0
-7.32474256168109e-05	0.00019352884066578074	0.0
-7.315129114133885e-05	0.00019068106099680998	0.0
-7.295902219039478e-05	0.0001876705510610409	0.0
-7.27667532394507e-05	0.00018474140625867095	0.0
-7.257448428850662e-05	0.0001816495311895027	0.0
-7.228608086209048e-05	0.00017855765612033442	0.0
-7.199767743567437e-05	0.000175384415917767	0.0
-7.16131395337862e-05	0.00017221117571519957	0.0
-7.122860163189806e-05	0.00016879384011243465	0.0
-7.074792925453785e-05	0.00016529513937627057	0.0
-7.036339135264969e-05	0.0001617150735067073	0.0
-6.96904500243454e-05	0.00015797227737034575	0.0
-6.911364317151317e-05	0.00015406675096718583	0.0
-6.834456736773684e-05	0.00015007985943062675	0.0
-6.738322261301644e-05	0.00014593023762726935	0.0
-6.622960890735195e-05	0.0001416178855571136	0.0
-6.497986072621543e-05	0.00013738689862035706	0.0
-6.344170911866279e-05	0.00013299318141680213	0.0
-6.171128856016606e-05	0.0001285180990798481	0.0
-5.969246457525321e-05	0.0001238802864760957	0.0
-5.7577506114868325e-05	0.0001192424738723433	0.0
-5.527027870353935e-05	0.00011452329613519174	0.0
-5.267464786579426e-05	0.00010964138813124186	0.0
-5.007901702804918e-05	0.00010451538472709447	0.0
-4.738725171483205e-05	9.930801618954793e-05	0.0
-4.4599351926142875e-05	9.401928251860222e-05	0.0
-4.181145213745371e-05	8.8486453447459e-05	0.0
-3.9023552348764534e-05	8.29536243763158e-05	0.0
-3.633178703554741e-05	7.725806503837427e-05	0.0
-3.354388724685824e-05	7.16438708338319e-05	0.0
-3.085212193364111e-05	6.602967662928953e-05	0.0
-2.825649109589602e-05	6.065957782494466e-05	0.0
-2.5660860258150934e-05	5.545220928739812e-05	0.0
-2.29690949449338e-05	5.04075710166499e-05	0.0
-2.037346410718871e-05	4.5851123546296666e-05	0.0
-1.7681698793971583e-05	4.145740634274177e-05	0.0
-1.4989933480754455e-05	3.7470514806182694e-05	0.0
-1.2009764741121204e-05	3.3564988403022784e-05	0.0
-9.029596001487954e-06	2.990355740006037e-05	0.0
-5.7610238354385815e-06	2.6160761263698794e-05	0.0
-2.49245166938921e-06	2.2499330260736377e-05	0.0
1.1606583985483226e-06	1.8837899257773964e-05	0.0
4.909902941957895e-06	1.4932372854614053e-05	0.0
8.94755091178359e-06	1.0945481318054978e-05	0.0
1.2985198881609285e-05	6.633129247899246e-06	0.0
